run,mode,inject,inject_offset_ms,publish_delay_ms,injection_window,gateway_released,gate_blocked,stale_publish,potential_stale_publish,post_release_invalidation,injection_version,check_version,version_order,stale_exact,position_vs_middleware,residual_lo_ms,residual_hi_ms,t_middleware_ms,store_io_lo_ms,store_io_hi_ms,injection_store_lo_ms,injection_store_hi_ms,commit_status,commit_age_ms,outcome,reason,validation_to_gate_ms,validation_to_publish_ms,recheck_to_publish_ms,t_validate_end_ms,t_injection_start_ms,t_injection_end_ms,t_recheck_start_ms,t_recheck_end_ms,t_publish_end_ms
0,xair_atomic,1,0.0,50.0,before_recheck,0,1,0,0,0,2042,2042,before_check,0,,,,,60.98732631653547,65.49224629998207,11.078011244535446,12.525056023150682,changed,67.79296875,REVOKE,read_set_version_changed_at_commit,60.65095495432615,,,6.046683061867952,6.148003041744232,14.865576289594173,56.404910050332546,66.6976380161941,
1,xair_atomic,1,0.0,50.0,before_recheck,0,1,0,0,0,2044,2044,before_check,0,,,,,59.58445416763425,61.060163192451,10.80734422430396,12.160202022641897,changed,63.14697265625,REVOKE,read_set_version_changed_at_commit,57.4059272184968,,,5.043912213295698,5.240691360086203,14.501774217933416,55.569873191416264,62.4498394317925,
2,xair_atomic,1,0.0,50.0,before_recheck,0,1,0,0,0,2046,2046,before_check,0,,,,,57.90941184386611,59.24859410151839,8.789949119091034,10.04741806536913,changed,62.032958984375,REVOKE,read_set_version_changed_at_commit,55.7777127251029,,,4.615087062120438,4.74155368283391,12.208390980958939,55.011795833706856,60.39279978722334,
3,xair_atomic,1,0.0,50.0,before_recheck,0,1,0,0,0,2048,2048,before_check,0,,,,,58.576853945851326,60.00133603811264,9.910982102155685,11.124559212476015,changed,62.077880859375,REVOKE,read_set_version_changed_at_commit,56.0790179297328,,,5.018284078687429,5.169989075511694,13.456352986395359,55.430001113563776,61.09730200842023,
4,xair_atomic,1,0.0,50.0,before_recheck,0,1,0,0,0,2050,2050,before_check,0,,,,,58.28430503606796,59.34942327439785,9.409020189195871,10.59110788628459,changed,61.826904296875,REVOKE,read_set_version_changed_at_commit,55.51550118252635,,,4.890182986855507,4.982226062566042,12.438212055712938,55.209397338330746,60.40568416938186,
5,xair_atomic,1,0.0,50.0,before_recheck,0,1,0,0,0,2052,2052,before_check,0,,,,,60.34110393375158,62.04924779012799,9.631807915866375,10.856405831873417,changed,64.222900390625,REVOKE,read_set_version_changed_at_commit,59.22537995502353,,,5.251090973615646,5.429726094007492,13.901407830417156,56.11804174259305,64.47647092863917,
6,xair_atomic,1,0.0,50.0,before_recheck,0,1,0,0,0,2054,2054,before_check,0,,,,,59.99881215393543,62.08675820380449,11.622603051364422,12.918705120682716,changed,65.64697265625,REVOKE,read_set_version_changed_at_commit,57.732379995286465,,,5.675086285918951,5.9048873372375965,14.935648068785667,56.74460716545582,63.407466281205416,
7,xair_atomic,0,,50.0,control,1,0,0,0,0,,2055,control,0,,1.095654908567667,2.8907726518809795,61.22566293925047,58.33489028736949,60.1300080306828,,,committed,61.865966796875,EXECUTE,authorization_committed,56.11010594293475,56.128440890461206,0.018334947526454926,5.110356956720352,,,55.1996692083776,61.220462899655104,61.23879784718156
8,xair_atomic,0,,50.0,control,1,0,0,0,0,,2056,control,0,,1.0628839954733849,2.3429449647665024,59.790981002151966,57.448036037385464,58.72809700667858,,,committed,60.800048828125,EXECUTE,authorization_committed,54.93077402934432,54.94892783463001,0.018153805285692215,4.854216240346432,,,54.98588690534234,59.78499026969075,59.803144074976444
9,xair_atomic,0,,50.0,control,1,0,0,0,0,,2057,control,0,,0.9580068290233612,2.6807389222085476,60.3144527412951,57.63371381908655,59.35644591227174,,,committed,61.52294921875,EXECUTE,authorization_committed,55.52964797243476,55.54453609511256,0.01488812267780304,4.781027790158987,,,54.87243365496397,60.310675762593746,60.32556388527155
10,xair_atomic,0,,50.0,control,1,0,0,0,0,,2058,control,0,,1.2156106531620026,2.7469326741993427,60.80439267680049,58.05746000260115,59.58878202363849,,,committed,61.43701171875,EXECUTE,authorization_committed,55.659772362560034,55.68319512531161,0.023422762751579285,5.138649605214596,,,55.23669766262174,60.79842196777463,60.82184473052621
11,xair_atomic,1,0.0,50.0,before_recheck,0,1,0,0,0,2060,2060,before_check,0,,,,,57.78198316693306,59.62093314155936,9.568359237164259,10.573213919997215,changed,61.347900390625,REVOKE,read_set_version_changed_at_commit,56.381185073405504,,,4.313441924750805,4.499431233853102,12.87106517702341,54.85403025522828,60.69462699815631,
12,xair_atomic,1,0.0,50.0,before_recheck,0,1,0,0,0,2062,2062,before_check,0,,,,,58.88822814449668,60.48399209976196,10.698780417442322,11.739312205463648,changed,66.205078125,REVOKE,read_set_version_changed_at_commit,55.95621792599559,,,5.450695287436247,5.645350087434053,13.691314030438662,55.956879165023565,61.406913213431835,
13,xair_atomic,1,0.0,50.0,before_recheck,0,1,0,0,0,2064,2064,before_check,0,,,,,59.323464054614305,60.683014802634716,10.864690877497196,12.198673095554113,changed,63.097900390625,REVOKE,read_set_version_changed_at_commit,56.05169711634517,,,5.8144167996943,5.978445056825876,14.239782001823187,56.24084221199155,61.86611391603947,
14,xair_atomic,0,,50.0,control,1,0,0,0,0,,2065,control,0,,1.0185213759541512,2.4547851644456387,59.85288694500923,57.39810178056359,58.83436556905508,,,committed,61.4189453125,EXECUTE,authorization_committed,55.35401776432991,55.37275271490216,0.018734950572252274,4.49287798255682,,,54.575356654822826,59.84689574688673,59.86563069745898
15,xair_atomic,1,0.0,50.0,before_recheck,0,1,0,0,0,2067,2067,before_check,0,,,,,58.36081923916936,59.7761538811028,10.642344132065773,11.921474244445562,changed,61.217041015625,REVOKE,read_set_version_changed_at_commit,55.89961167424917,,,4.8382761888206005,5.087714176625013,14.31556511670351,55.41161587461829,60.73788786306977,
16,xair_atomic,1,0.0,50.0,before_recheck,0,1,0,0,0,2069,2069,before_check,0,,,,,63.027191907167435,64.49938286095858,13.44353798776865,14.633831102401018,changed,66.451904296875,REVOKE,read_set_version_changed_at_commit,56.85397190973163,,,8.793475106358528,8.992998860776424,16.639774199575186,59.27227810025215,65.64744701609015,
17,xair_atomic,1,0.0,50.0,before_recheck,0,1,0,0,0,2071,2071,before_check,0,,,,,59.905446134507656,61.025707982480526,11.731626931577921,13.143325690180063,changed,62.507080078125,REVOKE,read_set_version_changed_at_commit,56.55877897515893,,,5.769612733274698,6.089312955737114,15.401471871882677,56.50353478267789,62.32839170843363,
18,xair_atomic,1,0.0,50.0,before_recheck,0,1,0,0,0,2073,2073,before_check,0,,,,,57.1990292519331,58.61068703234196,9.037754032760859,10.017922148108482,changed,61.3701171875,REVOKE,read_set_version_changed_at_commit,55.06414407864213,,,4.572167061269283,4.7509921714663506,11.99792604893446,54.991708137094975,59.63631113991141,
19,xair_atomic,1,0.0,50.0,before_recheck,0,1,0,0,0,2075,2075,before_check,0,,,,,57.89424292743206,59.331830125302076,10.210223030298948,11.261375155299902,changed,61.14892578125,REVOKE,read_set_version_changed_at_commit,55.78049784526229,,,4.473111126571894,4.768004175275564,13.028630055487156,55.26588298380375,60.25360897183418,
20,xair_atomic,0,,50.0,control,1,0,0,0,0,,2076,control,0,,1.0346812196075916,2.2852770052850246,59.22613199800253,56.940854992717505,58.19145077839494,,,committed,60.486083984375,EXECUTE,authorization_committed,54.93416078388691,54.94833691045642,0.014176126569509506,4.289385862648487,,,54.36253780499101,59.2235466465354,59.237722773104906
21,xair_atomic,1,0.0,50.0,before_recheck,0,1,0,0,0,2078,2078,before_check,0,,,,,57.437727227807045,58.48932918161154,9.157707914710045,10.209552012383938,changed,60.487060546875,REVOKE,read_set_version_changed_at_commit,54.98370435088873,,,4.47668693959713,4.628372378647327,12.410009279847145,54.86659333109856,59.46039129048586,
22,xair_atomic,1,0.0,50.0,before_recheck,0,1,0,0,0,2080,2080,before_check,0,,,,,57.180033065378666,58.41455888003111,9.03706206008792,10.343141853809357,changed,60.554931640625,REVOKE,read_set_version_changed_at_commit,55.17449090257287,,,4.160644952207804,4.273495636880398,12.475241906940937,54.510234855115414,59.335135854780674,
23,xair_atomic,0,,50.0,control,1,0,0,0,0,,2081,control,0,,1.0410831309854984,2.2827228531241417,59.36196679249406,57.07924393936992,58.32088366150856,,,committed,60.14697265625,EXECUTE,authorization_committed,55.0996707752347,55.11746369302273,0.017792917788028717,4.257536958903074,,,54.29221596568823,59.35720773413777,59.3750006519258
24,xair_atomic,1,0.0,50.0,before_recheck,0,1,0,0,0,2083,2083,before_check,0,,,,,61.729827895760536,63.263004180043936,13.032516930252314,14.193054288625717,changed,65.0859375,REVOKE,read_set_version_changed_at_commit,55.83256483078003,,,8.496769238263369,8.634858299046755,15.866644214838743,58.82511893287301,64.3293340690434,
25,xair_atomic,1,0.0,50.0,before_recheck,0,1,0,0,0,2085,2085,before_check,0,,,,,59.486390091478825,60.621028766036034,10.312225203961134,11.481578927487135,changed,62.68603515625,REVOKE,read_set_version_changed_at_commit,55.9672387316823,,,5.764163099229336,5.965852178633213,13.711961917579174,56.26486707478762,61.731401830911636,
26,xair_atomic,1,0.0,50.0,before_recheck,0,1,0,0,0,2087,2087,before_check,0,,,,,57.662769220769405,59.0373482555151,10.15370711684227,11.358506977558136,changed,61.178955078125,REVOKE,read_set_version_changed_at_commit,55.39363203570247,,,4.696379881352186,4.853373859077692,13.37621221318841,55.10207498446107,60.09001191705465,
27,xair_atomic,1,0.0,50.0,before_recheck,0,1,0,0,0,2089,2089,before_check,0,,,,,57.832207065075636,59.17035695165396,9.258878417313099,10.304189752787352,changed,61.781005859375,REVOKE,read_set_version_changed_at_commit,55.694136302918196,,,4.551668651401997,4.669238813221455,12.423194944858551,54.903572890907526,60.24580495432019,
28,xair_atomic,0,,50.0,control,1,0,0,0,0,,2090,control,0,,1.0867789387702942,2.4300888180732727,61.57286465167999,59.14277583360672,60.4860857129097,,,committed,62.801025390625,EXECUTE,authorization_committed,55.9978261590004,56.02054903283715,0.022722873836755753,5.568355787545443,,,55.66797778010368,61.56618194654584,61.588904820382595
29,xair_atomic,1,0.0,50.0,before_recheck,0,1,0,0,0,2092,2092,before_check,0,,,,,57.94596020132303,59.06169302761555,9.050127118825912,10.18933393061161,changed,61.51904296875,REVOKE,read_set_version_changed_at_commit,55.18829682841897,,,4.851511213928461,4.982346203178167,12.238818220794201,55.237018037587404,60.03980804234743,
30,xair_atomic,1,0.0,50.0,before_recheck,0,1,0,0,0,2094,2094,before_check,0,,,,,57.88047797977924,59.08150086179376,9.135117288678885,10.472545865923166,changed,61.199951171875,REVOKE,read_set_version_changed_at_commit,55.620077066123486,,,4.619495943188667,4.739391151815653,12.890051119029522,54.988632909953594,60.23957300931215,
31,xair_atomic,1,0.0,50.0,before_recheck,0,1,0,0,0,2096,2096,before_check,0,,,,,57.31200100854039,58.77153901383281,9.096384048461914,10.18653903156519,changed,60.548095703125,REVOKE,read_set_version_changed_at_commit,55.2325714379549,,,4.458573646843433,4.578419029712677,12.314099818468094,54.76072570309043,59.691145084798336,
32,xair_atomic,0,,50.0,control,1,0,0,0,0,,2097,control,0,,1.0835430584847927,2.6530069299042225,60.03214372321963,57.37913679331541,58.94860066473484,,,committed,60.56201171875,EXECUTE,authorization_committed,55.572097189724445,55.588838178664446,0.016740988940000534,4.45638969540596,,,54.543517995625734,60.028486885130405,60.045227874070406
33,xair_atomic,0,,50.0,control,1,0,0,0,0,,2098,control,0,,0.8864030241966248,2.3507499136030674,60.767744202166796,58.41699428856373,59.88134117797017,,,committed,62.701904296875,EXECUTE,authorization_committed,55.124437902122736,55.13502797111869,0.010590068995952606,5.640711169689894,,,55.7181010954082,60.76514907181263,60.77573914080858
34,xair_atomic,1,0.0,50.0,before_recheck,0,1,0,0,0,2100,2100,before_check,0,,,,,57.42739699780941,58.58652200549841,9.187424089759588,10.385692119598389,changed,62.0380859375,REVOKE,read_set_version_changed_at_commit,55.071537848562,,,4.507485311478376,4.625076428055763,12.297108303755522,54.86367829144001,59.57902316004038,
35,xair_atomic,1,0.0,50.0,before_recheck,0,1,0,0,0,2102,2102,before_check,0,,,,,57.76584194973111,59.01592690497637,9.513304568827152,10.68904111161828,changed,61.26708984375,REVOKE,read_set_version_changed_at_commit,55.47070689499378,,,4.571584984660149,4.757613874971867,12.967664748430252,55.09282788261771,60.04229187965393,
36,xair_atomic,1,0.0,50.0,before_recheck,0,1,0,0,0,2104,2104,before_check,0,,,,,58.103776071220636,59.614259749650955,9.414610918611288,10.593201965093613,changed,62.2451171875,REVOKE,read_set_version_changed_at_commit,55.89550407603383,,,4.715264774858952,4.906593821942806,12.618571054190397,55.182536132633686,60.61076885089278,
37,xair_atomic,1,0.0,50.0,before_recheck,0,1,0,0,0,2106,2106,before_check,0,,,,,57.82016506418586,59.20571414753795,9.49800806120038,10.99427416920662,changed,61.152099609375,REVOKE,read_set_version_changed_at_commit,55.315414909273386,,,4.851111210882664,4.969432950019836,13.047907035797834,55.16173783689737,60.16652612015605,
38,xair_atomic,1,0.0,50.0,before_recheck,0,1,0,0,0,2108,2108,before_check,0,,,,,57.62837501242757,59.049380011856556,9.085484314709902,10.465612169355154,changed,61.176025390625,REVOKE,read_set_version_changed_at_commit,55.205580312758684,,,4.720835946500301,4.842895083129406,12.173125986009836,55.00703724101186,59.926416259258986,
39,xair_atomic,1,0.0,50.0,before_recheck,0,1,0,0,0,2110,2110,before_check,0,,,,,57.33097717165947,58.61330218613148,8.540060371160507,9.54557629302144,changed,61.343017578125,REVOKE,read_set_version_changed_at_commit,55.428097024559975,,,4.243520088493824,4.354598931968212,11.628704145550728,54.59907231852412,59.6716171130538,
40,xair_atomic,1,30.0,50.0,before_recheck,0,1,0,0,0,2112,2112,before_check,0,,,,,58.8137679733336,59.99376205727458,41.59976728260517,42.896229308098555,changed,63.7119140625,REVOKE,read_set_version_changed_at_commit,55.48466322943568,,,5.536586046218872,35.77167401090264,45.405115000903606,55.782873183488846,61.021249275654554,
41,xair_atomic,1,30.0,50.0,before_recheck,0,1,0,0,0,2114,2114,before_check,0,,,,,57.585112284868956,58.74683288857341,40.92845693230629,41.96688486263156,changed,61.216064453125,REVOKE,read_set_version_changed_at_commit,54.97312406077981,,,4.775788635015488,34.962284844368696,44.64016994461417,54.95560076087713,59.7489126957953,
42,xair_atomic,1,30.0,50.0,before_recheck,0,1,0,0,0,2116,2116,before_check,0,,,,,58.056707959622145,59.49929403141141,40.675962809473276,41.93309182301164,changed,61.884033203125,REVOKE,read_set_version_changed_at_commit,56.14832928404212,,,4.728709813207388,34.99106876552105,44.3454971536994,55.020653177052736,60.87703909724951,
43,xair_atomic,0,,50.0,control,1,0,0,0,0,,2117,control,0,,0.9820926934480667,2.145294565707445,59.749994892627,57.604700326919556,58.767902199178934,,,committed,60.821044921875,EXECUTE,authorization_committed,55.19671319052577,55.20829511806369,0.01158192753791809,4.54993499442935,,,54.63594105094671,59.74664818495512,59.75823011249304
44,xair_atomic,0,,50.0,control,1,0,0,0,0,,2118,control,0,,1.0164370760321617,2.5065517984330654,60.688554774969816,58.18200297653675,59.672117698937654,,,committed,62.7080078125,EXECUTE,authorization_committed,56.21934123337269,56.23177392408252,0.01243269070982933,4.465997684746981,,,54.54756459221244,60.68533891811967,60.6977716088295
45,xair_atomic,0,,50.0,control,1,0,0,0,0,,2119,control,0,,1.2941579334437847,2.8900611214339733,64.06921707093716,61.17915594950318,62.77505913749337,,,committed,64.89404296875,EXECUTE,authorization_committed,56.51255091652274,56.53320997953415,0.020659063011407852,7.551757153123617,,,57.65304109081626,64.06430806964636,64.08496713265777
46,xair_atomic,1,30.0,50.0,before_recheck,0,1,0,0,0,2121,2121,before_check,0,,,,,62.68083304166794,64.16702084243298,40.86455795913935,42.0823716558516,changed,66.530029296875,REVOKE,read_set_version_changed_at_commit,59.7126642242074,,,5.539030767977238,35.73306184262037,44.46754604578018,55.74208591133356,65.25169499218464,
47,xair_atomic,1,30.0,50.0,before_recheck,0,1,0,0,0,2123,2123,before_check,0,,,,,58.19063913077116,59.34301111847162,40.8428474329412,42.11101634427905,changed,61.6298828125,REVOKE,read_set_version_changed_at_commit,55.34245679154992,,,5.077855195850134,35.30003922060132,44.42348424345255,55.341735016554594,60.420311987400055,
48,xair_atomic,1,30.0,50.0,before_recheck,0,1,0,0,0,2125,2125,before_check,0,,,,,59.233915992081165,60.53875433281064,41.965552140027285,43.26626239344478,changed,62.798095703125,REVOKE,read_set_version_changed_at_commit,55.87531579658389,,,5.882565397769213,36.206279415637255,45.80923309549689,56.21969234198332,61.757881194353104,
49,xair_atomic,1,30.0,50.0,before_recheck,0,1,0,0,0,2127,2127,before_check,0,,,,,58.317997958511114,59.698587749153376,42.68415970727801,43.709803838282824,changed,62.26708984375,REVOKE,read_set_version_changed_at_commit,55.94284180551767,,,4.896956030279398,35.21523904055357,45.99378909915686,55.25504192337394,60.83979783579707,
50,xair_atomic,0,,50.0,control,1,0,0,0,0,,2128,control,0,,1.1324649676680565,2.3426651023328304,60.60823518782854,58.26557008549571,59.475770220160484,,,committed,60.864013671875,EXECUTE,authorization_committed,55.35196419805288,55.364718195050955,0.01275399699807167,5.253395065665245,,,55.33644510433078,60.60535926371813,60.6181132607162
51,xair_atomic,1,30.0,50.0,before_recheck,0,1,0,0,0,2130,2130,before_check,0,,,,,57.85101233050227,59.147014282643795,40.11418018490076,41.366249322891235,changed,61.35498046875,REVOKE,read_set_version_changed_at_commit,55.603906977921724,,,4.674178082495928,34.92824221029878,43.41947007924318,54.95414836332202,60.27808506041765,
52,xair_atomic,0,,50.0,control,1,0,0,0,0,,2131,control,0,,1.1501680128276348,2.5023347698152065,60.38434477522969,57.882010005414486,59.23417676240206,,,committed,61.705078125,EXECUTE,authorization_committed,55.54315308108926,55.55760022252798,0.01444714143872261,4.837854765355587,,,54.91824075579643,60.381007846444845,60.39545498788357
53,xair_atomic,1,30.0,50.0,before_recheck,0,1,0,0,0,2133,2133,before_check,0,,,,,57.709767017513514,58.85905306786299,40.82784801721573,41.58080089837313,changed,60.944091796875,REVOKE,read_set_version_changed_at_commit,54.58536697551608,,,5.270395893603563,35.43084394186735,43.58530091121793,55.426293052732944,59.855762869119644,
54,xair_atomic,1,30.0,50.0,before_recheck,0,1,0,0,0,2135,2135,before_check,0,,,,,56.9511242210865,58.11219196766615,39.041888900101185,40.22494796663523,changed,60.181884765625,REVOKE,read_set_version_changed_at_commit,54.332350846379995,,,4.680651240050793,34.84015725553036,42.63645224273205,54.85169589519501,59.01300208643079,
55,xair_atomic,1,30.0,50.0,before_recheck,0,1,0,0,0,2137,2137,before_check,0,,,,,58.513425290584564,60.00644573941827,40.67124519497156,41.707959957420826,changed,63.0009765625,REVOKE,read_set_version_changed_at_commit,55.764367803931236,,,5.229680333286524,35.53181421011686,43.6241440474987,55.54612819105387,60.99404813721776,
56,xair_atomic,1,30.0,50.0,before_recheck,0,1,0,0,0,2139,2139,before_check,0,,,,,57.98758799210191,59.304588939994574,41.08944907784462,42.3854598775506,changed,62.263916015625,REVOKE,read_set_version_changed_at_commit,55.096765980124474,,,5.234438925981522,35.46583978459239,44.175317976623774,55.51771493628621,60.331204906105995,
57,xair_atomic,1,30.0,50.0,before_recheck,0,1,0,0,0,2141,2141,before_check,0,,,,,58.044444769620895,59.40302414819598,40.62452679499984,41.54919181019068,changed,61.79296875,REVOKE,read_set_version_changed_at_commit,55.52606098353863,,,4.805083852261305,35.09847121313214,43.70450507849455,55.1367811858654,60.33114483579993,
58,xair_atomic,0,,50.0,control,1,0,0,0,0,,2142,control,0,,0.9392518550157547,2.0862240344285965,59.50841214507818,57.422188110649586,58.56916029006243,,,committed,61.06201171875,EXECUTE,authorization_committed,55.00166676938534,55.02138379961252,0.019717030227184296,4.50172508135438,,,54.583312943577766,59.50339185073972,59.5231088809669
59,xair_atomic,1,30.0,50.0,before_recheck,0,1,0,0,0,2144,2144,before_check,0,,,,,57.66875064000487,58.900190982967615,40.37213372066617,41.58239392563701,changed,61.655029296875,REVOKE,read_set_version_changed_at_commit,55.04588084295392,,,4.873010795563459,35.08521569892764,43.71155798435211,55.09146582335234,59.91889163851738,
60,xair_atomic,1,30.0,50.0,before_recheck,0,1,0,0,0,2146,2146,before_check,0,,,,,57.90866119787097,59.16009796783328,40.31913494691253,41.59874515607953,changed,61.547119140625,REVOKE,read_set_version_changed_at_commit,55.50096370279789,,,4.623654298484325,34.96137401089072,43.84898627176881,54.983644280582666,60.124618001282215,
61,xair_atomic,1,30.0,50.0,before_recheck,0,1,0,0,0,2148,2148,before_check,0,,,,,81.88302302733064,83.16075010225177,43.02027076482773,44.22678425908089,changed,85.875,REVOKE,read_set_version_changed_at_commit,82.00453221797943,,,5.0458647310733795,35.3685668669641,46.73105198889971,55.394324008375406,87.05039694905281,
62,xair_atomic,1,30.0,50.0,before_recheck,0,1,0,0,0,2150,2150,before_check,0,,,,,59.32599911466241,60.67905714735389,41.65678424760699,42.75954235345125,changed,63.712890625,REVOKE,read_set_version_changed_at_commit,56.59941537305713,,,5.522449035197496,35.76726512983441,45.25115620344877,55.75812608003616,62.12186440825462,
63,xair_atomic,0,,50.0,control,1,0,0,0,0,,2151,control,0,,1.2862831354141235,2.694284077733755,61.70364888384938,59.00936480611563,60.41736574843526,,,committed,63.280029296875,EXECUTE,authorization_committed,55.85466790944338,55.87503593415022,0.020368024706840515,5.844953935593367,,,55.93791278079152,61.699621845036745,61.719989869743586
64,xair_atomic,1,30.0,50.0,before_recheck,0,1,0,0,0,2153,2153,before_check,0,,,,,57.49952374026179,58.7976579554379,40.331977885216475,41.452920995652676,changed,61.47412109375,REVOKE,read_set_version_changed_at_commit,55.21939508616924,,,4.555034916847944,34.76793132722378,43.71358221396804,54.772276896983385,59.77443000301719,
65,xair_atomic,1,30.0,50.0,before_recheck,0,1,0,0,0,2155,2155,before_check,0,,,,,57.60907894000411,58.88268817216158,39.934213273227215,41.13364312797785,changed,60.5009765625,REVOKE,read_set_version_changed_at_commit,55.634234100580215,,,4.409471992403269,34.67174107208848,43.473031371831894,54.6937002800405,60.043706092983484,
66,xair_atomic,1,30.0,50.0,before_recheck,0,1,0,0,0,2157,2157,before_check,0,,,,,57.17491405084729,58.73411940410733,40.62953731045127,41.7154342867434,changed,60.54296875,REVOKE,read_set_version_changed_at_commit,55.370739195495844,,,4.6034459955990314,34.80984037742019,44.16038002818823,54.81302412226796,59.974185191094875,
67,xair_atomic,1,30.0,50.0,before_recheck,0,1,0,0,0,2159,2159,before_check,0,,,,,57.74076469242573,59.08795166760683,39.757299702614546,40.865499060600996,changed,60.89794921875,REVOKE,read_set_version_changed_at_commit,55.39587698876858,,,4.711737856268883,34.905608743429184,43.01345767453313,54.91341091692448,60.10761484503746,
68,xair_atomic,1,30.0,50.0,before_recheck,0,1,0,0,0,2161,2161,before_check,0,,,,,60.63724867999554,62.286813743412495,43.30657888203859,44.62567297741771,changed,65.884033203125,REVOKE,read_set_version_changed_at_commit,58.72766673564911,,,4.692703019827604,37.824274972081184,46.75121093168855,57.85465892404318,63.42036975547671,
69,xair_atomic,1,30.0,50.0,before_recheck,0,1,0,0,0,2163,2163,before_check,0,,,,,57.86652164533734,59.26582682877779,39.447609800845385,40.41165765374899,changed,61.985107421875,REVOKE,read_set_version_changed_at_commit,55.332446936517954,,,4.853344988077879,35.09676782414317,42.53274668008089,55.1209207624197,60.18579192459583,
70,xair_atomic,0,,50.0,control,1,0,0,0,0,,2164,control,0,,1.1921674013137817,2.7822800911962986,60.37783296778798,57.59555287659168,59.1856655664742,,,committed,61.64208984375,EXECUTE,authorization_committed,55.57418102398515,55.59066217392683,0.016481149941682816,4.799613729119301,,,54.87783486023545,60.37379475310445,60.39027590304613
71,xair_atomic,0,,50.0,control,1,0,0,0,0,,2165,control,0,,1.0584057308733463,2.3226779885590076,59.72062982618809,57.39795183762908,58.66222409531474,,,committed,61.0,EXECUTE,authorization_committed,55.17488205805421,55.191854014992714,0.016971956938505173,4.541028756648302,,,54.6260429546237,59.71591081470251,59.732882771641016
72,xair_atomic,1,30.0,50.0,before_recheck,0,1,0,0,0,2167,2167,before_check,0,,,,,57.3443821631372,58.81342804059386,40.899182204157114,42.28284815326333,changed,61.47998046875,REVOKE,read_set_version_changed_at_commit,54.921486880630255,,,5.002604331821203,35.24293238297105,44.545052107423544,55.24329002946615,59.92409121245146,
73,xair_atomic,0,,50.0,control,1,0,0,0,0,,2168,control,0,,1.178680919110775,2.5023543275892735,59.81490621343255,57.31255188584328,58.636225294321775,,,committed,60.51904296875,EXECUTE,authorization_committed,55.47092715278268,55.4889109916985,0.01798383891582489,4.338459111750126,,,54.41822297871113,59.809386264532804,59.82737010344863
74,xair_atomic,1,30.0,50.0,before_recheck,0,1,0,0,0,2170,2170,before_check,0,,,,,61.21739698573947,62.76845699176192,44.195807073265314,45.40916299447417,changed,67.26611328125,REVOKE,read_set_version_changed_at_commit,56.15114327520132,,,7.906391751021147,38.1534518674016,47.58188873529434,58.15113475546241,64.05753502622247,
75,xair_atomic,1,30.0,50.0,before_recheck,0,1,0,0,0,2172,2172,before_check,0,,,,,57.36934905871749,58.606550097465515,40.664222091436386,42.00100898742676,changed,61.06298828125,REVOKE,read_set_version_changed_at_commit,54.62194513529539,,,4.900743253529072,35.08263127878308,44.14485115557909,55.082960054278374,59.52268838882446,
76,xair_atomic,1,30.0,50.0,before_recheck,0,1,0,0,0,2174,2174,before_check,0,,,,,57.38049978390336,58.73848684132099,39.98750215396285,41.26658197492361,changed,60.73388671875,REVOKE,read_set_version_changed_at_commit,54.97171124443412,,,4.673706833273172,34.85195804387331,43.53155009448528,54.872233886271715,59.64541807770729,
77,xair_atomic,1,30.0,50.0,before_recheck,0,1,0,0,0,2176,2176,before_check,0,,,,,58.57532098889351,59.66747971251607,41.688733734190464,42.83116711303592,changed,62.863037109375,REVOKE,read_set_version_changed_at_commit,54.91112684831023,,,5.781556013971567,36.053983960300684,44.960771687328815,56.07571266591549,60.6926828622818,
78,xair_atomic,1,30.0,50.0,before_recheck,0,1,0,0,0,2178,2178,before_check,0,,,,,57.74004431441426,59.29799610748887,40.15716025605798,41.37672809883952,changed,61.47607421875,REVOKE,read_set_version_changed_at_commit,55.3209763020277,,,4.918246064335108,35.12155404314399,43.7249131500721,55.12686213478446,60.23922236636281,
79,xair_atomic,1,30.0,50.0,before_recheck,0,1,0,0,0,2180,2180,before_check,0,,,,,58.520026970654726,59.77208586409688,40.771192871034145,42.106376960873604,changed,62.58203125,REVOKE,read_set_version_changed_at_commit,55.86173105984926,,,5.033391993492842,35.3454640135169,44.37346011400223,55.364337749779224,60.895123053342104,
80,xair_atomic,1,40.0,50.0,before_recheck,0,1,0,0,0,2182,2182,before_check,0,,,,,61.49412598460913,62.72100796923041,50.80210929736495,52.10244795307517,changed,64.863037109375,REVOKE,read_set_version_changed_at_commit,58.649199083447456,,,5.1329792477190495,45.383915305137634,54.30355714634061,55.39607722312212,63.782178331166506,
81,xair_atomic,1,40.0,50.0,before_recheck,0,1,0,0,0,2184,2184,before_check,0,,,,,57.942523155361414,59.04012219980359,51.598513033241034,52.85206390544772,changed,61.636962890625,REVOKE,read_set_version_changed_at_commit,54.82032708823681,,,5.0703310407698154,45.400867238640785,55.30462507158518,55.41162611916661,59.890658129006624,
82,xair_atomic,0,,50.0,control,1,0,0,0,0,,2185,control,0,,0.8847303688526154,2.1593011915683746,60.253479052335024,58.09417786076665,59.36874868348241,,,committed,61.77587890625,EXECUTE,authorization_committed,55.09835900738835,55.114439222961664,0.016080215573310852,5.150891840457916,,,55.22642796859145,60.24925084784627,60.26533106341958
83,xair_atomic,1,40.0,50.0,before_recheck,0,1,0,0,0,2187,2187,before_check,0,,,,,59.63979801163077,60.86350325495005,53.76482708379626,54.91475434973836,changed,63.5390625,REVOKE,read_set_version_changed_at_commit,54.7062330879271,,,7.036949973553419,47.244996298104525,57.25725833326578,57.29967821389437,61.74318306148052,
84,xair_atomic,1,40.0,50.0,before_recheck,0,1,0,0,0,2189,2189,before_check,0,,,,,58.17229487001896,59.89438574761152,50.51941890269518,51.60584673285484,changed,62.89697265625,REVOKE,read_set_version_changed_at_commit,55.98947964608669,,,5.0492421723902225,45.24468397721648,53.636285942047834,55.30646909028292,61.038721818476915,
85,xair_atomic,0,,50.0,control,1,0,0,0,0,,2190,control,0,,1.0751867666840553,2.5199963711202145,59.93085401132703,57.410857640206814,58.85566724464297,,,committed,61.0830078125,EXECUTE,authorization_committed,55.18070328980684,55.19495019689202,0.014246907085180283,4.745943006128073,,,54.824866354465485,59.926646295934916,59.940893203020096
86,xair_atomic,1,40.0,50.0,before_recheck,0,1,0,0,0,2192,2192,before_check,0,,,,,57.846613228321075,59.377245139330626,50.478882156312466,51.797396037727594,changed,60.639892578125,REVOKE,read_set_version_changed_at_commit,55.75996031984687,,,4.583126865327358,44.920606072992086,54.144338238984346,55.090813897550106,60.34308718517423,
87,xair_atomic,0,,50.0,control,1,0,0,0,0,,2193,control,0,,1.1711777187883854,2.9047499410808086,60.511894058436155,57.60714411735535,59.34071633964777,,,committed,60.909912109375,EXECUTE,authorization_committed,55.82127394154668,55.83579186350107,0.014517921954393387,4.687343258410692,,,54.7658852301538,60.50861719995737,60.523135121911764
88,xair_atomic,1,40.0,50.0,before_recheck,0,1,0,0,0,2195,2195,before_check,0,,,,,57.83158587291837,59.2324729077518,50.679128151386976,51.91694013774395,changed,61.802978515625,REVOKE,read_set_version_changed_at_commit,55.45203294605017,,,4.702169913798571,45.075076166540384,53.98325575515628,55.102976970374584,60.15420285984874,
89,xair_atomic,0,,50.0,control,1,0,0,0,0,,2196,control,0,,1.2078061699867249,2.8210333548486233,60.67755492404103,57.85652156919241,59.46974875405431,,,committed,61.60400390625,EXECUTE,authorization_committed,55.98992109298706,56.00935826078057,0.019437167793512344,4.682633560150862,,,54.78128371760249,60.67255465313792,60.691991820931435
90,xair_atomic,0,,50.0,control,1,0,0,0,0,,2197,control,0,,0.8942172862589359,2.162446267902851,59.44230733439326,57.27986106649041,58.54809004813433,,,committed,60.408935546875,EXECUTE,authorization_committed,54.67876186594367,54.69154613092542,0.012784264981746674,4.760179203003645,,,54.83565619215369,59.438941068947315,59.45172533392906
91,xair_atomic,1,40.0,50.0,before_recheck,0,1,0,0,0,2199,2199,before_check,0,,,,,62.020954210311174,63.4870040230453,51.39127420261502,52.62427683919668,changed,66.22705078125,REVOKE,read_set_version_changed_at_commit,59.057826176285744,,,5.461414810270071,45.69418681785464,54.6264429576695,55.76278502121568,64.51924098655581,
92,xair_atomic,1,40.0,50.0,concurrent,0,1,0,0,0,2201,2201,before_check,0,,,,,57.66755808144808,58.85643931105733,52.785761188715696,54.07955823466182,changed,60.783935546875,REVOKE,read_set_version_changed_at_commit,54.60807913914323,,,5.131897050887346,45.31397530809045,56.50610011070967,55.28032034635544,59.739976190030575,
93,xair_atomic,1,40.0,50.0,before_recheck,0,1,0,0,0,2203,2203,before_check,0,,,,,56.91087804734707,58.2855767570436,49.68027491122484,51.26412585377693,changed,59.8359375,REVOKE,read_set_version_changed_at_commit,54.66769030317664,,,4.379234742373228,44.55442912876606,53.35270380601287,54.548006039112806,59.04692504554987,
94,xair_atomic,1,40.0,50.0,before_recheck,0,1,0,0,0,2205,2205,before_check,0,,,,,58.126889169216156,59.335717000067234,51.67313292622566,52.99941124394536,changed,62.14599609375,REVOKE,read_set_version_changed_at_commit,55.2938561886549,,,5.191428121179342,45.444298069924116,55.32095627859235,55.47509528696537,60.48528430983424,
95,xair_atomic,0,,50.0,control,1,0,0,0,0,,2206,control,0,,0.9768018499016762,2.634582109749317,60.78676879405975,58.152186684310436,59.80996694415808,,,committed,62.958984375,EXECUTE,authorization_committed,55.831202771514654,55.84673164412379,0.015528872609138489,4.951308015733957,,,55.030911695212126,60.78251078724861,60.79803965985775
96,xair_atomic,1,40.0,50.0,before_recheck,0,1,0,0,0,2208,2208,before_check,0,,,,,58.104648254811764,59.404537081718445,50.35373801365495,51.337304059416056,changed,61.241943359375,REVOKE,read_set_version_changed_at_commit,54.99074561521411,,,5.415810272097588,45.63353396952152,53.558730985969305,55.64100714400411,60.4065558873117,
97,xair_atomic,1,40.0,50.0,before_recheck,0,1,0,0,0,2210,2210,before_check,0,,,,,56.781204883009195,58.45487490296364,49.398455768823624,50.71589816361666,changed,59.985107421875,REVOKE,read_set_version_changed_at_commit,55.340242106467485,,,4.186152946203947,44.32351607829332,53.06047620251775,54.30651316419244,59.52639505267143,
98,xair_atomic,1,40.0,50.0,before_recheck,0,1,0,0,0,2212,2212,before_check,0,,,,,57.50994198024273,59.24913473427296,50.77566904947162,51.827712915837765,changed,60.587890625,REVOKE,read_set_version_changed_at_commit,55.28367590159178,,,4.9368711188435555,45.11065175756812,54.0605210699141,55.11286482214928,60.22054702043533,
99,xair_atomic,1,40.0,50.0,before_recheck,0,1,0,0,0,2214,2214,before_check,0,,,,,58.095290791243315,59.392723720520735,50.93245394527912,52.01907176524401,changed,61.60009765625,REVOKE,read_set_version_changed_at_commit,55.3811090067029,,,5.187851842492819,45.37435760721564,54.50698873028159,55.37874484434724,60.56896084919572,
100,xair_atomic,1,40.0,50.0,before_recheck,0,1,0,0,0,2216,2216,before_check,0,,,,,58.571092784404755,59.96136087924242,52.002741023898125,53.129815962165594,changed,61.568115234375,REVOKE,read_set_version_changed_at_commit,55.53819425404072,,,5.502010695636272,45.86033895611763,55.59282563626766,55.865476839244366,61.04020494967699,
101,xair_atomic,0,,50.0,control,1,0,0,0,0,,2217,control,0,,1.1307811364531517,2.5828350335359573,60.6941650621593,58.11133002862334,59.56338392570615,,,committed,62.0810546875,EXECUTE,authorization_committed,55.67201506346464,55.68632110953331,0.014306046068668365,5.018563941121101,,,55.10064214468002,60.69057900458574,60.70488505065441
102,xair_atomic,1,40.0,50.0,before_recheck,0,1,0,0,0,2219,2219,before_check,0,,,,,57.303745765239,58.632087893784046,50.07638782262802,51.284714601933956,changed,61.656982421875,REVOKE,read_set_version_changed_at_commit,54.79656206443906,,,4.790827631950378,45.06322368979454,53.372642025351524,55.06851291283965,59.58738969638944,
103,xair_atomic,1,40.0,50.0,before_recheck,0,1,0,0,0,2221,2221,before_check,0,,,,,57.68343806266785,58.913304936140776,50.517575815320015,51.663666032254696,changed,62.43408203125,REVOKE,read_set_version_changed_at_commit,55.37862377241254,,,4.552640952169895,44.84856082126498,54.097020998597145,54.86515164375305,59.931264724582434,
104,xair_atomic,1,40.0,50.0,before_recheck,0,1,0,0,0,2223,2223,before_check,0,,,,,58.12586843967438,59.310791082680225,50.78531801700592,51.82125139981508,changed,61.487060546875,REVOKE,read_set_version_changed_at_commit,55.15257967635989,,,5.029766354709864,45.27234612032771,54.197078105062246,55.305167101323605,60.182346031069756,
105,xair_atomic,1,40.0,50.0,before_recheck,0,1,0,0,0,2225,2225,before_check,0,,,,,57.267297990620136,58.31793788820505,49.87297672778368,50.86361477151513,changed,61.14794921875,REVOKE,read_set_version_changed_at_commit,54.24254294484854,,,4.914098884910345,45.08448392152786,53.0941691249609,55.08799897506833,59.15664182975888,
106,xair_atomic,1,40.0,50.0,before_recheck,0,1,0,0,0,2227,2227,before_check,0,,,,,57.956540025770664,59.45386923849583,50.371121149510145,52.690641954541206,changed,62.5048828125,REVOKE,read_set_version_changed_at_commit,55.492067243903875,,,4.955926910042763,45.22116016596556,55.030161049216986,55.24800904095173,60.44799415394664,
107,xair_atomic,1,40.0,50.0,before_recheck,0,1,0,0,0,2229,2229,before_check,0,,,,,58.91254264861345,60.1924336515367,52.288636565208435,53.53689892217517,changed,62.64501953125,REVOKE,read_set_version_changed_at_commit,56.43899319693446,,,4.768484737724066,46.59312264993787,55.55650778114796,56.59769056364894,61.20747793465853,
108,xair_atomic,1,40.0,50.0,before_recheck,0,1,0,0,0,2231,2231,before_check,0,,,,,57.463225442916155,58.72272839769721,50.518558360636234,51.83178139850497,changed,60.7958984375,REVOKE,read_set_version_changed_at_commit,54.56196190789342,,,4.9450271762907505,45.217874459922314,53.96041413769126,55.22343423217535,59.50698908418417,
109,xair_atomic,1,40.0,50.0,before_recheck,0,1,0,0,0,2233,2233,before_check,0,,,,,57.966227643191814,59.203178621828556,49.26973395049572,50.28950655832887,changed,61.68701171875,REVOKE,read_set_version_changed_at_commit,56.002515368163586,,,4.1495636105537415,44.39742490649223,52.499452605843544,54.43375185132027,60.15207897871733,
110,xair_atomic,0,,50.0,control,1,0,0,0,0,,2234,control,0,,1.207845751196146,2.94534582644701,60.87364302948117,57.92829720303416,59.66579727828503,,,committed,61.429931640625,EXECUTE,authorization_committed,56.14221701398492,56.160160806030035,0.017943792045116425,4.726817365735769,,,54.819425102323294,60.86903437972069,60.886978171765804
111,xair_atomic,1,40.0,50.0,before_recheck,0,1,0,0,0,2236,2236,before_check,0,,,,,58.29416308552027,59.41400397568941,50.75377784669399,52.038948982954025,changed,62.111083984375,REVOKE,read_set_version_changed_at_commit,55.22117903456092,,,5.195715930312872,45.489031821489334,54.244567174464464,55.50851812586188,60.41689496487379,
112,xair_atomic,1,40.0,50.0,before_recheck,0,1,0,0,0,2238,2238,before_check,0,,,,,56.797676254063845,58.251562993973494,48.91105089336634,50.036572851240635,changed,59.990966796875,REVOKE,read_set_version_changed_at_commit,54.55044098198414,,,4.491906147450209,44.641693122684956,52.531563211232424,54.64314389973879,59.04234712943435,
113,xair_atomic,1,40.0,50.0,before_recheck,0,1,0,0,0,2240,2240,before_check,0,,,,,58.4013550542295,59.67390164732933,50.55553698912263,51.921278703957796,changed,61.864990234375,REVOKE,read_set_version_changed_at_commit,55.68938795477152,,,5.091601051390171,45.36546068266034,54.131324868649244,55.43824564665556,60.78098900616169,
114,xair_atomic,0,,50.0,control,1,0,0,0,0,,2241,control,0,,1.2069540098309517,2.662274055182934,61.81062012910843,59.148346073925495,60.60366611927748,,,committed,62.85009765625,EXECUTE,authorization_committed,56.422792840749025,56.440466083586216,0.017673242837190628,5.383478943258524,,,55.48021476715803,61.80627178400755,61.82394502684474
115,xair_atomic,1,40.0,50.0,concurrent,0,1,0,0,0,2243,2243,before_check,0,,,,,58.271349873393774,59.55542903393507,52.67828889191151,53.897575940936804,changed,61.64501953125,REVOKE,read_set_version_changed_at_commit,55.389254819601774,,,4.9985661171376705,47.09542589262128,56.23393785208464,55.40991295129061,60.387820936739445,
116,xair_atomic,1,40.0,50.0,before_recheck,0,1,0,0,0,2245,2245,before_check,0,,,,,58.13805107027292,59.366646222770214,51.23371910303831,52.33616707846522,changed,61.43505859375,REVOKE,read_set_version_changed_at_commit,55.48840994015336,,,5.236714147031307,45.48214981332421,54.70837699249387,55.49082485958934,60.72512408718467,
117,xair_atomic,1,40.0,50.0,before_recheck,0,1,0,0,0,2247,2247,before_check,0,,,,,57.45973810553551,58.81645390763879,50.88330199941993,52.13664285838604,changed,60.6689453125,REVOKE,read_set_version_changed_at_commit,54.81281317770481,,,4.791358020156622,44.983313884586096,54.371816106140614,54.98852301388979,59.60417119786143,
118,xair_atomic,0,,50.0,control,1,0,0,0,0,,2248,control,0,,1.284319907426834,2.854845952242613,61.20061594992876,58.34576999768615,59.916296042501926,,,committed,61.906982421875,EXECUTE,authorization_committed,55.700899101793766,55.72066595777869,0.019766855984926224,5.495307967066765,,,55.593197233974934,61.19620706886053,61.21597392484546
119,xair_atomic,1,40.0,50.0,before_recheck,0,1,0,0,0,2250,2250,before_check,0,,,,,57.81399318948388,59.13176480680704,50.08932203054428,51.31715489551425,changed,60.966064453125,REVOKE,read_set_version_changed_at_commit,55.87833188474178,,,4.423066973686218,44.728945940732956,53.72009286656976,54.767978843301535,60.301398858428,
120,xair_atomic,1,45.0,50.0,concurrent,0,1,0,0,0,2252,2252,before_check,0,,,,,59.0124512091279,60.440950095653534,56.33864505216479,57.64404404908419,changed,62.613037109375,REVOKE,read_set_version_changed_at_commit,56.52547534555197,,,4.885634873062372,50.20576994866133,60.20924588665366,55.21654011681676,61.41111021861434,
121,xair_atomic,1,45.0,50.0,concurrent,0,1,0,0,0,2254,2254,before_check,0,,,,,57.570996694266796,59.05205477029085,55.112133733928204,56.21152697131038,changed,61.10693359375,REVOKE,read_set_version_changed_at_commit,55.20662106573582,,,4.906273912638426,50.14684982597828,58.599956799298525,55.145998019725084,60.11289497837424,
122,xair_atomic,1,45.0,50.0,concurrent,0,1,0,0,0,2256,2256,before_check,0,,,,,57.49506363645196,58.94912173971534,55.16754789277911,56.264645885676146,changed,60.9130859375,REVOKE,read_set_version_changed_at_commit,55.07657676935196,,,4.8003848642110825,49.98507583513856,58.45048697665334,54.99075585976243,59.87696163356304,
123,xair_atomic,1,45.0,50.0,concurrent,0,1,0,0,0,2258,2258,before_check,0,,,,,58.62019583582878,59.8073429428041,56.14576395601034,57.20341810956597,changed,63.0029296875,REVOKE,read_set_version_changed_at_commit,55.659330915659666,,,5.1429178565740585,50.49675703048706,59.847929049283266,55.53758284077048,60.802248772233725,
124,xair_atomic,1,45.0,50.0,concurrent,0,1,0,0,0,2260,2260,before_check,0,,,,,59.11301914602518,60.361681040376425,56.878556963056326,58.03368426859379,changed,62.823974609375,REVOKE,read_set_version_changed_at_commit,55.925470776855946,,,5.452337209135294,50.71584694087505,60.05963496863842,55.720604956150055,61.37780798599124,
125,xair_atomic,1,45.0,50.0,concurrent,0,1,0,0,0,2262,2262,before_check,0,,,,,59.37101412564516,60.498328413814306,56.67543737217784,58.16093413159251,changed,62.23291015625,REVOKE,read_set_version_changed_at_commit,56.69513437896967,,,4.671602975577116,49.97716238722205,60.2879342623055,54.97639998793602,61.366737354546785,
126,xair_atomic,0,,50.0,control,1,0,0,0,0,,2263,control,0,,0.9406940080225468,2.2120592184364796,59.8766622133553,57.66460299491882,58.935968205332756,,,committed,61.468994140625,EXECUTE,authorization_committed,55.286040995270014,55.30108930543065,0.015048310160636902,4.587626084685326,,,54.66439528390765,59.87366707995534,59.888715390115976
127,xair_atomic,1,45.0,50.0,concurrent,0,1,0,0,0,2265,2265,before_check,0,,,,,58.085802011191845,59.54372696578503,55.88098568841815,56.86028301715851,changed,61.595947265625,REVOKE,read_set_version_changed_at_commit,55.8303720317781,,,4.949274007230997,50.17874902114272,59.171237982809544,55.18551170825958,60.779646039009094,
128,xair_atomic,1,45.0,50.0,concurrent,0,1,0,0,0,2267,2267,before_check,0,,,,,58.28673858195543,59.48374466970563,55.968970991671085,57.22628999501467,changed,61.90087890625,REVOKE,read_set_version_changed_at_commit,55.447915103286505,,,4.9564167857170105,50.23028561845422,59.385469648987055,55.18374778330326,60.404331889003515,
129,xair_atomic,1,45.0,50.0,concurrent,0,1,0,0,0,2269,2269,before_check,0,,,,,57.98385106027126,59.01194969192147,55.60239404439926,56.59697996452451,changed,61.77587890625,REVOKE,read_set_version_changed_at_commit,55.53338397294283,,,4.523986950516701,50.00686692073941,59.24798268824816,54.979785811156034,60.05737092345953,
130,xair_atomic,1,45.0,50.0,concurrent,0,1,0,0,0,2271,2271,before_check,0,,,,,58.37598675861955,59.81060769408941,55.853425059467554,57.051682844758034,changed,62.179931640625,REVOKE,read_set_version_changed_at_commit,56.21469300240278,,,4.725944716483355,50.08935183286667,59.815787710249424,55.12273404747248,60.94063771888614,
131,xair_atomic,1,45.0,50.0,concurrent,0,1,0,0,0,2273,2273,before_check,0,,,,,58.75477800145745,60.15117699280381,56.379762943834066,57.35368002206087,changed,61.7529296875,REVOKE,read_set_version_changed_at_commit,56.4769939519465,,,4.704054910689592,50.03212485462427,59.77721605449915,55.05889467895031,61.18104886263609,
132,xair_atomic,0,,50.0,control,1,0,0,0,0,,2274,control,0,,1.109411008656025,2.140986267477274,60.38339203223586,58.24240576475859,59.273981023579836,,,committed,62.1669921875,EXECUTE,authorization_committed,55.09114498272538,55.10973883792758,0.01859385520219803,5.286978092044592,,,55.37752201780677,60.378123074769974,60.39671692997217
133,xair_atomic,0,,50.0,control,1,0,0,0,0,,2275,control,0,,0.8086473681032658,2.2152760066092014,60.64253905788064,58.42726305127144,59.833891689777374,,,committed,62.22705078125,EXECUTE,authorization_committed,55.33492285758257,55.35092297941446,0.01600012183189392,5.303708836436272,,,55.38227083161473,60.63863169401884,60.654631815850735
134,xair_atomic,1,45.0,50.0,concurrent,0,1,0,0,0,2277,2277,before_check,0,,,,,57.8377665951848,59.45593258365989,55.00836996361613,55.9969637542963,changed,61.485107421875,REVOKE,read_set_version_changed_at_commit,56.18458613753319,,,4.639853723347187,49.902370665222406,58.275618590414524,54.924461990594864,60.824439860880375,
135,xair_atomic,1,45.0,50.0,concurrent,0,1,0,0,0,2279,2279,before_check,0,,,,,57.543475180864334,58.61230008304119,54.88940607756376,56.18467601016164,changed,61.0458984375,REVOKE,read_set_version_changed_at_commit,55.0478040240705,,,4.767011851072311,50.050158984959126,58.64293780177832,55.07171805948019,59.81481587514281,
136,xair_atomic,0,,50.0,control,1,0,0,0,0,,2280,control,0,,1.0011577978730202,2.1287826821208,60.03740383312106,57.90862115100026,59.03624603524804,,,committed,60.89404296875,EXECUTE,authorization_committed,54.957724176347256,54.9729629419744,0.015238765627145767,5.075701978057623,,,55.16440328210592,60.03342615440488,60.048664920032024
137,xair_atomic,1,45.0,50.0,concurrent,0,1,0,0,0,2282,2282,before_check,0,,,,,57.96427512541413,59.26802987232804,55.61114987358451,57.01430281624198,changed,61.01611328125,REVOKE,read_set_version_changed_at_commit,55.74078392237425,,,4.418949130922556,50.17589405179024,59.006218798458576,55.17787812277675,60.159733053296804,
138,xair_atomic,0,,50.0,control,1,0,0,0,0,,2283,control,0,,1.1024377308785915,2.358163706958294,60.10228581726551,57.74412211030722,58.99984808638692,,,committed,61.007080078125,EXECUTE,authorization_committed,55.2907302044332,55.31827127560973,0.02754107117652893,4.804522730410099,,,54.89879380911589,60.0952529348433,60.12279400601983
139,xair_atomic,1,45.0,50.0,concurrent,0,1,0,0,0,2285,2285,before_check,0,,,,,57.739504147320986,59.040112886577845,55.056901182979345,56.02478701621294,changed,61.695068359375,REVOKE,read_set_version_changed_at_commit,55.53024914115667,,,4.458494018763304,49.73834427073598,58.37488500401378,54.7748520039022,59.98874315991998,
140,xair_atomic,1,45.0,50.0,concurrent,0,1,0,0,0,2287,2287,before_check,0,,,,,58.27979603782296,59.51113626360893,55.86040811613202,56.89583998173475,changed,62.55810546875,REVOKE,read_set_version_changed_at_commit,55.19706290215254,,,4.990111105144024,50.191684160381556,59.32019790634513,55.18838716670871,60.18717400729656,
141,xair_atomic,1,45.0,50.0,concurrent,0,1,0,0,0,2289,2289,before_check,0,,,,,60.78310217708349,62.0924080722034,58.37710900232196,59.55587001517415,changed,64.455078125,REVOKE,read_set_version_changed_at_commit,58.44594817608595,,,4.695989191532135,51.05844000354409,61.99301220476627,56.08775420114398,63.141937367618084,
142,xair_atomic,1,45.0,50.0,concurrent,0,1,0,0,0,2291,2291,before_check,0,,,,,58.48486116155982,59.71149215474725,56.07395898550749,57.22695216536522,changed,62.22900390625,REVOKE,read_set_version_changed_at_commit,55.40210800245404,,,5.177211947739124,50.380147993564606,59.54167386516929,55.39447395130992,60.57931995019317,
143,xair_atomic,1,45.0,50.0,concurrent,0,1,0,0,0,2293,2293,before_check,0,,,,,59.12489164620638,60.11569080874324,56.70427065342665,57.80487600713968,changed,62.922119140625,REVOKE,read_set_version_changed_at_commit,55.713952984660864,,,5.401512607932091,50.65121594816446,60.23873062804341,55.64220901578665,61.115465592592955,
144,xair_atomic,1,45.0,50.0,concurrent,0,1,0,0,0,2295,2295,before_check,0,,,,,57.64115881174803,59.02919266372919,55.3265567868948,56.34815292432904,changed,61.972900390625,REVOKE,read_set_version_changed_at_commit,55.23910280317068,,,4.743828903883696,49.988573882728815,58.665009681135416,55.01343961805105,59.98293170705438,
145,xair_atomic,0,,50.0,control,1,0,0,0,0,,2296,control,0,,1.2561059556901455,2.467297948896885,60.95884181559086,58.49154386669397,59.70273585990071,,,committed,62.073974609375,EXECUTE,authorization_committed,55.735633708536625,55.75169390067458,0.01606019213795662,5.219581071287394,,,55.31207891181111,60.95521477982402,60.971274971961975
146,xair_atomic,1,45.0,50.0,concurrent,0,1,0,0,0,2298,2298,before_check,0,,,,,57.663559913635254,58.6693468503654,55.57104479521513,56.620263028889894,changed,60.7548828125,REVOKE,read_set_version_changed_at_commit,55.086866952478886,,,4.517383873462677,49.79042103514075,58.866556733846664,54.78862673044205,59.60425082594156,
147,xair_atomic,0,,50.0,control,1,0,0,0,0,,2299,control,0,,1.0119881480932236,2.340740989893675,59.88953588530421,57.54879489541054,58.87754773721099,,,committed,61.157958984375,EXECUTE,authorization_committed,55.21450564265251,55.23680802434683,0.022302381694316864,4.671202972531319,,,54.7572486102581,59.88570861518383,59.90801099687815
148,xair_atomic,0,,50.0,control,1,0,0,0,0,,2300,control,0,,1.0161558166146278,2.390543930232525,59.767075814306736,57.37653188407421,58.75091999769211,,,committed,60.512939453125,EXECUTE,authorization_committed,55.40984310209751,55.431332904845476,0.02148980274796486,4.352654796093702,,,54.51102601364255,59.762497898191214,59.78398770093918
149,xair_atomic,1,45.0,50.0,concurrent,0,1,0,0,0,2302,2302,before_check,0,,,,,59.02931233868003,60.555285308510065,56.20624730363488,57.27670527994633,changed,62.8740234375,REVOKE,read_set_version_changed_at_commit,56.192842312157154,,,5.3213220089674,50.63205026090145,59.48405619710684,55.84770441055298,61.514164321124554,
150,xair_atomic,1,45.0,50.0,concurrent,0,1,0,0,0,2304,2304,before_check,0,,,,,57.65699874609709,59.40483696758747,54.650097619742155,55.83609268069267,changed,60.9208984375,REVOKE,read_set_version_changed_at_commit,55.95645820721984,,,4.46793157607317,49.820567946881056,58.88765677809715,54.84569491818547,60.42438978329301,
151,xair_atomic,1,45.0,50.0,concurrent,0,1,0,0,0,2306,2306,before_check,0,,,,,58.495490811765194,59.878645930439234,56.09466787427664,57.22292372956872,changed,62.3759765625,REVOKE,read_set_version_changed_at_commit,56.71935901045799,,,4.528835881501436,49.84144680202007,59.7697920165956,54.87275589257479,61.24819489195943,
152,xair_atomic,1,45.0,50.0,concurrent,0,1,0,0,0,2308,2308,before_check,0,,,,,56.99431523680687,58.67901537567377,54.389799013733864,55.572137236595154,changed,60.381103515625,REVOKE,read_set_version_changed_at_commit,55.51516078412533,,,4.227690398693085,49.485499039292336,58.11462597921491,54.483325220644474,59.74285118281841,
153,xair_atomic,1,45.0,50.0,concurrent,0,1,0,0,0,2310,2310,before_check,0,,,,,60.29474688693881,61.65838520973921,56.729348842054605,58.675198815763,changed,63.7470703125,REVOKE,read_set_version_changed_at_commit,58.1994759850204,,,4.664551001042128,49.99003605917096,61.6974881850183,55.02125388011336,62.86402698606253,
154,xair_atomic,1,45.0,50.0,concurrent,0,1,0,0,0,2312,2312,before_check,0,,,,,58.10194183140993,59.57768112421036,55.678906850516796,56.84155784547329,changed,61.818115234375,REVOKE,read_set_version_changed_at_commit,56.107190903276205,,,4.542490933090448,49.856374971568584,59.521705843508244,54.8832849599421,60.64968183636665,
155,xair_atomic,1,45.0,50.0,concurrent,0,1,0,0,0,2314,2314,before_check,0,,,,,57.39039834588766,58.35619010031223,54.95817540213466,56.154299061745405,changed,60.886962890625,REVOKE,read_set_version_changed_at_commit,54.46553090587258,,,4.632069263607264,49.81687106192112,58.34313528612256,54.84424205496907,59.09760016947985,
156,xair_atomic,1,45.0,50.0,concurrent,0,1,0,0,0,2316,2316,before_check,0,,,,,58.91389586031437,60.375697910785675,56.02821288630366,57.49675817787647,changed,63.156005859375,REVOKE,read_set_version_changed_at_commit,56.53309961780906,,,4.96100727468729,50.25228811427951,60.310165863484144,55.272094905376434,61.49410689249635,
157,xair_atomic,0,,50.0,control,1,0,0,0,0,,2317,control,0,,0.8666249923408031,2.2079618647694588,60.09091390296817,57.88295203819871,59.224288910627365,,,committed,61.56591796875,EXECUTE,authorization_committed,55.028748232871294,55.04302494227886,0.014276709407567978,5.059791728854179,,,55.1351779140532,60.08853996172547,60.10281667113304
158,xair_atomic,0,,50.0,control,1,0,0,0,0,,2318,control,0,,1.2220232747495174,2.9042591340839863,61.59824226051569,58.693983126431704,60.37621898576617,,,committed,62.0849609375,EXECUTE,authorization_committed,56.82993680238724,56.85292975977063,0.02299295738339424,4.763596225529909,,,54.86202519387007,61.59353302791715,61.61652598530054
159,xair_atomic,1,45.0,50.0,concurrent,0,1,0,0,0,2320,2320,before_check,0,,,,,60.266764368861914,61.83766108006239,57.23743140697479,58.88657411560416,changed,64.077880859375,REVOKE,read_set_version_changed_at_commit,57.7962901443243,,,5.253775045275688,50.54086912423372,61.56528042629361,55.56849017739296,63.05006518959999,
160,xair_atomic,0,,50.0,control,1,0,0,0,0,,2321,control,0,,1.3163699768483639,2.890082076191902,63.80128487944603,60.91120280325413,62.484914902597666,,,committed,64.449951171875,EXECUTE,authorization_committed,58.72606439515948,58.755078352987766,0.02901395782828331,5.067846737802029,,,55.14936475083232,63.79391113296151,63.822925090789795
161,xair_atomic,1,50.0,50.0,concurrent,0,1,0,0,0,2323,2323,before_check,0,,,,,64.90501528605819,66.3934969343245,62.12537083774805,63.634651713073254,changed,69.070068359375,REVOKE,read_set_version_changed_at_commit,62.370589934289455,,,5.179686937481165,55.39199989289045,66.25248258933425,55.74026284739375,67.55027687177062,
162,xair_atomic,1,50.0,50.0,concurrent,1,0,0,0,1,2325,2324,after_check,0,after_middleware,1.4897952787578106,2.958801109343767,63.99703212082386,61.03823101148009,62.50723684206605,65.40631502866745,66.75436394289136,committed,64.6279296875,EXECUTE,authorization_committed,58.267444372177124,58.2870002835989,0.019555911421775818,5.724658723920584,55.97459292039275,69.49719972908497,56.5915796905756,63.99210309609771,64.01165900751948
163,xair_atomic,0,,50.0,control,1,0,0,0,0,,2326,control,0,,1.1012558825314045,2.4728290736675262,60.343287885189056,57.87045881152153,59.24203200265765,,,committed,62.281982421875,EXECUTE,authorization_committed,55.43583212420344,55.449587758630514,0.013755634427070618,4.903899040073156,,,54.978413973003626,60.3397311642766,60.35348679870367
164,xair_atomic,1,50.0,50.0,concurrent,1,0,0,0,1,2328,2327,after_check,0,after_middleware,1.1051627807319164,2.415600698441267,60.41033286601305,57.99473216757178,59.305170085281134,61.33088981732726,62.52477876842022,committed,61.549072265625,EXECUTE,authorization_committed,55.692282039672136,55.702632293105125,0.01035025343298912,4.715054761618376,54.915966000407934,64.330677036196,55.057382211089134,60.40733680129051,60.4176870547235
165,xair_atomic,1,50.0,50.0,concurrent,0,1,0,0,0,2330,2330,before_check,0,,,,,65.60011766850948,66.70321756973863,63.345849979668856,64.32493589818478,changed,70.324951171875,REVOKE,read_set_version_changed_at_commit,62.13025003671646,,,5.432780832052231,55.64515385776758,66.67947256937623,57.83120496198535,67.56303086876869,
166,xair_atomic,1,50.0,50.0,concurrent,1,0,0,0,1,2332,2331,after_check,0,after_middleware,1.0181698016822338,2.173698041588068,59.80204185470939,57.62834381312132,58.78387205302715,61.29564391449094,62.38959589973092,committed,61.261962890625,EXECUTE,authorization_committed,55.4793830960989,55.495914071798325,0.016530975699424744,4.318780731409788,54.58126775920391,64.7608139552176,54.99759875237942,59.79816382750869,59.81469480320811
167,xair_atomic,1,50.0,50.0,concurrent,1,0,0,0,1,2334,2333,after_check,0,after_middleware,0.8598128333687782,2.1598218008875847,59.5285389572382,57.36871715635061,58.66872612386942,61.19398307055235,62.297613359987736,committed,62.330078125,EXECUTE,authorization_committed,55.15475431457162,55.167428217828274,0.01267390325665474,4.370728973299265,54.57569798454642,64.42885100841522,54.739054292440414,59.525483287870884,59.53815719112754
168,xair_atomic,1,50.0,50.0,concurrent,0,1,0,0,0,2336,2336,before_check,0,,,,,63.3422234095633,64.75054519250989,60.88847015053034,62.03242624178529,changed,67.39990234375,REVOKE,read_set_version_changed_at_commit,61.51748960837722,,,4.304505418986082,54.66581741347909,64.6491851657629,55.1024260930717,65.8219950273633,
169,xair_atomic,1,50.0,50.0,concurrent,1,0,0,0,1,2338,2337,after_check,0,after_middleware,1.4598891139030457,3.0678249895572662,60.31374307349324,57.245918083935976,58.8538539595902,61.40140304341912,62.84691393375397,committed,60.55810546875,EXECUTE,authorization_committed,55.78330298885703,55.79715874046087,0.013855751603841782,4.526622127741575,54.75312098860741,64.98454371467233,54.89206174388528,60.309925116598606,60.32378086820245
170,xair_atomic,0,,50.0,control,1,0,0,0,0,,2339,control,0,,0.9605116210877895,2.747032791376114,60.32299902290106,57.575966231524944,59.36248740181327,,,committed,61.56103515625,EXECUTE,authorization_committed,55.91841693967581,55.934667121618986,0.016250181943178177,4.40086517482996,,,54.49184030294418,60.31928211450577,60.335532296448946
171,xair_atomic,0,,50.0,control,1,0,0,0,0,,2340,control,0,,0.8413777686655521,2.216166816651821,59.93504077196121,57.71887395530939,59.09366300329566,,,committed,62.4140625,EXECUTE,authorization_committed,54.70022186636925,54.70910854637623,0.008886680006980896,5.232455208897591,,,55.306739173829556,59.93267707526684,59.94156375527382
172,xair_atomic,1,50.0,50.0,concurrent,0,1,0,0,0,2342,2342,before_check,0,,,,,64.13120264187455,65.35831466317177,61.1616219393909,62.472781632095575,changed,67.85888671875,REVOKE,read_set_version_changed_at_commit,61.12810969352722,,,5.381824914366007,55.65371969714761,65.2892948128283,55.89050380513072,66.50993460789323,
173,xair_atomic,0,,50.0,control,1,0,0,0,0,,2343,control,0,,0.8957297541201115,2.0989771001040936,59.86397806555033,57.765000965446234,58.968248311430216,,,committed,60.68896484375,EXECUTE,authorization_committed,55.057923309504986,55.07472436875105,0.016801059246063232,4.8015969805419445,,,54.87822601571679,59.85952029004693,59.87632134929299
174,xair_atomic,1,50.0,50.0,concurrent,1,0,0,0,1,2345,2344,after_check,0,after_middleware,1.0809977538883686,2.559361048042774,59.99235901981592,57.43299797177315,58.91136126592755,61.17443600669503,62.82674614340067,committed,60.7919921875,EXECUTE,authorization_committed,55.474523920565844,55.49391079694033,0.01938687637448311,4.5115831308066845,54.966341238468885,65.15194801613688,54.73502725362778,59.98610705137253,60.00549392774701
175,xair_atomic,0,,50.0,control,1,0,0,0,0,,2346,control,0,,1.0780030861496925,2.3720101453363895,59.86803583800793,57.49602569267154,58.790032751858234,,,committed,61.180908203125,EXECUTE,authorization_committed,54.806842003017664,54.82327286154032,0.01643085852265358,5.057176109403372,,,55.13930507004261,59.864018112421036,59.88044897094369
176,xair_atomic,1,50.0,50.0,concurrent,1,0,0,0,1,2348,2347,after_check,0,after_middleware,0.975439790636301,2.2257650271058083,59.606424998492,57.380659971386194,58.6309852078557,61.041377019137144,62.36720411106944,committed,60.881103515625,EXECUTE,authorization_committed,54.77255769073963,54.78305695578456,0.010499265044927597,4.831142257899046,55.02423923462629,64.23603929579258,55.156277026981115,59.60369994863868,59.614199213683605
177,xair_atomic,1,50.0,50.0,concurrent,0,1,0,0,0,2350,2350,before_check,0,,,,,63.99102974683046,65.56347012519836,61.5708502009511,62.67057312652469,changed,67.6279296875,REVOKE,read_set_version_changed_at_commit,61.77726713940501,,,4.818358924239874,55.008570197969675,65.13469619676471,55.21715199574828,66.59562606364489,
178,xair_atomic,1,50.0,50.0,concurrent,0,1,0,0,0,2352,2352,before_check,0,,,,,64.95903711766005,66.41773320734501,62.535861041396856,63.68169980123639,changed,68.610107421875,REVOKE,read_set_version_changed_at_commit,61.326632276177406,,,6.22682087123394,56.5047268755734,65.98853785544634,56.819708086550236,67.55345314741135,
179,xair_atomic,1,50.0,50.0,concurrent,0,1,0,0,0,2354,2354,before_check,0,,,,,63.48698539659381,65.01953024417162,61.11934408545494,62.31944542378187,changed,67.14404296875,REVOKE,read_set_version_changed_at_commit,60.57713599875569,,,5.280867218971252,55.4888010956347,64.53550234436989,55.70300342515111,65.85800321772695,
180,xair_atomic,0,,50.0,control,1,0,0,0,0,,2355,control,0,,1.0125800035893917,2.421092242002487,59.79347601532936,57.372383773326874,58.78089601173997,,,committed,60.85009765625,EXECUTE,authorization_committed,54.967442993074656,54.98361308127642,0.016170088201761246,4.82251588255167,,,54.89257164299488,59.789958875626326,59.80612896382809
181,xair_atomic,0,,50.0,control,1,0,0,0,0,,2356,control,0,,1.2619872577488422,2.7573523111641407,61.1155959777534,58.35824366658926,59.85360872000456,,,committed,62.114013671875,EXECUTE,authorization_committed,56.145292706787586,56.17036996409297,0.025077257305383682,4.9642520025372505,,,55.059865582734346,61.10954470932484,61.13462196663022
182,xair_atomic,0,,50.0,control,1,0,0,0,0,,2357,control,0,,1.0157548822462559,2.5514159351587296,63.904508017003536,61.35309208184481,62.88875313475728,,,committed,65.006103515625,EXECUTE,authorization_committed,59.3337332829833,59.350875206291676,0.017141923308372498,4.566627088934183,,,54.65926509350538,63.900360371917486,63.91750229522586
183,xair_atomic,1,50.0,50.0,concurrent,1,0,0,0,1,2359,2358,after_check,0,after_middleware,1.3644597493112087,2.4901917204260826,60.948182828724384,58.4579911082983,59.583723079413176,62.11730604991317,63.35615972056985,committed,62.322998046875,EXECUTE,authorization_committed,56.19095824658871,56.20424309745431,0.013284850865602493,4.753897897899151,55.276833940297365,65.44162193313241,54.972663056105375,60.94485614448786,60.95814099535346
184,xair_atomic,0,,50.0,control,1,0,0,0,0,,2360,control,0,,0.9360359981656075,2.1279919892549515,60.66891783848405,58.5409258492291,59.73288184031844,,,committed,62.868896484375,EXECUTE,authorization_committed,55.0001235678792,55.01529294997454,0.015169382095336914,5.665778182446957,,,55.75288599357009,60.66590175032616,60.68107113242149
185,xair_atomic,1,50.0,50.0,concurrent,0,1,0,0,0,2362,2362,before_check,0,,,,,64.72079921513796,65.97648421302438,62.15399410575628,63.248387072235346,changed,68.81005859375,REVOKE,read_set_version_changed_at_commit,62.09905119612813,,,5.159418098628521,55.463343393057585,65.64514338970184,55.854106321930885,67.25846929475665,
186,xair_atomic,1,50.0,50.0,concurrent,0,1,0,0,0,2364,2364,before_check,0,,,,,62.89791967719793,64.38848562538624,60.20890595391393,61.57512869685888,changed,66.637939453125,REVOKE,read_set_version_changed_at_commit,60.331365559250116,,,4.742857068777084,54.965128656476736,63.80415987223387,55.18166488036513,65.0742226280272,
187,xair_atomic,1,50.0,50.0,concurrent,1,0,0,0,1,2366,2365,after_check,0,after_middleware,1.1162227019667625,2.579868771135807,60.67080097272992,58.090932201594114,59.55457827076316,61.973124742507935,63.229531049728394,committed,61.373046875,EXECUTE,authorization_committed,56.26132991164923,56.27403408288956,0.012704171240329742,4.407007247209549,54.729586001485586,65.51260408014059,55.12308515608311,60.668337158858776,60.681041330099106
188,xair_atomic,1,50.0,50.0,concurrent,1,0,0,0,1,2368,2367,after_check,0,after_middleware,0.9363358840346336,2.2067688405513763,60.68502785637975,58.47825901582837,59.748691972345114,62.333581037819386,63.38548380881548,committed,61.498046875,EXECUTE,authorization_committed,56.53657577931881,56.55097309499979,0.014397315680980682,4.145286045968533,54.46947878226638,65.46619720757008,54.895698092877865,60.68186182528734,60.69625914096832
189,xair_atomic,1,50.0,50.0,concurrent,0,1,0,0,0,2370,2370,before_check,0,,,,,64.9421839043498,66.29591388627887,60.025221202522516,63.72667429968715,changed,68.010986328125,REVOKE,read_set_version_changed_at_commit,62.501616310328245,,,4.816405009478331,55.0132691860199,65.80734718590975,55.16056530177593,67.31802131980658,
190,xair_atomic,1,50.0,50.0,concurrent,0,1,0,0,0,2372,2372,before_check,0,,,,,62.80153896659613,63.84789198637009,60.583287850022316,61.73780281096697,changed,66.284912109375,REVOKE,read_set_version_changed_at_commit,59.910545125603676,,,4.887047689408064,55.42745580896735,63.669898081570864,55.06144883111119,64.79759281501174,
191,xair_atomic,1,50.0,50.0,concurrent,0,1,0,0,0,2374,2374,before_check,0,,,,,63.094567973166704,64.54488914459944,60.493579134345055,61.51804095134139,changed,66.08203125,REVOKE,read_set_version_changed_at_commit,61.038631945848465,,,4.5092483051121235,54.76079508662224,64.10427205264568,55.24260923266411,65.54788025096059,
192,xair_atomic,1,50.0,50.0,concurrent,1,0,0,0,1,2376,2375,after_check,0,after_middleware,1.1331262066960335,2.518284134566784,60.29273336753249,57.77444923296571,59.15960716083646,61.62963109090924,62.94520944356918,committed,61.7451171875,EXECUTE,authorization_committed,55.752546060830355,55.77041022479534,0.0178641639649868,4.536019172519445,54.7628803178668,65.16182702034712,55.205580312758684,60.2885652333498,60.30642939731479
193,xair_atomic,1,50.0,50.0,concurrent,1,0,0,0,1,2378,2377,after_check,0,after_middleware,1.6471496783196926,3.1657088547945023,61.592540703713894,58.42683184891939,59.9453910253942,62.24863091483712,63.665779773145914,committed,62.198974609375,EXECUTE,authorization_committed,57.05288611352444,57.06488806754351,0.012001954019069672,4.536919761449099,54.95181307196617,66.00641086697578,55.5412289686501,61.589805874973536,61.601807828992605
194,xair_atomic,1,50.0,50.0,concurrent,0,1,0,0,0,2380,2380,before_check,0,,,,,63.50455805659294,64.77341800928116,60.938634909689426,62.08429392427206,changed,67.672119140625,REVOKE,read_set_version_changed_at_commit,60.574160888791084,,,4.963892046362162,55.23304175585508,64.72806306555867,55.69404596462846,65.53805293515325,
195,xair_atomic,1,50.0,50.0,concurrent,1,0,0,0,1,2382,2381,after_check,0,after_middleware,1.3303649611771107,2.8918953612446785,61.679404228925705,58.78750886768103,60.349039267748594,62.92240601032972,64.1713491640985,committed,62.85595703125,EXECUTE,authorization_committed,56.292448192834854,56.31185509264469,0.01940689980983734,5.382257048040628,55.662767961621284,66.44377205520868,55.926813278347254,61.67470524087548,61.69411214068532
196,xair_atomic,1,50.0,50.0,concurrent,0,1,0,0,0,2384,2384,before_check,0,,,,,63.590929843485355,64.77698497474194,61.03233993053436,62.147351913154125,changed,66.98193359375,REVOKE,read_set_version_changed_at_commit,60.64543407410383,,,5.053710658103228,55.29873492196202,64.8453226312995,55.562689900398254,65.69914473220706,
197,xair_atomic,1,50.0,50.0,concurrent,1,0,0,0,1,2386,2385,after_check,0,after_middleware,1.3254270888864994,2.829889301210642,60.73422124609351,57.90433194488287,59.40879415720701,62.17186711728573,63.40014189481735,committed,61.910888671875,EXECUTE,authorization_committed,55.58769591152668,55.60398707166314,0.016291160136461258,5.1429979503154755,55.37421582266688,65.56031387299299,55.62337301671505,60.730693861842155,60.74698502197862
198,xair_atomic,1,50.0,50.0,concurrent,0,1,0,0,0,2388,2388,before_check,0,,,,,63.17387707531452,64.63962700217962,60.750831849873066,61.88740395009518,changed,68.202880859375,REVOKE,read_set_version_changed_at_commit,60.7241322286427,,,5.054982844740152,55.350812152028084,64.31833421811461,55.67617295309901,65.77911507338285,
199,xair_atomic,1,50.0,50.0,concurrent,0,1,0,0,0,2390,2390,before_check,0,,,,,63.875794410705566,64.86704433336854,61.360727064311504,62.64117918908596,changed,67.739013671875,REVOKE,read_set_version_changed_at_commit,60.73725689202547,,,5.285355262458324,55.58890895918012,65.07538491860032,55.946510285139084,66.0226121544838,
200,xair_atomic,1,55.0,50.0,concurrent,1,0,0,0,1,2392,2391,after_check,0,after_middleware,1.096918247640133,2.902685198932886,61.29859993234277,58.39591473340988,60.201681684702635,65.30473474413157,66.44251896068454,committed,62.77490234375,EXECUTE,authorization_committed,56.229661218822,56.24501034617424,0.015349127352237701,5.064850673079491,60.24371087551117,68.77289107069373,55.26753608137369,61.29451189190149,61.30986101925373
201,xair_atomic,1,55.0,50.0,concurrent,1,0,0,0,1,2394,2393,after_check,0,after_middleware,1.298295333981514,3.283499274402857,61.6676420904696,58.38414281606674,60.369346756488085,66.20287010446191,67.54102976992726,committed,62.18994140625,EXECUTE,authorization_committed,56.742333341389894,56.762931402772665,0.02059806138277054,4.920800682157278,60.248559806495905,69.91569511592388,55.218624882400036,61.66313402354717,61.68373208492994
202,xair_atomic,1,55.0,50.0,concurrent,1,0,0,0,1,2396,2395,after_check,0,after_middleware,1.0173888877034187,2.7016480453312397,60.1090588606894,57.40741081535816,59.09166997298598,64.05968870967627,65.12722186744213,committed,61.1708984375,EXECUTE,authorization_committed,55.89386122301221,55.91257615014911,0.01871492713689804,4.211189690977335,59.46310702711344,67.25865975022316,54.48397574946284,60.105050913989544,60.12376584112644
203,xair_atomic,1,55.0,50.0,concurrent,1,0,0,0,1,2398,2397,after_check,0,after_middleware,1.0200431570410728,2.4183555506169796,60.60024909675121,58.18189354613423,59.58020593971014,65.73579320684075,67.00886087492108,committed,62.194091796875,EXECUTE,authorization_committed,55.52536994218826,55.537642911076546,0.012272968888282776,5.0719440914690495,60.30835211277008,69.38577024266124,55.332988034933805,60.59731403365731,60.609587002545595
204,xair_atomic,1,55.0,50.0,concurrent,1,0,0,0,1,2400,2399,after_check,0,after_middleware,1.1476227082312107,2.6851468719542027,60.42363774031401,57.738490868359804,59.276015032082796,63.86845000088215,65.27963792905211,committed,61.509033203125,EXECUTE,authorization_committed,56.117590982466936,56.131656747311354,0.014065764844417572,4.302490968257189,59.48773305863142,67.19550164416432,54.508812725543976,60.420081950724125,60.43414771556854
205,xair_atomic,1,55.0,50.0,concurrent,1,0,0,0,1,2402,2401,after_check,0,after_middleware,1.2429021298885345,2.7012168429791927,61.507741920650005,58.80652507767081,60.26483979076147,65.3810678049922,66.78049266338348,committed,62.04296875,EXECUTE,authorization_committed,56.37278873473406,56.41692178323865,0.04413304850459099,5.128480959683657,60.383963864296675,69.19829873368144,55.40394177660346,61.501269694417715,61.545402742922306
206,xair_atomic,1,55.0,50.0,concurrent,1,0,0,0,1,2404,2403,after_check,0,after_middleware,1.136141363531351,2.9922733083367348,65.06872130557895,62.07644799724221,63.932579942047596,69.36872797086835,70.57113293558359,committed,67.202880859375,EXECUTE,authorization_committed,56.64273491129279,56.66019767522812,0.01746276393532753,8.421648293733597,63.81564121693373,72.89892993867397,58.90925694257021,65.06438320502639,65.08184596896172
207,xair_atomic,0,,50.0,control,1,0,0,0,0,,2405,control,0,,1.2477310374379158,2.863531932234764,60.56590471416712,57.702372781932354,59.3181736767292,,,committed,60.968017578125,EXECUTE,authorization_committed,56.05218792334199,56.06864904984832,0.016461126506328583,4.509869962930679,,,54.61121490225196,60.56205788627267,60.578519012779
208,xair_atomic,1,55.0,50.0,concurrent,1,0,0,0,1,2407,2406,after_check,0,after_middleware,1.2000505812466145,2.4914336390793324,61.218599788844585,58.72716614976525,60.01854920759797,65.34826708957553,66.35864218696952,committed,62.574951171875,EXECUTE,authorization_committed,56.10030796378851,56.11804174259305,0.017733778804540634,5.113773047924042,60.381168965250254,68.58341488987207,55.39747979491949,61.21408101171255,61.23181479051709
209,xair_atomic,1,55.0,50.0,concurrent,1,0,0,0,1,2409,2408,after_check,0,after_middleware,1.0277577675879002,2.373411785811186,60.04713196307421,57.67372017726302,59.01937419548631,64.42276015877724,65.67582115530968,committed,61.381103515625,EXECUTE,authorization_committed,55.439739022403955,55.46525679528713,0.025517772883176804,4.601001273840666,59.88712189719081,67.32599623501301,54.842349141836166,60.04074029624462,60.0662580691278
210,xair_atomic,1,55.0,50.0,after_release,1,0,0,0,1,2411,2410,after_check,0,after_middleware,0.9851781651377678,2.0754332654178143,59.14277536794543,57.06734210252762,58.157597202807665,63.64637427031994,64.75282926112413,committed,59.93994140625,EXECUTE,authorization_committed,54.803566075861454,54.817242082208395,0.013676006346940994,4.335853271186352,59.48982620611787,66.84745801612735,54.50497521087527,59.139419347047806,59.15309535339475
211,xair_atomic,1,55.0,50.0,concurrent,1,0,0,0,1,2413,2412,after_check,0,after_middleware,1.2206700630486012,2.915229182690382,61.69235799461603,58.77712881192565,60.47168793156743,65.01865806058049,66.1400412209332,committed,63.114990234375,EXECUTE,authorization_committed,56.572824250906706,56.596359238028526,0.02353498712182045,5.112810991704464,60.32571382820606,68.10222193598747,55.356563068926334,61.68563524261117,61.70917022973299
212,xair_atomic,0,,50.0,control,1,0,0,0,0,,2414,control,0,,1.1279159225523472,2.580150030553341,60.81560393795371,58.23545390740037,59.68768801540136,,,committed,61.681884765625,EXECUTE,authorization_committed,55.76841626316309,55.793723091483116,0.025306828320026398,5.041937809437513,,,55.143202655017376,60.8103540726006,60.83566090092063
213,xair_atomic,1,55.0,50.0,after_release,1,0,0,0,1,2416,2415,after_check,0,after_middleware,0.9004590101540089,2.2537377662956715,59.928548987954855,57.67481122165918,59.028089977800846,64.60902886465192,65.87634608149529,committed,61.001953125,EXECUTE,authorization_committed,55.16226775944233,55.181053932756186,0.018786173313856125,4.761602263897657,59.97309321537614,67.84127186983824,54.99129695817828,59.92387002333999,59.94265619665384
214,xair_atomic,1,55.0,50.0,after_release,1,0,0,0,1,2418,2417,after_check,0,after_middleware,0.9618047624826431,2.4134377017617226,59.563796035945415,57.15035833418369,58.60199127346277,65.36549935117364,66.29491224884987,committed,60.720947265625,EXECUTE,authorization_committed,55.16567500308156,55.183608550578356,0.017933547496795654,4.3930914252996445,59.666749089956284,68.52618837729096,54.68066642060876,59.558766428381205,59.576699975878
215,xair_atomic,1,55.0,50.0,concurrent,1,0,0,0,1,2420,2419,after_check,0,after_middleware,1.4217770658433437,2.7030701749026775,60.997203923761845,58.29413374885917,59.5754268579185,65.56645594537258,66.89047906547785,committed,62.111083984375,EXECUTE,authorization_committed,56.002774741500616,56.03077681735158,0.028002075850963593,4.987697117030621,60.33046403899789,69.16799210011959,55.362414103001356,60.99047185853124,61.0184739343822
216,xair_atomic,0,,50.0,control,1,0,0,0,0,,2421,control,0,,1.1213230900466442,2.7845329605042934,60.23396225646138,57.44942929595709,59.11263916641474,,,committed,60.77197265625,EXECUTE,authorization_committed,55.57033373042941,55.58699509128928,0.01666136085987091,4.658879246562719,,,54.7393849119544,60.22921297699213,60.245874337852
217,xair_atomic,1,55.0,50.0,concurrent,1,0,0,0,1,2423,2422,after_check,0,after_middleware,1.1855438351631165,2.46187811717391,60.66530104726553,58.20342293009162,59.47975721210241,65.15428191050887,66.41051918268204,committed,61.533935546875,EXECUTE,authorization_committed,55.620658211410046,55.63865229487419,0.01799408346414566,5.041467025876045,60.2048272266984,68.55306820943952,55.221489164978266,60.66212523728609,60.68011932075024
218,xair_atomic,1,55.0,50.0,after_release,1,0,0,0,1,2425,2424,after_check,0,after_middleware,1.1559678241610527,2.5403951294720173,59.50055597350001,56.960160844027996,58.34458814933896,64.44288790225983,65.82225486636162,committed,60.02490234375,EXECUTE,authorization_committed,55.04731321707368,55.05949631333351,0.012183096259832382,4.450447857379913,59.63639076799154,68.13414208590984,54.647683165967464,59.49776107445359,59.509944170713425
219,xair_atomic,1,55.0,50.0,concurrent,1,0,0,0,1,2427,2426,after_check,0,after_middleware,1.314055174589157,2.5182939134538174,60.83992915228009,58.321635238826275,59.525873977690935,64.78962814435363,66.17082934826612,committed,61.69189453125,EXECUTE,authorization_committed,56.261932011693716,56.273403111845255,0.011471100151538849,4.574621096253395,59.728384017944336,67.99580296501517,54.74228132516146,60.83655310794711,60.84802420809865
220,xair_atomic,1,55.0,50.0,concurrent,1,0,0,0,1,2429,2428,after_check,0,after_middleware,1.254172995686531,2.3923679254949093,60.857942793518305,58.465574868023396,59.603769797831774,64.39568987116218,65.56821893900633,committed,61.738037109375,EXECUTE,authorization_committed,56.07382906600833,56.08783522620797,0.014006160199642181,4.780116956681013,59.9405518732965,67.26907007396221,54.96603110805154,60.85394602268934,60.867952182888985
221,xair_atomic,1,55.0,50.0,concurrent,1,0,0,0,1,2431,2430,after_check,0,after_middleware,1.0611913166940212,2.5265091098845005,61.93806929513812,59.41156018525362,60.8768779784441,64.67103632166982,65.96222799271345,committed,62.89697265625,EXECUTE,authorization_committed,57.12192505598068,57.13886674493551,0.01694168895483017,4.812327213585377,59.996236115694046,67.98162590712309,55.02269696444273,61.93425226956606,61.95119395852089
222,xair_atomic,1,55.0,50.0,concurrent,1,0,0,0,1,2433,2432,after_check,0,after_middleware,1.0201837867498398,2.4004927836358547,61.12333061173558,58.72283782809973,60.10314682498574,64.55400679260492,65.8753146417439,committed,62.006103515625,EXECUTE,authorization_committed,56.17905594408512,56.19641812518239,0.017362181097269058,4.939315840601921,60.1286250166595,68.21269961073995,55.14548672363162,61.11837178468704,61.13573396578431
223,xair_atomic,1,55.0,50.0,concurrent,1,0,0,0,1,2435,2434,after_check,0,after_middleware,1.2506358325481415,2.4990481324493885,60.285578947514296,57.78653081506491,59.034943114966154,64.62043104693294,65.84323476999998,committed,61.6650390625,EXECUTE,authorization_committed,55.507826153188944,55.52538903430104,0.017562881112098694,4.773946013301611,60.02191500738263,68.2232091203332,55.037504993379116,60.281772166490555,60.29933504760265
224,xair_atomic,1,55.0,50.0,concurrent,1,0,0,0,1,2437,2436,after_check,0,after_middleware,0.9715529158711433,2.372650895267725,60.91395812109113,58.5413072258234,59.942405205219984,65.08574401959777,66.24419707804918,committed,62.626953125,EXECUTE,authorization_committed,55.811616126447916,55.83259603008628,0.020979903638362885,5.0966511480510235,60.284477192908525,68.1395623832941,55.29144126921892,60.90826727449894,60.9292471781373
225,xair_atomic,0,,50.0,control,1,0,0,0,0,,2438,control,0,,1.0175989009439945,2.5081350468099117,60.15464290976524,57.64650786295533,59.13704400882125,,,committed,60.55810546875,EXECUTE,authorization_committed,55.88579596951604,55.90019281953573,0.014396850019693375,4.264830145984888,,,54.34112809598446,60.15062611550093,60.16502296552062
226,xair_atomic,0,,50.0,control,1,0,0,0,0,,2439,control,0,,1.0630437172949314,2.7268058620393276,61.14133493974805,58.41452907770872,60.07829122245312,,,committed,61.97705078125,EXECUTE,authorization_committed,55.52766378968954,55.54996570572257,0.022301916033029556,5.6086513213813305,,,55.68813532590866,61.13631511107087,61.1586170271039
227,xair_atomic,1,55.0,50.0,concurrent,1,0,0,0,1,2441,2440,after_check,0,after_middleware,1.3625961728394032,2.4299081414937973,60.09771628305316,57.66780814155936,58.73512011021376,64.44364925846457,65.96480216830969,committed,61.222900390625,EXECUTE,authorization_committed,55.59158371761441,55.609446950256824,0.017863232642412186,4.501063376665115,59.86149329692125,68.14745720475912,54.719888139516115,60.09264709427953,60.11051032692194
228,xair_atomic,0,,50.0,control,1,0,0,0,0,,2442,control,0,,1.111114863306284,2.778341993689537,61.09069986268878,58.31235786899924,59.979584999382496,,,committed,62.159912109375,EXECUTE,authorization_committed,56.04687798768282,56.0653917491436,0.018513761460781097,5.039603915065527,,,55.22045772522688,61.086481902748346,61.10499566420913
229,xair_atomic,0,,50.0,control,1,0,0,0,0,,2443,control,0,,0.9598913602530956,2.3808362893760204,59.833251405507326,57.452415116131306,58.87336004525423,,,committed,60.991943359375,EXECUTE,authorization_committed,55.02980016171932,55.0434160977602,0.013615936040878296,4.799934104084969,,,54.869349114596844,59.82973426580429,59.84335020184517
230,xair_atomic,0,,50.0,control,1,0,0,0,0,,2444,control,0,,0.9900173172354698,2.3528034798800945,60.63553597778082,58.282732497900724,59.64551866054535,,,committed,62.0439453125,EXECUTE,authorization_committed,55.47671811655164,55.48844998702407,0.011731870472431183,5.15590189024806,,,55.24073587730527,60.6326200067997,60.64435187727213
231,xair_atomic,0,,50.0,control,1,0,0,0,0,,2445,control,0,,0.7319930009543896,1.9190097227692604,58.67925565689802,56.76024593412876,57.94726265594363,,,committed,60.215087890625,EXECUTE,authorization_committed,54.245579056441784,54.255968891084194,0.010389834642410278,4.430961795151234,,,54.50244061648846,58.67654085159302,58.68693068623543
232,xair_atomic,1,55.0,50.0,after_release,1,0,0,0,1,2447,2446,after_check,0,after_middleware,0.9717927314341068,2.305123955011368,59.63289365172386,57.327769696712494,58.661100920289755,64.56992588937283,65.51006902009249,committed,61.2099609375,EXECUTE,authorization_committed,54.88655110821128,54.90253120660782,0.015980098396539688,4.7423457726836205,59.938677586615086,67.63881258666515,54.91415271535516,59.6288968808949,59.64487697929144
233,xair_atomic,1,55.0,50.0,after_release,1,0,0,0,1,2449,2448,after_check,0,after_middleware,1.0170778259634972,2.351299859583378,59.50951296836138,57.158213108778,58.49243514239788,64.32593800127506,65.68020908161998,committed,60.656982421875,EXECUTE,authorization_committed,55.17782783135772,55.192966014146805,0.015138182789087296,4.327788017690182,59.57438517361879,68.12227983027697,54.5907961204648,59.5056158490479,59.52075403183699
234,xair_atomic,1,55.0,50.0,concurrent,1,0,0,0,1,2451,2450,after_check,0,after_middleware,1.027537975460291,2.2885026410222054,60.4259530082345,58.137450367212296,59.39841503277421,64.60341904312372,65.97400037571788,committed,61.587890625,EXECUTE,authorization_committed,55.70221086964011,55.71562610566616,0.01341523602604866,4.720115102827549,59.87028032541275,67.70621007308364,54.888124112039804,60.42232597246766,60.43574120849371
235,xair_atomic,1,55.0,50.0,concurrent,1,0,0,0,1,2453,2452,after_check,0,after_middleware,1.2309588491916656,2.593585755676031,60.488860588520765,57.895274832844734,59.2579017393291,65.4073366895318,66.5733446367085,committed,62.14501953125,EXECUTE,authorization_committed,55.64086604863405,55.65579375252128,0.014927703887224197,4.844186827540398,60.09507179260254,68.79095500335097,55.10489083826542,60.48505287617445,60.499980580061674
236,xair_atomic,1,55.0,50.0,concurrent,1,0,0,0,1,2455,2454,after_check,0,after_middleware,1.35448994114995,2.8207609429955482,60.86472515016794,58.043964207172394,59.51023520901799,64.94398787617683,66.2586740218103,committed,61.346923828125,EXECUTE,authorization_committed,56.00343691185117,56.01779371500015,0.014356803148984909,4.857642110437155,60.098689049482346,68.43798188492656,55.1024260930717,60.86107902228832,60.87543582543731
237,xair_atomic,1,55.0,50.0,concurrent,1,0,0,0,1,2457,2456,after_check,0,after_middleware,1.023310236632824,3.423342015594244,61.218599788844585,57.79525777325034,60.19528955221176,65.38877170532942,66.32171291857958,committed,61.256103515625,EXECUTE,authorization_committed,56.303368881344795,56.31714500486851,0.013776123523712158,4.911883734166622,60.13367371633649,68.66040965542197,55.14969490468502,61.21525261551142,61.22902873903513
238,xair_atomic,0,,50.0,control,1,0,0,0,0,,2458,control,0,,1.0315850377082825,2.560222055763006,60.55380217730999,57.993580121546984,59.52221713960171,,,committed,61.0439453125,EXECUTE,authorization_committed,55.180523078888655,55.19381817430258,0.013295095413923264,5.370785016566515,,,55.44354626908898,60.55130809545517,60.56460319086909
239,xair_atomic,1,55.0,50.0,concurrent,1,0,0,0,1,2460,2459,after_check,0,after_middleware,1.329905353486538,2.878630068153143,60.69624004885554,57.8176099807024,59.366334695369005,64.69421973451972,65.72589464485645,committed,61.1669921875,EXECUTE,authorization_committed,55.96401309594512,55.982586927711964,0.018573831766843796,4.727157764136791,59.92099596187472,68.1332009844482,54.92962198331952,60.69117086008191,60.709744691848755
240,xair_atomic,1,60.0,50.0,after_release,1,0,0,0,1,2462,2461,after_check,0,after_middleware,1.2370701879262924,2.695465460419655,63.53747891262174,60.84201345220208,62.300408724695444,71.90482597798109,73.24931770563126,committed,65.48388671875,EXECUTE,authorization_committed,58.73954901471734,58.76637902110815,0.026830006390810013,4.792449995875359,65.10466895997524,75.59598982334137,55.11021101847291,63.5319990105927,63.55882901698351
241,xair_atomic,1,60.0,50.0,after_release,1,0,0,0,1,2464,2463,after_check,0,after_middleware,0.9863111190497875,2.3148530162870884,66.35483494028449,64.0399819239974,65.3685238212347,76.36467181146145,77.58912909775972,committed,67.385986328125,EXECUTE,authorization_committed,55.21915480494499,55.23970304057002,0.02054823562502861,11.128947138786316,71.32091978564858,79.7549718990922,61.33654108271003,66.34810194373131,66.36865017935634
242,xair_atomic,1,60.0,50.0,after_release,1,0,0,0,1,2466,2465,after_check,0,after_middleware,0.970711000263691,2.3830500431358814,59.16488729417324,56.78183725103736,58.19417629390955,69.57000633701682,70.52562898024917,committed,61.112060546875,EXECUTE,authorization_committed,54.94938883930445,54.966320749372244,0.016931910067796707,4.210389219224453,64.51769918203354,72.46410520747304,54.5179801993072,59.1597780585289,59.1767099685967
243,xair_atomic,1,60.0,50.0,after_release,1,0,0,0,1,2468,2467,after_check,0,after_middleware,0.9361160919070244,2.1762619726359844,58.92068799585104,56.744426023215055,57.984571903944016,69.65160788968205,71.01387390866876,committed,60.193115234375,EXECUTE,authorization_committed,54.39957696944475,54.41469559445977,0.01511862501502037,4.517394118010998,64.6700938232243,72.80940189957619,54.67454297468066,58.91697108745575,58.93208971247077
244,xair_atomic,1,60.0,50.0,after_release,1,0,0,0,1,2470,2469,after_check,0,after_middleware,0.9289528243243694,2.0734998397529125,58.989216573536396,56.91571673378348,58.06026374921203,69.61116287857294,70.70411276072264,committed,59.971923828125,EXECUTE,authorization_committed,54.6226860024035,54.63447794318199,0.011791940778493881,4.3632048182189465,64.51574387028813,72.86613900214434,54.53494098037481,58.985890820622444,58.99768276140094
245,xair_atomic,0,,50.0,control,1,0,0,0,0,,2471,control,0,,0.8940170519053936,2.3330971598625183,61.74814281985164,59.41504565998912,60.85412576794624,,,committed,62.886962890625,EXECUTE,authorization_committed,55.12600997462869,55.144635029137135,0.018625054508447647,6.6181146539747715,,,56.694482918828726,61.74412462860346,61.762749683111906
246,xair_atomic,1,60.0,50.0,after_release,1,0,0,0,1,2473,2472,after_check,0,after_middleware,1.0024509392678738,2.2465940564870834,59.75302029401064,57.506426237523556,58.750569354742765,69.4986223243177,70.66779537126422,committed,60.990966796875,EXECUTE,authorization_committed,54.94351778179407,54.9587057903409,0.015188008546829224,4.805064294487238,64.95345523580909,73.3741419389844,54.96515799313784,59.74858207628131,59.76377008482814
247,xair_atomic,1,60.0,50.0,after_release,1,0,0,0,1,2475,2474,after_check,0,after_middleware,0.9301849640905857,2.320443280041218,59.75158791989088,57.43114463984966,58.821402955800295,69.66975284740329,70.84386562928557,committed,60.9189453125,EXECUTE,authorization_committed,55.0290890969336,55.041702929884195,0.012613832950592041,4.719252698123455,64.86809579655528,72.88580574095249,54.8748099245131,59.74834179505706,59.76095562800765
248,xair_atomic,0,,50.0,control,1,0,0,0,0,,2476,control,0,,0.9417659603059292,2.4485429748892784,59.5377660356462,57.08922306075692,58.59600007534027,,,committed,60.3779296875,EXECUTE,authorization_committed,54.99937338754535,55.0176571123302,0.018283724784851074,4.534004721790552,,,54.6078379265964,59.5333781093359,59.55166183412075
249,xair_atomic,1,60.0,50.0,after_release,1,0,0,0,1,2478,2477,after_check,0,after_middleware,0.955803319811821,2.7002650313079357,60.411385260522366,57.71112022921443,59.455581940710545,69.56554809585214,70.87176805362105,committed,61.35107421875,EXECUTE,authorization_committed,55.65534392371774,55.67282671108842,0.017482787370681763,4.7514233738183975,64.90364205092192,73.06784810498357,54.91464398801327,60.406767297536135,60.42425008490682
250,xair_atomic,1,60.0,50.0,after_release,1,0,0,0,1,2480,2479,after_check,0,after_middleware,0.9704907424747944,2.2360547445714474,60.203866101801395,57.96781135722995,59.2333753593266,69.71276318654418,71.18485495448112,committed,61.533935546875,EXECUTE,authorization_committed,55.24058500304818,55.255383253097534,0.014798250049352646,4.959322977811098,65.16847899183631,73.48867692053318,55.15209911391139,60.19990798085928,60.21470623090863
251,xair_atomic,1,60.0,50.0,after_release,1,0,0,0,1,2482,2481,after_check,0,after_middleware,0.8952701464295387,2.2782841697335243,60.147820971906185,57.86953680217266,59.252550825476646,69.93529060855508,71.13653374835849,committed,61.944091796875,EXECUTE,authorization_committed,54.99559594318271,55.01130502671003,0.015709083527326584,5.14739565551281,65.36983698606491,73.07333778589964,55.384364910423756,60.14299159869552,60.15870068222284
252,xair_atomic,0,,50.0,control,1,0,0,0,0,,2483,control,0,,0.974628608673811,2.365296706557274,59.26819099113345,56.90289428457618,58.29356238245964,,,committed,60.31494140625,EXECUTE,authorization_committed,54.90429513156414,54.920474998652935,0.016179867088794708,4.359057173132896,,,54.43975329399109,59.26335230469704,59.27953217178583
253,xair_atomic,1,60.0,50.0,after_release,1,0,0,0,1,2485,2484,after_check,0,after_middleware,1.1594947427511215,2.44441581889987,59.98145882040262,57.53704300150275,58.8219640776515,69.43426094949245,70.48908993601799,committed,60.580078125,EXECUTE,authorization_committed,55.16414204612374,55.17540266737342,0.01126062124967575,4.8143211752176285,65.01419004052877,72.44343589991331,55.029268842190504,59.97846322134137,59.98972384259105
254,xair_atomic,1,60.0,50.0,after_release,1,0,0,0,1,2487,2486,after_check,0,after_middleware,1.2172027491033077,2.9469081200659275,61.081090942025185,58.13418282195926,59.86388819292188,70.35473687574267,71.41199102625251,committed,62.031982421875,EXECUTE,authorization_committed,56.52953311800957,56.54358025640249,0.014047138392925262,4.547509830445051,65.15864003449678,73.69088614359498,55.17621384933591,61.07704294845462,61.091090086847544
255,xair_atomic,1,60.0,50.0,after_release,1,0,0,0,1,2489,2488,after_check,0,after_middleware,1.0056272149085999,2.517172135412693,61.01679103448987,58.49961889907718,60.01116381958127,71.72223273664713,72.66453094780445,committed,62.712890625,EXECUTE,authorization_committed,55.70916412398219,55.723901838064194,0.01473771408200264,5.30351884663105,65.58306701481342,75.08443994447589,55.61459669843316,61.01268297061324,61.027420684695244
256,xair_atomic,1,60.0,50.0,after_release,1,0,0,0,1,2491,2490,after_check,0,after_middleware,1.3005998916924,2.6988033205270767,62.88904324173927,60.190239921212196,61.58844335004687,71.77291810512543,73.25236406177282,committed,64.43994140625,EXECUTE,authorization_committed,56.219040881842375,56.23615300282836,0.017112120985984802,6.665544118732214,66.88188295811415,75.73163416236639,56.9133129902184,62.88458500057459,62.901697121560574
257,xair_atomic,0,,50.0,control,1,0,0,0,0,,2492,control,0,,1.0338490828871727,2.3710178211331367,59.862895868718624,57.49187804758549,58.82904678583145,,,committed,60.837890625,EXECUTE,authorization_committed,55.09700579568744,55.112265050411224,0.015259254723787308,4.7617219388484955,,,54.83947275206447,59.85872773453593,59.87398698925972
258,xair_atomic,1,60.0,50.0,after_release,1,0,0,0,1,2494,2493,after_check,0,after_middleware,0.9603919461369514,2.3381258361041546,60.28226297348738,57.94413713738322,59.321871027350426,70.21297188475728,71.51958299800754,committed,61.93603515625,EXECUTE,authorization_committed,55.13090034946799,55.147902108728886,0.017001759260892868,5.146593786776066,65.36382483318448,74.0292607806623,55.37406587973237,60.27749413624406,60.29449589550495
259,xair_atomic,1,60.0,50.0,after_release,1,0,0,0,1,2496,2495,after_check,0,after_middleware,1.0714801028370857,2.692942041903734,60.361561831086874,57.66861978918314,59.29008172824979,69.40864259377122,70.30778983607888,committed,61.929931640625,EXECUTE,authorization_committed,55.840310640633106,55.865457747131586,0.025147106498479843,4.515870939940214,64.70204377546906,72.21031887456775,54.72299503162503,60.35618158057332,60.3813286870718
260,xair_atomic,1,60.0,50.0,after_release,1,0,0,0,1,2498,2497,after_check,0,after_middleware,0.9513450786471367,2.3862160742282867,60.08349033072591,57.69727425649762,59.13214525207877,69.14425734430552,70.2125714160502,committed,61.577880859375,EXECUTE,authorization_committed,55.302792228758335,55.33221736550331,0.029425136744976044,4.7763800248503685,64.95147245004773,72.47999403625727,54.96889539062977,60.079172253608704,60.10859739035368
261,xair_atomic,0,,50.0,control,1,0,0,0,0,,2499,control,0,,1.246678177267313,2.6157060638070107,60.55497424677014,57.93926818296313,59.30829606950283,,,committed,61.27587890625,EXECUTE,authorization_committed,55.349488742649555,55.36712286993861,0.017634127289056778,5.200796294957399,,,55.298383347690105,60.550285037606955,60.56791916489601
262,xair_atomic,0,,50.0,control,1,0,0,0,0,,2500,control,0,,1.072961837053299,2.4198987521231174,60.60314504429698,58.18324629217386,59.53018320724368,,,committed,61.52001953125,EXECUTE,authorization_committed,55.621881037950516,55.638923309743404,0.01704227179288864,4.977196920663118,,,55.062021128833294,60.599077958613634,60.61612023040652
263,xair_atomic,1,60.0,50.0,after_release,1,0,0,0,1,2502,2501,after_check,0,after_middleware,0.9990441612899303,2.233851235359907,60.07355218753219,57.83970095217228,59.074508026242256,70.1477900147438,71.09503680840135,committed,61.527099609375,EXECUTE,authorization_committed,55.599608924239874,55.61570916324854,0.016100239008665085,4.46932390332222,64.77427016943693,73.44414386898279,54.79186400771141,60.068932827562094,60.08503306657076
264,xair_atomic,1,60.0,50.0,after_release,1,0,0,0,1,2504,2503,after_check,0,after_middleware,1.0824007913470268,2.5322609581053257,61.18058878928423,58.648327831178904,60.0981879979372,69.98462369665504,71.32796384394169,committed,62.448974609375,EXECUTE,authorization_committed,55.68060092628002,55.692923720926046,0.012322794646024704,5.4965210147202015,65.71943266317248,73.3247296884656,55.74361886829138,61.17712194100022,61.18944473564625
265,xair_atomic,1,60.0,50.0,after_release,1,0,0,0,1,2506,2505,after_check,0,after_middleware,1.5224362723529339,2.791627310216427,62.67974013462663,59.8881128244102,61.15730386227369,71.6243190690875,72.93978706002235,committed,63.556884765625,EXECUTE,authorization_committed,56.79906904697418,56.8182747811079,0.019205734133720398,5.87568199262023,66.1055170930922,75.25251479819417,56.12766882404685,62.67475103959441,62.69395677372813
266,xair_atomic,1,60.0,50.0,after_release,1,0,0,0,1,2508,2507,after_check,0,after_middleware,0.9104572236537933,2.471526153385639,60.14855206012726,57.67702590674162,59.238094836473465,70.6128217279911,71.69590378180146,committed,61.0791015625,EXECUTE,authorization_committed,55.246355943381786,55.26000214740634,0.013646204024553299,4.8988498747348785,65.16019394621253,74.00550693273544,55.16544496640563,60.145205818116665,60.15885202214122
267,xair_atomic,1,60.0,50.0,after_release,1,0,0,0,1,2510,2509,after_check,0,after_middleware,1.2495741248130798,2.9960302636027336,61.442199163138866,58.44616889953613,60.19262503832579,70.09527133777738,71.321502327919,committed,61.696044921875,EXECUTE,authorization_committed,56.85722781345248,56.87246611341834,0.01523829996585846,4.5810542069375515,64.80980617925525,74.00663895532489,55.10893929749727,61.438282020390034,61.45352032035589
268,xair_atomic,1,60.0,50.0,after_release,1,0,0,0,1,2512,2511,after_check,0,after_middleware,1.114490907639265,2.571855206042528,63.075974117964506,60.50411891192198,61.96148321032524,72.25221721455455,73.5804089345038,committed,64.656982421875,EXECUTE,authorization_committed,56.337992660701275,56.354003958404064,0.016011297702789307,6.734113208949566,66.99689896777272,75.82528982311487,57.03443102538586,63.07210586965084,63.08811716735363
269,xair_atomic,0,,50.0,control,1,0,0,0,0,,2513,control,0,,1.092339400202036,2.828025259077549,60.87110796943307,58.04308271035552,59.77876856923103,,,committed,61.612060546875,EXECUTE,authorization_committed,55.621580220758915,55.63675891608,0.015178695321083069,5.244918633252382,,,55.32105593010783,60.8664988540113,60.88167754933238
270,xair_atomic,1,60.0,50.0,after_release,1,0,0,0,1,2515,2514,after_check,0,after_middleware,1.0635554790496826,2.6331190019845963,61.16202287375927,58.52890387177467,60.09846739470959,70.25936897844076,71.37616397812963,committed,62.593017578125,EXECUTE,authorization_committed,56.23194482177496,56.250699795782566,0.018754974007606506,4.924137145280838,65.19161211326718,73.46134493127465,55.21476687863469,61.1560819670558,61.174836941063404
271,xair_atomic,1,60.0,50.0,after_release,1,0,0,0,1,2517,2516,after_check,0,after_middleware,1.011557411402464,2.419999334961176,60.35691313445568,57.936913799494505,59.34535572305322,70.02010010182858,71.27395272254944,committed,61.3310546875,EXECUTE,authorization_committed,55.513626895844936,55.52753293886781,0.013906043022871017,4.839519038796425,65.02093281596899,73.27838288620114,55.02819688990712,60.35314593464136,60.36705197766423
272,xair_atomic,1,60.0,50.0,after_release,1,0,0,0,1,2519,2518,after_check,0,after_middleware,1.2374413199722767,2.62954318895936,61.06123421341181,58.43169102445245,59.82379289343953,70.48517325893044,71.5514337643981,committed,61.7890625,EXECUTE,authorization_committed,56.03922391310334,56.05638585984707,0.01716194674372673,5.017091054469347,65.26721408590674,73.60000628978014,55.30328303575516,61.05631496757269,61.073476914316416
273,xair_atomic,1,60.0,50.0,after_release,1,0,0,0,1,2521,2520,after_check,0,after_middleware,1.1598956771194935,2.6345616206526756,60.36871485412121,57.73415323346853,59.208819177001715,69.7006001137197,70.87867008522153,committed,61.403076171875,EXECUTE,authorization_committed,56.07598274946213,56.09108088538051,0.01509813591837883,4.288865253329277,64.50205901637673,73.85489298030734,54.50374307110906,60.364848002791405,60.379946138709784
274,xair_atomic,0,,50.0,control,1,0,0,0,0,,2522,control,0,,1.1273352429270744,2.766790334135294,60.364187229424715,57.59739689528942,59.23685198649764,,,committed,61.4970703125,EXECUTE,authorization_committed,55.78266317024827,55.798131972551346,0.01546880230307579,4.577136132866144,,,54.659235291182995,60.359799303114414,60.37526810541749
275,xair_atomic,1,60.0,50.0,after_release,1,0,0,0,1,2524,2523,after_check,0,after_middleware,1.1928379535675049,2.869583200663328,60.88463310152292,58.015049900859594,59.69179514795542,71.06088194996119,72.6012117229402,committed,62.18798828125,EXECUTE,authorization_committed,56.385081727057695,56.40196381136775,0.01688208431005478,4.495473112910986,64.87113097682595,75.02651074901223,54.911538027226925,60.88055483996868,60.897436924278736
276,xair_atomic,1,60.0,50.0,after_release,1,0,0,0,1,2526,2525,after_check,0,after_middleware,1.3531791046261787,2.8109229169785976,61.30145490169525,58.490531984716654,59.94827579706907,70.48011291772127,71.87894685193896,committed,62.43408203125,EXECUTE,authorization_committed,56.492323987185955,56.51251086965203,0.020186882466077805,4.8042419366538525,65.0830389931798,74.30985663086176,55.19410781562328,61.29656592383981,61.316752806305885
277,xair_atomic,1,60.0,50.0,after_release,1,0,0,0,1,2528,2527,after_check,0,after_middleware,1.2634298764169216,2.6351031847298145,61.49632018059492,58.86121699586511,60.232890304178,70.98068203777075,72.16979330405593,committed,62.327880859375,EXECUTE,authorization_committed,55.96618680283427,55.979711934924126,0.013525132089853287,5.526567343622446,65.77262235805392,74.23599809408188,55.78966531902552,61.49275414645672,61.50627927854657
278,xair_atomic,0,,50.0,control,1,0,0,0,0,,2529,control,0,,0.8383626118302345,2.0655146799981594,59.409815818071365,57.344301138073206,58.57145320624113,,,committed,61.373046875,EXECUTE,authorization_committed,54.94028190150857,54.95333578437567,0.013053882867097855,4.466248210519552,,,54.55244379118085,59.40653011202812,59.41958399489522
279,xair_atomic,0,,50.0,control,1,0,0,0,0,,2530,control,0,,0.909825786948204,2.1664039231836796,61.181609984487295,59.015206061303616,60.27178419753909,,,committed,63.02490234375,EXECUTE,authorization_committed,55.17332907766104,55.18821720033884,0.01488812267780304,6.0037728399038315,,,56.097233202308416,61.17710191756487,61.19199004024267
280,xair_atomic,1,100.0,50.0,after_release,1,0,0,0,1,2532,2531,after_check,0,after_middleware,1.2200791388750076,2.6202253066003323,61.098214238882065,58.47798893228173,59.87813510000706,110.65293289721012,111.9147902354598,committed,61.60205078125,EXECUTE,authorization_committed,56.27603782340884,56.291356682777405,0.015318859368562698,4.818369168788195,105.01806298270822,114.23779791221023,55.03125302493572,61.09440699219704,61.1097258515656
281,xair_atomic,1,100.0,50.0,after_release,1,0,0,0,1,2534,2533,after_check,0,after_middleware,1.1042319238185883,2.3841331712901592,59.84981218352914,57.46567901223898,58.74558025971055,110.45632418245077,111.96822952479124,committed,61.02587890625,EXECUTE,authorization_committed,55.42324809357524,55.436593014746904,0.013344921171665192,4.423107020556927,104.64631486684084,114.82054088264704,54.66192029416561,59.846355114132166,59.85970003530383
282,xair_atomic,1,100.0,50.0,after_release,1,0,0,0,1,2536,2535,after_check,0,after_middleware,1.1431248858571053,2.4119350127875805,60.0959537550807,57.68401874229312,58.952828869223595,110.88384594768286,113.21211373433471,committed,61.30810546875,EXECUTE,authorization_committed,55.53669994696975,55.553853046149015,0.017153099179267883,4.555315710604191,104.81793666258454,115.79833505675197,54.834302980452776,60.09201565757394,60.109168756753206
283,xair_atomic,1,100.0,50.0,after_release,1,0,0,0,1,2538,2537,after_check,0,after_middleware,1.2784292921423912,2.5628479197621346,62.28427914902568,59.721431229263544,61.00584985688329,112.868239171803,114.1798491589725,committed,63.72900390625,EXECUTE,authorization_committed,55.72817986831069,55.74868759140372,0.020507723093032837,6.5504382364451885,106.79547721520066,116.41624383628368,56.8203991279006,62.27861810475588,62.29912582784891
284,xair_atomic,1,100.0,50.0,after_release,1,0,0,0,1,2540,2539,after_check,0,after_middleware,1.0534357279539108,2.3413319140672684,59.93407964706421,57.59274773299694,58.8806439191103,110.88396701961756,112.05747770145535,committed,61.470947265625,EXECUTE,authorization_committed,55.34459976479411,55.358686950057745,0.014087185263633728,4.586293827742338,105.0163796171546,114.40442083403468,54.948256816715,59.93089359253645,59.94498077780008
285,xair_atomic,0,,50.0,control,1,0,0,0,0,,2541,control,0,,0.9251250885426998,2.446649130433798,60.28191186487675,57.83526273444295,59.35678677633405,,,committed,61.72900390625,EXECUTE,authorization_committed,55.46932388097048,55.48823019489646,0.01890631392598152,4.808399826288223,,,54.89720078185201,60.2777237072587,60.29663002118468
286,xair_atomic,1,100.0,50.0,after_release,1,0,0,0,1,2543,2542,after_check,0,after_middleware,1.322310883551836,2.82673304900527,61.16110226139426,58.33436921238899,59.838791377842426,110.44892016798258,111.82463122531772,committed,62.0810546875,EXECUTE,authorization_committed,56.31106300279498,56.33731326088309,0.026250258088111877,4.84029995277524,105.09023815393448,114.42062119022012,55.11286621913314,61.15136295557022,61.17761321365833
287,xair_atomic,1,100.0,50.0,after_release,1,0,0,0,1,2545,2544,after_check,0,after_middleware,1.0525346733629704,2.474892884492874,61.01301359012723,58.538120705634356,59.96047891676426,111.1102607101202,112.20386158674955,committed,62.199951171875,EXECUTE,authorization_committed,55.57903088629246,55.59959914535284,0.020568259060382843,5.429574754089117,105.62742594629526,114.26708288490772,55.63086783513427,61.008605640381575,61.02917389944196
288,xair_atomic,1,100.0,50.0,after_release,1,0,0,0,1,2547,2546,after_check,0,after_middleware,1.2179147452116013,2.7456008829176426,63.60426498576999,60.858664102852345,62.386350240558386,114.00444013997912,115.10595725849271,committed,64.4619140625,EXECUTE,authorization_committed,56.08835630118847,56.10601929947734,0.017662998288869858,7.509917952120304,107.75679023936391,117.42205126211047,57.77998920530081,63.59827425330877,63.61593725159764
289,xair_atomic,1,100.0,50.0,after_release,1,0,0,0,1,2549,2548,after_check,0,after_middleware,1.0926900431513786,2.6731048710644245,63.67974681779742,61.006641946733,62.587056774646044,112.3136579990387,113.65366168320179,committed,64.5390625,EXECUTE,authorization_committed,58.04598797112703,58.0619378015399,0.015949830412864685,5.629309918731451,105.96631187945604,116.18441995233297,55.99653394892812,63.675297889858484,63.69124772027135
290,xair_atomic,1,100.0,50.0,after_release,1,0,0,0,1,2551,2550,after_check,0,after_middleware,1.1841421946883202,2.777860965579748,61.190708074718714,58.412847109138966,60.006565880030394,111.48139694705606,112.62268805876374,committed,62.714111328125,EXECUTE,authorization_committed,56.00516917183995,56.022662203758955,0.017493031919002533,5.181620828807354,105.4022740572691,115.06340699270368,55.41831906884909,61.186790000647306,61.20428303256631
291,xair_atomic,1,100.0,50.0,after_release,1,0,0,0,1,2553,2552,after_check,0,after_middleware,1.0693063959479332,2.8209821321070194,60.614447109401226,57.79346497729421,59.54514071345329,110.76038470491767,111.80309113115072,committed,61.9140625,EXECUTE,authorization_committed,56.05130596086383,56.064872071146965,0.013566110283136368,4.559903871268034,104.83295610174537,114.20365376397967,54.854250978678465,60.61120983213186,60.624775942415
292,xair_atomic,1,100.0,50.0,after_release,1,0,0,0,1,2555,2554,after_check,0,after_middleware,1.0936018079519272,2.5745797902345657,61.38066295534372,58.80608316510916,60.287061147391796,111.16524320095778,112.28783894330263,committed,62.873046875,EXECUTE,authorization_committed,55.94692984595895,55.96655700355768,0.019627157598733902,5.428964272141457,105.69965094327927,114.48854813352227,55.72205828502774,61.375894118100405,61.39552127569914
293,xair_atomic,1,100.0,50.0,after_release,1,0,0,0,1,2557,2556,after_check,0,after_middleware,0.9865500032901764,2.287791110575199,61.139951925724745,58.852160815149546,60.15340192243457,110.60802917927504,111.84071097522974,committed,62.52490234375,EXECUTE,authorization_committed,55.73083460330963,55.748316925019026,0.017482321709394455,5.405010189861059,105.75665812939405,114.02723286300898,55.77591992914677,61.13584479317069,61.153327114880085
294,xair_atomic,1,100.0,50.0,after_release,1,0,0,0,1,2559,2558,after_check,0,after_middleware,1.0735937394201756,2.433254849165678,60.25490164756775,57.82164679840207,59.18130790814757,110.23150198161602,111.41759669408202,committed,60.97802734375,EXECUTE,authorization_committed,55.47335185110569,55.487056728452444,0.013704877346754074,4.778273869305849,105.04052462056279,113.99241769686341,55.04572996869683,60.25162572041154,60.26533059775829
295,xair_atomic,1,100.0,50.0,after_release,1,0,0,0,1,2561,2560,after_check,0,after_middleware,1.0481360368430614,2.5690291076898575,60.358986258506775,57.78995715081692,59.31085022166371,110.0733052007854,111.04796314612031,committed,61.429931640625,EXECUTE,authorization_committed,55.544554721564054,55.55972410365939,0.015169382095336914,4.8110452480614185,105.02028604969382,113.20270597934723,55.04990695044398,60.35559996962547,60.37076935172081
296,xair_atomic,1,100.0,50.0,after_release,1,0,0,0,1,2563,2562,after_check,0,after_middleware,1.2482809834182262,2.7495683170855045,60.895263217389584,58.14569490030408,59.64698223397136,111.41644604504108,112.8447251394391,committed,61.697021484375,EXECUTE,authorization_committed,56.19885306805372,56.215244345366955,0.016391277313232422,4.693153779953718,104.99880695715547,115.32472679391503,55.01298885792494,60.89200684800744,60.90839812532067
297,xair_atomic,0,,50.0,control,1,0,0,0,0,,2564,control,0,,0.989857129752636,2.333437092602253,59.754632879048586,57.42119578644633,58.76477574929595,,,committed,61.238037109375,EXECUTE,authorization_committed,55.17845880240202,55.193937849253416,0.01547904685139656,4.572847858071327,,,54.66532567515969,59.75130666047335,59.76678570732474
298,xair_atomic,0,,50.0,control,1,0,0,0,0,,2565,control,0,,0.9662620723247528,2.368392888456583,60.65822811797261,58.28983522951603,59.69196604564786,,,committed,62.43701171875,EXECUTE,authorization_committed,55.44064100831747,55.481296963989735,0.0406559556722641,5.210514180362225,,,55.29671115800738,60.651155188679695,60.69181114435196
299,xair_atomic,1,100.0,50.0,after_release,1,0,0,0,1,2567,2566,after_check,0,after_middleware,1.005896832793951,2.2044857032597065,59.839251916855574,57.63476621359587,58.83335508406162,109.98088214546442,110.99673714488745,committed,60.85302734375,EXECUTE,authorization_committed,55.171456187963486,55.188789032399654,0.01733284443616867,4.663847852498293,104.87756878137589,113.00638690590858,54.892552085220814,59.83530404046178,59.85263688489795
300,xair_atomic,1,100.0,50.0,after_release,1,0,0,0,1,2569,2568,after_check,0,after_middleware,1.3182731345295906,2.767581958323717,60.90593338012695,58.138351421803236,59.58766024559736,110.3539215400815,111.61503801122308,committed,61.552001953125,EXECUTE,authorization_committed,56.249198038131,56.265829131007195,0.016631092876195908,4.652006085962057,104.85145030543208,113.92397899180651,54.8653113655746,60.901204124093056,60.91783521696925
301,xair_atomic,0,,50.0,control,1,0,0,0,0,,2570,control,0,,1.2364801950752735,2.5814431719481945,61.39941932633519,58.817976154387,60.16293913125992,,,committed,62.468017578125,EXECUTE,authorization_committed,55.821805726736784,55.84399774670601,0.02219201996922493,5.572273395955563,,,55.658800061792135,61.39407912269235,61.41627114266157
302,xair_atomic,1,100.0,50.0,after_release,1,0,0,0,1,2572,2571,after_check,0,after_middleware,0.8271913975477219,2.3169261403381824,60.48911018297076,58.17218404263258,59.66191878542304,111.35816480964422,112.79295710846782,committed,62.3291015625,EXECUTE,authorization_committed,55.52314501255751,55.54087879136205,0.017733778804540634,4.960515070706606,105.1921178586781,115.38702296093106,55.19818514585495,60.48366008326411,60.50139386206865
303,xair_atomic,1,100.0,50.0,after_release,1,0,0,0,1,2574,2573,after_check,0,after_middleware,0.7711057551205158,2.0494339987635612,60.2132729254663,58.16383892670274,59.44216717034578,111.14008724689484,112.3359901830554,committed,61.85400390625,EXECUTE,authorization_committed,54.719177074730396,54.731440264731646,0.012263190001249313,5.491151008754969,105.71557097136974,114.68227114528418,55.72520429268479,60.210328083485365,60.222591273486614
304,xair_atomic,0,,50.0,control,1,0,0,0,0,,2575,control,0,,1.0012281127274036,2.341712825000286,60.37744088098407,58.03572805598378,59.376212768256664,,,committed,62.22412109375,EXECUTE,authorization_committed,55.31118670478463,55.33051397651434,0.019327271729707718,5.062106065452099,,,55.14624807983637,60.37329277023673,60.39262004196644
305,xair_atomic,1,100.0,50.0,after_release,1,0,0,0,1,2577,2576,after_check,0,after_middleware,1.0891426354646683,2.6248139329254627,60.05674973130226,57.4319357983768,58.96760709583759,110.44998187571764,111.51641188189387,committed,61.053955078125,EXECUTE,authorization_committed,55.641456972807646,55.65623473376036,0.014777760952711105,4.411906003952026,104.75564002990723,113.63084893673658,54.79275481775403,60.05336297675967,60.06814073771238
306,xair_atomic,1,100.0,50.0,after_release,1,0,0,0,1,2579,2578,after_check,0,after_middleware,1.2085270136594772,2.6684757322072983,61.105777975171804,58.437302242964506,59.89725096151233,110.62529124319553,111.8171769194305,committed,61.830078125,EXECUTE,authorization_committed,56.34406488388777,56.35893298313022,0.014868099242448807,4.758116323500872,104.95367227122188,113.97967301309109,54.968243930488825,61.10218120738864,61.11704930663109
307,xair_atomic,0,,50.0,control,1,0,0,0,0,,2580,control,0,,0.9870207868516445,2.5212587788701057,60.18161401152611,57.660355232656,59.19459322467446,,,committed,61.22802734375,EXECUTE,authorization_committed,55.78286200761795,55.81453209742904,0.031670089811086655,4.377502016723156,,,54.46583218872547,60.160364024341106,60.19203411415219
308,xair_atomic,1,100.0,50.0,after_release,1,0,0,0,1,2582,2581,after_check,0,after_middleware,1.178160309791565,2.608183305710554,61.771557200700045,59.16337389498949,60.59339689090848,111.24059604480863,112.22737701609731,committed,63.62890625,EXECUTE,authorization_committed,56.282359175384045,56.3072063960135,0.02484722062945366,5.484488792717457,105.74876284226775,114.55273907631636,55.76695315539837,61.7668479681015,61.791695188730955
309,xair_atomic,1,100.0,50.0,after_release,1,0,0,0,1,2584,2583,after_check,0,after_middleware,1.1775786988437176,2.4812547490000725,60.506002977490425,58.02474822849035,59.32842427864671,111.01892031729221,112.33668215572834,committed,61.35595703125,EXECUTE,authorization_committed,55.59244519099593,55.613124277442694,0.020679086446762085,4.90855798125267,105.18742026761174,114.4965230487287,55.19701400771737,60.5010031722486,60.521682258695364
310,xair_atomic,0,,50.0,control,1,0,0,0,0,,2585,control,0,,0.9025232866406441,2.2615622729063034,60.747696086764336,58.48613381385803,59.84517280012369,,,committed,62.568115234375,EXECUTE,authorization_committed,55.491385981440544,55.50863780081272,0.017251819372177124,5.252553150057793,,,55.3539777174592,60.74393913149834,60.761190950870514
311,xair_atomic,1,100.0,50.0,after_release,1,0,0,0,1,2587,2586,after_check,0,after_middleware,1.1465311981737614,2.8883982449769974,61.12312013283372,58.23472188785672,59.97658893465996,110.92313891276717,112.09209216758609,committed,62.0390625,EXECUTE,authorization_committed,56.605645921081305,56.624901946634054,0.019256025552749634,4.512323997914791,104.90161273628473,114.59484696388245,54.96070999652147,61.117969918996096,61.137225944548845
312,xair_atomic,0,,50.0,control,1,0,0,0,0,,2588,control,0,,1.2723668478429317,2.5716437958180904,60.649110935628414,58.077467139810324,59.37674408778548,,,committed,61.512939453125,EXECUTE,authorization_committed,55.748126935213804,55.761232040822506,0.013105105608701706,4.897737875580788,,,54.984654765576124,60.64586481079459,60.658969916403294
313,xair_atomic,0,,50.0,control,1,0,0,0,0,,2589,control,0,,1.0065282694995403,2.3925681598484516,61.508793383836746,59.116225223988295,60.502265114337206,,,committed,63.2119140625,EXECUTE,authorization_committed,55.81380007788539,55.83079205825925,0.016991980373859406,5.6906151585280895,,,55.784525349736214,61.50441523641348,61.52140721678734
314,xair_atomic,0,,50.0,control,1,0,0,0,0,,2590,control,0,,0.9537902660667896,2.2950363345444202,60.12302543967962,57.8279891051352,59.16923517361283,,,committed,61.419921875,EXECUTE,authorization_committed,55.018297862261534,55.033667013049126,0.015369150787591934,5.100418347865343,,,55.18093425780535,60.11871621012688,60.13408536091447
315,xair_atomic,1,100.0,50.0,after_release,1,0,0,0,1,2592,2591,after_check,0,after_middleware,0.9696190245449543,2.436340320855379,61.43482541665435,58.99848509579897,60.465206392109394,111.49074463173747,112.62757843360305,committed,63.051025390625,EXECUTE,authorization_committed,55.74283795431256,55.75532093644142,0.012482982128858566,5.688501056283712,105.90183129534125,114.8554771207273,55.9066953137517,61.431339010596275,61.443821992725134
316,xair_atomic,1,100.0,50.0,after_release,1,0,0,0,1,2594,2593,after_check,0,after_middleware,1.0033231228590012,2.2909180261194706,59.29931905120611,57.00840102508664,58.29599592834711,109.59707200527191,110.76519312337041,committed,60.291015625,EXECUTE,authorization_committed,55.11522060260177,55.12822465971112,0.013004057109355927,4.180421121418476,104.3473738245666,112.62588389217854,54.34459401294589,59.29564172402024,59.3086457811296
317,xair_atomic,1,100.0,50.0,after_release,1,0,0,0,1,2596,2595,after_check,0,after_middleware,0.9628566913306713,2.1154587157070637,60.163130052387714,58.04767133668065,59.20027336105704,111.24480282887816,112.61046444997191,committed,61.56591796875,EXECUTE,authorization_committed,55.11577194556594,55.14982528984547,0.034053344279527664,5.043541081249714,105.21357925608754,115.13572232797742,55.20449811592698,60.15931302681565,60.19336637109518
318,xair_atomic,1,100.0,50.0,after_release,1,0,0,0,1,2598,2597,after_check,0,after_middleware,1.1525829322636127,2.1872827783226967,61.89537886530161,59.70809608697891,60.742795933037996,111.11679300665855,112.60257009416819,committed,63.821044921875,EXECUTE,authorization_committed,56.25898577272892,56.277350056916475,0.018364284187555313,5.631604231894016,105.9676930308342,114.9663939140737,55.99674303084612,61.890590004622936,61.90895428881049
319,xair_atomic,1,100.0,50.0,after_release,1,0,0,0,1,2600,2599,after_check,0,after_middleware,0.8851606398820877,2.3253029212355614,60.53284369409084,58.20754077285528,59.647683054208755,110.97512813284993,112.44715889915824,committed,61.60302734375,EXECUTE,authorization_committed,55.60531932860613,55.61783304437995,0.012513715773820877,4.924087785184383,105.3631897084415,114.74488908424973,55.3828626871109,60.52940711379051,60.54192082956433
