run,mode,inject,inject_offset_ms,publish_delay_ms,injection_window,gateway_released,gate_blocked,stale_publish,potential_stale_publish,post_release_invalidation,injection_version,check_version,version_order,stale_exact,position_vs_middleware,residual_lo_ms,residual_hi_ms,t_middleware_ms,store_io_lo_ms,store_io_hi_ms,injection_store_lo_ms,injection_store_hi_ms,commit_status,commit_age_ms,outcome,reason,validation_to_gate_ms,validation_to_publish_ms,recheck_to_publish_ms,t_validate_end_ms,t_injection_start_ms,t_injection_end_ms,t_recheck_start_ms,t_recheck_end_ms,t_publish_end_ms
0,xair,1,0.0,50.0,before_recheck,0,1,0,0,0,1482,1482,before_check,0,,,,,60.669389087706804,61.97198247537017,12.453761883080006,13.665894977748394,,,REVOKE,read_set_version_changed_at_gate,55.91300688683987,,,7.24366819486022,7.425519172102213,15.921656973659992,57.723102159798145,63.15667508170009,
1,xair,1,0.0,50.0,before_recheck,0,1,0,0,0,1484,1484,before_check,0,,,,,59.65016828849912,60.82327803596854,10.062777437269688,11.292644310742617,,,REVOKE,read_set_version_changed_at_gate,56.61664670333266,,,5.1530273631215096,5.339226219803095,13.716221321374178,55.573230143636465,61.76967406645417,
2,xair,1,0.0,50.0,before_recheck,0,1,0,0,0,1486,1486,before_check,0,,,,,58.80806688219309,59.953685849905014,10.400829836726189,11.58081367611885,,,REVOKE,read_set_version_changed_at_gate,56.12119706347585,,,4.982906859368086,5.832490976899862,13.887180015444756,56.06380896642804,61.10410392284393,
3,xair,1,0.0,50.0,before_recheck,0,1,0,0,0,1488,1488,before_check,0,,,,,57.747216895222664,58.945223689079285,9.547489695250988,10.698428843170404,,,REVOKE,read_set_version_changed_at_gate,55.58878928422928,,,4.40533272922039,4.5365397818386555,12.977633625268936,54.862364660948515,59.99412201344967,
4,xair,1,0.0,50.0,before_recheck,0,1,0,0,0,1490,1490,before_check,0,,,,,58.6097352206707,60.063633136451244,9.790385141968727,11.07735000550747,,,REVOKE,read_set_version_changed_at_gate,55.63744902610779,,,5.442128982394934,5.599373951554298,13.228484895080328,55.82087393850088,61.07957800850272,
5,xair,1,0.0,50.0,before_recheck,0,1,0,0,0,1492,1492,before_check,0,,,,,58.1866018474102,59.661137871444225,9.937051218003035,11.276623699814081,,,REVOKE,read_set_version_changed_at_gate,55.52089074626565,,,5.082253832370043,5.250378977507353,13.41807097196579,55.557258892804384,60.60314457863569,
6,xair,1,0.0,50.0,before_recheck,0,1,0,0,0,1494,1494,before_check,0,,,,,58.4280239418149,59.86959906294942,9.68658085912466,10.802815202623606,,,REVOKE,read_set_version_changed_at_gate,55.686420761048794,,,5.1905871368944645,5.302596837282181,12.855384964495897,55.53600890561938,60.87700789794326,
7,xair,0,,50.0,control,1,0,0,0,0,,1495,control,0,,0.8949190378189087,2.113725058734417,60.84401719272137,58.73029213398695,59.94909815490246,,,,,EXECUTE,published_after_gate_recheck,55.28617091476917,55.29841361567378,0.012242700904607773,5.557676311582327,,,55.66261801868677,60.8438472263515,60.85608992725611
8,xair,0,,50.0,control,1,0,0,0,0,,1496,control,0,,1.0362239554524422,2.0202999003231525,59.95922675356269,57.938926853239536,58.92300279811025,,,,,EXECUTE,published_after_gate_recheck,54.69989124685526,54.71431836485863,0.014427118003368378,5.25890477001667,,,55.36520900204778,59.95879601687193,59.9732231348753
9,xair,0,,50.0,control,1,0,0,0,0,,1497,control,0,,0.9536179713904858,2.412885893136263,61.02160923182964,58.60872333869338,60.06799126043916,,,,,EXECUTE,published_after_gate_recheck,55.2848381921649,55.299165192991495,0.014327000826597214,5.7366411201655865,,,55.84851512685418,61.021479312330484,61.03580631315708
10,xair,0,,50.0,control,1,0,0,0,0,,1498,control,0,,1.0875300504267216,2.600547857582569,60.62032701447606,58.01977915689349,59.53279696404934,,,,,EXECUTE,published_after_gate_recheck,55.59436930343509,55.6041169911623,0.009747687727212906,5.025818012654781,,,55.133615154773,60.62018731608987,60.62993500381708
11,xair,1,0.0,50.0,before_recheck,0,1,0,0,0,1500,1500,before_check,0,,,,,58.530767913907766,59.79412794113159,10.822922922670841,11.89344096928835,,,REVOKE,read_set_version_changed_at_gate,55.72525504976511,,,5.270055960863829,5.505717825144529,14.31863009929657,55.83530105650425,60.99531101062894,
12,xair,1,0.0,50.0,before_recheck,0,1,0,0,0,1502,1502,before_check,0,,,,,58.69006598368287,60.031953267753124,9.442924056202173,10.510486084967852,,,REVOKE,read_set_version_changed_at_gate,55.84884714335203,,,5.118892062455416,5.260006990283728,12.859693262726068,55.49195688217878,60.96773920580745,
13,xair,1,0.0,50.0,before_recheck,0,1,0,0,0,1504,1504,before_check,0,,,,,58.3599666133523,59.49680879712105,9.93596762418747,11.067460756748915,,,REVOKE,read_set_version_changed_at_gate,55.58499228209257,,,4.859444685280323,5.051134619861841,13.014322612434626,55.44148199260235,60.444436967372894,
14,xair,0,,50.0,control,1,0,0,0,0,,1505,control,0,,1.262569334357977,2.5274809449911118,60.072900261729956,57.545419316738844,58.81033092737198,,,,,EXECUTE,published_after_gate_recheck,55.66123500466347,55.67059200257063,0.009356997907161713,4.411545116454363,,,54.51713828369975,60.07278012111783,60.08213711902499
15,xair,1,0.0,50.0,before_recheck,0,1,0,0,0,1507,1507,before_check,0,,,,,62.36132327467203,63.46276914700866,11.297342833131552,12.48265616595745,,,REVOKE,read_set_version_changed_at_gate,57.759872172027826,,,6.791649851948023,6.974624004215002,14.518645126372576,57.23485583439469,64.55152202397585,
16,xair,1,0.0,50.0,before_recheck,0,1,0,0,0,1509,1509,before_check,0,,,,,59.55703230574727,60.96303975209594,10.940342675894499,12.02313369140029,,,REVOKE,read_set_version_changed_at_gate,56.507261004298925,,,5.623308941721916,5.838802549988031,14.388069976121187,56.87340768054128,62.13056994602084,
17,xair,1,0.0,50.0,before_recheck,0,1,0,0,0,1511,1511,before_check,0,,,,,58.416532818228006,59.620591811835766,9.765769820660353,10.849812999367714,,,REVOKE,read_set_version_changed_at_gate,55.735243018716574,,,4.905001726001501,5.102321971207857,13.098801951855421,55.43535063043237,60.640244744718075,
18,xair,1,0.0,50.0,before_recheck,0,1,0,0,0,1513,1513,before_check,0,,,,,64.87412704154849,66.45739730447531,12.464963365346193,13.711811974644661,,,REVOKE,read_set_version_changed_at_gate,60.68144179880619,,,7.45379226282239,7.656182162463665,15.789309050887823,58.1076443195343,68.13523406162858,
19,xair,1,0.0,50.0,before_recheck,0,1,0,0,0,1515,1515,before_check,0,,,,,60.77471701428294,62.004514038562775,11.082299053668976,15.224720351397991,,,REVOKE,read_set_version_changed_at_gate,57.88922403007746,,,5.530355032533407,5.6624021381139755,17.944402061402798,56.04201927781105,63.419579062610865,
20,xair,0,,50.0,control,1,0,0,0,0,,1516,control,0,,1.4121690765023232,2.641113940626383,62.880156096071005,60.23904215544462,61.46798701956868,,,,,EXECUTE,published_after_gate_recheck,55.5983055382967,55.610548704862595,0.01224316656589508,7.2816903702914715,,,57.392141316086054,62.87999590858817,62.892239075154066
21,xair,1,0.0,50.0,before_recheck,0,1,0,0,0,1518,1518,before_check,0,,,,,59.5098240301013,60.83060195669532,9.747806005179882,10.897172149270773,,,REVOKE,read_set_version_changed_at_gate,57.71527765318751,,,4.475185181945562,4.612503107637167,13.101057149469852,54.89520821720362,62.190462835133076,
22,xair,1,0.0,50.0,before_recheck,0,1,0,0,0,1520,1520,before_check,0,,,,,58.31668619066477,59.58513496443629,10.395580902695656,11.850720271468163,,,REVOKE,read_set_version_changed_at_gate,55.481566581875086,,,5.170800257474184,5.303298123180866,14.224052894860506,55.58861792087555,60.65236683934927,
23,xair,0,,50.0,control,1,0,0,0,0,,1521,control,0,,1.3353247195482254,2.6566237211227417,59.8968998529017,57.240276131778955,58.56157513335347,,,,,EXECUTE,published_after_gate_recheck,55.443706922233105,55.45422621071339,0.01051928848028183,4.453042987734079,,,54.55003026872873,59.896749909967184,59.907269198447466
24,xair,1,0.0,50.0,before_recheck,0,1,0,0,0,1523,1523,before_check,0,,,,,57.81762860715389,58.94812988117337,9.431211743503809,10.311553254723549,,,REVOKE,read_set_version_changed_at_gate,55.27159292250872,,,4.7364747151732445,4.845809657126665,12.437741737812757,55.0454487092793,60.00806763768196,
25,xair,1,0.0,50.0,before_recheck,0,1,0,0,0,1525,1525,before_check,0,,,,,58.51998692378402,59.84482215717435,9.535166900604963,10.8810318633914,,,REVOKE,read_set_version_changed_at_gate,56.39934865757823,,,4.613845143467188,4.722359124571085,12.916749808937311,54.91500487551093,61.01319380104542,
26,xair,1,0.0,50.0,before_recheck,0,1,0,0,0,1527,1527,before_check,0,,,,,59.08013787120581,60.333368834108114,10.798497125506401,12.105478905141354,,,REVOKE,read_set_version_changed_at_gate,55.75198493897915,,,5.866535007953644,6.004673894494772,13.968874234706163,56.32031103596091,61.61851994693279,
27,xair,1,0.0,50.0,before_recheck,0,1,0,0,0,1529,1529,before_check,0,,,,,58.17487882450223,59.489504899829626,9.857431054115295,11.183678638190031,,,REVOKE,read_set_version_changed_at_gate,55.86163001134992,,,4.7532059252262115,4.896123893558979,13.251177035272121,55.200399830937386,60.61483593657613,
28,xair,0,,50.0,control,1,0,0,0,0,,1530,control,0,,1.0981201194226742,2.105009276419878,59.35331014916301,57.24830087274313,58.255190029740334,,,,,EXECUTE,published_after_gate_recheck,54.57992618903518,54.59174793213606,0.011821743100881577,4.773193970322609,,,54.88397600129247,59.353120159357786,59.36494190245867
29,xair,1,0.0,50.0,before_recheck,0,1,0,0,0,1532,1532,before_check,0,,,,,59.50908223167062,60.66898815333843,11.012087110430002,11.863554362207651,,,REVOKE,read_set_version_changed_at_gate,57.404755149036646,,,4.206531215459108,6.35555200278759,14.05973406508565,56.56745424494147,61.611286364495754,
30,xair,1,0.0,50.0,before_recheck,0,1,0,0,0,1534,1534,before_check,0,,,,,58.37286077439785,59.85028296709061,9.875576011836529,10.931085795164108,,,REVOKE,read_set_version_changed_at_gate,55.87890278548002,,,5.082324147224426,5.221144761890173,12.837672140449286,55.51549093797803,60.96122693270445,
31,xair,1,0.0,50.0,before_recheck,0,1,0,0,0,1536,1536,before_check,0,,,,,58.33488004282117,59.44967130199075,10.113702155649662,11.408171150833368,,,REVOKE,read_set_version_changed_at_gate,55.18592335283756,,,5.363842006772757,5.4742093198001385,14.521661214530468,55.74171617627144,60.54976535961032,
32,xair,0,,50.0,control,1,0,0,0,0,,1537,control,0,,1.207605004310608,2.555313054472208,59.99326100572944,57.43794795125723,58.78565600141883,,,,,EXECUTE,published_after_gate_recheck,55.420342832803726,55.43221486732364,0.011872034519910812,4.572778008878231,,,54.67726895585656,59.99312084168196,60.00499287620187
33,xair,0,,50.0,control,1,0,0,0,0,,1538,control,0,,1.2480812147259712,2.2345823235809803,59.69605315476656,57.46147083118558,58.44797194004059,,,,,EXECUTE,published_after_gate_recheck,54.902722127735615,54.91235991939902,0.00963779166340828,4.793121013790369,,,54.88415714353323,59.695843141525984,59.70548093318939
34,xair,1,0.0,50.0,before_recheck,0,1,0,0,0,1540,1540,before_check,0,,,,,57.60699510574341,58.744318317621946,9.731094352900982,10.92443335801363,,,REVOKE,read_set_version_changed_at_gate,55.06797228008509,,,4.7636860981583595,4.8745740205049515,12.979558203369379,55.0366030074656,59.831658378243446,
35,xair,1,0.0,50.0,before_recheck,0,1,0,0,0,1542,1542,before_check,0,,,,,61.981731094419956,63.279806170612574,10.093665216118097,11.177448090165854,,,REVOKE,read_set_version_changed_at_gate,58.54133702814579,,,5.700062960386276,5.809518042951822,13.21769505739212,55.98799791187048,64.24139998853207,
36,xair,1,0.0,50.0,before_recheck,0,1,0,0,0,1544,1544,before_check,0,,,,,57.873685378581285,58.960764203220606,9.637158364057541,10.89362520724535,,,REVOKE,read_set_version_changed_at_gate,55.18304789438844,,,4.677905235439539,4.824330098927021,12.77495501562953,55.10562192648649,59.860953129827976,
37,xair,1,0.0,50.0,before_recheck,0,1,0,0,0,1546,1546,before_check,0,,,,,66.75674906000495,68.23803717270494,11.678829323500395,13.026256114244461,,,REVOKE,read_set_version_changed_at_gate,64.78276522830129,,,4.640765953809023,4.735773894935846,15.320891048759222,57.98377189785242,69.42353118211031,
38,xair,1,0.0,50.0,before_recheck,0,1,0,0,0,1548,1548,before_check,0,,,,,58.978007175028324,60.160395223647356,9.930939879268408,11.386870872229338,,,REVOKE,read_set_version_changed_at_gate,55.845911148935556,,,5.281988997012377,5.409387871623039,13.724847231060266,55.74269825592637,61.12790014594793,
39,xair,1,0.0,50.0,before_recheck,0,1,0,0,0,1550,1550,before_check,0,,,,,58.54646721854806,60.12683128938079,9.75315598770976,11.179361026734114,,,REVOKE,read_set_version_changed_at_gate,56.401242967695,,,4.99948812648654,5.178885068744421,13.195804320275784,55.57260802015662,61.40073109418154,
40,xair,1,30.0,50.0,before_recheck,0,1,0,0,0,1552,1552,before_check,0,,,,,58.618322014808655,59.86771499738097,41.05747910216451,42.282728012651205,,,REVOKE,read_set_version_changed_at_gate,55.60482945293188,,,5.284642800688744,35.61077220365405,44.36422185972333,55.592475924640894,60.889472253620625,
41,xair,1,30.0,50.0,before_recheck,0,1,0,0,0,1554,1554,before_check,0,,,,,59.56476693972945,60.93327375128865,42.29659400880337,43.50495105609298,,,REVOKE,read_set_version_changed_at_gate,56.909145787358284,,,5.282999947667122,35.474366042762995,45.973981730639935,55.51654286682606,62.192145735025406,
42,xair,1,30.0,50.0,before_recheck,0,1,0,0,0,1556,1556,before_check,0,,,,,60.50382787361741,61.61940097808838,40.1609567925334,41.69289069250226,,,REVOKE,read_set_version_changed_at_gate,57.803483214229345,,,5.114313680678606,35.41676793247461,43.9589018933475,55.44182285666466,62.91779689490795,
43,xair,0,,50.0,control,1,0,0,0,0,,1557,control,0,,1.1946610175073147,2.349697984755039,60.64242869615555,58.29273071140051,59.44776767864823,,,,,EXECUTE,published_after_gate_recheck,55.735564325004816,55.746805388480425,0.011241063475608826,4.90672467276454,,,55.01053389161825,60.642288997769356,60.653530061244965
44,xair,0,,50.0,control,1,0,0,0,0,,1558,control,0,,1.1323243379592896,2.5426894426345825,60.69016829133034,58.147478848695755,59.55784395337105,,,,,EXECUTE,published_after_gate_recheck,55.439868941903114,55.44772418215871,0.007855240255594254,5.250188987702131,,,55.349089205265045,60.690057929605246,60.69791316986084
45,xair,0,,50.0,control,1,0,0,0,0,,1559,control,0,,1.4500198885798454,2.768593840301037,61.064220033586025,58.29562619328499,59.61420014500618,,,,,EXECUTE,published_after_gate_recheck,55.69258285686374,55.716197937726974,0.02361508086323738,5.371456034481525,,,55.480155162513256,61.06403889134526,61.0876539722085
46,xair,1,30.0,50.0,before_recheck,0,1,0,0,0,1561,1561,before_check,0,,,,,57.78125114738941,59.234797954559326,40.90158687904477,42.18711890280247,,,REVOKE,read_set_version_changed_at_gate,55.08959200233221,,,5.322595126926899,35.506146028637886,44.42657018080354,55.54460594430566,60.41218712925911,
47,xair,1,30.0,50.0,before_recheck,0,1,0,0,0,1563,1563,before_check,0,,,,,57.75417014956474,58.90456819906831,40.84548121318221,42.18534519895911,,,REVOKE,read_set_version_changed_at_gate,54.76999282836914,,,5.193081218749285,35.3812612593174,44.708387926220894,55.41117489337921,59.963074047118425,
48,xair,1,30.0,50.0,before_recheck,0,1,0,0,0,1565,1565,before_check,0,,,,,57.39635927602649,58.72466089203954,39.755777921527624,41.12675925716758,,,REVOKE,read_set_version_changed_at_gate,55.730033200234175,,,4.265462048351765,34.49260396882892,43.57705591246486,54.545200895518064,59.99549524858594,
49,xair,1,30.0,50.0,before_recheck,0,1,0,0,0,1567,1567,before_check,0,,,,,58.60548838973045,59.98859228566289,41.68552812188864,42.87384729832411,,,REVOKE,read_set_version_changed_at_gate,55.59392785653472,,,5.5848672054708,35.809435416013,45.37686239928007,55.841212160885334,61.17879506200552,
50,xair,0,,50.0,control,1,0,0,0,0,,1568,control,0,,1.4146841131150723,2.7724611572921276,60.94241188839078,58.16995073109865,59.52772777527571,,,,,EXECUTE,published_after_gate_recheck,55.90790789574385,55.919099133461714,0.011191237717866898,5.034403875470161,,,55.13675091788173,60.94231177121401,60.953503008931875
51,xair,1,30.0,50.0,before_recheck,0,1,0,0,0,1570,1570,before_check,0,,,,,58.465815149247646,59.37397899106145,44.59000611677766,45.559764839708805,,,REVOKE,read_set_version_changed_at_gate,54.842709098011255,,,5.587480962276459,35.798894707113504,47.859638929367065,55.88936200365424,60.430190060287714,
52,xair,0,,50.0,control,1,0,0,0,0,,1571,control,0,,1.2053009122610092,2.4709957651793957,60.76075090095401,58.28975513577461,59.555449988693,,,,,EXECUTE,published_after_gate_recheck,55.439879186451435,55.449067149311304,0.009187962859869003,5.320760887116194,,,55.42411981150508,60.76064007356763,60.7698280364275
53,xair,1,30.0,50.0,before_recheck,0,1,0,0,0,1573,1573,before_check,0,,,,,58.118163142353296,59.29806688800454,42.50508500263095,43.648759834468365,,,REVOKE,read_set_version_changed_at_gate,55.15558598563075,,,5.297727882862091,36.70987393707037,45.980004128068686,55.64070586115122,60.45331386849284,
54,xair,1,30.0,50.0,before_recheck,0,1,0,0,0,1575,1575,before_check,0,,,,,58.24109399691224,59.46294637396932,40.861411951482296,42.34041599556804,,,REVOKE,read_set_version_changed_at_gate,56.431420147418976,,,5.10101905092597,35.32339306548238,45.023910235613585,55.41888019070029,61.532439198344946,
55,xair,1,30.0,50.0,before_recheck,0,1,0,0,0,1577,1577,before_check,0,,,,,58.46296017989516,59.591247234493494,41.77907342091203,43.30896306782961,,,REVOKE,read_set_version_changed_at_gate,55.34370802342892,,,5.464822053909302,35.71838419884443,45.42411118745804,55.78040797263384,60.80853007733822,
56,xair,1,30.0,50.0,before_recheck,0,1,0,0,0,1579,1579,before_check,0,,,,,58.30001411959529,59.7526291385293,42.902270797640085,44.02460530400276,,,REVOKE,read_set_version_changed_at_gate,55.83083303645253,,,5.158787127584219,35.44645430520177,46.24168435111642,55.494862142950296,60.98962016403675,
57,xair,1,30.0,50.0,before_recheck,0,1,0,0,0,1581,1581,before_check,0,,,,,58.2811189815402,59.29761566221714,40.68246576935053,41.82519996538758,,,REVOKE,read_set_version_changed_at_gate,55.562779773026705,,,4.82649402692914,35.073133651167154,43.89808792620897,55.14953471720219,60.389273799955845,
58,xair,0,,50.0,control,1,0,0,0,0,,1582,control,0,,1.2595527805387974,2.350158989429474,60.07450306788087,57.724344078451395,58.81495028734207,,,,,EXECUTE,published_after_gate_recheck,55.02000171691179,55.03564095124602,0.015639234334230423,5.0543611869215965,,,55.15146814286709,60.07436290383339,60.09000213816762
59,xair,1,30.0,50.0,before_recheck,0,1,0,0,0,1584,1584,before_check,0,,,,,57.36947897821665,58.58660163357854,39.79865787550807,41.089418809860945,,,REVOKE,read_set_version_changed_at_gate,54.99132815748453,,,4.664820618927479,34.94090586900711,43.058222625404596,54.98538678511977,59.65614877641201,
60,xair,1,30.0,50.0,before_recheck,0,1,0,0,0,1586,1586,before_check,0,,,,,56.89289513975382,57.777103036642075,39.513533003628254,40.73654720559716,,,REVOKE,read_set_version_changed_at_gate,54.143297020345926,,,4.45441622287035,34.68805132433772,42.81960520893335,54.69255708158016,58.597713243216276,
61,xair,1,30.0,50.0,before_recheck,0,1,0,0,0,1588,1588,before_check,0,,,,,57.34974192455411,58.650321792811155,39.885781705379486,41.04011692106724,,,REVOKE,read_set_version_changed_at_gate,55.06511591374874,,,4.460697993636131,34.70123605802655,42.873074766248465,54.757468868047,59.52581390738487,
62,xair,1,30.0,50.0,before_recheck,0,1,0,0,0,1590,1590,before_check,0,,,,,57.732731103897095,59.01894299313426,40.01319082453847,41.37668805196881,,,REVOKE,read_set_version_changed_at_gate,55.284326896071434,,,4.898820072412491,35.07320396602154,43.587095104157925,55.10998098179698,60.183146968483925,
63,xair,0,,50.0,control,1,0,0,0,0,,1591,control,0,,1.2530707754194736,2.6136026717722416,61.55932880938053,58.94572613760829,60.30625803396106,,,,,EXECUTE,published_after_gate_recheck,56.217317935079336,56.23501120135188,0.01769326627254486,5.341670010238886,,,55.52391707897186,61.55898794531822,61.57668121159077
64,xair,1,30.0,50.0,before_recheck,0,1,0,0,0,1593,1593,before_check,0,,,,,57.580695021897554,58.80766734480858,40.06913537159562,41.2034229375422,,,REVOKE,read_set_version_changed_at_gate,55.0946113653481,,,4.741054028272629,34.998794086277485,43.282583355903625,55.04493834450841,59.83566539362073,
65,xair,1,30.0,50.0,before_recheck,0,1,0,0,0,1595,1595,before_check,0,,,,,57.27165564894676,58.56180563569069,40.22088972851634,42.00816294178367,,,REVOKE,read_set_version_changed_at_gate,54.84315985813737,,,4.843916743993759,35.07126960903406,44.65811373665929,55.09594362229109,59.68707660213113,
66,xair,1,30.0,50.0,before_recheck,0,1,0,0,0,1597,1597,before_check,0,,,,,57.733481749892235,58.88642370700836,40.94318486750126,42.164776008576155,,,REVOKE,read_set_version_changed_at_gate,54.80948742479086,,,5.10380370542407,35.279860720038414,44.56580989062786,55.312530137598515,59.91329113021493,
67,xair,1,30.0,50.0,before_recheck,0,1,0,0,0,1599,1599,before_check,0,,,,,60.21384382620454,61.5120898000896,43.0969949811697,44.384920969605446,,,REVOKE,read_set_version_changed_at_gate,55.039579048752785,,,7.482134737074375,37.712444085627794,46.602279879152775,57.75628378614783,62.52171378582716,
68,xair,1,30.0,50.0,before_recheck,0,1,0,0,0,1601,1601,before_check,0,,,,,58.30567516386509,59.284851886332035,42.25928382948041,47.07530792802572,,,REVOKE,read_set_version_changed_at_gate,55.249882861971855,,,5.169046111404896,35.39538802579045,49.65616902336478,55.4471630603075,60.41892897337675,
69,xair,1,30.0,50.0,before_recheck,0,1,0,0,0,1603,1603,before_check,0,,,,,61.367047019302845,62.68272502347827,48.939174041152,50.12145219370723,,,REVOKE,read_set_version_changed_at_gate,56.09596008434892,,,7.9384311102330685,38.478340953588486,52.56768083199859,58.2945141941309,64.03439119458199,
70,xair,0,,50.0,control,1,0,0,0,0,,1604,control,0,,1.1973362416028976,2.640272956341505,60.67704316228628,58.03677020594478,59.479706920683384,,,,,EXECUTE,published_after_gate_recheck,55.47683872282505,55.48892077058554,0.012082047760486603,5.200004205107689,,,55.307891219854355,60.67684292793274,60.688924975693226
71,xair,0,,50.0,control,1,0,0,0,0,,1605,control,0,,1.116815023124218,2.2853068076074123,61.22971000149846,58.94440319389105,60.11289497837424,,,,,EXECUTE,published_after_gate_recheck,55.31865218654275,55.33125530928373,0.012603122740983963,5.9109278954565525,,,56.04240903630853,61.2295800819993,61.242183204740286
72,xair,1,30.0,50.0,before_recheck,0,1,0,0,0,1607,1607,before_check,0,,,,,57.76556208729744,58.76417504623532,40.66329030320048,42.07087028771639,,,REVOKE,read_set_version_changed_at_gate,55.115419905632734,,,4.904370289295912,35.150167997926474,44.655147939920425,55.17258821055293,60.019790194928646,
73,xair,0,,50.0,control,1,0,0,0,0,,1608,control,0,,1.1462499387562275,2.6539480313658714,60.49215607345104,57.83820804208517,59.345906134694815,,,,,EXECUTE,published_after_gate_recheck,55.894993245601654,55.9045011177659,0.00950787216424942,4.597003106027842,,,54.704389069229364,60.491996351629496,60.501504223793745
74,xair,1,30.0,50.0,before_recheck,0,1,0,0,0,1610,1610,before_check,0,,,,,57.13065108284354,58.54982417076826,40.00471532344818,41.02681204676628,,,REVOKE,read_set_version_changed_at_gate,55.03216525539756,,,4.59884712472558,34.76267121732235,43.853795155882835,54.76716812700033,59.63101238012314,
75,xair,1,30.0,50.0,before_recheck,0,1,0,0,0,1612,1612,before_check,0,,,,,57.853837963193655,59.05938893556595,41.08570283278823,42.20827901735902,,,REVOKE,read_set_version_changed_at_gate,54.80143101885915,,,5.168295931071043,35.339933820068836,44.40208384767175,55.34273665398359,59.96972694993019,
76,xair,1,30.0,50.0,before_recheck,0,1,0,0,0,1614,1614,before_check,0,,,,,57.41862067952752,59.01034688577056,40.49717774614692,41.486513800919056,,,REVOKE,read_set_version_changed_at_gate,54.82231080532074,,,5.044111981987953,35.19228706136346,43.67881687358022,55.252487771213055,59.86642278730869,
77,xair,1,30.0,50.0,before_recheck,0,1,0,0,0,1616,1616,before_check,0,,,,,59.35623589903116,60.38869312033057,42.68675623461604,43.95224014297128,,,REVOKE,read_set_version_changed_at_gate,55.077158845961094,,,6.288656964898109,36.611529998481274,46.20817210525274,56.65727285668254,61.3658158108592,
78,xair,1,30.0,50.0,before_recheck,0,1,0,0,0,1618,1618,before_check,0,,,,,58.23067435994744,59.35804918408394,40.6055822968483,41.86715837568045,,,REVOKE,read_set_version_changed_at_gate,55.36401690915227,,,5.110056139528751,35.408493131399155,44.30274711921811,55.45089999213815,60.47407304868102,
79,xair,1,30.0,50.0,before_recheck,0,1,0,0,0,1620,1620,before_check,0,,,,,57.77170415967703,59.11205802112818,40.221051312983036,41.35493794456124,,,REVOKE,read_set_version_changed_at_gate,55.237009190022945,,,4.947931971400976,35.13832623139024,43.34070300683379,55.5376629345119,60.18494116142392,
80,xair,1,40.0,50.0,before_recheck,0,1,0,0,0,1622,1622,before_check,0,,,,,57.24294204264879,58.30051563680172,49.77987194433808,51.04306060820818,,,REVOKE,read_set_version_changed_at_gate,54.513872135430574,,,4.7859977930784225,44.962724670767784,52.837057039141655,54.9726327881217,59.299869928509,
81,xair,1,40.0,50.0,before_recheck,0,1,0,0,0,1624,1624,before_check,0,,,,,57.71077889949083,58.7377161718905,50.70945620536804,52.06307535991073,,,REVOKE,read_set_version_changed_at_gate,55.04809366539121,,,4.915802273899317,45.20915821194649,54.69844909384847,55.24914199486375,59.96389593929052,
82,xair,0,,50.0,control,1,0,0,0,0,,1625,control,0,,1.2127049267292023,3.6441772244870663,61.13740801811218,57.493230793625116,59.92470309138298,,,,,EXECUTE,published_after_gate_recheck,56.634028907865286,56.64280615746975,0.008777249604463577,4.50317794457078,,,54.604833014309406,61.137206852436066,61.14598410204053
83,xair,1,40.0,50.0,before_recheck,0,1,0,0,0,1627,1627,before_check,0,,,,,57.42357112467289,58.67063021287322,50.6833172403276,51.63726583123207,,,REVOKE,read_set_version_changed_at_gate,55.32356118783355,,,4.389774985611439,44.69062527641654,53.7319858558476,54.74179983139038,59.713336173444986,
84,xair,1,40.0,50.0,before_recheck,0,1,0,0,0,1629,1629,before_check,0,,,,,58.544632978737354,59.73720969632268,51.24938767403364,52.54117073491216,,,REVOKE,read_set_version_changed_at_gate,56.09843507409096,,,4.508567042648792,46.36309202760458,54.54930802807212,56.392475962638855,60.60700211673975,
85,xair,0,,50.0,control,1,0,0,0,0,,1630,control,0,,0.9852880612015724,2.214503940194845,59.788967948406935,57.57446400821209,58.80367988720536,,,,,EXECUTE,published_after_gate_recheck,55.06685981526971,55.07733905687928,0.010479241609573364,4.7219181433320045,,,54.81052910909057,59.78877795860171,59.79925720021129
86,xair,1,40.0,50.0,concurrent,0,1,0,0,0,1632,1632,before_check,0,,,,,56.676418986171484,58.12148004770279,49.63105311617255,52.41948273032904,,,REVOKE,read_set_version_changed_at_gate,54.7965532168746,,,4.2834049090743065,44.51456479728222,54.75240992382169,54.55274507403374,59.079958125948906,
87,xair,0,,50.0,control,1,0,0,0,0,,1633,control,0,,1.1921157129108906,2.3660478182137012,59.39624086022377,57.03019304201007,58.20412514731288,,,,,EXECUTE,published_after_gate_recheck,55.0008462741971,55.01112528145313,0.010279007256031036,4.395254887640476,,,54.48927590623498,59.39610116183758,59.40638016909361
88,xair,1,40.0,50.0,before_recheck,0,1,0,0,0,1635,1635,before_check,0,,,,,56.91649904474616,58.2619933411479,49.94423920288682,51.245841197669506,,,REVOKE,read_set_version_changed_at_gate,54.71048131585121,,,4.449646919965744,44.59590697661042,53.464032243937254,54.62500033900142,59.160128235816956,
89,xair,0,,50.0,control,1,0,0,0,0,,1636,control,0,,0.9779338724911213,2.1138647571206093,59.65179996564984,57.537935208529234,58.67386609315872,,,,,EXECUTE,published_after_gate_recheck,55.27859693393111,55.28775416314602,0.009157229214906693,4.3730828911066055,,,54.42376295104623,59.65167982503772,59.660837054252625
90,xair,0,,50.0,control,1,0,0,0,0,,1637,control,0,,1.2850910425186157,2.681559883058071,60.09854795411229,57.41698807105422,58.813456911593676,,,,,EXECUTE,published_after_gate_recheck,55.64502440392971,55.65442098304629,0.00939657911658287,4.453383851796389,,,54.54459926113486,60.0984082557261,60.10780483484268
91,xair,1,40.0,50.0,before_recheck,0,1,0,0,0,1639,1639,before_check,0,,,,,56.76361173391342,58.09381790459156,49.405799712985754,50.50680506974459,,,REVOKE,read_set_version_changed_at_gate,54.90340292453766,,,4.247938748449087,44.39367773011327,52.35338909551501,54.41119009628892,59.151341672986746,
92,xair,1,40.0,50.0,before_recheck,0,1,0,0,0,1641,1641,before_check,0,,,,,56.955252308398485,58.032984379678965,49.994975328445435,51.070192363113165,,,REVOKE,read_set_version_changed_at_gate,54.682628251612186,,,4.31718910112977,44.54293800517917,53.621468134224415,54.576460272073746,58.99981735274196,
93,xair,1,40.0,50.0,before_recheck,0,1,0,0,0,1643,1643,before_check,0,,,,,57.35782673582435,58.37304098531604,50.257015973329544,51.41917569562793,,,REVOKE,read_set_version_changed_at_gate,54.44789817556739,,,4.872108809649944,45.0837817043066,53.32536157220602,55.10164378210902,59.32000698521733,
94,xair,1,40.0,50.0,before_recheck,0,1,0,0,0,1645,1645,before_check,0,,,,,57.205071207135916,58.16113390028477,51.72385927289724,52.57524596527219,,,REVOKE,read_set_version_changed_at_gate,54.42597717046738,,,4.696621093899012,44.89385616034269,54.636693093925714,54.91793109104037,59.12259826436639,
95,xair,0,,50.0,control,1,0,0,0,0,,1646,control,0,,1.2765643186867237,2.4926960468292236,60.20468706265092,57.711991015821695,58.928122743964195,,,,,EXECUTE,published_after_gate_recheck,55.397599935531616,55.416625924408436,0.01902598887681961,4.806906916201115,,,54.907429963350296,60.20450685173273,60.22353284060955
96,xair,1,40.0,50.0,before_recheck,0,1,0,0,0,1648,1648,before_check,0,,,,,60.8056946657598,62.045300379395485,54.29426021873951,55.569392163306475,,,REVOKE,read_set_version_changed_at_gate,55.266124196350574,,,8.020906243473291,48.262345138937235,57.685642037540674,58.28329315409064,63.287030439823866,
97,xair,1,40.0,50.0,before_recheck,0,1,0,0,0,1650,1650,before_check,0,,,,,57.3536790907383,58.60605835914612,49.98396476730704,51.651421934366226,,,REVOKE,read_set_version_changed_at_gate,54.92694675922394,,,4.672415088862181,44.84980273991823,53.84316388517618,54.91846101358533,59.59936184808612,
98,xair,1,40.0,50.0,before_recheck,0,1,0,0,0,1652,1652,before_check,0,,,,,57.449979707598686,58.60591772943735,50.47485465183854,51.4983250759542,,,REVOKE,read_set_version_changed_at_gate,54.49644988402724,,,4.99359704554081,45.207384042441845,53.84803283959627,55.23898173123598,59.49004692956805,
99,xair,1,40.0,50.0,before_recheck,0,1,0,0,0,1654,1654,before_check,0,,,,,57.19227762892842,58.44450602307916,49.975357949733734,51.119374111294746,,,REVOKE,read_set_version_changed_at_gate,54.992439690977335,,,4.321947228163481,44.52805034816265,53.28932497650385,54.558766074478626,59.314386919140816,
100,xair,1,40.0,50.0,before_recheck,0,1,0,0,0,1656,1656,before_check,0,,,,,57.98770906403661,59.20581379905343,50.30560772866011,51.86002375558019,,,REVOKE,read_set_version_changed_at_gate,55.39226019755006,,,4.919327795505524,45.18559295684099,54.17437478899956,55.256114806979895,60.31158799305558,
101,xair,0,,50.0,control,1,0,0,0,0,,1657,control,0,,1.3976618647575378,2.6543186977505684,60.69863401353359,58.044315315783024,59.300972148776054,,,,,EXECUTE,published_after_gate_recheck,55.8956740424037,55.90811790898442,0.012443866580724716,4.802619107067585,,,54.93048299103975,60.69829314947128,60.71073701605201
102,xair,1,40.0,50.0,before_recheck,0,1,0,0,0,1659,1659,before_check,0,,,,,57.68449977040291,58.76929499208927,50.55816192179918,51.96278588846326,,,REVOKE,read_set_version_changed_at_gate,54.675595834851265,,,4.986743908375502,45.213494915515184,53.8542945869267,55.311457719653845,59.66233974322677,
103,xair,1,40.0,50.0,concurrent,0,1,0,0,0,1661,1661,before_check,0,,,,,57.771512772887945,59.24053909257054,50.40195910260081,54.00131084024906,,,REVOKE,read_set_version_changed_at_gate,55.75902806594968,,,4.510500933974981,44.7724680416286,56.77632614970207,54.81749214231968,60.26952899992466,
104,xair,1,40.0,50.0,before_recheck,0,1,0,0,0,1663,1663,before_check,0,,,,,57.591415010392666,58.949492406100035,51.13034509122372,52.33840178698301,,,REVOKE,read_set_version_changed_at_gate,55.06520578637719,,,5.058068316429853,45.284708961844444,54.56919502466917,55.31857116147876,60.123274102807045,
105,xair,1,40.0,50.0,before_recheck,0,1,0,0,0,1665,1665,before_check,0,,,,,58.259437792003155,59.49830170720816,51.229940727353096,52.419332787394524,,,REVOKE,read_set_version_changed_at_gate,55.33520318567753,,,5.29118487611413,45.514830853790045,54.75012492388487,55.569130927324295,60.62638806179166,
106,xair,1,40.0,50.0,before_recheck,0,1,0,0,0,1667,1667,before_check,0,,,,,56.83343345299363,57.813532184809446,50.329603254795074,51.40881706029177,,,REVOKE,read_set_version_changed_at_gate,53.896885365247726,,,4.838366061449051,45.009222347289324,53.7553490139544,55.0289680249989,58.73525142669678,
107,xair,1,40.0,50.0,before_recheck,0,1,0,0,0,1669,1669,before_check,0,,,,,57.36517067998648,58.787278831005096,51.30167677998543,52.73329187184572,,,REVOKE,read_set_version_changed_at_gate,55.335803888738155,,,4.537201952189207,44.83353300020099,54.70655392855406,54.83678774908185,59.87300584092736,
108,xair,1,40.0,50.0,before_recheck,0,1,0,0,0,1671,1671,before_check,0,,,,,57.487640995532274,58.3324353210628,50.31980527564883,51.4890281483531,,,REVOKE,read_set_version_changed_at_gate,54.581088945269585,,,4.719503223896027,44.978886377066374,53.595079109072685,55.02203619107604,59.30059216916561,
109,xair,1,40.0,50.0,before_recheck,0,1,0,0,0,1673,1673,before_check,0,,,,,56.445496156811714,57.80425388365984,50.043716095387936,51.43484612926841,,,REVOKE,read_set_version_changed_at_gate,54.36781793832779,,,4.328188952058554,44.48812501505017,53.65248583257198,54.53358916565776,58.69600689038634,
110,xair,0,,50.0,control,1,0,0,0,0,,1674,control,0,,0.9670043364167213,2.1731466986238956,58.57942812144756,56.40628142282367,57.61242378503084,,,,,EXECUTE,published_after_gate_recheck,54.65235188603401,54.66238083317876,0.01002894714474678,3.9269360713660717,,,54.017319809645414,58.57928795740008,58.58931690454483
111,xair,1,40.0,50.0,before_recheck,0,1,0,0,0,1676,1676,before_check,0,,,,,56.83302320539951,58.045506943017244,50.21335510537028,51.37983290478587,,,REVOKE,read_set_version_changed_at_gate,54.28014416247606,,,4.7150650061666965,44.869190081954,53.30980382859707,54.88548008725047,58.99520916864276,
112,xair,1,40.0,50.0,before_recheck,0,1,0,0,0,1678,1678,before_check,0,,,,,57.58086498826742,58.87671606615186,49.770784098654985,50.81944214180112,,,REVOKE,read_set_version_changed_at_gate,55.36958808079362,,,4.606580827385187,44.85874017700553,52.79613006860018,54.930082987993956,59.976168908178806,
113,xair,1,40.0,50.0,before_recheck,0,1,0,0,0,1680,1680,before_check,0,,,,,56.50790315121412,57.73229990154505,48.744449857622385,49.7275241650641,,,REVOKE,read_set_version_changed_at_gate,54.21652412042022,,,4.384865984320641,44.53258914873004,51.80816678330302,54.559407755732536,58.60139010474086,
114,xair,0,,50.0,control,1,0,0,0,0,,1681,control,0,,1.0721022263169289,2.0738011226058006,59.05739590525627,56.98359478265047,57.98529367893934,,,,,EXECUTE,published_after_gate_recheck,54.60331914946437,54.6118151396513,0.008495990186929703,4.453965928405523,,,54.54096291214228,59.05728507786989,59.06578106805682
115,xair,1,40.0,50.0,before_recheck,0,1,0,0,0,1683,1683,before_check,0,,,,,57.02888034284115,58.10571042820811,49.93139626458287,51.034375093877316,,,REVOKE,read_set_version_changed_at_gate,54.30216481909156,,,4.715686198323965,44.86285801976919,52.861692383885384,54.8505331389606,59.01785101741552,
116,xair,1,40.0,50.0,before_recheck,0,1,0,0,0,1685,1685,before_check,0,,,,,57.47770192101598,58.56921011582017,49.77981187403202,50.83235586062074,,,REVOKE,read_set_version_changed_at_gate,54.276696871966124,,,5.062506999820471,45.20679311826825,52.63816379010677,55.227491073310375,59.339203871786594,
117,xair,1,40.0,50.0,before_recheck,0,1,0,0,0,1687,1687,before_check,0,,,,,56.240441743284464,57.305569760501385,49.10148959606886,50.159533973783255,,,REVOKE,read_set_version_changed_at_gate,53.7950131110847,,,4.261053632944822,44.41178170964122,52.149767987430096,54.42605772987008,58.05606674402952,
118,xair,0,,50.0,control,1,0,0,0,0,,1688,control,0,,1.0973489843308926,2.40116473287344,60.663037933409214,58.261873200535774,59.56568894907832,,,,,EXECUTE,published_after_gate_recheck,56.037239730358124,56.04642676189542,0.009187031537294388,4.625668283551931,,,54.72039012238383,60.662908013910055,60.67209504544735
119,xair,1,40.0,50.0,before_recheck,0,1,0,0,0,1690,1690,before_check,0,,,,,57.547582779079676,58.93644876778126,49.77175686508417,50.90516293421388,,,REVOKE,read_set_version_changed_at_gate,54.813744965940714,,,4.8263538628816605,44.99163990840316,53.44065884128213,55.01380003988743,59.640098828822374,
120,xair,1,45.0,50.0,concurrent,0,1,0,0,0,1692,1692,before_check,0,,,,,100.18023708835244,101.08517529442906,97.81864704564214,99.10971904173493,,,REVOKE,read_set_version_changed_at_gate,97.23406005650759,,,4.832616075873375,50.00582616776228,101.34536307305098,55.032995995134115,102.06667613238096,
121,xair,1,45.0,50.0,concurrent,0,1,0,0,0,1694,1694,before_check,0,,,,,57.31548694893718,58.261522091925144,55.028587114065886,56.43917294219136,,,REVOKE,read_set_version_changed_at_gate,54.143286775797606,,,5.013605114072561,50.13377498835325,58.416813146322966,55.20329484716058,59.15689188987017,
122,xair,1,45.0,50.0,concurrent,0,1,0,0,0,1696,1696,before_check,0,,,,,57.8528163023293,59.11501403898001,54.806501138955355,56.048181373625994,,,REVOKE,read_set_version_changed_at_gate,55.22430408746004,,,4.78293327614665,49.97031902894378,58.55148704722524,54.955481085926294,60.00723736360669,
123,xair,1,45.0,50.0,concurrent,0,1,0,0,0,1698,1698,before_check,0,,,,,60.784033965319395,61.88582116737962,58.27193195000291,59.64373517781496,,,REVOKE,read_set_version_changed_at_gate,58.100400026887655,,,5.016791168600321,50.280410796403885,61.83010712265968,55.51156401634216,63.117191195487976,
124,xair,1,45.0,50.0,concurrent,0,1,0,0,0,1700,1700,before_check,0,,,,,58.058211114257574,59.14072087034583,55.52693223580718,56.78463215008378,,,REVOKE,read_set_version_changed_at_gate,55.493290070444345,,,4.75425785407424,49.9581559561193,59.15103107690811,54.986078292131424,60.247547924518585,
125,xair,1,45.0,50.0,concurrent,0,1,0,0,0,1702,1702,before_check,0,,,,,57.61781521141529,58.59679216518998,55.12813525274396,56.3703952357173,,,REVOKE,read_set_version_changed_at_gate,54.77035278454423,,,4.643391352146864,49.81149127706885,58.6743070743978,54.837890435010195,59.41374413669109,
126,xair,0,,50.0,control,1,0,0,0,0,,1703,control,0,,1.1629308573901653,2.6275888085365295,60.45642867684364,57.828839868307114,59.29349781945348,,,,,EXECUTE,published_after_gate_recheck,55.601431988179684,55.61366491019726,0.01223292201757431,4.854856990277767,,,54.964927956461906,60.45628897845745,60.468521900475025
127,xair,1,45.0,50.0,concurrent,0,1,0,0,0,1705,1705,before_check,0,,,,,57.24148917943239,58.41532116755843,54.918922018259764,56.125255301594734,,,REVOKE,read_set_version_changed_at_gate,54.53077424317598,,,4.524677991867065,49.698700197041035,58.09232499450445,54.73100999370217,59.05545223504305,
128,xair,1,45.0,50.0,concurrent,0,1,0,0,0,1707,1707,before_check,0,,,,,56.75365403294563,57.78727261349559,53.9899286814034,55.32537400722504,,,REVOKE,read_set_version_changed_at_gate,54.30686427280307,,,4.219745751470327,49.39120262861252,57.877291925251484,54.422931745648384,58.526610024273396,
129,xair,1,45.0,50.0,concurrent,0,1,0,0,0,1709,1709,before_check,0,,,,,56.944241281598806,58.13570600003004,54.36163628473878,55.595110170543194,,,REVOKE,read_set_version_changed_at_gate,54.64603006839752,,,4.428658168762922,49.57492696121335,57.80164897441864,54.61107427254319,59.074688237160444,
130,xair,1,45.0,50.0,concurrent,0,1,0,0,0,1711,1711,before_check,0,,,,,57.971777860075235,59.244886972010136,55.271793622523546,56.64756381884217,,,REVOKE,read_set_version_changed_at_gate,55.050088092684746,,,5.141153931617737,50.33051362261176,58.88142483308911,55.361862760037184,60.19124202430248,
131,xair,1,45.0,50.0,concurrent,0,1,0,0,0,1713,1713,before_check,0,,,,,57.580024003982544,58.716464787721634,54.93950005620718,56.063057854771614,,,REVOKE,read_set_version_changed_at_gate,55.03355711698532,,,4.708962980657816,49.85666507855058,58.65001119673252,54.89398492500186,59.74252009764314,
132,xair,0,,50.0,control,1,0,0,0,0,,1714,control,0,,1.05676194652915,2.312497701495886,60.72495272383094,58.41245502233505,59.66819077730179,,,,,EXECUTE,published_after_gate_recheck,55.49617484211922,55.509630125015974,0.013455282896757126,5.228667985647917,,,55.35338679328561,60.724842827767134,60.73829811066389
133,xair,0,,50.0,control,1,0,0,0,0,,1715,control,0,,0.8873539045453072,1.7767730168998241,58.84448578581214,57.067712768912315,57.95713188126683,,,,,EXECUTE,published_after_gate_recheck,54.07275492325425,54.08303393051028,0.010279007256031036,4.771610721945763,,,54.867615923285484,58.844365645200014,58.854644652456045
134,xair,1,45.0,50.0,concurrent,0,1,0,0,0,1717,1717,before_check,0,,,,,57.24515579640865,58.5049488581717,54.699028842151165,55.66734587773681,,,REVOKE,read_set_version_changed_at_gate,54.895027074962854,,,4.548892844468355,49.70138380303979,57.69630195572972,54.73617883399129,59.44391991943121,
135,xair,1,45.0,50.0,concurrent,0,1,0,0,0,1719,1719,before_check,0,,,,,57.61478887870908,59.091389179229736,55.28808385133743,56.513622868806124,,,REVOKE,read_set_version_changed_at_gate,55.04596000537276,,,4.939625971019268,50.169712863862514,58.62122680991888,55.21046882495284,59.98558597639203,
136,xair,0,,50.0,control,1,0,0,0,0,,1720,control,0,,1.0004467330873013,2.097195014357567,59.80482790619135,57.70763289183378,58.80438117310405,,,,,EXECUTE,published_after_gate_recheck,54.99619711190462,55.00705819576979,0.01086108386516571,4.808519966900349,,,54.9053568392992,59.80471707880497,59.815578162670135
137,xair,1,45.0,50.0,concurrent,0,1,0,0,0,1722,1722,before_check,0,,,,,57.79716093093157,59.25011681392789,55.17669580876827,56.32015084847808,,,REVOKE,read_set_version_changed_at_gate,55.99093297496438,,,4.416925832629204,49.65188167989254,58.807956986129284,54.685092996805906,60.407858807593584,
138,xair,0,,50.0,control,1,0,0,0,0,,1723,control,0,,1.0434077121317387,2.2062286734580994,59.697225689888,57.4909970164299,58.65381797775626,,,,,EXECUTE,published_after_gate_recheck,54.85154502093792,54.86479960381985,0.01325458288192749,4.845580086112022,,,54.953756742179394,59.69712510704994,59.71037968993187
139,xair,1,45.0,50.0,concurrent,0,1,0,0,0,1725,1725,before_check,0,,,,,57.3468660004437,58.38946206495166,54.83515514060855,55.9623590670526,,,REVOKE,read_set_version_changed_at_gate,54.53974986448884,,,4.7475663013756275,49.95679343119264,58.36450541391969,54.99764904379845,59.28731616586447,
140,xair,1,45.0,50.0,concurrent,0,1,0,0,0,1727,1727,before_check,0,,,,,58.29088715836406,59.57511579617858,57.23343323916197,58.24686400592327,,,REVOKE,read_set_version_changed_at_gate,56.15038191899657,,,4.594739060848951,49.81018789112568,62.214197125285864,54.84146624803543,60.745120979845524,
141,xair,1,45.0,50.0,concurrent,0,1,0,0,0,1729,1729,before_check,0,,,,,57.893692050129175,59.43589471280575,55.38760079070926,56.59882305189967,,,REVOKE,read_set_version_changed_at_gate,55.62805198132992,,,4.798571113497019,49.991157837212086,59.10337110981345,55.01652508974075,60.42662309482694,
142,xair,1,45.0,50.0,concurrent,0,1,0,0,0,1731,1731,before_check,0,,,,,58.150894939899445,58.99689206853509,55.966606829315424,57.07393493503332,,,REVOKE,read_set_version_changed_at_gate,54.61537325754762,,,5.206145811825991,50.40222918614745,59.1321662068367,55.42236613109708,59.82151906937361,
143,xair,1,45.0,50.0,concurrent,0,1,0,0,0,1733,1733,before_check,0,,,,,57.834550738334656,58.8831277564168,55.385516956448555,56.40974873676896,,,REVOKE,read_set_version_changed_at_gate,55.37460697814822,,,4.621118772774935,49.84342074021697,58.934143744409084,54.89059863612056,59.99572575092316,
144,xair,1,45.0,50.0,concurrent,0,1,0,0,0,1735,1735,before_check,0,,,,,58.67803329601884,60.151527635753155,55.77585892751813,57.1562391705811,,,REVOKE,read_set_version_changed_at_gate,55.760831106454134,,,5.109946243464947,50.322790164500475,59.66066708788276,55.344350170344114,60.87077734991908,
145,xair,0,,50.0,control,1,0,0,0,0,,1736,control,0,,1.0949638672173023,1.9971071742475033,59.723544865846634,57.72643769159913,58.62858099862933,,,,,EXECUTE,published_after_gate_recheck,54.7507768496871,54.76010404527187,0.009327195584774017,4.972627852112055,,,55.07891206070781,59.723404701799154,59.73273189738393
146,xair,1,45.0,50.0,concurrent,0,1,0,0,0,1738,1738,before_check,0,,,,,57.38392611965537,58.54355217888951,54.944190196692944,56.23428011313081,,,REVOKE,read_set_version_changed_at_gate,54.77377865463495,,,4.619877319782972,49.77006418630481,58.489831164479256,54.784941021353006,59.393655974417925,
147,xair,0,,50.0,control,1,0,0,0,0,,1739,control,0,,1.1340067721903324,2.288642805069685,59.352528769522905,57.06388596445322,58.21852199733257,,,,,EXECUTE,published_after_gate_recheck,55.096544791013,55.105943232774734,0.009398441761732101,4.2557427659630775,,,54.34850184246898,59.35228755697608,59.36168599873781
148,xair,0,,50.0,control,1,0,0,0,0,,1740,control,0,,0.934092327952385,2.005081158131361,58.438985142856836,56.433903984725475,57.50489281490445,,,,,EXECUTE,published_after_gate_recheck,54.338984191417694,54.34600729495287,0.0070231035351753235,4.099880810827017,,,54.182610008865595,58.43886500224471,58.445888105779886
149,xair,1,45.0,50.0,concurrent,0,1,0,0,0,1742,1742,before_check,0,,,,,56.92374287173152,58.577245101332664,54.452387150377035,55.69963715970516,,,REVOKE,read_set_version_changed_at_gate,55.11036096140742,,,4.3531060218811035,49.513712991029024,57.90368095040321,54.52853022143245,59.46346698328853,
150,xair,1,45.0,50.0,concurrent,0,1,0,0,0,1744,1744,before_check,0,,,,,59.5762194134295,60.581274330616,58.21944307535887,59.54577215015888,,,REVOKE,read_set_version_changed_at_gate,56.48107221350074,,,5.432932171970606,50.613956060260534,62.68904823809862,55.61827402561903,61.914004385471344,
151,xair,1,45.0,50.0,concurrent,0,1,0,0,0,1746,1746,before_check,0,,,,,60.2532378397882,61.526446137577295,57.8980902209878,58.98796487599611,,,REVOKE,read_set_version_changed_at_gate,54.89104986190796,,,7.424036040902138,52.66180681064725,61.36155687272549,57.698404882103205,62.3150859028101,
152,xair,1,45.0,50.0,concurrent,0,1,0,0,0,1748,1748,before_check,0,,,,,57.450511027127504,58.863962069153786,54.938578978180885,56.06140522286296,,,REVOKE,read_set_version_changed_at_gate,55.16924103721976,,,4.610439296811819,49.750315956771374,58.09232499450445,54.75756898522377,59.77968033403158,
153,xair,1,45.0,50.0,concurrent,0,1,0,0,0,1750,1750,before_check,0,,,,,57.823481038212776,59.15460828691721,55.410795379430056,56.51626829057932,,,REVOKE,read_set_version_changed_at_gate,55.059986654669046,,,4.810624290257692,49.95572194457054,58.70475433766842,54.97198225930333,59.87061094492674,
154,xair,1,45.0,50.0,concurrent,0,1,0,0,0,1752,1752,before_check,0,,,,,57.12337698787451,58.218812104314566,54.25931420177221,55.51588209345937,,,REVOKE,read_set_version_changed_at_gate,54.43163774907589,,,4.813940264284611,49.96873624622822,57.55394510924816,54.98787108808756,59.2455780133605,
155,xair,1,45.0,50.0,concurrent,0,1,0,0,0,1754,1754,before_check,0,,,,,56.97648227214813,58.81572235375643,54.230280220508575,55.28822494670749,,,REVOKE,read_set_version_changed_at_gate,55.21848285570741,,,4.582056310027838,49.72268408164382,57.73560609668493,54.73907524719834,59.800539165735245,
156,xair,1,45.0,50.0,concurrent,0,1,0,0,0,1756,1756,before_check,0,,,,,58.52572852745652,59.79182291775942,55.9099311940372,57.14423628523946,,,REVOKE,read_set_version_changed_at_gate,56.102593429386616,,,4.55807987600565,49.70589326694608,59.62047120556235,54.71724318340421,60.660673305392265,
157,xair,0,,50.0,control,1,0,0,0,0,,1757,control,0,,1.3021929189562798,2.659248188138008,60.91298582032323,58.25373763218522,59.61079290136695,,,,,EXECUTE,published_after_gate_recheck,55.53565872833133,55.54947489872575,0.013816170394420624,5.376976914703846,,,55.49411103129387,60.91263564303517,60.926451813429594
158,xair,0,,50.0,control,1,0,0,0,0,,1758,control,0,,1.3227621093392372,2.6035653427243233,61.678062193095684,59.07449685037136,60.35530008375645,,,,,EXECUTE,published_after_gate_recheck,55.947631131857634,55.96066592261195,0.013034790754318237,5.730289965867996,,,55.861048866063356,61.67792109772563,61.69095588847995
159,xair,1,45.0,50.0,concurrent,0,1,0,0,0,1760,1760,before_check,0,,,,,57.39927478134632,59.05390903353691,55.09017314761877,56.14482099190354,,,REVOKE,read_set_version_changed_at_gate,55.27819599956274,,,4.792599938809872,49.99668803066015,58.49042208865285,55.03138294443488,60.07079593837261,
160,xair,0,,50.0,control,1,0,0,0,0,,1761,control,0,,1.0620229877531528,2.439355943351984,59.908973053097725,57.46961710974574,58.84695006534457,,,,,EXECUTE,published_after_gate_recheck,55.088589899241924,55.100010707974434,0.011420808732509613,4.820022266358137,,,54.919893853366375,59.90861216560006,59.92003297433257
161,xair,1,50.0,50.0,concurrent,0,1,0,0,0,1763,1763,before_check,0,,,,,63.963158056139946,65.33088395372033,61.16431811824441,62.36264482140541,,,REVOKE,read_set_version_changed_at_gate,61.01823411881924,,,5.458239000290632,55.662255734205246,64.55464707687497,55.9248891659081,66.47647311910987,
162,xair,1,50.0,50.0,concurrent,0,1,0,0,0,1765,1765,before_check,0,,,,,64.56571817398071,65.73124509304762,61.962253879755735,63.21210926398635,,,REVOKE,read_set_version_changed_at_gate,60.41249679401517,,,6.309736054390669,56.499987840652466,65.5132862739265,56.83221109211445,66.72223284840584,
163,xair,0,,50.0,control,1,0,0,0,0,,1766,control,0,,1.3015619479119778,2.7481652796268463,60.84508914500475,58.0969238653779,59.54352719709277,,,,,EXECUTE,published_after_gate_recheck,56.06410000473261,56.07570242136717,0.011602416634559631,4.7808378003537655,,,54.88458788022399,60.844937805086374,60.856540221720934
164,xair,1,50.0,50.0,concurrent,0,1,0,0,0,1768,1768,before_check,0,,,,,63.752852845937014,64.88856393843889,61.023763846606016,62.219958286732435,,,REVOKE,read_set_version_changed_at_gate,61.0539298504591,,,4.609507042914629,54.78989984840155,64.90109721198678,55.0967650488019,65.66343689337373,
165,xair,1,50.0,50.0,concurrent,1,0,0,1,0,1770,1769,after_check,0,after_middleware,1.3613039627671242,2.8363210149109364,63.71745700016618,60.88113598525524,62.356153037399054,64.67622518539429,65.88749820366502,,,EXECUTE,published_after_gate_recheck,56.626284029334784,56.63855792954564,0.012273900210857391,7.090881932526827,57.35075427219272,67.68468907102942,57.6754929497838,63.71716596186161,63.72943986207247
166,xair,1,50.0,50.0,concurrent,1,0,0,1,0,1772,1771,after_check,0,after_middleware,1.271235290914774,2.6110480539500713,61.98715092614293,59.37610287219286,60.71591563522816,63.014928717166185,64.52788691967726,,,EXECUTE,published_after_gate_recheck,55.77280418947339,55.784826166927814,0.012021977454423904,6.214176770299673,56.482935789972544,67.014891654253,56.73010880127549,61.986980959773064,61.99900293722749
167,xair,1,50.0,50.0,concurrent,0,1,0,0,0,1774,1774,before_check,0,,,,,61.40006938949227,62.541671097278595,58.72626416385174,60.16153655946255,,,REVOKE,read_set_version_changed_at_gate,59.27673680707812,,,4.2192041873931885,54.38545113429427,62.207264360040426,54.51904097571969,63.49594099447131,
168,xair,1,50.0,50.0,concurrent,0,1,0,0,0,1776,1776,before_check,0,,,,,62.91934987530112,64.17880300432444,60.53547793999314,61.82443583384156,,,REVOKE,read_set_version_changed_at_gate,60.298444237560034,,,5.15285599976778,55.40927220135927,64.05556201934814,55.62348384410143,65.45130023732781,
169,xair,1,50.0,50.0,concurrent,1,0,0,1,0,1778,1777,after_check,0,after_middleware,0.9115701541304588,2.083699218928814,59.31163299828768,57.227933779358864,58.40006284415722,60.43059146031737,61.44423270598054,,,EXECUTE,published_after_gate_recheck,55.127022322267294,55.13767199590802,0.010649673640727997,4.184379708021879,54.38072280958295,63.212730921804905,54.62438985705376,59.31140203028917,59.3220517039299
170,xair,0,,50.0,control,1,0,0,0,0,,1779,control,0,,1.0998332872986794,2.309853211045265,59.62775507941842,57.317901868373156,58.52792179211974,,,,,EXECUTE,published_after_gate_recheck,54.826639126986265,54.83709927648306,0.010460149496793747,4.800975788384676,,,54.902590811252594,59.62761491537094,59.638075064867735
171,xair,0,,50.0,control,1,0,0,0,0,,1780,control,0,,1.2450860813260078,2.2140941582620144,59.74171916022897,57.52762500196695,58.49663307890296,,,,,EXECUTE,published_after_gate_recheck,54.66120922937989,54.67475391924381,0.013544689863920212,5.0803800113499165,,,55.17967091873288,59.74158924072981,59.75513393059373
172,xair,1,50.0,50.0,concurrent,1,0,0,1,0,1782,1781,after_check,0,after_middleware,0.7514692842960358,1.9630021415650845,58.989087119698524,57.02608497813344,58.23761783540249,60.433557257056236,61.63404881954193,,,EXECUTE,published_after_gate_recheck,54.54692430794239,54.55479910597205,0.007874798029661179,4.442052915692329,54.6683119609952,63.92632890492678,54.79213409125805,58.98897722363472,58.99685202166438
173,xair,0,,50.0,control,1,0,0,0,0,,1783,control,0,,0.8411076851189137,1.798182725906372,59.00313379243016,57.20495106652379,58.16202610731125,,,,,EXECUTE,published_after_gate_recheck,54.389439057558775,54.39911736175418,0.009678304195404053,4.613584838807583,,,54.70453994348645,59.00302389636636,59.01270220056176
174,xair,1,50.0,50.0,concurrent,0,1,0,0,0,1785,1785,before_check,0,,,,,63.93406307324767,65.27152191847563,61.697257217019796,62.775990925729275,,,REVOKE,read_set_version_changed_at_gate,61.96496030315757,,,4.356401972472668,54.60641626268625,65.19637117162347,54.94391918182373,66.32136227563024,
175,xair,0,,50.0,control,1,0,0,0,0,,1786,control,0,,0.9341617114841938,1.9132890738546848,58.90738405287266,56.99409497901797,57.973222341388464,,,,,EXECUTE,published_after_gate_recheck,54.44732774049044,54.45731710642576,0.009989365935325623,4.459936171770096,,,54.55502914264798,58.90726391226053,58.91725327819586
176,xair,1,50.0,50.0,concurrent,0,1,0,0,0,1788,1788,before_check,0,,,,,62.572539784014225,63.70655680075288,59.77402999997139,61.14833801984787,,,REVOKE,read_set_version_changed_at_gate,60.064264107495546,,,4.629884846508503,54.84096612781286,63.440658152103424,55.0221661105752,64.69414895400405,
177,xair,1,50.0,50.0,concurrent,1,0,0,1,0,1790,1789,after_check,0,after_middleware,1.2202891521155834,2.522943075746298,63.67870420217514,61.15576112642884,62.45841505005956,66.54839729890227,67.88527499884367,,,EXECUTE,published_after_gate_recheck,56.678904220461845,56.69139698147774,0.012492761015892029,6.999670062214136,57.18135600909591,69.70059126615524,57.35479108989239,63.67857428267598,63.69106704369187
178,xair,1,50.0,50.0,concurrent,0,1,0,0,0,1792,1792,before_check,0,,,,,62.956489622592926,63.97968903183937,60.37307297810912,61.66051793843508,,,REVOKE,read_set_version_changed_at_gate,60.22384390234947,,,4.607943817973137,54.80518890544772,63.62700695171952,55.12570962309837,64.83178772032261,
179,xair,1,50.0,50.0,concurrent,1,0,0,1,0,1794,1793,after_check,0,after_middleware,1.1499370448291302,2.2600903175771236,59.94310695677996,57.68301663920283,58.79316991195083,61.094756703823805,62.51166481524706,,,EXECUTE,published_after_gate_recheck,55.31215900555253,55.32240914180875,0.010250136256217957,4.6305968426167965,54.82249055057764,64.46703290566802,55.032805539667606,59.94275584816933,59.953005984425545
180,xair,0,,50.0,control,1,0,0,0,0,,1795,control,0,,1.6095987521111965,2.9904386028647423,60.998675879091024,58.00823727622628,59.38907712697983,,,,,EXECUTE,published_after_gate_recheck,56.58325366675854,56.600515730679035,0.017262063920497894,4.41525224596262,,,54.514762945473194,60.99850591272116,61.015767976641655
181,xair,0,,50.0,control,1,0,0,0,0,,1796,control,0,,1.018670853227377,2.4165837094187737,60.6304369866848,58.213853277266026,59.61176613345742,,,,,EXECUTE,published_after_gate_recheck,55.40829012170434,55.41939102113247,0.011100899428129196,5.221986211836338,,,55.341605097055435,60.63027633354068,60.64137723296881
182,xair,0,,50.0,control,1,0,0,0,0,,1797,control,0,,0.9420369751751423,2.157357055693865,59.46493009105325,57.30757303535938,58.522893115878105,,,,,EXECUTE,published_after_gate_recheck,54.439823143184185,54.45132404565811,0.011500902473926544,5.024596117436886,,,55.11929839849472,59.46441926062107,59.475920163095
183,xair,1,50.0,50.0,concurrent,1,0,0,1,0,1799,1798,after_check,0,after_middleware,1.123837660998106,2.3255120031535625,60.3766399435699,58.051127940416336,59.25280228257179,62.079114373773336,63.25887702405453,,,EXECUTE,published_after_gate_recheck,55.676283314824104,55.68445799872279,0.008174683898687363,4.700236953794956,54.87695336341858,65.19675208255649,54.98880334198475,60.37652026861906,60.38469495251775
184,xair,0,,50.0,control,1,0,0,0,0,,1800,control,0,,1.1110836640000343,4.136539530009031,61.40532996505499,57.26879043504596,60.294246301054955,,,,,EXECUTE,published_after_gate_recheck,56.93719768896699,56.947226636111736,0.01002894714474678,4.467982333153486,,,54.583493154495955,61.405180022120476,61.41520896926522
185,xair,1,50.0,50.0,concurrent,1,0,0,1,0,1802,1801,after_check,0,after_middleware,1.205330714583397,2.3952429182827473,59.82011603191495,57.4248731136322,58.61478531733155,61.03837117552757,62.37286515533924,,,EXECUTE,published_after_gate_recheck,55.24597596377134,55.25522259995341,0.009246636182069778,4.574020393192768,54.75410306826234,64.35574404895306,54.9487080425024,59.81999635696411,59.82924299314618
186,xair,1,50.0,50.0,concurrent,1,0,0,1,0,1804,1803,after_check,0,after_middleware,1.3397629372775555,2.868801821023226,60.73135603219271,57.86255421116948,59.39159309491515,62.26804945617914,63.43540828675032,,,EXECUTE,published_after_gate_recheck,56.0236438177526,56.03387299925089,0.010229181498289108,4.707351326942444,54.89090038463473,65.44145103543997,55.110331159085035,60.730995144695044,60.74122432619333
187,xair,1,50.0,50.0,concurrent,1,0,0,1,0,1806,1805,after_check,0,after_middleware,0.8730976842343807,2.1094568073749542,59.19594597071409,57.08648916333914,58.32284828647971,60.703113209456205,62.043337151408195,,,EXECUTE,published_after_gate_recheck,54.98596793040633,54.99472375959158,0.008755829185247421,4.209617152810097,54.40397607162595,64.11410123109818,54.54334802925587,59.19558508321643,59.204340912401676
188,xair,1,50.0,50.0,concurrent,0,1,0,0,0,1808,1808,before_check,0,,,,,62.39162990823388,63.46087483689189,60.00307900831103,61.27591710537672,,,REVOKE,read_set_version_changed_at_gate,59.50966337695718,,,4.861659836024046,55.04662124440074,63.51327383890748,55.22083817049861,64.37132321298122,
189,xair,1,50.0,50.0,concurrent,1,0,0,1,0,1810,1809,after_check,0,after_middleware,0.9951768442988396,2.3031807504594326,59.292285703122616,56.98910495266318,58.297108858823776,60.804491862654686,62.161657959222794,,,EXECUTE,published_after_gate_recheck,55.015462916344404,55.02249673008919,0.0070338137447834015,4.276631865650415,54.460922721773386,64.7359169088304,54.55304495990276,59.29209478199482,59.2991285957396
190,xair,1,50.0,50.0,concurrent,0,1,0,0,0,1812,1812,before_check,0,,,,,61.95089314132929,63.087746035307646,59.32152131572366,60.54957350715995,,,REVOKE,read_set_version_changed_at_gate,59.425225015729666,,,4.417025949805975,54.57946518436074,62.464206013828516,54.71971817314625,63.84225096553564,
191,xair,1,50.0,50.0,concurrent,1,0,0,1,0,1814,1813,after_check,0,after_middleware,0.8654436096549034,2.1074428223073483,59.23863500356674,57.131192181259394,58.37319139391184,60.98844716325402,62.0234590023756,,,EXECUTE,published_after_gate_recheck,54.785049986094236,54.791702888906,0.006652902811765671,4.453424364328384,54.61318837478757,63.97850625216961,54.71653211861849,59.23847435042262,59.245127253234386
192,xair,1,50.0,50.0,concurrent,1,0,0,1,0,1816,1815,after_check,0,after_middleware,1.322460826486349,2.8313808143138885,61.01297400891781,58.18159319460392,59.69051318243146,62.41995329037309,63.63060511648655,,,EXECUTE,published_after_gate_recheck,56.09559919685125,56.10528727993369,0.009688083082437515,4.9171750433743,55.100453086197376,65.56216813623905,55.37686124444008,61.01277424022555,61.02246232330799
193,xair,1,50.0,50.0,concurrent,0,1,0,0,0,1818,1818,before_check,0,,,,,64.41554706543684,65.8045019954443,61.848852317780256,63.06810909882188,,,REVOKE,read_set_version_changed_at_gate,61.27628777176142,,,5.921398289501667,56.24221498146653,65.32494304701686,56.53492407873273,67.19768606126308,
194,xair,1,50.0,50.0,concurrent,0,1,0,0,0,1820,1820,before_check,0,,,,,62.40423396229744,63.31532262265682,59.8983527161181,61.12808967009187,,,REVOKE,read_set_version_changed_at_gate,59.59474295377731,,,4.53000795096159,54.75069582462311,63.311414793133736,54.98502589762211,64.1247509047389,
195,xair,1,50.0,50.0,concurrent,0,1,0,0,0,1822,1822,before_check,0,,,,,62.16383306309581,63.338716980069876,59.738383162766695,61.14634405821562,,,REVOKE,read_set_version_changed_at_gate,59.78506011888385,,,4.446221049875021,54.630020167678595,63.23498208075762,54.84391190111637,64.23128116875887,
196,xair,1,50.0,50.0,concurrent,1,0,0,1,0,1824,1823,after_check,0,after_middleware,1.0533262975513935,2.38999305292964,59.66217024251819,57.27217718958855,58.60884394496679,60.96271984279156,62.11329810321331,,,EXECUTE,published_after_gate_recheck,55.15877204015851,55.168500170111656,0.00972812995314598,4.503247793763876,54.9609512090683,64.19355003163218,54.81033818796277,59.662019833922386,59.67174796387553
197,xair,1,50.0,50.0,concurrent,1,0,0,1,0,1826,1825,after_check,0,after_middleware,1.2861629948019981,2.3730318062007427,60.380917973816395,58.00788616761565,59.0947549790144,61.36902188882232,62.79385415837169,,,EXECUTE,published_after_gate_recheck,55.62867410480976,55.641797836869955,0.013123732060194016,4.752104170620441,55.01371994614601,65.06739929318428,55.28349615633488,60.3807782754302,60.3939020074904
198,xair,1,50.0,50.0,concurrent,0,1,0,0,0,1828,1828,before_check,0,,,,,61.222507152706385,62.48464435338974,59.86203486099839,61.194274108856916,,,REVOKE,read_set_version_changed_at_gate,58.8315618224442,,,4.781079012900591,55.00174826011062,64.66796016320586,55.17546320334077,63.61264083534479,
199,xair,1,50.0,50.0,concurrent,0,1,0,0,0,1830,1830,before_check,0,,,,,62.31669895350933,63.74858506023884,59.93166519328952,61.1403021030128,,,REVOKE,read_set_version_changed_at_gate,59.928799979388714,,,4.680589772760868,54.86651277169585,63.15359892323613,55.074924137443304,64.60938975214958,
200,xair,1,55.0,50.0,after_release,1,0,0,0,1,1832,1831,after_check,0,after_middleware,1.0540978983044624,2.307057846337557,59.55622112378478,57.249163277447224,58.50212322548032,67.54990620538592,68.68238002061844,,,EXECUTE,published_after_gate_recheck,55.120299104601145,55.13057904317975,0.010279938578605652,4.435791168361902,59.72544802352786,70.57846710085869,54.708827286958694,59.55609027296305,59.56637021154165
201,xair,1,55.0,50.0,concurrent,1,0,0,1,0,1834,1833,after_check,0,after_middleware,1.065047923475504,2.467839978635311,60.01688493415713,57.54904495552182,58.95183701068163,64.77971887215972,66.02068664506078,,,EXECUTE,published_after_gate_recheck,55.74054317548871,55.7506219483912,0.010078772902488708,4.276210907846689,59.45453979074955,68.00802471116185,54.48750173673034,60.0167540833354,60.02683285623789
202,xair,1,55.0,50.0,after_release,1,0,0,0,1,1836,1835,after_check,0,after_middleware,0.9512938559055328,2.3236991837620735,59.80738205835223,57.48368287459016,58.8560882024467,64.71143197268248,65.88159687817097,,,EXECUTE,published_after_gate_recheck,55.293794721364975,55.306498892605305,0.012704171240329742,4.513467196375132,59.95628098025918,68.10398632660508,54.775833152234554,59.80726191774011,59.819966088980436
203,xair,1,55.0,50.0,concurrent,1,0,0,1,0,1838,1837,after_check,0,after_middleware,0.9869919158518314,2.525859046727419,63.00873775035143,60.48287870362401,62.0217458344996,64.9015479721129,66.84786872938275,,,EXECUTE,published_after_gate_recheck,58.39477200061083,58.42245416715741,0.027682166546583176,4.613834898918867,59.776704758405685,68.98071011528373,54.81201084330678,63.008606899529696,63.03628906607628
204,xair,1,55.0,50.0,concurrent,1,0,0,1,0,1840,1839,after_check,0,after_middleware,1.695210114121437,3.0423570424318314,60.93208212405443,57.8897250816226,59.236872009932995,65.58583211153746,66.97782315313816,,,EXECUTE,published_after_gate_recheck,55.78294303268194,55.79529609531164,0.012353062629699707,5.148818250745535,60.5948893353343,69.20707505196333,55.44984806329012,60.93176128342748,60.94411434605718
205,xair,1,55.0,50.0,after_release,1,0,0,0,1,1842,1841,after_check,0,after_middleware,1.1404086835682392,2.4493946693837643,60.08082488551736,57.631430216133595,58.94041620194912,65.3490680269897,66.57714117318392,,,EXECUTE,published_after_gate_recheck,55.197604931890965,55.211600847542286,0.013995915651321411,4.883029963821173,60.26234617456794,68.56122286990285,55.16819981858134,60.08063489571214,60.09463081136346
206,xair,1,55.0,50.0,concurrent,1,0,0,1,0,1844,1843,after_check,0,after_middleware,1.2348862364888191,2.678925171494484,60.81461114808917,58.13568597659469,59.57972491160035,65.15330029651523,66.24611001461744,,,EXECUTE,published_after_gate_recheck,56.1879719607532,56.20137695223093,0.01340499147772789,4.626489244401455,59.78053202852607,68.6860871501267,54.846745915710926,60.81446120515466,60.827866196632385
207,xair,0,,50.0,control,1,0,0,0,0,,1845,control,0,,1.1530229821801186,2.517041750252247,60.596262104809284,58.07922035455704,59.443239122629166,,,,,EXECUTE,published_after_gate_recheck,55.63757987692952,55.64647726714611,0.008897390216588974,4.958562087267637,,,55.0727010704577,60.59614196419716,60.60503935441375
208,xair,1,55.0,50.0,concurrent,1,0,0,1,0,1847,1846,after_check,0,after_middleware,1.2438939884305,2.822956070303917,60.58707507327199,57.76411900296807,59.34318108484149,65.49212615936995,66.61890028044581,,,EXECUTE,published_after_gate_recheck,55.63249997794628,55.642138700932264,0.009638722985982895,4.954444244503975,60.2166298776865,68.77616699784994,55.25518301874399,60.586944222450256,60.59658294543624
209,xair,1,55.0,50.0,concurrent,1,0,0,1,0,1849,1848,after_check,0,after_middleware,1.1063246056437492,2.427362371236086,59.80274314060807,57.375380769371986,58.69641853496432,64.78641228750348,65.83704333752394,,,EXECUTE,published_after_gate_recheck,55.40643725544214,55.415313225239515,0.008875969797372818,4.396195989102125,59.6099509857595,67.62929493561387,54.59923204034567,59.80263324454427,59.81150921434164
210,xair,1,55.0,50.0,concurrent,1,0,0,1,0,1851,1850,after_check,0,after_middleware,1.3884836807847023,2.5800587609410286,61.43450364470482,58.85444488376379,60.046019963920116,66.46555196493864,67.59329838678241,,,EXECUTE,published_after_gate_recheck,55.6807410903275,55.689698085188866,0.008956994861364365,5.753632634878159,60.96890056505799,69.77912783622742,56.00489862263203,61.43437372520566,61.443330720067024
211,xair,1,55.0,50.0,concurrent,1,0,0,1,0,1853,1852,after_check,0,after_middleware,1.3868208043277264,2.6737949810922146,61.09072873368859,58.41693375259638,59.70390792936087,66.61631492897868,67.74210697039962,,,EXECUTE,published_after_gate_recheck,55.908537935465574,55.922573897987604,0.014035962522029877,5.1820408552885056,60.3910768404603,69.75862896069884,55.44122075662017,61.09057879075408,61.10461475327611
212,xair,0,,50.0,control,1,0,0,0,0,,1854,control,0,,1.3345340266823769,2.679246012121439,61.02064810693264,58.3414020948112,59.68611408025026,,,,,EXECUTE,published_after_gate_recheck,56.07534199953079,56.08891695737839,0.013574957847595215,4.945126362144947,,,55.05994614213705,61.02046836167574,61.034043319523335
213,xair,1,55.0,50.0,after_release,1,0,0,0,1,1856,1855,after_check,0,after_middleware,1.0948339477181435,2.2371159866452217,60.142690781503916,57.905574794858694,59.04785683378577,65.29082916676998,66.30752608180046,,,EXECUTE,published_after_gate_recheck,55.015332996845245,55.02654379233718,0.011210795491933823,5.127238109707832,60.290027875453234,68.44602711498737,55.32306991517544,60.14257110655308,60.15378190204501
214,xair,1,55.0,50.0,after_release,1,0,0,0,1,1858,1857,after_check,0,after_middleware,1.103319227695465,2.252975944429636,59.180967044085264,56.92799109965563,58.0776478163898,64.45944914594293,65.59512997046113,,,EXECUTE,published_after_gate_recheck,54.89199096336961,54.9026308581233,0.010639894753694534,4.288866184651852,59.46176405996084,67.43860803544521,54.48527913540602,59.18085714802146,59.191497042775154
215,xair,1,55.0,50.0,after_release,1,0,0,0,1,1860,1859,after_check,0,after_middleware,0.926528126001358,2.1153478883206844,58.93886322155595,56.823515333235264,58.01233509555459,64.11134637892246,65.17242640256882,,,EXECUTE,published_after_gate_recheck,54.75954292342067,54.7724268399179,0.01288391649723053,4.1791703552007675,59.325408190488815,67.20505934208632,54.35885116457939,58.938713278621435,58.951597195118666
216,xair,0,,50.0,control,1,0,0,0,0,,1861,control,0,,1.264261081814766,2.4942089803516865,59.959657955914736,57.46544897556305,58.69539687409997,,,,,EXECUTE,published_after_gate_recheck,55.20985787734389,55.220447946339846,0.010590068995952606,4.749449901282787,,,54.85298903658986,59.95930777862668,59.96989784762263
217,xair,1,55.0,50.0,after_release,1,0,0,0,1,1863,1862,after_check,0,after_middleware,1.1384952813386917,2.1705911494791508,59.629157185554504,57.458566036075354,58.49066190421581,65.10554114356637,66.33185129612684,,,EXECUTE,published_after_gate_recheck,54.93378033861518,54.9435680732131,0.009787734597921371,4.695226904004812,59.98707888647914,68.47757613286376,55.0021780654788,59.62900724261999,59.63879497721791
218,xair,1,55.0,50.0,concurrent,1,0,0,1,0,1865,1864,after_check,0,after_middleware,1.2092390097677708,2.6726541109383106,60.452713165432215,57.780059054493904,59.243474155664444,65.17541222274303,66.43142830580473,,,EXECUTE,published_after_gate_recheck,55.61712197959423,55.627761874347925,0.010639894753694534,4.835260100662708,60.21763198077679,68.60286230221391,55.15859089791775,60.45238208025694,60.46302197501063
219,xair,1,55.0,50.0,concurrent,1,0,0,1,0,1867,1866,after_check,0,after_middleware,1.289798878133297,2.5844378396868706,60.28194213286042,57.69750429317355,58.992143254727125,65.30884187668562,66.4510652422905,,,EXECUTE,published_after_gate_recheck,55.78159028664231,55.78770209103823,0.006111804395914078,4.50022192671895,59.6679812297225,68.54850985109806,54.797083139419556,60.28181221336126,60.28792401775718
220,xair,1,55.0,50.0,after_release,1,0,0,0,1,1869,1868,after_check,0,after_middleware,1.1294889263808727,2.3629930801689625,59.611224103718996,57.248231023550034,58.48173517733812,64.368668012321,65.36724232137203,,,EXECUTE,published_after_gate_recheck,55.029971059411764,55.04291504621506,0.012943986803293228,4.581133369356394,59.82976406812668,67.57476320490241,54.76597510278225,59.61110442876816,59.62404841557145
221,xair,1,55.0,50.0,after_release,1,0,0,0,1,1871,1870,after_check,0,after_middleware,1.150287687778473,2.1135546267032623,59.39592979848385,57.282375171780586,58.245642110705376,64.73627779632807,65.86237018927932,,,EXECUTE,published_after_gate_recheck,54.79690292850137,54.809425957500935,0.012523028999567032,4.598907195031643,59.75168710574508,67.66117503866553,54.784960113465786,59.39581012353301,59.40833315253258
222,xair,1,55.0,50.0,after_release,1,0,0,0,1,1873,1872,after_check,0,after_middleware,1.1217137798666954,2.1993760019540787,62.87997588515282,60.68059988319874,61.75826210528612,68.7843319028616,70.00640407204628,,,EXECUTE,published_after_gate_recheck,55.312871001660824,55.323590990155935,0.010719988495111465,7.5669847428798676,63.026309944689274,72.28905614465475,57.79661983251572,62.87985574454069,62.8905757330358
223,xair,1,55.0,50.0,concurrent,1,0,0,1,0,1875,1874,after_check,0,after_middleware,1.2867632322013378,2.6721027679741383,59.85192582011223,57.17982305213809,58.56516258791089,64.643784891814,66.01039785891771,,,EXECUTE,published_after_gate_recheck,55.68426661193371,55.69423595443368,0.00996934249997139,4.167518112808466,59.32587897405028,68.04239004850388,54.37043309211731,59.851784724742174,59.861754067242146
224,xair,1,55.0,50.0,after_release,1,0,0,0,1,1877,1876,after_check,0,after_middleware,1.0938318446278572,2.2354326210916042,59.72992675378919,57.49449413269758,58.63609490916133,64.6312409080565,65.64306886866689,,,EXECUTE,published_after_gate_recheck,54.87698409706354,54.885540157556534,0.008556060492992401,4.8527829349040985,59.998299926519394,67.81840976327658,55.03658298403025,59.72976703196764,59.73832309246063
225,xair,0,,50.0,control,1,0,0,0,0,,1878,control,0,,1.2671067379415035,2.55875987932086,59.77668473497033,57.21792485564947,58.50957799702883,,,,,EXECUTE,published_after_gate_recheck,55.4464110173285,55.45639991760254,0.009988900274038315,4.329892806708813,,,54.42288191989064,59.77630382403731,59.78629272431135
226,xair,0,,50.0,control,1,0,0,0,0,,1879,control,0,,1.0197833180427551,2.182464115321636,59.1582041233778,56.975740008056164,58.138420805335045,,,,,EXECUTE,published_after_gate_recheck,54.65705972164869,54.66477479785681,0.007715076208114624,4.50080307200551,,,54.59303967654705,59.1578627936542,59.16557786986232
227,xair,1,55.0,50.0,concurrent,1,0,0,1,0,1881,1880,after_check,0,after_middleware,1.3711131177842617,2.5322609581053257,60.6982740573585,58.16601309925318,59.32716093957424,65.54247112944722,66.69933116063476,,,EXECUTE,published_after_gate_recheck,55.57681620121002,55.58731593191624,0.010499730706214905,5.121056921780109,60.436062049120665,68.75019799917936,55.29594887048006,60.69787312299013,60.708372853696346
228,xair,0,,50.0,control,1,0,0,0,0,,1882,control,0,,1.209740061312914,5.849283188581467,63.22013400495052,57.37085081636906,62.01039394363761,,,,,EXECUTE,published_after_gate_recheck,58.37141815572977,58.38179821148515,0.010380055755376816,4.84853470697999,,,54.92958193644881,63.21995286270976,63.23033291846514
229,xair,0,,50.0,control,1,0,0,0,0,,1883,control,0,,1.3400139287114143,2.718999981880188,61.99687905609608,59.27787907421589,60.65686512738466,,,,,EXECUTE,published_after_gate_recheck,55.93944666907191,55.95113895833492,0.011692289263010025,6.057212129235268,,,56.16839602589607,61.99665879830718,62.00835108757019
230,xair,0,,50.0,control,1,0,0,0,0,,1884,control,0,,1.3885651715099812,5.733115132898092,77.4527732282877,71.7196580953896,76.06420805677772,,,,,EXECUTE,published_after_gate_recheck,68.16360680386424,68.17895593121648,0.015349127352237701,9.288985282182693,,,59.41884312778711,77.45259208604693,77.46794121339917
231,xair,0,,50.0,control,1,0,0,0,0,,1885,control,0,,1.4180303551256657,2.572145313024521,61.17648025974631,58.60433494672179,59.75844990462065,,,,,EXECUTE,published_after_gate_recheck,56.06541316956282,56.07615318149328,0.010740011930465698,5.110906902700663,,,55.22477487102151,61.17632007226348,61.187060084193945
232,xair,1,55.0,50.0,concurrent,1,0,0,1,0,1887,1886,after_check,0,after_middleware,1.3153576292097569,2.4672579020261765,61.227195896208286,58.75993799418211,59.91183826699853,65.93565829098225,67.13929632678628,,,EXECUTE,published_after_gate_recheck,56.03132909163833,56.045104283839464,0.013775192201137543,5.195756908506155,60.47748913988471,69.56517696380615,55.641667917370796,61.22708600014448,61.24086119234562
233,xair,1,55.0,50.0,concurrent,1,0,0,1,0,1889,1888,after_check,0,after_middleware,1.5792418271303177,2.814108971506357,60.47321064397693,57.65910167247057,58.89396881684661,65.14931283891201,66.12622598186135,,,EXECUTE,published_after_gate_recheck,55.85209280252457,55.868422612547874,0.0163298100233078,4.620878025889397,60.06943387910724,68.36794083938003,54.90692891180515,60.47297082841396,60.48930063843727
234,xair,1,55.0,50.0,concurrent,1,0,0,1,0,1891,1890,after_check,0,after_middleware,1.4110459014773369,2.64592282474041,60.989809688180685,58.343886863440275,59.57876378670335,66.16661185398698,67.2964109107852,,,EXECUTE,published_after_gate_recheck,55.70779135450721,55.71842100471258,0.010629650205373764,5.281878635287285,60.60228403657675,69.31983679533005,55.61248306185007,60.98966998979449,61.00029963999987
235,xair,1,55.0,50.0,after_release,1,0,0,0,1,1893,1892,after_check,0,after_middleware,0.8888877928256989,2.0755939185619354,58.99994820356369,56.924354285001755,58.11106041073799,64.59497334435582,65.70723000913858,,,EXECUTE,published_after_gate_recheck,54.5935919508338,54.6038206666708,0.0102287158370018,4.406035412102938,59.593701269477606,67.60710431262851,54.62796613574028,58.999627362936735,59.00985607877374
236,xair,1,55.0,50.0,concurrent,1,0,0,1,0,1895,1894,after_check,0,after_middleware,1.2022149749100208,2.6698680594563484,60.44205278158188,57.77218472212553,59.23983780667186,64.59563504904509,65.53298281505704,,,EXECUTE,published_after_gate_recheck,56.03445507586002,56.04433314874768,0.009878072887659073,4.407437983900309,59.59947174414992,67.82795768231153,54.63799508288503,60.44189305976033,60.45177113264799
237,xair,1,55.0,50.0,concurrent,1,0,0,1,0,1897,1896,after_check,0,after_middleware,1.3485196977853775,2.720072865486145,61.25069968402386,58.53062681853771,59.90217998623848,65.86896302178502,66.97638984769583,,,EXECUTE,published_after_gate_recheck,55.73246814310551,55.74229685589671,0.009828712791204453,5.517990794032812,60.72834972292185,69.1421227529645,55.76656199991703,61.25045893713832,61.26028764992952
238,xair,0,,50.0,control,1,0,0,0,0,,1898,control,0,,1.2208297848701477,2.499588765203953,60.24506315588951,57.74547439068556,59.02423337101936,,,,,EXECUTE,published_after_gate_recheck,55.501895025372505,55.51169393584132,0.009798910468816757,4.742997232824564,,,54.85676508396864,60.24489225819707,60.254691168665886
239,xair,1,55.0,50.0,after_release,1,0,0,0,1,1900,1899,after_check,0,after_middleware,1.012429129332304,1.9614999182522297,60.22455496713519,58.26305504888296,59.21212583780289,65.46925287693739,66.66846293956041,,,EXECUTE,published_after_gate_recheck,54.70157414674759,54.711692966520786,0.010118819773197174,5.522850900888443,60.7910780236125,68.93190881237388,55.83701375871897,60.22442504763603,60.23454386740923
240,xair,1,60.0,50.0,after_release,1,0,0,0,1,1902,1901,after_check,0,after_middleware,1.3212794438004494,2.6595592498779297,60.127022210508585,57.467462960630655,58.805742766708136,69.2480318248272,70.4182768240571,,,EXECUTE,published_after_gate_recheck,56.15025106817484,56.167484261095524,0.017233192920684814,3.9765997789800167,64.13220521062613,72.3691969178617,54.19445317238569,60.126850847154856,60.14408404007554
241,xair,1,60.0,50.0,after_release,1,0,0,0,1,1904,1903,after_check,0,after_middleware,1.099633052945137,2.2207358852028847,62.17750767245889,59.956771787256,61.07787461951375,69.03598364442587,70.25674404576421,,,EXECUTE,published_after_gate_recheck,57.61731415987015,57.62737337499857,0.010059215128421783,4.560083616524935,64.7426899522543,72.31148798018694,54.78469002991915,62.17739777639508,62.187456991523504
242,xair,1,60.0,50.0,after_release,1,0,0,0,1,1906,1905,after_check,0,after_middleware,1.1689621023833752,2.3238593712449074,59.45406900718808,57.130209635943174,58.28510690480471,69.29200375452638,70.62697829678655,,,EXECUTE,published_after_gate_recheck,55.044056847691536,55.05279405042529,0.008737202733755112,4.409861750900745,64.59069484844804,72.65675580129027,54.62184455245733,59.45391859859228,59.46265580132604
243,xair,1,60.0,50.0,after_release,1,0,0,0,1,1908,1907,after_check,0,after_middleware,1.0563721880316734,2.1202978678047657,59.45359915494919,57.33330128714442,58.397226966917515,69.12636384367943,70.3016989864409,,,EXECUTE,published_after_gate_recheck,55.09287817403674,55.10414019227028,0.011262018233537674,4.360599908977747,64.54833596944809,72.23206013441086,54.59165805950761,59.45347808301449,59.464740101248026
244,xair,1,60.0,50.0,after_release,1,0,0,0,1,1910,1909,after_check,0,after_middleware,1.0829409584403038,2.360067330300808,60.229673981666565,57.86960665136576,59.14673302322626,69.77514969184995,70.97843801602721,,,EXECUTE,published_after_gate_recheck,55.4009759798646,55.4136298596859,0.012653879821300507,4.828568082302809,65.03992807120085,73.30160588026047,55.085665080696344,60.229544062167406,60.24219794198871
245,xair,0,,50.0,control,1,0,0,0,0,,1911,control,0,,1.2238048948347569,2.588585950434208,60.20783307030797,57.61924711987376,58.98402817547321,,,,,EXECUTE,published_after_gate_recheck,55.2880447357893,55.30010676011443,0.01206202432513237,4.919558297842741,,,55.05434609949589,60.20760303363204,60.21966505795717
246,xair,1,60.0,50.0,after_release,1,0,0,0,1,1913,1912,after_check,0,after_middleware,1.3428088277578354,2.7280268259346485,63.097573816776276,60.36954699084163,61.75476498901844,69.71410615369678,70.99940720945597,,,EXECUTE,published_after_gate_recheck,58.295696042478085,58.30909125506878,0.013395212590694427,4.801747854799032,65.10286591947079,73.05115601047873,55.15055684372783,63.09744389727712,63.11083910986781
247,xair,1,60.0,50.0,after_release,1,0,0,0,1,1915,1914,after_check,0,after_middleware,1.2205890379846096,2.428174950182438,67.3901061527431,64.96193120256066,66.16951711475849,79.19768616557121,80.3914051502943,,,EXECUTE,published_after_gate_recheck,55.5733498185873,55.5832190439105,0.009869225323200226,11.816616170108318,72.03011121600866,82.49643398448825,62.06513708457351,67.38996598869562,67.39983521401882
248,xair,0,,50.0,control,1,0,0,0,0,,1916,control,0,,1.3823630288243294,2.8856731951236725,61.08015915378928,58.19448595866561,59.69779612496495,,,,,EXECUTE,published_after_gate_recheck,56.35977489873767,56.374052073806524,0.014277175068855286,4.720224067568779,,,54.832419380545616,61.07999896630645,61.0942761413753
249,xair,1,60.0,50.0,after_release,1,0,0,0,1,1918,1917,after_check,0,after_middleware,1.2519080191850662,2.2861077450215816,60.17650384455919,57.89039609953761,58.924595825374126,69.94281429797411,71.36354967951775,,,EXECUTE,published_after_gate_recheck,55.178719107061625,55.184710305184126,0.005991198122501373,4.997634794563055,65.13344310224056,73.71639367192984,55.19879702478647,60.17635390162468,60.18234509974718
250,xair,1,60.0,50.0,after_release,1,0,0,0,1,1920,1919,after_check,0,after_middleware,1.0673720389604568,2.2297431714832783,59.69531228765845,57.465569116175175,58.627940248697996,70.05782099440694,71.02675922214985,,,EXECUTE,published_after_gate_recheck,54.77249715477228,54.78367814794183,0.011180993169546127,4.922705236822367,65.126390196383,73.11902428045869,55.170093197375536,59.69520239159465,59.706383384764194
251,xair,1,60.0,50.0,after_release,1,0,0,0,1,1922,1921,after_check,0,after_middleware,1.0337093845009804,2.151345368474722,59.21279639005661,57.06145102158189,58.17908700555563,69.31919511407614,70.60938514769077,,,EXECUTE,published_after_gate_recheck,54.627354722470045,54.637213703244925,0.009858980774879456,4.585311282426119,64.75030397996306,72.78076931834221,54.78127300739288,59.212666004896164,59.22252498567104
252,xair,0,,50.0,control,1,0,0,0,0,,1923,control,0,,1.368386670947075,2.6944647543132305,60.84006978198886,58.14560502767563,59.471683111041784,,,,,EXECUTE,published_after_gate_recheck,55.64337084069848,55.653490126132965,0.010119285434484482,5.19656902179122,,,55.30354380607605,60.8399398624897,60.850059147924185
253,xair,1,60.0,50.0,after_release,1,0,0,0,1,1925,1924,after_check,0,after_middleware,1.2832568027079105,4.8592048697173595,62.885996885597706,58.026792015880346,61.602740082889795,70.76552789658308,72.18837784603238,,,EXECUTE,published_after_gate_recheck,58.192642871290445,58.20538708940148,0.012744218111038208,4.693204071372747,64.97386377304792,74.50760807842016,55.01066381111741,62.88584694266319,62.89859116077423
254,xair,1,60.0,50.0,after_release,1,0,0,0,1,1927,1926,after_check,0,after_middleware,0.9896666742861271,2.300976775586605,60.273225884884596,57.97224910929799,59.28355921059847,69.64769121259451,70.91383589431643,,,EXECUTE,published_after_gate_recheck,55.02885906025767,55.038556922227144,0.009697861969470978,5.244236905127764,65.42583182454109,73.01276409998536,55.45622017234564,60.27309596538544,60.28279382735491
255,xair,1,60.0,50.0,after_release,1,0,0,0,1,1929,1928,after_check,0,after_middleware,1.1516199447214603,2.4676788598299026,60.08866894990206,57.620990090072155,58.9370490051806,70.00409020110965,70.99502813071012,,,EXECUTE,published_after_gate_recheck,55.28510920703411,55.29423616826534,0.00912696123123169,4.803429823368788,65.05565717816353,73.10691988095641,55.09600415825844,60.0885390304029,60.09766599163413
256,xair,1,60.0,50.0,after_release,1,0,0,0,1,1931,1930,after_check,0,after_middleware,0.9450926445424557,2.3542558774352074,59.45834703743458,57.10409115999937,58.51325439289212,69.42236796021461,70.77750097960234,,,EXECUTE,published_after_gate_recheck,55.25778699666262,55.267334915697575,0.009547919034957886,4.2002093978226185,64.37727436423302,73.06632399559021,54.37845829874277,59.457996394485235,59.46754431352019
257,xair,0,,50.0,control,1,0,0,0,0,,1932,control,0,,1.1765970848500729,2.473620232194662,60.39839005097747,57.924769818782806,59.221792966127396,,,,,EXECUTE,published_after_gate_recheck,55.61630008742213,55.62712112441659,0.010821036994457245,4.781969822943211,,,54.88867498934269,60.39826991036534,60.4090909473598
258,xair,1,60.0,50.0,after_release,1,0,0,0,1,1934,1933,after_check,0,after_middleware,1.1987877078354359,2.3332959972321987,61.0319790430367,58.6986830458045,59.83319133520126,70.40024315938354,71.51010539382696,,,EXECUTE,published_after_gate_recheck,55.841702967882156,55.85360573604703,0.011902768164873123,5.190156400203705,65.51920715719461,73.71299806982279,55.570184253156185,61.03185936808586,61.043762136250734
259,xair,1,60.0,50.0,after_release,1,0,0,0,1,1936,1935,after_check,0,after_middleware,1.015425194054842,2.455024980008602,59.676766861230135,57.22174188122153,58.66134166717529,68.74779285863042,70.18220378085971,,,EXECUTE,published_after_gate_recheck,55.460217874497175,55.47068687155843,0.010468997061252594,4.21640882268548,64.40243171527982,72.28779373690486,54.4375185854733,59.676626697182655,59.68709569424391
260,xair,1,60.0,50.0,after_release,1,0,0,0,1,1938,1937,after_check,0,after_middleware,1.1034896597266197,2.30416189879179,60.23831991478801,57.93415801599622,59.13483025506139,69.57670813426375,70.80809818580747,,,EXECUTE,published_after_gate_recheck,55.42596383020282,55.436273105442524,0.01030927523970604,4.8119560815393925,65.00940024852753,72.66395911574364,55.05854403600097,60.23791991174221,60.248229186981916
261,xair,0,,50.0,control,1,0,0,0,0,,1939,control,0,,1.3194861821830273,3.3892178907990456,61.60335196182132,58.21413407102227,60.28386577963829,,,,,EXECUTE,published_after_gate_recheck,56.49826396256685,56.51116790249944,0.012903939932584763,5.104957148432732,,,55.21802278235555,61.603221110999584,61.61612505093217
262,xair,0,,50.0,control,1,0,0,0,0,,1940,control,0,,0.8644610643386841,2.2835838608443737,59.594562742859125,57.31097888201475,58.73010167852044,,,,,EXECUTE,published_after_gate_recheck,54.97295269742608,54.98535605147481,0.012403354048728943,4.621489904820919,,,54.7252488322556,59.594442602247,59.60684595629573
263,xair,1,60.0,50.0,after_release,1,0,0,0,1,1942,1941,after_check,0,after_middleware,0.9740069508552551,2.266380935907364,59.83268888667226,57.566307950764894,58.858681935817,70.56126510724425,71.75842113792896,,,EXECUTE,published_after_gate_recheck,55.07082678377628,55.08143687620759,0.010610092431306839,4.76174196228385,64.97133895754814,73.84365191683173,55.00695714727044,59.83256874606013,59.84317883849144
264,xair,1,60.0,50.0,after_release,1,0,0,0,1,1944,1943,after_check,0,after_middleware,1.1260118335485458,2.2741062566637993,61.86545314267278,59.59134688600898,60.73944130912423,71.47087203338742,72.54070788621902,,,EXECUTE,published_after_gate_recheck,55.03937788307667,55.04993814975023,0.010560266673564911,6.82593509554863,66.98709120973945,74.4973192922771,57.0130399428308,61.8653129786253,61.87587324529886
265,xair,1,60.0,50.0,after_release,1,0,0,0,1,1946,1945,after_check,0,after_middleware,1.1086598969995975,2.4418612010776997,60.004612896591425,57.562751695513725,58.89595299959183,69.9358219280839,71.299540810287,,,EXECUTE,published_after_gate_recheck,55.30171003192663,55.310836993157864,0.00912696123123169,4.7027417458593845,64.8707109503448,73.13232868909836,54.89113973453641,60.00445177778602,60.01357873901725
266,xair,1,60.0,50.0,after_release,1,0,0,0,1,1948,1947,after_check,0,after_middleware,1.1895322240889072,2.6964093558490276,59.98872313648462,57.292313780635595,58.799190912395716,68.95240815356374,70.40623482316732,,,EXECUTE,published_after_gate_recheck,55.86354387924075,55.8738736435771,0.01032976433634758,4.125058185309172,64.37170505523682,72.56022514775395,54.40854514017701,59.98860206454992,59.99893182888627
267,xair,1,60.0,50.0,after_release,1,0,0,0,1,1950,1949,after_check,0,after_middleware,1.3451529666781425,2.911502029746771,62.71882401779294,59.80732198804617,61.3736710511148,71.69081410393119,72.81140703707933,,,EXECUTE,published_after_gate_recheck,56.3830379396677,56.39696400612593,0.01392606645822525,6.335285026580095,66.55159406363964,75.05515590310097,56.598964147269726,62.7183229662478,62.73224903270602
268,xair,1,60.0,50.0,after_release,1,0,0,0,1,1952,1951,after_check,0,after_middleware,1.137424260377884,2.442803233861923,60.25522295385599,57.81241971999407,59.11779869347811,70.30057674273849,71.71012088656425,,,EXECUTE,published_after_gate_recheck,55.1610360853374,55.17033440992236,0.009298324584960938,5.094075575470924,65.32468181103468,73.68307188153267,55.34569267183542,60.255111660808325,60.264409985393286
269,xair,0,,50.0,control,1,0,0,0,0,,1953,control,0,,1.154875848442316,2.4038092233240604,60.02135295420885,57.61754373088479,58.866477105766535,,,,,EXECUTE,published_after_gate_recheck,55.47947296872735,55.49280811101198,0.013335142284631729,4.5417300425469875,,,54.65677985921502,60.02120301127434,60.03453815355897
270,xair,1,60.0,50.0,after_release,1,0,0,0,1,1955,1954,after_check,0,after_middleware,1.1016866192221642,2.9922937974333763,60.708412900567055,57.71611910313368,59.60672628134489,69.81516629457474,71.09668012708426,,,EXECUTE,published_after_gate_recheck,56.02422496303916,56.03527603670955,0.011051073670387268,4.6840570867061615,64.83861990272999,73.08610202744603,54.87114191055298,60.70828204974532,60.71933312341571
271,xair,1,60.0,50.0,after_release,1,0,0,0,1,1957,1956,after_check,0,after_middleware,1.2853802181780338,2.5357664562761784,59.937485959380865,57.40171950310469,58.65210574120283,69.6524903178215,70.90379809960723,,,EXECUTE,published_after_gate_recheck,55.56007428094745,55.58113427832723,0.021059997379779816,4.37708105891943,64.52654534950852,73.16020037978888,54.55443821847439,59.93715533986688,59.958215337246656
272,xair,1,60.0,50.0,after_release,1,0,0,0,1,1959,1958,after_check,0,after_middleware,1.2654238380491734,2.5723446160554886,59.98716875910759,57.4148241430521,58.721744921058416,68.97888705134392,69.92424977943301,,,EXECUTE,published_after_gate_recheck,55.378304328769445,55.386648979038,0.008344650268554688,4.608744755387306,64.74847113713622,71.96343503892422,54.77573303505778,59.98704908415675,59.995393734425306
273,xair,1,60.0,50.0,after_release,1,0,0,0,1,1961,1960,after_check,0,after_middleware,1.1876779608428478,2.184688113629818,59.09086810424924,56.90617999061942,57.90319014340639,68.98893602192402,70.04977623000741,,,EXECUTE,published_after_gate_recheck,54.87040104344487,54.8800490796566,0.00964803621172905,4.220346920192242,64.36301814392209,72.07799097523093,54.389539174735546,59.090747963637114,59.10039599984884
274,xair,0,,50.0,control,1,0,0,0,0,,1962,control,0,,1.1352188885211945,2.2766697220504284,59.873515740036964,57.596846017986536,58.73829685151577,,,,,EXECUTE,published_after_gate_recheck,55.034689139574766,55.04536908119917,0.010679941624403,4.838696680963039,,,54.92986273020506,59.873385820537806,59.88406576216221
275,xair,1,60.0,50.0,after_release,1,0,0,0,1,1964,1963,after_check,0,after_middleware,1.0048151016235352,2.1744989790022373,59.32473624125123,57.15023726224899,58.319921139627695,69.47706127539277,70.57931926101446,,,EXECUTE,published_after_gate_recheck,54.86541194841266,54.87309582531452,0.0076838769018650055,4.45917434990406,64.66663721948862,72.54165038466454,54.69101434573531,59.32458629831672,59.33227017521858
276,xair,1,60.0,50.0,after_release,1,0,0,0,1,1966,1965,after_check,0,after_middleware,1.2741703540086746,2.3793731816112995,60.335732996463776,57.956359814852476,59.0615626424551,69.91523364558816,71.01104874163866,,,EXECUTE,published_after_gate_recheck,55.062351282685995,55.07211992517114,0.009768642485141754,5.273231770843267,65.46637788414955,72.79267068952322,55.49352988600731,60.33558305352926,60.345351696014404
277,xair,1,60.0,50.0,after_release,1,0,0,0,1,1968,1967,after_check,0,after_middleware,1.2117130681872368,2.191781997680664,59.961380902677774,57.76959890499711,58.74966783449054,69.33980388566852,70.48161560669541,,,EXECUTE,published_after_gate_recheck,55.16970297321677,55.18243694677949,0.012733973562717438,4.791557788848877,65.02411793917418,72.0701259560883,55.07210874930024,59.96126076206565,59.97399473562837
278,xair,0,,50.0,control,1,0,0,0,0,,1969,control,0,,1.0645370930433273,2.132982015609741,59.10613713786006,56.97315512225032,58.04160004481673,,,,,EXECUTE,published_after_gate_recheck,54.78670308366418,54.7970631159842,0.010360032320022583,4.31930273771286,,,54.415387101471424,59.10600582137704,59.11636585369706
279,xair,0,,50.0,control,1,0,0,0,0,,1970,control,0,,1.0397909209132195,2.4738707579672337,64.39751293510199,61.92364217713475,63.35772201418877,,,,,EXECUTE,published_after_gate_recheck,55.240636225789785,55.249893106520176,0.009256880730390549,9.156746789813042,,,59.26510505378246,64.39738301560283,64.40663989633322
280,xair,1,100.0,50.0,after_release,1,0,0,0,1,1972,1971,after_check,0,after_middleware,1.1227959766983986,2.2359942086040974,63.2929801940918,61.0569859854877,62.1701842173934,110.23041000589728,111.61482706665993,,,EXECUTE,published_after_gate_recheck,58.18141205236316,58.19275323301554,0.01134118065237999,5.111407954245806,105.30779603868723,113.89293009415269,57.06011829897761,63.29282000660896,63.30416118726134
281,xair,1,100.0,50.0,after_release,1,0,0,0,1,1974,1973,after_check,0,after_middleware,1.0500196367502213,2.5345846079289913,60.16057496890426,57.625990360975266,59.110555332154036,111.02574318647385,112.01433697715402,,,EXECUTE,published_after_gate_recheck,55.54768210276961,55.557659827172756,0.009977724403142929,4.612753167748451,105.19000515341759,114.3017983995378,54.899665992707014,60.160435270518064,60.17041299492121
282,xair,1,100.0,50.0,after_release,1,0,0,0,1,1976,1975,after_check,0,after_middleware,1.1867862194776535,2.4414299987256527,60.50613336265087,58.06470336392522,59.31934714317322,110.62748497352004,111.82988109067082,,,EXECUTE,published_after_gate_recheck,55.71756139397621,55.72837125509977,0.010809861123561859,4.788402002304792,105.0700400955975,114.22618618234992,55.100823286920786,60.505963396281004,60.516773257404566
283,xair,1,100.0,50.0,after_release,1,0,0,0,1,1978,1977,after_check,0,after_middleware,1.2122341431677341,2.5555831380188465,60.7024310156703,58.14684787765145,59.490196872502565,110.7184961438179,111.98514234274626,,,EXECUTE,published_after_gate_recheck,55.69351511076093,55.705456994473934,0.011941883713006973,5.008646287024021,105.18961446359754,114.18627109378576,55.190752260386944,60.70216139778495,60.714103281497955
284,xair,1,100.0,50.0,after_release,1,0,0,0,1,1980,1979,after_check,0,after_middleware,1.1954917572438717,2.312897704541683,60.058732982724905,57.74583527818322,58.86324122548103,111.03207431733608,112.56447806954384,,,EXECUTE,published_after_gate_recheck,55.279598105698824,55.29009783640504,0.010499730706214905,4.7789751552045345,105.06305703893304,115.25504617020488,55.096033960580826,60.05857326090336,60.06907299160957
285,xair,0,,50.0,control,1,0,0,0,0,,1981,control,0,,1.2662550434470177,2.4509080685675144,60.047312173992395,57.59640410542488,58.78105713054538,,,,,EXECUTE,published_after_gate_recheck,55.487198289483786,55.496484972536564,0.009286683052778244,4.559983965009451,,,54.66532614082098,60.04718225449324,60.056468937546015
286,xair,1,100.0,50.0,after_release,1,0,0,0,1,1983,1982,after_check,0,after_middleware,1.3516959734261036,2.6143048889935017,61.43742986023426,58.82312497124076,60.08573388680816,111.0013360157609,112.3272031545639,,,EXECUTE,published_after_gate_recheck,55.988929234445095,56.00146297365427,0.01253373920917511,5.448369774967432,105.72687210515141,114.9032860994339,55.77825382351875,61.43729900941253,61.4498327486217
287,xair,1,100.0,50.0,after_release,1,0,0,0,1,1985,1984,after_check,0,after_middleware,1.2471489608287811,2.407275140285492,60.64729718491435,58.24002204462886,59.40014822408557,111.15176836028695,112.52943333238363,,,EXECUTE,published_after_gate_recheck,55.777391884475946,55.791337974369526,0.013946089893579483,4.869575146585703,105.59356212615967,114.94603613391519,55.114999413490295,60.64696703106165,60.66091312095523
288,xair,1,100.0,50.0,after_release,1,0,0,0,1,1987,1986,after_check,0,after_middleware,1.139768399298191,2.5857514701783657,60.57217717170715,57.98642570152879,59.43240877240896,110.54877797141671,111.47789098322392,,,EXECUTE,published_after_gate_recheck,55.87184987962246,55.88424298912287,0.012393109500408173,4.700196906924248,104.9588518217206,113.73525485396385,54.98764105141163,60.57204678654671,60.584439896047115
289,xair,1,100.0,50.0,after_release,1,0,0,0,1,1989,1988,after_check,0,after_middleware,0.971572007983923,2.1869721822440624,60.642167925834656,58.45519574359059,59.67059591785073,110.28725747019053,111.55411368235946,,,EXECUTE,published_after_gate_recheck,55.327408015728,55.337387137115,0.009979121387004852,5.3146299906075,105.5227187462151,113.7475180439651,55.60708278790116,60.6420380063355,60.6520171277225
290,xair,1,100.0,50.0,after_release,1,0,0,0,1,1991,1990,after_check,0,after_middleware,1.1603268794715405,2.581552602350712,59.51834982261062,56.936797220259905,58.358022943139076,110.09104922413826,111.11796507611871,,,EXECUTE,published_after_gate_recheck,55.7187320664525,55.72731792926788,0.008585862815380096,3.7994980812072754,104.1196072474122,113.15817292779684,54.155650082975626,59.51823014765978,59.52681601047516
291,xair,1,100.0,50.0,after_release,1,0,0,0,1,1993,1992,after_check,0,after_middleware,0.944941770285368,2.083146944642067,59.66829089447856,57.58514394983649,58.72334912419319,110.6175072491169,111.84113193303347,,,EXECUTE,published_after_gate_recheck,54.52220793813467,54.53200591728091,0.009797979146242142,5.14595303684473,105.35887209698558,113.8868392445147,55.389976128935814,59.6681609749794,59.67795895412564
292,xair,1,100.0,50.0,after_release,1,0,0,0,1,1995,1994,after_check,0,after_middleware,1.1250502429902554,2.5608139112591743,60.28185226023197,57.7210383489728,59.156802017241716,109.58455922082067,110.71390705183148,,,EXECUTE,published_after_gate_recheck,55.610149167478085,55.621299892663956,0.011150725185871124,4.671513102948666,104.86039705574512,112.91583813726902,54.90980530157685,60.28166227042675,60.29281299561262
293,xair,1,100.0,50.0,after_release,1,0,0,0,1,1997,1996,after_check,0,after_middleware,1.2719659134745598,2.4222638458013535,59.59244864061475,57.170184794813395,58.32048272714019,109.4289468601346,110.57335371151567,,,EXECUTE,published_after_gate_recheck,55.3492303006351,55.359679274261,0.010448973625898361,4.243058618158102,104.42527988925576,112.41100076586008,54.47511887177825,59.5922889187932,59.6027378924191
294,xair,1,100.0,50.0,after_release,1,0,0,0,1,1999,1998,after_check,0,after_middleware,1.1938787065446377,2.4655750021338463,60.42800610885024,57.962431106716394,59.2341274023056,113.4994332678616,114.574930164963,,,EXECUTE,published_after_gate_recheck,55.3288608789444,55.337436962872744,0.008576083928346634,5.099005065858364,105.40768317878246,117.03582620248199,55.42213609442115,60.42786594480276,60.43644202873111
295,xair,1,100.0,50.0,after_release,1,0,0,0,1,2001,2000,after_check,0,after_middleware,1.5588137321174145,2.938041929155588,62.791960779577494,59.853918850421906,61.23314704746008,131.34768418967724,134.4127939082682,,,EXECUTE,published_after_gate_recheck,56.44595576450229,56.46007275208831,0.014116987586021423,6.3456641510128975,113.75177605077624,136.9679169729352,56.7248291336,62.791619915515184,62.805736903101206
296,xair,1,100.0,50.0,after_release,1,0,0,0,1,2003,2002,after_check,0,after_middleware,1.1058039963245392,2.373842988163233,62.84448876976967,60.470645781606436,61.73868477344513,112.23677359521389,113.76710468903184,,,EXECUTE,published_after_gate_recheck,55.68671226501465,55.69711094722152,0.010398682206869125,7.157576736062765,107.44805075228214,115.78609189018607,57.74810863658786,62.844289001077414,62.85468768328428
297,xair,0,,50.0,control,1,0,0,0,0,,2004,control,0,,1.1945911683142185,2.5378712452948093,59.924082364887,57.38621111959219,58.72949119657278,,,,,EXECUTE,published_after_gate_recheck,55.513877887278795,55.52190262824297,0.00802474096417427,4.41006338223815,,,54.503282997757196,59.923941269516945,59.93196601048112
298,xair,0,,50.0,control,1,0,0,0,0,,2005,control,0,,1.3160686939954758,2.5773048400878906,89.35249596834183,86.77519112825394,88.03642727434635,,,,,EXECUTE,published_after_gate_recheck,81.52165589854121,81.5336680971086,0.012012198567390442,7.830690126866102,,,66.38674531131983,89.35234602540731,89.3643582239747
299,xair,1,100.0,50.0,after_release,1,0,0,0,1,2007,2006,after_check,0,after_middleware,1.1916346848011017,2.450816798955202,60.480074025690556,58.02925722673535,59.288439340889454,110.48088036477566,111.75139294937253,,,EXECUTE,published_after_gate_recheck,56.08458910137415,56.09579011797905,0.01120101660490036,4.395365249365568,104.70020631328225,113.92808705568314,54.990947246551514,60.47995435073972,60.49115536734462
300,xair,1,100.0,50.0,after_release,1,0,0,0,1,2009,2008,after_check,0,after_middleware,1.112357247620821,2.376458141952753,59.8644302226603,57.48797208070755,58.75207297503948,110.99890200421214,112.19352297484875,,,EXECUTE,published_after_gate_recheck,55.428667925298214,55.441421922296286,0.01275399699807167,4.435610957443714,104.68571912497282,114.34965813532472,54.73160091787577,59.86427888274193,59.87703287974
301,xair,0,,50.0,control,1,0,0,0,0,,2010,control,0,,0.9232521988451481,2.1128631196916103,60.078210197389126,57.965347077697515,59.15495799854398,,,,,EXECUTE,published_after_gate_recheck,55.17315771430731,55.18696364015341,0.013805925846099854,4.9045211635529995,,,55.02970004454255,60.07767887786031,60.09148480370641
302,xair,1,100.0,50.0,after_release,1,0,0,0,1,2012,2011,after_check,0,after_middleware,1.1004437692463398,2.365326974540949,59.68576390296221,57.32043692842126,58.58532013371587,111.25891003757715,112.25134087726474,,,EXECUTE,published_after_gate_recheck,54.974015802145004,54.983172565698624,0.009156763553619385,4.71159815788269,104.97394995763898,114.45024609565735,55.008649826049805,59.685613960027695,59.694770723581314
303,xair,1,100.0,50.0,after_release,1,0,0,0,1,2014,2013,after_check,0,after_middleware,1.1415318585932255,2.5430708192288876,61.27345282584429,58.7303820066154,60.13192096725106,110.52851006388664,111.40356073155999,,,EXECUTE,published_after_gate_recheck,56.512922048568726,56.52182921767235,0.008907169103622437,4.760239738970995,105.11899180710316,113.92218573018909,55.29393581673503,61.27316178753972,61.28206895664334
304,xair,0,,50.0,control,1,0,0,0,0,,2015,control,0,,1.3205069117248058,2.5732270441949368,60.5723368935287,57.99910984933376,59.251829981803894,,,,,EXECUTE,published_after_gate_recheck,55.63178891316056,55.644764099270105,0.012975186109542847,4.940236918628216,,,55.069904774427414,60.57202583178878,60.58500101789832
305,xair,1,100.0,50.0,after_release,1,0,0,0,1,2017,2016,after_check,0,after_middleware,1.5148818492889404,2.5545917451381683,61.50463595986366,58.950044214725494,59.98975411057472,111.05426633730531,112.36115731298923,,,EXECUTE,published_after_gate_recheck,55.89050427079201,55.906284134835005,0.01577986404299736,5.6137810461223125,105.82157038152218,114.63768826797605,55.896105244755745,61.50428531691432,61.52006518095732
306,xair,1,100.0,50.0,after_release,1,0,0,0,1,2019,2018,after_check,0,after_middleware,1.1723288334906101,2.298492006957531,61.34377513080835,59.04528312385082,60.17144629731774,111.52245523408055,112.52229008823633,,,EXECUTE,published_after_gate_recheck,55.872200056910515,55.88553473353386,0.013334676623344421,5.471444223076105,105.73196224868298,114.86516520380974,55.77426729723811,61.34364427998662,61.356978956609964
307,xair,0,,50.0,control,1,0,0,0,0,,2020,control,0,,1.3507641851902008,2.6743169873952866,62.0206743478775,59.346357360482216,60.6699101626873,,,,,EXECUTE,published_after_gate_recheck,56.847019121050835,56.864682119339705,0.017662998288869858,5.173495039343834,,,55.31858233734965,62.02051416039467,62.03817715868354
308,xair,1,100.0,50.0,after_release,1,0,0,0,1,2022,2021,after_check,0,after_middleware,1.3898066245019436,2.876256126910448,62.10483191534877,59.22857578843832,60.715025290846825,111.63835087791085,112.70702630281448,,,EXECUTE,published_after_gate_recheck,56.36895168572664,56.38151569291949,0.012564007192850113,5.735589191317558,105.96083104610443,114.84063789248466,56.00899690762162,62.1045408770442,62.11710488423705
309,xair,1,100.0,50.0,after_release,1,0,0,0,1,2024,2023,after_check,0,after_middleware,1.2774663046002388,2.86069605499506,61.36789917945862,58.50720312446356,60.09043287485838,110.88937614113092,112.1599399484694,,,EXECUTE,published_after_gate_recheck,55.98556296899915,55.999760050326586,0.014197081327438354,5.382176022976637,105.56907579302788,114.26987778395414,55.610117968171835,61.367738991975784,61.38193607330322
310,xair,0,,50.0,control,1,0,0,0,0,,2025,control,0,,3.076030872762203,4.359058104455471,61.87546206638217,57.5164039619267,58.79943119361997,,,,,EXECUTE,published_after_gate_recheck,57.13990796357393,57.152793277055025,0.012885313481092453,4.735372960567474,,,54.842228069901466,61.87528092414141,61.8881662376225
311,xair,1,100.0,50.0,after_release,1,0,0,0,1,2027,2026,after_check,0,after_middleware,1.1343182995915413,2.581943292170763,62.302733305841684,59.72079001367092,61.16841500625014,112.85590520128608,113.80331311374903,,,EXECUTE,published_after_gate_recheck,56.12524505704641,56.137869134545326,0.012624077498912811,6.177348084747791,106.74612410366535,116.51889700442553,56.568066123872995,62.302593141794205,62.31521721929312
312,xair,0,,50.0,control,1,0,0,0,0,,2028,control,0,,1.1214041151106358,2.647656947374344,62.23866296932101,59.59100602194667,61.11725885421038,,,,,EXECUTE,published_after_gate_recheck,56.58674007281661,56.596357841044664,0.009617768228054047,5.6517221964895725,,,55.75894704088569,62.23846226930618,62.24808003753424
313,xair,0,,50.0,control,1,0,0,0,0,,2029,control,0,,1.268609892576933,2.428896725177765,60.00397074967623,57.57507402449846,58.735360857099295,,,,,EXECUTE,published_after_gate_recheck,55.43284583836794,55.44078070670366,0.007934868335723877,4.571014083921909,,,54.6821067109704,60.00385992228985,60.01179479062557
314,xair,0,,50.0,control,1,0,0,0,0,,2030,control,0,,1.1126073077321053,2.2896653972566128,60.265892185270786,57.97622678801417,59.15328487753868,,,,,EXECUTE,published_after_gate_recheck,55.55551592260599,55.56399188935757,0.00847596675157547,4.710245877504349,,,54.813012946397066,60.26576180011034,60.274237766861916
315,xair,1,100.0,50.0,after_release,1,0,0,0,1,2032,2031,after_check,0,after_middleware,0.99584786221385,2.1826247684657574,61.13687576726079,58.95425099879503,60.14102790504694,114.4435228779912,115.7078449614346,,,EXECUTE,published_after_gate_recheck,56.12182803452015,56.1324879527092,0.010659918189048767,5.014916881918907,105.21610267460346,117.92052583768964,55.26006082072854,61.136744916439056,61.147404834628105
316,xair,1,100.0,50.0,after_release,1,0,0,0,1,2034,2033,after_check,0,after_middleware,1.2186761014163494,2.5726561434566975,60.622021090239286,58.04936494678259,59.40334498882294,111.17253825068474,112.38909000530839,,,EXECUTE,published_after_gate_recheck,55.39637804031372,55.40406238287687,0.007684342563152313,5.22552290931344,105.54218618199229,114.64078398421407,55.59906829148531,60.62190094962716,60.62958529219031
317,xair,1,100.0,50.0,after_release,1,0,0,0,1,2036,2035,after_check,0,after_middleware,1.1868169531226158,2.334109041839838,60.504750814288855,58.17064177244902,59.31793386116624,110.64193304628134,112.04080702736974,,,EXECUTE,published_after_gate_recheck,55.6523073464632,55.66514190286398,0.01283455640077591,4.852302838116884,105.0945958122611,114.51057018712163,55.129447020590305,60.50461018458009,60.517444740980864
318,xair,1,100.0,50.0,after_release,1,0,0,0,1,2038,2037,after_check,0,after_middleware,1.347328070551157,2.7900440618395805,60.905542224645615,58.115498162806034,59.55821415409446,111.02364817634225,112.27757018059492,,,EXECUTE,published_after_gate_recheck,56.03246996179223,56.04435270652175,0.01188274472951889,4.8729414120316505,105.15218414366245,114.55359030514956,55.18327699974179,60.90541137382388,60.9172941185534
319,xair,1,100.0,50.0,after_release,1,0,0,0,1,2040,2039,after_check,0,after_middleware,1.2034270912408829,2.517291810363531,60.794915072619915,58.277623262256384,59.59148798137903,110.7082674279809,112.043472006917,,,EXECUTE,published_after_gate_recheck,55.76378712430596,55.775659158825874,0.011872034519910812,5.030988249927759,105.22284731268883,113.93701424822211,55.253079161047935,60.79477537423372,60.80664740875363
