publishing_interval_ms,version_scope,intent_kind,run,trace_time_s,gateway_released,reason,e2e_latency_ms,validation_to_gate_ms,achieved_update_rate_hz
1000,predicate,continuous,0,0.102,1,published_after_gate_recheck,19.300275947898626,4.554532002657652,1.0
1000,readset,discrete,1,0.712,1,published_after_gate_recheck,19.052010029554367,4.9764420837163925,1.0
1000,readset,continuous,2,1.145,1,published_after_gate_recheck,16.94840006530285,4.591100849211216,1.0
1000,global,discrete,3,1.548,1,published_after_gate_recheck,19.154111854732037,5.1163253374397755,1.0
1000,predicate,discrete,4,2.477,1,published_after_gate_recheck,17.933715600520372,4.250311758369207,1.0
1000,readset,discrete,5,2.9,1,published_after_gate_recheck,18.255597911775112,4.931807983666658,1.0
1000,global,continuous,6,3.397,1,published_after_gate_recheck,16.653798054903746,4.354126285761595,1.0
1000,global,discrete,7,3.687,1,published_after_gate_recheck,18.018444068729877,4.594146274030209,1.0
1000,predicate,discrete,8,4.419,1,published_after_gate_recheck,17.45149213820696,4.31482307612896,1.0
1000,predicate,continuous,9,4.905,1,published_after_gate_recheck,16.25436032190919,4.064764827489853,1.0
1000,readset,continuous,10,5.117,1,published_after_gate_recheck,16.99094008654356,4.522242117673159,1.0
1000,readset,discrete,11,5.978,1,published_after_gate_recheck,20.242631435394287,6.138328928500414,1.0
1000,global,discrete,12,6.404,1,published_after_gate_recheck,18.070963211357594,4.6454621478915215,1.0
1000,global,continuous,13,6.528,1,published_after_gate_recheck,18.041486851871014,4.685617052018642,1.0
1000,global,continuous,14,7.053,1,published_after_gate_recheck,18.721099942922592,5.0121089443564415,1.0
1000,readset,continuous,15,7.544,1,published_after_gate_recheck,17.642099410295486,4.251294303685427,1.0
1000,predicate,discrete,16,8.336,1,published_after_gate_recheck,18.639707937836647,4.53544594347477,1.0
1000,global,continuous,17,8.579,1,published_after_gate_recheck,18.629759084433317,4.777450114488602,1.0
1000,readset,discrete,18,9.074,1,published_after_gate_recheck,16.854112967848778,4.581151995807886,1.0
1000,predicate,discrete,19,9.517,1,published_after_gate_recheck,16.103357076644897,4.426802974194288,1.0
1000,readset,discrete,20,10.219,1,published_after_gate_recheck,16.221108380705118,4.4397772289812565,1.0
1000,readset,continuous,21,10.654,1,published_after_gate_recheck,17.82167609781027,4.468161147087812,1.0
1000,global,continuous,22,11.281,1,published_after_gate_recheck,18.87876633554697,5.032457411289215,1.0
1000,global,discrete,23,11.59,1,published_after_gate_recheck,18.395940773189068,4.386967979371548,1.0
1000,global,continuous,24,12.35,1,published_after_gate_recheck,18.489526119083166,4.946095868945122,1.0
1000,predicate,discrete,25,12.813,1,published_after_gate_recheck,18.985636066645384,4.873129073530436,1.0
1000,readset,discrete,26,13.198,1,published_after_gate_recheck,17.552551347762346,4.527981858700514,1.0
1000,readset,continuous,27,13.983,1,published_after_gate_recheck,17.60402787476778,5.01519488170743,1.0
1000,readset,continuous,28,14.296,1,published_after_gate_recheck,17.43944874033332,4.055827856063843,1.0
1000,predicate,discrete,29,14.772,1,published_after_gate_recheck,19.926208071410656,5.266214720904827,1.0
1000,readset,continuous,30,15.119,1,published_after_gate_recheck,19.51754279434681,5.029330961406231,1.0
1000,predicate,continuous,31,15.651,1,published_after_gate_recheck,18.033592030406,4.63654613122344,1.0
1000,readset,continuous,32,16.359,1,published_after_gate_recheck,18.299701157957315,4.733127076178789,1.0
1000,global,discrete,33,16.674,1,published_after_gate_recheck,16.95464225485921,4.158410243690014,1.0
1000,predicate,discrete,34,17.054,1,published_after_gate_recheck,17.06398604437709,4.444696009159088,1.0
1000,predicate,discrete,35,17.71,1,published_after_gate_recheck,18.179947044700384,4.602121189236641,1.0
1000,global,continuous,36,18.245,1,published_after_gate_recheck,18.158166203647852,4.679776728153229,1.0
1000,global,discrete,37,18.571,1,published_after_gate_recheck,17.7033138461411,4.480362869799137,1.0
1000,global,continuous,38,19.122,1,published_after_gate_recheck,18.058930058032274,4.824919160455465,1.0
1000,readset,continuous,39,19.963,1,published_after_gate_recheck,17.031624913215637,4.123996011912823,1.0
1000,global,discrete,40,20.405,1,published_after_gate_recheck,18.890426959842443,4.568879026919603,1.0
1000,global,discrete,41,20.719,1,published_after_gate_recheck,19.70016397535801,4.9218907952308655,1.0
1000,readset,discrete,42,21.379,1,published_after_gate_recheck,17.01864181086421,4.6655298210680485,1.0
1000,global,continuous,43,21.822,1,published_after_gate_recheck,17.029070761054754,4.799460992217064,1.0
1000,predicate,discrete,44,22.098,1,published_after_gate_recheck,17.28458935394883,4.580050241202116,1.0
1000,global,continuous,45,22.775,1,published_after_gate_recheck,18.79625115543604,4.85142832621932,1.0
1000,predicate,discrete,46,23.033,1,published_after_gate_recheck,15.492632053792477,4.1546327993273735,1.0
1000,predicate,continuous,47,23.802,1,published_after_gate_recheck,17.669320106506348,4.765067249536514,1.0
1000,global,continuous,48,24.268,1,published_after_gate_recheck,17.036996316164732,3.8948659785091877,1.0
1000,predicate,discrete,49,24.552,1,published_after_gate_recheck,18.31055199727416,4.683664068579674,1.0
1000,readset,continuous,50,25.258,1,published_after_gate_recheck,17.86587806418538,4.1530500166118145,1.0
1000,predicate,continuous,51,25.622,1,published_after_gate_recheck,16.524355858564377,3.8540191017091274,1.0
1000,predicate,continuous,52,26.33,1,published_after_gate_recheck,17.297874204814434,4.275348968803883,1.0
1000,global,continuous,53,26.995,0,context_version_changed_at_publish,20.98194509744644,7.004331331700087,1.0
1000,global,continuous,54,27.403,1,published_after_gate_recheck,18.692336976528168,4.89801587536931,1.0
1000,predicate,continuous,55,27.534,1,published_after_gate_recheck,17.4317448399961,4.7654868103563786,1.0
1000,predicate,continuous,56,28.298,1,published_after_gate_recheck,17.577318008989096,4.2796870693564415,1.0
1000,readset,continuous,57,28.776,1,published_after_gate_recheck,18.702015280723572,4.987402819097042,1.0
1000,global,continuous,58,29.459,1,published_after_gate_recheck,21.75161661580205,4.707559011876583,1.0
1000,global,continuous,59,29.642,1,published_after_gate_recheck,16.94289967417717,4.146366845816374,1.0
1000,predicate,continuous,60,30.048,1,published_after_gate_recheck,16.341072041541338,4.497685935348272,1.0
1000,readset,discrete,61,30.685,1,published_after_gate_recheck,16.909075900912285,4.611027892678976,1.0
1000,readset,continuous,62,31.17,1,published_after_gate_recheck,16.477798111736774,4.214895889163017,1.0
1000,readset,continuous,63,31.922,1,published_after_gate_recheck,18.96520797163248,4.771487787365913,1.0
1000,predicate,discrete,64,32.443,1,published_after_gate_recheck,17.04221498221159,4.8141879960894585,1.0
1000,predicate,continuous,65,32.799,1,published_after_gate_recheck,17.327360343188047,4.435878712683916,1.0
1000,global,continuous,66,33.381,1,published_after_gate_recheck,17.359720077365637,4.305155016481876,1.0
1000,global,discrete,67,33.718,1,published_after_gate_recheck,18.11551582068205,4.736362956464291,1.0
1000,predicate,continuous,68,34.137,1,published_after_gate_recheck,17.004123888909817,4.473390057682991,1.0
1000,global,continuous,69,34.718,1,published_after_gate_recheck,17.599328886717558,4.248037002980709,1.0
1000,readset,continuous,70,35.34,1,published_after_gate_recheck,18.283801153302193,4.7886306419968605,1.0
1000,predicate,discrete,71,35.662,1,published_after_gate_recheck,19.355468917638063,5.133235827088356,1.0
1000,global,discrete,72,36.414,1,published_after_gate_recheck,17.948152031749487,4.494169261306524,1.0
1000,readset,discrete,73,36.728,1,published_after_gate_recheck,17.319314181804657,4.596600774675608,1.0
1000,global,discrete,74,37.121,1,published_after_gate_recheck,18.146093003451824,4.828524775803089,1.0
1000,global,continuous,75,37.755,1,published_after_gate_recheck,17.202785704284906,4.626997746527195,1.0
1000,readset,discrete,76,38.434,1,published_after_gate_recheck,18.568814732134342,4.836359992623329,1.0
1000,readset,discrete,77,38.681,1,published_after_gate_recheck,17.553173005580902,4.539213143289089,1.0
1000,readset,discrete,78,39.158,1,published_after_gate_recheck,18.96791299805045,5.4197232238948345,1.0
1000,readset,discrete,79,39.756,1,published_after_gate_recheck,16.715093050152063,4.358665086328983,1.0
1000,readset,discrete,80,40.476,1,published_after_gate_recheck,18.49484723061323,4.660281352698803,1.0
1000,predicate,discrete,81,40.898,1,published_after_gate_recheck,18.043089658021927,4.645511973649263,1.0
1000,global,continuous,82,41.36,1,published_after_gate_recheck,17.979471012949944,4.396264906972647,1.0
1000,global,discrete,83,41.625,1,published_after_gate_recheck,17.76535017415881,4.029328003525734,1.0
1000,predicate,continuous,84,42.307,1,published_after_gate_recheck,16.61038678139448,4.407016094774008,1.0
1000,global,continuous,85,42.837,1,published_after_gate_recheck,16.779023222625256,4.210758022964001,1.0
1000,readset,discrete,86,43.15,1,published_after_gate_recheck,16.989325638860464,4.138092044740915,1.0
1000,predicate,discrete,87,43.763,1,published_after_gate_recheck,18.002765253186226,4.4568688608706,1.0
1000,predicate,discrete,88,44.08,1,published_after_gate_recheck,22.64630328863859,8.830601815134287,1.0
1000,readset,discrete,89,44.958,1,published_after_gate_recheck,18.68925103917718,4.865423776209354,1.0
1000,predicate,discrete,90,45.335,1,published_after_gate_recheck,18.348021898418665,4.303561989217997,1.0
1000,global,continuous,91,45.825,1,published_after_gate_recheck,19.523964263498783,5.05180424079299,1.0
1000,predicate,continuous,92,46.409,1,published_after_gate_recheck,17.879574093967676,4.912992939352989,1.0
1000,readset,discrete,93,46.881,1,published_after_gate_recheck,17.88595598191023,4.952947609126568,1.0
1000,readset,discrete,94,47.172,1,published_after_gate_recheck,16.16187673062086,4.513464868068695,1.0
1000,predicate,discrete,95,47.805,1,published_after_gate_recheck,18.339404836297035,4.826901946216822,1.0
1000,global,discrete,96,48.063,1,published_after_gate_recheck,17.13746367022395,4.786336794495583,1.0
1000,predicate,continuous,97,48.842,1,published_after_gate_recheck,18.31950806081295,4.319992382079363,1.0
1000,global,continuous,98,49.186,1,published_after_gate_recheck,16.90468704327941,4.983596038073301,1.0
1000,predicate,discrete,99,49.764,1,published_after_gate_recheck,17.57189817726612,4.8483628779649734,1.0
1000,readset,continuous,100,50.415,1,published_after_gate_recheck,21.068287082016468,4.670638591051102,1.0
1000,readset,continuous,101,50.648,1,published_after_gate_recheck,15.817611012607813,4.328018054366112,1.0
1000,predicate,continuous,102,51.095,1,published_after_gate_recheck,18.276758026331663,4.712378140538931,1.0
1000,readset,discrete,103,51.9,1,published_after_gate_recheck,17.389966640621424,4.270029719918966,1.0
1000,global,continuous,104,52.145,1,published_after_gate_recheck,17.753147054463625,4.756891168653965,1.0
1000,predicate,continuous,105,52.951,1,published_after_gate_recheck,16.956564970314503,4.6463641338050365,1.0
1000,readset,discrete,106,53.466,1,published_after_gate_recheck,18.211635760962963,4.82432683929801,1.0
1000,global,continuous,107,53.579,1,published_after_gate_recheck,18.11061706393957,4.585239104926586,1.0
1000,predicate,discrete,108,54.281,1,published_after_gate_recheck,17.507195938378572,4.301749169826508,1.0
1000,global,continuous,109,54.971,1,published_after_gate_recheck,17.278518062084913,4.6411240473389626,1.0
1000,readset,continuous,110,55.326,1,published_after_gate_recheck,17.034781631082296,4.79399086907506,1.0
1000,predicate,discrete,111,55.82,1,published_after_gate_recheck,18.610042985528708,4.442022182047367,1.0
1000,readset,discrete,112,56.07,1,published_after_gate_recheck,17.438056878745556,4.632208030670881,1.0
1000,readset,continuous,113,56.718,1,published_after_gate_recheck,18.815106712281704,4.963078070431948,1.0
1000,global,discrete,114,57.404,1,published_after_gate_recheck,24.752188939601183,7.524685934185982,1.0
1000,global,continuous,115,57.501,1,published_after_gate_recheck,19.69492482021451,4.844215232878923,1.0
1000,readset,discrete,116,58.356,1,published_after_gate_recheck,17.73650525137782,4.827002063393593,1.0
1000,global,discrete,117,58.654,1,published_after_gate_recheck,17.6050397567451,4.3768188916146755,1.0
1000,readset,discrete,118,59.142,1,published_after_gate_recheck,18.07091198861599,5.019553005695343,1.0
1000,global,continuous,119,59.917,1,published_after_gate_recheck,16.913743689656258,4.325853195041418,1.0
1000,readset,continuous,120,60.185,1,published_after_gate_recheck,18.0366481654346,4.551967140287161,1.0
1000,global,continuous,121,60.75,1,published_after_gate_recheck,22.47926127165556,5.397941917181015,1.0
1000,readset,continuous,122,61.499,1,published_after_gate_recheck,17.667577136307955,4.341733641922474,1.0
1000,readset,continuous,123,61.652,1,published_after_gate_recheck,17.184222117066383,4.581912886351347,1.0
1000,predicate,continuous,124,62.481,1,published_after_gate_recheck,17.957250121980906,4.643938969820738,1.0
1000,global,discrete,125,62.658,1,published_after_gate_recheck,22.280488163232803,5.518427584320307,1.0
1000,readset,discrete,126,63.295,1,published_after_gate_recheck,17.078523989766836,4.871936980634928,1.0
1000,predicate,discrete,127,63.527,1,published_after_gate_recheck,18.140613101422787,5.22779393941164,1.0
1000,global,discrete,128,64.489,1,published_after_gate_recheck,18.17106967791915,4.364306107163429,1.0
1000,predicate,continuous,129,64.733,1,published_after_gate_recheck,18.081702757626772,4.860906396061182,1.0
1000,predicate,continuous,130,65.248,1,published_after_gate_recheck,19.46841971948743,4.328157752752304,1.0
1000,global,continuous,131,65.982,1,published_after_gate_recheck,17.876848112791777,4.370348062366247,1.0
1000,readset,discrete,132,66.209,1,published_after_gate_recheck,17.192276194691658,4.044966772198677,1.0
1000,predicate,continuous,133,66.512,1,published_after_gate_recheck,18.219280056655407,4.407928325235844,1.0
1000,predicate,continuous,134,67.169,1,published_after_gate_recheck,16.995197162032127,4.809779580682516,1.0
1000,global,discrete,135,67.512,1,published_after_gate_recheck,19.35327472165227,4.6363649889826775,1.0
1000,predicate,continuous,136,68.019,1,published_after_gate_recheck,17.011718824505806,4.793359898030758,1.0
1000,global,discrete,137,68.937,1,published_after_gate_recheck,22.550043649971485,5.444529000669718,1.0
1000,predicate,continuous,138,69.393,1,published_after_gate_recheck,17.126032151281834,4.881886299699545,1.0
1000,readset,discrete,139,69.86,1,published_after_gate_recheck,19.81250522658229,5.052974913269281,1.0
1000,global,discrete,140,70.321,1,published_after_gate_recheck,17.243622802197933,4.1867028921842575,1.0
1000,readset,discrete,141,70.69,1,published_after_gate_recheck,17.595741897821426,4.98059019446373,1.0
1000,predicate,continuous,142,71.285,1,published_after_gate_recheck,15.936634037643671,4.230374936014414,1.0
1000,readset,continuous,143,71.65,1,published_after_gate_recheck,19.91701079532504,5.196364130824804,1.0
1000,readset,continuous,144,72.314,1,published_after_gate_recheck,16.831160057336092,4.166105296462774,1.0
1000,global,continuous,145,72.89,1,published_after_gate_recheck,17.538455314934254,4.660591017454863,1.0
1000,predicate,discrete,146,73.191,1,published_after_gate_recheck,17.23131025210023,4.739127587527037,1.0
1000,global,continuous,147,73.635,1,published_after_gate_recheck,16.787678003311157,4.4396668672561646,1.0
1000,predicate,continuous,148,74.166,1,published_after_gate_recheck,19.459153059870005,5.285861901938915,1.0
1000,readset,discrete,149,74.609,1,published_after_gate_recheck,18.526645842939615,4.739989060908556,1.0
1000,predicate,discrete,150,75.461,1,published_after_gate_recheck,21.417903248220682,5.128919146955013,1.0
1000,global,continuous,151,75.917,1,published_after_gate_recheck,17.635426949709654,4.589857999235392,1.0
1000,global,discrete,152,76.154,1,published_after_gate_recheck,17.85503886640072,4.130377899855375,1.0
1000,global,continuous,153,76.552,1,published_after_gate_recheck,17.08556665107608,4.622859880328178,1.0
1000,global,continuous,154,77.251,1,published_after_gate_recheck,17.594981007277966,4.36848308891058,1.0
1000,readset,continuous,155,77.878,1,published_after_gate_recheck,17.89312018081546,4.528424236923456,1.0
1000,predicate,continuous,156,78.145,1,published_after_gate_recheck,16.292891930788755,4.06202906742692,1.0
1000,global,continuous,157,78.88,1,published_after_gate_recheck,17.662386875599623,4.604786168783903,1.0
1000,predicate,continuous,158,79.187,1,published_after_gate_recheck,17.743668984621763,4.488647915422916,1.0
1000,predicate,continuous,159,79.599,1,published_after_gate_recheck,16.98338519781828,4.39645629376173,1.0
1000,global,continuous,160,80.404,1,published_after_gate_recheck,17.563913017511368,4.82003903016448,1.0
1000,global,continuous,161,80.859,1,published_after_gate_recheck,16.663165297359228,4.107423592358828,1.0
1000,predicate,discrete,162,81.194,1,published_after_gate_recheck,17.624035943299532,4.6703387051820755,1.0
1000,global,continuous,163,81.852,1,published_after_gate_recheck,17.259943298995495,4.540896974503994,1.0
1000,readset,continuous,164,82.155,1,published_after_gate_recheck,17.785077448934317,4.749908111989498,1.0
1000,global,continuous,165,82.882,1,published_after_gate_recheck,17.951118294149637,5.01972297206521,1.0
1000,global,discrete,166,83.328,1,published_after_gate_recheck,19.034738186746836,4.001276101917028,1.0
1000,global,continuous,167,83.783,1,published_after_gate_recheck,19.638117868453264,4.838904831558466,1.0
1000,readset,discrete,168,84.153,1,published_after_gate_recheck,18.09264300391078,4.704743158072233,1.0
1000,readset,discrete,169,84.816,1,published_after_gate_recheck,18.820937257260084,5.003122147172689,1.0
1000,global,discrete,170,85.122,1,published_after_gate_recheck,18.90676934272051,4.905940033495426,1.0
1000,predicate,continuous,171,85.986,1,published_after_gate_recheck,19.43341502919793,5.094363819807768,1.0
1000,readset,discrete,172,86.281,1,published_after_gate_recheck,17.707691993564367,4.393942188471556,1.0
1000,predicate,discrete,173,86.878,1,published_after_gate_recheck,17.52564124763012,4.708590917289257,1.0
1000,global,continuous,174,87.029,1,published_after_gate_recheck,17.766662873327732,4.829958081245422,1.0
1000,readset,continuous,175,87.559,1,published_after_gate_recheck,16.99337363243103,4.622980952262878,1.0
1000,predicate,continuous,176,88.167,1,published_after_gate_recheck,17.35509093850851,4.617840982973576,1.0
1000,predicate,discrete,177,88.596,1,published_after_gate_recheck,20.4006670974195,4.2401328682899475,1.0
1000,predicate,discrete,178,89.19,1,published_after_gate_recheck,20.8753258921206,4.918944090604782,1.0
1000,predicate,continuous,179,89.803,1,published_after_gate_recheck,16.664366703480482,4.153159912675619,1.0
1000,predicate,continuous,180,90.386,1,published_after_gate_recheck,16.537118703126907,4.430789966136217,1.0
1000,predicate,discrete,181,90.557,1,published_after_gate_recheck,17.612433061003685,4.355860408395529,1.0
1000,global,continuous,182,91.334,1,published_after_gate_recheck,16.387037932872772,4.113746806979179,1.0
1000,readset,continuous,183,91.563,1,published_after_gate_recheck,17.54953619092703,4.559230990707874,1.0
1000,global,discrete,184,92.378,1,published_after_gate_recheck,17.601102124899626,4.431711975485086,1.0
1000,global,discrete,185,92.93,1,published_after_gate_recheck,17.81875966116786,4.562958143651485,1.0
1000,global,discrete,186,93.352,1,published_after_gate_recheck,17.988418228924274,4.39746817573905,1.0
1000,predicate,discrete,187,93.675,1,published_after_gate_recheck,22.384232841432095,7.161775603890419,1.0
1000,global,discrete,188,94.175,1,published_after_gate_recheck,17.934987787157297,4.785103723406792,1.0
1000,readset,continuous,189,94.863,1,published_after_gate_recheck,18.793446011841297,5.2068037912249565,1.0
1000,readset,discrete,190,95.427,1,published_after_gate_recheck,17.865788657218218,4.252727143466473,1.0
1000,global,discrete,191,95.558,1,published_after_gate_recheck,18.42817198485136,4.152949899435043,1.0
1000,global,discrete,192,96.132,1,published_after_gate_recheck,16.60243235528469,4.3282778933644295,1.0
1000,predicate,discrete,193,96.937,1,published_after_gate_recheck,18.033833242952824,4.666531924158335,1.0
1000,predicate,discrete,194,97.388,1,published_after_gate_recheck,18.987759947776794,4.914606921374798,1.0
1000,readset,continuous,195,97.609,1,published_after_gate_recheck,22.06731913611293,4.607541020959616,1.0
1000,predicate,continuous,196,98.08,1,published_after_gate_recheck,17.69040012732148,3.9786631241440773,1.0
1000,global,discrete,197,98.524,1,published_after_gate_recheck,16.963828820735216,4.054325167089701,1.0
1000,global,continuous,198,99.144,1,published_after_gate_recheck,25.036592036485672,5.596353206783533,1.0
1000,global,discrete,199,99.925,1,published_after_gate_recheck,21.935712080448866,5.374286789447069,1.0
1000,global,continuous,200,100.285,1,published_after_gate_recheck,16.563849058002234,4.204797092825174,1.0
1000,predicate,continuous,201,100.586,1,published_after_gate_recheck,18.046285957098007,4.757151938974857,1.0
1000,global,discrete,202,101.079,1,published_after_gate_recheck,18.857375718653202,4.7004250809550285,1.0
1000,readset,continuous,203,101.551,1,published_after_gate_recheck,20.37069108337164,5.131512880325317,1.0
1000,readset,continuous,204,102.194,1,published_after_gate_recheck,18.96498817950487,5.006598774343729,1.0
1000,readset,continuous,205,102.568,1,published_after_gate_recheck,18.49488727748394,4.235904663801193,1.0
1000,global,discrete,206,103.053,1,published_after_gate_recheck,16.092605888843536,4.404119681566954,1.0
1000,predicate,discrete,207,103.777,1,published_after_gate_recheck,17.361965030431747,4.260492045432329,1.0
1000,predicate,continuous,208,104.078,1,published_after_gate_recheck,15.477484092116356,3.89694981276989,1.0
1000,global,continuous,209,104.506,1,published_after_gate_recheck,17.574882600456476,4.607170820236206,1.0
1000,predicate,continuous,210,105.019,1,published_after_gate_recheck,15.139299910515547,3.8315868005156517,1.0
1000,readset,continuous,211,105.89,1,published_after_gate_recheck,17.26972172036767,4.4808341190218925,1.0
1000,global,discrete,212,106.333,1,published_after_gate_recheck,17.323601990938187,4.19424707069993,1.0
1000,predicate,continuous,213,106.505,1,published_after_gate_recheck,16.59212214872241,4.434057045727968,1.0
1000,predicate,continuous,214,107.478,1,published_after_gate_recheck,17.919928766787052,4.2880927212536335,1.0
1000,readset,discrete,215,107.93,1,published_after_gate_recheck,17.14469725266099,4.298302344977856,1.0
1000,readset,discrete,216,108.005,1,published_after_gate_recheck,14.593438245356083,3.635099623352289,1.0
1000,global,continuous,217,108.943,1,published_after_gate_recheck,18.330628983676434,4.609465133398771,1.0
1000,predicate,discrete,218,109.001,1,published_after_gate_recheck,19.745720084756613,4.332215990871191,1.0
1000,global,discrete,219,109.609,1,published_after_gate_recheck,17.475356813520193,4.479791969060898,1.0
1000,global,discrete,220,110.062,1,published_after_gate_recheck,18.933788873255253,5.651768296957016,1.0
1000,predicate,discrete,221,110.775,1,published_after_gate_recheck,17.850340344011784,4.3969969265162945,1.0
1000,readset,continuous,222,111.33,1,published_after_gate_recheck,16.922551207244396,4.136268049478531,1.0
1000,predicate,discrete,223,111.609,1,published_after_gate_recheck,19.310844596475363,5.0066988915205,1.0
1000,readset,continuous,224,112.295,1,published_after_gate_recheck,17.053266055881977,4.598604049533606,1.0
1000,readset,continuous,225,112.894,1,published_after_gate_recheck,17.085115890949965,4.448994994163513,1.0
1000,predicate,discrete,226,113.032,1,published_after_gate_recheck,17.296230886131525,4.604095127433538,1.0
1000,readset,continuous,227,113.585,1,published_after_gate_recheck,17.471930012106895,4.8252590931952,1.0
1000,readset,discrete,228,114.39,1,published_after_gate_recheck,18.54893798008561,4.881745204329491,1.0
1000,global,continuous,229,114.503,1,published_after_gate_recheck,17.229055985808372,4.749045707285404,1.0
1000,readset,discrete,230,115.149,1,published_after_gate_recheck,17.638853285461664,4.594527184963226,1.0
1000,predicate,discrete,231,115.636,1,published_after_gate_recheck,17.377864103764296,4.608222283422947,1.0
1000,global,discrete,232,116.295,1,published_after_gate_recheck,18.357308581471443,4.754666704684496,1.0
1000,readset,discrete,233,116.507,1,published_after_gate_recheck,16.966674011200666,4.489641170948744,1.0
1000,predicate,continuous,234,117.001,1,published_after_gate_recheck,18.09264300391078,4.5999581925570965,1.0
1000,readset,discrete,235,117.802,1,published_after_gate_recheck,21.111898589879274,4.92512620985508,1.0
1000,readset,continuous,236,118.36,1,published_after_gate_recheck,18.068348057568073,4.42301481962204,1.0
1000,predicate,continuous,237,118.527,1,published_after_gate_recheck,16.433275304734707,4.316746722906828,1.0
1000,readset,discrete,238,119.307,1,published_after_gate_recheck,18.050003331154585,4.957788158208132,1.0
1000,readset,discrete,239,119.605,1,published_after_gate_recheck,21.082032937556505,4.580972250550985,1.0
1000,readset,discrete,240,120.407,1,published_after_gate_recheck,16.82361587882042,4.052992910146713,1.0
1000,predicate,discrete,241,120.83,1,published_after_gate_recheck,17.091847956180573,4.166263621300459,1.0
1000,predicate,continuous,242,121.314,1,published_after_gate_recheck,17.367645166814327,4.561003763228655,1.0
1000,readset,continuous,243,121.621,1,published_after_gate_recheck,17.568251118063927,4.952977877110243,1.0
1000,predicate,continuous,244,122.23,1,published_after_gate_recheck,18.255508970469236,4.88510075956583,1.0
1000,readset,continuous,245,122.989,1,published_after_gate_recheck,19.9823840521276,5.234745796769857,1.0
1000,predicate,continuous,246,123.255,1,published_after_gate_recheck,17.960075289011,4.6354541555047035,1.0
1000,readset,continuous,247,123.834,1,published_after_gate_recheck,18.11253000050783,4.9276212230324745,1.0
1000,global,continuous,248,124.382,1,published_after_gate_recheck,17.933344934135675,4.273454658687115,1.0
1000,global,continuous,249,124.641,1,published_after_gate_recheck,18.833430018275976,4.792819265276194,1.0
1000,global,discrete,250,125.153,1,published_after_gate_recheck,17.848575953394175,4.724790807813406,1.0
1000,readset,continuous,251,125.987,1,published_after_gate_recheck,17.76426797732711,4.41884808242321,1.0
1000,readset,continuous,252,126.352,1,published_after_gate_recheck,17.149676103144884,4.4299280270934105,1.0
1000,global,continuous,253,126.588,1,published_after_gate_recheck,17.098551150411367,4.346000961959362,1.0
1000,readset,continuous,254,127.266,1,published_after_gate_recheck,20.513617899268866,4.780075047165155,1.0
1000,predicate,continuous,255,127.66,1,published_after_gate_recheck,20.134459249675274,4.554422106593847,1.0
1000,predicate,discrete,256,128.336,1,published_after_gate_recheck,16.925286035984755,4.304884932935238,1.0
1000,predicate,discrete,257,128.838,1,published_after_gate_recheck,17.022327985614538,4.7810859978199005,1.0
1000,readset,discrete,258,129.428,1,published_after_gate_recheck,16.911049839109182,4.084450658410788,1.0
1000,predicate,discrete,259,129.781,1,published_after_gate_recheck,19.81276599690318,5.189171060919762,1.0
1000,readset,continuous,260,130.067,1,published_after_gate_recheck,18.68922123685479,5.327349994331598,1.0
1000,predicate,continuous,261,130.76,1,published_after_gate_recheck,16.861676704138517,4.398268647491932,1.0
1000,readset,continuous,262,131.055,1,published_after_gate_recheck,17.87751028314233,4.604986868798733,1.0
1000,global,continuous,263,131.733,1,published_after_gate_recheck,17.494762782007456,4.652976058423519,1.0
1000,predicate,discrete,264,132.209,1,published_after_gate_recheck,19.482315983623266,4.451668821275234,1.0
1000,readset,discrete,265,132.682,1,published_after_gate_recheck,19.01554223150015,4.471545573323965,1.0
1000,readset,continuous,266,133.124,1,published_after_gate_recheck,17.543325200676918,4.513294901698828,1.0
1000,global,discrete,267,133.583,1,published_after_gate_recheck,18.571960739791393,4.3433359824121,1.0
1000,global,discrete,268,134.134,1,published_after_gate_recheck,16.591211315244436,4.455355927348137,1.0
1000,predicate,continuous,269,134.831,1,published_after_gate_recheck,17.991032917052507,4.672232083976269,1.0
1000,predicate,discrete,270,135.084,1,published_after_gate_recheck,15.99256880581379,4.22629714012146,1.0
1000,predicate,continuous,271,135.74,1,published_after_gate_recheck,17.436653841286898,4.363493993878365,1.0
1000,global,continuous,272,136.479,1,published_after_gate_recheck,18.431467935442924,4.497223999351263,1.0
1000,predicate,continuous,273,136.983,1,published_after_gate_recheck,17.692053224891424,4.507194273173809,1.0
1000,readset,discrete,274,137.377,1,published_after_gate_recheck,20.62360430136323,4.531428683549166,1.0
1000,predicate,continuous,275,137.758,1,published_after_gate_recheck,17.368126194924116,4.425039980560541,1.0
1000,global,continuous,276,138.29,1,published_after_gate_recheck,18.491991329938173,4.609215073287487,1.0
1000,global,continuous,277,138.741,1,published_after_gate_recheck,17.093400936573744,3.894456196576357,1.0
1000,readset,continuous,278,139.442,1,published_after_gate_recheck,18.674002029001713,4.5765237882733345,1.0
1000,readset,continuous,279,139.721,1,published_after_gate_recheck,16.371828969568014,4.334029275923967,1.0
1000,predicate,continuous,280,140.027,1,published_after_gate_recheck,16.72805706039071,4.9318186938762665,1.0
1000,readset,continuous,281,140.944,1,published_after_gate_recheck,23.61110085621476,7.10668321698904,1.0
1000,predicate,discrete,282,141.111,1,published_after_gate_recheck,16.97576092556119,4.323278088122606,1.0
1000,predicate,continuous,283,141.956,1,published_after_gate_recheck,17.65778800472617,4.612511023879051,1.0
1000,predicate,continuous,284,142.445,1,published_after_gate_recheck,16.78838999941945,4.559732042253017,1.0
1000,global,continuous,285,142.642,1,published_after_gate_recheck,17.332599963992834,4.411524161696434,1.0
1000,predicate,discrete,286,143.127,1,published_after_gate_recheck,18.429394345730543,4.679455887526274,1.0
1000,readset,discrete,287,143.933,1,published_after_gate_recheck,18.847227096557617,4.826932214200497,1.0
1000,readset,discrete,288,144.446,1,published_after_gate_recheck,17.857423052191734,4.590790253132582,1.0
1000,predicate,discrete,289,144.746,1,published_after_gate_recheck,16.813097056001425,3.772667609155178,1.0
1000,readset,discrete,290,145.051,1,published_after_gate_recheck,18.235490657389164,4.802627023309469,1.0
1000,readset,continuous,291,145.752,1,published_after_gate_recheck,18.125304020941257,4.649450071156025,1.0
1000,global,continuous,292,146.465,1,published_after_gate_recheck,18.13712576404214,4.552278202027082,1.0
1000,predicate,discrete,293,146.682,1,published_after_gate_recheck,17.367765307426453,4.331684671342373,1.0
1000,global,discrete,294,147.324,1,published_after_gate_recheck,17.51413894817233,4.468752071261406,1.0
1000,readset,continuous,295,147.948,1,published_after_gate_recheck,21.337381098419428,4.700695630162954,1.0
1000,global,discrete,296,148.269,1,published_after_gate_recheck,17.883370630443096,4.750990308821201,1.0
1000,predicate,discrete,297,148.673,1,published_after_gate_recheck,16.86936104670167,3.9589270018041134,1.0
1000,readset,continuous,298,149.294,1,published_after_gate_recheck,21.954067051410675,8.182849735021591,1.0
1000,predicate,continuous,299,149.642,1,published_after_gate_recheck,17.785186879336834,4.615116398781538,1.0
1000,readset,continuous,300,150.414,1,published_after_gate_recheck,19.156145863234997,5.505464039742947,1.0
1000,global,discrete,301,150.608,1,published_after_gate_recheck,17.991503700613976,4.575441125780344,1.0
1000,predicate,discrete,302,151.383,1,published_after_gate_recheck,17.550066579133272,4.602502100169659,1.0
1000,global,discrete,303,151.763,1,published_after_gate_recheck,17.949845641851425,4.120690282434225,1.0
1000,global,continuous,304,152.113,1,published_after_gate_recheck,18.02829233929515,4.846247844398022,1.0
1000,readset,discrete,305,152.952,1,published_after_gate_recheck,17.84948818385601,4.82206279411912,1.0
1000,predicate,discrete,306,153.472,1,published_after_gate_recheck,18.411651253700256,4.320112988352776,1.0
1000,predicate,discrete,307,153.574,1,published_after_gate_recheck,18.65299278870225,5.341576877981424,1.0
1000,global,continuous,308,154.17,1,published_after_gate_recheck,16.742423176765442,4.56466106697917,1.0
1000,global,discrete,309,154.947,1,published_after_gate_recheck,18.801191356033087,4.652334842830896,1.0
1000,readset,discrete,310,155.067,1,published_after_gate_recheck,17.581354826688766,4.274527076631784,1.0
1000,readset,continuous,311,155.869,1,published_after_gate_recheck,17.937902826815844,4.281380213797092,1.0
1000,predicate,continuous,312,156.149,1,published_after_gate_recheck,18.156862817704678,4.9363370053470135,1.0
1000,predicate,continuous,313,156.734,1,published_after_gate_recheck,17.856299877166748,4.671180155128241,1.0
1000,global,discrete,314,157.154,1,published_after_gate_recheck,18.419877160340548,4.865244030952454,1.0
1000,predicate,discrete,315,157.523,1,published_after_gate_recheck,16.241825185716152,4.226016346365213,1.0
1000,global,discrete,316,158.249,1,published_after_gate_recheck,17.320165876299143,4.663927014917135,1.0
1000,predicate,discrete,317,158.958,1,published_after_gate_recheck,18.22818722575903,4.5255981385707855,1.0
1000,predicate,continuous,318,159.104,1,published_after_gate_recheck,16.96200482547283,4.439527168869972,1.0
1000,predicate,continuous,319,159.853,1,published_after_gate_recheck,17.406227067112923,4.256413318216801,1.0
1000,global,discrete,320,160.056,1,published_after_gate_recheck,17.808702308684587,4.422555211931467,1.0
1000,global,discrete,321,160.946,1,published_after_gate_recheck,17.986995168030262,4.871374927461147,1.0
1000,readset,discrete,322,161.01,1,published_after_gate_recheck,18.68261769413948,4.970752168446779,1.0
1000,readset,discrete,323,161.619,1,published_after_gate_recheck,16.355399042367935,4.150886088609695,1.0
1000,predicate,continuous,324,162.124,1,published_after_gate_recheck,17.171877902001143,4.614475183188915,1.0
1000,predicate,continuous,325,162.816,1,published_after_gate_recheck,21.24203322455287,4.674848169088364,1.0
1000,global,continuous,326,163.258,1,published_after_gate_recheck,18.26986577361822,4.366590175777674,1.0
1000,global,discrete,327,163.837,1,published_after_gate_recheck,17.661154735833406,4.936056211590767,1.0
1000,readset,continuous,328,164.286,1,published_after_gate_recheck,17.995411064475775,4.52185096219182,1.0
1000,predicate,continuous,329,164.93,1,published_after_gate_recheck,17.135851085186005,4.571303725242615,1.0
1000,predicate,discrete,330,165.097,1,published_after_gate_recheck,16.22485416010022,3.59493400901556,1.0
1000,global,discrete,331,165.609,1,published_after_gate_recheck,19.72424890846014,4.895230755209923,1.0
1000,predicate,continuous,332,166.282,1,published_after_gate_recheck,18.171480856835842,4.58554970100522,1.0
1000,predicate,discrete,333,166.889,1,published_after_gate_recheck,18.13067402690649,4.6471660025417805,1.0
1000,readset,continuous,334,167.22,1,published_after_gate_recheck,18.183863256126642,4.8772357404232025,1.0
1000,global,continuous,335,167.954,1,published_after_gate_recheck,17.921832855790854,4.289034754037857,1.0
1000,global,continuous,336,168.124,1,published_after_gate_recheck,17.892007250338793,4.621857777237892,1.0
1000,predicate,continuous,337,168.942,1,published_after_gate_recheck,17.959914170205593,4.471455700695515,1.0
1000,readset,continuous,338,169.254,1,published_after_gate_recheck,18.087653908878565,4.559701774269342,1.0
1000,readset,continuous,339,169.863,1,published_after_gate_recheck,17.653460148721933,4.549030680209398,1.0
1000,predicate,continuous,340,170.49,1,published_after_gate_recheck,18.081862945109606,4.663647152483463,1.0
1000,predicate,continuous,341,170.949,1,published_after_gate_recheck,17.35680503770709,4.46900213137269,1.0
1000,predicate,discrete,342,171.399,1,published_after_gate_recheck,18.805549014359713,4.783120006322861,1.0
1000,global,discrete,343,171.842,1,published_after_gate_recheck,17.748919781297445,4.619393032044172,1.0
1000,global,continuous,344,172.175,1,published_after_gate_recheck,18.702464643865824,4.757812712341547,1.0
1000,readset,discrete,345,172.864,1,published_after_gate_recheck,18.212226685136557,4.673384130001068,1.0
1000,readset,discrete,346,173.305,1,published_after_gate_recheck,18.57305271551013,4.783682059496641,1.0
1000,predicate,discrete,347,173.787,1,published_after_gate_recheck,18.55825586244464,4.212561994791031,1.0
1000,global,continuous,348,174.063,1,published_after_gate_recheck,17.68394745886326,4.925858229398727,1.0
1000,readset,discrete,349,174.943,1,published_after_gate_recheck,18.08766322210431,4.343295935541391,1.0
1000,readset,continuous,350,175.405,1,published_after_gate_recheck,18.42415425926447,4.402196034789085,1.0
1000,readset,continuous,351,175.972,1,published_after_gate_recheck,17.387551721185446,4.279105924069881,1.0
1000,predicate,continuous,352,176.235,1,published_after_gate_recheck,16.66423724964261,3.834703005850315,1.0
1000,readset,discrete,353,176.672,1,published_after_gate_recheck,17.862542998045683,4.494991153478622,1.0
1000,readset,continuous,354,177.295,1,published_after_gate_recheck,17.77985692024231,4.535707179456949,1.0
1000,predicate,continuous,355,177.951,1,published_after_gate_recheck,17.576626036316156,4.159332253038883,1.0
1000,readset,continuous,356,178.188,1,published_after_gate_recheck,17.99645321443677,3.935963846743107,1.0
1000,readset,discrete,357,178.679,1,published_after_gate_recheck,17.93293422088027,4.384432919323444,1.0
1000,readset,continuous,358,179.328,1,published_after_gate_recheck,19.245212897658348,4.585420247167349,1.0
1000,predicate,discrete,359,179.999,1,published_after_gate_recheck,21.06009190902114,4.604265093803406,1.0
1000,global,continuous,360,180.311,1,published_after_gate_recheck,17.91022066026926,4.5468769967556,1.0
1000,predicate,continuous,361,180.9,1,published_after_gate_recheck,18.110315781086683,5.138596054166555,1.0
1000,readset,continuous,362,181.225,1,published_after_gate_recheck,17.52085192129016,4.587394185364246,1.0
1000,readset,discrete,363,181.537,1,published_after_gate_recheck,16.99193101376295,4.386818036437035,1.0
1000,predicate,discrete,364,182.445,1,published_after_gate_recheck,16.966162715107203,4.282893147319555,1.0
1000,predicate,discrete,365,182.741,1,published_after_gate_recheck,16.979457810521126,4.665909800678492,1.0
1000,predicate,discrete,366,183.329,1,published_after_gate_recheck,16.493246890604496,4.190450068563223,1.0
1000,readset,continuous,367,183.645,1,published_after_gate_recheck,16.902714036405087,4.5409067533910275,1.0
1000,global,continuous,368,184.41,1,published_after_gate_recheck,16.4907518774271,4.631616175174713,1.0
1000,predicate,discrete,369,184.577,1,published_after_gate_recheck,16.27977704629302,3.9796759374439716,1.0
1000,predicate,continuous,370,185.272,1,published_after_gate_recheck,16.83297287672758,4.48210583999753,1.0
1000,predicate,continuous,371,185.956,1,published_after_gate_recheck,17.11939973756671,4.8668272793293,1.0
1000,predicate,continuous,372,186.372,1,published_after_gate_recheck,18.786753993481398,4.646323621273041,1.0
1000,global,continuous,373,186.533,1,published_after_gate_recheck,17.083893064409494,4.324961919337511,1.0
1000,readset,continuous,374,187.428,1,published_after_gate_recheck,16.764465253800154,4.279065877199173,1.0
1000,readset,continuous,375,187.984,1,published_after_gate_recheck,17.77082961052656,4.424167796969414,1.0
1000,predicate,discrete,376,188.47,1,published_after_gate_recheck,18.700360786169767,4.881364293396473,1.0
1000,global,continuous,377,188.621,1,published_after_gate_recheck,17.027858179062605,4.598634783178568,1.0
1000,global,continuous,378,189.002,1,published_after_gate_recheck,18.272330053150654,4.9697100184857845,1.0
1000,global,discrete,379,189.773,1,published_after_gate_recheck,19.00040404871106,5.1893009804189205,1.0
1000,predicate,discrete,380,190.325,1,published_after_gate_recheck,18.391672987490892,4.755469039082527,1.0
1000,predicate,continuous,381,190.57,1,published_after_gate_recheck,20.275411661714315,5.559002980589867,1.0
1000,readset,continuous,382,191.243,1,published_after_gate_recheck,18.692366778850555,4.980691242963076,1.0
1000,predicate,continuous,383,191.527,1,published_after_gate_recheck,17.412429209798574,4.489799961447716,1.0
1000,predicate,continuous,384,192.049,1,published_after_gate_recheck,18.830384593456984,4.537951201200485,1.0
1000,global,discrete,385,192.959,1,published_after_gate_recheck,17.600090708583593,4.767251200973988,1.0
1000,global,continuous,386,193.307,1,published_after_gate_recheck,17.475576605647802,4.077086690813303,1.0
1000,predicate,continuous,387,193.639,1,published_after_gate_recheck,16.699181869626045,4.147600382566452,1.0
1000,readset,discrete,388,194.288,1,published_after_gate_recheck,17.23525719717145,4.340360872447491,1.0
1000,global,continuous,389,194.572,1,published_after_gate_recheck,21.66902320459485,4.585000220686197,1.0
1000,predicate,continuous,390,195.18,1,published_after_gate_recheck,17.43431994691491,4.459964111447334,1.0
1000,global,continuous,391,195.85,1,published_after_gate_recheck,17.02736783772707,4.3589649721980095,1.0
1000,readset,continuous,392,196.154,1,published_after_gate_recheck,17.159786075353622,4.342253785580397,1.0
1000,global,discrete,393,196.546,1,published_after_gate_recheck,17.73245818912983,4.568588919937611,1.0
1000,global,discrete,394,197.474,1,published_after_gate_recheck,17.331718001514673,4.8793307505548,1.0
1000,readset,discrete,395,197.549,1,published_after_gate_recheck,16.796744894236326,4.292922094464302,1.0
1000,global,continuous,396,198.306,1,published_after_gate_recheck,17.80491368845105,4.9837869592010975,1.0
1000,readset,discrete,397,198.711,1,published_after_gate_recheck,19.01270728558302,5.187207367271185,1.0
1000,global,discrete,398,199.269,1,published_after_gate_recheck,17.422386910766363,4.720402881503105,1.0
1000,readset,continuous,399,199.869,1,published_after_gate_recheck,18.336339853703976,4.461347125470638,1.0
1000,readset,continuous,400,200.132,1,published_after_gate_recheck,18.245730083435774,4.232569132000208,1.0
1000,readset,discrete,401,200.721,1,published_after_gate_recheck,18.73143995180726,4.993765149265528,1.0
1000,global,discrete,402,201.163,1,published_after_gate_recheck,17.418169882148504,4.701968282461166,1.0
1000,readset,discrete,403,201.719,1,published_after_gate_recheck,17.569873947650194,5.085405893623829,1.0
1000,global,discrete,404,202.315,1,published_after_gate_recheck,17.68906693905592,4.477448295801878,1.0
1000,global,continuous,405,202.712,1,published_after_gate_recheck,18.014437053352594,4.441479686647654,1.0
1000,readset,continuous,406,203.392,1,published_after_gate_recheck,17.970344051718712,5.160917993634939,1.0
1000,predicate,continuous,407,203.835,1,published_after_gate_recheck,19.06786998733878,4.372401162981987,1.0
1000,global,discrete,408,204.343,1,published_after_gate_recheck,17.494953703135252,4.155314061790705,1.0
1000,readset,continuous,409,204.696,1,published_after_gate_recheck,17.674469854682684,4.713689908385277,1.0
1000,predicate,discrete,410,205.147,1,published_after_gate_recheck,18.619219306856394,4.603163339197636,1.0
1000,readset,continuous,411,205.784,1,published_after_gate_recheck,17.67673436552286,4.483408760279417,1.0
1000,global,discrete,412,206.32,1,published_after_gate_recheck,19.134806003421545,4.477386828511953,1.0
1000,readset,discrete,413,206.746,1,published_after_gate_recheck,17.44967931881547,4.843803122639656,1.0
1000,readset,discrete,414,207.496,1,published_after_gate_recheck,17.935038078576326,4.707608837634325,1.0
1000,global,discrete,415,207.594,1,published_after_gate_recheck,17.08040712401271,4.65638330206275,1.0
1000,predicate,discrete,416,208.266,1,published_after_gate_recheck,17.747596837580204,4.424698650836945,1.0
1000,readset,discrete,417,208.988,1,published_after_gate_recheck,18.031097017228603,4.302440211176872,1.0
1000,readset,continuous,418,209.136,1,published_after_gate_recheck,17.943825107067823,4.575851839035749,1.0
1000,global,continuous,419,209.87,1,published_after_gate_recheck,17.981494776904583,4.56377025693655,1.0
1000,readset,discrete,420,210.355,1,published_after_gate_recheck,17.378744669258595,4.319190979003906,1.0
1000,readset,continuous,421,210.955,1,published_after_gate_recheck,17.478703055530787,4.545876290649176,1.0
1000,readset,discrete,422,211.193,1,published_after_gate_recheck,18.170529045164585,4.357573110610247,1.0
1000,global,continuous,423,211.653,1,published_after_gate_recheck,16.55486272647977,4.333699122071266,1.0
1000,readset,discrete,424,212.368,1,published_after_gate_recheck,18.110085278749466,4.352433141320944,1.0
1000,readset,continuous,425,212.874,1,published_after_gate_recheck,16.938591841608286,4.373311996459961,1.0
1000,global,continuous,426,213.306,1,published_after_gate_recheck,17.80023518949747,4.5302859507501125,1.0
1000,predicate,continuous,427,213.76,1,published_after_gate_recheck,17.20258593559265,4.266994073987007,1.0
1000,readset,continuous,428,214.042,1,published_after_gate_recheck,16.97506895288825,4.803168121725321,1.0
1000,global,discrete,429,214.739,1,published_after_gate_recheck,17.76138273999095,4.386498127132654,1.0
1000,global,discrete,430,215.174,1,published_after_gate_recheck,16.324620693922043,4.5139058493077755,1.0
1000,global,continuous,431,215.874,1,published_after_gate_recheck,18.46540067344904,5.012159235775471,1.0
1000,readset,discrete,432,216.491,1,published_after_gate_recheck,18.302245996892452,4.255030769854784,1.0
1000,global,continuous,433,216.752,1,published_after_gate_recheck,17.937331926077604,4.588805604726076,1.0
1000,readset,discrete,434,217.412,1,published_after_gate_recheck,17.3360463231802,4.474781919270754,1.0
1000,global,discrete,435,217.69,1,published_after_gate_recheck,18.98742001503706,4.796816036105156,1.0
1000,predicate,continuous,436,218.21,1,published_after_gate_recheck,17.07447599619627,4.302630200982094,1.0
1000,predicate,discrete,437,218.829,1,published_after_gate_recheck,18.404778093099594,4.703770857304335,1.0
1000,readset,continuous,438,219.092,1,published_after_gate_recheck,17.34404033049941,4.116591066122055,1.0
1000,global,continuous,439,219.733,1,published_after_gate_recheck,18.050022888928652,4.6788048930466175,1.0
1000,predicate,discrete,440,220.027,1,published_after_gate_recheck,21.89552690833807,5.698975175619125,1.0
1000,predicate,discrete,441,220.676,1,published_after_gate_recheck,16.426532063633204,4.378522280603647,1.0
1000,global,discrete,442,221.439,1,published_after_gate_recheck,16.665540169924498,4.198063630610704,1.0
1000,predicate,discrete,443,221.994,1,published_after_gate_recheck,18.89022719115019,5.877188872545958,1.0
1000,readset,discrete,444,222.124,1,published_after_gate_recheck,17.52402726560831,4.543161019682884,1.0
1000,predicate,discrete,445,222.784,1,published_after_gate_recheck,17.913267016410828,4.274266771972179,1.0
1000,global,continuous,446,223.26,1,published_after_gate_recheck,18.185627181082964,4.508094862103462,1.0
1000,global,discrete,447,223.515,1,published_after_gate_recheck,17.871137708425522,4.605107009410858,1.0
1000,readset,discrete,448,224.079,1,published_after_gate_recheck,17.114952206611633,4.5580780133605,1.0
1000,global,continuous,449,224.833,1,published_after_gate_recheck,17.258580774068832,4.195048939436674,1.0
1000,readset,discrete,450,225.063,1,published_after_gate_recheck,20.842473953962326,5.378665868192911,1.0
1000,readset,discrete,451,225.939,1,published_after_gate_recheck,17.2972627915442,4.603654146194458,1.0
1000,readset,discrete,452,226.459,1,published_after_gate_recheck,17.980271950364113,4.79074427857995,1.0
1000,predicate,discrete,453,226.636,1,published_after_gate_recheck,17.518287058919668,4.584969021379948,1.0
1000,predicate,continuous,454,227.012,1,published_after_gate_recheck,17.209589015692472,4.703130107372999,1.0
1000,predicate,discrete,455,227.539,1,published_after_gate_recheck,18.432830460369587,4.795574117451906,1.0
1000,global,discrete,456,228.043,1,published_after_gate_recheck,17.05637201666832,4.346473142504692,1.0
1000,global,continuous,457,228.947,1,published_after_gate_recheck,17.417187336832285,4.478500224649906,1.0
1000,readset,discrete,458,229.316,1,published_after_gate_recheck,18.297215923666954,5.044649820774794,1.0
1000,predicate,continuous,459,229.992,1,published_after_gate_recheck,23.040923289954662,8.731505833566189,1.0
1000,predicate,continuous,460,230.323,1,published_after_gate_recheck,17.530038952827454,4.400963895022869,1.0
1000,readset,discrete,461,230.89,1,published_after_gate_recheck,17.41085620597005,4.773842170834541,1.0
1000,predicate,continuous,462,231.22,1,published_after_gate_recheck,16.87846891582012,4.422113765031099,1.0
1000,predicate,discrete,463,231.825,1,published_after_gate_recheck,19.03426693752408,4.568809177726507,1.0
1000,predicate,continuous,464,232.47,1,published_after_gate_recheck,16.98616985231638,4.600949119776487,1.0
1000,global,discrete,465,232.575,1,published_after_gate_recheck,15.835254918783903,3.9975191466510296,1.0
1000,readset,continuous,466,233.04,1,published_after_gate_recheck,16.32023323327303,3.97486612200737,1.0
1000,readset,discrete,467,233.517,1,published_after_gate_recheck,17.607112880796194,4.631306044757366,1.0
1000,global,discrete,468,234.19,1,published_after_gate_recheck,17.142833676189184,4.466036334633827,1.0
1000,global,continuous,469,234.648,1,published_after_gate_recheck,17.12568197399378,4.2608617804944515,1.0
1000,predicate,continuous,470,235.15,1,published_after_gate_recheck,21.32940711453557,4.679517354816198,1.0
1000,global,discrete,471,235.708,1,published_after_gate_recheck,17.145378049463034,4.546657204627991,1.0
1000,global,continuous,472,236.262,1,published_after_gate_recheck,17.040633130818605,4.543742164969444,1.0
1000,readset,discrete,473,236.733,1,published_after_gate_recheck,17.030544113367796,4.029348026961088,1.0
1000,predicate,discrete,474,237.153,1,published_after_gate_recheck,18.081012181937695,4.095782991498709,1.0
1000,predicate,continuous,475,237.939,1,published_after_gate_recheck,17.83405803143978,4.548110067844391,1.0
1000,readset,continuous,476,238.091,1,published_after_gate_recheck,16.56560320407152,3.7510572001338005,1.0
1000,readset,discrete,477,238.89,1,published_after_gate_recheck,17.78415497392416,4.468811675906181,1.0
1000,global,continuous,478,239.352,1,published_after_gate_recheck,17.912626266479492,4.747713916003704,1.0
1000,readset,continuous,479,239.515,1,published_after_gate_recheck,17.209067940711975,4.555213265120983,1.0
1000,global,discrete,480,240.195,1,published_after_gate_recheck,16.867517959326506,4.207641817629337,1.0
1000,global,discrete,481,240.958,1,published_after_gate_recheck,17.069415654987097,4.449274856597185,1.0
1000,predicate,discrete,482,241.252,1,published_after_gate_recheck,20.30377509072423,4.698672331869602,1.0
1000,global,continuous,483,241.542,1,published_after_gate_recheck,17.926582135260105,4.28866408765316,1.0
1000,readset,discrete,484,242.392,1,published_after_gate_recheck,17.803541850298643,4.511721897870302,1.0
1000,readset,discrete,485,242.582,1,published_after_gate_recheck,17.36417878419161,4.399171099066734,1.0
1000,readset,continuous,486,243.265,1,published_after_gate_recheck,18.7829970382154,4.666602239012718,1.0
1000,predicate,discrete,487,243.874,1,published_after_gate_recheck,16.876905225217342,4.111472051590681,1.0
1000,predicate,continuous,488,244.002,1,published_after_gate_recheck,17.9640119895339,4.356421064585447,1.0
1000,readset,discrete,489,244.992,1,published_after_gate_recheck,21.659855265170336,8.99175414815545,1.0
1000,global,discrete,490,245.038,1,published_after_gate_recheck,17.480636946856976,4.966033156961203,1.0
1000,readset,discrete,491,245.508,1,published_after_gate_recheck,21.606896072626114,4.831390921026468,1.0
1000,global,continuous,492,246.134,1,published_after_gate_recheck,17.602554988116026,4.560332745313644,1.0
1000,global,continuous,493,246.513,1,published_after_gate_recheck,17.90370885282755,4.364215303212404,1.0
1000,global,discrete,494,247.326,1,published_after_gate_recheck,17.503469716757536,4.024118185043335,1.0
1000,readset,continuous,495,247.716,1,published_after_gate_recheck,17.74485083296895,4.886243958026171,1.0
1000,global,discrete,496,248.257,1,published_after_gate_recheck,17.71215023472905,4.525728058069944,1.0
1000,global,discrete,497,248.79,1,published_after_gate_recheck,16.568757593631744,4.419810138642788,1.0
1000,predicate,discrete,498,249.046,1,published_after_gate_recheck,19.664268009364605,4.707759246230125,1.0
1000,predicate,continuous,499,249.679,1,published_after_gate_recheck,17.49433297663927,4.670850001275539,1.0
1000,readset,discrete,500,250.475,1,published_after_gate_recheck,19.072228111326694,4.703310783952475,1.0
1000,predicate,continuous,501,250.942,1,published_after_gate_recheck,17.378614749759436,4.346552304923534,1.0
1000,predicate,continuous,502,251.276,1,published_after_gate_recheck,17.829810734838247,4.770285915583372,1.0
1000,readset,discrete,503,251.748,1,published_after_gate_recheck,17.07924483343959,4.355730023235083,1.0
1000,global,discrete,504,252.41,1,published_after_gate_recheck,17.847504001110792,4.334589932113886,1.0
1000,global,continuous,505,252.957,1,published_after_gate_recheck,17.44012115523219,4.59213275462389,1.0
1000,global,continuous,506,253.016,1,published_after_gate_recheck,20.366742741316557,4.778051283210516,1.0
1000,readset,continuous,507,253.71,1,published_after_gate_recheck,17.396017909049988,4.209917038679123,1.0
1000,readset,continuous,508,254.5,1,published_after_gate_recheck,18.70945794507861,4.971392918378115,1.0
1000,predicate,discrete,509,254.877,1,published_after_gate_recheck,18.220502883195877,4.610045813024044,1.0
1000,global,discrete,510,255.327,1,published_after_gate_recheck,17.046614084392786,4.622169304639101,1.0
1000,predicate,discrete,511,255.843,1,published_after_gate_recheck,17.90380897000432,4.4361199252307415,1.0
1000,global,discrete,512,256.029,1,published_after_gate_recheck,17.046844121068716,4.2572650127112865,1.0
1000,global,continuous,513,256.855,1,published_after_gate_recheck,18.341429997235537,4.89728432148695,1.0
1000,global,discrete,514,257.264,1,published_after_gate_recheck,19.096785224974155,4.404291044920683,1.0
1000,predicate,discrete,515,257.532,1,published_after_gate_recheck,17.200471833348274,4.1472590528428555,1.0
1000,global,discrete,516,258.067,1,published_after_gate_recheck,17.027017194777727,4.350169096142054,1.0
1000,readset,discrete,517,258.603,1,published_after_gate_recheck,16.578726936131716,4.3082209303975105,1.0
1000,global,continuous,518,259.178,1,published_after_gate_recheck,16.46575564518571,4.292550962418318,1.0
1000,global,discrete,519,259.611,1,published_after_gate_recheck,17.703082878142595,4.69101732596755,1.0
1000,global,continuous,520,260.325,1,published_after_gate_recheck,17.649502959102392,4.606630187481642,1.0
1000,predicate,continuous,521,260.853,1,published_after_gate_recheck,18.19152943789959,4.653117153793573,1.0
1000,readset,discrete,522,261.406,1,published_after_gate_recheck,17.356833908706903,4.690767731517553,1.0
1000,global,discrete,523,261.798,1,published_after_gate_recheck,16.308580990880728,4.3613500893116,1.0
1000,predicate,continuous,524,262.299,1,published_after_gate_recheck,16.6541482321918,4.468931816518307,1.0
1000,predicate,discrete,525,262.752,1,published_after_gate_recheck,19.93730803951621,5.323601886630058,1.0
1000,readset,continuous,526,263.347,1,published_after_gate_recheck,16.127492301166058,4.4137476943433285,1.0
1000,predicate,discrete,527,263.861,1,published_after_gate_recheck,18.965347670018673,5.180473905056715,1.0
1000,global,discrete,528,264.038,1,published_after_gate_recheck,16.612940933555365,4.764264915138483,1.0
1000,global,discrete,529,264.9,1,published_after_gate_recheck,18.32674164324999,4.357633180916309,1.0
1000,readset,continuous,530,265.497,1,published_after_gate_recheck,18.161753192543983,4.753394052386284,1.0
1000,predicate,discrete,531,265.993,1,published_after_gate_recheck,21.38735493645072,7.300917059183121,1.0
1000,readset,discrete,532,266.149,1,published_after_gate_recheck,18.494466319680214,4.651703871786594,1.0
1000,global,continuous,533,266.612,1,published_after_gate_recheck,17.02964212745428,4.4704037718474865,1.0
1000,global,discrete,534,267.471,1,published_after_gate_recheck,17.359890043735504,4.7332970425486565,1.0
1000,predicate,continuous,535,267.91,1,published_after_gate_recheck,17.49128568917513,4.338657017797232,1.0
1000,global,discrete,536,268.044,1,published_after_gate_recheck,15.824262984097004,3.9934907108545303,1.0
1000,predicate,discrete,537,268.764,1,published_after_gate_recheck,18.784939777106047,5.261216312646866,1.0
1000,global,continuous,538,269.308,1,published_after_gate_recheck,17.128876876085997,4.633028991520405,1.0
1000,predicate,discrete,539,269.539,1,published_after_gate_recheck,17.960805911570787,4.432393237948418,1.0
1000,global,discrete,540,270.482,1,published_after_gate_recheck,18.779749982059002,4.64669382199645,1.0
1000,predicate,continuous,541,270.606,1,published_after_gate_recheck,18.170129042118788,4.492816049605608,1.0
1000,predicate,discrete,542,271.438,1,published_after_gate_recheck,17.72913197055459,4.4839102774858475,1.0
1000,global,discrete,543,271.6,1,published_after_gate_recheck,17.750473227351904,4.610828123986721,1.0
1000,predicate,discrete,544,272.014,1,published_after_gate_recheck,17.031826078891754,4.2802379466593266,1.0
1000,global,continuous,545,272.609,1,published_after_gate_recheck,17.77644082903862,4.841458983719349,1.0
1000,global,discrete,546,273.029,1,published_after_gate_recheck,16.645832918584347,4.216309171169996,1.0
1000,predicate,discrete,547,273.856,1,published_after_gate_recheck,16.699242871254683,4.477086942642927,1.0
1000,predicate,discrete,548,274.291,1,published_after_gate_recheck,16.385634895414114,4.442451987415552,1.0
1000,readset,continuous,549,274.62,1,published_after_gate_recheck,20.314806140959263,4.756800830364227,1.0
1000,readset,continuous,550,275.399,1,published_after_gate_recheck,16.474793199449778,4.263526760041714,1.0
1000,readset,continuous,551,275.633,1,published_after_gate_recheck,16.979959327727556,4.388390574604273,1.0
1000,global,continuous,552,276.186,1,published_after_gate_recheck,17.397029791027308,5.024101119488478,1.0
1000,predicate,continuous,553,276.623,1,published_after_gate_recheck,17.06522796303034,4.329090006649494,1.0
1000,readset,discrete,554,277.273,1,published_after_gate_recheck,23.31842202693224,7.762150838971138,1.0
1000,readset,continuous,555,277.966,1,published_after_gate_recheck,16.63920097053051,4.204637371003628,1.0
1000,predicate,continuous,556,278.397,1,published_after_gate_recheck,16.526689752936363,4.100050777196884,1.0
1000,global,discrete,557,278.917,1,published_after_gate_recheck,17.02032471075654,4.333969205617905,1.0
1000,global,discrete,558,279.43,1,published_after_gate_recheck,17.807629890739918,4.23453189432621,1.0
1000,readset,discrete,559,279.841,1,published_after_gate_recheck,17.62487692758441,4.927982110530138,1.0
1000,global,discrete,560,280.126,1,published_after_gate_recheck,18.070521764457226,4.356421064585447,1.0
1000,readset,continuous,561,280.77,1,published_after_gate_recheck,17.455019056797028,4.705395083874464,1.0
1000,global,continuous,562,281.213,1,published_after_gate_recheck,17.419571988284588,4.736663307994604,1.0
1000,predicate,continuous,563,281.771,1,published_after_gate_recheck,18.58267094939947,4.474732093513012,1.0
1000,predicate,discrete,564,282.182,1,published_after_gate_recheck,17.82147493213415,4.265680909156799,1.0
1000,predicate,continuous,565,282.591,1,published_after_gate_recheck,18.33849400281906,4.804761148989201,1.0
1000,readset,continuous,566,283.434,1,published_after_gate_recheck,18.186258152127266,4.994777031242847,1.0
1000,global,discrete,567,283.834,1,published_after_gate_recheck,17.26467302069068,4.860143642872572,1.0
1000,predicate,discrete,568,284.29,1,published_after_gate_recheck,18.113472033292055,4.3298108503222466,1.0
1000,readset,discrete,569,284.748,1,published_after_gate_recheck,18.177702091634274,4.228781908750534,1.0
1000,predicate,continuous,570,285.065,1,published_after_gate_recheck,17.278509214520454,4.080263897776604,1.0
1000,predicate,continuous,571,285.746,1,published_after_gate_recheck,16.908585093915462,4.193486180156469,1.0
1000,readset,discrete,572,286.02,1,published_after_gate_recheck,15.777476131916046,4.10052202641964,1.0
1000,predicate,continuous,573,286.717,1,published_after_gate_recheck,16.61406271159649,4.300977103412151,1.0
1000,predicate,discrete,574,287.179,1,published_after_gate_recheck,18.883013632148504,4.8919240944087505,1.0
1000,predicate,discrete,575,287.751,1,published_after_gate_recheck,17.31434464454651,4.147148225456476,1.0
1000,global,discrete,576,288.317,1,published_after_gate_recheck,17.442795913666487,4.318038932979107,1.0
1000,global,continuous,577,288.578,1,published_after_gate_recheck,18.005148973315954,4.850907251238823,1.0
1000,global,discrete,578,289.056,1,published_after_gate_recheck,17.989900894463062,4.415472038090229,1.0
1000,readset,discrete,579,289.569,1,published_after_gate_recheck,18.260597717016935,4.861397203058004,1.0
1000,readset,discrete,580,290.14,1,published_after_gate_recheck,17.881117295473814,5.297483876347542,1.0
1000,global,discrete,581,290.834,1,published_after_gate_recheck,16.314982902258635,4.398470278829336,1.0
1000,readset,continuous,582,291.08,1,published_after_gate_recheck,15.350256115198135,4.232238046824932,1.0
1000,global,continuous,583,291.717,1,published_after_gate_recheck,17.29551935568452,4.09269705414772,1.0
1000,readset,continuous,584,292.021,1,published_after_gate_recheck,16.441460233181715,4.23186831176281,1.0
1000,readset,continuous,585,292.922,1,published_after_gate_recheck,17.465978860855103,4.574338905513287,1.0
1000,readset,continuous,586,293.444,1,published_after_gate_recheck,18.411240074783564,5.0353133119642735,1.0
1000,global,discrete,587,293.944,1,published_after_gate_recheck,19.350740127265453,4.825749900192022,1.0
1000,readset,discrete,588,294.418,1,published_after_gate_recheck,18.13963195309043,5.184642970561981,1.0
1000,readset,discrete,589,294.549,1,published_after_gate_recheck,18.871632870286703,4.553400911390781,1.0
1000,readset,discrete,590,295.223,1,published_after_gate_recheck,18.256339710205793,4.551976919174194,1.0
1000,predicate,discrete,591,295.641,1,published_after_gate_recheck,17.13703293353319,4.50510997325182,1.0
1000,global,discrete,592,296.184,1,published_after_gate_recheck,17.305397894233465,4.811935126781464,1.0
1000,predicate,discrete,593,296.782,1,published_after_gate_recheck,20.664460957050323,7.002828177064657,1.0
1000,readset,discrete,594,297.442,1,published_after_gate_recheck,17.388875130563974,4.382449667900801,1.0
1000,predicate,discrete,595,297.912,1,published_after_gate_recheck,18.006751779466867,5.000157281756401,1.0
1000,readset,discrete,596,298.068,1,published_after_gate_recheck,17.845570109784603,5.114560946822166,1.0
1000,predicate,discrete,597,298.832,1,published_after_gate_recheck,16.493457835167646,4.135536961257458,1.0
1000,predicate,discrete,598,299.461,1,published_after_gate_recheck,17.773095052689314,4.297089762985706,1.0
1000,readset,continuous,599,299.792,1,published_after_gate_recheck,16.579849179834127,3.923499956727028,1.0
100,readset,continuous,0,0.092,1,published_after_gate_recheck,16.507823951542377,4.468721337616444,10.0
100,readset,discrete,1,0.735,1,published_after_gate_recheck,17.70093897357583,4.518845118582249,10.0
100,readset,discrete,2,1.095,1,published_after_gate_recheck,18.736950121819973,6.227354984730482,10.0
100,readset,discrete,3,1.563,1,published_after_gate_recheck,17.37181283533573,4.690597299486399,10.0
100,readset,continuous,4,2.052,1,published_after_gate_recheck,17.61589990928769,4.634311888366938,10.0
100,global,discrete,5,2.734,1,published_after_gate_recheck,17.01413281261921,4.301588051021099,10.0
100,global,discrete,6,3.138,1,published_after_gate_recheck,16.79011294618249,4.15883120149374,10.0
100,readset,discrete,7,3.942,1,published_after_gate_recheck,16.097546089440584,4.131409805268049,10.0
100,predicate,continuous,8,4.106,1,published_after_gate_recheck,17.835841979831457,4.720833618193865,10.0
100,predicate,discrete,9,4.776,1,published_after_gate_recheck,17.188089434057474,4.048935137689114,10.0
100,predicate,continuous,10,5.211,1,published_after_gate_recheck,18.4064912609756,5.231409799307585,10.0
100,predicate,discrete,11,5.603,1,published_after_gate_recheck,16.328497789800167,4.401795566082001,10.0
100,global,continuous,12,6.481,1,published_after_gate_recheck,15.646881889551878,3.9592268876731396,10.0
100,predicate,continuous,13,6.573,1,published_after_gate_recheck,15.60759823769331,4.398199263960123,10.0
100,readset,discrete,14,7.142,1,published_after_gate_recheck,17.12405914440751,4.5624966733157635,10.0
100,predicate,continuous,15,7.814,1,published_after_gate_recheck,16.875653062015772,4.380376078188419,10.0
100,predicate,discrete,16,8.352,1,published_after_gate_recheck,17.634824849665165,4.589368123561144,10.0
100,predicate,discrete,17,8.716,1,published_after_gate_recheck,16.0759249702096,4.339078441262245,10.0
100,global,discrete,18,9.352,1,published_after_gate_recheck,17.246168106794357,4.598564002662897,10.0
100,predicate,discrete,19,9.8,1,published_after_gate_recheck,19.66216415166855,4.14873193949461,10.0
100,predicate,continuous,20,10.101,1,published_after_gate_recheck,18.79345579072833,4.447050858289003,10.0
100,global,continuous,21,10.906,1,published_after_gate_recheck,15.715959947556257,4.191061947494745,10.0
100,predicate,discrete,22,11.085,1,published_after_gate_recheck,17.732989974319935,4.467219114303589,10.0
100,global,continuous,23,11.924,1,published_after_gate_recheck,16.58676192164421,4.416573792695999,10.0
100,predicate,discrete,24,12.357,1,published_after_gate_recheck,15.907609835267067,4.10455884411931,10.0
100,global,discrete,25,12.853,1,published_after_gate_recheck,16.59447606652975,4.343756940215826,10.0
100,readset,discrete,26,13.368,1,published_after_gate_recheck,16.635242849588394,4.613722674548626,10.0
100,readset,discrete,27,13.898,1,published_after_gate_recheck,20.46687062829733,4.648317117244005,10.0
100,predicate,continuous,28,14.387,1,published_after_gate_recheck,17.04176375642419,4.713058937340975,10.0
100,readset,discrete,29,14.953,1,published_after_gate_recheck,17.260815016925335,4.7068665735423565,10.0
100,predicate,continuous,30,15.253,1,published_after_gate_recheck,16.368943732231855,4.52671991661191,10.0
100,predicate,continuous,31,15.989,1,published_after_gate_recheck,16.803327947854996,4.260831978172064,10.0
100,global,discrete,32,16.01,1,published_after_gate_recheck,15.161511953920126,4.3131099082529545,10.0
100,global,discrete,33,16.551,1,published_after_gate_recheck,16.06397284194827,4.067670088261366,10.0
100,global,discrete,34,17.184,1,published_after_gate_recheck,17.63735990971327,4.07502381131053,10.0
100,global,continuous,35,17.611,1,published_after_gate_recheck,17.329062800854445,4.385475069284439,10.0
100,predicate,discrete,36,18.1,1,published_after_gate_recheck,19.101512618362904,4.834556952118874,10.0
100,predicate,discrete,37,18.532,1,published_after_gate_recheck,19.83556803315878,4.675038158893585,10.0
100,predicate,continuous,38,19.299,1,published_after_gate_recheck,20.0428469106555,4.227128811180592,10.0
100,global,discrete,39,19.998,1,published_after_gate_recheck,20.517155062407255,4.587934818118811,10.0
100,global,discrete,40,20.084,1,published_after_gate_recheck,16.866395715624094,4.5178839936852455,10.0
100,predicate,continuous,41,20.544,1,published_after_gate_recheck,16.409019008278847,4.111352376639843,10.0
100,global,discrete,42,21.452,1,published_after_gate_recheck,17.624856904149055,4.504488315433264,10.0
100,predicate,continuous,43,21.967,1,published_after_gate_recheck,22.071416955441236,4.795833956450224,10.0
100,predicate,discrete,44,22.446,1,published_after_gate_recheck,17.625377979129553,4.332375712692738,10.0
100,global,discrete,45,22.502,1,published_after_gate_recheck,18.472945317626,4.194708075374365,10.0
100,readset,discrete,46,23.202,1,published_after_gate_recheck,16.532519832253456,4.347323905676603,10.0
100,readset,continuous,47,23.865,1,published_after_gate_recheck,16.952638048678637,4.445418249815702,10.0
100,predicate,discrete,48,24.187,1,published_after_gate_recheck,18.908942118287086,4.900460131466389,10.0
100,readset,continuous,49,24.596,0,read_set_version_changed_at_gate,20.179172046482563,6.684592925012112,10.0
100,predicate,continuous,50,25.412,1,published_after_gate_recheck,16.878940165042877,4.675209056586027,10.0
100,global,discrete,51,25.895,0,context_version_changed_at_publish,20.3782650642097,7.093389052897692,10.0
100,global,continuous,52,26.344,1,published_after_gate_recheck,16.369825694710016,4.72240662202239,10.0
100,predicate,discrete,53,26.612,1,published_after_gate_recheck,18.04854068905115,4.774114117026329,10.0
100,global,discrete,54,27.35,1,published_after_gate_recheck,17.320136073976755,4.6013700775802135,10.0
100,predicate,continuous,55,27.727,1,published_after_gate_recheck,16.70618634670973,4.914597142487764,10.0
100,global,continuous,56,28.086,1,published_after_gate_recheck,18.63755378872156,4.390144255012274,10.0
100,readset,continuous,57,28.763,1,published_after_gate_recheck,16.436540987342596,4.289336036890745,10.0
100,global,continuous,58,29.416,1,published_after_gate_recheck,17.02901069074869,4.287762101739645,10.0
100,predicate,continuous,59,29.605,1,published_after_gate_recheck,18.833120819181204,4.543881863355637,10.0
100,readset,discrete,60,30.336,1,published_after_gate_recheck,15.924881678074598,3.8810698315501213,10.0
100,global,discrete,61,30.658,1,published_after_gate_recheck,16.642206348478794,4.120218567550182,10.0
100,global,continuous,62,31.137,1,published_after_gate_recheck,15.93769621104002,4.6309661120176315,10.0
100,predicate,discrete,63,31.726,1,published_after_gate_recheck,15.82246134057641,4.1648019105196,10.0
100,global,continuous,64,32.038,1,published_after_gate_recheck,19.516470842063427,5.146340932697058,10.0
100,global,discrete,65,32.671,1,published_after_gate_recheck,15.89589798822999,3.9481562562286854,10.0
100,predicate,discrete,66,33.077,1,published_after_gate_recheck,17.075476702302694,4.389523062855005,10.0
100,global,continuous,67,33.607,1,published_after_gate_recheck,15.37731010466814,4.197483882308006,10.0
100,global,continuous,68,34.374,1,published_after_gate_recheck,15.493216924369335,4.181524273008108,10.0
100,global,continuous,69,34.865,1,published_after_gate_recheck,16.375610139220953,4.280939698219299,10.0
100,predicate,continuous,70,35.106,1,published_after_gate_recheck,17.857516184449196,4.379074089229107,10.0
100,predicate,discrete,71,35.89,1,published_after_gate_recheck,16.985722817480564,4.522271919995546,10.0
100,global,continuous,72,36.487,1,published_after_gate_recheck,16.580703668296337,4.114990122616291,10.0
100,readset,discrete,73,36.56,1,published_after_gate_recheck,15.255011152476072,4.360449034720659,10.0
100,predicate,discrete,74,37.332,1,published_after_gate_recheck,16.358337830752134,4.689376335591078,10.0
100,readset,continuous,75,37.604,1,published_after_gate_recheck,18.287061247974634,4.913636017590761,10.0
100,global,discrete,76,38.058,1,published_after_gate_recheck,17.65567809343338,4.557618405669928,10.0
100,global,continuous,77,38.529,1,published_after_gate_recheck,16.995040699839592,5.025394726544619,10.0
100,global,discrete,78,39.457,1,published_after_gate_recheck,17.28251902386546,4.631237126886845,10.0
100,readset,discrete,79,39.684,1,published_after_gate_recheck,16.918065957725048,4.335321951657534,10.0
100,readset,discrete,80,40.212,1,published_after_gate_recheck,15.380625613033772,4.253017716109753,10.0
100,global,continuous,81,40.894,0,context_version_changed_at_publish,21.2563737295568,8.57043731957674,10.0
100,readset,continuous,82,41.289,1,published_after_gate_recheck,17.55037112161517,4.635924939066172,10.0
100,predicate,continuous,83,41.66,1,published_after_gate_recheck,17.63076102361083,4.419418983161449,10.0
100,global,discrete,84,42.474,1,published_after_gate_recheck,16.295799985527992,4.455377347767353,10.0
100,readset,continuous,85,42.912,1,published_after_gate_recheck,16.395457088947296,4.426283296197653,10.0
100,predicate,continuous,86,43.358,1,published_after_gate_recheck,17.109484877437353,4.167006816715002,10.0
100,predicate,discrete,87,43.959,1,published_after_gate_recheck,16.436022706329823,4.7325859777629375,10.0
100,global,continuous,88,44.279,1,published_after_gate_recheck,17.51742884516716,4.605318885296583,10.0
100,global,continuous,89,44.737,1,published_after_gate_recheck,17.460702918469906,4.590970929712057,10.0
100,global,discrete,90,45.216,1,published_after_gate_recheck,16.513288021087646,4.496394190937281,10.0
100,readset,continuous,91,45.55,1,published_after_gate_recheck,20.65287297591567,5.15501806512475,10.0
100,predicate,continuous,92,46.097,1,published_after_gate_recheck,23.69034383445978,4.866957664489746,10.0
100,readset,continuous,93,46.776,1,published_after_gate_recheck,18.111371900886297,4.629493225365877,10.0
100,global,continuous,94,47.417,1,published_after_gate_recheck,16.95012580603361,4.380526952445507,10.0
100,predicate,discrete,95,47.887,1,published_after_gate_recheck,16.684439033269882,4.592574201524258,10.0
100,predicate,continuous,96,48.105,1,published_after_gate_recheck,14.955900143831968,4.28956700488925,10.0
100,predicate,discrete,97,48.746,1,published_after_gate_recheck,16.26112498342991,4.558129236102104,10.0
100,global,continuous,98,49.235,1,published_after_gate_recheck,17.007773742079735,4.681379999965429,10.0
100,predicate,continuous,99,49.927,1,published_after_gate_recheck,15.813847072422504,4.2600310407578945,10.0
100,predicate,discrete,100,50.074,1,published_after_gate_recheck,14.932656660676003,4.3632048182189465,10.0
100,global,continuous,101,50.54,1,published_after_gate_recheck,16.765569802373648,4.208434373140335,10.0
100,predicate,discrete,102,51.434,1,published_after_gate_recheck,18.501122016459703,4.470004700124264,10.0
100,predicate,discrete,103,51.914,1,published_after_gate_recheck,18.54144735261798,5.394055973738432,10.0
100,global,continuous,104,52.167,1,published_after_gate_recheck,17.70273596048355,4.618172999471426,10.0
100,global,discrete,105,52.89,1,published_after_gate_recheck,16.971044708043337,4.335992969572544,10.0
100,predicate,discrete,106,53.097,1,published_after_gate_recheck,25.541821960359812,4.8757740296423435,10.0
100,readset,continuous,107,53.524,1,published_after_gate_recheck,18.502153921872377,4.491264931857586,10.0
100,global,continuous,108,54.471,1,published_after_gate_recheck,19.174925051629543,4.91492822766304,10.0
100,global,continuous,109,54.993,0,context_version_changed_at_publish,21.42653288319707,7.744648959487677,10.0
100,predicate,discrete,110,55.33,1,published_after_gate_recheck,17.430216073989868,4.3633547611534595,10.0
100,predicate,continuous,111,55.873,1,published_after_gate_recheck,17.387456260621548,3.9799357764422894,10.0
100,predicate,discrete,112,56.04,1,published_after_gate_recheck,17.12671620771289,4.634513054043055,10.0
100,global,continuous,113,56.529,1,published_after_gate_recheck,17.795630730688572,4.805153235793114,10.0
100,readset,discrete,114,57.147,1,published_after_gate_recheck,16.593889333307743,4.45212097838521,10.0
100,global,discrete,115,57.811,1,published_after_gate_recheck,16.85933629050851,4.434467758983374,10.0
100,global,discrete,116,58.311,1,published_after_gate_recheck,18.30067578703165,4.620285704731941,10.0
100,readset,continuous,117,58.649,1,published_after_gate_recheck,21.023969165980816,4.6991039998829365,10.0
100,global,continuous,118,59.294,0,context_version_changed_at_publish,22.157351952046156,6.179918069392443,10.0
100,predicate,discrete,119,59.816,1,published_after_gate_recheck,17.762548755854368,4.609856754541397,10.0
100,global,discrete,120,60.149,1,published_after_gate_recheck,17.785731703042984,4.971583839505911,10.0
100,readset,continuous,121,60.914,1,published_after_gate_recheck,16.678397078067064,4.533634055405855,10.0
100,readset,discrete,122,61.283,1,published_after_gate_recheck,16.436714213341475,4.5122141018509865,10.0
100,readset,continuous,123,61.82,1,published_after_gate_recheck,15.229442156851292,4.109528847038746,10.0
100,global,discrete,124,62.028,1,published_after_gate_recheck,15.150003135204315,4.288674797862768,10.0
100,predicate,discrete,125,62.829,1,published_after_gate_recheck,16.34916104376316,4.601169843226671,10.0
100,readset,discrete,126,63.008,1,published_after_gate_recheck,15.241105109453201,4.235696047544479,10.0
100,global,continuous,127,63.521,1,published_after_gate_recheck,16.888671088963747,4.166505765169859,10.0
100,global,discrete,128,64.103,1,published_after_gate_recheck,15.242727007716894,4.030321259051561,10.0
100,predicate,discrete,129,64.931,1,published_after_gate_recheck,15.743927098810673,4.011815879493952,10.0
100,global,discrete,130,65.223,1,published_after_gate_recheck,16.76375698298216,4.52515808865428,10.0
100,readset,discrete,131,65.91,1,published_after_gate_recheck,18.74577021226287,5.121925845742226,10.0
100,readset,continuous,132,66.333,1,published_after_gate_recheck,16.393783036619425,4.26575168967247,10.0
100,readset,continuous,133,66.517,1,published_after_gate_recheck,18.79379991441965,5.24819316342473,10.0
100,predicate,discrete,134,67.082,1,published_after_gate_recheck,16.826063860207796,4.452502354979515,10.0
100,predicate,continuous,135,67.934,1,published_after_gate_recheck,16.73692697659135,4.420081153512001,10.0
100,predicate,discrete,136,68.299,1,published_after_gate_recheck,21.739879623055458,4.619766026735306,10.0
100,global,continuous,137,68.523,1,published_after_gate_recheck,16.05802495032549,4.137370735406876,10.0
100,readset,continuous,138,69.102,1,published_after_gate_recheck,17.80020911246538,4.548640921711922,10.0
100,predicate,continuous,139,69.721,1,published_after_gate_recheck,17.99887092784047,4.591863136738539,10.0
100,global,continuous,140,70.359,1,published_after_gate_recheck,16.801327001303434,4.491816274821758,10.0
100,predicate,discrete,141,70.722,1,published_after_gate_recheck,17.612377181649208,4.746772814542055,10.0
100,global,continuous,142,71.414,1,published_after_gate_recheck,16.506134066730738,4.494771361351013,10.0
100,predicate,discrete,143,71.509,1,published_after_gate_recheck,15.745638869702816,4.209906794130802,10.0
100,predicate,discrete,144,72.19,1,published_after_gate_recheck,20.067736972123384,5.36386901512742,10.0
100,global,continuous,145,72.551,1,published_after_gate_recheck,17.585146240890026,4.556667059659958,10.0
100,global,discrete,146,73.279,1,published_after_gate_recheck,18.110318575054407,4.3848250061273575,10.0
100,readset,continuous,147,73.934,1,published_after_gate_recheck,16.19091397151351,4.246565047651529,10.0
100,predicate,continuous,148,74.217,1,published_after_gate_recheck,16.056491993367672,4.008338786661625,10.0
100,predicate,discrete,149,74.701,1,published_after_gate_recheck,17.82012591138482,4.391627851873636,10.0
100,readset,continuous,150,75.083,1,published_after_gate_recheck,20.522609818726778,4.757413174957037,10.0
100,global,discrete,151,75.586,1,published_after_gate_recheck,17.335268203169107,4.4020977802574635,10.0
100,predicate,continuous,152,76.347,1,published_after_gate_recheck,16.992976889014244,4.272304009646177,10.0
100,readset,discrete,153,76.845,1,published_after_gate_recheck,14.958285260945559,4.150115884840488,10.0
100,predicate,continuous,154,77.393,1,published_after_gate_recheck,22.585344035178423,7.24808918312192,10.0
100,readset,continuous,155,77.996,1,published_after_gate_recheck,19.2420301027596,6.8915109150111675,10.0
100,global,discrete,156,78.145,1,published_after_gate_recheck,17.664725426584482,4.939693957567215,10.0
100,predicate,continuous,157,78.541,1,published_after_gate_recheck,16.269471030682325,4.231326747685671,10.0
100,readset,discrete,158,79.488,1,published_after_gate_recheck,17.722291871905327,4.679698031395674,10.0
100,predicate,continuous,159,79.598,1,published_after_gate_recheck,24.678725749254227,5.798624362796545,10.0
100,readset,continuous,160,80.425,1,published_after_gate_recheck,18.829557113349438,4.716487135738134,10.0
100,predicate,continuous,161,80.59,1,published_after_gate_recheck,16.97030384093523,4.778421949595213,10.0
100,global,discrete,162,81.473,1,published_after_gate_recheck,17.099796794354916,4.613572731614113,10.0
100,readset,discrete,163,81.507,1,published_after_gate_recheck,14.63797502219677,3.5078106448054314,10.0
100,global,continuous,164,82.336,1,published_after_gate_recheck,18.02796497941017,5.055421032011509,10.0
100,predicate,continuous,165,82.942,1,published_after_gate_recheck,16.465076711028814,4.784062970429659,10.0
100,readset,discrete,166,83.286,1,published_after_gate_recheck,18.166163936257362,4.708852153271437,10.0
100,predicate,continuous,167,83.682,1,published_after_gate_recheck,20.05721814930439,4.878639709204435,10.0
100,global,discrete,168,84.493,0,context_version_changed_at_publish,21.873289719223976,8.957772050052881,10.0
100,readset,discrete,169,84.878,1,published_after_gate_recheck,18.171363975852728,4.641265142709017,10.0
100,global,discrete,170,85.273,1,published_after_gate_recheck,21.390975918620825,6.390812806785107,10.0
100,global,continuous,171,85.766,1,published_after_gate_recheck,18.80653388798237,4.62373299524188,10.0
100,predicate,discrete,172,86.495,1,published_after_gate_recheck,19.909740891307592,6.3359299674630165,10.0
100,global,discrete,173,86.625,1,published_after_gate_recheck,15.774303115904331,3.8661430589854717,10.0
100,predicate,continuous,174,87.153,1,published_after_gate_recheck,17.000210005789995,4.334169905632734,10.0
100,global,discrete,175,87.764,1,published_after_gate_recheck,20.46709507703781,5.4146042093634605,10.0
100,global,discrete,176,88.332,1,published_after_gate_recheck,17.62985996901989,4.396757576614618,10.0
100,readset,discrete,177,88.793,1,published_after_gate_recheck,20.816780161112547,7.380867842584848,10.0
100,predicate,continuous,178,89.498,1,published_after_gate_recheck,21.509588230401278,4.111412912607193,10.0
100,global,continuous,179,89.719,1,published_after_gate_recheck,17.76031404733658,4.727046005427837,10.0
100,predicate,continuous,180,90.271,1,published_after_gate_recheck,16.37666206806898,4.7062477096915245,10.0
100,predicate,continuous,181,90.938,1,published_after_gate_recheck,16.973921097815037,4.6150763519108295,10.0
100,global,continuous,182,91.113,1,published_after_gate_recheck,16.364860348403454,4.407437052577734,10.0
100,readset,continuous,183,91.852,1,published_after_gate_recheck,17.200786154717207,4.491796251386404,10.0
100,predicate,discrete,184,92.135,1,published_after_gate_recheck,17.709488980472088,4.28785290569067,10.0
100,predicate,discrete,185,92.505,1,published_after_gate_recheck,15.776356682181358,4.418377764523029,10.0
100,predicate,discrete,186,93.13,1,published_after_gate_recheck,16.853163950145245,4.619584884494543,10.0
100,predicate,discrete,187,93.907,1,published_after_gate_recheck,17.907689791172743,5.478925071656704,10.0
100,global,discrete,188,94.192,0,context_version_changed_at_publish,23.473768029361963,8.803904056549072,10.0
100,readset,discrete,189,94.888,1,published_after_gate_recheck,17.885959707200527,4.855817183852196,10.0
100,global,continuous,190,95.287,1,published_after_gate_recheck,18.7477539293468,4.536950029432774,10.0
100,readset,continuous,191,95.725,1,published_after_gate_recheck,16.07511704787612,4.472950007766485,10.0
100,readset,discrete,192,96.055,1,published_after_gate_recheck,17.830305267125368,4.691709764301777,10.0
100,global,discrete,193,96.513,1,published_after_gate_recheck,17.623827792704105,4.395614843815565,10.0
100,global,continuous,194,97.319,1,published_after_gate_recheck,17.93429022654891,4.74883709102869,10.0
100,readset,continuous,195,97.629,1,published_after_gate_recheck,17.045103944838047,4.723839927464724,10.0
100,readset,continuous,196,98.156,1,published_after_gate_recheck,15.943230129778385,4.109198693186045,10.0
100,predicate,discrete,197,98.705,1,published_after_gate_recheck,17.023352906107903,3.9504719898104668,10.0
100,readset,continuous,198,99.407,1,published_after_gate_recheck,17.28176698088646,4.596943035721779,10.0
100,predicate,discrete,199,99.889,1,published_after_gate_recheck,17.01226271688938,4.5350161381065845,10.0
100,readset,discrete,200,100.126,1,published_after_gate_recheck,14.719808008521795,4.251604899764061,10.0
100,global,continuous,201,100.955,1,published_after_gate_recheck,15.549060888588428,4.209326114505529,10.0
100,global,discrete,202,101.38,1,published_after_gate_recheck,16.284779645502567,4.305046051740646,10.0
100,global,discrete,203,101.525,1,published_after_gate_recheck,16.601793933659792,4.102276172488928,10.0
100,predicate,continuous,204,102.05,1,published_after_gate_recheck,16.284690238535404,4.407658241689205,10.0
100,predicate,discrete,205,102.562,1,published_after_gate_recheck,15.253458172082901,4.266133066266775,10.0
100,predicate,discrete,206,103.399,1,published_after_gate_recheck,18.394832033663988,4.138343036174774,10.0
100,readset,discrete,207,103.756,1,published_after_gate_recheck,18.14290089532733,4.5600831508636475,10.0
100,readset,discrete,208,104.332,1,published_after_gate_recheck,20.183403976261616,4.747002851217985,10.0
100,global,continuous,209,104.752,1,published_after_gate_recheck,21.47257886826992,4.626438021659851,10.0
100,global,discrete,210,105.183,1,published_after_gate_recheck,18.297050148248672,4.8513091169297695,10.0
100,predicate,continuous,211,105.979,1,published_after_gate_recheck,15.52902301773429,4.123886115849018,10.0
100,global,continuous,212,106.149,1,published_after_gate_recheck,18.11640104278922,4.883870016783476,10.0
100,readset,continuous,213,106.95,1,published_after_gate_recheck,18.502856139093637,4.970983136445284,10.0
100,readset,continuous,214,107.332,1,published_after_gate_recheck,16.576506197452545,4.655792843550444,10.0
100,predicate,continuous,215,107.752,1,published_after_gate_recheck,18.406805116683245,4.445578902959824,10.0
100,global,discrete,216,108.484,1,published_after_gate_recheck,16.978549771010876,4.176693968474865,10.0
100,readset,discrete,217,108.846,1,published_after_gate_recheck,18.171484116464853,4.4065359979867935,10.0
100,predicate,discrete,218,109.045,1,published_after_gate_recheck,18.676159903407097,4.611779935657978,10.0
100,readset,discrete,219,109.732,1,published_after_gate_recheck,17.96079007908702,4.380366764962673,10.0
100,predicate,discrete,220,110.442,1,published_after_gate_recheck,18.152479082345963,4.581022076308727,10.0
100,global,discrete,221,110.592,1,published_after_gate_recheck,18.195047974586487,4.593975841999054,10.0
100,predicate,discrete,222,111.483,1,published_after_gate_recheck,17.033612355589867,4.145506769418716,10.0
100,predicate,discrete,223,111.619,1,published_after_gate_recheck,17.41815311834216,4.506953991949558,10.0
100,readset,discrete,224,112.239,1,published_after_gate_recheck,18.66059098392725,4.720745142549276,10.0
100,readset,continuous,225,112.553,1,published_after_gate_recheck,17.56033906713128,4.672863986343145,10.0
100,readset,discrete,226,113.096,1,published_after_gate_recheck,18.93794070929289,6.019757594913244,10.0
100,readset,discrete,227,113.7,1,published_after_gate_recheck,19.93143232539296,4.41600289195776,10.0
100,readset,discrete,228,114.4,1,published_after_gate_recheck,18.719720654189587,4.004152026027441,10.0
100,global,continuous,229,114.562,1,published_after_gate_recheck,17.526185140013695,4.742183722555637,10.0
100,readset,discrete,230,115.335,1,published_after_gate_recheck,21.96498168632388,4.573057871311903,10.0
100,global,continuous,231,115.832,1,published_after_gate_recheck,16.57265890389681,4.446940962225199,10.0
100,predicate,continuous,232,116.293,1,published_after_gate_recheck,15.396765898913145,4.440879914909601,10.0
100,global,discrete,233,116.811,1,published_after_gate_recheck,16.455830074846745,4.347224719822407,10.0
100,predicate,discrete,234,117.19,1,published_after_gate_recheck,19.37344716861844,4.445849917829037,10.0
100,global,continuous,235,117.631,1,published_after_gate_recheck,17.433091066777706,5.00804278999567,10.0
100,readset,discrete,236,118.361,1,published_after_gate_recheck,16.810485161840916,4.516631364822388,10.0
100,readset,continuous,237,118.991,0,read_set_version_changed_at_gate,23.167665116488934,9.410600177943707,10.0
100,readset,continuous,238,119.318,1,published_after_gate_recheck,15.476313885301352,3.8027940317988396,10.0
100,predicate,continuous,239,119.61,1,published_after_gate_recheck,16.208927147090435,4.112434107810259,10.0
100,global,continuous,240,120.172,1,published_after_gate_recheck,15.386766754090786,4.1586109437048435,10.0
100,predicate,discrete,241,120.629,1,published_after_gate_recheck,16.26345980912447,4.045348614454269,10.0
100,readset,discrete,242,121.419,1,published_after_gate_recheck,24.632368702441454,10.120429564267397,10.0
100,readset,discrete,243,121.835,1,published_after_gate_recheck,16.458905767649412,4.341003019362688,10.0
100,readset,discrete,244,122.235,1,published_after_gate_recheck,17.713215202093124,4.8119258135557175,10.0
100,global,discrete,245,122.856,1,published_after_gate_recheck,16.041874885559082,3.9490777999162674,10.0
100,readset,continuous,246,123.214,1,published_after_gate_recheck,16.704215668141842,4.047683905810118,10.0
100,predicate,discrete,247,123.98,1,published_after_gate_recheck,15.776386950165033,4.020513035356998,10.0
100,predicate,continuous,248,124.283,1,published_after_gate_recheck,16.16966398432851,4.283896181732416,10.0
100,predicate,continuous,249,124.789,1,published_after_gate_recheck,17.328614834696054,4.4878278858959675,10.0
100,readset,continuous,250,125.483,1,published_after_gate_recheck,18.45140801742673,4.955965094268322,10.0
100,readset,continuous,251,125.82,1,published_after_gate_recheck,15.491021797060966,4.318490158766508,10.0
100,predicate,discrete,252,126.05,1,published_after_gate_recheck,15.716103836894035,4.2474279180169106,10.0
100,readset,continuous,253,126.637,1,published_after_gate_recheck,15.813046135008335,4.672724287956953,10.0
100,global,discrete,254,127.192,1,published_after_gate_recheck,17.423763405531645,4.336584359407425,10.0
100,readset,continuous,255,127.713,1,published_after_gate_recheck,16.928054857999086,4.394724033772945,10.0
100,global,discrete,256,128.436,1,published_after_gate_recheck,18.01486127078533,4.672673996537924,10.0
100,global,discrete,257,128.817,1,published_after_gate_recheck,17.138408962637186,4.631185904145241,10.0
100,global,discrete,258,129.45,1,published_after_gate_recheck,18.331664614379406,4.980620928108692,10.0
100,readset,discrete,259,129.627,1,published_after_gate_recheck,16.252529341727495,4.327638074755669,10.0
100,readset,continuous,260,130.134,1,published_after_gate_recheck,17.3953203484416,5.001250188797712,10.0
100,readset,discrete,261,130.912,1,published_after_gate_recheck,16.11762586981058,4.160504788160324,10.0
100,global,continuous,262,131.305,1,published_after_gate_recheck,16.918987035751343,4.006786737591028,10.0
100,predicate,continuous,263,131.662,1,published_after_gate_recheck,16.799834091216326,4.106955137103796,10.0
100,predicate,discrete,264,132.249,1,published_after_gate_recheck,22.837857250124216,5.973602179437876,10.0
100,readset,continuous,265,132.641,1,published_after_gate_recheck,18.749456852674484,5.327961873263121,10.0
100,readset,continuous,266,133.157,1,published_after_gate_recheck,18.336332868784666,4.8612067475914955,10.0
100,predicate,discrete,267,133.65,1,published_after_gate_recheck,20.488786045461893,5.2369520999491215,10.0
100,predicate,continuous,268,134.47,1,published_after_gate_recheck,17.004096880555153,4.036882892251015,10.0
100,global,discrete,269,134.783,1,published_after_gate_recheck,16.445029992610216,4.4768876396119595,10.0
100,predicate,discrete,270,135.168,1,published_after_gate_recheck,16.042616218328476,4.458822775632143,10.0
100,global,discrete,271,135.618,1,published_after_gate_recheck,16.573872417211533,4.376799799501896,10.0
100,predicate,continuous,272,136.306,1,published_after_gate_recheck,15.880541875958443,4.234594292938709,10.0
100,readset,continuous,273,136.576,1,published_after_gate_recheck,18.61600810661912,4.379064776003361,10.0
100,readset,continuous,274,137.349,1,published_after_gate_recheck,16.875116154551506,4.083109088242054,10.0
100,predicate,discrete,275,137.533,1,published_after_gate_recheck,15.946556348353624,4.144595004618168,10.0
100,readset,continuous,276,138.057,1,published_after_gate_recheck,18.883267883211374,5.096498876810074,10.0
100,global,continuous,277,138.8,1,published_after_gate_recheck,19.41398298367858,4.485222976654768,10.0
100,global,discrete,278,139.38,1,published_after_gate_recheck,18.984045833349228,4.452190827578306,10.0
100,predicate,continuous,279,139.515,1,published_after_gate_recheck,17.23639201372862,4.622750915586948,10.0
100,predicate,continuous,280,140.3,1,published_after_gate_recheck,19.63102910667658,5.104393232613802,10.0
100,readset,continuous,281,140.786,1,published_after_gate_recheck,16.620328649878502,4.985098727047443,10.0
100,global,discrete,282,141.072,1,published_after_gate_recheck,16.005024779587984,4.586983006447554,10.0
100,readset,discrete,283,141.779,1,published_after_gate_recheck,17.485820222645998,4.9102590419352055,10.0
100,global,discrete,284,142.3,1,published_after_gate_recheck,17.481963150203228,4.279677756130695,10.0
100,predicate,continuous,285,142.563,1,published_after_gate_recheck,18.24047276750207,5.129190161824226,10.0
100,global,continuous,286,143.38,1,published_after_gate_recheck,16.983579378575087,4.514468368142843,10.0
100,global,continuous,287,143.545,1,published_after_gate_recheck,16.679207794368267,4.278976004570723,10.0
100,global,discrete,288,144.166,1,published_after_gate_recheck,17.21850922331214,4.522041883319616,10.0
100,predicate,discrete,289,144.561,1,published_after_gate_recheck,15.797587111592293,4.43883566185832,10.0
100,predicate,continuous,290,145.075,1,published_after_gate_recheck,16.296211164444685,4.489421378821135,10.0
100,global,continuous,291,145.639,1,published_after_gate_recheck,16.97542378678918,4.205068107694387,10.0
100,global,discrete,292,146.1,1,published_after_gate_recheck,18.37158901616931,4.259469918906689,10.0
100,readset,discrete,293,146.933,1,published_after_gate_recheck,19.340815022587776,4.37377393245697,10.0
100,global,discrete,294,147.454,1,published_after_gate_recheck,19.045651890337467,5.015586968511343,10.0
100,global,continuous,295,147.669,1,published_after_gate_recheck,17.425717320293188,4.626146983355284,10.0
100,predicate,continuous,296,148.435,1,published_after_gate_recheck,15.90802427381277,4.244662821292877,10.0
100,global,continuous,297,148.56,1,published_after_gate_recheck,17.21346005797386,4.430982284247875,10.0
100,predicate,continuous,298,149.21,1,published_after_gate_recheck,16.552571207284927,4.964742343872786,10.0
100,predicate,continuous,299,149.737,1,published_after_gate_recheck,16.37430675327778,4.3657086789608,10.0
100,global,discrete,300,150.085,1,published_after_gate_recheck,17.642242833971977,4.416924901306629,10.0
100,predicate,discrete,301,150.581,1,published_after_gate_recheck,17.109024338424206,4.902014043182135,10.0
100,readset,discrete,302,151.144,1,published_after_gate_recheck,17.584824934601784,4.263797774910927,10.0
100,readset,continuous,303,151.685,1,published_after_gate_recheck,16.26930059865117,4.201781935989857,10.0
100,readset,continuous,304,152.332,1,published_after_gate_recheck,16.497388016432524,4.692401271313429,10.0
100,predicate,continuous,305,152.824,1,published_after_gate_recheck,16.526312101632357,4.839477129280567,10.0
100,readset,discrete,306,153.479,1,published_after_gate_recheck,16.886877827346325,4.4378843158483505,10.0
100,predicate,discrete,307,153.625,1,published_after_gate_recheck,15.974808018654585,4.303512163460255,10.0
100,global,continuous,308,154.343,1,published_after_gate_recheck,21.287482231855392,4.720283206552267,10.0
100,predicate,continuous,309,154.543,1,published_after_gate_recheck,16.47911360487342,4.448986146599054,10.0
100,readset,continuous,310,155.395,0,read_set_version_changed_at_gate,20.377466920763254,8.442567195743322,10.0
100,predicate,discrete,311,155.933,1,published_after_gate_recheck,23.85392040014267,6.612238008528948,10.0
100,predicate,discrete,312,156.267,1,published_after_gate_recheck,16.665413044393063,4.274026956409216,10.0
100,global,continuous,313,156.986,1,published_after_gate_recheck,20.359592977911234,5.201935768127441,10.0
100,predicate,discrete,314,157.236,1,published_after_gate_recheck,16.870505642145872,4.311207216233015,10.0
100,readset,continuous,315,157.578,1,published_after_gate_recheck,16.540057957172394,4.364546854048967,10.0
100,readset,discrete,316,158.01,1,published_after_gate_recheck,16.92996919155121,4.635724704712629,10.0
100,predicate,continuous,317,158.621,1,published_after_gate_recheck,16.705387737601995,4.4958628714084625,10.0
100,global,discrete,318,159.307,1,published_after_gate_recheck,16.38361532241106,4.639462102204561,10.0
100,predicate,continuous,319,159.975,1,published_after_gate_recheck,16.730403993278742,4.405943676829338,10.0
100,global,discrete,320,160.249,1,published_after_gate_recheck,16.73896098509431,3.880229312926531,10.0
100,predicate,continuous,321,160.778,1,published_after_gate_recheck,18.137019593268633,4.834536928683519,10.0
100,predicate,discrete,322,161.084,1,published_after_gate_recheck,17.46356813237071,4.675580188632011,10.0
100,predicate,discrete,323,161.769,1,published_after_gate_recheck,17.915324307978153,4.652124829590321,10.0
100,readset,continuous,324,162.411,1,published_after_gate_recheck,16.247249208390713,4.1684298776090145,10.0
100,readset,continuous,325,162.693,0,read_set_version_changed_at_gate,22.071832325309515,9.27364407107234,10.0
100,global,continuous,326,163.149,1,published_after_gate_recheck,16.360361129045486,4.153601825237274,10.0
100,global,continuous,327,163.567,1,published_after_gate_recheck,17.390231136232615,4.4356901198625565,10.0
100,readset,continuous,328,164.061,1,published_after_gate_recheck,20.50675917416811,4.687681794166565,10.0
100,predicate,discrete,329,164.915,1,published_after_gate_recheck,16.7634473182261,4.563690163195133,10.0
100,global,discrete,330,165.454,1,published_after_gate_recheck,17.18672877177596,4.681941121816635,10.0
100,readset,discrete,331,165.646,1,published_after_gate_recheck,17.529821954667568,4.537941887974739,10.0
100,global,continuous,332,166.387,1,published_after_gate_recheck,17.092061694711447,4.399002064019442,10.0
100,global,discrete,333,166.807,1,published_after_gate_recheck,16.85632113367319,4.2305258102715015,10.0
100,readset,discrete,334,167.378,1,published_after_gate_recheck,17.287168186157942,4.870203789323568,10.0
100,readset,continuous,335,167.804,1,published_after_gate_recheck,17.310761846601963,4.662444815039635,10.0
100,readset,continuous,336,168.343,1,published_after_gate_recheck,17.960779834538698,5.59467077255249,10.0
100,readset,discrete,337,168.828,1,published_after_gate_recheck,15.753925312310457,4.048284143209457,10.0
100,predicate,discrete,338,169.448,1,published_after_gate_recheck,16.816104762256145,4.321195650845766,10.0
100,readset,discrete,339,169.881,1,published_after_gate_recheck,19.90012312307954,4.406103864312172,10.0
100,readset,discrete,340,170.141,1,published_after_gate_recheck,18.162989057600498,4.984637722373009,10.0
100,readset,continuous,341,170.781,1,published_after_gate_recheck,16.78376365453005,4.176043905317783,10.0
100,readset,continuous,342,171.433,1,published_after_gate_recheck,17.06732576712966,4.821702837944031,10.0
100,readset,continuous,343,171.775,1,published_after_gate_recheck,18.37706984952092,4.644491709768772,10.0
100,predicate,continuous,344,172.477,1,published_after_gate_recheck,17.464018892496824,4.664339125156403,10.0
100,global,continuous,345,172.929,1,published_after_gate_recheck,16.677245032042265,4.042152781039476,10.0
100,global,continuous,346,173.145,1,published_after_gate_recheck,17.283851746469736,4.763674922287464,10.0
100,predicate,continuous,347,173.965,1,published_after_gate_recheck,16.163863241672516,4.349399358034134,10.0
100,global,continuous,348,174.027,1,published_after_gate_recheck,15.585708897560835,4.181814845651388,10.0
100,readset,discrete,349,174.772,1,published_after_gate_recheck,17.558224964886904,4.530658014118671,10.0
100,readset,discrete,350,175.413,1,published_after_gate_recheck,15.756880864501,3.969636745750904,10.0
100,predicate,discrete,351,175.691,1,published_after_gate_recheck,18.100791610777378,4.777200054377317,10.0
100,global,discrete,352,176.459,1,published_after_gate_recheck,17.446405719965696,4.485543351620436,10.0
100,readset,discrete,353,176.988,1,published_after_gate_recheck,16.649052035063505,4.229254089295864,10.0
100,predicate,continuous,354,177.015,1,published_after_gate_recheck,14.399136882275343,4.284657072275877,10.0
100,readset,discrete,355,177.815,1,published_after_gate_recheck,17.308938317000866,4.884661175310612,10.0
100,readset,discrete,356,178.496,1,published_after_gate_recheck,18.567276187241077,5.605841986835003,10.0
100,global,continuous,357,178.718,1,published_after_gate_recheck,18.911330960690975,4.608625080436468,10.0
100,readset,continuous,358,179.384,1,published_after_gate_recheck,16.95871213451028,4.513567313551903,10.0
100,global,continuous,359,179.781,1,published_after_gate_recheck,16.26794831827283,3.9431978948414326,10.0
100,readset,discrete,360,180.253,1,published_after_gate_recheck,16.46030880510807,4.238099791109562,10.0
100,readset,discrete,361,180.519,1,published_after_gate_recheck,16.724964138120413,4.783692304044962,10.0
100,global,continuous,362,181.429,1,published_after_gate_recheck,16.509651206433773,4.519617184996605,10.0
100,predicate,discrete,363,181.658,1,published_after_gate_recheck,17.605192959308624,4.14514634758234,10.0
100,readset,continuous,364,182.155,1,published_after_gate_recheck,17.223587725311518,4.32092510163784,10.0
100,predicate,discrete,365,182.797,1,published_after_gate_recheck,22.90023397654295,4.11906698718667,10.0
100,predicate,discrete,366,183.281,1,published_after_gate_recheck,16.557731200009584,4.113285802304745,10.0
100,predicate,discrete,367,183.596,1,published_after_gate_recheck,18.02504016086459,6.048222072422504,10.0
100,readset,continuous,368,184.312,1,published_after_gate_recheck,17.607638146728277,5.188319832086563,10.0
100,global,discrete,369,184.647,1,published_after_gate_recheck,16.735294368118048,4.180382005870342,10.0
100,predicate,continuous,370,185.281,1,published_after_gate_recheck,21.383221726864576,4.654239863157272,10.0
100,global,discrete,371,185.841,1,published_after_gate_recheck,17.54302578046918,4.488399252295494,10.0
100,predicate,continuous,372,186.275,1,published_after_gate_recheck,15.77136805281043,4.5027662999928,10.0
100,global,discrete,373,186.682,1,published_after_gate_recheck,16.442635096609592,4.781838972121477,10.0
100,predicate,continuous,374,187.131,1,published_after_gate_recheck,16.373795922845602,4.658316727727652,10.0
100,global,discrete,375,187.72,1,published_after_gate_recheck,16.290409956127405,4.263387061655521,10.0
100,global,continuous,376,188.105,1,published_after_gate_recheck,16.275653149932623,4.229133017361164,10.0
100,predicate,continuous,377,188.941,1,published_after_gate_recheck,16.00978383794427,4.400814883410931,10.0
100,predicate,continuous,378,189.493,1,published_after_gate_recheck,21.08475286513567,8.486549835652113,10.0
100,global,continuous,379,189.583,1,published_after_gate_recheck,16.354079823940992,4.330173134803772,10.0
100,global,continuous,380,190.168,1,published_after_gate_recheck,17.3863940872252,4.568038042634726,10.0
100,readset,continuous,381,190.992,1,published_after_gate_recheck,15.315574128180742,4.324882756918669,10.0
100,readset,discrete,382,191.133,1,published_after_gate_recheck,14.947684947401285,3.9407233707606792,10.0
100,predicate,continuous,383,191.743,1,published_after_gate_recheck,16.892508137971163,4.262926988303661,10.0
100,predicate,continuous,384,192.354,1,published_after_gate_recheck,17.82002579420805,4.523585084825754,10.0
100,global,continuous,385,192.53,1,published_after_gate_recheck,15.46421181410551,4.359947983175516,10.0
100,readset,continuous,386,193.171,1,published_after_gate_recheck,16.128115821629763,3.8002398796379566,10.0
100,readset,continuous,387,193.819,1,published_after_gate_recheck,15.992631670087576,4.047522787004709,10.0
100,global,discrete,388,194.041,1,published_after_gate_recheck,17.03990437090397,4.9186949618160725,10.0
100,readset,discrete,389,194.531,1,published_after_gate_recheck,17.39035127684474,5.066020879894495,10.0
100,global,discrete,390,195.323,1,published_after_gate_recheck,16.32464397698641,4.132112022489309,10.0
100,readset,discrete,391,195.979,1,published_after_gate_recheck,18.450476694852114,4.849836230278015,10.0
100,global,continuous,392,196.075,1,published_after_gate_recheck,17.718215007334948,4.380807746201754,10.0
100,readset,continuous,393,196.798,1,published_after_gate_recheck,20.615483168512583,4.109269008040428,10.0
100,predicate,discrete,394,197.217,1,published_after_gate_recheck,16.81391103193164,4.356992896646261,10.0
100,global,discrete,395,197.741,1,published_after_gate_recheck,17.294991761446,5.128668155521154,10.0
100,readset,continuous,396,198.184,1,published_after_gate_recheck,17.398306168615818,4.6812002547085285,10.0
100,global,continuous,397,198.911,1,published_after_gate_recheck,17.006560694426298,4.429948981851339,10.0
100,predicate,continuous,398,199.407,1,published_after_gate_recheck,17.495257779955864,4.904208239167929,10.0
100,readset,continuous,399,199.95,1,published_after_gate_recheck,15.79345902428031,4.315005149692297,10.0
100,global,discrete,400,200.237,1,published_after_gate_recheck,18.782489001750946,5.341628100723028,10.0
100,readset,continuous,401,200.705,1,published_after_gate_recheck,16.327458899468184,4.350902047008276,10.0
100,global,continuous,402,201.342,1,published_after_gate_recheck,16.59958902746439,4.480534233152866,10.0
100,global,continuous,403,201.712,1,published_after_gate_recheck,20.17752267420292,4.783512093126774,10.0
100,global,continuous,404,202.114,1,published_after_gate_recheck,16.82656491175294,4.690066911280155,10.0
100,predicate,discrete,405,202.939,1,published_after_gate_recheck,17.10324315354228,4.402248188853264,10.0
100,readset,discrete,406,203.189,1,published_after_gate_recheck,17.654786817729473,4.368193913251162,10.0
100,global,continuous,407,203.758,1,published_after_gate_recheck,16.11473085358739,3.911648876965046,10.0
100,global,continuous,408,204.431,1,published_after_gate_recheck,16.29415713250637,4.394322633743286,10.0
100,predicate,discrete,409,204.839,1,published_after_gate_recheck,16.548564191907644,4.28727176040411,10.0
100,predicate,continuous,410,205.235,1,published_after_gate_recheck,16.406738199293613,4.837253130972385,10.0
100,readset,continuous,411,205.748,1,published_after_gate_recheck,17.26595824584365,4.338687751442194,10.0
100,global,discrete,412,206.327,1,published_after_gate_recheck,15.61415335163474,4.7624618746340275,10.0
100,predicate,continuous,413,206.766,1,published_after_gate_recheck,16.211912967264652,4.273165948688984,10.0
100,predicate,discrete,414,207.267,1,published_after_gate_recheck,15.913695096969604,4.151677712798119,10.0
100,readset,discrete,415,207.781,1,published_after_gate_recheck,17.86135323345661,5.120453890413046,10.0
100,global,discrete,416,208.231,1,published_after_gate_recheck,16.69569918885827,3.845454193651676,10.0
100,readset,discrete,417,208.747,1,published_after_gate_recheck,16.620278358459473,4.4615487568080425,10.0
100,global,discrete,418,209.125,1,published_after_gate_recheck,17.391132190823555,4.387801047414541,10.0
100,global,continuous,419,209.99,1,published_after_gate_recheck,16.864304896444082,4.535037092864513,10.0
100,readset,continuous,420,210.032,1,published_after_gate_recheck,17.205283977091312,5.17662800848484,10.0
100,global,continuous,421,210.946,1,published_after_gate_recheck,18.19046027958393,5.252460949122906,10.0
100,readset,continuous,422,211.39,1,published_after_gate_recheck,16.49755798280239,4.268386866897345,10.0
100,readset,discrete,423,211.808,1,published_after_gate_recheck,15.676821116358042,4.313672427088022,10.0
100,predicate,discrete,424,212.362,1,published_after_gate_recheck,16.393783967942,4.435940645635128,10.0
100,readset,discrete,425,212.888,1,published_after_gate_recheck,17.362027894705534,4.689786117523909,10.0
100,global,continuous,426,213.313,1,published_after_gate_recheck,18.577965907752514,5.20423986017704,10.0
100,global,continuous,427,213.868,1,published_after_gate_recheck,17.270226031541824,4.882467910647392,10.0
100,readset,discrete,428,214.152,1,published_after_gate_recheck,15.589827205985785,4.03314596042037,10.0
100,global,continuous,429,214.881,1,published_after_gate_recheck,15.680728014558554,4.247286822646856,10.0
100,readset,continuous,430,215.042,1,published_after_gate_recheck,16.754258889704943,4.566525109112263,10.0
100,predicate,continuous,431,215.61,1,published_after_gate_recheck,18.632999155670404,4.877177067101002,10.0
100,readset,discrete,432,216.287,1,published_after_gate_recheck,17.77063263580203,4.525679163634777,10.0
100,readset,discrete,433,216.587,1,published_after_gate_recheck,18.22094712406397,4.938933998346329,10.0
100,predicate,discrete,434,217.034,1,published_after_gate_recheck,16.55677892267704,5.094875115901232,10.0
100,predicate,discrete,435,217.632,1,published_after_gate_recheck,17.868587281554937,4.76104998961091,10.0
100,readset,discrete,436,218.422,1,published_after_gate_recheck,21.161937154829502,6.109165959060192,10.0
100,readset,continuous,437,218.689,1,published_after_gate_recheck,16.36566175147891,4.3387277983129025,10.0
100,global,discrete,438,219.306,1,published_after_gate_recheck,17.343623097985983,4.6729049645364285,10.0
100,predicate,discrete,439,219.884,1,published_after_gate_recheck,17.007404007017612,4.091625101864338,10.0
100,global,discrete,440,220.198,1,published_after_gate_recheck,21.46544586867094,5.0827618688344955,10.0
100,predicate,continuous,441,220.571,1,published_after_gate_recheck,18.016894813627005,5.290491972118616,10.0
100,readset,discrete,442,221.207,1,published_after_gate_recheck,17.435776069760323,4.658006131649017,10.0
100,readset,discrete,443,221.776,1,published_after_gate_recheck,16.633252147585154,4.7196028754115105,10.0
100,predicate,discrete,444,222.395,1,published_after_gate_recheck,18.985849805176258,5.8883619494736195,10.0
100,readset,continuous,445,222.949,1,published_after_gate_recheck,17.301172949373722,4.466357175260782,10.0
100,global,continuous,446,223.459,1,published_after_gate_recheck,16.95793028920889,4.6789259649813175,10.0
100,global,continuous,447,223.976,1,published_after_gate_recheck,16.44718274474144,4.273316357284784,10.0
100,readset,continuous,448,224.207,1,published_after_gate_recheck,16.490585170686245,4.084792919456959,10.0
100,predicate,continuous,449,224.923,1,published_after_gate_recheck,20.648143719881773,5.006910767406225,10.0
100,global,discrete,450,225.097,1,published_after_gate_recheck,22.420594934374094,4.548411816358566,10.0
100,readset,continuous,451,225.933,1,published_after_gate_recheck,16.827176325023174,4.084582906216383,10.0
100,predicate,continuous,452,226.372,1,published_after_gate_recheck,17.242243979126215,4.30644815787673,10.0
100,predicate,continuous,453,226.542,1,published_after_gate_recheck,17.50265108421445,4.501043353229761,10.0
100,global,continuous,454,227.402,1,published_after_gate_recheck,16.10557409003377,4.521680995821953,10.0
100,global,continuous,455,227.962,1,published_after_gate_recheck,17.6604469306767,4.849676042795181,10.0
100,readset,discrete,456,228.256,1,published_after_gate_recheck,17.17385509982705,4.285949282348156,10.0
100,global,discrete,457,228.557,1,published_after_gate_recheck,17.86986878141761,4.828375764191151,10.0
100,readset,continuous,458,229.366,1,published_after_gate_recheck,16.45363587886095,4.308873321861029,10.0
100,global,discrete,459,229.565,1,published_after_gate_recheck,16.07126882299781,4.301528912037611,10.0
100,global,discrete,460,230.296,0,context_version_changed_at_publish,17.74818217381835,5.7792081497609615,10.0
100,predicate,continuous,461,230.624,1,published_after_gate_recheck,16.303054057061672,4.33618389070034,10.0
100,readset,continuous,462,231.217,1,published_after_gate_recheck,16.32915297523141,4.5990971848368645,10.0
100,predicate,discrete,463,231.707,1,published_after_gate_recheck,17.283381428569555,4.61522676050663,10.0
100,readset,continuous,464,232.09,1,published_after_gate_recheck,16.60285471007228,4.497596062719822,10.0
100,predicate,continuous,465,232.666,1,published_after_gate_recheck,17.642222344875336,4.909006878733635,10.0
100,global,continuous,466,233.214,1,published_after_gate_recheck,16.394664999097586,4.713039845228195,10.0
100,predicate,discrete,467,233.929,1,published_after_gate_recheck,15.874269884079695,4.436822608113289,10.0
100,readset,discrete,468,234.001,1,published_after_gate_recheck,18.85323179885745,4.397958982735872,10.0
100,readset,continuous,469,234.606,1,published_after_gate_recheck,15.809419099241495,4.432974848896265,10.0
100,readset,discrete,470,235.454,1,published_after_gate_recheck,16.080857254564762,4.44745272397995,10.0
100,readset,continuous,471,235.781,1,published_after_gate_recheck,17.078747041523457,4.6664029359817505,10.0
100,readset,discrete,472,236.305,1,published_after_gate_recheck,17.478416208177805,4.654679913073778,10.0
100,predicate,discrete,473,236.604,1,published_after_gate_recheck,16.58987207338214,4.4646537862718105,10.0
100,predicate,discrete,474,237.238,1,published_after_gate_recheck,17.076221760362387,4.400675185024738,10.0
100,predicate,continuous,475,237.859,1,published_after_gate_recheck,18.03797436878085,4.91208303719759,10.0
100,global,discrete,476,238.247,1,published_after_gate_recheck,18.102234695106745,4.675680305808783,10.0
100,readset,continuous,477,238.656,1,published_after_gate_recheck,17.660897690802813,4.365398082882166,10.0
100,readset,continuous,478,239.171,1,published_after_gate_recheck,16.8483960442245,4.413187969475985,10.0
100,readset,discrete,479,239.794,1,published_after_gate_recheck,20.578664261847734,7.689395919442177,10.0
100,predicate,discrete,480,240.021,1,published_after_gate_recheck,15.703901182860136,4.083410371094942,10.0
100,global,discrete,481,240.901,1,published_after_gate_recheck,21.076767705380917,4.86906198784709,10.0
100,readset,continuous,482,241.299,1,published_after_gate_recheck,19.823107868433,4.67266421765089,10.0
100,global,continuous,483,241.897,0,context_version_changed_at_publish,18.911269959062338,6.24439911916852,10.0
100,predicate,continuous,484,242.195,1,published_after_gate_recheck,18.1102491915226,5.988950375467539,10.0
100,global,continuous,485,242.594,0,context_version_changed_at_publish,19.35614412650466,7.327448111027479,10.0
100,predicate,continuous,486,243.347,1,published_after_gate_recheck,16.586274839937687,4.128183703869581,10.0
100,global,discrete,487,243.97,1,published_after_gate_recheck,16.956208273768425,4.081395920366049,10.0
100,readset,continuous,488,244.181,1,published_after_gate_recheck,16.279289964586496,4.495150875300169,10.0
100,predicate,discrete,489,244.866,1,published_after_gate_recheck,18.036691937595606,4.496274050325155,10.0
100,readset,continuous,490,245.342,1,published_after_gate_recheck,17.26426463574171,4.649200942367315,10.0
100,readset,continuous,491,245.605,1,published_after_gate_recheck,15.70093585178256,4.187655635178089,10.0
100,global,continuous,492,246.245,1,published_after_gate_recheck,17.759863287210464,4.875284153968096,10.0
100,readset,discrete,493,246.513,1,published_after_gate_recheck,16.360802110284567,4.708481952548027,10.0
100,global,discrete,494,247.179,1,published_after_gate_recheck,17.676205839961767,4.5348056592047215,10.0
100,predicate,continuous,495,247.72,1,published_after_gate_recheck,16.34714612737298,4.478190094232559,10.0
100,readset,continuous,496,248.499,1,published_after_gate_recheck,18.91055889427662,4.234782885760069,10.0
100,global,discrete,497,248.526,1,published_after_gate_recheck,14.521545730531216,4.082969389855862,10.0
100,global,discrete,498,249.097,0,context_version_changed_at_publish,18.18967889994383,6.2381369061768055,10.0
100,global,continuous,499,249.625,1,published_after_gate_recheck,15.544552821666002,4.091334994882345,10.0
100,predicate,discrete,500,250.019,1,published_after_gate_recheck,16.04554196819663,4.4105928391218185,10.0
100,readset,discrete,501,250.911,1,published_after_gate_recheck,16.996352933347225,4.261143039911985,10.0
100,global,continuous,502,251.049,1,published_after_gate_recheck,16.32832083851099,4.145707003772259,10.0
100,predicate,continuous,503,251.959,1,published_after_gate_recheck,17.935942858457565,4.983276128768921,10.0
100,global,discrete,504,252.042,1,published_after_gate_recheck,15.711856074631214,4.3060570023953915,10.0
100,global,continuous,505,252.874,1,published_after_gate_recheck,17.204733099788427,4.667815286666155,10.0
100,predicate,continuous,506,253.249,1,published_after_gate_recheck,16.481938771903515,4.394042305648327,10.0
100,global,continuous,507,253.874,1,published_after_gate_recheck,17.02046813443303,4.76310309022665,10.0
100,readset,continuous,508,254.166,1,published_after_gate_recheck,17.538627609610558,4.951987881213427,10.0
100,readset,continuous,509,254.603,1,published_after_gate_recheck,15.234932769089937,4.119217861443758,10.0
100,predicate,discrete,510,255.035,1,published_after_gate_recheck,17.457115929573774,4.444947000592947,10.0
100,predicate,continuous,511,255.645,1,published_after_gate_recheck,18.169931136071682,4.8166438937187195,10.0
100,global,discrete,512,256.089,1,published_after_gate_recheck,17.35395286232233,4.391256719827652,10.0
100,global,continuous,513,256.836,1,published_after_gate_recheck,18.01083330065012,4.668937064707279,10.0
100,readset,continuous,514,257.202,1,published_after_gate_recheck,20.83068573847413,5.184873938560486,10.0
100,readset,continuous,515,257.537,1,published_after_gate_recheck,17.577170860022306,4.530266858637333,10.0
100,readset,discrete,516,258.193,1,published_after_gate_recheck,20.807201974093914,8.828049059957266,10.0
100,readset,discrete,517,258.761,1,published_after_gate_recheck,15.763503033667803,3.892763052135706,10.0
100,predicate,continuous,518,259.191,1,published_after_gate_recheck,18.77360325306654,4.606429953128099,10.0
100,predicate,continuous,519,259.797,1,published_after_gate_recheck,23.255549371242523,4.963539075106382,10.0
100,predicate,discrete,520,260.089,1,published_after_gate_recheck,17.312444746494293,4.611008800566196,10.0
100,predicate,discrete,521,260.976,1,published_after_gate_recheck,16.583570279181004,4.400554113090038,10.0
100,predicate,continuous,522,261.132,1,published_after_gate_recheck,15.632567927241325,4.325564019382,10.0
100,predicate,discrete,523,261.557,1,published_after_gate_recheck,16.88904082402587,4.591402132064104,10.0
100,global,discrete,524,262.403,1,published_after_gate_recheck,16.877509653568268,4.62699867784977,10.0
100,global,discrete,525,262.842,1,published_after_gate_recheck,15.553700271993876,4.30209981277585,10.0
100,global,discrete,526,263.168,1,published_after_gate_recheck,17.05960091203451,4.479763098061085,10.0
100,global,continuous,527,263.563,1,published_after_gate_recheck,16.82654395699501,4.495092201977968,10.0
100,global,continuous,528,264.236,1,published_after_gate_recheck,16.47464605048299,4.292751662433147,10.0
100,readset,continuous,529,264.857,1,published_after_gate_recheck,16.25139731913805,4.510379862040281,10.0
100,predicate,continuous,530,265.084,1,published_after_gate_recheck,16.327389981597662,4.216860048472881,10.0
100,global,continuous,531,265.865,1,published_after_gate_recheck,17.364202067255974,4.702991805970669,10.0
100,global,discrete,532,266.441,1,published_after_gate_recheck,16.82701613754034,4.34578163549304,10.0
100,predicate,discrete,533,266.793,1,published_after_gate_recheck,22.217434365302324,9.056227281689644,10.0
100,predicate,continuous,534,267.37,1,published_after_gate_recheck,15.517603140324354,4.5693800784647465,10.0
100,readset,discrete,535,267.924,1,published_after_gate_recheck,18.129996955394745,4.3680439703166485,10.0
100,predicate,continuous,536,268.197,1,published_after_gate_recheck,17.178854905068874,5.263361148536205,10.0
100,predicate,continuous,537,268.525,1,published_after_gate_recheck,16.785207204520702,4.2891958728432655,10.0
100,readset,discrete,538,269.019,1,published_after_gate_recheck,16.763457097113132,4.444617312401533,10.0
100,readset,discrete,539,269.616,1,published_after_gate_recheck,16.214337665587664,4.486224614083767,10.0
100,global,discrete,540,270.249,1,published_after_gate_recheck,16.978560015559196,4.511250648647547,10.0
100,readset,continuous,541,270.865,1,published_after_gate_recheck,17.675775103271008,4.794472828507423,10.0
100,predicate,discrete,542,271.284,1,published_after_gate_recheck,17.809917218983173,4.993034061044455,10.0
100,readset,discrete,543,271.57,1,published_after_gate_recheck,16.489703208208084,4.377050790935755,10.0
100,readset,discrete,544,272.496,1,published_after_gate_recheck,21.593575831502676,7.067129947245121,10.0
100,readset,continuous,545,272.666,1,published_after_gate_recheck,16.860988922417164,4.585882183164358,10.0
100,readset,continuous,546,273.038,1,published_after_gate_recheck,16.884243115782738,4.512984771281481,10.0
100,predicate,discrete,547,273.59,1,published_after_gate_recheck,15.981541015207767,4.306908696889877,10.0
100,readset,discrete,548,274.451,1,published_after_gate_recheck,20.516658201813698,4.3768202885985374,10.0
100,readset,discrete,549,274.725,1,published_after_gate_recheck,18.292521126568317,5.09015703573823,10.0
100,predicate,discrete,550,275.259,1,published_after_gate_recheck,16.01279992610216,4.376769997179508,10.0
100,predicate,continuous,551,275.801,1,published_after_gate_recheck,17.683140002191067,3.996787592768669,10.0
100,readset,discrete,552,276.449,1,published_after_gate_recheck,17.610101960599422,4.830870311707258,10.0
100,readset,discrete,553,276.866,1,published_after_gate_recheck,17.49445591121912,4.324561916291714,10.0
100,global,continuous,554,277.268,1,published_after_gate_recheck,16.01226907223463,4.436461720615625,10.0
100,global,discrete,555,277.547,1,published_after_gate_recheck,15.563689172267914,4.485133104026318,10.0
100,readset,discrete,556,278.155,1,published_after_gate_recheck,17.54195522516966,4.739249125123024,10.0
100,readset,discrete,557,278.84,1,published_after_gate_recheck,17.79733318835497,4.223642870783806,10.0
100,predicate,continuous,558,279.214,1,published_after_gate_recheck,18.27734336256981,4.604196175932884,10.0
100,readset,continuous,559,279.871,1,published_after_gate_recheck,22.187909111380577,6.596979219466448,10.0
100,predicate,continuous,560,280.456,1,published_after_gate_recheck,16.05094224214554,4.223774187266827,10.0
100,predicate,discrete,561,280.518,1,published_after_gate_recheck,14.438770711421967,4.302700981497765,10.0
100,global,continuous,562,281.475,1,published_after_gate_recheck,17.347559798508883,4.696819931268692,10.0
100,global,continuous,563,281.993,0,context_version_changed_at_publish,21.256665233522654,9.047409985214472,10.0
100,global,continuous,564,282.321,1,published_after_gate_recheck,15.652935951948166,4.041592124849558,10.0
100,readset,discrete,565,282.805,1,published_after_gate_recheck,19.73803900182247,5.193820223212242,10.0
100,readset,continuous,566,283.2,1,published_after_gate_recheck,21.636836230754852,5.34387119114399,10.0
100,readset,continuous,567,283.595,0,read_set_version_changed_at_gate,19.971206318587065,8.04352993145585,10.0
100,global,continuous,568,284.225,1,published_after_gate_recheck,16.407058108597994,4.38219029456377,10.0
100,predicate,continuous,569,284.92,1,published_after_gate_recheck,17.084497958421707,4.609707277268171,10.0
100,readset,discrete,570,285.354,1,published_after_gate_recheck,15.725020784884691,4.33211587369442,10.0
100,readset,discrete,571,285.98,1,published_after_gate_recheck,16.984240151941776,4.358826205134392,10.0
100,readset,discrete,572,286.492,1,published_after_gate_recheck,17.62627298012376,4.783461801707745,10.0
100,global,discrete,573,286.925,1,published_after_gate_recheck,16.81183697655797,4.539975896477699,10.0
100,readset,continuous,574,287.256,1,published_after_gate_recheck,17.058279365301132,4.766159225255251,10.0
100,predicate,continuous,575,287.696,1,published_after_gate_recheck,19.43255728110671,6.397855933755636,10.0
100,predicate,continuous,576,288.285,1,published_after_gate_recheck,16.490574926137924,4.203675780445337,10.0
100,global,discrete,577,288.902,1,published_after_gate_recheck,18.420530948787928,4.9897488206624985,10.0
100,predicate,continuous,578,289.075,1,published_after_gate_recheck,17.481842078268528,4.3509420938789845,10.0
100,global,continuous,579,289.738,1,published_after_gate_recheck,16.705256886780262,4.475514870136976,10.0
100,predicate,discrete,580,290.142,1,published_after_gate_recheck,20.79004980623722,5.1189810037612915,10.0
100,readset,discrete,581,290.934,1,published_after_gate_recheck,16.62353379651904,4.349349066615105,10.0
100,readset,discrete,582,291.372,1,published_after_gate_recheck,17.841395922005177,5.055091343820095,10.0
100,global,discrete,583,291.983,1,published_after_gate_recheck,16.37714309617877,4.263546783477068,10.0
100,readset,continuous,584,292.359,1,published_after_gate_recheck,17.323805950582027,4.544875118881464,10.0
100,predicate,continuous,585,292.66,1,published_after_gate_recheck,21.461217664182186,8.481861092150211,10.0
100,global,discrete,586,293.48,1,published_after_gate_recheck,16.40783017501235,4.453454166650772,10.0
100,readset,discrete,587,293.559,1,published_after_gate_recheck,16.11944939941168,4.331544972956181,10.0
100,predicate,discrete,588,294.328,1,published_after_gate_recheck,16.05383725836873,4.387539811432362,10.0
100,readset,continuous,589,294.722,1,published_after_gate_recheck,15.578846912831068,4.1894689202308655,10.0
100,predicate,discrete,590,295.442,1,published_after_gate_recheck,15.951876062899828,4.2365179397165775,10.0
100,readset,continuous,591,295.754,1,published_after_gate_recheck,16.99014101177454,4.582485184073448,10.0
100,global,discrete,592,296.32,1,published_after_gate_recheck,16.020885203033686,4.262114875018597,10.0
100,global,discrete,593,296.614,1,published_after_gate_recheck,14.83265869319439,4.33458061888814,10.0
100,predicate,discrete,594,297.479,1,published_after_gate_recheck,15.958920121192932,4.186023026704788,10.0
100,global,continuous,595,297.798,1,published_after_gate_recheck,22.379267029464245,5.001079756766558,10.0
100,global,discrete,596,298.251,1,published_after_gate_recheck,17.320921178907156,4.96232695877552,10.0
100,predicate,continuous,597,298.996,1,published_after_gate_recheck,18.867919221520424,6.841838359832764,10.0
100,predicate,discrete,598,299.169,1,published_after_gate_recheck,17.356527037918568,4.7390880063176155,10.0
100,readset,discrete,599,299.928,1,published_after_gate_recheck,16.88997307792306,4.247517790645361,10.0
10,predicate,discrete,0,0.455,1,published_after_gate_recheck,17.686294857412577,6.220775190740824,77.0
10,global,discrete,1,0.515,0,context_version_changed_at_publish,18.05525692179799,7.046652026474476,77.0
10,predicate,continuous,2,1.44,1,published_after_gate_recheck,17.438501119613647,4.562668036669493,77.0
10,global,continuous,3,1.889,1,published_after_gate_recheck,18.269307911396027,4.6034748665988445,77.0
10,predicate,discrete,4,2.017,1,published_after_gate_recheck,20.269594620913267,4.63253865018487,77.0
10,readset,continuous,5,2.97,1,published_after_gate_recheck,17.920053098350763,4.408129025250673,77.0
10,global,discrete,6,3.307,1,published_after_gate_recheck,18.82742391899228,4.1164918802678585,77.0
10,readset,discrete,7,3.873,1,published_after_gate_recheck,19.68941790983081,7.741713896393776,77.0
10,global,continuous,8,4.411,0,context_version_changed_at_publish,21.833475213497877,8.99778725579381,77.0
10,readset,discrete,9,4.67,1,published_after_gate_recheck,23.692467715591192,10.004322975873947,77.0
10,global,continuous,10,5.347,1,published_after_gate_recheck,22.977547720074654,5.011007655411959,77.0
10,global,continuous,11,5.831,1,published_after_gate_recheck,18.12464604154229,4.520309157669544,77.0
10,predicate,continuous,12,6.219,1,published_after_gate_recheck,21.31786895915866,6.041960325092077,77.0
10,predicate,continuous,13,6.691,1,published_after_gate_recheck,23.94606312736869,7.815281860530376,77.0
10,global,continuous,14,7.213,0,context_version_changed_at_publish,19.768035039305687,8.355313912034035,77.0
10,readset,discrete,15,7.712,1,published_after_gate_recheck,15.65545005723834,4.729649983346462,77.0
10,global,discrete,16,8.303,0,context_version_changed_at_publish,20.434443838894367,8.981687016785145,77.0
10,global,discrete,17,8.923,0,context_version_changed_at_publish,20.395121071487665,9.013436734676361,77.0
10,readset,continuous,18,9.321,1,published_after_gate_recheck,17.353712115436792,4.315955098718405,77.0
10,readset,continuous,19,9.97,1,published_after_gate_recheck,17.752268817275763,4.416904877871275,77.0
10,global,discrete,20,10.103,0,context_version_changed_at_publish,20.74581803753972,8.03022412583232,77.0
10,predicate,continuous,21,10.761,1,published_after_gate_recheck,21.883729845285416,8.743530604988337,77.0
10,global,continuous,22,11.5,0,context_version_changed_at_publish,24.425762239843607,8.03914200514555,77.0
10,predicate,continuous,23,11.721,1,published_after_gate_recheck,17.275244928896427,4.449076019227505,77.0
10,predicate,discrete,24,12.291,1,published_after_gate_recheck,18.31330033019185,5.031587090343237,77.0
10,readset,discrete,25,12.841,1,published_after_gate_recheck,16.936400905251503,4.534334875643253,77.0
10,global,continuous,26,13.136,0,context_version_changed_at_publish,18.09307700023055,5.676585249602795,77.0
10,readset,discrete,27,13.803,1,published_after_gate_recheck,15.089971013367176,4.208575002849102,77.0
10,global,continuous,28,14.387,0,context_version_changed_at_publish,18.828514963388443,6.585567723959684,77.0
10,predicate,discrete,29,14.793,1,published_after_gate_recheck,20.56198287755251,8.493262808769941,77.0
10,readset,continuous,30,15.496,0,read_set_version_changed_at_gate,17.823563423007727,5.83122530952096,77.0
10,global,discrete,31,15.599,1,published_after_gate_recheck,19.129288848489523,5.003013182431459,77.0
10,readset,continuous,32,16.054,1,published_after_gate_recheck,16.91627223044634,4.641945939511061,77.0
10,predicate,continuous,33,16.781,1,published_after_gate_recheck,15.449936036020517,3.6972668021917343,77.0
10,predicate,continuous,34,17.224,1,published_after_gate_recheck,18.61110795289278,6.784070283174515,77.0
10,global,continuous,35,17.547,0,context_version_changed_at_publish,18.606229219585657,6.248767022043467,77.0
10,global,continuous,36,18.01,0,context_version_changed_at_publish,24.4495770893991,10.626277886331081,77.0
10,predicate,discrete,37,18.758,1,published_after_gate_recheck,19.849898293614388,4.25017299130559,77.0
10,global,continuous,38,19.429,1,published_after_gate_recheck,20.29794780537486,4.748897161334753,77.0
10,predicate,continuous,39,19.666,1,published_after_gate_recheck,22.679139859974384,4.54903207719326,77.0
10,global,discrete,40,20.304,1,published_after_gate_recheck,15.58151189237833,4.120981320738792,77.0
10,global,discrete,41,20.668,0,context_version_changed_at_publish,25.409785099327564,9.693851694464684,77.0
10,predicate,discrete,42,21.033,1,published_after_gate_recheck,16.15873398259282,4.661202896386385,77.0
10,predicate,continuous,43,21.968,1,published_after_gate_recheck,19.75175505504012,4.859755281358957,77.0
10,readset,discrete,44,22.483,1,published_after_gate_recheck,16.247448977082968,4.434078000485897,77.0
10,predicate,continuous,45,22.851,1,published_after_gate_recheck,21.861738059669733,9.135445579886436,77.0
10,predicate,continuous,46,23.443,1,published_after_gate_recheck,20.270165987312794,8.408253081142902,77.0
10,predicate,discrete,47,23.752,1,published_after_gate_recheck,15.929813962429762,4.532441031187773,77.0
10,readset,continuous,48,24.492,0,read_set_version_changed_at_gate,20.05766797810793,8.116336073726416,77.0
10,predicate,continuous,49,24.528,1,published_after_gate_recheck,19.334604032337666,4.236246924847364,77.0
10,predicate,continuous,50,25.104,1,published_after_gate_recheck,18.848482985049486,5.425143986940384,77.0
10,readset,continuous,51,25.635,0,read_set_version_changed_at_gate,17.989363055676222,7.040040101855993,77.0
10,predicate,discrete,52,26.109,1,published_after_gate_recheck,23.934059776365757,9.150063153356314,77.0
10,global,continuous,53,26.574,0,context_version_changed_at_publish,19.890954717993736,6.663083098828793,77.0
10,readset,discrete,54,27.116,1,published_after_gate_recheck,18.925106152892113,7.622690871357918,77.0
10,predicate,discrete,55,27.533,1,published_after_gate_recheck,14.688788913190365,4.039246588945389,77.0
10,readset,continuous,56,28.453,0,read_set_version_changed_at_gate,22.028851322829723,8.877272251993418,77.0
10,global,discrete,57,28.825,0,context_version_changed_at_publish,18.708701245486736,7.01496284455061,77.0
10,global,continuous,58,29.369,1,published_after_gate_recheck,19.08813090994954,4.5889681205153465,77.0
10,readset,discrete,59,29.949,1,published_after_gate_recheck,17.703407909721136,3.838050179183483,77.0
10,global,discrete,60,30.475,0,context_version_changed_at_publish,18.337474670261145,7.33900023624301,77.0
10,readset,continuous,61,30.674,0,read_set_version_changed_at_gate,19.17872065678239,7.897856179624796,77.0
10,predicate,discrete,62,31.041,1,published_after_gate_recheck,16.510651912540197,4.268847871571779,77.0
10,predicate,continuous,63,31.992,1,published_after_gate_recheck,17.27826101705432,4.547600168734789,77.0
10,readset,continuous,64,32.258,1,published_after_gate_recheck,18.306808080524206,4.584087990224361,77.0
10,predicate,continuous,65,32.878,1,published_after_gate_recheck,20.919722970575094,4.329471383243799,77.0
10,global,discrete,66,33.204,0,context_version_changed_at_publish,20.190446637570858,7.581302896142006,77.0
10,readset,continuous,67,33.998,1,published_after_gate_recheck,20.38506092503667,4.602131899446249,77.0
10,readset,continuous,68,34.082,0,read_set_version_changed_at_gate,20.62883786857128,8.545138873159885,77.0
10,global,continuous,69,34.982,1,published_after_gate_recheck,15.766338910907507,4.251275211572647,77.0
10,predicate,discrete,70,35.259,1,published_after_gate_recheck,19.567629788070917,4.331605043262243,77.0
10,global,continuous,71,35.965,0,context_version_changed_at_publish,21.213734056800604,7.83034972846508,77.0
10,readset,continuous,72,36.47,1,published_after_gate_recheck,18.564551137387753,4.5232949778437614,77.0
10,global,continuous,73,36.593,0,context_version_changed_at_publish,21.381548140197992,7.676633074879646,77.0
10,global,discrete,74,37.07,1,published_after_gate_recheck,19.62118037045002,4.915469326078892,77.0
10,global,discrete,75,37.898,1,published_after_gate_recheck,18.739407882094383,4.542470909655094,77.0
10,predicate,continuous,76,38.483,1,published_after_gate_recheck,19.59642395377159,7.56275886669755,77.0
10,predicate,discrete,77,38.908,1,published_after_gate_recheck,16.735243145376444,4.544655326753855,77.0
10,readset,discrete,78,39.18,1,published_after_gate_recheck,26.82152995839715,9.370525367558002,77.0
10,predicate,continuous,79,39.916,1,published_after_gate_recheck,18.874671775847673,5.378055851906538,77.0
10,predicate,discrete,80,40.403,1,published_after_gate_recheck,16.712962184101343,4.489380866289139,77.0
10,readset,discrete,81,40.941,1,published_after_gate_recheck,23.63846590742469,9.708649013191462,77.0
10,predicate,discrete,82,41.491,1,published_after_gate_recheck,22.77174312621355,9.656742215156555,77.0
10,readset,discrete,83,41.79,1,published_after_gate_recheck,18.592834006994963,4.800623748451471,77.0
10,predicate,continuous,84,42.438,1,published_after_gate_recheck,19.67016188427806,4.441612400114536,77.0
10,predicate,continuous,85,42.895,1,published_after_gate_recheck,19.155066926032305,6.931766867637634,77.0
10,readset,discrete,86,43.072,1,published_after_gate_recheck,17.772276885807514,4.210398998111486,77.0
10,predicate,discrete,87,43.677,1,published_after_gate_recheck,26.530124247074127,8.946370799094439,77.0
10,predicate,continuous,88,44.278,1,published_after_gate_recheck,17.95779401436448,5.592528264969587,77.0
10,global,continuous,89,44.674,0,context_version_changed_at_publish,18.979338463395834,7.386908866465092,77.0
10,readset,continuous,90,45.269,1,published_after_gate_recheck,19.46260267868638,4.63767908513546,77.0
10,predicate,continuous,91,45.819,1,published_after_gate_recheck,18.963939044624567,4.708081018179655,77.0
10,predicate,continuous,92,46.166,1,published_after_gate_recheck,19.50519299134612,6.0996077954769135,77.0
10,global,continuous,93,46.683,0,context_version_changed_at_publish,21.30322204902768,8.566770236939192,77.0
10,global,continuous,94,47.447,0,context_version_changed_at_publish,17.393216025084257,6.205276120454073,77.0
10,predicate,discrete,95,47.995,1,published_after_gate_recheck,17.691174056380987,6.829515099525452,77.0
10,predicate,discrete,96,48.366,1,published_after_gate_recheck,18.594527151435614,6.647935137152672,77.0
10,predicate,continuous,97,48.963,1,published_after_gate_recheck,19.574372563511133,7.986483164131641,77.0
10,readset,continuous,98,49.05,1,published_after_gate_recheck,18.372491002082825,4.31094691157341,77.0
10,predicate,continuous,99,49.916,1,published_after_gate_recheck,18.90768390148878,6.998521275818348,77.0
10,predicate,discrete,100,50.277,1,published_after_gate_recheck,21.15857135504484,4.953640978783369,77.0
10,global,discrete,101,50.845,0,context_version_changed_at_publish,17.8441209718585,7.122003007680178,77.0
10,readset,discrete,102,51.453,1,published_after_gate_recheck,19.90818791091442,8.814924862235785,77.0
10,readset,continuous,103,51.762,0,read_set_version_changed_at_gate,21.95291919633746,9.613791946321726,77.0
10,predicate,continuous,104,52.387,1,published_after_gate_recheck,18.47427198663354,6.657543126493692,77.0
10,global,discrete,105,52.77,1,published_after_gate_recheck,20.16595099121332,4.46722935885191,77.0
10,readset,discrete,106,53.291,1,published_after_gate_recheck,17.62058213353157,4.777770955115557,77.0
10,global,continuous,107,53.809,1,published_after_gate_recheck,18.597592134028673,4.642938729375601,77.0
10,readset,continuous,108,54.123,0,read_set_version_changed_at_gate,20.433201920241117,7.777160033583641,77.0
10,predicate,continuous,109,54.904,1,published_after_gate_recheck,19.016286823898554,7.3098246939480305,77.0
10,predicate,continuous,110,55.092,1,published_after_gate_recheck,15.493977814912796,4.2823017574846745,77.0
10,readset,discrete,111,55.615,1,published_after_gate_recheck,18.05735006928444,6.609232630580664,77.0
10,global,discrete,112,56.489,1,published_after_gate_recheck,20.811409689486027,4.910870920866728,77.0
10,readset,discrete,113,56.556,1,published_after_gate_recheck,18.51597987115383,6.898885127156973,77.0
10,predicate,continuous,114,57.436,1,published_after_gate_recheck,19.185203593224287,6.616395898163319,77.0
10,readset,continuous,115,57.501,1,published_after_gate_recheck,17.45130494236946,4.236085806041956,77.0
10,predicate,discrete,116,58.474,1,published_after_gate_recheck,20.289482083171606,8.32497701048851,77.0
10,readset,discrete,117,58.812,1,published_after_gate_recheck,16.563371755182743,4.273054655641317,77.0
10,predicate,discrete,118,59.385,1,published_after_gate_recheck,18.32551322877407,5.6272330693900585,77.0
10,global,discrete,119,59.521,1,published_after_gate_recheck,16.719764098525047,4.27678320556879,77.0
10,global,discrete,120,60.456,1,published_after_gate_recheck,22.763126995414495,5.896317306905985,77.0
10,readset,discrete,121,60.56,1,published_after_gate_recheck,17.400189768522978,3.966280724853277,77.0
10,predicate,discrete,122,61.254,1,published_after_gate_recheck,16.631088219583035,4.619314800947905,77.0
10,global,continuous,123,61.871,0,context_version_changed_at_publish,23.674563970416784,10.24960307404399,77.0
10,predicate,discrete,124,62.185,1,published_after_gate_recheck,22.635106928646564,8.789217099547386,77.0
10,predicate,discrete,125,62.887,1,published_after_gate_recheck,19.03326902538538,6.142367608845234,77.0
10,global,discrete,126,63.089,1,published_after_gate_recheck,18.82764371111989,4.25716582685709,77.0
10,readset,discrete,127,63.925,1,published_after_gate_recheck,19.71607794985175,6.959308870136738,77.0
10,predicate,discrete,128,64.167,1,published_after_gate_recheck,19.335445016622543,4.2683458887040615,77.0
10,predicate,discrete,129,64.685,1,published_after_gate_recheck,17.439522780478,4.154013004153967,77.0
10,global,continuous,130,65.477,1,published_after_gate_recheck,21.44845435395837,4.298843909054995,77.0
10,predicate,discrete,131,65.867,1,published_after_gate_recheck,21.950735244899988,4.6582273207604885,77.0
10,global,continuous,132,66.147,0,context_version_changed_at_publish,18.194868229329586,6.015068851411343,77.0
10,predicate,continuous,133,66.615,1,published_after_gate_recheck,18.024148419499397,7.096705958247185,77.0
10,global,continuous,134,67.13,1,published_after_gate_recheck,16.78546704351902,4.405492916703224,77.0
10,predicate,discrete,135,67.793,1,published_after_gate_recheck,16.021056100726128,4.248438868671656,77.0
10,readset,continuous,136,68.073,0,read_set_version_changed_at_gate,20.90977504849434,9.120277129113674,77.0
10,global,discrete,137,68.584,0,context_version_changed_at_publish,20.354033913463354,7.899259217083454,77.0
10,predicate,discrete,138,69.347,1,published_after_gate_recheck,15.907943714410067,4.617110826075077,77.0
10,predicate,continuous,139,69.807,1,published_after_gate_recheck,21.417756099253893,4.331235308200121,77.0
10,global,discrete,140,70.099,1,published_after_gate_recheck,16.0134918987751,4.611419048160315,77.0
10,predicate,continuous,141,70.521,1,published_after_gate_recheck,22.71220088005066,9.045226033776999,77.0
10,readset,continuous,142,71.062,1,published_after_gate_recheck,16.430593095719814,4.433506168425083,77.0
10,predicate,continuous,143,71.661,1,published_after_gate_recheck,15.058361925184727,4.546668380498886,77.0
10,global,continuous,144,72.464,0,context_version_changed_at_publish,19.498320762068033,8.032518904656172,77.0
10,global,discrete,145,72.676,0,context_version_changed_at_publish,18.318859860301018,5.925620906054974,77.0
10,readset,continuous,146,73.454,1,published_after_gate_recheck,16.723380889743567,4.336503800004721,77.0
10,global,discrete,147,73.932,1,published_after_gate_recheck,18.319461029022932,4.44977730512619,77.0
10,global,discrete,148,74.087,0,context_version_changed_at_publish,17.528159078210592,6.220533978193998,77.0
10,global,continuous,149,74.638,1,published_after_gate_recheck,20.54373873397708,4.176184069365263,77.0
10,predicate,discrete,150,75.232,1,published_after_gate_recheck,15.942487865686417,4.4622900895774364,77.0
10,predicate,continuous,151,75.833,1,published_after_gate_recheck,20.607158076018095,8.560316637158394,77.0
10,predicate,continuous,152,76.087,1,published_after_gate_recheck,22.471429780125618,4.9269599840044975,77.0
10,predicate,discrete,153,76.794,1,published_after_gate_recheck,17.27604726329446,4.540145862847567,77.0
10,global,discrete,154,77.385,0,context_version_changed_at_publish,19.72420373931527,6.62966025993228,77.0
10,readset,discrete,155,77.959,1,published_after_gate_recheck,20.765474997460842,4.903537221252918,77.0
10,predicate,continuous,156,78.314,1,published_after_gate_recheck,16.827795654535294,4.456689115613699,77.0
10,global,continuous,157,78.943,0,context_version_changed_at_publish,20.052738953381777,9.114415850490332,77.0
10,readset,discrete,158,79.099,1,published_after_gate_recheck,16.41926122829318,4.271603189408779,77.0
10,readset,continuous,159,79.934,1,published_after_gate_recheck,16.108298674225807,4.118114709854126,77.0
10,predicate,discrete,160,80.077,1,published_after_gate_recheck,17.822170164436102,6.060333922505379,77.0
10,readset,continuous,161,80.845,1,published_after_gate_recheck,15.897173900157213,4.448523744940758,77.0
10,readset,continuous,162,81.289,1,published_after_gate_recheck,19.071890972554684,4.6326094307005405,77.0
10,predicate,discrete,163,81.609,1,published_after_gate_recheck,18.273986876010895,4.348487127572298,77.0
10,global,discrete,164,82.158,1,published_after_gate_recheck,16.27755630761385,4.48473310098052,77.0
10,readset,discrete,165,82.912,1,published_after_gate_recheck,17.321360763162374,5.017369985580444,77.0
10,global,discrete,166,83.268,1,published_after_gate_recheck,15.414359048008919,4.620396066457033,77.0
10,global,continuous,167,83.903,1,published_after_gate_recheck,16.11995091661811,4.293703939765692,77.0
10,predicate,discrete,168,84.185,1,published_after_gate_recheck,17.232093960046768,5.8678132481873035,77.0
10,readset,discrete,169,84.677,1,published_after_gate_recheck,20.413765218108892,4.449234809726477,77.0
10,predicate,discrete,170,85.071,1,published_after_gate_recheck,15.756390057504177,4.338668193668127,77.0
10,readset,continuous,171,85.709,1,published_after_gate_recheck,17.10629928857088,4.731444176286459,77.0
10,readset,discrete,172,86.224,1,published_after_gate_recheck,21.12413616850972,6.182152312248945,77.0
10,readset,continuous,173,86.692,0,read_set_version_changed_at_gate,22.43294892832637,10.056320112198591,77.0
10,predicate,discrete,174,87.217,1,published_after_gate_recheck,20.53153607994318,4.6154167503118515,77.0
10,predicate,discrete,175,87.624,1,published_after_gate_recheck,15.267723705619574,4.23773005604744,77.0
10,readset,continuous,176,88.19,1,published_after_gate_recheck,17.18983519822359,4.386387765407562,77.0
10,readset,continuous,177,88.736,1,published_after_gate_recheck,19.639424979686737,6.40990911051631,77.0
10,global,continuous,178,89.264,1,published_after_gate_recheck,16.63601817563176,4.338187165558338,77.0
10,global,discrete,179,89.941,1,published_after_gate_recheck,16.238953918218613,4.1619581170380116,77.0
10,predicate,discrete,180,90.289,1,published_after_gate_recheck,24.253128096461296,9.058681782335043,77.0
10,global,continuous,181,90.842,1,published_after_gate_recheck,16.244675032794476,4.662746097892523,77.0
10,predicate,continuous,182,91.068,1,published_after_gate_recheck,15.83919394761324,4.13054833188653,77.0
10,global,continuous,183,91.617,0,context_version_changed_at_publish,17.909443005919456,6.3023073598742485,77.0
10,readset,discrete,184,92.415,1,published_after_gate_recheck,18.35783338174224,6.522119045257568,77.0
10,global,continuous,185,92.883,1,published_after_gate_recheck,17.30567216873169,4.561254754662514,77.0
10,predicate,continuous,186,93.331,1,published_after_gate_recheck,18.407285679131746,4.890040960162878,77.0
10,predicate,continuous,187,93.62,1,published_after_gate_recheck,18.002647906541824,4.355609882622957,77.0
10,predicate,continuous,188,94.39,1,published_after_gate_recheck,17.45412964373827,4.446379840373993,77.0
10,global,discrete,189,94.772,0,context_version_changed_at_publish,22.53467869013548,9.888725820928812,77.0
10,predicate,continuous,190,95.382,1,published_after_gate_recheck,22.857042960822582,7.915230002254248,77.0
10,global,continuous,191,95.912,1,published_after_gate_recheck,16.664370894432068,4.485434386879206,77.0
10,predicate,continuous,192,96.368,1,published_after_gate_recheck,26.299691759049892,7.548882160335779,77.0
10,readset,continuous,193,96.953,1,published_after_gate_recheck,17.34901312738657,4.270459990948439,77.0
10,readset,discrete,194,97.064,1,published_after_gate_recheck,15.843742992728949,4.007919225841761,77.0
10,global,continuous,195,97.572,1,published_after_gate_recheck,17.241271678358316,4.769505932927132,77.0
10,predicate,continuous,196,98.265,1,published_after_gate_recheck,16.851662192493677,4.668115172535181,77.0
10,readset,continuous,197,98.941,0,read_set_version_changed_at_gate,21.61702001467347,8.763849269598722,77.0
10,predicate,continuous,198,99.302,1,published_after_gate_recheck,22.303344681859016,9.148089215159416,77.0
10,global,continuous,199,99.63,1,published_after_gate_recheck,18.04781286045909,4.466017242521048,77.0
10,readset,continuous,200,100.127,1,published_after_gate_recheck,16.508929897099733,4.025883041322231,77.0
10,predicate,discrete,201,100.81,1,published_after_gate_recheck,18.217430915683508,4.711908288300037,77.0
10,predicate,discrete,202,101.179,1,published_after_gate_recheck,18.95177736878395,4.2013307102024555,77.0
10,readset,discrete,203,101.595,1,published_after_gate_recheck,16.342386603355408,4.1315811686217785,77.0
10,predicate,discrete,204,102.033,1,published_after_gate_recheck,21.091134287416935,7.6675149612128735,77.0
10,predicate,continuous,205,102.755,1,published_after_gate_recheck,20.699720829725266,6.498214323073626,77.0
10,global,continuous,206,103.199,1,published_after_gate_recheck,18.75316398218274,4.482749383896589,77.0
10,predicate,discrete,207,103.694,1,published_after_gate_recheck,18.66232417523861,6.566732656210661,77.0
10,readset,discrete,208,104.258,1,published_after_gate_recheck,25.257970672100782,7.426113355904818,77.0
10,global,continuous,209,104.611,1,published_after_gate_recheck,17.79278414323926,4.975412040948868,77.0
10,readset,discrete,210,105.297,1,published_after_gate_recheck,26.923189871013165,9.450274985283613,77.0
10,global,continuous,211,105.854,0,context_version_changed_at_publish,19.344751723110676,6.777658127248287,77.0
10,readset,discrete,212,106.291,1,published_after_gate_recheck,17.27225910872221,4.126240033656359,77.0
10,global,discrete,213,106.824,0,context_version_changed_at_publish,20.158797968178988,7.212173193693161,77.0
10,predicate,continuous,214,107.295,1,published_after_gate_recheck,19.518727902323008,6.23114500194788,77.0
10,readset,continuous,215,107.901,1,published_after_gate_recheck,17.606555949896574,4.426873754709959,77.0
10,predicate,discrete,216,108.368,1,published_after_gate_recheck,19.535850267857313,4.617881961166859,77.0
10,predicate,continuous,217,108.866,1,published_after_gate_recheck,18.45264108851552,6.847438868135214,77.0
10,global,discrete,218,109.066,1,published_after_gate_recheck,15.642094891518354,4.294265992939472,77.0
10,global,discrete,219,109.686,0,context_version_changed_at_publish,18.17831816151738,6.291097030043602,77.0
10,readset,continuous,220,110.061,1,published_after_gate_recheck,16.687924973666668,3.9752377197146416,77.0
10,predicate,discrete,221,110.674,1,published_after_gate_recheck,21.69682877138257,8.099283557385206,77.0
10,predicate,discrete,222,111.145,1,published_after_gate_recheck,20.198983140289783,7.705105002969503,77.0
10,readset,continuous,223,111.77,0,read_set_version_changed_at_gate,25.811768136918545,9.305363986641169,77.0
10,readset,continuous,224,112.078,1,published_after_gate_recheck,19.956639036536217,4.1320910677313805,77.0
10,readset,continuous,225,112.928,1,published_after_gate_recheck,21.391908172518015,4.7768899239599705,77.0
10,readset,continuous,226,113.166,0,read_set_version_changed_at_gate,19.364009145647287,6.305903661996126,77.0
10,predicate,continuous,227,113.644,1,published_after_gate_recheck,19.279700238257647,7.2662741877138615,77.0
10,global,discrete,228,114.364,0,context_version_changed_at_publish,19.1429047845304,6.721131969243288,77.0
10,global,continuous,229,114.8,1,published_after_gate_recheck,17.446796875447035,4.563350230455399,77.0
10,predicate,continuous,230,115.489,1,published_after_gate_recheck,15.397796873003244,4.29284293204546,77.0
10,readset,discrete,231,115.861,1,published_after_gate_recheck,16.99840696528554,4.597243387252092,77.0
10,global,continuous,232,116.152,1,published_after_gate_recheck,17.52478303387761,4.623842891305685,77.0
10,predicate,continuous,233,116.703,1,published_after_gate_recheck,17.16938614845276,4.814529791474342,77.0
10,predicate,discrete,234,117.44,1,published_after_gate_recheck,18.881183117628098,4.91173192858696,77.0
10,predicate,continuous,235,117.543,1,published_after_gate_recheck,20.307686645537615,8.68429010733962,77.0
10,global,continuous,236,118.21,0,context_version_changed_at_publish,24.350861087441444,9.34003759175539,77.0
10,global,continuous,237,118.746,0,context_version_changed_at_publish,19.96135711669922,7.052082102745771,77.0
10,readset,discrete,238,119.022,1,published_after_gate_recheck,21.62167802453041,8.950168266892433,77.0
10,readset,continuous,239,119.731,1,published_after_gate_recheck,17.206106334924698,4.466577898710966,77.0
10,predicate,continuous,240,120.105,1,published_after_gate_recheck,19.54097021371126,6.86377938836813,77.0
10,predicate,continuous,241,120.991,1,published_after_gate_recheck,16.641187015920877,4.6751489862799644,77.0
10,global,continuous,242,121.374,1,published_after_gate_recheck,16.23744098469615,4.129416774958372,77.0
10,readset,continuous,243,121.811,1,published_after_gate_recheck,16.945858020335436,4.229934886097908,77.0
10,predicate,discrete,244,122.062,1,published_after_gate_recheck,20.448779687285423,4.930468276143074,77.0
10,global,continuous,245,122.907,1,published_after_gate_recheck,15.565501991659403,3.9479462429881096,77.0
10,predicate,discrete,246,123.372,1,published_after_gate_recheck,15.621195547282696,4.494269844144583,77.0
10,readset,discrete,247,123.614,1,published_after_gate_recheck,17.648885026574135,6.651621777564287,77.0
10,readset,continuous,248,124.341,1,published_after_gate_recheck,16.98783691972494,4.813327919691801,77.0
10,readset,discrete,249,124.553,1,published_after_gate_recheck,20.089286845177412,8.33012629300356,77.0
10,readset,discrete,250,125.085,1,published_after_gate_recheck,17.581920139491558,5.4286508820950985,77.0
10,global,discrete,251,125.868,1,published_after_gate_recheck,20.058368798345327,4.2611341923475266,77.0
10,readset,continuous,252,126.009,1,published_after_gate_recheck,18.8479321077466,4.295136779546738,77.0
10,readset,discrete,253,126.572,1,published_after_gate_recheck,22.163353394716978,9.520186111330986,77.0
10,predicate,continuous,254,127.313,1,published_after_gate_recheck,15.64143504947424,4.336975049227476,77.0
10,readset,continuous,255,127.558,0,read_set_version_changed_at_gate,17.172893043607473,6.29751943051815,77.0
10,predicate,continuous,256,128.256,1,published_after_gate_recheck,16.96672709658742,4.820630885660648,77.0
10,global,continuous,257,128.686,1,published_after_gate_recheck,15.977143310010433,4.3364050798118114,77.0
10,global,continuous,258,129.087,1,published_after_gate_recheck,21.516761742532253,4.662233870476484,77.0
10,global,continuous,259,129.944,0,context_version_changed_at_publish,19.234315026551485,6.961983162909746,77.0
10,readset,continuous,260,130.361,0,read_set_version_changed_at_gate,24.206110276281834,9.035949129611254,77.0
10,predicate,discrete,261,130.872,1,published_after_gate_recheck,18.374585080891848,4.8182872124016285,77.0
10,predicate,discrete,262,131.181,1,published_after_gate_recheck,17.69486116245389,4.432254005223513,77.0
10,global,continuous,263,131.899,1,published_after_gate_recheck,18.685898277908564,4.665782209485769,77.0
10,predicate,discrete,264,132.495,1,published_after_gate_recheck,20.205575041472912,6.835616193711758,77.0
10,predicate,continuous,265,132.883,1,published_after_gate_recheck,20.49111993983388,7.663337048143148,77.0
10,predicate,discrete,266,133.194,1,published_after_gate_recheck,19.137152936309576,7.451110053807497,77.0
10,readset,discrete,267,133.759,1,published_after_gate_recheck,17.607287038117647,4.65716514736414,77.0
10,global,continuous,268,134.22,1,published_after_gate_recheck,21.808187942951918,5.004516337066889,77.0
10,predicate,continuous,269,134.694,1,published_after_gate_recheck,18.204676918685436,6.926416885107756,77.0
10,predicate,discrete,270,135.376,1,published_after_gate_recheck,16.39047684147954,4.521792288869619,77.0
10,readset,discrete,271,135.902,1,published_after_gate_recheck,17.386353109031916,4.7378758899867535,77.0
10,readset,discrete,272,136.452,1,published_after_gate_recheck,21.810922771692276,8.572440594434738,77.0
10,global,continuous,273,136.515,0,context_version_changed_at_publish,19.64318100363016,7.930387277156115,77.0
10,global,continuous,274,137.158,1,published_after_gate_recheck,17.778919078409672,4.488098900765181,77.0
10,predicate,discrete,275,137.833,1,published_after_gate_recheck,19.701912067830563,8.479977026581764,77.0
10,readset,continuous,276,138.141,1,published_after_gate_recheck,17.13830791413784,4.393110983073711,77.0
10,readset,continuous,277,138.89,0,read_set_version_changed_at_gate,22.73982297629118,8.527897298336029,77.0
10,readset,discrete,278,139.028,1,published_after_gate_recheck,19.358668942004442,4.51674172654748,77.0
10,global,continuous,279,139.572,0,context_version_changed_at_publish,20.69956064224243,8.259674068540335,77.0
10,global,discrete,280,140.465,0,context_version_changed_at_publish,19.238342996686697,7.016174960881472,77.0
10,readset,discrete,281,140.504,1,published_after_gate_recheck,16.561548225581646,4.76023880764842,77.0
10,predicate,continuous,282,141.472,1,published_after_gate_recheck,18.173298332840204,4.699754994362593,77.0
10,readset,discrete,283,141.68,1,published_after_gate_recheck,18.139515072107315,4.457911942154169,77.0
10,predicate,continuous,284,142.41,1,published_after_gate_recheck,15.266361180692911,4.083750769495964,77.0
10,readset,continuous,285,142.685,1,published_after_gate_recheck,18.6574449762702,6.883144844323397,77.0
10,readset,discrete,286,143.01,1,published_after_gate_recheck,16.884552780538797,4.719771910458803,77.0
10,readset,discrete,287,143.604,1,published_after_gate_recheck,20.016742404550314,7.35480897128582,77.0
10,global,continuous,288,144.369,1,published_after_gate_recheck,17.489596735686064,4.084112122654915,77.0
10,global,discrete,289,144.665,0,context_version_changed_at_publish,18.335030879825354,7.641676813364029,77.0
10,readset,continuous,290,145.083,0,read_set_version_changed_at_gate,20.314418710768223,8.815695997327566,77.0
10,global,discrete,291,145.925,0,context_version_changed_at_publish,18.618923146277666,6.342772860080004,77.0
10,global,discrete,292,146.328,1,published_after_gate_recheck,19.758678041398525,4.492517095059156,77.0
10,readset,continuous,293,146.764,0,read_set_version_changed_at_gate,19.61566973477602,7.9481410793960094,77.0
10,predicate,continuous,294,147.456,1,published_after_gate_recheck,20.117259118705988,6.792966742068529,77.0
10,global,discrete,295,147.86,1,published_after_gate_recheck,19.28673405200243,5.199961829930544,77.0
10,readset,continuous,296,148.333,0,read_set_version_changed_at_gate,21.137069910764694,8.867112919688225,77.0
10,readset,discrete,297,148.94,1,published_after_gate_recheck,19.193578977137804,4.695727024227381,77.0
10,global,discrete,298,149.203,0,context_version_changed_at_publish,20.191298332065344,8.368437644094229,77.0
10,global,discrete,299,149.612,1,published_after_gate_recheck,16.54775207862258,4.477358888834715,77.0
10,global,continuous,300,150.112,0,context_version_changed_at_publish,21.517934277653694,9.554269723594189,77.0
10,global,discrete,301,150.501,1,published_after_gate_recheck,16.240125987678766,4.073210991919041,77.0
10,global,continuous,302,151.315,1,published_after_gate_recheck,17.594884149730206,4.523945041000843,77.0
10,global,discrete,303,151.88,1,published_after_gate_recheck,16.998446080833673,4.480924922972918,77.0
10,readset,discrete,304,152.202,1,published_after_gate_recheck,16.1483739502728,4.4725388288497925,77.0
10,global,discrete,305,152.673,0,context_version_changed_at_publish,20.581970922648907,9.078498929738998,77.0
10,global,continuous,306,153.278,1,published_after_gate_recheck,21.289465948939323,4.864352755248547,77.0
10,global,discrete,307,153.915,0,context_version_changed_at_publish,19.39482567831874,6.351058837026358,77.0
10,global,continuous,308,154.106,0,context_version_changed_at_publish,18.999616149812937,7.495863363146782,77.0
10,predicate,discrete,309,154.625,1,published_after_gate_recheck,16.936831641942263,4.410684108734131,77.0
10,readset,continuous,310,155.378,1,published_after_gate_recheck,16.423559747636318,4.486233927309513,77.0
10,global,continuous,311,155.749,1,published_after_gate_recheck,19.232431892305613,4.387610126286745,77.0
10,readset,discrete,312,156.395,1,published_after_gate_recheck,19.548764917999506,6.346489768475294,77.0
10,readset,discrete,313,156.63,1,published_after_gate_recheck,16.698524821549654,4.350581206381321,77.0
10,readset,continuous,314,157.238,0,read_set_version_changed_at_gate,25.226231198757887,8.579865097999573,77.0
10,readset,continuous,315,157.581,1,published_after_gate_recheck,17.350345849990845,4.624363966286182,77.0
10,global,discrete,316,158.494,0,context_version_changed_at_publish,18.840156961232424,5.819632671773434,77.0
10,predicate,discrete,317,158.783,1,published_after_gate_recheck,16.124569810926914,4.009530879557133,77.0
10,global,discrete,318,159.267,0,context_version_changed_at_publish,19.52037075534463,6.41646096482873,77.0
10,readset,discrete,319,159.808,1,published_after_gate_recheck,20.249527879059315,4.536058288067579,77.0
10,readset,discrete,320,160.421,1,published_after_gate_recheck,16.698945313692093,4.259239882230759,77.0
10,readset,continuous,321,160.598,1,published_after_gate_recheck,14.334374573081732,4.176014102995396,77.0
10,global,continuous,322,161.302,0,context_version_changed_at_publish,21.084382198750973,8.1056859344244,77.0
10,global,discrete,323,161.983,0,context_version_changed_at_publish,19.858194049447775,8.487191051244736,77.0
10,predicate,discrete,324,162.301,1,published_after_gate_recheck,16.318683046847582,4.191072192043066,77.0
10,global,discrete,325,162.783,1,published_after_gate_recheck,15.5768939293921,4.126301035284996,77.0
10,readset,continuous,326,163.262,0,read_set_version_changed_at_gate,21.444024983793497,9.780964814126492,77.0
10,predicate,discrete,327,163.977,1,published_after_gate_recheck,16.099513042718172,4.271442070603371,77.0
10,predicate,continuous,328,164.099,1,published_after_gate_recheck,15.955492854118347,4.0237377397716045,77.0
10,readset,continuous,329,164.791,1,published_after_gate_recheck,15.66458772867918,4.482096992433071,77.0
10,readset,discrete,330,165.178,1,published_after_gate_recheck,19.20662308111787,4.4914549216628075,77.0
10,predicate,discrete,331,165.991,1,published_after_gate_recheck,16.78249193355441,4.341753665357828,77.0
10,readset,continuous,332,166.238,1,published_after_gate_recheck,19.820293877273798,4.408619832247496,77.0
10,global,discrete,333,166.596,1,published_after_gate_recheck,17.75143714621663,4.260923247784376,77.0
10,readset,continuous,334,167.024,1,published_after_gate_recheck,20.29568376019597,8.167161140590906,77.0
10,readset,continuous,335,167.716,0,read_set_version_changed_at_gate,19.253021106123924,7.003712002187967,77.0
10,readset,continuous,336,168.205,1,published_after_gate_recheck,19.43094376474619,6.806040648370981,77.0
10,global,continuous,337,168.949,1,published_after_gate_recheck,15.846868976950645,4.312438890337944,77.0
10,predicate,continuous,338,169.308,1,published_after_gate_recheck,20.553928334265947,4.556095693260431,77.0
10,global,continuous,339,169.629,1,published_after_gate_recheck,18.521049059927464,4.21302393078804,77.0
10,predicate,discrete,340,170.169,1,published_after_gate_recheck,16.093230806291103,4.135427996516228,77.0
10,readset,discrete,341,170.637,1,published_after_gate_recheck,16.110964119434357,4.154474008828402,77.0
10,readset,continuous,342,171.257,1,published_after_gate_recheck,16.748248133808374,4.487125668674707,77.0
10,readset,discrete,343,171.937,1,published_after_gate_recheck,21.46985288709402,4.568559117615223,77.0
10,global,discrete,344,172.082,1,published_after_gate_recheck,16.679589170962572,4.9402848817408085,77.0
10,predicate,continuous,345,172.6,1,published_after_gate_recheck,19.593048375099897,4.7614299692213535,77.0
10,global,discrete,346,173.006,1,published_after_gate_recheck,17.08554895594716,4.336605314165354,77.0
10,readset,continuous,347,173.591,1,published_after_gate_recheck,18.76879297196865,4.686189815402031,77.0
10,readset,discrete,348,174.347,1,published_after_gate_recheck,16.559633892029524,4.658848978579044,77.0
10,global,continuous,349,174.807,1,published_after_gate_recheck,22.123709321022034,4.415331874042749,77.0
10,global,continuous,350,175.07,0,context_version_changed_at_publish,24.953069165349007,8.904653135687113,77.0
10,global,discrete,351,175.676,0,context_version_changed_at_publish,19.273479003459215,6.060194224119186,77.0
10,predicate,discrete,352,176.239,1,published_after_gate_recheck,26.349445804953575,6.3560279086232185,77.0
10,readset,continuous,353,176.93,0,read_set_version_changed_at_gate,23.585266899317503,8.996013551950455,77.0
10,global,continuous,354,177.183,0,context_version_changed_at_publish,20.34341311082244,7.946557831019163,77.0
10,predicate,discrete,355,177.78,1,published_after_gate_recheck,17.35633658245206,4.084493033587933,77.0
10,global,discrete,356,178.205,0,context_version_changed_at_publish,19.961357582360506,6.759895011782646,77.0
10,global,continuous,357,178.957,0,context_version_changed_at_publish,26.01505909115076,8.339873980730772,77.0
10,global,discrete,358,179.217,1,published_after_gate_recheck,21.35438797995448,4.745570942759514,77.0
10,global,continuous,359,179.663,1,published_after_gate_recheck,17.499736044555902,4.60097985342145,77.0
10,global,discrete,360,180.354,0,context_version_changed_at_publish,18.938961904495955,6.063960026949644,77.0
10,global,discrete,361,180.935,1,published_after_gate_recheck,15.996469184756279,4.271472804248333,77.0
10,global,discrete,362,181.304,0,context_version_changed_at_publish,18.61711870878935,5.6528509594500065,77.0
10,readset,continuous,363,181.798,0,read_set_version_changed_at_gate,25.846623815596104,9.25040990114212,77.0
10,predicate,continuous,364,182.219,1,published_after_gate_recheck,20.01948608085513,4.079914186149836,77.0
10,readset,discrete,365,182.973,1,published_after_gate_recheck,21.039566956460476,8.716661017388105,77.0
10,predicate,discrete,366,183.048,1,published_after_gate_recheck,17.680094111710787,7.069393992424011,77.0
10,readset,discrete,367,183.769,1,published_after_gate_recheck,19.939986988902092,4.634413402527571,77.0
10,global,continuous,368,184.459,1,published_after_gate_recheck,19.115242175757885,4.523575305938721,77.0
10,predicate,discrete,369,184.565,1,published_after_gate_recheck,14.830125030130148,4.063923843204975,77.0
10,readset,discrete,370,185.394,1,published_after_gate_recheck,18.710044212639332,7.432705257087946,77.0
10,predicate,continuous,371,185.924,1,published_after_gate_recheck,18.849695101380348,6.830506958067417,77.0
10,global,discrete,372,186.437,1,published_after_gate_recheck,16.81369123980403,4.52077854424715,77.0
10,predicate,continuous,373,186.657,1,published_after_gate_recheck,15.908785164356232,4.377390723675489,77.0
10,predicate,continuous,374,187.096,1,published_after_gate_recheck,17.271738033741713,4.415081813931465,77.0
10,predicate,discrete,375,187.57,1,published_after_gate_recheck,16.875365749001503,4.610968753695488,77.0
10,global,continuous,376,188.036,1,published_after_gate_recheck,16.354921273887157,4.461608827114105,77.0
10,predicate,discrete,377,188.607,1,published_after_gate_recheck,22.166388109326363,4.604015965014696,77.0
10,readset,continuous,378,189.423,0,read_set_version_changed_at_gate,19.99817695468664,7.432195357978344,77.0
10,readset,continuous,379,189.65,1,published_after_gate_recheck,17.04369205981493,4.823236260563135,77.0
10,global,discrete,380,190.084,0,context_version_changed_at_publish,18.7550475820899,7.287041749805212,77.0
10,global,continuous,381,190.873,1,published_after_gate_recheck,20.119354128837585,4.6510337851941586,77.0
10,predicate,discrete,382,191.215,1,published_after_gate_recheck,19.176506903022528,7.2223711758852005,77.0
10,predicate,discrete,383,191.736,1,published_after_gate_recheck,17.622847110033035,5.98324928432703,77.0
10,readset,continuous,384,192.43,1,published_after_gate_recheck,19.341126084327698,4.9621472135186195,77.0
10,readset,continuous,385,192.681,1,published_after_gate_recheck,17.20456313341856,4.201180767267942,77.0
10,predicate,discrete,386,193.485,1,published_after_gate_recheck,20.417932886630297,6.709570065140724,77.0
10,readset,discrete,387,193.636,1,published_after_gate_recheck,18.482846673578024,5.721658933907747,77.0
10,readset,discrete,388,194.343,1,published_after_gate_recheck,16.223795246332884,4.256975837051868,77.0
10,readset,discrete,389,194.607,1,published_after_gate_recheck,26.200236286967993,9.728757198899984,77.0
10,predicate,discrete,390,195.146,1,published_after_gate_recheck,19.212935119867325,6.046488881111145,77.0
10,readset,discrete,391,195.941,1,published_after_gate_recheck,15.81744384020567,4.0113357827067375,77.0
10,readset,discrete,392,196.292,1,published_after_gate_recheck,16.99074311181903,4.890663083642721,77.0
10,predicate,continuous,393,196.913,1,published_after_gate_recheck,20.84928099066019,7.933904882520437,77.0
10,readset,discrete,394,197.109,1,published_after_gate_recheck,19.19540297240019,4.5243059284985065,77.0
10,readset,discrete,395,197.869,1,published_after_gate_recheck,20.429144147783518,4.845147021114826,77.0
10,global,continuous,396,198.356,0,context_version_changed_at_publish,18.883397802710533,6.7263818345963955,77.0
10,readset,discrete,397,198.781,1,published_after_gate_recheck,18.28845264390111,4.639522172510624,77.0
10,global,discrete,398,199.16,0,context_version_changed_at_publish,25.243382900953293,11.457706335932016,77.0
10,readset,discrete,399,199.997,1,published_after_gate_recheck,20.015018060803413,4.33168513700366,77.0
10,readset,discrete,400,200.112,1,published_after_gate_recheck,16.31569815799594,4.815481137484312,77.0
10,global,continuous,401,200.847,1,published_after_gate_recheck,16.682995948940516,4.501494113355875,77.0
10,readset,continuous,402,201.486,0,read_set_version_changed_at_gate,20.28757892549038,6.84707798063755,77.0
10,global,discrete,403,201.649,1,published_after_gate_recheck,19.326637964695692,4.402387887239456,77.0
10,readset,discrete,404,202.188,1,published_after_gate_recheck,20.631462801247835,4.797277040779591,77.0
10,readset,continuous,405,202.839,1,published_after_gate_recheck,20.788999274373055,4.6534789726138115,77.0
10,predicate,continuous,406,203.25,1,published_after_gate_recheck,17.596296966075897,4.669628106057644,77.0
10,global,discrete,407,203.684,0,context_version_changed_at_publish,20.588872954249382,8.296824060380459,77.0
10,global,discrete,408,204.477,1,published_after_gate_recheck,15.542619861662388,4.028157331049442,77.0
10,readset,discrete,409,204.903,1,published_after_gate_recheck,17.616634257137775,4.772271029651165,77.0
10,global,continuous,410,205.413,0,context_version_changed_at_publish,22.04744564369321,9.33033088222146,77.0
10,predicate,continuous,411,205.898,1,published_after_gate_recheck,21.66864601895213,4.911832045763731,77.0
10,global,discrete,412,206.161,0,context_version_changed_at_publish,22.463105153292418,9.110098239034414,77.0
10,readset,continuous,413,206.78,1,published_after_gate_recheck,18.66651140153408,4.333258606493473,77.0
10,global,continuous,414,207.295,0,context_version_changed_at_publish,19.170384854078293,6.655129138380289,77.0
10,global,continuous,415,207.644,0,context_version_changed_at_publish,21.174329798668623,7.715966086834669,77.0
10,global,continuous,416,208.444,1,published_after_gate_recheck,16.778253950178623,4.617941100150347,77.0
10,global,discrete,417,208.996,0,context_version_changed_at_publish,18.903575837612152,6.948488298803568,77.0
10,readset,discrete,418,209.124,1,published_after_gate_recheck,15.25558065623045,3.9216866716742516,77.0
10,readset,discrete,419,209.943,1,published_after_gate_recheck,15.717295929789543,4.458594135940075,77.0
10,predicate,continuous,420,210.37,1,published_after_gate_recheck,18.944112118333578,4.204607103019953,77.0
10,predicate,discrete,421,210.571,1,published_after_gate_recheck,15.991189051419497,4.8803528770804405,77.0
10,predicate,discrete,422,211.162,1,published_after_gate_recheck,21.973096299916506,9.167856071144342,77.0
10,global,discrete,423,211.667,0,context_version_changed_at_publish,18.805512227118015,6.246822886168957,77.0
10,global,discrete,424,212.33,0,context_version_changed_at_publish,23.239508736878633,8.938787039369345,77.0
10,readset,continuous,425,212.823,0,read_set_version_changed_at_gate,20.57943632826209,8.197257295250893,77.0
10,predicate,discrete,426,213.083,1,published_after_gate_recheck,20.01331513747573,8.908570744097233,77.0
10,readset,continuous,427,213.665,0,read_set_version_changed_at_gate,18.56971997767687,6.995395757257938,77.0
10,readset,discrete,428,214.158,1,published_after_gate_recheck,17.285254318267107,4.412095993757248,77.0
10,predicate,continuous,429,214.816,1,published_after_gate_recheck,17.628928180783987,4.454085137695074,77.0
10,predicate,discrete,430,215.194,1,published_after_gate_recheck,16.440129838883877,4.406885709613562,77.0
10,global,discrete,431,215.807,0,context_version_changed_at_publish,20.8260677754879,6.310121156275272,77.0
10,global,discrete,432,216.385,0,context_version_changed_at_publish,18.597462214529514,6.642273627221584,77.0
10,readset,continuous,433,216.708,0,read_set_version_changed_at_gate,25.24979505687952,9.018705692142248,77.0
10,readset,discrete,434,217.027,1,published_after_gate_recheck,18.64261692389846,6.563357077538967,77.0
10,readset,discrete,435,217.918,1,published_after_gate_recheck,19.828028045594692,4.573107231408358,77.0
10,global,continuous,436,218.017,0,context_version_changed_at_publish,17.58730039000511,5.814013071358204,77.0
10,global,continuous,437,218.65,1,published_after_gate_recheck,18.255050759762526,4.546036943793297,77.0
10,readset,discrete,438,219.229,1,published_after_gate_recheck,14.647552277892828,4.09957068040967,77.0
10,global,continuous,439,219.897,0,context_version_changed_at_publish,17.420717980712652,6.21945271268487,77.0
10,global,discrete,440,220.394,0,context_version_changed_at_publish,19.870668184012175,7.799903862178326,77.0
10,predicate,continuous,441,220.881,1,published_after_gate_recheck,17.62482989579439,5.273871123790741,77.0
10,predicate,continuous,442,221.271,1,published_after_gate_recheck,23.53104529902339,9.762730915099382,77.0
10,predicate,continuous,443,221.748,1,published_after_gate_recheck,20.7542828284204,4.666442982852459,77.0
10,global,continuous,444,222.195,1,published_after_gate_recheck,17.426437698304653,4.7722808085381985,77.0
10,global,discrete,445,222.777,1,published_after_gate_recheck,23.149840999394655,4.967446904629469,77.0
10,predicate,discrete,446,223.068,1,published_after_gate_recheck,16.0328671336174,4.537892062216997,77.0
10,predicate,continuous,447,223.604,1,published_after_gate_recheck,21.494570188224316,7.558029610663652,77.0
10,global,continuous,448,224.275,0,context_version_changed_at_publish,17.812931910157204,6.735488772392273,77.0
10,global,continuous,449,224.521,1,published_after_gate_recheck,17.475510016083717,4.77282190695405,77.0
10,readset,continuous,450,225.226,1,published_after_gate_recheck,17.904503736644983,4.4765956699848175,77.0
10,readset,discrete,451,225.848,1,published_after_gate_recheck,17.705011181533337,4.469023086130619,77.0
10,predicate,discrete,452,226.496,1,published_after_gate_recheck,23.769583087414503,4.972115159034729,77.0
10,predicate,continuous,453,226.727,1,published_after_gate_recheck,16.224627383053303,4.5433021150529385,77.0
10,readset,continuous,454,227.35,1,published_after_gate_recheck,15.709472354501486,4.119228105992079,77.0
10,global,continuous,455,227.514,0,context_version_changed_at_publish,22.136643063277006,7.17418035492301,77.0
10,readset,discrete,456,228.244,1,published_after_gate_recheck,20.619611255824566,7.625586818903685,77.0
10,global,discrete,457,228.536,1,published_after_gate_recheck,20.280364900827408,5.617924965918064,77.0
10,global,discrete,458,229.463,0,context_version_changed_at_publish,19.683768041431904,7.832113187760115,77.0
10,readset,discrete,459,229.591,1,published_after_gate_recheck,17.98205031082034,4.619143903255463,77.0
10,predicate,continuous,460,230.143,1,published_after_gate_recheck,19.36234487220645,7.6538389548659325,77.0
10,global,continuous,461,230.737,1,published_after_gate_recheck,19.88154835999012,4.350271075963974,77.0
10,readset,discrete,462,231.136,1,published_after_gate_recheck,20.80506831407547,4.380236845463514,77.0
10,global,discrete,463,231.758,1,published_after_gate_recheck,15.714471228420734,4.461569245904684,77.0
10,predicate,discrete,464,232.15,1,published_after_gate_recheck,19.359138794243336,5.251128226518631,77.0
10,predicate,discrete,465,232.791,1,published_after_gate_recheck,15.856116078794003,4.4967541471123695,77.0
10,predicate,discrete,466,233.306,1,published_after_gate_recheck,19.350452814251184,6.993022281676531,77.0
10,global,continuous,467,233.979,1,published_after_gate_recheck,16.837103758007288,4.509950056672096,77.0
10,predicate,discrete,468,234.088,1,published_after_gate_recheck,19.95120896026492,4.470034968107939,77.0
10,readset,continuous,469,234.607,1,published_after_gate_recheck,20.41569910943508,4.188416991382837,77.0
10,readset,continuous,470,235.195,1,published_after_gate_recheck,18.015591893345118,4.797398112714291,77.0
10,predicate,discrete,471,235.99,1,published_after_gate_recheck,17.282760236412287,4.172066692262888,77.0
10,predicate,discrete,472,236.033,1,published_after_gate_recheck,14.97851312160492,4.334400873631239,77.0
10,global,discrete,473,236.57,1,published_after_gate_recheck,16.352095175534487,3.9863893762230873,77.0
10,predicate,discrete,474,237.498,1,published_after_gate_recheck,20.032551139593124,4.68385498970747,77.0
10,predicate,continuous,475,237.73,1,published_after_gate_recheck,15.904938336461782,4.506602883338928,77.0
10,predicate,continuous,476,238.494,1,published_after_gate_recheck,19.263459835201502,6.739286240190268,77.0
10,global,discrete,477,238.802,0,context_version_changed_at_publish,21.6703899204731,7.86565663293004,77.0
10,global,discrete,478,239.026,0,context_version_changed_at_publish,17.808212898671627,6.182934157550335,77.0
10,predicate,discrete,479,239.856,1,published_after_gate_recheck,18.380235880613327,6.070082075893879,77.0
10,readset,continuous,480,240.347,1,published_after_gate_recheck,16.588769853115082,4.786828067153692,77.0
10,readset,discrete,481,240.537,1,published_after_gate_recheck,16.353077720850706,4.264680203050375,77.0
10,predicate,discrete,482,241.419,1,published_after_gate_recheck,18.650883343070745,4.570562858134508,77.0
10,global,continuous,483,241.613,0,context_version_changed_at_publish,20.808584988117218,9.042972233146429,77.0
10,readset,continuous,484,242.394,0,read_set_version_changed_at_gate,18.56861775740981,6.667361129075289,77.0
10,readset,discrete,485,242.505,1,published_after_gate_recheck,14.915262814611197,3.904575016349554,77.0
10,readset,continuous,486,243.122,1,published_after_gate_recheck,17.080530989915133,4.281681962311268,77.0
10,global,discrete,487,243.939,1,published_after_gate_recheck,15.98262321203947,4.208013880997896,77.0
10,predicate,discrete,488,244.468,1,published_after_gate_recheck,16.146591398864985,4.158530849963427,77.0
10,predicate,discrete,489,244.697,1,published_after_gate_recheck,17.695132177323103,5.864616949111223,77.0
10,global,discrete,490,245.122,1,published_after_gate_recheck,16.979049891233444,4.504519049078226,77.0
10,predicate,continuous,491,245.619,1,published_after_gate_recheck,17.287378199398518,3.8175820372998714,77.0
10,readset,discrete,492,246.496,1,published_after_gate_recheck,21.895250771194696,4.868610762059689,77.0
10,global,continuous,493,246.569,1,published_after_gate_recheck,15.052160248160362,4.266614094376564,77.0
10,readset,discrete,494,247.158,1,published_after_gate_recheck,15.89748403057456,4.146137740463018,77.0
10,global,continuous,495,247.815,1,published_after_gate_recheck,16.86385413631797,4.622029140591621,77.0
10,global,discrete,496,248.342,1,published_after_gate_recheck,16.739271115511656,4.593496210873127,77.0
10,predicate,discrete,497,248.763,1,published_after_gate_recheck,20.344396121799946,7.734650745987892,77.0
10,readset,discrete,498,249.17,1,published_after_gate_recheck,23.47766514867544,8.464298211038113,77.0
10,predicate,continuous,499,249.84,1,published_after_gate_recheck,18.244641833007336,4.636787343770266,77.0
10,global,continuous,500,250.239,1,published_after_gate_recheck,17.332212068140507,4.203795921057463,77.0
10,readset,continuous,501,250.984,0,read_set_version_changed_at_gate,19.94067942723632,6.981940008699894,77.0
10,predicate,discrete,502,251.055,1,published_after_gate_recheck,20.71736427024007,8.210693020373583,77.0
10,global,discrete,503,251.949,1,published_after_gate_recheck,19.80214985087514,4.959060810506344,77.0
10,readset,continuous,504,252.006,1,published_after_gate_recheck,16.094553284347057,4.603524226695299,77.0
10,global,continuous,505,252.835,0,context_version_changed_at_publish,19.250086043030024,6.859961897134781,77.0
10,readset,continuous,506,253.328,1,published_after_gate_recheck,20.400179084390402,4.345942288637161,77.0
10,global,discrete,507,253.525,0,context_version_changed_at_publish,19.285630900412798,6.1147259548306465,77.0
10,global,discrete,508,254.446,0,context_version_changed_at_publish,18.79459200426936,5.977068096399307,77.0
10,global,discrete,509,254.993,0,context_version_changed_at_publish,20.551112946122885,9.155082050710917,77.0
10,predicate,continuous,510,255.363,1,published_after_gate_recheck,19.940828904509544,9.068400133401155,77.0
10,readset,discrete,511,255.949,1,published_after_gate_recheck,20.233157090842724,4.732937086373568,77.0
10,predicate,continuous,512,256.118,1,published_after_gate_recheck,23.3157011680305,6.908403243869543,77.0
10,readset,continuous,513,256.501,1,published_after_gate_recheck,16.95767091587186,4.210237879306078,77.0
10,readset,discrete,514,257.3,1,published_after_gate_recheck,19.042036030441523,5.079527385532856,77.0
10,readset,discrete,515,257.512,1,published_after_gate_recheck,21.825170144438744,9.20844217762351,77.0
10,readset,discrete,516,258.177,1,published_after_gate_recheck,20.177010912448168,4.690777976065874,77.0
10,readset,discrete,517,258.594,1,published_after_gate_recheck,19.519370049238205,7.071247790008783,77.0
10,readset,discrete,518,259.366,1,published_after_gate_recheck,18.39017402380705,6.296306382864714,77.0
10,readset,discrete,519,259.907,1,published_after_gate_recheck,21.985379047691822,4.888297989964485,77.0
10,predicate,continuous,520,260.086,1,published_after_gate_recheck,18.66710325703025,6.89284410327673,77.0
10,global,discrete,521,260.77,1,published_after_gate_recheck,20.523520652204752,4.772872198373079,77.0
10,predicate,continuous,522,261.094,1,published_after_gate_recheck,20.20085696130991,7.797457743436098,77.0
10,global,discrete,523,261.988,1,published_after_gate_recheck,19.4305838085711,4.038315266370773,77.0
10,readset,continuous,524,262.264,0,read_set_version_changed_at_gate,19.369148183614016,6.961492355912924,77.0
10,predicate,continuous,525,262.658,1,published_after_gate_recheck,19.71137896180153,4.818527027964592,77.0
10,global,discrete,526,263.062,1,published_after_gate_recheck,17.00475811958313,4.453402943909168,77.0
10,readset,continuous,527,263.587,1,published_after_gate_recheck,18.006885889917612,5.88123919442296,77.0
10,predicate,continuous,528,264.155,1,published_after_gate_recheck,18.226988147944212,6.098304875195026,77.0
10,readset,continuous,529,264.963,0,read_set_version_changed_at_gate,20.057728048413992,8.260245900601149,77.0
10,readset,continuous,530,265.062,1,published_after_gate_recheck,15.5337518081069,4.191041924059391,77.0
10,readset,continuous,531,265.717,0,read_set_version_changed_at_gate,27.45015686377883,9.734327904880047,77.0
10,global,discrete,532,266.495,0,context_version_changed_at_publish,18.963207956403494,6.985708139836788,77.0
10,predicate,discrete,533,266.539,1,published_after_gate_recheck,18.551326356828213,4.263898823410273,77.0
10,readset,continuous,534,267.09,1,published_after_gate_recheck,18.942078109830618,4.8345583491027355,77.0
10,predicate,continuous,535,267.899,1,published_after_gate_recheck,18.751501105725765,4.308582283556461,77.0
10,predicate,discrete,536,268.133,1,published_after_gate_recheck,19.875105936080217,8.559015113860369,77.0
10,predicate,discrete,537,268.962,1,published_after_gate_recheck,22.5481940433383,9.780744090676308,77.0
10,readset,discrete,538,269.407,1,published_after_gate_recheck,20.460032392293215,7.04007875174284,77.0
10,global,continuous,539,269.951,1,published_after_gate_recheck,15.820309054106474,4.094971809536219,77.0
10,global,discrete,540,270.301,0,context_version_changed_at_publish,22.339463233947754,8.025716990232468,77.0
10,readset,continuous,541,270.947,1,published_after_gate_recheck,20.059982780367136,4.702089820057154,77.0
10,global,discrete,542,271.331,1,published_after_gate_recheck,16.341475769877434,4.452611785382032,77.0
10,predicate,continuous,543,271.626,1,published_after_gate_recheck,18.281240016222,4.982144106179476,77.0
10,readset,continuous,544,272.032,1,published_after_gate_recheck,15.956925228238106,4.215416964143515,77.0
10,predicate,continuous,545,272.797,1,published_after_gate_recheck,21.58603211864829,4.384905099868774,77.0
10,predicate,discrete,546,273.151,1,published_after_gate_recheck,17.240529879927635,4.812667146325111,77.0
10,global,discrete,547,273.675,0,context_version_changed_at_publish,17.299842089414597,5.710549186915159,77.0
10,global,continuous,548,274.314,1,published_after_gate_recheck,17.114332877099514,4.843724891543388,77.0
10,global,discrete,549,274.642,1,published_after_gate_recheck,16.20216527953744,4.452340770512819,77.0
10,global,discrete,550,275.109,1,published_after_gate_recheck,18.09730613604188,4.381779581308365,77.0
10,global,continuous,551,275.996,0,context_version_changed_at_publish,19.428430125117302,6.932388059794903,77.0
10,global,continuous,552,276.164,0,context_version_changed_at_publish,20.038822665810585,7.536720018833876,77.0
10,predicate,continuous,553,276.67,1,published_after_gate_recheck,16.938223969191313,4.145597107708454,77.0
10,readset,continuous,554,277.165,0,read_set_version_changed_at_gate,18.10386823490262,6.854642182588577,77.0
10,predicate,continuous,555,277.813,1,published_after_gate_recheck,14.994612894952297,4.035630729049444,77.0
10,predicate,discrete,556,278.324,1,published_after_gate_recheck,19.117497373372316,7.2761420160532,77.0
10,predicate,continuous,557,278.77,1,published_after_gate_recheck,24.283534847199917,10.107126086950302,77.0
10,readset,continuous,558,279.343,1,published_after_gate_recheck,16.067872755229473,4.811443854123354,77.0
10,readset,discrete,559,279.559,1,published_after_gate_recheck,19.507366698235273,4.262105096131563,77.0
10,readset,discrete,560,280.256,1,published_after_gate_recheck,16.01614709943533,4.430229775607586,77.0
10,readset,continuous,561,280.866,0,read_set_version_changed_at_gate,18.531970214098692,6.797285284847021,77.0
10,predicate,discrete,562,281.136,1,published_after_gate_recheck,15.70717804133892,4.244752693921328,77.0
10,predicate,discrete,563,281.562,1,published_after_gate_recheck,15.524545684456825,4.345641937106848,77.0
10,global,continuous,564,282.034,0,context_version_changed_at_publish,19.341114908456802,6.901069078594446,77.0
10,readset,continuous,565,282.848,0,read_set_version_changed_at_gate,25.116354692727327,8.679641876369715,77.0
10,readset,discrete,566,283.496,1,published_after_gate_recheck,17.961922101676464,6.185970269143581,77.0
10,predicate,continuous,567,283.895,1,published_after_gate_recheck,18.67520809173584,7.106494158506393,77.0
10,global,discrete,568,284.195,1,published_after_gate_recheck,14.779869932681322,3.6833910271525383,77.0
10,global,discrete,569,284.798,1,published_after_gate_recheck,21.247326862066984,4.520038142800331,77.0
10,global,discrete,570,285.026,0,context_version_changed_at_publish,18.693021032959223,6.581760942935944,77.0
10,global,continuous,571,285.68,0,context_version_changed_at_publish,24.1162721067667,10.132904164493084,77.0
10,predicate,continuous,572,286.297,1,published_after_gate_recheck,21.493398118764162,4.627659916877747,77.0
10,predicate,continuous,573,286.653,1,published_after_gate_recheck,20.67963406443596,9.356389287859201,77.0
10,readset,continuous,574,287.357,0,read_set_version_changed_at_gate,24.598115123808384,7.550496142357588,77.0
10,readset,discrete,575,287.999,1,published_after_gate_recheck,19.294108264148235,4.425250925123692,77.0
10,global,discrete,576,288.23,1,published_after_gate_recheck,17.18650897964835,5.153315141797066,77.0
10,predicate,continuous,577,288.757,1,published_after_gate_recheck,16.35740604251623,4.4803740456700325,77.0
10,global,discrete,578,289.274,0,context_version_changed_at_publish,19.29528033360839,8.507339283823967,77.0
10,readset,discrete,579,289.64,1,published_after_gate_recheck,15.484380070120096,4.2136539705097675,77.0
10,predicate,continuous,580,290.453,1,published_after_gate_recheck,20.94355784356594,9.069462306797504,77.0
10,predicate,discrete,581,290.916,1,published_after_gate_recheck,18.79906002432108,6.95929815992713,77.0
10,global,continuous,582,291.068,1,published_after_gate_recheck,14.90999385714531,4.0056039579212666,77.0
10,readset,continuous,583,291.911,1,published_after_gate_recheck,17.885709181427956,4.864302929490805,77.0
10,global,continuous,584,292.356,0,context_version_changed_at_publish,18.794501200318336,6.724859122186899,77.0
10,readset,discrete,585,292.912,1,published_after_gate_recheck,17.526034731417894,4.823856987059116,77.0
10,predicate,discrete,586,293.146,1,published_after_gate_recheck,19.400497432798147,6.577692925930023,77.0
10,readset,discrete,587,293.54,1,published_after_gate_recheck,22.730235010385513,8.132937364280224,77.0
10,readset,discrete,588,294.433,1,published_after_gate_recheck,19.630588125437498,7.8224362805485725,77.0
10,readset,continuous,589,294.563,1,published_after_gate_recheck,18.256353214383125,4.93474630638957,77.0
10,global,continuous,590,295.049,0,context_version_changed_at_publish,24.006076157093048,9.174578823149204,77.0
10,global,discrete,591,295.861,1,published_after_gate_recheck,15.54565504193306,4.257244989275932,77.0
10,readset,continuous,592,296.165,0,read_set_version_changed_at_gate,18.94922088831663,6.713508162647486,77.0
10,predicate,continuous,593,296.9,1,published_after_gate_recheck,23.358632810413837,8.995243348181248,77.0
10,predicate,discrete,594,297.438,1,published_after_gate_recheck,20.931756123900414,4.515680018812418,77.0
10,global,continuous,595,297.815,1,published_after_gate_recheck,15.825558919459581,4.220135975629091,77.0
10,global,continuous,596,298.082,1,published_after_gate_recheck,17.178212758153677,4.515369888395071,77.0
10,predicate,continuous,597,298.756,1,published_after_gate_recheck,16.304186079651117,4.487397149205208,77.0
10,predicate,discrete,598,299.085,1,published_after_gate_recheck,18.979417625814676,6.770565174520016,77.0
10,predicate,discrete,599,299.833,1,published_after_gate_recheck,20.58270201086998,8.763418067246675,77.0
