version_scope,pattern,target_rate_hz,run,gateway_released,outcome,reason,e2e_latency_ms,validation_to_gate_ms,achieved_rate_hz,goodput_ips
global,unrelated,0,0,1,EXECUTE,published_after_gate_recheck,16.626549884676933,4.404101986438036,0.0,62.221064065559105
global,unrelated,0,1,1,EXECUTE,published_after_gate_recheck,15.576450154185295,4.571906290948391,0.0,62.221064065559105
global,unrelated,0,2,1,EXECUTE,published_after_gate_recheck,15.555831138044596,4.418449010699987,0.0,62.221064065559105
global,unrelated,0,3,1,EXECUTE,published_after_gate_recheck,15.424573794007301,4.283394664525986,0.0,62.221064065559105
global,unrelated,0,4,1,EXECUTE,published_after_gate_recheck,15.324748121201992,4.536308813840151,0.0,62.221064065559105
global,unrelated,0,5,1,EXECUTE,published_after_gate_recheck,16.20307471603155,5.058730021119118,0.0,62.221064065559105
global,unrelated,0,6,1,EXECUTE,published_after_gate_recheck,14.316737186163664,4.088008776307106,0.0,62.221064065559105
global,unrelated,0,7,1,EXECUTE,published_after_gate_recheck,16.50391984730959,4.6126930974423885,0.0,62.221064065559105
global,unrelated,0,8,1,EXECUTE,published_after_gate_recheck,15.86706517264247,4.4302199967205524,0.0,62.221064065559105
global,unrelated,0,9,1,EXECUTE,published_after_gate_recheck,15.03429189324379,4.198625683784485,0.0,62.221064065559105
global,unrelated,0,10,1,EXECUTE,published_after_gate_recheck,16.313693020492792,4.170262720435858,0.0,62.221064065559105
global,unrelated,0,11,1,EXECUTE,published_after_gate_recheck,15.756548382341862,3.9421552792191505,0.0,62.221064065559105
global,unrelated,0,12,1,EXECUTE,published_after_gate_recheck,15.401390846818686,4.399443045258522,0.0,62.221064065559105
global,unrelated,0,13,1,EXECUTE,published_after_gate_recheck,14.120177831500769,3.7113819271326065,0.0,62.221064065559105
global,unrelated,0,14,1,EXECUTE,published_after_gate_recheck,14.789042063057423,3.744794987142086,0.0,62.221064065559105
global,unrelated,0,15,1,EXECUTE,published_after_gate_recheck,15.747790690511465,3.844121005386114,0.0,62.221064065559105
global,unrelated,0,16,1,EXECUTE,published_after_gate_recheck,21.644312888383865,4.8972261138260365,0.0,62.221064065559105
global,unrelated,0,17,1,EXECUTE,published_after_gate_recheck,18.170565832406282,4.477860406041145,0.0,62.221064065559105
global,unrelated,0,18,1,EXECUTE,published_after_gate_recheck,20.369851030409336,4.467701073735952,0.0,62.221064065559105
global,unrelated,0,19,1,EXECUTE,published_after_gate_recheck,19.48723616078496,5.928871687501669,0.0,62.221064065559105
global,unrelated,0,20,1,EXECUTE,published_after_gate_recheck,18.36090302094817,4.498698748648167,0.0,62.221064065559105
global,unrelated,0,21,1,EXECUTE,published_after_gate_recheck,15.34811221063137,3.949889913201332,0.0,62.221064065559105
global,unrelated,0,22,1,EXECUTE,published_after_gate_recheck,15.268783085048199,4.313090816140175,0.0,62.221064065559105
global,unrelated,0,23,1,EXECUTE,published_after_gate_recheck,14.967116992920637,4.650074057281017,0.0,62.221064065559105
global,unrelated,0,24,1,EXECUTE,published_after_gate_recheck,17.545011825859547,4.499440081417561,0.0,62.221064065559105
global,unrelated,0,25,1,EXECUTE,published_after_gate_recheck,15.186347998678684,4.446370992809534,0.0,62.221064065559105
global,unrelated,0,26,1,EXECUTE,published_after_gate_recheck,15.447007026523352,4.465716890990734,0.0,62.221064065559105
global,unrelated,0,27,1,EXECUTE,published_after_gate_recheck,15.62955928966403,4.097506869584322,0.0,62.221064065559105
global,unrelated,0,28,1,EXECUTE,published_after_gate_recheck,15.91638708487153,4.668177105486393,0.0,62.221064065559105
global,unrelated,0,29,1,EXECUTE,published_after_gate_recheck,14.604426920413971,4.179880954325199,0.0,62.221064065559105
global,unrelated,0,30,1,EXECUTE,published_after_gate_recheck,15.48391580581665,4.230316262692213,0.0,62.221064065559105
global,unrelated,0,31,1,EXECUTE,published_after_gate_recheck,14.564101118594408,4.5142280869185925,0.0,62.221064065559105
global,unrelated,0,32,1,EXECUTE,published_after_gate_recheck,15.751549042761326,4.461640026420355,0.0,62.221064065559105
global,unrelated,0,33,1,EXECUTE,published_after_gate_recheck,14.717258047312498,4.224123898893595,0.0,62.221064065559105
global,unrelated,0,34,1,EXECUTE,published_after_gate_recheck,16.03981899097562,4.109629895538092,0.0,62.221064065559105
global,unrelated,0,35,1,EXECUTE,published_after_gate_recheck,15.018553007394075,4.274597857147455,0.0,62.221064065559105
global,unrelated,0,36,1,EXECUTE,published_after_gate_recheck,15.114943962544203,4.256514832377434,0.0,62.221064065559105
global,unrelated,0,37,1,EXECUTE,published_after_gate_recheck,20.315208937972784,5.274895112961531,0.0,62.221064065559105
global,unrelated,0,38,1,EXECUTE,published_after_gate_recheck,17.074340023100376,4.924356937408447,0.0,62.221064065559105
global,unrelated,0,39,1,EXECUTE,published_after_gate_recheck,16.09321916475892,4.371751099824905,0.0,62.221064065559105
global,unrelated,0,40,1,EXECUTE,published_after_gate_recheck,15.217395965009928,4.344048909842968,0.0,62.221064065559105
global,unrelated,0,41,1,EXECUTE,published_after_gate_recheck,16.347066033631563,4.593987949192524,0.0,62.221064065559105
global,unrelated,0,42,1,EXECUTE,published_after_gate_recheck,16.28848584368825,4.714374430477619,0.0,62.221064065559105
global,unrelated,0,43,1,EXECUTE,published_after_gate_recheck,15.125964302569628,4.214345011860132,0.0,62.221064065559105
global,unrelated,0,44,1,EXECUTE,published_after_gate_recheck,14.911753125488758,3.756056074053049,0.0,62.221064065559105
global,unrelated,0,45,1,EXECUTE,published_after_gate_recheck,15.153446700423956,4.4729807414114475,0.0,62.221064065559105
global,unrelated,0,46,1,EXECUTE,published_after_gate_recheck,15.467104967683554,4.015743266791105,0.0,62.221064065559105
global,unrelated,0,47,1,EXECUTE,published_after_gate_recheck,15.267780981957912,4.7793760895729065,0.0,62.221064065559105
global,unrelated,0,48,1,EXECUTE,published_after_gate_recheck,15.381944831460714,4.389113746583462,0.0,62.221064065559105
global,unrelated,0,49,1,EXECUTE,published_after_gate_recheck,15.520815271884203,4.464054014533758,0.0,62.221064065559105
global,unrelated,0,50,1,EXECUTE,published_after_gate_recheck,14.422895852476358,3.7199188955128193,0.0,62.221064065559105
global,unrelated,0,51,1,EXECUTE,published_after_gate_recheck,14.878180343657732,4.543954040855169,0.0,62.221064065559105
global,unrelated,0,52,1,EXECUTE,published_after_gate_recheck,15.167692676186562,4.145495593547821,0.0,62.221064065559105
global,unrelated,0,53,1,EXECUTE,published_after_gate_recheck,14.952378813177347,4.5271022245287895,0.0,62.221064065559105
global,unrelated,0,54,1,EXECUTE,published_after_gate_recheck,14.820843003690243,4.075875971466303,0.0,62.221064065559105
global,unrelated,0,55,1,EXECUTE,published_after_gate_recheck,15.059370081871748,4.1761137545108795,0.0,62.221064065559105
global,unrelated,0,56,1,EXECUTE,published_after_gate_recheck,15.67602576687932,4.5822057873010635,0.0,62.221064065559105
global,unrelated,0,57,1,EXECUTE,published_after_gate_recheck,15.232785139232874,4.483410157263279,0.0,62.221064065559105
global,unrelated,0,58,1,EXECUTE,published_after_gate_recheck,15.413644723594189,4.471538122743368,0.0,62.221064065559105
global,unrelated,0,59,1,EXECUTE,published_after_gate_recheck,15.311982948333025,4.262926988303661,0.0,62.221064065559105
global,unrelated,0,60,1,EXECUTE,published_after_gate_recheck,15.519572887569666,4.21542814001441,0.0,62.221064065559105
global,unrelated,0,61,1,EXECUTE,published_after_gate_recheck,15.611165203154087,4.726166371256113,0.0,62.221064065559105
global,unrelated,0,62,1,EXECUTE,published_after_gate_recheck,14.581192750483751,4.079953767359257,0.0,62.221064065559105
global,unrelated,0,63,1,EXECUTE,published_after_gate_recheck,16.662877053022385,4.68235369771719,0.0,62.221064065559105
global,unrelated,0,64,1,EXECUTE,published_after_gate_recheck,15.27053490281105,4.074352793395519,0.0,62.221064065559105
global,unrelated,0,65,1,EXECUTE,published_after_gate_recheck,15.70811728015542,4.205538891255856,0.0,62.221064065559105
global,unrelated,0,66,1,EXECUTE,published_after_gate_recheck,15.710000414401293,4.647106863558292,0.0,62.221064065559105
global,unrelated,0,67,1,EXECUTE,published_after_gate_recheck,14.23546439036727,3.7851608358323574,0.0,62.221064065559105
global,unrelated,0,68,1,EXECUTE,published_after_gate_recheck,16.909770667552948,4.98893903568387,0.0,62.221064065559105
global,unrelated,0,69,1,EXECUTE,published_after_gate_recheck,14.69557685777545,4.398270044475794,0.0,62.221064065559105
global,unrelated,0,70,1,EXECUTE,published_after_gate_recheck,14.3355717882514,4.06879186630249,0.0,62.221064065559105
global,unrelated,0,71,1,EXECUTE,published_after_gate_recheck,15.417901799082756,4.733849782496691,0.0,62.221064065559105
global,unrelated,0,72,1,EXECUTE,published_after_gate_recheck,15.607727691531181,4.27620206028223,0.0,62.221064065559105
global,unrelated,0,73,1,EXECUTE,published_after_gate_recheck,14.31070500984788,3.849421162158251,0.0,62.221064065559105
global,unrelated,0,74,1,EXECUTE,published_after_gate_recheck,15.26352297514677,4.451160319149494,0.0,62.221064065559105
global,unrelated,0,75,1,EXECUTE,published_after_gate_recheck,15.347690787166357,4.0175761096179485,0.0,62.221064065559105
global,unrelated,0,76,1,EXECUTE,published_after_gate_recheck,14.51842486858368,4.416715353727341,0.0,62.221064065559105
global,unrelated,0,77,1,EXECUTE,published_after_gate_recheck,14.280559029430151,4.4159432873129845,0.0,62.221064065559105
global,unrelated,0,78,1,EXECUTE,published_after_gate_recheck,15.568574890494347,4.044376779347658,0.0,62.221064065559105
global,unrelated,0,79,1,EXECUTE,published_after_gate_recheck,23.847525008022785,5.427952390164137,0.0,62.221064065559105
global,unrelated,0,80,1,EXECUTE,published_after_gate_recheck,15.403274912387133,3.913882188498974,0.0,62.221064065559105
global,unrelated,0,81,1,EXECUTE,published_after_gate_recheck,14.718590769916773,4.2547620832920074,0.0,62.221064065559105
global,unrelated,0,82,1,EXECUTE,published_after_gate_recheck,15.397943556308746,4.003529902547598,0.0,62.221064065559105
global,unrelated,0,83,1,EXECUTE,published_after_gate_recheck,14.340260066092014,4.008609801530838,0.0,62.221064065559105
global,unrelated,0,84,1,EXECUTE,published_after_gate_recheck,14.367752242833376,4.291460383683443,0.0,62.221064065559105
global,unrelated,0,85,1,EXECUTE,published_after_gate_recheck,14.337374828755856,4.08808933570981,0.0,62.221064065559105
global,unrelated,0,86,1,EXECUTE,published_after_gate_recheck,16.2434009835124,3.7532211281359196,0.0,62.221064065559105
global,unrelated,0,87,1,EXECUTE,published_after_gate_recheck,16.4938410744071,5.3183757700026035,0.0,62.221064065559105
global,unrelated,0,88,1,EXECUTE,published_after_gate_recheck,16.195850912481546,4.6215299516916275,0.0,62.221064065559105
global,unrelated,0,89,1,EXECUTE,published_after_gate_recheck,16.991042997688055,4.843315109610558,0.0,62.221064065559105
global,unrelated,0,90,1,EXECUTE,published_after_gate_recheck,16.32799906656146,4.588788375258446,0.0,62.221064065559105
global,unrelated,0,91,1,EXECUTE,published_after_gate_recheck,17.664586659520864,4.51214425265789,0.0,62.221064065559105
global,unrelated,0,92,1,EXECUTE,published_after_gate_recheck,20.7712952978909,7.307186722755432,0.0,62.221064065559105
global,unrelated,0,93,1,EXECUTE,published_after_gate_recheck,17.69573614001274,5.24488789960742,0.0,62.221064065559105
global,unrelated,0,94,1,EXECUTE,published_after_gate_recheck,20.739974919706583,4.716937895864248,0.0,62.221064065559105
global,unrelated,0,95,1,EXECUTE,published_after_gate_recheck,18.91433075070381,5.023623816668987,0.0,62.221064065559105
global,unrelated,0,96,1,EXECUTE,published_after_gate_recheck,17.822733614593744,5.718737840652466,0.0,62.221064065559105
global,unrelated,0,97,1,EXECUTE,published_after_gate_recheck,17.20371190458536,4.517104011029005,0.0,62.221064065559105
global,unrelated,0,98,1,EXECUTE,published_after_gate_recheck,15.850402880460024,4.381860140711069,0.0,62.221064065559105
global,unrelated,0,99,1,EXECUTE,published_after_gate_recheck,16.315536107867956,4.272404592484236,0.0,62.221064065559105
readset,unrelated,0,0,1,EXECUTE,published_after_gate_recheck,14.970964286476374,4.0820580907166,0.0,63.55411955370076
readset,unrelated,0,1,1,EXECUTE,published_after_gate_recheck,14.219664968550205,4.1909716092050076,0.0,63.55411955370076
readset,unrelated,0,2,1,EXECUTE,published_after_gate_recheck,15.081561170518398,4.451901186257601,0.0,63.55411955370076
readset,unrelated,0,3,1,EXECUTE,published_after_gate_recheck,14.47860011830926,4.460568074136972,0.0,63.55411955370076
readset,unrelated,0,4,1,EXECUTE,published_after_gate_recheck,14.538902789354324,4.071197006851435,0.0,63.55411955370076
readset,unrelated,0,5,1,EXECUTE,published_after_gate_recheck,14.349407982081175,4.055487923324108,0.0,63.55411955370076
readset,unrelated,0,6,1,EXECUTE,published_after_gate_recheck,16.623723786324263,4.142330959439278,0.0,63.55411955370076
readset,unrelated,0,7,1,EXECUTE,published_after_gate_recheck,14.804190956056118,4.02014097198844,0.0,63.55411955370076
readset,unrelated,0,8,1,EXECUTE,published_after_gate_recheck,16.358647029846907,4.974712152034044,0.0,63.55411955370076
readset,unrelated,0,9,1,EXECUTE,published_after_gate_recheck,16.64907205849886,3.9570629596710205,0.0,63.55411955370076
readset,unrelated,0,10,1,EXECUTE,published_after_gate_recheck,17.973507288843393,5.016660783439875,0.0,63.55411955370076
readset,unrelated,0,11,1,EXECUTE,published_after_gate_recheck,18.306890968233347,4.578497726470232,0.0,63.55411955370076
readset,unrelated,0,12,1,EXECUTE,published_after_gate_recheck,16.347295604646206,4.328079987317324,0.0,63.55411955370076
readset,unrelated,0,13,1,EXECUTE,published_after_gate_recheck,16.10058220103383,4.2176321148872375,0.0,63.55411955370076
readset,unrelated,0,14,1,EXECUTE,published_after_gate_recheck,16.13662112504244,4.582996945828199,0.0,63.55411955370076
readset,unrelated,0,15,1,EXECUTE,published_after_gate_recheck,15.74430475011468,4.566535819321871,0.0,63.55411955370076
readset,unrelated,0,16,1,EXECUTE,published_after_gate_recheck,15.724337194114923,4.5012240298092365,0.0,63.55411955370076
readset,unrelated,0,17,1,EXECUTE,published_after_gate_recheck,15.444652177393436,4.5511978678405285,0.0,63.55411955370076
readset,unrelated,0,18,1,EXECUTE,published_after_gate_recheck,15.894015785306692,4.1252183727920055,0.0,63.55411955370076
readset,unrelated,0,19,1,EXECUTE,published_after_gate_recheck,15.571481082588434,4.12552896887064,0.0,63.55411955370076
readset,unrelated,0,20,1,EXECUTE,published_after_gate_recheck,14.868181198835373,3.9907461032271385,0.0,63.55411955370076
readset,unrelated,0,21,1,EXECUTE,published_after_gate_recheck,14.52259300276637,4.385387059301138,0.0,63.55411955370076
readset,unrelated,0,22,1,EXECUTE,published_after_gate_recheck,14.244910795241594,4.220617935061455,0.0,63.55411955370076
readset,unrelated,0,23,1,EXECUTE,published_after_gate_recheck,14.62802104651928,3.8779242895543575,0.0,63.55411955370076
readset,unrelated,0,24,1,EXECUTE,published_after_gate_recheck,18.252810928970575,4.363535903394222,0.0,63.55411955370076
readset,unrelated,0,25,1,EXECUTE,published_after_gate_recheck,17.230643425136805,4.875635728240013,0.0,63.55411955370076
readset,unrelated,0,26,1,EXECUTE,published_after_gate_recheck,16.791227739304304,4.4872877188026905,0.0,63.55411955370076
readset,unrelated,0,27,1,EXECUTE,published_after_gate_recheck,16.24989276751876,4.415242001414299,0.0,63.55411955370076
readset,unrelated,0,28,1,EXECUTE,published_after_gate_recheck,14.880153816193342,4.335192963480949,0.0,63.55411955370076
readset,unrelated,0,29,1,EXECUTE,published_after_gate_recheck,15.442457981407642,4.492007195949554,0.0,63.55411955370076
readset,unrelated,0,30,1,EXECUTE,published_after_gate_recheck,15.003303997218609,4.094430711120367,0.0,63.55411955370076
readset,unrelated,0,31,1,EXECUTE,published_after_gate_recheck,17.649638932198286,7.048462051898241,0.0,63.55411955370076
readset,unrelated,0,32,1,EXECUTE,published_after_gate_recheck,16.252707690000534,4.360871389508247,0.0,63.55411955370076
readset,unrelated,0,33,1,EXECUTE,published_after_gate_recheck,16.67610229924321,4.051319323480129,0.0,63.55411955370076
readset,unrelated,0,34,1,EXECUTE,published_after_gate_recheck,16.00924087688327,4.328410141170025,0.0,63.55411955370076
readset,unrelated,0,35,1,EXECUTE,published_after_gate_recheck,15.095808077603579,4.531110171228647,0.0,63.55411955370076
readset,unrelated,0,36,1,EXECUTE,published_after_gate_recheck,18.204099033027887,4.092095885425806,0.0,63.55411955370076
readset,unrelated,0,37,1,EXECUTE,published_after_gate_recheck,15.243995934724808,4.217401146888733,0.0,63.55411955370076
readset,unrelated,0,38,1,EXECUTE,published_after_gate_recheck,15.554277691990137,4.466929007321596,0.0,63.55411955370076
readset,unrelated,0,39,1,EXECUTE,published_after_gate_recheck,16.08475297689438,5.068027414381504,0.0,63.55411955370076
readset,unrelated,0,40,1,EXECUTE,published_after_gate_recheck,16.060838010162115,4.727597814053297,0.0,63.55411955370076
readset,unrelated,0,41,1,EXECUTE,published_after_gate_recheck,15.42752981185913,4.400243982672691,0.0,63.55411955370076
readset,unrelated,0,42,1,EXECUTE,published_after_gate_recheck,16.84868661686778,4.079774022102356,0.0,63.55411955370076
readset,unrelated,0,43,1,EXECUTE,published_after_gate_recheck,15.172561630606651,4.384995903819799,0.0,63.55411955370076
readset,unrelated,0,44,1,EXECUTE,published_after_gate_recheck,17.881193198263645,4.2730458080768585,0.0,63.55411955370076
readset,unrelated,0,45,1,EXECUTE,published_after_gate_recheck,15.187721233814955,3.7910621613264084,0.0,63.55411955370076
readset,unrelated,0,46,1,EXECUTE,published_after_gate_recheck,15.95904678106308,4.536019172519445,0.0,63.55411955370076
readset,unrelated,0,47,1,EXECUTE,published_after_gate_recheck,16.93445723503828,4.341725260019302,0.0,63.55411955370076
readset,unrelated,0,48,1,EXECUTE,published_after_gate_recheck,17.479008994996548,6.054556928575039,0.0,63.55411955370076
readset,unrelated,0,49,1,EXECUTE,published_after_gate_recheck,15.201415866613388,4.212632309645414,0.0,63.55411955370076
readset,unrelated,0,50,1,EXECUTE,published_after_gate_recheck,19.713080022484064,4.401616752147675,0.0,63.55411955370076
readset,unrelated,0,51,1,EXECUTE,published_after_gate_recheck,16.490553971379995,4.744821228086948,0.0,63.55411955370076
readset,unrelated,0,52,1,EXECUTE,published_after_gate_recheck,17.1357449144125,4.055327735841274,0.0,63.55411955370076
readset,unrelated,0,53,1,EXECUTE,published_after_gate_recheck,16.901886090636253,4.346312955021858,0.0,63.55411955370076
readset,unrelated,0,54,1,EXECUTE,published_after_gate_recheck,15.714077278971672,4.118214827030897,0.0,63.55411955370076
readset,unrelated,0,55,1,EXECUTE,published_after_gate_recheck,14.769135043025017,4.266583826392889,0.0,63.55411955370076
readset,unrelated,0,56,1,EXECUTE,published_after_gate_recheck,17.544331029057503,4.703723825514317,0.0,63.55411955370076
readset,unrelated,0,57,1,EXECUTE,published_after_gate_recheck,15.277278609573841,4.030550830066204,0.0,63.55411955370076
readset,unrelated,0,58,1,EXECUTE,published_after_gate_recheck,16.41036383807659,4.498377908021212,0.0,63.55411955370076
readset,unrelated,0,59,1,EXECUTE,published_after_gate_recheck,15.490438789129257,4.400294274091721,0.0,63.55411955370076
readset,unrelated,0,60,1,EXECUTE,published_after_gate_recheck,15.671227127313614,4.7625042498111725,0.0,63.55411955370076
readset,unrelated,0,61,1,EXECUTE,published_after_gate_recheck,16.319904942065477,4.583847709000111,0.0,63.55411955370076
readset,unrelated,0,62,1,EXECUTE,published_after_gate_recheck,15.225030947476625,4.346183035522699,0.0,63.55411955370076
readset,unrelated,0,63,1,EXECUTE,published_after_gate_recheck,15.302815940231085,4.333890043199062,0.0,63.55411955370076
readset,unrelated,0,64,1,EXECUTE,published_after_gate_recheck,15.137585811316967,4.584820941090584,0.0,63.55411955370076
readset,unrelated,0,65,1,EXECUTE,published_after_gate_recheck,15.134671237319708,4.644050728529692,0.0,63.55411955370076
readset,unrelated,0,66,1,EXECUTE,published_after_gate_recheck,14.606370124965906,4.216338973492384,0.0,63.55411955370076
readset,unrelated,0,67,1,EXECUTE,published_after_gate_recheck,15.792886260896921,4.357063211500645,0.0,63.55411955370076
readset,unrelated,0,68,1,EXECUTE,published_after_gate_recheck,14.691330026835203,4.000253975391388,0.0,63.55411955370076
readset,unrelated,0,69,1,EXECUTE,published_after_gate_recheck,15.679784119129181,4.994450137019157,0.0,63.55411955370076
readset,unrelated,0,70,1,EXECUTE,published_after_gate_recheck,14.560865238308907,4.02884790673852,0.0,63.55411955370076
readset,unrelated,0,71,1,EXECUTE,published_after_gate_recheck,14.428967144340277,4.063783213496208,0.0,63.55411955370076
readset,unrelated,0,72,1,EXECUTE,published_after_gate_recheck,14.701458159834146,4.581204149872065,0.0,63.55411955370076
readset,unrelated,0,73,1,EXECUTE,published_after_gate_recheck,14.42786492407322,4.039065912365913,0.0,63.55411955370076
readset,unrelated,0,74,1,EXECUTE,published_after_gate_recheck,14.826502650976181,4.500071983784437,0.0,63.55411955370076
readset,unrelated,0,75,1,EXECUTE,published_after_gate_recheck,14.926740899682045,4.247377626597881,0.0,63.55411955370076
readset,unrelated,0,76,1,EXECUTE,published_after_gate_recheck,15.020737890154123,4.355610813945532,0.0,63.55411955370076
readset,unrelated,0,77,1,EXECUTE,published_after_gate_recheck,15.806841664016247,4.225576762109995,0.0,63.55411955370076
readset,unrelated,0,78,1,EXECUTE,published_after_gate_recheck,15.331850852817297,4.46335319429636,0.0,63.55411955370076
readset,unrelated,0,79,1,EXECUTE,published_after_gate_recheck,15.684673096984625,4.51344670727849,0.0,63.55411955370076
readset,unrelated,0,80,1,EXECUTE,published_after_gate_recheck,15.116897877305746,4.394704010337591,0.0,63.55411955370076
readset,unrelated,0,81,1,EXECUTE,published_after_gate_recheck,14.936820138245821,4.531609825789928,0.0,63.55411955370076
readset,unrelated,0,82,1,EXECUTE,published_after_gate_recheck,14.908636920154095,4.116622731089592,0.0,63.55411955370076
readset,unrelated,0,83,1,EXECUTE,published_after_gate_recheck,14.932510908693075,4.454996902495623,0.0,63.55411955370076
readset,unrelated,0,84,1,EXECUTE,published_after_gate_recheck,14.77503590285778,4.265973344445229,0.0,63.55411955370076
readset,unrelated,0,85,1,EXECUTE,published_after_gate_recheck,15.009576920419931,4.558200016617775,0.0,63.55411955370076
readset,unrelated,0,86,1,EXECUTE,published_after_gate_recheck,15.065019950270653,4.6140761114656925,0.0,63.55411955370076
readset,unrelated,0,87,1,EXECUTE,published_after_gate_recheck,15.962614212185144,4.547941032797098,0.0,63.55411955370076
readset,unrelated,0,88,1,EXECUTE,published_after_gate_recheck,14.70746984705329,4.113536793738604,0.0,63.55411955370076
readset,unrelated,0,89,1,EXECUTE,published_after_gate_recheck,15.139248687773943,4.013117868453264,0.0,63.55411955370076
readset,unrelated,0,90,1,EXECUTE,published_after_gate_recheck,15.426428988575935,4.4877189211547375,0.0,63.55411955370076
readset,unrelated,0,91,1,EXECUTE,published_after_gate_recheck,14.551387168467045,4.197634756565094,0.0,63.55411955370076
readset,unrelated,0,92,1,EXECUTE,published_after_gate_recheck,15.259385108947754,4.459796007722616,0.0,63.55411955370076
readset,unrelated,0,93,1,EXECUTE,published_after_gate_recheck,15.16050985082984,4.331015050411224,0.0,63.55411955370076
readset,unrelated,0,94,1,EXECUTE,published_after_gate_recheck,14.598494861274958,4.1718860156834126,0.0,63.55411955370076
readset,unrelated,0,95,1,EXECUTE,published_after_gate_recheck,15.494685620069504,4.659010097384453,0.0,63.55411955370076
readset,unrelated,0,96,1,EXECUTE,published_after_gate_recheck,14.810312073677778,4.317038226872683,0.0,63.55411955370076
readset,unrelated,0,97,1,EXECUTE,published_after_gate_recheck,14.853584114462137,4.228762816637754,0.0,63.55411955370076
readset,unrelated,0,98,1,EXECUTE,published_after_gate_recheck,15.342821832746267,3.6719278432428837,0.0,63.55411955370076
readset,unrelated,0,99,1,EXECUTE,published_after_gate_recheck,15.226554125547409,3.967682830989361,0.0,63.55411955370076
global,related_same,0,0,1,EXECUTE,published_after_gate_recheck,16.071677673608065,4.29553771391511,0.0,66.2760805260405
global,related_same,0,1,1,EXECUTE,published_after_gate_recheck,14.300236012786627,3.99854127317667,0.0,66.2760805260405
global,related_same,0,2,1,EXECUTE,published_after_gate_recheck,15.159517992287874,4.36893617734313,0.0,66.2760805260405
global,related_same,0,3,1,EXECUTE,published_after_gate_recheck,16.267145052552223,4.537252243608236,0.0,66.2760805260405
global,related_same,0,4,1,EXECUTE,published_after_gate_recheck,14.587956015020609,4.17112372815609,0.0,66.2760805260405
global,related_same,0,5,1,EXECUTE,published_after_gate_recheck,15.313456300646067,4.4959536753594875,0.0,66.2760805260405
global,related_same,0,6,1,EXECUTE,published_after_gate_recheck,15.079848002642393,4.161926917731762,0.0,66.2760805260405
global,related_same,0,7,1,EXECUTE,published_after_gate_recheck,13.902639970183372,3.860732074826956,0.0,66.2760805260405
global,related_same,0,8,1,EXECUTE,published_after_gate_recheck,14.01307713240385,3.9265253581106663,0.0,66.2760805260405
global,related_same,0,9,1,EXECUTE,published_after_gate_recheck,15.575557947158813,4.380025900900364,0.0,66.2760805260405
global,related_same,0,10,1,EXECUTE,published_after_gate_recheck,14.330682810395956,3.541393205523491,0.0,66.2760805260405
global,related_same,0,11,1,EXECUTE,published_after_gate_recheck,14.54932289198041,3.962772898375988,0.0,66.2760805260405
global,related_same,0,12,1,EXECUTE,published_after_gate_recheck,14.442482963204384,4.099981859326363,0.0,66.2760805260405
global,related_same,0,13,1,EXECUTE,published_after_gate_recheck,14.24594409763813,3.7684892304241657,0.0,66.2760805260405
global,related_same,0,14,1,EXECUTE,published_after_gate_recheck,13.744032010436058,3.852386027574539,0.0,66.2760805260405
global,related_same,0,15,1,EXECUTE,published_after_gate_recheck,15.536805149167776,4.682102706283331,0.0,66.2760805260405
global,related_same,0,16,1,EXECUTE,published_after_gate_recheck,14.66388814151287,4.2132241651415825,0.0,66.2760805260405
global,related_same,0,17,1,EXECUTE,published_after_gate_recheck,14.41676402464509,4.0932889096438885,0.0,66.2760805260405
global,related_same,0,18,1,EXECUTE,published_after_gate_recheck,14.304053038358688,4.008239135146141,0.0,66.2760805260405
global,related_same,0,19,1,EXECUTE,published_after_gate_recheck,15.047337394207716,4.321446176618338,0.0,66.2760805260405
global,related_same,0,20,1,EXECUTE,published_after_gate_recheck,15.173183288425207,4.525218158960342,0.0,66.2760805260405
global,related_same,0,21,1,EXECUTE,published_after_gate_recheck,15.634268056601286,4.541769158095121,0.0,66.2760805260405
global,related_same,0,22,1,EXECUTE,published_after_gate_recheck,14.996551908552647,4.566425923258066,0.0,66.2760805260405
global,related_same,0,23,1,EXECUTE,published_after_gate_recheck,14.028735924512148,4.077218938618898,0.0,66.2760805260405
global,related_same,0,24,1,EXECUTE,published_after_gate_recheck,14.44694073870778,3.9893542416393757,0.0,66.2760805260405
global,related_same,0,25,1,EXECUTE,published_after_gate_recheck,13.82933184504509,3.9961962029337883,0.0,66.2760805260405
global,related_same,0,26,1,EXECUTE,published_after_gate_recheck,13.974193949252367,4.313421901315451,0.0,66.2760805260405
global,related_same,0,27,1,EXECUTE,published_after_gate_recheck,15.347529668360949,4.532343242317438,0.0,66.2760805260405
global,related_same,0,28,1,EXECUTE,published_after_gate_recheck,15.302636194974184,4.3123397044837475,0.0,66.2760805260405
global,related_same,0,29,1,EXECUTE,published_after_gate_recheck,14.071367215365171,4.330312833189964,0.0,66.2760805260405
global,related_same,0,30,1,EXECUTE,published_after_gate_recheck,14.815102331340313,4.154793918132782,0.0,66.2760805260405
global,related_same,0,31,1,EXECUTE,published_after_gate_recheck,13.766774907708168,3.741068299859762,0.0,66.2760805260405
global,related_same,0,32,1,EXECUTE,published_after_gate_recheck,15.765815041959286,4.751523956656456,0.0,66.2760805260405
global,related_same,0,33,1,EXECUTE,published_after_gate_recheck,14.511201065033674,4.288875963538885,0.0,66.2760805260405
global,related_same,0,34,1,EXECUTE,published_after_gate_recheck,14.101783744990826,3.768227994441986,0.0,66.2760805260405
global,related_same,0,35,1,EXECUTE,published_after_gate_recheck,14.215976931154728,4.089691676199436,0.0,66.2760805260405
global,related_same,0,36,1,EXECUTE,published_after_gate_recheck,14.51631123200059,4.260251764208078,0.0,66.2760805260405
global,related_same,0,37,1,EXECUTE,published_after_gate_recheck,16.26091403886676,4.718150943517685,0.0,66.2760805260405
global,related_same,0,38,1,EXECUTE,published_after_gate_recheck,15.940211713314056,4.446110222488642,0.0,66.2760805260405
global,related_same,0,39,1,EXECUTE,published_after_gate_recheck,14.54300107434392,4.259751178324223,0.0,66.2760805260405
global,related_same,0,40,1,EXECUTE,published_after_gate_recheck,14.62491462007165,3.910826053470373,0.0,66.2760805260405
global,related_same,0,41,1,EXECUTE,published_after_gate_recheck,15.881811734288931,4.052832722663879,0.0,66.2760805260405
global,related_same,0,42,1,EXECUTE,published_after_gate_recheck,15.956222079694271,3.8514849729835987,0.0,66.2760805260405
global,related_same,0,43,1,EXECUTE,published_after_gate_recheck,15.474699437618256,4.11296496167779,0.0,66.2760805260405
global,related_same,0,44,1,EXECUTE,published_after_gate_recheck,14.04556818306446,3.876021131873131,0.0,66.2760805260405
global,related_same,0,45,1,EXECUTE,published_after_gate_recheck,17.870774026960135,4.26842737942934,0.0,66.2760805260405
global,related_same,0,46,1,EXECUTE,published_after_gate_recheck,15.616684686392546,4.193035885691643,0.0,66.2760805260405
global,related_same,0,47,1,EXECUTE,published_after_gate_recheck,13.146111276000738,3.6013158969581127,0.0,66.2760805260405
global,related_same,0,48,1,EXECUTE,published_after_gate_recheck,14.344357885420322,4.193817265331745,0.0,66.2760805260405
global,related_same,0,49,1,EXECUTE,published_after_gate_recheck,14.13031667470932,3.9260052144527435,0.0,66.2760805260405
global,related_same,0,50,1,EXECUTE,published_after_gate_recheck,14.613472856581211,3.915435168892145,0.0,66.2760805260405
global,related_same,0,51,1,EXECUTE,published_after_gate_recheck,15.401802957057953,4.593716934323311,0.0,66.2760805260405
global,related_same,0,52,1,EXECUTE,published_after_gate_recheck,15.206796117126942,4.469844978302717,0.0,66.2760805260405
global,related_same,0,53,1,EXECUTE,published_after_gate_recheck,15.766124706715345,4.439818672835827,0.0,66.2760805260405
global,related_same,0,54,1,EXECUTE,published_after_gate_recheck,14.625325798988342,4.3942127376794815,0.0,66.2760805260405
global,related_same,0,55,1,EXECUTE,published_after_gate_recheck,14.14599735289812,3.7393751554191113,0.0,66.2760805260405
global,related_same,0,56,1,EXECUTE,published_after_gate_recheck,14.783622696995735,4.073801916092634,0.0,66.2760805260405
global,related_same,0,57,1,EXECUTE,published_after_gate_recheck,15.670937020331621,4.22087823972106,0.0,66.2760805260405
global,related_same,0,58,1,EXECUTE,published_after_gate_recheck,14.41746624186635,3.915335051715374,0.0,66.2760805260405
global,related_same,0,59,1,EXECUTE,published_after_gate_recheck,15.04211826249957,4.051779862493277,0.0,66.2760805260405
global,related_same,0,60,1,EXECUTE,published_after_gate_recheck,14.380657114088535,3.5191811621189117,0.0,66.2760805260405
global,related_same,0,61,1,EXECUTE,published_after_gate_recheck,14.574289787560701,4.294896963983774,0.0,66.2760805260405
global,related_same,0,62,1,EXECUTE,published_after_gate_recheck,14.27590986713767,3.6388058215379715,0.0,66.2760805260405
global,related_same,0,63,1,EXECUTE,published_after_gate_recheck,14.654489699751139,3.8491510786116123,0.0,66.2760805260405
global,related_same,0,64,1,EXECUTE,published_after_gate_recheck,14.805713668465614,4.232840612530708,0.0,66.2760805260405
global,related_same,0,65,1,EXECUTE,published_after_gate_recheck,14.748277142643929,4.15758928284049,0.0,66.2760805260405
global,related_same,0,66,1,EXECUTE,published_after_gate_recheck,14.515249989926815,4.173118155449629,0.0,66.2760805260405
global,related_same,0,67,1,EXECUTE,published_after_gate_recheck,14.652706682682037,4.089560825377703,0.0,66.2760805260405
global,related_same,0,68,1,EXECUTE,published_after_gate_recheck,15.138809103518724,3.9679440669715405,0.0,66.2760805260405
global,related_same,0,69,1,EXECUTE,published_after_gate_recheck,14.878239948302507,4.3855770491063595,0.0,66.2760805260405
global,related_same,0,70,1,EXECUTE,published_after_gate_recheck,14.081585220992565,3.8325688801705837,0.0,66.2760805260405
global,related_same,0,71,1,EXECUTE,published_after_gate_recheck,17.147636972367764,4.021454136818647,0.0,66.2760805260405
global,related_same,0,72,1,EXECUTE,published_after_gate_recheck,15.504875220358372,4.589279182255268,0.0,66.2760805260405
global,related_same,0,73,1,EXECUTE,published_after_gate_recheck,16.069325152784586,4.234442953020334,0.0,66.2760805260405
global,related_same,0,74,1,EXECUTE,published_after_gate_recheck,15.197047963738441,4.372582770884037,0.0,66.2760805260405
global,related_same,0,75,1,EXECUTE,published_after_gate_recheck,14.423086307942867,4.058873746544123,0.0,66.2760805260405
global,related_same,0,76,1,EXECUTE,published_after_gate_recheck,15.106669161468744,4.393441136926413,0.0,66.2760805260405
global,related_same,0,77,1,EXECUTE,published_after_gate_recheck,15.43483417481184,3.930854145437479,0.0,66.2760805260405
global,related_same,0,78,1,EXECUTE,published_after_gate_recheck,14.944134280085564,4.198767244815826,0.0,66.2760805260405
global,related_same,0,79,1,EXECUTE,published_after_gate_recheck,15.047466848045588,4.432966001331806,0.0,66.2760805260405
global,related_same,0,80,1,EXECUTE,published_after_gate_recheck,16.156737692654133,4.417015705257654,0.0,66.2760805260405
global,related_same,0,81,1,EXECUTE,published_after_gate_recheck,14.89530224353075,4.447742830961943,0.0,66.2760805260405
global,related_same,0,82,1,EXECUTE,published_after_gate_recheck,15.027879737317562,4.17545298114419,0.0,66.2760805260405
global,related_same,0,83,1,EXECUTE,published_after_gate_recheck,16.345141921192408,4.5464979484677315,0.0,66.2760805260405
global,related_same,0,84,1,EXECUTE,published_after_gate_recheck,15.916486736387014,3.8046566769480705,0.0,66.2760805260405
global,related_same,0,85,1,EXECUTE,published_after_gate_recheck,16.139576211571693,4.158600699156523,0.0,66.2760805260405
global,related_same,0,86,1,EXECUTE,published_after_gate_recheck,14.982875902205706,3.8570361211895943,0.0,66.2760805260405
global,related_same,0,87,1,EXECUTE,published_after_gate_recheck,17.589465714991093,4.155074246227741,0.0,66.2760805260405
global,related_same,0,88,1,EXECUTE,published_after_gate_recheck,14.845488127321005,4.103527870029211,0.0,66.2760805260405
global,related_same,0,89,1,EXECUTE,published_after_gate_recheck,17.066203989088535,4.79240994900465,0.0,66.2760805260405
global,related_same,0,90,1,EXECUTE,published_after_gate_recheck,15.591888688504696,4.165314137935638,0.0,66.2760805260405
global,related_same,0,91,1,EXECUTE,published_after_gate_recheck,15.252180863171816,4.246915690600872,0.0,66.2760805260405
global,related_same,0,92,1,EXECUTE,published_after_gate_recheck,14.930478297173977,4.214596003293991,0.0,66.2760805260405
global,related_same,0,93,1,EXECUTE,published_after_gate_recheck,15.250458382070065,4.386328160762787,0.0,66.2760805260405
global,related_same,0,94,1,EXECUTE,published_after_gate_recheck,15.535051934421062,4.530138336122036,0.0,66.2760805260405
global,related_same,0,95,1,EXECUTE,published_after_gate_recheck,14.71553510054946,3.8929330185055733,0.0,66.2760805260405
global,related_same,0,96,1,EXECUTE,published_after_gate_recheck,15.776154585182667,4.681321792304516,0.0,66.2760805260405
global,related_same,0,97,1,EXECUTE,published_after_gate_recheck,14.888719655573368,4.334740806370974,0.0,66.2760805260405
global,related_same,0,98,1,EXECUTE,published_after_gate_recheck,15.2954519726336,4.265401978045702,0.0,66.2760805260405
global,related_same,0,99,1,EXECUTE,published_after_gate_recheck,15.951684210449457,4.654731135815382,0.0,66.2760805260405
readset,related_same,0,0,1,EXECUTE,published_after_gate_recheck,15.750356018543243,4.652167204767466,0.0,66.57744095221797
readset,related_same,0,1,1,EXECUTE,published_after_gate_recheck,15.19616600126028,4.16178721934557,0.0,66.57744095221797
readset,related_same,0,2,1,EXECUTE,published_after_gate_recheck,14.394252095371485,3.906367812305689,0.0,66.57744095221797
readset,related_same,0,3,1,EXECUTE,published_after_gate_recheck,14.731755014508963,4.042433109134436,0.0,66.57744095221797
readset,related_same,0,4,1,EXECUTE,published_after_gate_recheck,15.072112902998924,4.326486028730869,0.0,66.57744095221797
readset,related_same,0,5,1,EXECUTE,published_after_gate_recheck,16.325073782354593,4.530939273536205,0.0,66.57744095221797
readset,related_same,0,6,1,EXECUTE,published_after_gate_recheck,14.510239008814096,3.9545479230582714,0.0,66.57744095221797
readset,related_same,0,7,1,EXECUTE,published_after_gate_recheck,14.747044071555138,4.316708073019981,0.0,66.57744095221797
readset,related_same,0,8,1,EXECUTE,published_after_gate_recheck,17.98722194507718,4.248019307851791,0.0,66.57744095221797
readset,related_same,0,9,1,EXECUTE,published_after_gate_recheck,14.40315879881382,3.980147186666727,0.0,66.57744095221797
readset,related_same,0,10,1,EXECUTE,published_after_gate_recheck,15.569666866213083,4.402307793498039,0.0,66.57744095221797
readset,related_same,0,11,1,EXECUTE,published_after_gate_recheck,14.704112894833088,4.32083522900939,0.0,66.57744095221797
readset,related_same,0,12,1,EXECUTE,published_after_gate_recheck,15.200343914330006,4.548662807792425,0.0,66.57744095221797
readset,related_same,0,13,1,EXECUTE,published_after_gate_recheck,15.73523785918951,4.285740200430155,0.0,66.57744095221797
readset,related_same,0,14,1,EXECUTE,published_after_gate_recheck,17.97560090199113,4.5061130076646805,0.0,66.57744095221797
readset,related_same,0,15,1,EXECUTE,published_after_gate_recheck,17.23420014604926,3.9063883014023304,0.0,66.57744095221797
readset,related_same,0,16,1,EXECUTE,published_after_gate_recheck,15.162673778831959,4.286802373826504,0.0,66.57744095221797
readset,related_same,0,17,1,EXECUTE,published_after_gate_recheck,14.586192090064287,4.221078939735889,0.0,66.57744095221797
readset,related_same,0,18,1,EXECUTE,published_after_gate_recheck,14.207091182470322,4.1365898214280605,0.0,66.57744095221797
readset,related_same,0,19,1,EXECUTE,published_after_gate_recheck,14.641385991126299,4.089752212166786,0.0,66.57744095221797
readset,related_same,0,20,1,EXECUTE,published_after_gate_recheck,14.374555088579655,3.9016488008201122,0.0,66.57744095221797
readset,related_same,0,21,1,EXECUTE,published_after_gate_recheck,13.955699745565653,3.630370367318392,0.0,66.57744095221797
readset,related_same,0,22,1,EXECUTE,published_after_gate_recheck,14.850257895886898,4.137661773711443,0.0,66.57744095221797
readset,related_same,0,23,1,EXECUTE,published_after_gate_recheck,15.014545992016792,4.453173838555813,0.0,66.57744095221797
readset,related_same,0,24,1,EXECUTE,published_after_gate_recheck,14.330582693219185,3.8800793699920177,0.0,66.57744095221797
readset,related_same,0,25,1,EXECUTE,published_after_gate_recheck,14.344668947160244,3.9999429136514664,0.0,66.57744095221797
readset,related_same,0,26,1,EXECUTE,published_after_gate_recheck,14.726935885846615,4.187104292213917,0.0,66.57744095221797
readset,related_same,0,27,1,EXECUTE,published_after_gate_recheck,14.742305036634207,3.709609154611826,0.0,66.57744095221797
readset,related_same,0,28,1,EXECUTE,published_after_gate_recheck,14.351532328873873,3.923810087144375,0.0,66.57744095221797
readset,related_same,0,29,1,EXECUTE,published_after_gate_recheck,14.702559914439917,4.03430825099349,0.0,66.57744095221797
readset,related_same,0,30,1,EXECUTE,published_after_gate_recheck,13.693107292056084,3.8175121881067753,0.0,66.57744095221797
readset,related_same,0,31,1,EXECUTE,published_after_gate_recheck,14.154332224279642,4.0151020511984825,0.0,66.57744095221797
readset,related_same,0,32,1,EXECUTE,published_after_gate_recheck,14.514056965708733,4.312089178711176,0.0,66.57744095221797
readset,related_same,0,33,1,EXECUTE,published_after_gate_recheck,14.41916823387146,4.159653093665838,0.0,66.57744095221797
readset,related_same,0,34,1,EXECUTE,published_after_gate_recheck,15.03542484715581,4.151527304202318,0.0,66.57744095221797
readset,related_same,0,35,1,EXECUTE,published_after_gate_recheck,14.007206074893475,3.768329042941332,0.0,66.57744095221797
readset,related_same,0,36,1,EXECUTE,published_after_gate_recheck,13.415796216577291,3.7176841869950294,0.0,66.57744095221797
readset,related_same,0,37,1,EXECUTE,published_after_gate_recheck,14.44888487458229,4.004642367362976,0.0,66.57744095221797
readset,related_same,0,38,1,EXECUTE,published_after_gate_recheck,14.3311838619411,4.098218400031328,0.0,66.57744095221797
readset,related_same,0,39,1,EXECUTE,published_after_gate_recheck,14.804342295974493,4.234864376485348,0.0,66.57744095221797
readset,related_same,0,40,1,EXECUTE,published_after_gate_recheck,14.498888049274683,3.8860091008245945,0.0,66.57744095221797
readset,related_same,0,41,1,EXECUTE,published_after_gate_recheck,14.721315819770098,4.1488828137516975,0.0,66.57744095221797
readset,related_same,0,42,1,EXECUTE,published_after_gate_recheck,15.536705031991005,3.9640357717871666,0.0,66.57744095221797
readset,related_same,0,43,1,EXECUTE,published_after_gate_recheck,15.466672834008932,4.473120905458927,0.0,66.57744095221797
readset,related_same,0,44,1,EXECUTE,published_after_gate_recheck,15.855342149734497,4.170082975178957,0.0,66.57744095221797
readset,related_same,0,45,1,EXECUTE,published_after_gate_recheck,16.470156144350767,4.4721998274326324,0.0,66.57744095221797
readset,related_same,0,46,1,EXECUTE,published_after_gate_recheck,14.74640192463994,4.329873248934746,0.0,66.57744095221797
readset,related_same,0,47,1,EXECUTE,published_after_gate_recheck,15.186358243227005,4.328208975493908,0.0,66.57744095221797
readset,related_same,0,48,1,EXECUTE,published_after_gate_recheck,14.991912990808487,4.192795138806105,0.0,66.57744095221797
readset,related_same,0,49,1,EXECUTE,published_after_gate_recheck,14.929505996406078,4.456229042261839,0.0,66.57744095221797
readset,related_same,0,50,1,EXECUTE,published_after_gate_recheck,14.920630026608706,4.517363850027323,0.0,66.57744095221797
readset,related_same,0,51,1,EXECUTE,published_after_gate_recheck,15.148166101425886,4.512174986302853,0.0,66.57744095221797
readset,related_same,0,52,1,EXECUTE,published_after_gate_recheck,15.408314298838377,4.4513000175356865,0.0,66.57744095221797
readset,related_same,0,53,1,EXECUTE,published_after_gate_recheck,15.432198997586966,4.250783938914537,0.0,66.57744095221797
readset,related_same,0,54,1,EXECUTE,published_after_gate_recheck,16.47043600678444,4.408339038491249,0.0,66.57744095221797
readset,related_same,0,55,1,EXECUTE,published_after_gate_recheck,17.187001183629036,4.047682974487543,0.0,66.57744095221797
readset,related_same,0,56,1,EXECUTE,published_after_gate_recheck,15.546022914350033,4.549013916403055,0.0,66.57744095221797
readset,related_same,0,57,1,EXECUTE,published_after_gate_recheck,15.32829413190484,4.227540921419859,0.0,66.57744095221797
readset,related_same,0,58,1,EXECUTE,published_after_gate_recheck,15.103192068636417,4.3828715570271015,0.0,66.57744095221797
readset,related_same,0,59,1,EXECUTE,published_after_gate_recheck,14.54259967431426,3.993712365627289,0.0,66.57744095221797
readset,related_same,0,60,1,EXECUTE,published_after_gate_recheck,15.188431832939386,4.0893410332500935,0.0,66.57744095221797
readset,related_same,0,61,1,EXECUTE,published_after_gate_recheck,15.468777623027563,4.669709596782923,0.0,66.57744095221797
readset,related_same,0,62,1,EXECUTE,published_after_gate_recheck,14.413617551326752,4.0319738909602165,0.0,66.57744095221797
readset,related_same,0,63,1,EXECUTE,published_after_gate_recheck,13.74409208074212,4.197042901068926,0.0,66.57744095221797
readset,related_same,0,64,1,EXECUTE,published_after_gate_recheck,14.967096969485283,4.426213912665844,0.0,66.57744095221797
readset,related_same,0,65,1,EXECUTE,published_after_gate_recheck,15.78363822773099,4.531500861048698,0.0,66.57744095221797
readset,related_same,0,66,1,EXECUTE,published_after_gate_recheck,21.128844935446978,6.462734192609787,0.0,66.57744095221797
readset,related_same,0,67,1,EXECUTE,published_after_gate_recheck,16.01189700886607,4.394673742353916,0.0,66.57744095221797
readset,related_same,0,68,1,EXECUTE,published_after_gate_recheck,14.082517009228468,3.739684820175171,0.0,66.57744095221797
readset,related_same,0,69,1,EXECUTE,published_after_gate_recheck,14.290406834334135,4.05237078666687,0.0,66.57744095221797
readset,related_same,0,70,1,EXECUTE,published_after_gate_recheck,13.727821875363588,3.8577858358621597,0.0,66.57744095221797
readset,related_same,0,71,1,EXECUTE,published_after_gate_recheck,13.711340725421906,3.7781973369419575,0.0,66.57744095221797
readset,related_same,0,72,1,EXECUTE,published_after_gate_recheck,14.543702825903893,4.397779703140259,0.0,66.57744095221797
readset,related_same,0,73,1,EXECUTE,published_after_gate_recheck,14.956135768443346,3.5107959993183613,0.0,66.57744095221797
readset,related_same,0,74,1,EXECUTE,published_after_gate_recheck,14.450727961957455,4.3064989149570465,0.0,66.57744095221797
readset,related_same,0,75,1,EXECUTE,published_after_gate_recheck,13.706701807677746,4.185190889984369,0.0,66.57744095221797
readset,related_same,0,76,1,EXECUTE,published_after_gate_recheck,14.844306744635105,4.4244700111448765,0.0,66.57744095221797
readset,related_same,0,77,1,EXECUTE,published_after_gate_recheck,15.229639131575823,4.21556830406189,0.0,66.57744095221797
readset,related_same,0,78,1,EXECUTE,published_after_gate_recheck,14.326093718409538,4.026272799819708,0.0,66.57744095221797
readset,related_same,0,79,1,EXECUTE,published_after_gate_recheck,15.092270914465189,4.490564111620188,0.0,66.57744095221797
readset,related_same,0,80,1,EXECUTE,published_after_gate_recheck,14.443845022469759,4.123334772884846,0.0,66.57744095221797
readset,related_same,0,81,1,EXECUTE,published_after_gate_recheck,14.661473222076893,4.304955713450909,0.0,66.57744095221797
readset,related_same,0,82,1,EXECUTE,published_after_gate_recheck,13.812860939651728,3.7440727464854717,0.0,66.57744095221797
readset,related_same,0,83,1,EXECUTE,published_after_gate_recheck,13.675494119524956,3.8077528588473797,0.0,66.57744095221797
readset,related_same,0,84,1,EXECUTE,published_after_gate_recheck,15.268351882696152,4.1028461419045925,0.0,66.57744095221797
readset,related_same,0,85,1,EXECUTE,published_after_gate_recheck,15.189694240689278,4.412688314914703,0.0,66.57744095221797
readset,related_same,0,86,1,EXECUTE,published_after_gate_recheck,14.852832071483135,3.978913649916649,0.0,66.57744095221797
readset,related_same,0,87,1,EXECUTE,published_after_gate_recheck,13.991756830364466,4.096373915672302,0.0,66.57744095221797
readset,related_same,0,88,1,EXECUTE,published_after_gate_recheck,13.811659067869186,3.5705575719475746,0.0,66.57744095221797
readset,related_same,0,89,1,EXECUTE,published_after_gate_recheck,14.700776897370815,4.13875374943018,0.0,66.57744095221797
readset,related_same,0,90,1,EXECUTE,published_after_gate_recheck,14.568959828466177,4.109850153326988,0.0,66.57744095221797
readset,related_same,0,91,1,EXECUTE,published_after_gate_recheck,15.000940300524235,4.425401799380779,0.0,66.57744095221797
readset,related_same,0,92,1,EXECUTE,published_after_gate_recheck,14.357834123075008,4.307952243834734,0.0,66.57744095221797
readset,related_same,0,93,1,EXECUTE,published_after_gate_recheck,14.598083682358265,4.711839370429516,0.0,66.57744095221797
readset,related_same,0,94,1,EXECUTE,published_after_gate_recheck,14.310655184090137,4.172987770289183,0.0,66.57744095221797
readset,related_same,0,95,1,EXECUTE,published_after_gate_recheck,15.083224046975374,4.051168914884329,0.0,66.57744095221797
readset,related_same,0,96,1,EXECUTE,published_after_gate_recheck,15.663963742554188,4.262676928192377,0.0,66.57744095221797
readset,related_same,0,97,1,EXECUTE,published_after_gate_recheck,14.468310866504908,4.404912702739239,0.0,66.57744095221797
readset,related_same,0,98,1,EXECUTE,published_after_gate_recheck,15.522788744419813,4.162347875535488,0.0,66.57744095221797
readset,related_same,0,99,1,EXECUTE,published_after_gate_recheck,14.50235489755869,4.378383979201317,0.0,66.57744095221797
global,unrelated,20,0,1,EXECUTE,published_after_gate_recheck,19.043683540076017,4.9285562708973885,20.294899879995747,56.618143883189205
global,unrelated,20,1,1,EXECUTE,published_after_gate_recheck,17.054040916264057,4.557088948786259,20.294899879995747,56.618143883189205
global,unrelated,20,2,1,EXECUTE,published_after_gate_recheck,16.481337137520313,4.450980108231306,20.294899879995747,56.618143883189205
global,unrelated,20,3,1,EXECUTE,published_after_gate_recheck,15.585636720061302,4.001906607300043,20.294899879995747,56.618143883189205
global,unrelated,20,4,1,EXECUTE,published_after_gate_recheck,16.500273253768682,4.59115207195282,20.294899879995747,56.618143883189205
global,unrelated,20,5,1,EXECUTE,published_after_gate_recheck,15.24869492277503,4.133344162255526,20.294899879995747,56.618143883189205
global,unrelated,20,6,1,EXECUTE,published_after_gate_recheck,17.775294836610556,4.064264241605997,20.294899879995747,56.618143883189205
global,unrelated,20,7,1,EXECUTE,published_after_gate_recheck,15.449260827153921,4.088739864528179,20.294899879995747,56.618143883189205
global,unrelated,20,8,1,EXECUTE,published_after_gate_recheck,15.131775755435228,4.079111851751804,20.294899879995747,56.618143883189205
global,unrelated,20,9,1,EXECUTE,published_after_gate_recheck,20.158314146101475,4.2393929325044155,20.294899879995747,56.618143883189205
global,unrelated,20,10,1,EXECUTE,published_after_gate_recheck,14.830019790679216,4.125860054045916,20.294899879995747,56.618143883189205
global,unrelated,20,11,1,EXECUTE,published_after_gate_recheck,14.543241821229458,3.976218868046999,20.294899879995747,56.618143883189205
global,unrelated,20,12,1,EXECUTE,published_after_gate_recheck,16.36561006307602,4.303363151848316,20.294899879995747,56.618143883189205
global,unrelated,20,13,1,EXECUTE,published_after_gate_recheck,14.855548273772001,4.267985932528973,20.294899879995747,56.618143883189205
global,unrelated,20,14,1,EXECUTE,published_after_gate_recheck,14.574389904737473,4.585961811244488,20.294899879995747,56.618143883189205
global,unrelated,20,15,0,REVOKE,context_version_changed_at_publish,18.36269721388817,7.484269794076681,20.294899879995747,56.618143883189205
global,unrelated,20,16,1,EXECUTE,published_after_gate_recheck,18.359960988163948,4.882237873971462,20.294899879995747,56.618143883189205
global,unrelated,20,17,1,EXECUTE,published_after_gate_recheck,16.12657168880105,4.759908653795719,20.294899879995747,56.618143883189205
global,unrelated,20,18,1,EXECUTE,published_after_gate_recheck,20.603219978511333,4.334912169724703,20.294899879995747,56.618143883189205
global,unrelated,20,19,1,EXECUTE,published_after_gate_recheck,15.713377390056849,4.043084103614092,20.294899879995747,56.618143883189205
global,unrelated,20,20,1,EXECUTE,published_after_gate_recheck,16.118235886096954,4.790055099874735,20.294899879995747,56.618143883189205
global,unrelated,20,21,1,EXECUTE,published_after_gate_recheck,17.22022332251072,3.9169280789792538,20.294899879995747,56.618143883189205
global,unrelated,20,22,1,EXECUTE,published_after_gate_recheck,16.06040820479393,4.513637162744999,20.294899879995747,56.618143883189205
global,unrelated,20,23,1,EXECUTE,published_after_gate_recheck,15.392624773085117,4.377712029963732,20.294899879995747,56.618143883189205
global,unrelated,20,24,1,EXECUTE,published_after_gate_recheck,18.544606864452362,4.291300196200609,20.294899879995747,56.618143883189205
global,unrelated,20,25,1,EXECUTE,published_after_gate_recheck,14.012265019118786,4.079142119735479,20.294899879995747,56.618143883189205
global,unrelated,20,26,1,EXECUTE,published_after_gate_recheck,15.127176884561777,4.614225123077631,20.294899879995747,56.618143883189205
global,unrelated,20,27,0,REVOKE,context_version_changed_at_publish,17.057757824659348,6.604909896850586,20.294899879995747,56.618143883189205
global,unrelated,20,28,1,EXECUTE,published_after_gate_recheck,14.979470055550337,4.405222833156586,20.294899879995747,56.618143883189205
global,unrelated,20,29,1,EXECUTE,published_after_gate_recheck,14.491063077002764,4.029308911412954,20.294899879995747,56.618143883189205
global,unrelated,20,30,0,REVOKE,context_version_changed_at_publish,20.302866119891405,10.245979763567448,20.294899879995747,56.618143883189205
global,unrelated,20,31,1,EXECUTE,published_after_gate_recheck,15.486611053347588,4.347675945609808,20.294899879995747,56.618143883189205
global,unrelated,20,32,1,EXECUTE,published_after_gate_recheck,14.84899502247572,4.364336840808392,20.294899879995747,56.618143883189205
global,unrelated,20,33,0,REVOKE,context_version_changed_at_publish,17.983844969421625,7.4830371886491776,20.294899879995747,56.618143883189205
global,unrelated,20,34,1,EXECUTE,published_after_gate_recheck,14.310235157608986,4.079381935298443,20.294899879995747,56.618143883189205
global,unrelated,20,35,1,EXECUTE,published_after_gate_recheck,14.483008999377489,4.324672743678093,20.294899879995747,56.618143883189205
global,unrelated,20,36,1,EXECUTE,published_after_gate_recheck,14.958780724555254,4.202272742986679,20.294899879995747,56.618143883189205
global,unrelated,20,37,1,EXECUTE,published_after_gate_recheck,14.22360073775053,3.8697291165590286,20.294899879995747,56.618143883189205
global,unrelated,20,38,1,EXECUTE,published_after_gate_recheck,15.195445157587528,4.531189799308777,20.294899879995747,56.618143883189205
global,unrelated,20,39,1,EXECUTE,published_after_gate_recheck,14.390174765139818,4.500071983784437,20.294899879995747,56.618143883189205
global,unrelated,20,40,1,EXECUTE,published_after_gate_recheck,16.12295536324382,4.326846916228533,20.294899879995747,56.618143883189205
global,unrelated,20,41,1,EXECUTE,published_after_gate_recheck,14.682533219456673,4.071047063916922,20.294899879995747,56.618143883189205
global,unrelated,20,42,1,EXECUTE,published_after_gate_recheck,14.365348033607006,3.8279914297163486,20.294899879995747,56.618143883189205
global,unrelated,20,43,0,REVOKE,context_version_changed_at_publish,16.6908111423254,6.701621692627668,20.294899879995747,56.618143883189205
global,unrelated,20,44,1,EXECUTE,published_after_gate_recheck,14.47585504502058,3.7736091762781143,20.294899879995747,56.618143883189205
global,unrelated,20,45,1,EXECUTE,published_after_gate_recheck,13.986918143928051,4.065987188369036,20.294899879995747,56.618143883189205
global,unrelated,20,46,1,EXECUTE,published_after_gate_recheck,14.718079939484596,4.110469948500395,20.294899879995747,56.618143883189205
global,unrelated,20,47,1,EXECUTE,published_after_gate_recheck,15.211716294288635,4.1527897119522095,20.294899879995747,56.618143883189205
global,unrelated,20,48,1,EXECUTE,published_after_gate_recheck,15.185898169875145,4.091925919055939,20.294899879995747,56.618143883189205
global,unrelated,20,49,1,EXECUTE,published_after_gate_recheck,14.341933652758598,4.477058071643114,20.294899879995747,56.618143883189205
global,unrelated,20,50,1,EXECUTE,published_after_gate_recheck,14.960043132305145,3.88552900403738,20.294899879995747,56.618143883189205
global,unrelated,20,51,1,EXECUTE,published_after_gate_recheck,13.960509095340967,4.321717191487551,20.294899879995747,56.618143883189205
global,unrelated,20,52,1,EXECUTE,published_after_gate_recheck,14.463762752711773,4.186523146927357,20.294899879995747,56.618143883189205
global,unrelated,20,53,0,REVOKE,context_version_changed_at_publish,17.750298138707876,8.29830626025796,20.294899879995747,56.618143883189205
global,unrelated,20,54,1,EXECUTE,published_after_gate_recheck,14.828546904027462,4.203475080430508,20.294899879995747,56.618143883189205
global,unrelated,20,55,1,EXECUTE,published_after_gate_recheck,15.105745755136013,4.2365980334579945,20.294899879995747,56.618143883189205
global,unrelated,20,56,1,EXECUTE,published_after_gate_recheck,15.921767335385084,4.845088347792625,20.294899879995747,56.618143883189205
global,unrelated,20,57,1,EXECUTE,published_after_gate_recheck,15.466784127056599,4.438846837729216,20.294899879995747,56.618143883189205
global,unrelated,20,58,1,EXECUTE,published_after_gate_recheck,14.213142916560173,3.9105061441659927,20.294899879995747,56.618143883189205
global,unrelated,20,59,1,EXECUTE,published_after_gate_recheck,13.595113065093756,4.178598057478666,20.294899879995747,56.618143883189205
global,unrelated,20,60,1,EXECUTE,published_after_gate_recheck,15.569366049021482,4.216580186039209,20.294899879995747,56.618143883189205
global,unrelated,20,61,1,EXECUTE,published_after_gate_recheck,15.503943897783756,4.3589468114078045,20.294899879995747,56.618143883189205
global,unrelated,20,62,1,EXECUTE,published_after_gate_recheck,14.371279161423445,4.258348606526852,20.294899879995747,56.618143883189205
global,unrelated,20,63,1,EXECUTE,published_after_gate_recheck,18.11346923932433,4.205399192869663,20.294899879995747,56.618143883189205
global,unrelated,20,64,1,EXECUTE,published_after_gate_recheck,12.937309220433235,3.7708128802478313,20.294899879995747,56.618143883189205
global,unrelated,20,65,1,EXECUTE,published_after_gate_recheck,15.442699193954468,4.144684877246618,20.294899879995747,56.618143883189205
global,unrelated,20,66,0,REVOKE,context_version_changed_at_publish,17.524634953588247,6.2775458209216595,20.294899879995747,56.618143883189205
global,unrelated,20,67,1,EXECUTE,published_after_gate_recheck,16.5966241620481,6.080686114728451,20.294899879995747,56.618143883189205
global,unrelated,20,68,1,EXECUTE,published_after_gate_recheck,14.581894036382437,4.000475164502859,20.294899879995747,56.618143883189205
global,unrelated,20,69,0,REVOKE,context_version_changed_at_publish,19.484431017190218,8.64950567483902,20.294899879995747,56.618143883189205
global,unrelated,20,70,1,EXECUTE,published_after_gate_recheck,14.640333130955696,4.06643794849515,20.294899879995747,56.618143883189205
global,unrelated,20,71,1,EXECUTE,published_after_gate_recheck,14.069663360714912,4.569582175463438,20.294899879995747,56.618143883189205
global,unrelated,20,72,1,EXECUTE,published_after_gate_recheck,16.019139904528856,4.500973969697952,20.294899879995747,56.618143883189205
global,unrelated,20,73,1,EXECUTE,published_after_gate_recheck,14.712389092892408,4.103987943381071,20.294899879995747,56.618143883189205
global,unrelated,20,74,1,EXECUTE,published_after_gate_recheck,16.35756529867649,4.635706078261137,20.294899879995747,56.618143883189205
global,unrelated,20,75,1,EXECUTE,published_after_gate_recheck,15.652331989258528,4.443957004696131,20.294899879995747,56.618143883189205
global,unrelated,20,76,1,EXECUTE,published_after_gate_recheck,16.142431180924177,4.27735410630703,20.294899879995747,56.618143883189205
global,unrelated,20,77,1,EXECUTE,published_after_gate_recheck,15.746559016406536,4.4319843873381615,20.294899879995747,56.618143883189205
global,unrelated,20,78,1,EXECUTE,published_after_gate_recheck,15.22156409919262,4.427085164934397,20.294899879995747,56.618143883189205
global,unrelated,20,79,1,EXECUTE,published_after_gate_recheck,15.22062299773097,4.422986879944801,20.294899879995747,56.618143883189205
global,unrelated,20,80,1,EXECUTE,published_after_gate_recheck,13.824923895299435,3.934551030397415,20.294899879995747,56.618143883189205
global,unrelated,20,81,1,EXECUTE,published_after_gate_recheck,15.403595753014088,4.342725966125727,20.294899879995747,56.618143883189205
global,unrelated,20,82,0,REVOKE,context_version_changed_at_publish,16.3345318287611,6.032736971974373,20.294899879995747,56.618143883189205
global,unrelated,20,83,1,EXECUTE,published_after_gate_recheck,14.28063865751028,3.9043640717864037,20.294899879995747,56.618143883189205
global,unrelated,20,84,1,EXECUTE,published_after_gate_recheck,14.812706969678402,4.6017528511583805,20.294899879995747,56.618143883189205
global,unrelated,20,85,1,EXECUTE,published_after_gate_recheck,14.798660762608051,4.480315372347832,20.294899879995747,56.618143883189205
global,unrelated,20,86,1,EXECUTE,published_after_gate_recheck,13.987689279019833,4.024318885058165,20.294899879995747,56.618143883189205
global,unrelated,20,87,1,EXECUTE,published_after_gate_recheck,13.498310931026936,3.859459888190031,20.294899879995747,56.618143883189205
global,unrelated,20,88,1,EXECUTE,published_after_gate_recheck,14.644261915236712,3.9989822544157505,20.294899879995747,56.618143883189205
global,unrelated,20,89,1,EXECUTE,published_after_gate_recheck,18.44945875927806,4.633021075278521,20.294899879995747,56.618143883189205
global,unrelated,20,90,1,EXECUTE,published_after_gate_recheck,14.869764912873507,4.077328834682703,20.294899879995747,56.618143883189205
global,unrelated,20,91,1,EXECUTE,published_after_gate_recheck,14.474772848188877,4.171765875071287,20.294899879995747,56.618143883189205
global,unrelated,20,92,0,REVOKE,context_version_changed_at_publish,17.93256914243102,6.613786797970533,20.294899879995747,56.618143883189205
global,unrelated,20,93,1,EXECUTE,published_after_gate_recheck,14.840359333902597,4.531068727374077,20.294899879995747,56.618143883189205
global,unrelated,20,94,1,EXECUTE,published_after_gate_recheck,15.144709963351488,4.042172804474831,20.294899879995747,56.618143883189205
global,unrelated,20,95,0,REVOKE,context_version_changed_at_publish,16.879695001989603,6.397009827196598,20.294899879995747,56.618143883189205
global,unrelated,20,96,1,EXECUTE,published_after_gate_recheck,13.85415904223919,3.675395157188177,20.294899879995747,56.618143883189205
global,unrelated,20,97,1,EXECUTE,published_after_gate_recheck,14.138813130557537,4.163741134107113,20.294899879995747,56.618143883189205
global,unrelated,20,98,1,EXECUTE,published_after_gate_recheck,16.1800729110837,4.458684008568525,20.294899879995747,56.618143883189205
global,unrelated,20,99,1,EXECUTE,published_after_gate_recheck,14.945836272090673,4.657167010009289,20.294899879995747,56.618143883189205
readset,unrelated,20,0,1,EXECUTE,published_after_gate_recheck,17.742914147675037,4.25969110801816,20.269279740043007,61.58730169619007
readset,unrelated,20,1,1,EXECUTE,published_after_gate_recheck,15.142275020480156,4.402549006044865,20.269279740043007,61.58730169619007
readset,unrelated,20,2,1,EXECUTE,published_after_gate_recheck,14.95358208194375,3.862254787236452,20.269279740043007,61.58730169619007
readset,unrelated,20,3,1,EXECUTE,published_after_gate_recheck,16.86581876128912,6.364869885146618,20.269279740043007,61.58730169619007
readset,unrelated,20,4,1,EXECUTE,published_after_gate_recheck,14.365276787430048,4.254341125488281,20.269279740043007,61.58730169619007
readset,unrelated,20,5,1,EXECUTE,published_after_gate_recheck,14.159852173179388,4.246606025844812,20.269279740043007,61.58730169619007
readset,unrelated,20,6,1,EXECUTE,published_after_gate_recheck,20.571269094944,9.14754020050168,20.269279740043007,61.58730169619007
readset,unrelated,20,7,1,EXECUTE,published_after_gate_recheck,14.763374347239733,3.9794249460101128,20.269279740043007,61.58730169619007
readset,unrelated,20,8,1,EXECUTE,published_after_gate_recheck,14.4895208068192,4.008939955383539,20.269279740043007,61.58730169619007
readset,unrelated,20,9,1,EXECUTE,published_after_gate_recheck,20.085368305444717,9.347936138510704,20.269279740043007,61.58730169619007
readset,unrelated,20,10,1,EXECUTE,published_after_gate_recheck,15.146634075790644,4.600660875439644,20.269279740043007,61.58730169619007
readset,unrelated,20,11,1,EXECUTE,published_after_gate_recheck,14.474492985755205,3.900547046214342,20.269279740043007,61.58730169619007
readset,unrelated,20,12,1,EXECUTE,published_after_gate_recheck,18.818250857293606,8.980225771665573,20.269279740043007,61.58730169619007
readset,unrelated,20,13,1,EXECUTE,published_after_gate_recheck,14.774365350604057,4.277003929018974,20.269279740043007,61.58730169619007
readset,unrelated,20,14,1,EXECUTE,published_after_gate_recheck,14.125166926532984,4.213804844766855,20.269279740043007,61.58730169619007
readset,unrelated,20,15,1,EXECUTE,published_after_gate_recheck,13.801309745758772,3.9360132068395615,20.269279740043007,61.58730169619007
readset,unrelated,20,16,1,EXECUTE,published_after_gate_recheck,14.27218271419406,3.8438611663877964,20.269279740043007,61.58730169619007
readset,unrelated,20,17,1,EXECUTE,published_after_gate_recheck,16.145718283951283,3.787324298173189,20.269279740043007,61.58730169619007
readset,unrelated,20,18,1,EXECUTE,published_after_gate_recheck,15.69950021803379,4.1726380586624146,20.269279740043007,61.58730169619007
readset,unrelated,20,19,1,EXECUTE,published_after_gate_recheck,17.682500183582306,4.437054041773081,20.269279740043007,61.58730169619007
readset,unrelated,20,20,1,EXECUTE,published_after_gate_recheck,14.756370801478624,4.429900087416172,20.269279740043007,61.58730169619007
readset,unrelated,20,21,1,EXECUTE,published_after_gate_recheck,14.917994383722544,3.9988411590456963,20.269279740043007,61.58730169619007
readset,unrelated,20,22,1,EXECUTE,published_after_gate_recheck,19.970181863754988,4.977517761290073,20.269279740043007,61.58730169619007
readset,unrelated,20,23,1,EXECUTE,published_after_gate_recheck,13.797672931104898,4.2113796807825565,20.269279740043007,61.58730169619007
readset,unrelated,20,24,1,EXECUTE,published_after_gate_recheck,13.199211098253727,3.7206290289759636,20.269279740043007,61.58730169619007
readset,unrelated,20,25,1,EXECUTE,published_after_gate_recheck,16.690869815647602,5.427191033959389,20.269279740043007,61.58730169619007
readset,unrelated,20,26,1,EXECUTE,published_after_gate_recheck,14.525237958878279,4.137161187827587,20.269279740043007,61.58730169619007
readset,unrelated,20,27,1,EXECUTE,published_after_gate_recheck,15.014896169304848,4.272304009646177,20.269279740043007,61.58730169619007
readset,unrelated,20,28,1,EXECUTE,published_after_gate_recheck,14.752873685210943,4.616539925336838,20.269279740043007,61.58730169619007
readset,unrelated,20,29,1,EXECUTE,published_after_gate_recheck,14.692872297018766,4.298915155231953,20.269279740043007,61.58730169619007
readset,unrelated,20,30,1,EXECUTE,published_after_gate_recheck,14.612431172281504,4.455448128283024,20.269279740043007,61.58730169619007
readset,unrelated,20,31,1,EXECUTE,published_after_gate_recheck,14.762422069907188,4.102276172488928,20.269279740043007,61.58730169619007
readset,unrelated,20,32,1,EXECUTE,published_after_gate_recheck,16.173829790204763,4.393531940877438,20.269279740043007,61.58730169619007
readset,unrelated,20,33,1,EXECUTE,published_after_gate_recheck,16.096996143460274,4.38508577644825,20.269279740043007,61.58730169619007
readset,unrelated,20,34,1,EXECUTE,published_after_gate_recheck,17.39944936707616,4.111472982913256,20.269279740043007,61.58730169619007
readset,unrelated,20,35,1,EXECUTE,published_after_gate_recheck,21.751162596046925,4.82582300901413,20.269279740043007,61.58730169619007
readset,unrelated,20,36,1,EXECUTE,published_after_gate_recheck,16.004171688109636,4.53129131346941,20.269279740043007,61.58730169619007
readset,unrelated,20,37,1,EXECUTE,published_after_gate_recheck,15.949258580803871,4.355751443654299,20.269279740043007,61.58730169619007
readset,unrelated,20,38,1,EXECUTE,published_after_gate_recheck,15.81053901463747,4.383041989058256,20.269279740043007,61.58730169619007
readset,unrelated,20,39,1,EXECUTE,published_after_gate_recheck,17.83778239041567,4.927883855998516,20.269279740043007,61.58730169619007
readset,unrelated,20,40,1,EXECUTE,published_after_gate_recheck,17.670578323304653,4.478600807487965,20.269279740043007,61.58730169619007
readset,unrelated,20,41,1,EXECUTE,published_after_gate_recheck,15.705431811511517,4.367853980511427,20.269279740043007,61.58730169619007
readset,unrelated,20,42,1,EXECUTE,published_after_gate_recheck,14.658296946436167,3.9712386205792427,20.269279740043007,61.58730169619007
readset,unrelated,20,43,1,EXECUTE,published_after_gate_recheck,15.314307995140553,4.6610538847744465,20.269279740043007,61.58730169619007
readset,unrelated,20,44,1,EXECUTE,published_after_gate_recheck,18.746175803244114,4.563529975712299,20.269279740043007,61.58730169619007
readset,unrelated,20,45,1,EXECUTE,published_after_gate_recheck,15.525674913078547,3.8499729707837105,20.269279740043007,61.58730169619007
readset,unrelated,20,46,1,EXECUTE,published_after_gate_recheck,14.850287698209286,4.152518697082996,20.269279740043007,61.58730169619007
readset,unrelated,20,47,1,EXECUTE,published_after_gate_recheck,16.23014733195305,4.169149789959192,20.269279740043007,61.58730169619007
readset,unrelated,20,48,1,EXECUTE,published_after_gate_recheck,15.884117223322392,4.643280059099197,20.269279740043007,61.58730169619007
readset,unrelated,20,49,1,EXECUTE,published_after_gate_recheck,15.18916292116046,4.165042657405138,20.269279740043007,61.58730169619007
readset,unrelated,20,50,1,EXECUTE,published_after_gate_recheck,17.011751886457205,4.275911021977663,20.269279740043007,61.58730169619007
readset,unrelated,20,51,1,EXECUTE,published_after_gate_recheck,14.272583648562431,3.757959231734276,20.269279740043007,61.58730169619007
readset,unrelated,20,52,1,EXECUTE,published_after_gate_recheck,14.176634140312672,4.110600799322128,20.269279740043007,61.58730169619007
readset,unrelated,20,53,1,EXECUTE,published_after_gate_recheck,17.380523961037397,6.859518121927977,20.269279740043007,61.58730169619007
readset,unrelated,20,54,1,EXECUTE,published_after_gate_recheck,14.591431710869074,4.078682046383619,20.269279740043007,61.58730169619007
readset,unrelated,20,55,1,EXECUTE,published_after_gate_recheck,14.93748091161251,4.030399955809116,20.269279740043007,61.58730169619007
readset,unrelated,20,56,1,EXECUTE,published_after_gate_recheck,14.401515014469624,4.540607798844576,20.269279740043007,61.58730169619007
readset,unrelated,20,57,1,EXECUTE,published_after_gate_recheck,15.279663261026144,4.381098784506321,20.269279740043007,61.58730169619007
readset,unrelated,20,58,1,EXECUTE,published_after_gate_recheck,15.74308192357421,4.356401972472668,20.269279740043007,61.58730169619007
readset,unrelated,20,59,1,EXECUTE,published_after_gate_recheck,14.078179839998484,3.7064128555357456,20.269279740043007,61.58730169619007
readset,unrelated,20,60,1,EXECUTE,published_after_gate_recheck,18.21720413863659,4.420813173055649,20.269279740043007,61.58730169619007
readset,unrelated,20,61,1,EXECUTE,published_after_gate_recheck,17.24733505398035,4.499461036175489,20.269279740043007,61.58730169619007
readset,unrelated,20,62,1,EXECUTE,published_after_gate_recheck,16.81208796799183,4.347825888544321,20.269279740043007,61.58730169619007
readset,unrelated,20,63,1,EXECUTE,published_after_gate_recheck,16.887890174984932,5.090770311653614,20.269279740043007,61.58730169619007
readset,unrelated,20,64,1,EXECUTE,published_after_gate_recheck,17.22017303109169,5.20486431196332,20.269279740043007,61.58730169619007
readset,unrelated,20,65,1,EXECUTE,published_after_gate_recheck,17.041227780282497,4.7087231650948524,20.269279740043007,61.58730169619007
readset,unrelated,20,66,1,EXECUTE,published_after_gate_recheck,18.770711962133646,4.851010162383318,20.269279740043007,61.58730169619007
readset,unrelated,20,67,1,EXECUTE,published_after_gate_recheck,19.168809056282043,7.1879541501402855,20.269279740043007,61.58730169619007
readset,unrelated,20,68,1,EXECUTE,published_after_gate_recheck,19.936789758503437,7.813858333975077,20.269279740043007,61.58730169619007
readset,unrelated,20,69,1,EXECUTE,published_after_gate_recheck,22.958258166909218,10.385621804744005,20.269279740043007,61.58730169619007
readset,unrelated,20,70,1,EXECUTE,published_after_gate_recheck,18.455369863659143,4.776701331138611,20.269279740043007,61.58730169619007
readset,unrelated,20,71,1,EXECUTE,published_after_gate_recheck,17.16257492080331,4.680439829826355,20.269279740043007,61.58730169619007
readset,unrelated,20,72,1,EXECUTE,published_after_gate_recheck,14.535968191921711,4.055669065564871,20.269279740043007,61.58730169619007
readset,unrelated,20,73,1,EXECUTE,published_after_gate_recheck,18.306441139429808,4.775638226419687,20.269279740043007,61.58730169619007
readset,unrelated,20,74,1,EXECUTE,published_after_gate_recheck,14.867911115288734,4.230095073580742,20.269279740043007,61.58730169619007
readset,unrelated,20,75,1,EXECUTE,published_after_gate_recheck,14.52659023925662,4.085293971002102,20.269279740043007,61.58730169619007
readset,unrelated,20,76,1,EXECUTE,published_after_gate_recheck,15.385491773486137,4.4915261678397655,20.269279740043007,61.58730169619007
readset,unrelated,20,77,1,EXECUTE,published_after_gate_recheck,14.246734790503979,3.9004269056022167,20.269279740043007,61.58730169619007
readset,unrelated,20,78,1,EXECUTE,published_after_gate_recheck,14.489500783383846,4.150125198066235,20.269279740043007,61.58730169619007
readset,unrelated,20,79,1,EXECUTE,published_after_gate_recheck,15.45258704572916,4.224935080856085,20.269279740043007,61.58730169619007
readset,unrelated,20,80,1,EXECUTE,published_after_gate_recheck,18.451473210006952,7.828596048057079,20.269279740043007,61.58730169619007
readset,unrelated,20,81,1,EXECUTE,published_after_gate_recheck,14.917162712663412,3.838480915874243,20.269279740043007,61.58730169619007
readset,unrelated,20,82,1,EXECUTE,published_after_gate_recheck,14.878591056913137,4.094341304153204,20.269279740043007,61.58730169619007
readset,unrelated,20,83,1,EXECUTE,published_after_gate_recheck,20.074137020856142,9.023698046803474,20.269279740043007,61.58730169619007
readset,unrelated,20,84,1,EXECUTE,published_after_gate_recheck,14.591722749173641,3.8627558387815952,20.269279740043007,61.58730169619007
readset,unrelated,20,85,1,EXECUTE,published_after_gate_recheck,14.618542976677418,3.9859372191131115,20.269279740043007,61.58730169619007
readset,unrelated,20,86,1,EXECUTE,published_after_gate_recheck,19.113244023174047,8.341978769749403,20.269279740043007,61.58730169619007
readset,unrelated,20,87,1,EXECUTE,published_after_gate_recheck,16.25924138352275,4.5483228750526905,20.269279740043007,61.58730169619007
readset,unrelated,20,88,1,EXECUTE,published_after_gate_recheck,17.09407614544034,4.440879914909601,20.269279740043007,61.58730169619007
readset,unrelated,20,89,1,EXECUTE,published_after_gate_recheck,17.11860205978155,5.881272722035646,20.269279740043007,61.58730169619007
readset,unrelated,20,90,1,EXECUTE,published_after_gate_recheck,15.187509823590517,3.675024025142193,20.269279740043007,61.58730169619007
readset,unrelated,20,91,1,EXECUTE,published_after_gate_recheck,15.298808924853802,4.16890112683177,20.269279740043007,61.58730169619007
readset,unrelated,20,92,1,EXECUTE,published_after_gate_recheck,20.979775581508875,9.93645004928112,20.269279740043007,61.58730169619007
readset,unrelated,20,93,1,EXECUTE,published_after_gate_recheck,14.045797754079103,3.7561259232461452,20.269279740043007,61.58730169619007
readset,unrelated,20,94,1,EXECUTE,published_after_gate_recheck,14.552980195730925,4.100681748241186,20.269279740043007,61.58730169619007
readset,unrelated,20,95,1,EXECUTE,published_after_gate_recheck,14.388231094926596,4.398480989038944,20.269279740043007,61.58730169619007
readset,unrelated,20,96,1,EXECUTE,published_after_gate_recheck,14.621558599174023,4.205828998237848,20.269279740043007,61.58730169619007
readset,unrelated,20,97,1,EXECUTE,published_after_gate_recheck,16.0119766369462,4.602653905749321,20.269279740043007,61.58730169619007
readset,unrelated,20,98,1,EXECUTE,published_after_gate_recheck,18.681353889405727,5.255207885056734,20.269279740043007,61.58730169619007
readset,unrelated,20,99,1,EXECUTE,published_after_gate_recheck,15.817190986126661,4.080245271325111,20.269279740043007,61.58730169619007
global,related_same,20,0,1,EXECUTE,published_after_gate_recheck,20.11679718270898,5.007833708077669,20.346429848485627,53.805445554297634
global,related_same,20,1,1,EXECUTE,published_after_gate_recheck,15.548678115010262,4.086995963007212,20.346429848485627,53.805445554297634
global,related_same,20,2,1,EXECUTE,published_after_gate_recheck,14.681090135127306,3.851073794066906,20.346429848485627,53.805445554297634
global,related_same,20,3,1,EXECUTE,published_after_gate_recheck,17.08956900984049,4.432484973222017,20.346429848485627,53.805445554297634
global,related_same,20,4,1,EXECUTE,published_after_gate_recheck,16.949906013906002,4.633652046322823,20.346429848485627,53.805445554297634
global,related_same,20,5,1,EXECUTE,published_after_gate_recheck,15.357227995991707,4.34256624430418,20.346429848485627,53.805445554297634
global,related_same,20,6,1,EXECUTE,published_after_gate_recheck,17.54988171160221,4.147319123148918,20.346429848485627,53.805445554297634
global,related_same,20,7,1,EXECUTE,published_after_gate_recheck,14.651143923401833,4.109980072826147,20.346429848485627,53.805445554297634
global,related_same,20,8,1,EXECUTE,published_after_gate_recheck,14.89697489887476,4.475906025618315,20.346429848485627,53.805445554297634
global,related_same,20,9,0,REVOKE,context_version_changed_at_publish,18.101577181369066,6.1200810596346855,20.346429848485627,53.805445554297634
global,related_same,20,10,1,EXECUTE,published_after_gate_recheck,14.63116705417633,4.2091659270226955,20.346429848485627,53.805445554297634
global,related_same,20,11,1,EXECUTE,published_after_gate_recheck,15.015276614576578,3.7816837430000305,20.346429848485627,53.805445554297634
global,related_same,20,12,0,REVOKE,context_version_changed_at_publish,17.338013742119074,6.4958748407661915,20.346429848485627,53.805445554297634
global,related_same,20,13,1,EXECUTE,published_after_gate_recheck,15.266328118741512,4.165735095739365,20.346429848485627,53.805445554297634
global,related_same,20,14,1,EXECUTE,published_after_gate_recheck,15.062856953591108,4.67698322609067,20.346429848485627,53.805445554297634
global,related_same,20,15,0,REVOKE,context_version_changed_at_publish,18.77706404775381,8.239657152444124,20.346429848485627,53.805445554297634
global,related_same,20,16,1,EXECUTE,published_after_gate_recheck,16.430160962045193,4.304094240069389,20.346429848485627,53.805445554297634
global,related_same,20,17,1,EXECUTE,published_after_gate_recheck,16.349839977920055,4.261123947799206,20.346429848485627,53.805445554297634
global,related_same,20,18,0,REVOKE,context_version_changed_at_publish,17.593073192983866,6.294417195022106,20.346429848485627,53.805445554297634
global,related_same,20,19,1,EXECUTE,published_after_gate_recheck,15.569176059216261,4.397098906338215,20.346429848485627,53.805445554297634
global,related_same,20,20,1,EXECUTE,published_after_gate_recheck,15.192138962447643,4.438957199454308,20.346429848485627,53.805445554297634
global,related_same,20,21,0,REVOKE,context_version_changed_at_publish,21.364698186516762,9.96738811954856,20.346429848485627,53.805445554297634
global,related_same,20,22,1,EXECUTE,published_after_gate_recheck,14.784714207053185,4.102166276425123,20.346429848485627,53.805445554297634
global,related_same,20,23,1,EXECUTE,published_after_gate_recheck,14.73940908908844,3.7699518725275993,20.346429848485627,53.805445554297634
global,related_same,20,24,0,REVOKE,context_version_changed_at_publish,18.060418777167797,6.685441359877586,20.346429848485627,53.805445554297634
global,related_same,20,25,1,EXECUTE,published_after_gate_recheck,16.36799518018961,4.446861799806356,20.346429848485627,53.805445554297634
global,related_same,20,26,1,EXECUTE,published_after_gate_recheck,16.19205391034484,4.136910662055016,20.346429848485627,53.805445554297634
global,related_same,20,27,0,REVOKE,context_version_changed_at_publish,18.43179576098919,5.859001073986292,20.346429848485627,53.805445554297634
global,related_same,20,28,1,EXECUTE,published_after_gate_recheck,16.19623228907585,4.295538179576397,20.346429848485627,53.805445554297634
global,related_same,20,29,1,EXECUTE,published_after_gate_recheck,15.02635795623064,3.9175888523459435,20.346429848485627,53.805445554297634
global,related_same,20,30,0,REVOKE,context_version_changed_at_publish,17.182071693241596,6.361464038491249,20.346429848485627,53.805445554297634
global,related_same,20,31,1,EXECUTE,published_after_gate_recheck,15.421730000525713,4.440580029040575,20.346429848485627,53.805445554297634
global,related_same,20,32,1,EXECUTE,published_after_gate_recheck,15.26184007525444,4.159101750701666,20.346429848485627,53.805445554297634
global,related_same,20,33,1,EXECUTE,published_after_gate_recheck,17.07786601036787,4.977637901902199,20.346429848485627,53.805445554297634
global,related_same,20,34,1,EXECUTE,published_after_gate_recheck,14.800273813307285,3.648804035037756,20.346429848485627,53.805445554297634
global,related_same,20,35,1,EXECUTE,published_after_gate_recheck,15.725228935480118,4.156176932156086,20.346429848485627,53.805445554297634
global,related_same,20,36,1,EXECUTE,published_after_gate_recheck,14.764796942472458,3.927326761186123,20.346429848485627,53.805445554297634
global,related_same,20,37,1,EXECUTE,published_after_gate_recheck,14.801586046814919,4.18781628832221,20.346429848485627,53.805445554297634
global,related_same,20,38,1,EXECUTE,published_after_gate_recheck,14.954252634197474,4.210067912936211,20.346429848485627,53.805445554297634
global,related_same,20,39,1,EXECUTE,published_after_gate_recheck,15.186237636953592,4.293343983590603,20.346429848485627,53.805445554297634
global,related_same,20,40,1,EXECUTE,published_after_gate_recheck,15.409847721457481,4.411586094647646,20.346429848485627,53.805445554297634
global,related_same,20,41,1,EXECUTE,published_after_gate_recheck,15.734286047518253,4.337696824222803,20.346429848485627,53.805445554297634
global,related_same,20,42,1,EXECUTE,published_after_gate_recheck,16.246546059846878,4.06107772141695,20.346429848485627,53.805445554297634
global,related_same,20,43,1,EXECUTE,published_after_gate_recheck,18.33398174494505,4.336263984441757,20.346429848485627,53.805445554297634
global,related_same,20,44,1,EXECUTE,published_after_gate_recheck,15.162782743573189,4.200799856334925,20.346429848485627,53.805445554297634
global,related_same,20,45,1,EXECUTE,published_after_gate_recheck,14.13232134655118,4.038275685161352,20.346429848485627,53.805445554297634
global,related_same,20,46,0,REVOKE,context_version_changed_at_publish,17.281587701290846,6.780639290809631,20.346429848485627,53.805445554297634
global,related_same,20,47,1,EXECUTE,published_after_gate_recheck,17.783790826797485,4.377560690045357,20.346429848485627,53.805445554297634
global,related_same,20,48,1,EXECUTE,published_after_gate_recheck,19.149261992424726,4.889320582151413,20.346429848485627,53.805445554297634
global,related_same,20,49,1,EXECUTE,published_after_gate_recheck,18.982880283147097,5.100858863443136,20.346429848485627,53.805445554297634
global,related_same,20,50,1,EXECUTE,published_after_gate_recheck,18.622654024511576,7.415591273456812,20.346429848485627,53.805445554297634
global,related_same,20,51,1,EXECUTE,published_after_gate_recheck,16.08338998630643,4.280460067093372,20.346429848485627,53.805445554297634
global,related_same,20,52,1,EXECUTE,published_after_gate_recheck,14.821222983300686,4.102335777133703,20.346429848485627,53.805445554297634
global,related_same,20,53,1,EXECUTE,published_after_gate_recheck,14.874232932925224,4.389714915305376,20.346429848485627,53.805445554297634
global,related_same,20,54,1,EXECUTE,published_after_gate_recheck,15.990416053682566,4.252727143466473,20.346429848485627,53.805445554297634
global,related_same,20,55,1,EXECUTE,published_after_gate_recheck,18.214078154414892,4.968540742993355,20.346429848485627,53.805445554297634
global,related_same,20,56,1,EXECUTE,published_after_gate_recheck,15.252090990543365,3.9412942714989185,20.346429848485627,53.805445554297634
global,related_same,20,57,1,EXECUTE,published_after_gate_recheck,16.169141046702862,4.6526179648935795,20.346429848485627,53.805445554297634
global,related_same,20,58,1,EXECUTE,published_after_gate_recheck,16.860438976436853,4.097035154700279,20.346429848485627,53.805445554297634
global,related_same,20,59,1,EXECUTE,published_after_gate_recheck,18.537794705480337,6.6787488758563995,20.346429848485627,53.805445554297634
global,related_same,20,60,1,EXECUTE,published_after_gate_recheck,15.563374850898981,4.174439702183008,20.346429848485627,53.805445554297634
global,related_same,20,61,1,EXECUTE,published_after_gate_recheck,14.306458178907633,3.6370819434523582,20.346429848485627,53.805445554297634
global,related_same,20,62,1,EXECUTE,published_after_gate_recheck,14.8814357817173,4.461860284209251,20.346429848485627,53.805445554297634
global,related_same,20,63,1,EXECUTE,published_after_gate_recheck,13.801580294966698,4.053333308547735,20.346429848485627,53.805445554297634
global,related_same,20,64,0,REVOKE,context_version_changed_at_publish,16.952801030129194,5.823594983667135,20.346429848485627,53.805445554297634
global,related_same,20,65,1,EXECUTE,published_after_gate_recheck,17.311183735728264,4.388411995023489,20.346429848485627,53.805445554297634
global,related_same,20,66,1,EXECUTE,published_after_gate_recheck,14.988466631621122,4.4406708329916,20.346429848485627,53.805445554297634
global,related_same,20,67,0,REVOKE,context_version_changed_at_publish,17.236964777112007,6.176586262881756,20.346429848485627,53.805445554297634
global,related_same,20,68,1,EXECUTE,published_after_gate_recheck,13.967892155051231,3.84250795468688,20.346429848485627,53.805445554297634
global,related_same,20,69,1,EXECUTE,published_after_gate_recheck,14.568598940968513,4.134435672312975,20.346429848485627,53.805445554297634
global,related_same,20,70,1,EXECUTE,published_after_gate_recheck,15.610774047672749,4.38340287655592,20.346429848485627,53.805445554297634
global,related_same,20,71,1,EXECUTE,published_after_gate_recheck,14.751953072845936,4.62306197732687,20.346429848485627,53.805445554297634
global,related_same,20,72,1,EXECUTE,published_after_gate_recheck,14.635944738984108,4.18485002592206,20.346429848485627,53.805445554297634
global,related_same,20,73,1,EXECUTE,published_after_gate_recheck,15.993151813745499,4.214717075228691,20.346429848485627,53.805445554297634
global,related_same,20,74,1,EXECUTE,published_after_gate_recheck,14.881897252053022,4.249992314726114,20.346429848485627,53.805445554297634
global,related_same,20,75,1,EXECUTE,published_after_gate_recheck,15.242213383316994,4.540568217635155,20.346429848485627,53.805445554297634
global,related_same,20,76,1,EXECUTE,published_after_gate_recheck,14.911122154444456,4.202242940664291,20.346429848485627,53.805445554297634
global,related_same,20,77,0,REVOKE,context_version_changed_at_publish,17.474050167948008,6.185693200677633,20.346429848485627,53.805445554297634
global,related_same,20,78,1,EXECUTE,published_after_gate_recheck,14.853333123028278,3.969436977058649,20.346429848485627,53.805445554297634
global,related_same,20,79,1,EXECUTE,published_after_gate_recheck,14.874642714858055,4.2277309112250805,20.346429848485627,53.805445554297634
global,related_same,20,80,0,REVOKE,context_version_changed_at_publish,17.754545900970697,6.440723314881325,20.346429848485627,53.805445554297634
global,related_same,20,81,1,EXECUTE,published_after_gate_recheck,14.675709884613752,3.9481460116803646,20.346429848485627,53.805445554297634
global,related_same,20,82,1,EXECUTE,published_after_gate_recheck,14.378252439200878,3.8545113056898117,20.346429848485627,53.805445554297634
global,related_same,20,83,1,EXECUTE,published_after_gate_recheck,14.019448775798082,4.019640851765871,20.346429848485627,53.805445554297634
global,related_same,20,84,1,EXECUTE,published_after_gate_recheck,14.473871793597937,3.7010433152318,20.346429848485627,53.805445554297634
global,related_same,20,85,1,EXECUTE,published_after_gate_recheck,16.110070049762726,4.399453289806843,20.346429848485627,53.805445554297634
global,related_same,20,86,1,EXECUTE,published_after_gate_recheck,15.65099973231554,4.058863967657089,20.346429848485627,53.805445554297634
global,related_same,20,87,1,EXECUTE,published_after_gate_recheck,14.632037840783596,4.312900360673666,20.346429848485627,53.805445554297634
global,related_same,20,88,1,EXECUTE,published_after_gate_recheck,16.484953928738832,4.676201846450567,20.346429848485627,53.805445554297634
global,related_same,20,89,1,EXECUTE,published_after_gate_recheck,16.475084703415632,4.020461812615395,20.346429848485627,53.805445554297634
global,related_same,20,90,1,EXECUTE,published_after_gate_recheck,16.921723261475563,4.496084060519934,20.346429848485627,53.805445554297634
global,related_same,20,91,1,EXECUTE,published_after_gate_recheck,15.365353785455227,4.327548202127218,20.346429848485627,53.805445554297634
global,related_same,20,92,1,EXECUTE,published_after_gate_recheck,16.106403432786465,4.622552078217268,20.346429848485627,53.805445554297634
global,related_same,20,93,1,EXECUTE,published_after_gate_recheck,19.412757363170385,4.411675967276096,20.346429848485627,53.805445554297634
global,related_same,20,94,1,EXECUTE,published_after_gate_recheck,15.459731221199036,4.210047889500856,20.346429848485627,53.805445554297634
global,related_same,20,95,1,EXECUTE,published_after_gate_recheck,14.625304844230413,3.974455874413252,20.346429848485627,53.805445554297634
global,related_same,20,96,1,EXECUTE,published_after_gate_recheck,19.897666294127703,4.541568923741579,20.346429848485627,53.805445554297634
global,related_same,20,97,1,EXECUTE,published_after_gate_recheck,15.754973981529474,4.118736833333969,20.346429848485627,53.805445554297634
global,related_same,20,98,1,EXECUTE,published_after_gate_recheck,14.879952650517225,3.959496971219778,20.346429848485627,53.805445554297634
global,related_same,20,99,1,EXECUTE,published_after_gate_recheck,17.21525425091386,4.144233651459217,20.346429848485627,53.805445554297634
readset,related_same,20,0,1,EXECUTE,published_after_gate_recheck,18.746997229754925,4.367724061012268,20.33595192492199,61.82125290524245
readset,related_same,20,1,1,EXECUTE,published_after_gate_recheck,16.539765987545252,4.740291740745306,20.33595192492199,61.82125290524245
readset,related_same,20,2,1,EXECUTE,published_after_gate_recheck,15.297416131943464,4.050659015774727,20.33595192492199,61.82125290524245
readset,related_same,20,3,1,EXECUTE,published_after_gate_recheck,16.143392771482468,4.186322912573814,20.33595192492199,61.82125290524245
readset,related_same,20,4,1,EXECUTE,published_after_gate_recheck,14.77733114734292,4.117503762245178,20.33595192492199,61.82125290524245
readset,related_same,20,5,1,EXECUTE,published_after_gate_recheck,15.04413178190589,3.866913728415966,20.33595192492199,61.82125290524245
readset,related_same,20,6,1,EXECUTE,published_after_gate_recheck,16.6012616828084,6.016707047820091,20.33595192492199,61.82125290524245
readset,related_same,20,7,1,EXECUTE,published_after_gate_recheck,15.030946116894484,4.359276965260506,20.33595192492199,61.82125290524245
readset,related_same,20,8,1,EXECUTE,published_after_gate_recheck,14.226306695491076,3.860762808471918,20.33595192492199,61.82125290524245
readset,related_same,20,9,1,EXECUTE,published_after_gate_recheck,20.393786020576954,9.51926689594984,20.33595192492199,61.82125290524245
readset,related_same,20,10,1,EXECUTE,published_after_gate_recheck,15.699691139161587,4.54062782227993,20.33595192492199,61.82125290524245
readset,related_same,20,11,1,EXECUTE,published_after_gate_recheck,15.157833695411682,4.7215670347213745,20.33595192492199,61.82125290524245
readset,related_same,20,12,1,EXECUTE,published_after_gate_recheck,17.310672905296087,7.728939410299063,20.33595192492199,61.82125290524245
readset,related_same,20,13,1,EXECUTE,published_after_gate_recheck,15.02148900181055,4.162407945841551,20.33595192492199,61.82125290524245
readset,related_same,20,14,1,EXECUTE,published_after_gate_recheck,14.963810797780752,3.909492865204811,20.33595192492199,61.82125290524245
readset,related_same,20,15,1,EXECUTE,published_after_gate_recheck,15.410399064421654,4.818237852305174,20.33595192492199,61.82125290524245
readset,related_same,20,16,1,EXECUTE,published_after_gate_recheck,15.709017869085073,3.9998930878937244,20.33595192492199,61.82125290524245
readset,related_same,20,17,1,EXECUTE,published_after_gate_recheck,15.888985712081194,4.331033676862717,20.33595192492199,61.82125290524245
readset,related_same,20,18,1,EXECUTE,published_after_gate_recheck,15.565349254757166,4.3252636678516865,20.33595192492199,61.82125290524245
readset,related_same,20,19,1,EXECUTE,published_after_gate_recheck,18.204218707978725,4.815423395484686,20.33595192492199,61.82125290524245
readset,related_same,20,20,1,EXECUTE,published_after_gate_recheck,17.286939080804586,5.104836076498032,20.33595192492199,61.82125290524245
readset,related_same,20,21,1,EXECUTE,published_after_gate_recheck,14.947350136935711,4.317308776080608,20.33595192492199,61.82125290524245
readset,related_same,20,22,1,EXECUTE,published_after_gate_recheck,17.083728220313787,4.3605598621070385,20.33595192492199,61.82125290524245
readset,related_same,20,23,1,EXECUTE,published_after_gate_recheck,15.123640187084675,4.176435060799122,20.33595192492199,61.82125290524245
readset,related_same,20,24,1,EXECUTE,published_after_gate_recheck,15.159196685999632,4.184208810329437,20.33595192492199,61.82125290524245
readset,related_same,20,25,1,EXECUTE,published_after_gate_recheck,14.398439787328243,4.118916112929583,20.33595192492199,61.82125290524245
readset,related_same,20,26,1,EXECUTE,published_after_gate_recheck,13.931924942880869,4.329030867666006,20.33595192492199,61.82125290524245
readset,related_same,20,27,1,EXECUTE,published_after_gate_recheck,14.584879856556654,4.097376950085163,20.33595192492199,61.82125290524245
readset,related_same,20,28,1,EXECUTE,published_after_gate_recheck,16.911733895540237,6.445992272347212,20.33595192492199,61.82125290524245
readset,related_same,20,29,1,EXECUTE,published_after_gate_recheck,14.5086869597435,4.078010097146034,20.33595192492199,61.82125290524245
readset,related_same,20,30,1,EXECUTE,published_after_gate_recheck,14.359706547111273,4.13841288536787,20.33595192492199,61.82125290524245
readset,related_same,20,31,1,EXECUTE,published_after_gate_recheck,14.432904776185751,4.030801821500063,20.33595192492199,61.82125290524245
readset,related_same,20,32,1,EXECUTE,published_after_gate_recheck,14.939535409212112,3.937126137316227,20.33595192492199,61.82125290524245
readset,related_same,20,33,1,EXECUTE,published_after_gate_recheck,14.853814151138067,4.36947587877512,20.33595192492199,61.82125290524245
readset,related_same,20,34,1,EXECUTE,published_after_gate_recheck,17.57825491949916,4.506404045969248,20.33595192492199,61.82125290524245
readset,related_same,20,35,1,EXECUTE,published_after_gate_recheck,15.455462969839573,4.2591397650539875,20.33595192492199,61.82125290524245
readset,related_same,20,36,1,EXECUTE,published_after_gate_recheck,15.220681671053171,4.114799201488495,20.33595192492199,61.82125290524245
readset,related_same,20,37,1,EXECUTE,published_after_gate_recheck,17.29927072301507,4.851721227169037,20.33595192492199,61.82125290524245
readset,related_same,20,38,1,EXECUTE,published_after_gate_recheck,17.192762345075607,4.8400587402284145,20.33595192492199,61.82125290524245
readset,related_same,20,39,1,EXECUTE,published_after_gate_recheck,15.241149812936783,4.227079916745424,20.33595192492199,61.82125290524245
readset,related_same,20,40,1,EXECUTE,published_after_gate_recheck,15.032789204269648,4.104079212993383,20.33595192492199,61.82125290524245
readset,related_same,20,41,1,EXECUTE,published_after_gate_recheck,17.696517053991556,4.060446750372648,20.33595192492199,61.82125290524245
readset,related_same,20,42,1,EXECUTE,published_after_gate_recheck,14.858101960271597,4.376790951937437,20.33595192492199,61.82125290524245
readset,related_same,20,43,1,EXECUTE,published_after_gate_recheck,14.926060102880001,4.34755627065897,20.33595192492199,61.82125290524245
readset,related_same,20,44,1,EXECUTE,published_after_gate_recheck,18.807200249284506,3.9462330751121044,20.33595192492199,61.82125290524245
readset,related_same,20,45,1,EXECUTE,published_after_gate_recheck,14.816444367170334,4.147519823163748,20.33595192492199,61.82125290524245
readset,related_same,20,46,1,EXECUTE,published_after_gate_recheck,14.82416782528162,4.320724867284298,20.33595192492199,61.82125290524245
readset,related_same,20,47,1,EXECUTE,published_after_gate_recheck,16.711850184947252,6.099903024733067,20.33595192492199,61.82125290524245
readset,related_same,20,48,1,EXECUTE,published_after_gate_recheck,16.22938411310315,4.410192836076021,20.33595192492199,61.82125290524245
readset,related_same,20,49,1,EXECUTE,published_after_gate_recheck,14.953440986573696,4.10489970818162,20.33595192492199,61.82125290524245
readset,related_same,20,50,1,EXECUTE,published_after_gate_recheck,18.114099744707346,6.792763248085976,20.33595192492199,61.82125290524245
readset,related_same,20,51,1,EXECUTE,published_after_gate_recheck,14.803430065512657,4.0749539621174335,20.33595192492199,61.82125290524245
readset,related_same,20,52,1,EXECUTE,published_after_gate_recheck,14.806606341153383,4.267504904419184,20.33595192492199,61.82125290524245
readset,related_same,20,53,1,EXECUTE,published_after_gate_recheck,14.921109657734632,4.19198302552104,20.33595192492199,61.82125290524245
readset,related_same,20,54,1,EXECUTE,published_after_gate_recheck,15.136415138840675,4.553501959890127,20.33595192492199,61.82125290524245
readset,related_same,20,55,1,EXECUTE,published_after_gate_recheck,14.657516032457352,4.37868433073163,20.33595192492199,61.82125290524245
readset,related_same,20,56,1,EXECUTE,published_after_gate_recheck,14.431942719966173,4.056339152157307,20.33595192492199,61.82125290524245
readset,related_same,20,57,1,EXECUTE,published_after_gate_recheck,15.412993263453245,4.1831969283521175,20.33595192492199,61.82125290524245
readset,related_same,20,58,1,EXECUTE,published_after_gate_recheck,15.300111845135689,4.486666992306709,20.33595192492199,61.82125290524245
readset,related_same,20,59,1,EXECUTE,published_after_gate_recheck,14.17432026937604,3.9752167649567127,20.33595192492199,61.82125290524245
readset,related_same,20,60,1,EXECUTE,published_after_gate_recheck,16.982768196612597,6.683517713099718,20.33595192492199,61.82125290524245
readset,related_same,20,61,1,EXECUTE,published_after_gate_recheck,13.877411838620901,3.8948762230575085,20.33595192492199,61.82125290524245
readset,related_same,20,62,1,EXECUTE,published_after_gate_recheck,14.74103331565857,3.9040837436914444,20.33595192492199,61.82125290524245
readset,related_same,20,63,1,EXECUTE,published_after_gate_recheck,20.3412682749331,9.491004049777985,20.33595192492199,61.82125290524245
readset,related_same,20,64,1,EXECUTE,published_after_gate_recheck,14.718299731612206,4.256263840943575,20.33595192492199,61.82125290524245
readset,related_same,20,65,1,EXECUTE,published_after_gate_recheck,14.441471081227064,4.090744070708752,20.33595192492199,61.82125290524245
readset,related_same,20,66,1,EXECUTE,published_after_gate_recheck,14.982915949076414,4.6370490454137325,20.33595192492199,61.82125290524245
readset,related_same,20,67,1,EXECUTE,published_after_gate_recheck,15.349635388702154,4.104529973119497,20.33595192492199,61.82125290524245
readset,related_same,20,68,1,EXECUTE,published_after_gate_recheck,15.146161895245314,4.430199973285198,20.33595192492199,61.82125290524245
readset,related_same,20,69,1,EXECUTE,published_after_gate_recheck,15.390540938824415,4.47129737585783,20.33595192492199,61.82125290524245
readset,related_same,20,70,1,EXECUTE,published_after_gate_recheck,19.019458908587694,4.2076632380485535,20.33595192492199,61.82125290524245
readset,related_same,20,71,1,EXECUTE,published_after_gate_recheck,16.263748984783888,4.690778907388449,20.33595192492199,61.82125290524245
readset,related_same,20,72,1,EXECUTE,published_after_gate_recheck,18.85336684063077,7.125006057322025,20.33595192492199,61.82125290524245
readset,related_same,20,73,1,EXECUTE,published_after_gate_recheck,17.16542011126876,4.197134170681238,20.33595192492199,61.82125290524245
readset,related_same,20,74,1,EXECUTE,published_after_gate_recheck,19.253799226135015,4.441562108695507,20.33595192492199,61.82125290524245
readset,related_same,20,75,1,EXECUTE,published_after_gate_recheck,18.251407891511917,6.316690240055323,20.33595192492199,61.82125290524245
readset,related_same,20,76,1,EXECUTE,published_after_gate_recheck,17.80316699296236,4.470696207135916,20.33595192492199,61.82125290524245
readset,related_same,20,77,1,EXECUTE,published_after_gate_recheck,18.491888884454966,4.439577925950289,20.33595192492199,61.82125290524245
readset,related_same,20,78,1,EXECUTE,published_after_gate_recheck,19.25391796976328,4.323560744524002,20.33595192492199,61.82125290524245
readset,related_same,20,79,1,EXECUTE,published_after_gate_recheck,15.83522604778409,4.3618823401629925,20.33595192492199,61.82125290524245
readset,related_same,20,80,1,EXECUTE,published_after_gate_recheck,15.064549166709185,4.224475007504225,20.33595192492199,61.82125290524245
readset,related_same,20,81,1,EXECUTE,published_after_gate_recheck,18.798342905938625,4.227499943226576,20.33595192492199,61.82125290524245
readset,related_same,20,82,1,EXECUTE,published_after_gate_recheck,15.477013308554888,4.350991919636726,20.33595192492199,61.82125290524245
readset,related_same,20,83,1,EXECUTE,published_after_gate_recheck,15.75086684897542,4.36667213216424,20.33595192492199,61.82125290524245
readset,related_same,20,84,1,EXECUTE,published_after_gate_recheck,17.263213638216257,4.58265608176589,20.33595192492199,61.82125290524245
readset,related_same,20,85,1,EXECUTE,published_after_gate_recheck,18.140709958970547,5.488215014338493,20.33595192492199,61.82125290524245
readset,related_same,20,86,1,EXECUTE,published_after_gate_recheck,15.951512847095728,4.557800013571978,20.33595192492199,61.82125290524245
readset,related_same,20,87,1,EXECUTE,published_after_gate_recheck,15.57204220443964,4.265742376446724,20.33595192492199,61.82125290524245
readset,related_same,20,88,1,EXECUTE,published_after_gate_recheck,15.141213312745094,4.234111867845058,20.33595192492199,61.82125290524245
readset,related_same,20,89,1,EXECUTE,published_after_gate_recheck,15.35398280248046,4.5653339475393295,20.33595192492199,61.82125290524245
readset,related_same,20,90,1,EXECUTE,published_after_gate_recheck,18.168011214584112,4.33618389070034,20.33595192492199,61.82125290524245
readset,related_same,20,91,1,EXECUTE,published_after_gate_recheck,14.87511396408081,3.8637276738882065,20.33595192492199,61.82125290524245
readset,related_same,20,92,1,EXECUTE,published_after_gate_recheck,15.242964029312134,4.245955031365156,20.33595192492199,61.82125290524245
readset,related_same,20,93,1,EXECUTE,published_after_gate_recheck,22.7062851190567,4.380006808787584,20.33595192492199,61.82125290524245
readset,related_same,20,94,1,EXECUTE,published_after_gate_recheck,16.97406219318509,4.858724307268858,20.33595192492199,61.82125290524245
readset,related_same,20,95,1,EXECUTE,published_after_gate_recheck,16.209127381443977,4.354116972535849,20.33595192492199,61.82125290524245
readset,related_same,20,96,1,EXECUTE,published_after_gate_recheck,15.39982808753848,4.279538057744503,20.33595192492199,61.82125290524245
readset,related_same,20,97,1,EXECUTE,published_after_gate_recheck,16.958092339336872,4.482859745621681,20.33595192492199,61.82125290524245
readset,related_same,20,98,1,EXECUTE,published_after_gate_recheck,16.130818985402584,4.421114455908537,20.33595192492199,61.82125290524245
readset,related_same,20,99,1,EXECUTE,published_after_gate_recheck,15.703949145972729,4.381840117275715,20.33595192492199,61.82125290524245
global,unrelated,100,0,1,EXECUTE,published_after_gate_recheck,18.273489084094763,4.438676871359348,100.03891052507659,18.234204380745982
global,unrelated,100,1,1,EXECUTE,published_after_gate_recheck,19.98781505972147,4.249832592904568,100.03891052507659,18.234204380745982
global,unrelated,100,2,1,EXECUTE,published_after_gate_recheck,18.988389987498522,5.10043790563941,100.03891052507659,18.234204380745982
global,unrelated,100,3,0,REVOKE,context_version_changed_at_publish,17.625954933464527,5.777658428996801,100.03891052507659,18.234204380745982
global,unrelated,100,4,0,REVOKE,context_version_changed_at_publish,18.538025207817554,6.596445105969906,100.03891052507659,18.234204380745982
global,unrelated,100,5,0,REVOKE,context_version_changed_at_publish,18.981146160513163,7.949844002723694,100.03891052507659,18.234204380745982
global,unrelated,100,6,0,REVOKE,context_version_changed_at_publish,19.931668881326914,7.923613768070936,100.03891052507659,18.234204380745982
global,unrelated,100,7,0,REVOKE,context_version_changed_at_publish,20.331810228526592,8.079996798187494,100.03891052507659,18.234204380745982
global,unrelated,100,8,0,REVOKE,context_version_changed_at_publish,18.617584835737944,6.911295000463724,100.03891052507659,18.234204380745982
global,unrelated,100,9,1,EXECUTE,published_after_gate_recheck,15.865783207118511,4.3609109707176685,100.03891052507659,18.234204380745982
global,unrelated,100,10,0,REVOKE,context_version_changed_at_publish,17.299502156674862,6.446863990277052,100.03891052507659,18.234204380745982
global,unrelated,100,11,0,REVOKE,context_version_changed_at_publish,17.55419885739684,6.992937996983528,100.03891052507659,18.234204380745982
global,unrelated,100,12,1,EXECUTE,published_after_gate_recheck,14.700066298246384,3.8439109921455383,100.03891052507659,18.234204380745982
global,unrelated,100,13,1,EXECUTE,published_after_gate_recheck,18.980376422405243,4.575883969664574,100.03891052507659,18.234204380745982
global,unrelated,100,14,0,REVOKE,context_version_changed_at_publish,17.215615138411522,6.250795908272266,100.03891052507659,18.234204380745982
global,unrelated,100,15,0,REVOKE,context_version_changed_at_publish,17.878699116408825,6.5845618955791,100.03891052507659,18.234204380745982
global,unrelated,100,16,0,REVOKE,context_version_changed_at_publish,21.738999988883734,9.807296562939882,100.03891052507659,18.234204380745982
global,unrelated,100,17,0,REVOKE,context_version_changed_at_publish,18.543395213782787,6.676304154098034,100.03891052507659,18.234204380745982
global,unrelated,100,18,0,REVOKE,context_version_changed_at_publish,21.37002767995,9.441550821065903,100.03891052507659,18.234204380745982
global,unrelated,100,19,0,REVOKE,context_version_changed_at_publish,18.90454301610589,7.631446234881878,100.03891052507659,18.234204380745982
global,unrelated,100,20,0,REVOKE,context_version_changed_at_publish,19.54953232780099,9.101883973926306,100.03891052507659,18.234204380745982
global,unrelated,100,21,0,REVOKE,context_version_changed_at_publish,19.400864373892546,7.901962846517563,100.03891052507659,18.234204380745982
global,unrelated,100,22,1,EXECUTE,published_after_gate_recheck,15.514884144067764,4.486606922000647,100.03891052507659,18.234204380745982
global,unrelated,100,23,1,EXECUTE,published_after_gate_recheck,18.873505294322968,4.120368976145983,100.03891052507659,18.234204380745982
global,unrelated,100,24,0,REVOKE,context_version_changed_at_publish,17.035005148500204,5.980989895761013,100.03891052507659,18.234204380745982
global,unrelated,100,25,0,REVOKE,context_version_changed_at_publish,17.757241148501635,6.444619037210941,100.03891052507659,18.234204380745982
global,unrelated,100,26,0,REVOKE,context_version_changed_at_publish,20.449220668524504,9.031081106513739,100.03891052507659,18.234204380745982
global,unrelated,100,27,1,EXECUTE,published_after_gate_recheck,15.105956699699163,4.2367372661828995,100.03891052507659,18.234204380745982
global,unrelated,100,28,1,EXECUTE,published_after_gate_recheck,19.09958804026246,4.25838865339756,100.03891052507659,18.234204380745982
global,unrelated,100,29,0,REVOKE,context_version_changed_at_publish,16.905713826417923,6.5425727516412735,100.03891052507659,18.234204380745982
global,unrelated,100,30,0,REVOKE,context_version_changed_at_publish,18.085616640746593,8.309438358992338,100.03891052507659,18.234204380745982
global,unrelated,100,31,0,REVOKE,context_version_changed_at_publish,20.128979813307524,8.52138502523303,100.03891052507659,18.234204380745982
global,unrelated,100,32,1,EXECUTE,published_after_gate_recheck,14.509237837046385,4.207422956824303,100.03891052507659,18.234204380745982
global,unrelated,100,33,0,REVOKE,context_version_changed_at_publish,16.22630935162306,5.6525226682424545,100.03891052507659,18.234204380745982
global,unrelated,100,34,1,EXECUTE,published_after_gate_recheck,14.636216219514608,4.0862951427698135,100.03891052507659,18.234204380745982
global,unrelated,100,35,1,EXECUTE,published_after_gate_recheck,18.629797268658876,3.8449428975582123,100.03891052507659,18.234204380745982
global,unrelated,100,36,0,REVOKE,context_version_changed_at_publish,16.47073682397604,5.621606018394232,100.03891052507659,18.234204380745982
global,unrelated,100,37,0,REVOKE,context_version_changed_at_publish,18.130690790712833,7.725121919065714,100.03891052507659,18.234204380745982
global,unrelated,100,38,1,EXECUTE,published_after_gate_recheck,15.973805915564299,3.8907486014068127,100.03891052507659,18.234204380745982
global,unrelated,100,39,0,REVOKE,context_version_changed_at_publish,16.246818006038666,5.391323007643223,100.03891052507659,18.234204380745982
global,unrelated,100,40,0,REVOKE,context_version_changed_at_publish,19.738136790692806,8.460912387818098,100.03891052507659,18.234204380745982
global,unrelated,100,41,0,REVOKE,context_version_changed_at_publish,20.4343032091856,9.189888834953308,100.03891052507659,18.234204380745982
global,unrelated,100,42,0,REVOKE,context_version_changed_at_publish,19.111571367830038,8.126965258270502,100.03891052507659,18.234204380745982
global,unrelated,100,43,1,EXECUTE,published_after_gate_recheck,15.882222913205624,4.531079903244972,100.03891052507659,18.234204380745982
global,unrelated,100,44,0,REVOKE,context_version_changed_at_publish,24.203702807426453,9.346493054181337,100.03891052507659,18.234204380745982
global,unrelated,100,45,0,REVOKE,context_version_changed_at_publish,20.96817409619689,8.895756676793098,100.03891052507659,18.234204380745982
global,unrelated,100,46,0,REVOKE,context_version_changed_at_publish,18.044729717075825,7.078217808157206,100.03891052507659,18.234204380745982
global,unrelated,100,47,0,REVOKE,context_version_changed_at_publish,22.344475146383047,10.235391091555357,100.03891052507659,18.234204380745982
global,unrelated,100,48,0,REVOKE,context_version_changed_at_publish,17.18750176951289,6.308454088866711,100.03891052507659,18.234204380745982
global,unrelated,100,49,0,REVOKE,context_version_changed_at_publish,22.967644035816193,9.51444823294878,100.03891052507659,18.234204380745982
global,unrelated,100,50,0,REVOKE,context_version_changed_at_publish,17.449303064495325,5.334215704351664,100.03891052507659,18.234204380745982
global,unrelated,100,51,1,EXECUTE,published_after_gate_recheck,15.803005080670118,4.8243198543787,100.03891052507659,18.234204380745982
global,unrelated,100,52,1,EXECUTE,published_after_gate_recheck,18.06919602677226,3.799566999077797,100.03891052507659,18.234204380745982
global,unrelated,100,53,0,REVOKE,context_version_changed_at_publish,16.788043081760406,6.051963195204735,100.03891052507659,18.234204380745982
global,unrelated,100,54,0,REVOKE,context_version_changed_at_publish,19.284145440906286,7.826721761375666,100.03891052507659,18.234204380745982
global,unrelated,100,55,1,EXECUTE,published_after_gate_recheck,14.878239948302507,3.9677931927144527,100.03891052507659,18.234204380745982
global,unrelated,100,56,1,EXECUTE,published_after_gate_recheck,19.93404421955347,4.278745967894793,100.03891052507659,18.234204380745982
global,unrelated,100,57,1,EXECUTE,published_after_gate_recheck,20.478525198996067,4.2247651144862175,100.03891052507659,18.234204380745982
global,unrelated,100,58,1,EXECUTE,published_after_gate_recheck,19.21049738302827,4.195651039481163,100.03891052507659,18.234204380745982
global,unrelated,100,59,1,EXECUTE,published_after_gate_recheck,18.897810019552708,4.291761200875044,100.03891052507659,18.234204380745982
global,unrelated,100,60,0,REVOKE,context_version_changed_at_publish,17.513883765786886,6.347688380628824,100.03891052507659,18.234204380745982
global,unrelated,100,61,0,REVOKE,context_version_changed_at_publish,17.69493380561471,7.186100352555513,100.03891052507659,18.234204380745982
global,unrelated,100,62,1,EXECUTE,published_after_gate_recheck,14.216368086636066,3.5161757841706276,100.03891052507659,18.234204380745982
global,unrelated,100,63,0,REVOKE,context_version_changed_at_publish,16.620709095150232,5.8672260493040085,100.03891052507659,18.234204380745982
global,unrelated,100,64,1,EXECUTE,published_after_gate_recheck,14.565933961421251,4.189028404653072,100.03891052507659,18.234204380745982
global,unrelated,100,65,0,REVOKE,context_version_changed_at_publish,15.104954596608877,5.743924994021654,100.03891052507659,18.234204380745982
global,unrelated,100,66,1,EXECUTE,published_after_gate_recheck,14.590900857001543,4.44818427786231,100.03891052507659,18.234204380745982
global,unrelated,100,67,0,REVOKE,context_version_changed_at_publish,17.54108490422368,6.358136888593435,100.03891052507659,18.234204380745982
global,unrelated,100,68,0,REVOKE,context_version_changed_at_publish,17.885953187942505,6.0196323320269585,100.03891052507659,18.234204380745982
global,unrelated,100,69,1,EXECUTE,published_after_gate_recheck,15.033050905913115,4.363535437732935,100.03891052507659,18.234204380745982
global,unrelated,100,70,0,REVOKE,context_version_changed_at_publish,24.720042943954468,9.411836043000221,100.03891052507659,18.234204380745982
global,unrelated,100,71,1,EXECUTE,published_after_gate_recheck,16.190652269870043,4.573008976876736,100.03891052507659,18.234204380745982
global,unrelated,100,72,0,REVOKE,context_version_changed_at_publish,22.421529982239008,7.5862412340939045,100.03891052507659,18.234204380745982
global,unrelated,100,73,1,EXECUTE,published_after_gate_recheck,17.724599689245224,4.340372048318386,100.03891052507659,18.234204380745982
global,unrelated,100,74,1,EXECUTE,published_after_gate_recheck,17.958348151296377,4.2800079099833965,100.03891052507659,18.234204380745982
global,unrelated,100,75,1,EXECUTE,published_after_gate_recheck,20.563675090670586,4.2354450561106205,100.03891052507659,18.234204380745982
global,unrelated,100,76,0,REVOKE,context_version_changed_at_publish,24.02413636445999,8.061943110078573,100.03891052507659,18.234204380745982
global,unrelated,100,77,0,REVOKE,context_version_changed_at_publish,29.20316206291318,15.572352334856987,100.03891052507659,18.234204380745982
global,unrelated,100,78,0,REVOKE,context_version_changed_at_publish,24.849816225469112,10.163675993680954,100.03891052507659,18.234204380745982
global,unrelated,100,79,0,REVOKE,context_version_changed_at_publish,19.354736898094416,7.8331343829631805,100.03891052507659,18.234204380745982
global,unrelated,100,80,0,REVOKE,context_version_changed_at_publish,21.40761911869049,6.176064722239971,100.03891052507659,18.234204380745982
global,unrelated,100,81,0,REVOKE,context_version_changed_at_publish,20.175908226519823,7.548700086772442,100.03891052507659,18.234204380745982
global,unrelated,100,82,0,REVOKE,context_version_changed_at_publish,17.80706364661455,5.934672895818949,100.03891052507659,18.234204380745982
global,unrelated,100,83,0,REVOKE,context_version_changed_at_publish,18.45444831997156,6.72156922519207,100.03891052507659,18.234204380745982
global,unrelated,100,84,0,REVOKE,context_version_changed_at_publish,19.98573075979948,7.917623035609722,100.03891052507659,18.234204380745982
global,unrelated,100,85,0,REVOKE,context_version_changed_at_publish,20.770472940057516,6.516413763165474,100.03891052507659,18.234204380745982
global,unrelated,100,86,0,REVOKE,context_version_changed_at_publish,19.313519820570946,6.49647694081068,100.03891052507659,18.234204380745982
global,unrelated,100,87,0,REVOKE,context_version_changed_at_publish,17.950003035366535,6.943565793335438,100.03891052507659,18.234204380745982
global,unrelated,100,88,0,REVOKE,context_version_changed_at_publish,21.22899377718568,9.200850035995245,100.03891052507659,18.234204380745982
global,unrelated,100,89,0,REVOKE,context_version_changed_at_publish,21.24296873807907,9.732035920023918,100.03891052507659,18.234204380745982
global,unrelated,100,90,0,REVOKE,context_version_changed_at_publish,17.15227495878935,5.0522382371127605,100.03891052507659,18.234204380745982
global,unrelated,100,91,1,EXECUTE,published_after_gate_recheck,17.01753307133913,4.968049004673958,100.03891052507659,18.234204380745982
global,unrelated,100,92,1,EXECUTE,published_after_gate_recheck,17.419838346540928,4.233861807733774,100.03891052507659,18.234204380745982
global,unrelated,100,93,0,REVOKE,context_version_changed_at_publish,17.17134192585945,6.033297162503004,100.03891052507659,18.234204380745982
global,unrelated,100,94,0,REVOKE,context_version_changed_at_publish,18.346356227993965,7.374754175543785,100.03891052507659,18.234204380745982
global,unrelated,100,95,1,EXECUTE,published_after_gate_recheck,15.978123061358929,4.381650127470493,100.03891052507659,18.234204380745982
global,unrelated,100,96,1,EXECUTE,published_after_gate_recheck,19.19594034552574,4.248348996043205,100.03891052507659,18.234204380745982
global,unrelated,100,97,0,REVOKE,context_version_changed_at_publish,17.901010811328888,6.1622196808457375,100.03891052507659,18.234204380745982
global,unrelated,100,98,0,REVOKE,context_version_changed_at_publish,18.111093901097775,6.460648961365223,100.03891052507659,18.234204380745982
global,unrelated,100,99,0,REVOKE,context_version_changed_at_publish,20.53362876176834,8.576148189604282,100.03891052507659,18.234204380745982
readset,unrelated,100,0,1,EXECUTE,published_after_gate_recheck,18.34671664983034,4.966086242347956,100.0282638718309,51.71866294599748
readset,unrelated,100,1,1,EXECUTE,published_after_gate_recheck,27.291295118629932,8.903942070901394,100.0282638718309,51.71866294599748
readset,unrelated,100,2,1,EXECUTE,published_after_gate_recheck,20.843419712036848,6.546800956130028,100.0282638718309,51.71866294599748
readset,unrelated,100,3,1,EXECUTE,published_after_gate_recheck,18.26243894174695,6.220838986337185,100.0282638718309,51.71866294599748
readset,unrelated,100,4,1,EXECUTE,published_after_gate_recheck,19.59502836689353,6.052764132618904,100.0282638718309,51.71866294599748
readset,unrelated,100,5,1,EXECUTE,published_after_gate_recheck,19.94632789865136,6.474685855209827,100.0282638718309,51.71866294599748
readset,unrelated,100,6,1,EXECUTE,published_after_gate_recheck,22.783889900892973,7.278883829712868,100.0282638718309,51.71866294599748
readset,unrelated,100,7,1,EXECUTE,published_after_gate_recheck,52.82140802592039,28.896616771817207,100.0282638718309,51.71866294599748
readset,unrelated,100,8,1,EXECUTE,published_after_gate_recheck,22.566943429410458,7.432172074913979,100.0282638718309,51.71866294599748
readset,unrelated,100,9,1,EXECUTE,published_after_gate_recheck,20.57993458583951,9.707530029118061,100.0282638718309,51.71866294599748
readset,unrelated,100,10,1,EXECUTE,published_after_gate_recheck,19.89132398739457,6.9017671048641205,100.0282638718309,51.71866294599748
readset,unrelated,100,11,1,EXECUTE,published_after_gate_recheck,20.592309068888426,9.018928743898869,100.0282638718309,51.71866294599748
readset,unrelated,100,12,1,EXECUTE,published_after_gate_recheck,18.941912800073624,6.739452946931124,100.0282638718309,51.71866294599748
readset,unrelated,100,13,1,EXECUTE,published_after_gate_recheck,19.647567067295313,7.548389956355095,100.0282638718309,51.71866294599748
readset,unrelated,100,14,1,EXECUTE,published_after_gate_recheck,18.78463802859187,7.210625801235437,100.0282638718309,51.71866294599748
readset,unrelated,100,15,1,EXECUTE,published_after_gate_recheck,15.268411953002214,3.9790538139641285,100.0282638718309,51.71866294599748
readset,unrelated,100,16,1,EXECUTE,published_after_gate_recheck,19.34888632968068,4.466729238629341,100.0282638718309,51.71866294599748
readset,unrelated,100,17,1,EXECUTE,published_after_gate_recheck,19.26218392327428,4.443105310201645,100.0282638718309,51.71866294599748
readset,unrelated,100,18,1,EXECUTE,published_after_gate_recheck,19.251914229243994,3.914983943104744,100.0282638718309,51.71866294599748
readset,unrelated,100,19,1,EXECUTE,published_after_gate_recheck,17.076944932341576,6.750802975147963,100.0282638718309,51.71866294599748
readset,unrelated,100,20,1,EXECUTE,published_after_gate_recheck,19.099158234894276,7.102322764694691,100.0282638718309,51.71866294599748
readset,unrelated,100,21,1,EXECUTE,published_after_gate_recheck,20.57315269485116,9.50718391686678,100.0282638718309,51.71866294599748
readset,unrelated,100,22,1,EXECUTE,published_after_gate_recheck,18.8521440140903,8.330586832016706,100.0282638718309,51.71866294599748
readset,unrelated,100,23,1,EXECUTE,published_after_gate_recheck,15.770404133945704,4.48707677423954,100.0282638718309,51.71866294599748
readset,unrelated,100,24,1,EXECUTE,published_after_gate_recheck,25.01153899356723,8.715920150279999,100.0282638718309,51.71866294599748
readset,unrelated,100,25,1,EXECUTE,published_after_gate_recheck,20.025054924190044,8.455753326416016,100.0282638718309,51.71866294599748
readset,unrelated,100,26,1,EXECUTE,published_after_gate_recheck,20.27977304533124,8.821899071335793,100.0282638718309,51.71866294599748
readset,unrelated,100,27,1,EXECUTE,published_after_gate_recheck,19.300226122140884,8.291312959045172,100.0282638718309,51.71866294599748
readset,unrelated,100,28,1,EXECUTE,published_after_gate_recheck,19.962426740676165,8.38748412206769,100.0282638718309,51.71866294599748
readset,unrelated,100,29,1,EXECUTE,published_after_gate_recheck,15.352999791502953,4.4422331266105175,100.0282638718309,51.71866294599748
readset,unrelated,100,30,1,EXECUTE,published_after_gate_recheck,17.570639960467815,6.594710983335972,100.0282638718309,51.71866294599748
readset,unrelated,100,31,1,EXECUTE,published_after_gate_recheck,17.148799262940884,6.072941701859236,100.0282638718309,51.71866294599748
readset,unrelated,100,32,1,EXECUTE,published_after_gate_recheck,21.0675410926342,8.559778332710266,100.0282638718309,51.71866294599748
readset,unrelated,100,33,1,EXECUTE,published_after_gate_recheck,19.035769160836935,6.967149209231138,100.0282638718309,51.71866294599748
readset,unrelated,100,34,1,EXECUTE,published_after_gate_recheck,20.055971574038267,7.612479850649834,100.0282638718309,51.71866294599748
readset,unrelated,100,35,1,EXECUTE,published_after_gate_recheck,18.36875779554248,7.054534275084734,100.0282638718309,51.71866294599748
readset,unrelated,100,36,1,EXECUTE,published_after_gate_recheck,16.45478792488575,4.314253106713295,100.0282638718309,51.71866294599748
readset,unrelated,100,37,1,EXECUTE,published_after_gate_recheck,17.872286029160023,4.324161913245916,100.0282638718309,51.71866294599748
readset,unrelated,100,38,1,EXECUTE,published_after_gate_recheck,17.50429579988122,6.287133786827326,100.0282638718309,51.71866294599748
readset,unrelated,100,39,1,EXECUTE,published_after_gate_recheck,20.047356840223074,8.195123169571161,100.0282638718309,51.71866294599748
readset,unrelated,100,40,1,EXECUTE,published_after_gate_recheck,18.16732995212078,6.889784708619118,100.0282638718309,51.71866294599748
readset,unrelated,100,41,1,EXECUTE,published_after_gate_recheck,21.39492379501462,9.42884711548686,100.0282638718309,51.71866294599748
readset,unrelated,100,42,1,EXECUTE,published_after_gate_recheck,19.226116128265858,8.08861292898655,100.0282638718309,51.71866294599748
readset,unrelated,100,43,1,EXECUTE,published_after_gate_recheck,19.04654921963811,7.872697897255421,100.0282638718309,51.71866294599748
readset,unrelated,100,44,1,EXECUTE,published_after_gate_recheck,15.318174846470356,4.4367630034685135,100.0282638718309,51.71866294599748
readset,unrelated,100,45,1,EXECUTE,published_after_gate_recheck,15.907892026007175,5.830608308315277,100.0282638718309,51.71866294599748
readset,unrelated,100,46,1,EXECUTE,published_after_gate_recheck,19.997182302176952,8.513098582625389,100.0282638718309,51.71866294599748
readset,unrelated,100,47,1,EXECUTE,published_after_gate_recheck,20.140862092375755,9.067168924957514,100.0282638718309,51.71866294599748
readset,unrelated,100,48,1,EXECUTE,published_after_gate_recheck,18.80140881985426,7.057929877191782,100.0282638718309,51.71866294599748
readset,unrelated,100,49,1,EXECUTE,published_after_gate_recheck,22.20481401309371,9.846610948443413,100.0282638718309,51.71866294599748
readset,unrelated,100,50,1,EXECUTE,published_after_gate_recheck,18.390989862382412,6.484353914856911,100.0282638718309,51.71866294599748
readset,unrelated,100,51,1,EXECUTE,published_after_gate_recheck,20.87821625173092,8.652151096612215,100.0282638718309,51.71866294599748
readset,unrelated,100,52,1,EXECUTE,published_after_gate_recheck,18.48196005448699,6.668649613857269,100.0282638718309,51.71866294599748
readset,unrelated,100,53,1,EXECUTE,published_after_gate_recheck,15.635060146450996,4.824580159038305,100.0282638718309,51.71866294599748
readset,unrelated,100,54,1,EXECUTE,published_after_gate_recheck,18.444279208779335,4.662004765123129,100.0282638718309,51.71866294599748
readset,unrelated,100,55,1,EXECUTE,published_after_gate_recheck,19.738858100026846,4.2617847211658955,100.0282638718309,51.71866294599748
readset,unrelated,100,56,1,EXECUTE,published_after_gate_recheck,19.744959194213152,4.630605690181255,100.0282638718309,51.71866294599748
readset,unrelated,100,57,1,EXECUTE,published_after_gate_recheck,21.265131421387196,4.865607246756554,100.0282638718309,51.71866294599748
readset,unrelated,100,58,1,EXECUTE,published_after_gate_recheck,18.524149898439646,4.096074029803276,100.0282638718309,51.71866294599748
readset,unrelated,100,59,1,EXECUTE,published_after_gate_recheck,16.90028328448534,6.040862761437893,100.0282638718309,51.71866294599748
readset,unrelated,100,60,1,EXECUTE,published_after_gate_recheck,17.39857764914632,6.940188817679882,100.0282638718309,51.71866294599748
readset,unrelated,100,61,1,EXECUTE,published_after_gate_recheck,15.918891876935959,4.146198276430368,100.0282638718309,51.71866294599748
readset,unrelated,100,62,1,EXECUTE,published_after_gate_recheck,15.969367232173681,5.66375395283103,100.0282638718309,51.71866294599748
readset,unrelated,100,63,1,EXECUTE,published_after_gate_recheck,18.780170008540154,8.306882809847593,100.0282638718309,51.71866294599748
readset,unrelated,100,64,1,EXECUTE,published_after_gate_recheck,15.68646589294076,4.626458045095205,100.0282638718309,51.71866294599748
readset,unrelated,100,65,1,EXECUTE,published_after_gate_recheck,17.44613703340292,4.6188137494027615,100.0282638718309,51.71866294599748
readset,unrelated,100,66,1,EXECUTE,published_after_gate_recheck,17.968356143683195,6.643493194133043,100.0282638718309,51.71866294599748
readset,unrelated,100,67,1,EXECUTE,published_after_gate_recheck,19.457990769296885,7.950795348733664,100.0282638718309,51.71866294599748
readset,unrelated,100,68,1,EXECUTE,published_after_gate_recheck,20.94612317159772,9.573549032211304,100.0282638718309,51.71866294599748
readset,unrelated,100,69,1,EXECUTE,published_after_gate_recheck,18.469917587935925,8.25374387204647,100.0282638718309,51.71866294599748
readset,unrelated,100,70,1,EXECUTE,published_after_gate_recheck,15.30951913446188,4.570694174617529,100.0282638718309,51.71866294599748
readset,unrelated,100,71,1,EXECUTE,published_after_gate_recheck,19.085682928562164,4.040909931063652,100.0282638718309,51.71866294599748
readset,unrelated,100,72,1,EXECUTE,published_after_gate_recheck,19.203172996640205,4.544035065919161,100.0282638718309,51.71866294599748
readset,unrelated,100,73,1,EXECUTE,published_after_gate_recheck,16.877118963748217,6.138925906270742,100.0282638718309,51.71866294599748
readset,unrelated,100,74,1,EXECUTE,published_after_gate_recheck,19.103034865111113,8.785921148955822,100.0282638718309,51.71866294599748
readset,unrelated,100,75,1,EXECUTE,published_after_gate_recheck,15.846775844693184,4.600109066814184,100.0282638718309,51.71866294599748
readset,unrelated,100,76,1,EXECUTE,published_after_gate_recheck,20.213809330016375,5.695785395801067,100.0282638718309,51.71866294599748
readset,unrelated,100,77,1,EXECUTE,published_after_gate_recheck,19.041499122977257,4.667656030505896,100.0282638718309,51.71866294599748
readset,unrelated,100,78,1,EXECUTE,published_after_gate_recheck,18.8873209990561,4.7905961982905865,100.0282638718309,51.71866294599748
readset,unrelated,100,79,1,EXECUTE,published_after_gate_recheck,17.243116162717342,5.749195348471403,100.0282638718309,51.71866294599748
readset,unrelated,100,80,1,EXECUTE,published_after_gate_recheck,18.022438045591116,6.894553080201149,100.0282638718309,51.71866294599748
readset,unrelated,100,81,1,EXECUTE,published_after_gate_recheck,21.92648220807314,6.764238700270653,100.0282638718309,51.71866294599748
readset,unrelated,100,82,1,EXECUTE,published_after_gate_recheck,16.02703472599387,5.875411909073591,100.0282638718309,51.71866294599748
readset,unrelated,100,83,1,EXECUTE,published_after_gate_recheck,22.431720048189163,9.712549857795238,100.0282638718309,51.71866294599748
readset,unrelated,100,84,1,EXECUTE,published_after_gate_recheck,19.54123703762889,7.933762855827808,100.0282638718309,51.71866294599748
readset,unrelated,100,85,1,EXECUTE,published_after_gate_recheck,15.563043765723705,4.402839113026857,100.0282638718309,51.71866294599748
readset,unrelated,100,86,1,EXECUTE,published_after_gate_recheck,16.74981089308858,4.030691925436258,100.0282638718309,51.71866294599748
readset,unrelated,100,87,1,EXECUTE,published_after_gate_recheck,17.76456506922841,6.463404279202223,100.0282638718309,51.71866294599748
readset,unrelated,100,88,1,EXECUTE,published_after_gate_recheck,20.4648501239717,8.7203080765903,100.0282638718309,51.71866294599748
readset,unrelated,100,89,1,EXECUTE,published_after_gate_recheck,20.314157009124756,9.072630200535059,100.0282638718309,51.71866294599748
readset,unrelated,100,90,1,EXECUTE,published_after_gate_recheck,18.971749115735292,8.643635082989931,100.0282638718309,51.71866294599748
readset,unrelated,100,91,1,EXECUTE,published_after_gate_recheck,19.360207952558994,7.89027102291584,100.0282638718309,51.71866294599748
readset,unrelated,100,92,1,EXECUTE,published_after_gate_recheck,20.646249875426292,9.000454097986221,100.0282638718309,51.71866294599748
readset,unrelated,100,93,1,EXECUTE,published_after_gate_recheck,16.050109174102545,4.960235208272934,100.0282638718309,51.71866294599748
readset,unrelated,100,94,1,EXECUTE,published_after_gate_recheck,18.939778674393892,4.692553076893091,100.0282638718309,51.71866294599748
readset,unrelated,100,95,1,EXECUTE,published_after_gate_recheck,17.95795699581504,4.027014132589102,100.0282638718309,51.71866294599748
readset,unrelated,100,96,1,EXECUTE,published_after_gate_recheck,17.520796973258257,6.36689318343997,100.0282638718309,51.71866294599748
readset,unrelated,100,97,1,EXECUTE,published_after_gate_recheck,17.851457931101322,6.983340252190828,100.0282638718309,51.71866294599748
readset,unrelated,100,98,1,EXECUTE,published_after_gate_recheck,21.668377798050642,9.875685907900333,100.0282638718309,51.71866294599748
readset,unrelated,100,99,1,EXECUTE,published_after_gate_recheck,19.367701839655638,7.868280168622732,100.0282638718309,51.71866294599748
global,related_same,100,0,1,EXECUTE,published_after_gate_recheck,17.350767739117146,4.2451829649508,100.0505428635331,21.656051558293225
global,related_same,100,1,0,REVOKE,context_version_changed_at_publish,18.13642168417573,6.644994951784611,100.0505428635331,21.656051558293225
global,related_same,100,2,0,REVOKE,context_version_changed_at_publish,17.55577279254794,5.721752997487783,100.0505428635331,21.656051558293225
global,related_same,100,3,0,REVOKE,context_version_changed_at_publish,20.08277317509055,8.982229977846146,100.0505428635331,21.656051558293225
global,related_same,100,4,0,REVOKE,context_version_changed_at_publish,18.41038605198264,7.047039922326803,100.0505428635331,21.656051558293225
global,related_same,100,5,1,EXECUTE,published_after_gate_recheck,15.770953614264727,4.130348097532988,100.0505428635331,21.656051558293225
global,related_same,100,6,0,REVOKE,context_version_changed_at_publish,24.72840715199709,9.578899014741182,100.0505428635331,21.656051558293225
global,related_same,100,7,1,EXECUTE,published_after_gate_recheck,16.233070753514767,4.216108936816454,100.0505428635331,21.656051558293225
global,related_same,100,8,1,EXECUTE,published_after_gate_recheck,19.298281986266375,4.921531770378351,100.0505428635331,21.656051558293225
global,related_same,100,9,1,EXECUTE,published_after_gate_recheck,18.94961716607213,4.509719088673592,100.0505428635331,21.656051558293225
global,related_same,100,10,0,REVOKE,context_version_changed_at_publish,17.961003351956606,6.438127253204584,100.0505428635331,21.656051558293225
global,related_same,100,11,0,REVOKE,context_version_changed_at_publish,19.00152489542961,6.081368308514357,100.0505428635331,21.656051558293225
global,related_same,100,12,0,REVOKE,context_version_changed_at_publish,19.522943068295717,7.4579911306500435,100.0505428635331,21.656051558293225
global,related_same,100,13,0,REVOKE,context_version_changed_at_publish,18.946080934256315,7.972626015543938,100.0505428635331,21.656051558293225
global,related_same,100,14,1,EXECUTE,published_after_gate_recheck,16.541489865630865,4.493680316954851,100.0505428635331,21.656051558293225
global,related_same,100,15,1,EXECUTE,published_after_gate_recheck,17.908002715557814,4.379064776003361,100.0505428635331,21.656051558293225
global,related_same,100,16,1,EXECUTE,published_after_gate_recheck,20.047185942530632,4.564973060041666,100.0505428635331,21.656051558293225
global,related_same,100,17,1,EXECUTE,published_after_gate_recheck,21.707179956138134,6.092870142310858,100.0505428635331,21.656051558293225
global,related_same,100,18,1,EXECUTE,published_after_gate_recheck,18.412048928439617,4.373423755168915,100.0505428635331,21.656051558293225
global,related_same,100,19,1,EXECUTE,published_after_gate_recheck,18.221040721982718,4.147239960730076,100.0505428635331,21.656051558293225
global,related_same,100,20,0,REVOKE,context_version_changed_at_publish,16.97698701173067,6.021175067871809,100.0505428635331,21.656051558293225
global,related_same,100,21,0,REVOKE,context_version_changed_at_publish,18.461952917277813,7.744939066469669,100.0505428635331,21.656051558293225
global,related_same,100,22,1,EXECUTE,published_after_gate_recheck,14.839556999504566,4.08228812739253,100.0505428635331,21.656051558293225
global,related_same,100,23,0,REVOKE,context_version_changed_at_publish,17.714951653033495,6.066620349884033,100.0505428635331,21.656051558293225
global,related_same,100,24,0,REVOKE,context_version_changed_at_publish,18.23566760867834,7.83118000254035,100.0505428635331,21.656051558293225
global,related_same,100,25,1,EXECUTE,published_after_gate_recheck,14.849596191197634,4.47570625692606,100.0505428635331,21.656051558293225
global,related_same,100,26,1,EXECUTE,published_after_gate_recheck,17.91646983474493,4.069213755428791,100.0505428635331,21.656051558293225
global,related_same,100,27,0,REVOKE,context_version_changed_at_publish,16.797299962490797,6.306741386651993,100.0505428635331,21.656051558293225
global,related_same,100,28,0,REVOKE,context_version_changed_at_publish,18.558683805167675,7.141696754842997,100.0505428635331,21.656051558293225
global,related_same,100,29,1,EXECUTE,published_after_gate_recheck,15.670816414058208,4.176253918558359,100.0505428635331,21.656051558293225
global,related_same,100,30,0,REVOKE,context_version_changed_at_publish,16.34250720962882,5.514814984053373,100.0505428635331,21.656051558293225
global,related_same,100,31,0,REVOKE,context_version_changed_at_publish,19.2314968444407,7.781907916069031,100.0505428635331,21.656051558293225
global,related_same,100,32,1,EXECUTE,published_after_gate_recheck,15.597228892147541,4.602434113621712,100.0505428635331,21.656051558293225
global,related_same,100,33,1,EXECUTE,published_after_gate_recheck,19.34355730190873,4.380897618830204,100.0505428635331,21.656051558293225
global,related_same,100,34,1,EXECUTE,published_after_gate_recheck,19.49913799762726,3.94884729757905,100.0505428635331,21.656051558293225
global,related_same,100,35,1,EXECUTE,published_after_gate_recheck,18.219298217445612,4.06612828373909,100.0505428635331,21.656051558293225
global,related_same,100,36,0,REVOKE,context_version_changed_at_publish,18.094764091074467,6.055430043488741,100.0505428635331,21.656051558293225
global,related_same,100,37,0,REVOKE,context_version_changed_at_publish,19.87600512802601,6.79875398054719,100.0505428635331,21.656051558293225
global,related_same,100,38,0,REVOKE,context_version_changed_at_publish,19.85998498275876,9.156405925750732,100.0505428635331,21.656051558293225
global,related_same,100,39,0,REVOKE,context_version_changed_at_publish,19.925858825445175,8.823341690003872,100.0505428635331,21.656051558293225
global,related_same,100,40,0,REVOKE,context_version_changed_at_publish,19.639310892671347,7.898787036538124,100.0505428635331,21.656051558293225
global,related_same,100,41,0,REVOKE,context_version_changed_at_publish,18.460270017385483,7.79721699655056,100.0505428635331,21.656051558293225
global,related_same,100,42,1,EXECUTE,published_after_gate_recheck,14.890231657773256,4.031172022223473,100.0505428635331,21.656051558293225
global,related_same,100,43,0,REVOKE,context_version_changed_at_publish,16.935029067099094,6.392000708729029,100.0505428635331,21.656051558293225
global,related_same,100,44,0,REVOKE,context_version_changed_at_publish,18.713634926825762,7.412385195493698,100.0505428635331,21.656051558293225
global,related_same,100,45,1,EXECUTE,published_after_gate_recheck,16.03052206337452,4.743459168821573,100.0505428635331,21.656051558293225
global,related_same,100,46,1,EXECUTE,published_after_gate_recheck,18.496757838875055,4.448483698070049,100.0505428635331,21.656051558293225
global,related_same,100,47,0,REVOKE,context_version_changed_at_publish,16.79556630551815,6.31300313398242,100.0505428635331,21.656051558293225
global,related_same,100,48,0,REVOKE,context_version_changed_at_publish,17.95144472271204,6.655804812908173,100.0505428635331,21.656051558293225
global,related_same,100,49,0,REVOKE,context_version_changed_at_publish,20.995535422116518,9.125038050115108,100.0505428635331,21.656051558293225
global,related_same,100,50,0,REVOKE,context_version_changed_at_publish,17.89899729192257,7.203743793070316,100.0505428635331,21.656051558293225
global,related_same,100,51,1,EXECUTE,published_after_gate_recheck,15.804277267307043,4.304383881390095,100.0505428635331,21.656051558293225
global,related_same,100,52,0,REVOKE,context_version_changed_at_publish,26.154502760618925,8.942014072090387,100.0505428635331,21.656051558293225
global,related_same,100,53,0,REVOKE,context_version_changed_at_publish,20.463407039642334,8.386231027543545,100.0505428635331,21.656051558293225
global,related_same,100,54,0,REVOKE,context_version_changed_at_publish,18.91865022480488,7.415861822664738,100.0505428635331,21.656051558293225
global,related_same,100,55,0,REVOKE,context_version_changed_at_publish,19.21223010867834,7.618792355060577,100.0505428635331,21.656051558293225
global,related_same,100,56,0,REVOKE,context_version_changed_at_publish,19.445969257503748,7.7067771926522255,100.0505428635331,21.656051558293225
global,related_same,100,57,1,EXECUTE,published_after_gate_recheck,16.013870015740395,4.993296694010496,100.0505428635331,21.656051558293225
global,related_same,100,58,0,REVOKE,context_version_changed_at_publish,23.767204955220222,7.657073903828859,100.0505428635331,21.656051558293225
global,related_same,100,59,1,EXECUTE,published_after_gate_recheck,15.8218196593225,4.447433166205883,100.0505428635331,21.656051558293225
global,related_same,100,60,1,EXECUTE,published_after_gate_recheck,20.359782967716455,4.860728047788143,100.0505428635331,21.656051558293225
global,related_same,100,61,0,REVOKE,context_version_changed_at_publish,24.345568846911192,9.445989038795233,100.0505428635331,21.656051558293225
global,related_same,100,62,0,REVOKE,context_version_changed_at_publish,19.568247720599174,7.412485312670469,100.0505428635331,21.656051558293225
global,related_same,100,63,1,EXECUTE,published_after_gate_recheck,15.01516718417406,4.937152378261089,100.0505428635331,21.656051558293225
global,related_same,100,64,0,REVOKE,context_version_changed_at_publish,16.857221722602844,6.324193906039,100.0505428635331,21.656051558293225
global,related_same,100,65,0,REVOKE,context_version_changed_at_publish,16.283555887639523,5.419295746833086,100.0505428635331,21.656051558293225
global,related_same,100,66,1,EXECUTE,published_after_gate_recheck,16.86866395175457,4.3257842771708965,100.0505428635331,21.656051558293225
global,related_same,100,67,1,EXECUTE,published_after_gate_recheck,19.126339349895716,4.005804192274809,100.0505428635331,21.656051558293225
global,related_same,100,68,0,REVOKE,context_version_changed_at_publish,17.04002497717738,5.7678502053022385,100.0505428635331,21.656051558293225
global,related_same,100,69,0,REVOKE,context_version_changed_at_publish,17.692719120532274,6.816536653786898,100.0505428635331,21.656051558293225
global,related_same,100,70,1,EXECUTE,published_after_gate_recheck,15.0445019826293,4.174640867859125,100.0505428635331,21.656051558293225
global,related_same,100,71,0,REVOKE,context_version_changed_at_publish,17.905527725815773,6.193308159708977,100.0505428635331,21.656051558293225
global,related_same,100,72,0,REVOKE,context_version_changed_at_publish,18.75501172617078,7.594597060233355,100.0505428635331,21.656051558293225
global,related_same,100,73,0,REVOKE,context_version_changed_at_publish,18.271996174007654,7.1128131821751595,100.0505428635331,21.656051558293225
global,related_same,100,74,1,EXECUTE,published_after_gate_recheck,14.49265656992793,4.300025757402182,100.0505428635331,21.656051558293225
global,related_same,100,75,0,REVOKE,context_version_changed_at_publish,16.508639324456453,6.667356938123703,100.0505428635331,21.656051558293225
global,related_same,100,76,1,EXECUTE,published_after_gate_recheck,13.779929839074612,4.1402168571949005,100.0505428635331,21.656051558293225
global,related_same,100,77,0,REVOKE,context_version_changed_at_publish,15.846125315874815,5.7433838956058025,100.0505428635331,21.656051558293225
global,related_same,100,78,1,EXECUTE,published_after_gate_recheck,15.47950692474842,4.78187995031476,100.0505428635331,21.656051558293225
global,related_same,100,79,1,EXECUTE,published_after_gate_recheck,18.665936309844255,4.555144812911749,100.0505428635331,21.656051558293225
global,related_same,100,80,0,REVOKE,context_version_changed_at_publish,28.720226138830185,9.872769936919212,100.0505428635331,21.656051558293225
global,related_same,100,81,1,EXECUTE,published_after_gate_recheck,24.416442960500717,5.638436879962683,100.0505428635331,21.656051558293225
global,related_same,100,82,1,EXECUTE,published_after_gate_recheck,15.908341854810715,4.647489171475172,100.0505428635331,21.656051558293225
global,related_same,100,83,0,REVOKE,context_version_changed_at_publish,17.615164164453745,6.566316820681095,100.0505428635331,21.656051558293225
global,related_same,100,84,0,REVOKE,context_version_changed_at_publish,17.9366166703403,7.064722944051027,100.0505428635331,21.656051558293225
global,related_same,100,85,0,REVOKE,context_version_changed_at_publish,22.75916375219822,9.843265172094107,100.0505428635331,21.656051558293225
global,related_same,100,86,0,REVOKE,context_version_changed_at_publish,19.275999162346125,6.482921075075865,100.0505428635331,21.656051558293225
global,related_same,100,87,0,REVOKE,context_version_changed_at_publish,18.032127059996128,6.241057999432087,100.0505428635331,21.656051558293225
global,related_same,100,88,0,REVOKE,context_version_changed_at_publish,21.366119850426912,8.91542388126254,100.0505428635331,21.656051558293225
global,related_same,100,89,0,REVOKE,context_version_changed_at_publish,19.74756410345435,6.816837936639786,100.0505428635331,21.656051558293225
global,related_same,100,90,0,REVOKE,context_version_changed_at_publish,19.91831511259079,7.100889924913645,100.0505428635331,21.656051558293225
global,related_same,100,91,0,REVOKE,context_version_changed_at_publish,18.142202869057655,7.09231523796916,100.0505428635331,21.656051558293225
global,related_same,100,92,1,EXECUTE,published_after_gate_recheck,17.087163869291544,5.170790012925863,100.0505428635331,21.656051558293225
global,related_same,100,93,0,REVOKE,context_version_changed_at_publish,24.27711198106408,10.229649022221565,100.0505428635331,21.656051558293225
global,related_same,100,94,0,REVOKE,context_version_changed_at_publish,18.627122975885868,7.876195013523102,100.0505428635331,21.656051558293225
global,related_same,100,95,1,EXECUTE,published_after_gate_recheck,15.319597907364368,4.349950235337019,100.0505428635331,21.656051558293225
global,related_same,100,96,1,EXECUTE,published_after_gate_recheck,19.381948746740818,4.637870006263256,100.0505428635331,21.656051558293225
global,related_same,100,97,0,REVOKE,context_version_changed_at_publish,16.90028328448534,5.22079411894083,100.0505428635331,21.656051558293225
global,related_same,100,98,0,REVOKE,context_version_changed_at_publish,17.506740987300873,6.344270892441273,100.0505428635331,21.656051558293225
global,related_same,100,99,1,EXECUTE,published_after_gate_recheck,15.044672880321741,4.061939660459757,100.0505428635331,21.656051558293225
readset,related_same,100,0,1,EXECUTE,published_after_gate_recheck,20.716792903840542,5.216686055064201,100.03708180258518,52.43285503360676
readset,related_same,100,1,1,EXECUTE,published_after_gate_recheck,18.279410433024168,5.052216816693544,100.03708180258518,52.43285503360676
readset,related_same,100,2,1,EXECUTE,published_after_gate_recheck,24.177193641662598,9.172126185148954,100.03708180258518,52.43285503360676
readset,related_same,100,3,1,EXECUTE,published_after_gate_recheck,20.0437200255692,8.076400961726904,100.03708180258518,52.43285503360676
readset,related_same,100,4,1,EXECUTE,published_after_gate_recheck,19.876457285135984,7.181381806731224,100.03708180258518,52.43285503360676
readset,related_same,100,5,1,EXECUTE,published_after_gate_recheck,20.38668328896165,7.796855643391609,100.03708180258518,52.43285503360676
readset,related_same,100,6,1,EXECUTE,published_after_gate_recheck,18.650936894118786,6.445301230996847,100.03708180258518,52.43285503360676
readset,related_same,100,7,1,EXECUTE,published_after_gate_recheck,20.25737101212144,8.486269973218441,100.03708180258518,52.43285503360676
readset,related_same,100,8,1,EXECUTE,published_after_gate_recheck,17.505940049886703,6.4497701823711395,100.03708180258518,52.43285503360676
readset,related_same,100,9,1,EXECUTE,published_after_gate_recheck,16.836542636156082,4.6292440965771675,100.03708180258518,52.43285503360676
readset,related_same,100,10,1,EXECUTE,published_after_gate_recheck,19.569139927625656,4.897066857665777,100.03708180258518,52.43285503360676
readset,related_same,100,11,1,EXECUTE,published_after_gate_recheck,21.233011037111282,4.738739226013422,100.03708180258518,52.43285503360676
readset,related_same,100,12,1,EXECUTE,published_after_gate_recheck,16.901173628866673,4.555466119199991,100.03708180258518,52.43285503360676
readset,related_same,100,13,1,EXECUTE,published_after_gate_recheck,22.563056088984013,6.551710888743401,100.03708180258518,52.43285503360676
readset,related_same,100,14,1,EXECUTE,published_after_gate_recheck,18.128497060388327,4.656814970076084,100.03708180258518,52.43285503360676
readset,related_same,100,15,1,EXECUTE,published_after_gate_recheck,17.266188748180866,6.561277899891138,100.03708180258518,52.43285503360676
readset,related_same,100,16,1,EXECUTE,published_after_gate_recheck,18.41812999919057,5.839353892952204,100.03708180258518,52.43285503360676
readset,related_same,100,17,1,EXECUTE,published_after_gate_recheck,14.673235826194286,4.053905140608549,100.03708180258518,52.43285503360676
readset,related_same,100,18,1,EXECUTE,published_after_gate_recheck,20.3016041778028,4.512354731559753,100.03708180258518,52.43285503360676
readset,related_same,100,19,1,EXECUTE,published_after_gate_recheck,18.125261180102825,4.271253012120724,100.03708180258518,52.43285503360676
readset,related_same,100,20,1,EXECUTE,published_after_gate_recheck,17.529252916574478,6.3507030718028545,100.03708180258518,52.43285503360676
readset,related_same,100,21,1,EXECUTE,published_after_gate_recheck,19.20739095658064,8.740806952118874,100.03708180258518,52.43285503360676
readset,related_same,100,22,1,EXECUTE,published_after_gate_recheck,21.074723917990923,9.239622857421637,100.03708180258518,52.43285503360676
readset,related_same,100,23,1,EXECUTE,published_after_gate_recheck,18.888261634856462,8.560038171708584,100.03708180258518,52.43285503360676
readset,related_same,100,24,1,EXECUTE,published_after_gate_recheck,19.682582933455706,8.323104120790958,100.03708180258518,52.43285503360676
readset,related_same,100,25,1,EXECUTE,published_after_gate_recheck,15.43143717572093,4.477318841964006,100.03708180258518,52.43285503360676
readset,related_same,100,26,1,EXECUTE,published_after_gate_recheck,17.441028263419867,4.208194091916084,100.03708180258518,52.43285503360676
readset,related_same,100,27,1,EXECUTE,published_after_gate_recheck,16.974431928247213,6.2927850522100925,100.03708180258518,52.43285503360676
readset,related_same,100,28,1,EXECUTE,published_after_gate_recheck,15.241742134094238,4.708112217485905,100.03708180258518,52.43285503360676
readset,related_same,100,29,1,EXECUTE,published_after_gate_recheck,18.228754866868258,4.332596901804209,100.03708180258518,52.43285503360676
readset,related_same,100,30,1,EXECUTE,published_after_gate_recheck,17.53717800602317,6.201022770255804,100.03708180258518,52.43285503360676
readset,related_same,100,31,1,EXECUTE,published_after_gate_recheck,19.553110003471375,7.978837937116623,100.03708180258518,52.43285503360676
readset,related_same,100,32,1,EXECUTE,published_after_gate_recheck,18.192145973443985,6.911566015332937,100.03708180258518,52.43285503360676
readset,related_same,100,33,1,EXECUTE,published_after_gate_recheck,15.621423721313477,4.962227772921324,100.03708180258518,52.43285503360676
readset,related_same,100,34,1,EXECUTE,published_after_gate_recheck,17.487423960119486,4.2273299768567085,100.03708180258518,52.43285503360676
readset,related_same,100,35,1,EXECUTE,published_after_gate_recheck,17.9592901840806,7.71907065063715,100.03708180258518,52.43285503360676
readset,related_same,100,36,1,EXECUTE,published_after_gate_recheck,19.617310259491205,8.630149066448212,100.03708180258518,52.43285503360676
readset,related_same,100,37,1,EXECUTE,published_after_gate_recheck,19.28703999146819,7.679526228457689,100.03708180258518,52.43285503360676
readset,related_same,100,38,1,EXECUTE,published_after_gate_recheck,21.313552279025316,10.316693224012852,100.03708180258518,52.43285503360676
readset,related_same,100,39,1,EXECUTE,published_after_gate_recheck,18.017057795077562,7.048803381621838,100.03708180258518,52.43285503360676
readset,related_same,100,40,1,EXECUTE,published_after_gate_recheck,20.929270889610052,9.046108927577734,100.03708180258518,52.43285503360676
readset,related_same,100,41,1,EXECUTE,published_after_gate_recheck,19.963469821959734,8.451303001493216,100.03708180258518,52.43285503360676
readset,related_same,100,42,1,EXECUTE,published_after_gate_recheck,17.994435038417578,6.892230361700058,100.03708180258518,52.43285503360676
readset,related_same,100,43,1,EXECUTE,published_after_gate_recheck,17.26160990074277,4.649322014302015,100.03708180258518,52.43285503360676
readset,related_same,100,44,1,EXECUTE,published_after_gate_recheck,17.239749897271395,4.247879143804312,100.03708180258518,52.43285503360676
readset,related_same,100,45,1,EXECUTE,published_after_gate_recheck,16.43951889127493,5.785612855106592,100.03708180258518,52.43285503360676
readset,related_same,100,46,1,EXECUTE,published_after_gate_recheck,15.177771914750338,4.229774232953787,100.03708180258518,52.43285503360676
readset,related_same,100,47,1,EXECUTE,published_after_gate_recheck,19.609696231782436,4.566706717014313,100.03708180258518,52.43285503360676
readset,related_same,100,48,1,EXECUTE,published_after_gate_recheck,16.35988987982273,5.834814626723528,100.03708180258518,52.43285503360676
readset,related_same,100,49,1,EXECUTE,published_after_gate_recheck,17.254086211323738,6.802140269428492,100.03708180258518,52.43285503360676
readset,related_same,100,50,1,EXECUTE,published_after_gate_recheck,22.22996111959219,8.885307237505913,100.03708180258518,52.43285503360676
readset,related_same,100,51,1,EXECUTE,published_after_gate_recheck,18.222653307020664,5.996808875352144,100.03708180258518,52.43285503360676
readset,related_same,100,52,1,EXECUTE,published_after_gate_recheck,23.644484113901854,10.69788821041584,100.03708180258518,52.43285503360676
readset,related_same,100,53,1,EXECUTE,published_after_gate_recheck,18.339944072067738,6.476038135588169,100.03708180258518,52.43285503360676
readset,related_same,100,54,1,EXECUTE,published_after_gate_recheck,19.910329952836037,8.346537128090858,100.03708180258518,52.43285503360676
readset,related_same,100,55,1,EXECUTE,published_after_gate_recheck,18.625309225171804,7.825781125575304,100.03708180258518,52.43285503360676
readset,related_same,100,56,1,EXECUTE,published_after_gate_recheck,14.592634979635477,4.04526898637414,100.03708180258518,52.43285503360676
readset,related_same,100,57,1,EXECUTE,published_after_gate_recheck,21.669509820640087,5.084608215838671,100.03708180258518,52.43285503360676
readset,related_same,100,58,1,EXECUTE,published_after_gate_recheck,29.68790102750063,7.224110886454582,100.03708180258518,52.43285503360676
readset,related_same,100,59,1,EXECUTE,published_after_gate_recheck,19.23520304262638,4.578018095344305,100.03708180258518,52.43285503360676
readset,related_same,100,60,1,EXECUTE,published_after_gate_recheck,24.492806289345026,8.885428309440613,100.03708180258518,52.43285503360676
readset,related_same,100,61,1,EXECUTE,published_after_gate_recheck,14.945125207304955,4.570693708956242,100.03708180258518,52.43285503360676
readset,related_same,100,62,1,EXECUTE,published_after_gate_recheck,20.2761460095644,4.352445248514414,100.03708180258518,52.43285503360676
readset,related_same,100,63,1,EXECUTE,published_after_gate_recheck,19.749888218939304,4.447843413800001,100.03708180258518,52.43285503360676
readset,related_same,100,64,1,EXECUTE,published_after_gate_recheck,25.896198116242886,9.20336414128542,100.03708180258518,52.43285503360676
readset,related_same,100,65,1,EXECUTE,published_after_gate_recheck,19.262543879449368,8.255907334387302,100.03708180258518,52.43285503360676
readset,related_same,100,66,1,EXECUTE,published_after_gate_recheck,20.230339840054512,9.020230732858181,100.03708180258518,52.43285503360676
readset,related_same,100,67,1,EXECUTE,published_after_gate_recheck,19.566936418414116,8.91953194513917,100.03708180258518,52.43285503360676
readset,related_same,100,68,1,EXECUTE,published_after_gate_recheck,20.118068903684616,8.886951021850109,100.03708180258518,52.43285503360676
readset,related_same,100,69,1,EXECUTE,published_after_gate_recheck,21.31499396637082,9.689005091786385,100.03708180258518,52.43285503360676
readset,related_same,100,70,1,EXECUTE,published_after_gate_recheck,19.3518721498549,6.9198207929730415,100.03708180258518,52.43285503360676
readset,related_same,100,71,1,EXECUTE,published_after_gate_recheck,19.036461133509874,8.50358186289668,100.03708180258518,52.43285503360676
readset,related_same,100,72,1,EXECUTE,published_after_gate_recheck,21.00007375702262,9.178857784718275,100.03708180258518,52.43285503360676
readset,related_same,100,73,1,EXECUTE,published_after_gate_recheck,17.69086578860879,6.555547937750816,100.03708180258518,52.43285503360676
readset,related_same,100,74,1,EXECUTE,published_after_gate_recheck,16.42898889258504,4.2685470543801785,100.03708180258518,52.43285503360676
readset,related_same,100,75,1,EXECUTE,published_after_gate_recheck,21.737095899879932,6.562249734997749,100.03708180258518,52.43285503360676
readset,related_same,100,76,1,EXECUTE,published_after_gate_recheck,17.50951586291194,4.475816152989864,100.03708180258518,52.43285503360676
readset,related_same,100,77,1,EXECUTE,published_after_gate_recheck,20.63135290518403,4.7830333933234215,100.03708180258518,52.43285503360676
readset,related_same,100,78,1,EXECUTE,published_after_gate_recheck,25.495547335594893,9.776389691978693,100.03708180258518,52.43285503360676
readset,related_same,100,79,1,EXECUTE,published_after_gate_recheck,20.46573208644986,7.181962952017784,100.03708180258518,52.43285503360676
readset,related_same,100,80,1,EXECUTE,published_after_gate_recheck,17.027441877871752,6.332899909466505,100.03708180258518,52.43285503360676
readset,related_same,100,81,1,EXECUTE,published_after_gate_recheck,23.057403042912483,10.448219254612923,100.03708180258518,52.43285503360676
readset,related_same,100,82,1,EXECUTE,published_after_gate_recheck,17.770174890756607,6.380337756127119,100.03708180258518,52.43285503360676
readset,related_same,100,83,1,EXECUTE,published_after_gate_recheck,15.346548054367304,4.480253905057907,100.03708180258518,52.43285503360676
readset,related_same,100,84,1,EXECUTE,published_after_gate_recheck,18.46904633566737,3.9762789383530617,100.03708180258518,52.43285503360676
readset,related_same,100,85,1,EXECUTE,published_after_gate_recheck,25.44140489771962,5.508903879672289,100.03708180258518,52.43285503360676
readset,related_same,100,86,1,EXECUTE,published_after_gate_recheck,14.784744940698147,3.9068791083991528,100.03708180258518,52.43285503360676
readset,related_same,100,87,1,EXECUTE,published_after_gate_recheck,18.591415137052536,4.324060864746571,100.03708180258518,52.43285503360676
readset,related_same,100,88,1,EXECUTE,published_after_gate_recheck,17.870784271508455,6.706852000206709,100.03708180258518,52.43285503360676
readset,related_same,100,89,1,EXECUTE,published_after_gate_recheck,19.138371106237173,8.054899983108044,100.03708180258518,52.43285503360676
readset,related_same,100,90,1,EXECUTE,published_after_gate_recheck,21.216631401330233,9.176434017717838,100.03708180258518,52.43285503360676
readset,related_same,100,91,1,EXECUTE,published_after_gate_recheck,17.66313426196575,6.7233615554869175,100.03708180258518,52.43285503360676
readset,related_same,100,92,1,EXECUTE,published_after_gate_recheck,16.521000768989325,4.44861501455307,100.03708180258518,52.43285503360676
readset,related_same,100,93,1,EXECUTE,published_after_gate_recheck,19.10888636484742,4.532993771135807,100.03708180258518,52.43285503360676
readset,related_same,100,94,1,EXECUTE,published_after_gate_recheck,18.282846547663212,6.318161729723215,100.03708180258518,52.43285503360676
readset,related_same,100,95,1,EXECUTE,published_after_gate_recheck,16.99248608201742,5.826560314744711,100.03708180258518,52.43285503360676
readset,related_same,100,96,1,EXECUTE,published_after_gate_recheck,14.301888644695282,4.2509338818490505,100.03708180258518,52.43285503360676
readset,related_same,100,97,1,EXECUTE,published_after_gate_recheck,16.966517083346844,5.855213850736618,100.03708180258518,52.43285503360676
readset,related_same,100,98,1,EXECUTE,published_after_gate_recheck,16.861871350556612,6.563291884958744,100.03708180258518,52.43285503360676
readset,related_same,100,99,1,EXECUTE,published_after_gate_recheck,15.980587806552649,4.461679607629776,100.03708180258518,52.43285503360676
global,unrelated,500,0,0,REVOKE,context_version_changed_at_publish,31.77250223234296,11.930489912629128,194.42829682012191,0.0
global,unrelated,500,1,0,REVOKE,context_version_changed_at_publish,97.4906119517982,11.37574017047882,194.42829682012191,0.0
global,unrelated,500,2,0,REVOKE,context_version_changed_at_publish,131.83530792593956,10.981510393321514,194.42829682012191,0.0
global,unrelated,500,3,0,REVOKE,context_version_changed_at_publish,78.40214436873794,10.58227103203535,194.42829682012191,0.0
global,unrelated,500,4,0,REVOKE,context_version_changed_at_publish,112.54074424505234,88.52766780182719,194.42829682012191,0.0
global,unrelated,500,5,0,REVOKE,context_version_changed_at_publish,107.98163199797273,11.083832010626793,194.42829682012191,0.0
global,unrelated,500,6,0,REVOKE,context_version_changed_at_publish,37.28981176391244,10.677729733288288,194.42829682012191,0.0
global,unrelated,500,7,0,REVOKE,context_version_changed_at_publish,97.85052621737123,12.076545041054487,194.42829682012191,0.0
global,unrelated,500,8,0,REVOKE,context_version_changed_at_publish,124.44103788584471,11.260794010013342,194.42829682012191,0.0
global,unrelated,500,9,0,REVOKE,context_version_changed_at_publish,73.58581898733974,27.813836000859737,194.42829682012191,0.0
global,unrelated,500,10,0,REVOKE,context_version_changed_at_publish,63.578616827726364,11.352817062288523,194.42829682012191,0.0
global,unrelated,500,11,0,REVOKE,context_version_changed_at_publish,57.45584098622203,37.43148734793067,194.42829682012191,0.0
global,unrelated,500,12,0,REVOKE,context_version_changed_at_publish,32.139130402356386,11.480665765702724,194.42829682012191,0.0
global,unrelated,500,13,0,REVOKE,context_version_changed_at_publish,49.75767992436886,12.08860706537962,194.42829682012191,0.0
global,unrelated,500,14,0,REVOKE,context_version_changed_at_publish,73.66590900346637,18.76834686845541,194.42829682012191,0.0
global,unrelated,500,15,0,REVOKE,context_version_changed_at_publish,28.081689029932022,10.496279690414667,194.42829682012191,0.0
global,unrelated,500,16,0,REVOKE,context_version_changed_at_publish,103.24699990451336,36.84802306815982,194.42829682012191,0.0
global,unrelated,500,17,0,REVOKE,context_version_changed_at_publish,37.67731785774231,18.251337110996246,194.42829682012191,0.0
global,unrelated,500,18,0,REVOKE,context_version_changed_at_publish,31.70381300151348,11.271623894572258,194.42829682012191,0.0
global,unrelated,500,19,0,REVOKE,context_version_changed_at_publish,197.99135020002723,14.5116220228374,194.42829682012191,0.0
global,unrelated,500,20,0,REVOKE,context_version_changed_at_publish,36.18443803861737,16.58449089154601,194.42829682012191,0.0
global,unrelated,500,21,0,REVOKE,context_version_changed_at_publish,31.434237025678158,11.240937281399965,194.42829682012191,0.0
global,unrelated,500,22,0,REVOKE,context_version_changed_at_publish,95.29493283480406,11.800626292824745,194.42829682012191,0.0
global,unrelated,500,23,0,REVOKE,context_version_changed_at_publish,37.08072006702423,11.996584944427013,194.42829682012191,0.0
global,unrelated,500,24,0,REVOKE,context_version_changed_at_publish,119.96302707120776,11.820092797279358,194.42829682012191,0.0
global,unrelated,500,25,0,REVOKE,context_version_changed_at_publish,187.540324870497,26.211279910057783,194.42829682012191,0.0
global,unrelated,500,26,0,REVOKE,context_version_changed_at_publish,88.94570218399167,64.45157388225198,194.42829682012191,0.0
global,unrelated,500,27,0,REVOKE,context_version_changed_at_publish,37.59445296600461,11.452363338321447,194.42829682012191,0.0
global,unrelated,500,28,0,REVOKE,context_version_changed_at_publish,351.08304396271706,219.0353972837329,194.42829682012191,0.0
global,unrelated,500,29,0,REVOKE,context_version_changed_at_publish,55.38639798760414,11.125990655273199,194.42829682012191,0.0
global,unrelated,500,30,0,REVOKE,context_version_changed_at_publish,69.48953494429588,30.11695621535182,194.42829682012191,0.0
global,unrelated,500,31,0,REVOKE,context_version_changed_at_publish,44.81429699808359,10.47159405425191,194.42829682012191,0.0
global,unrelated,500,32,0,REVOKE,context_version_changed_at_publish,31.253437977284193,12.827683240175247,194.42829682012191,0.0
global,unrelated,500,33,0,REVOKE,context_version_changed_at_publish,30.461252201348543,11.895604897290468,194.42829682012191,0.0
global,unrelated,500,34,0,REVOKE,context_version_changed_at_publish,52.0010981708765,11.587467044591904,194.42829682012191,0.0
global,unrelated,500,35,0,REVOKE,context_version_changed_at_publish,35.39954498410225,10.351398028433323,194.42829682012191,0.0
global,unrelated,500,36,0,REVOKE,context_version_changed_at_publish,55.88553473353386,12.270348146557808,194.42829682012191,0.0
global,unrelated,500,37,0,REVOKE,context_version_changed_at_publish,30.250687152147293,11.70683978125453,194.42829682012191,0.0
global,unrelated,500,38,0,REVOKE,context_version_changed_at_publish,146.59822219982743,20.941654220223427,194.42829682012191,0.0
global,unrelated,500,39,0,REVOKE,context_version_changed_at_publish,114.32481091469526,11.046773288398981,194.42829682012191,0.0
global,unrelated,500,40,0,REVOKE,context_version_changed_at_publish,40.07605789229274,10.243676137179136,194.42829682012191,0.0
global,unrelated,500,41,0,REVOKE,context_version_changed_at_publish,128.3919089473784,85.58400580659509,194.42829682012191,0.0
global,unrelated,500,42,0,REVOKE,context_version_changed_at_publish,137.2860437259078,61.11806072294712,194.42829682012191,0.0
global,unrelated,500,43,0,REVOKE,context_version_changed_at_publish,30.402731616050005,10.489086154848337,194.42829682012191,0.0
global,unrelated,500,44,0,REVOKE,context_version_changed_at_publish,30.278930440545082,12.190327048301697,194.42829682012191,0.0
global,unrelated,500,45,0,REVOKE,context_version_changed_at_publish,35.72426503524184,10.250389110296965,194.42829682012191,0.0
global,unrelated,500,46,0,REVOKE,context_version_changed_at_publish,59.391351882368326,22.04156806692481,194.42829682012191,0.0
global,unrelated,500,47,0,REVOKE,context_version_changed_at_publish,33.003870863467455,9.34153376147151,194.42829682012191,0.0
global,unrelated,500,48,0,REVOKE,context_version_changed_at_publish,30.791261233389378,10.448310058563948,194.42829682012191,0.0
global,unrelated,500,49,0,REVOKE,context_version_changed_at_publish,32.239507883787155,11.356443166732788,194.42829682012191,0.0
global,unrelated,500,50,0,REVOKE,context_version_changed_at_publish,94.35834595933557,65.33143483102322,194.42829682012191,0.0
global,unrelated,500,51,0,REVOKE,context_version_changed_at_publish,134.40083106979728,11.3562629558146,194.42829682012191,0.0
global,unrelated,500,52,0,REVOKE,context_version_changed_at_publish,44.33521814644337,10.73741214349866,194.42829682012191,0.0
global,unrelated,500,53,0,REVOKE,context_version_changed_at_publish,88.61648524180055,14.140516985207796,194.42829682012191,0.0
global,unrelated,500,54,0,REVOKE,context_version_changed_at_publish,31.89762681722641,10.794639121741056,194.42829682012191,0.0
global,unrelated,500,55,0,REVOKE,context_version_changed_at_publish,33.24540518224239,12.401304207742214,194.42829682012191,0.0
global,unrelated,500,56,0,REVOKE,context_version_changed_at_publish,37.38514008000493,11.035812087357044,194.42829682012191,0.0
global,unrelated,500,57,0,REVOKE,context_version_changed_at_publish,99.01866782456636,12.197911739349365,194.42829682012191,0.0
global,unrelated,500,58,0,REVOKE,context_version_changed_at_publish,43.02734415978193,18.9529643394053,194.42829682012191,0.0
global,unrelated,500,59,0,REVOKE,context_version_changed_at_publish,39.212729316204786,11.389655992388725,194.42829682012191,0.0
global,unrelated,500,60,0,REVOKE,context_version_changed_at_publish,91.37847600504756,12.87398999556899,194.42829682012191,0.0
global,unrelated,500,61,0,REVOKE,context_version_changed_at_publish,26.196912862360477,10.962144006043673,194.42829682012191,0.0
global,unrelated,500,62,0,REVOKE,context_version_changed_at_publish,30.27754696086049,10.542657226324081,194.42829682012191,0.0
global,unrelated,500,63,0,REVOKE,context_version_changed_at_publish,77.2235132753849,11.595853138715029,194.42829682012191,0.0
global,unrelated,500,64,0,REVOKE,context_version_changed_at_publish,50.54682120680809,11.777474079281092,194.42829682012191,0.0
global,unrelated,500,65,0,REVOKE,context_version_changed_at_publish,65.57681504637003,11.169512756168842,194.42829682012191,0.0
global,unrelated,500,66,0,REVOKE,context_version_changed_at_publish,78.63477990031242,11.702011805027723,194.42829682012191,0.0
global,unrelated,500,67,0,REVOKE,context_version_changed_at_publish,38.694947957992554,11.65388198569417,194.42829682012191,0.0
global,unrelated,500,68,0,REVOKE,context_version_changed_at_publish,67.48025491833687,11.661865748465061,194.42829682012191,0.0
global,unrelated,500,69,0,REVOKE,context_version_changed_at_publish,49.4597009383142,10.814657434821129,194.42829682012191,0.0
global,unrelated,500,70,0,REVOKE,context_version_changed_at_publish,63.55892913416028,47.640027012676,194.42829682012191,0.0
global,unrelated,500,71,0,REVOKE,context_version_changed_at_publish,32.567211892455816,12.483949307352304,194.42829682012191,0.0
global,unrelated,500,72,0,REVOKE,context_version_changed_at_publish,29.195167124271393,11.056110262870789,194.42829682012191,0.0
global,unrelated,500,73,0,REVOKE,context_version_changed_at_publish,65.05790119990706,11.0989511013031,194.42829682012191,0.0
global,unrelated,500,74,0,REVOKE,context_version_changed_at_publish,85.22223820909858,11.05518825352192,194.42829682012191,0.0
global,unrelated,500,75,0,REVOKE,context_version_changed_at_publish,31.664178241044283,11.91695500165224,194.42829682012191,0.0
global,unrelated,500,76,0,REVOKE,context_version_changed_at_publish,85.66673193126917,20.61721496284008,194.42829682012191,0.0
global,unrelated,500,77,0,REVOKE,context_version_changed_at_publish,68.23848793283105,32.24020916968584,194.42829682012191,0.0
global,unrelated,500,78,0,REVOKE,context_version_changed_at_publish,64.03306918218732,45.192817226052284,194.42829682012191,0.0
global,unrelated,500,79,0,REVOKE,context_version_changed_at_publish,28.909150045365095,10.660598054528236,194.42829682012191,0.0
global,unrelated,500,80,0,REVOKE,context_version_changed_at_publish,41.37471504509449,20.642011892050505,194.42829682012191,0.0
global,unrelated,500,81,0,REVOKE,context_version_changed_at_publish,28.44818588346243,10.847297962754965,194.42829682012191,0.0
global,unrelated,500,82,0,REVOKE,context_version_changed_at_publish,68.74561030417681,11.750102043151855,194.42829682012191,0.0
global,unrelated,500,83,0,REVOKE,context_version_changed_at_publish,57.411347050219774,11.028097942471504,194.42829682012191,0.0
global,unrelated,500,84,0,REVOKE,context_version_changed_at_publish,72.4484147503972,13.200453016906977,194.42829682012191,0.0
global,unrelated,500,85,0,REVOKE,context_version_changed_at_publish,26.8218950368464,10.649777948856354,194.42829682012191,0.0
global,unrelated,500,86,0,REVOKE,context_version_changed_at_publish,65.4043210670352,11.746434960514307,194.42829682012191,0.0
global,unrelated,500,87,0,REVOKE,context_version_changed_at_publish,36.93789103999734,10.658233892172575,194.42829682012191,0.0
global,unrelated,500,88,0,REVOKE,context_version_changed_at_publish,31.290326733142138,10.74259215965867,194.42829682012191,0.0
global,unrelated,500,89,0,REVOKE,context_version_changed_at_publish,88.33605889230967,67.27869668975472,194.42829682012191,0.0
global,unrelated,500,90,0,REVOKE,context_version_changed_at_publish,132.5492081232369,10.709590278565884,194.42829682012191,0.0
global,unrelated,500,91,0,REVOKE,context_version_changed_at_publish,302.6179186999798,10.513932909816504,194.42829682012191,0.0
global,unrelated,500,92,0,REVOKE,context_version_changed_at_publish,422.8212172165513,286.63755115121603,194.42829682012191,0.0
global,unrelated,500,93,0,REVOKE,context_version_changed_at_publish,35.88059823960066,10.722152888774872,194.42829682012191,0.0
global,unrelated,500,94,0,REVOKE,context_version_changed_at_publish,27.99224015325308,8.906927891075611,194.42829682012191,0.0
global,unrelated,500,95,0,REVOKE,context_version_changed_at_publish,43.14970411360264,20.06509993225336,194.42829682012191,0.0
global,unrelated,500,96,0,REVOKE,context_version_changed_at_publish,92.06182789057493,75.33562183380127,194.42829682012191,0.0
global,unrelated,500,97,0,REVOKE,context_version_changed_at_publish,230.30690103769302,10.565940290689468,194.42829682012191,0.0
global,unrelated,500,98,0,REVOKE,context_version_changed_at_publish,29.753964859992266,10.10592794045806,194.42829682012191,0.0
global,unrelated,500,99,0,REVOKE,context_version_changed_at_publish,31.60909516736865,11.105572804808617,194.42829682012191,0.0
readset,unrelated,500,0,1,EXECUTE,published_after_gate_recheck,32.05347899347544,12.0278331451118,195.78183779196704,13.187179963968028
readset,unrelated,500,1,1,EXECUTE,published_after_gate_recheck,148.83794402703643,14.39883979037404,195.78183779196704,13.187179963968028
readset,unrelated,500,2,1,EXECUTE,published_after_gate_recheck,30.096428003162146,10.957926046103239,195.78183779196704,13.187179963968028
readset,unrelated,500,3,1,EXECUTE,published_after_gate_recheck,28.915722854435444,10.541906114667654,195.78183779196704,13.187179963968028
readset,unrelated,500,4,1,EXECUTE,published_after_gate_recheck,87.97801798209548,11.576815973967314,195.78183779196704,13.187179963968028
readset,unrelated,500,5,1,EXECUTE,published_after_gate_recheck,30.81706026569009,10.687739122658968,195.78183779196704,13.187179963968028
readset,unrelated,500,6,1,EXECUTE,published_after_gate_recheck,37.90217125788331,20.549899898469448,195.78183779196704,13.187179963968028
readset,unrelated,500,7,1,EXECUTE,published_after_gate_recheck,30.055169947445393,10.595186147838831,195.78183779196704,13.187179963968028
readset,unrelated,500,8,1,EXECUTE,published_after_gate_recheck,24.460615124553442,10.148516856133938,195.78183779196704,13.187179963968028
readset,unrelated,500,9,1,EXECUTE,published_after_gate_recheck,37.21200628206134,18.26020423322916,195.78183779196704,13.187179963968028
readset,unrelated,500,10,1,EXECUTE,published_after_gate_recheck,67.31797102838755,21.061538718640804,195.78183779196704,13.187179963968028
readset,unrelated,500,11,1,EXECUTE,published_after_gate_recheck,66.86286767944694,12.894558254629374,195.78183779196704,13.187179963968028
readset,unrelated,500,12,1,EXECUTE,published_after_gate_recheck,57.9436756670475,12.410741299390793,195.78183779196704,13.187179963968028
readset,unrelated,500,13,1,EXECUTE,published_after_gate_recheck,27.600075118243694,10.27121813967824,195.78183779196704,13.187179963968028
readset,unrelated,500,14,1,EXECUTE,published_after_gate_recheck,36.46108694374561,11.323943268507719,195.78183779196704,13.187179963968028
readset,unrelated,500,15,1,EXECUTE,published_after_gate_recheck,44.211877044290304,20.772115793079138,195.78183779196704,13.187179963968028
readset,unrelated,500,16,1,EXECUTE,published_after_gate_recheck,36.842542700469494,18.186386208981276,195.78183779196704,13.187179963968028
readset,unrelated,500,17,1,EXECUTE,published_after_gate_recheck,31.86972439289093,10.971380863338709,195.78183779196704,13.187179963968028
readset,unrelated,500,18,1,EXECUTE,published_after_gate_recheck,32.52092609182,11.097286827862263,195.78183779196704,13.187179963968028
readset,unrelated,500,19,1,EXECUTE,published_after_gate_recheck,31.99329599738121,6.32057711482048,195.78183779196704,13.187179963968028
readset,unrelated,500,20,1,EXECUTE,published_after_gate_recheck,45.67780718207359,20.741709042340517,195.78183779196704,13.187179963968028
readset,unrelated,500,21,1,EXECUTE,published_after_gate_recheck,32.56944706663489,13.290863018482924,195.78183779196704,13.187179963968028
readset,unrelated,500,22,1,EXECUTE,published_after_gate_recheck,41.54111631214619,19.64024268090725,195.78183779196704,13.187179963968028
readset,unrelated,500,23,1,EXECUTE,published_after_gate_recheck,34.69467302784324,9.626547805964947,195.78183779196704,13.187179963968028
readset,unrelated,500,24,1,EXECUTE,published_after_gate_recheck,77.34702387824655,10.88998792693019,195.78183779196704,13.187179963968028
readset,unrelated,500,25,1,EXECUTE,published_after_gate_recheck,56.132819037884474,11.02082384750247,195.78183779196704,13.187179963968028
readset,unrelated,500,26,1,EXECUTE,published_after_gate_recheck,47.136443201452494,21.694596856832504,195.78183779196704,13.187179963968028
readset,unrelated,500,27,1,EXECUTE,published_after_gate_recheck,30.252590775489807,9.478250984102488,195.78183779196704,13.187179963968028
readset,unrelated,500,28,1,EXECUTE,published_after_gate_recheck,29.307888820767403,11.711800005286932,195.78183779196704,13.187179963968028
readset,unrelated,500,29,1,EXECUTE,published_after_gate_recheck,68.36208002641797,10.884037241339684,195.78183779196704,13.187179963968028
readset,unrelated,500,30,1,EXECUTE,published_after_gate_recheck,30.72483604773879,11.665953788906336,195.78183779196704,13.187179963968028
readset,unrelated,500,31,1,EXECUTE,published_after_gate_recheck,36.60918492823839,10.461795143783092,195.78183779196704,13.187179963968028
readset,unrelated,500,32,1,EXECUTE,published_after_gate_recheck,144.06246598809958,11.24896202236414,195.78183779196704,13.187179963968028
readset,unrelated,500,33,1,EXECUTE,published_after_gate_recheck,69.42622596397996,11.214886792004108,195.78183779196704,13.187179963968028
readset,unrelated,500,34,1,EXECUTE,published_after_gate_recheck,91.81454358622432,73.74264299869537,195.78183779196704,13.187179963968028
readset,unrelated,500,35,1,EXECUTE,published_after_gate_recheck,30.806157737970352,7.862478960305452,195.78183779196704,13.187179963968028
readset,unrelated,500,36,1,EXECUTE,published_after_gate_recheck,37.559759337455034,20.390761084854603,195.78183779196704,13.187179963968028
readset,unrelated,500,37,1,EXECUTE,published_after_gate_recheck,94.69265304505825,12.033262755721807,195.78183779196704,13.187179963968028
readset,unrelated,500,38,1,EXECUTE,published_after_gate_recheck,38.088610395789146,10.96672285348177,195.78183779196704,13.187179963968028
readset,unrelated,500,39,1,EXECUTE,published_after_gate_recheck,446.7988256365061,9.903308004140854,195.78183779196704,13.187179963968028
readset,unrelated,500,40,1,EXECUTE,published_after_gate_recheck,83.38119415566325,20.6865849904716,195.78183779196704,13.187179963968028
readset,unrelated,500,41,1,EXECUTE,published_after_gate_recheck,36.733207292854786,12.066506315022707,195.78183779196704,13.187179963968028
readset,unrelated,500,42,1,EXECUTE,published_after_gate_recheck,25.77732503414154,11.757575906813145,195.78183779196704,13.187179963968028
readset,unrelated,500,43,1,EXECUTE,published_after_gate_recheck,29.870223719626665,11.83864800259471,195.78183779196704,13.187179963968028
readset,unrelated,500,44,1,EXECUTE,published_after_gate_recheck,86.08727995306253,13.694759923964739,195.78183779196704,13.187179963968028
readset,unrelated,500,45,1,EXECUTE,published_after_gate_recheck,211.29346312955022,20.282086916267872,195.78183779196704,13.187179963968028
readset,unrelated,500,46,1,EXECUTE,published_after_gate_recheck,86.16078784689307,31.193885952234268,195.78183779196704,13.187179963968028
readset,unrelated,500,47,1,EXECUTE,published_after_gate_recheck,51.24123301357031,12.869060970842838,195.78183779196704,13.187179963968028
readset,unrelated,500,48,1,EXECUTE,published_after_gate_recheck,165.74101196601987,11.538525111973286,195.78183779196704,13.187179963968028
readset,unrelated,500,49,1,EXECUTE,published_after_gate_recheck,48.52611990645528,11.24162832275033,195.78183779196704,13.187179963968028
readset,unrelated,500,50,1,EXECUTE,published_after_gate_recheck,39.72975863143802,19.91261402145028,195.78183779196704,13.187179963968028
readset,unrelated,500,51,1,EXECUTE,published_after_gate_recheck,32.77969127520919,11.521363165229559,195.78183779196704,13.187179963968028
readset,unrelated,500,52,1,EXECUTE,published_after_gate_recheck,137.23489688709378,20.356847904622555,195.78183779196704,13.187179963968028
readset,unrelated,500,53,1,EXECUTE,published_after_gate_recheck,53.91516909003258,10.881022084504366,195.78183779196704,13.187179963968028
readset,unrelated,500,54,1,EXECUTE,published_after_gate_recheck,58.88295779004693,21.0294290445745,195.78183779196704,13.187179963968028
readset,unrelated,500,55,1,EXECUTE,published_after_gate_recheck,172.57703468203545,66.15983927622437,195.78183779196704,13.187179963968028
readset,unrelated,500,56,1,EXECUTE,published_after_gate_recheck,53.847651928663254,10.612668003886938,195.78183779196704,13.187179963968028
readset,unrelated,500,57,1,EXECUTE,published_after_gate_recheck,31.583297066390514,11.473011691123247,195.78183779196704,13.187179963968028
readset,unrelated,500,58,1,EXECUTE,published_after_gate_recheck,23.905854672193527,10.868328157812357,195.78183779196704,13.187179963968028
readset,unrelated,500,59,1,EXECUTE,published_after_gate_recheck,375.6323861889541,21.47007593885064,195.78183779196704,13.187179963968028
readset,unrelated,500,60,1,EXECUTE,published_after_gate_recheck,148.69769988581538,20.262460224330425,195.78183779196704,13.187179963968028
readset,unrelated,500,61,1,EXECUTE,published_after_gate_recheck,126.51963718235493,11.403612326830626,195.78183779196704,13.187179963968028
readset,unrelated,500,62,1,EXECUTE,published_after_gate_recheck,37.935483269393444,11.928766965866089,195.78183779196704,13.187179963968028
readset,unrelated,500,63,1,EXECUTE,published_after_gate_recheck,64.25615726038814,11.343408841639757,195.78183779196704,13.187179963968028
readset,unrelated,500,64,1,EXECUTE,published_after_gate_recheck,225.864436943084,206.2643188983202,195.78183779196704,13.187179963968028
readset,unrelated,500,65,1,EXECUTE,published_after_gate_recheck,154.2981369420886,10.475742164999247,195.78183779196704,13.187179963968028
readset,unrelated,500,66,1,EXECUTE,published_after_gate_recheck,152.59841922670603,60.011494904756546,195.78183779196704,13.187179963968028
readset,unrelated,500,67,1,EXECUTE,published_after_gate_recheck,116.72756774351001,69.73995361477137,195.78183779196704,13.187179963968028
readset,unrelated,500,68,1,EXECUTE,published_after_gate_recheck,76.99219882488251,51.19697982445359,195.78183779196704,13.187179963968028
readset,unrelated,500,69,1,EXECUTE,published_after_gate_recheck,46.625333838164806,11.703413911163807,195.78183779196704,13.187179963968028
readset,unrelated,500,70,1,EXECUTE,published_after_gate_recheck,92.40243723616004,15.804366674274206,195.78183779196704,13.187179963968028
readset,unrelated,500,71,1,EXECUTE,published_after_gate_recheck,38.48554426804185,11.938044801354408,195.78183779196704,13.187179963968028
readset,unrelated,500,72,1,EXECUTE,published_after_gate_recheck,78.38036306202412,15.028310939669609,195.78183779196704,13.187179963968028
readset,unrelated,500,73,1,EXECUTE,published_after_gate_recheck,49.31200388818979,22.231153212487698,195.78183779196704,13.187179963968028
readset,unrelated,500,74,1,EXECUTE,published_after_gate_recheck,37.921024952083826,11.865628883242607,195.78183779196704,13.187179963968028
readset,unrelated,500,75,1,EXECUTE,published_after_gate_recheck,98.79707219079137,21.82747609913349,195.78183779196704,13.187179963968028
readset,unrelated,500,76,1,EXECUTE,published_after_gate_recheck,148.88669503852725,20.695341750979424,195.78183779196704,13.187179963968028
readset,unrelated,500,77,1,EXECUTE,published_after_gate_recheck,81.74778008833528,22.37585373222828,195.78183779196704,13.187179963968028
readset,unrelated,500,78,1,EXECUTE,published_after_gate_recheck,32.88690187036991,12.476615142077208,195.78183779196704,13.187179963968028
readset,unrelated,500,79,1,EXECUTE,published_after_gate_recheck,61.01201195269823,22.71079272031784,195.78183779196704,13.187179963968028
readset,unrelated,500,80,1,EXECUTE,published_after_gate_recheck,77.3883517831564,22.51112787052989,195.78183779196704,13.187179963968028
readset,unrelated,500,81,1,EXECUTE,published_after_gate_recheck,56.45283870398998,11.946991086006165,195.78183779196704,13.187179963968028
readset,unrelated,500,82,1,EXECUTE,published_after_gate_recheck,57.59795708581805,11.481527704745531,195.78183779196704,13.187179963968028
readset,unrelated,500,83,1,EXECUTE,published_after_gate_recheck,43.2128319516778,22.340278141200542,195.78183779196704,13.187179963968028
readset,unrelated,500,84,1,EXECUTE,published_after_gate_recheck,26.966565754264593,12.09202315658331,195.78183779196704,13.187179963968028
readset,unrelated,500,85,1,EXECUTE,published_after_gate_recheck,79.84937820583582,12.37331097945571,195.78183779196704,13.187179963968028
readset,unrelated,500,86,1,EXECUTE,published_after_gate_recheck,45.09182693436742,11.09611475840211,195.78183779196704,13.187179963968028
readset,unrelated,500,87,1,EXECUTE,published_after_gate_recheck,76.16290403530002,10.243916884064674,195.78183779196704,13.187179963968028
readset,unrelated,500,88,1,EXECUTE,published_after_gate_recheck,81.02596597746015,12.239640112966299,195.78183779196704,13.187179963968028
readset,unrelated,500,89,1,EXECUTE,published_after_gate_recheck,63.16514080390334,25.587469339370728,195.78183779196704,13.187179963968028
readset,unrelated,500,90,1,EXECUTE,published_after_gate_recheck,38.919789250940084,20.456072874367237,195.78183779196704,13.187179963968028
readset,unrelated,500,91,1,EXECUTE,published_after_gate_recheck,98.77054300159216,45.228103175759315,195.78183779196704,13.187179963968028
readset,unrelated,500,92,1,EXECUTE,published_after_gate_recheck,87.32744725421071,11.064494960010052,195.78183779196704,13.187179963968028
readset,unrelated,500,93,1,EXECUTE,published_after_gate_recheck,114.45494601503015,20.3658239915967,195.78183779196704,13.187179963968028
readset,unrelated,500,94,1,EXECUTE,published_after_gate_recheck,97.48934907838702,12.06175610423088,195.78183779196704,13.187179963968028
readset,unrelated,500,95,1,EXECUTE,published_after_gate_recheck,35.12000199407339,11.380769312381744,195.78183779196704,13.187179963968028
readset,unrelated,500,96,1,EXECUTE,published_after_gate_recheck,143.576895352453,20.358140114694834,195.78183779196704,13.187179963968028
readset,unrelated,500,97,1,EXECUTE,published_after_gate_recheck,97.08029218018055,11.4308325573802,195.78183779196704,13.187179963968028
readset,unrelated,500,98,1,EXECUTE,published_after_gate_recheck,139.86377930268645,10.20075473934412,195.78183779196704,13.187179963968028
readset,unrelated,500,99,1,EXECUTE,published_after_gate_recheck,31.267564743757248,10.453990194946527,195.78183779196704,13.187179963968028
global,related_same,500,0,0,REVOKE,context_version_changed_at_publish,234.0938551351428,10.336259379982948,196.88322927009975,0.0
global,related_same,500,1,0,REVOKE,context_version_changed_at_publish,154.10178806632757,98.82683819159865,196.88322927009975,0.0
global,related_same,500,2,0,REVOKE,context_version_changed_at_publish,38.55592617765069,19.508235156536102,196.88322927009975,0.0
global,related_same,500,3,0,REVOKE,context_version_changed_at_publish,37.77878871187568,11.528495699167252,196.88322927009975,0.0
global,related_same,500,4,0,REVOKE,context_version_changed_at_publish,141.1718330346048,10.147786233574152,196.88322927009975,0.0
global,related_same,500,5,0,REVOKE,context_version_changed_at_publish,56.58901482820511,11.007048189640045,196.88322927009975,0.0
global,related_same,500,6,0,REVOKE,context_version_changed_at_publish,153.45421433448792,20.247803069651127,196.88322927009975,0.0
global,related_same,500,7,0,REVOKE,context_version_changed_at_publish,30.23932594805956,11.05673098936677,196.88322927009975,0.0
global,related_same,500,8,0,REVOKE,context_version_changed_at_publish,27.04454306513071,10.810870211571455,196.88322927009975,0.0
global,related_same,500,9,0,REVOKE,context_version_changed_at_publish,37.107168696820736,11.168379802256823,196.88322927009975,0.0
global,related_same,500,10,0,REVOKE,context_version_changed_at_publish,29.350228141993284,10.575627908110619,196.88322927009975,0.0
global,related_same,500,11,0,REVOKE,context_version_changed_at_publish,31.205908861011267,10.763010010123253,196.88322927009975,0.0
global,related_same,500,12,0,REVOKE,context_version_changed_at_publish,139.8437819443643,117.94118490070105,196.88322927009975,0.0
global,related_same,500,13,0,REVOKE,context_version_changed_at_publish,29.024045914411545,12.038863264024258,196.88322927009975,0.0
global,related_same,500,14,0,REVOKE,context_version_changed_at_publish,30.595293268561363,10.674814693629742,196.88322927009975,0.0
global,related_same,500,15,0,REVOKE,context_version_changed_at_publish,23.07299291715026,10.802815202623606,196.88322927009975,0.0
global,related_same,500,16,0,REVOKE,context_version_changed_at_publish,61.04772910475731,38.51671330630779,196.88322927009975,0.0
global,related_same,500,17,0,REVOKE,context_version_changed_at_publish,31.826042104512453,12.612498831003904,196.88322927009975,0.0
global,related_same,500,18,0,REVOKE,context_version_changed_at_publish,47.4174995906651,26.15439286455512,196.88322927009975,0.0
global,related_same,500,19,0,REVOKE,context_version_changed_at_publish,37.300250958651304,14.99735377728939,196.88322927009975,0.0
global,related_same,500,20,0,REVOKE,context_version_changed_at_publish,48.69555728510022,15.697557013481855,196.88322927009975,0.0
global,related_same,500,21,0,REVOKE,context_version_changed_at_publish,48.62994374707341,28.650705236941576,196.88322927009975,0.0
global,related_same,500,22,0,REVOKE,context_version_changed_at_publish,170.27540784329176,13.02084606140852,196.88322927009975,0.0
global,related_same,500,23,0,REVOKE,context_version_changed_at_publish,24.182873778045177,10.43363194912672,196.88322927009975,0.0
global,related_same,500,24,0,REVOKE,context_version_changed_at_publish,30.89554701000452,10.740488301962614,196.88322927009975,0.0
global,related_same,500,25,0,REVOKE,context_version_changed_at_publish,54.546312894672155,21.38850186020136,196.88322927009975,0.0
global,related_same,500,26,0,REVOKE,context_version_changed_at_publish,58.8871561922133,32.1591068059206,196.88322927009975,0.0
global,related_same,500,27,0,REVOKE,context_version_changed_at_publish,57.92013229802251,11.515612248331308,196.88322927009975,0.0
global,related_same,500,28,0,REVOKE,context_version_changed_at_publish,97.63004304841161,11.144525837153196,196.88322927009975,0.0
global,related_same,500,29,0,REVOKE,context_version_changed_at_publish,159.3537600710988,21.944416221231222,196.88322927009975,0.0
global,related_same,500,30,0,REVOKE,context_version_changed_at_publish,164.95234286412597,79.0058970451355,196.88322927009975,0.0
global,related_same,500,31,0,REVOKE,context_version_changed_at_publish,101.24576603993773,19.86859180033207,196.88322927009975,0.0
global,related_same,500,32,0,REVOKE,context_version_changed_at_publish,36.22360108420253,17.284073401242495,196.88322927009975,0.0
global,related_same,500,33,0,REVOKE,context_version_changed_at_publish,42.01061697676778,16.978539992123842,196.88322927009975,0.0
global,related_same,500,34,0,REVOKE,context_version_changed_at_publish,22.27055700495839,10.521156247705221,196.88322927009975,0.0
global,related_same,500,35,0,REVOKE,context_version_changed_at_publish,33.80740899592638,13.02921213209629,196.88322927009975,0.0
global,related_same,500,36,0,REVOKE,context_version_changed_at_publish,75.74742380529642,9.978608693927526,196.88322927009975,0.0
global,related_same,500,37,0,REVOKE,context_version_changed_at_publish,204.48172511532903,10.714117903262377,196.88322927009975,0.0
global,related_same,500,38,0,REVOKE,context_version_changed_at_publish,59.31499786674976,13.068865053355694,196.88322927009975,0.0
global,related_same,500,39,0,REVOKE,context_version_changed_at_publish,348.30379020422697,12.85893190652132,196.88322927009975,0.0
global,related_same,500,40,0,REVOKE,context_version_changed_at_publish,29.66404566541314,10.739815887063742,196.88322927009975,0.0
global,related_same,500,41,0,REVOKE,context_version_changed_at_publish,42.40774316713214,11.239032726734877,196.88322927009975,0.0
global,related_same,500,42,0,REVOKE,context_version_changed_at_publish,223.6501439474523,10.805860161781311,196.88322927009975,0.0
global,related_same,500,43,0,REVOKE,context_version_changed_at_publish,77.59789517149329,10.548769030719995,196.88322927009975,0.0
global,related_same,500,44,0,REVOKE,context_version_changed_at_publish,46.23078415170312,25.501046795397997,196.88322927009975,0.0
global,related_same,500,45,0,REVOKE,context_version_changed_at_publish,73.05482309311628,11.507676914334297,196.88322927009975,0.0
global,related_same,500,46,0,REVOKE,context_version_changed_at_publish,46.05191806331277,20.710229873657227,196.88322927009975,0.0
global,related_same,500,47,0,REVOKE,context_version_changed_at_publish,48.643350135535,12.165600899606943,196.88322927009975,0.0
global,related_same,500,48,0,REVOKE,context_version_changed_at_publish,312.3638699762523,164.7795788012445,196.88322927009975,0.0
global,related_same,500,49,0,REVOKE,context_version_changed_at_publish,46.79750697687268,10.905737988650799,196.88322927009975,0.0
global,related_same,500,50,0,REVOKE,context_version_changed_at_publish,42.844971641898155,11.37519907206297,196.88322927009975,0.0
global,related_same,500,51,0,REVOKE,context_version_changed_at_publish,47.40721080452204,11.565606109797955,196.88322927009975,0.0
global,related_same,500,52,0,REVOKE,context_version_changed_at_publish,148.9764330908656,11.151289101690054,196.88322927009975,0.0
global,related_same,500,53,0,REVOKE,context_version_changed_at_publish,47.52648388966918,11.611873283982277,196.88322927009975,0.0
global,related_same,500,54,0,REVOKE,context_version_changed_at_publish,28.748739045113325,11.315095704048872,196.88322927009975,0.0
global,related_same,500,55,0,REVOKE,context_version_changed_at_publish,108.0161058343947,10.973786003887653,196.88322927009975,0.0
global,related_same,500,56,0,REVOKE,context_version_changed_at_publish,310.9954739920795,293.67908043786883,196.88322927009975,0.0
global,related_same,500,57,0,REVOKE,context_version_changed_at_publish,351.29342786967754,20.410918164998293,196.88322927009975,0.0
global,related_same,500,58,0,REVOKE,context_version_changed_at_publish,127.68669566139579,20.558014046400785,196.88322927009975,0.0
global,related_same,500,59,0,REVOKE,context_version_changed_at_publish,31.543842051178217,11.981555726379156,196.88322927009975,0.0
global,related_same,500,60,0,REVOKE,context_version_changed_at_publish,29.3193100951612,10.138940066099167,196.88322927009975,0.0
global,related_same,500,61,0,REVOKE,context_version_changed_at_publish,26.67650207877159,10.446245782077312,196.88322927009975,0.0
global,related_same,500,62,0,REVOKE,context_version_changed_at_publish,21.747536025941372,10.273962747305632,196.88322927009975,0.0
global,related_same,500,63,0,REVOKE,context_version_changed_at_publish,45.00873200595379,21.007847972214222,196.88322927009975,0.0
global,related_same,500,64,0,REVOKE,context_version_changed_at_publish,288.56161003932357,21.514940075576305,196.88322927009975,0.0
global,related_same,500,65,0,REVOKE,context_version_changed_at_publish,166.17177100852132,11.948144063353539,196.88322927009975,0.0
global,related_same,500,66,0,REVOKE,context_version_changed_at_publish,35.64172005280852,11.095995083451271,196.88322927009975,0.0
global,related_same,500,67,0,REVOKE,context_version_changed_at_publish,78.69730796664953,10.707846842706203,196.88322927009975,0.0
global,related_same,500,68,0,REVOKE,context_version_changed_at_publish,44.46374857798219,19.40287696197629,196.88322927009975,0.0
global,related_same,500,69,0,REVOKE,context_version_changed_at_publish,165.52234208211303,145.62988560646772,196.88322927009975,0.0
global,related_same,500,70,0,REVOKE,context_version_changed_at_publish,49.59554597735405,26.036811992526054,196.88322927009975,0.0
global,related_same,500,71,0,REVOKE,context_version_changed_at_publish,40.155317168682814,20.66638832911849,196.88322927009975,0.0
global,related_same,500,72,0,REVOKE,context_version_changed_at_publish,41.61757975816727,10.969827882945538,196.88322927009975,0.0
global,related_same,500,73,0,REVOKE,context_version_changed_at_publish,109.8446068353951,12.562866788357496,196.88322927009975,0.0
global,related_same,500,74,0,REVOKE,context_version_changed_at_publish,29.72201630473137,10.91644773259759,196.88322927009975,0.0
global,related_same,500,75,0,REVOKE,context_version_changed_at_publish,38.414380978792906,18.773287069052458,196.88322927009975,0.0
global,related_same,500,76,0,REVOKE,context_version_changed_at_publish,36.69127868488431,10.861755814403296,196.88322927009975,0.0
global,related_same,500,77,0,REVOKE,context_version_changed_at_publish,144.75285122171044,10.889146942645311,196.88322927009975,0.0
global,related_same,500,78,0,REVOKE,context_version_changed_at_publish,50.04716292023659,13.373868074268103,196.88322927009975,0.0
global,related_same,500,79,0,REVOKE,context_version_changed_at_publish,49.34833198785782,10.605866089463234,196.88322927009975,0.0
global,related_same,500,80,0,REVOKE,context_version_changed_at_publish,28.80699886009097,8.036234881728888,196.88322927009975,0.0
global,related_same,500,81,0,REVOKE,context_version_changed_at_publish,28.61476829275489,10.890739969909191,196.88322927009975,0.0
global,related_same,500,82,0,REVOKE,context_version_changed_at_publish,94.97966105118394,12.856376823037863,196.88322927009975,0.0
global,related_same,500,83,0,REVOKE,context_version_changed_at_publish,39.77382089942694,10.8922622166574,196.88322927009975,0.0
global,related_same,500,84,0,REVOKE,context_version_changed_at_publish,63.655270263552666,10.373408906161785,196.88322927009975,0.0
global,related_same,500,85,0,REVOKE,context_version_changed_at_publish,72.94085901230574,13.584312051534653,196.88322927009975,0.0
global,related_same,500,86,0,REVOKE,context_version_changed_at_publish,44.356537982821465,11.375860311090946,196.88322927009975,0.0
global,related_same,500,87,0,REVOKE,context_version_changed_at_publish,106.47436417639256,84.64221935719252,196.88322927009975,0.0
global,related_same,500,88,0,REVOKE,context_version_changed_at_publish,32.42983529344201,12.325181160122156,196.88322927009975,0.0
global,related_same,500,89,0,REVOKE,context_version_changed_at_publish,154.6027478761971,105.97815318033099,196.88322927009975,0.0
global,related_same,500,90,0,REVOKE,context_version_changed_at_publish,37.60435106232762,11.439759749919176,196.88322927009975,0.0
global,related_same,500,91,0,REVOKE,context_version_changed_at_publish,68.6813392676413,32.129742205142975,196.88322927009975,0.0
global,related_same,500,92,0,REVOKE,context_version_changed_at_publish,107.88420867174864,11.3645289093256,196.88322927009975,0.0
global,related_same,500,93,0,REVOKE,context_version_changed_at_publish,47.62067086994648,12.439094949513674,196.88322927009975,0.0
global,related_same,500,94,0,REVOKE,context_version_changed_at_publish,132.08661088719964,78.36619718000293,196.88322927009975,0.0
global,related_same,500,95,0,REVOKE,context_version_changed_at_publish,115.94062112271786,12.293661013245583,196.88322927009975,0.0
global,related_same,500,96,0,REVOKE,context_version_changed_at_publish,91.42105560749769,55.983338970690966,196.88322927009975,0.0
global,related_same,500,97,0,REVOKE,context_version_changed_at_publish,35.547532606869936,12.002464849501848,196.88322927009975,0.0
global,related_same,500,98,0,REVOKE,context_version_changed_at_publish,57.320787105709314,36.751060746610165,196.88322927009975,0.0
global,related_same,500,99,0,REVOKE,context_version_changed_at_publish,61.39110308140516,11.657338123768568,196.88322927009975,0.0
readset,related_same,500,0,1,EXECUTE,published_after_gate_recheck,29.243748169392347,8.962573017925024,195.27830437220044,15.749428021485432
readset,related_same,500,1,1,EXECUTE,published_after_gate_recheck,31.226387713104486,12.379452120512724,195.27830437220044,15.749428021485432
readset,related_same,500,2,1,EXECUTE,published_after_gate_recheck,41.625764686614275,11.807119008153677,195.27830437220044,15.749428021485432
readset,related_same,500,3,1,EXECUTE,published_after_gate_recheck,34.74594000726938,14.407758135348558,195.27830437220044,15.749428021485432
readset,related_same,500,4,1,EXECUTE,published_after_gate_recheck,32.830516807734966,11.482659727334976,195.27830437220044,15.749428021485432
readset,related_same,500,5,1,EXECUTE,published_after_gate_recheck,116.97028391063213,75.67720301449299,195.27830437220044,15.749428021485432
readset,related_same,500,6,1,EXECUTE,published_after_gate_recheck,207.859190646559,163.41395676136017,195.27830437220044,15.749428021485432
readset,related_same,500,7,1,EXECUTE,published_after_gate_recheck,45.599198900163174,10.913022328168154,195.27830437220044,15.749428021485432
readset,related_same,500,8,1,EXECUTE,published_after_gate_recheck,96.78859496489167,10.84413193166256,195.27830437220044,15.749428021485432
readset,related_same,500,9,1,EXECUTE,published_after_gate_recheck,147.41762913763523,11.213705874979496,195.27830437220044,15.749428021485432
readset,related_same,500,10,1,EXECUTE,published_after_gate_recheck,38.114938884973526,11.690078768879175,195.27830437220044,15.749428021485432
readset,related_same,500,11,1,EXECUTE,published_after_gate_recheck,66.6288179345429,10.786384344100952,195.27830437220044,15.749428021485432
readset,related_same,500,12,1,EXECUTE,published_after_gate_recheck,43.7995339743793,21.163209807127714,195.27830437220044,15.749428021485432
readset,related_same,500,13,1,EXECUTE,published_after_gate_recheck,59.151402208954096,38.404492661356926,195.27830437220044,15.749428021485432
readset,related_same,500,14,1,EXECUTE,published_after_gate_recheck,30.914021655917168,10.53608488291502,195.27830437220044,15.749428021485432
readset,related_same,500,15,1,EXECUTE,published_after_gate_recheck,27.79951924458146,10.715530719608068,195.27830437220044,15.749428021485432
readset,related_same,500,16,1,EXECUTE,published_after_gate_recheck,47.84233681857586,12.879360932856798,195.27830437220044,15.749428021485432
readset,related_same,500,17,1,EXECUTE,published_after_gate_recheck,46.77792964503169,27.83338213339448,195.27830437220044,15.749428021485432
readset,related_same,500,18,1,EXECUTE,published_after_gate_recheck,32.09223225712776,12.550624087452888,195.27830437220044,15.749428021485432
readset,related_same,500,19,1,EXECUTE,published_after_gate_recheck,123.25660604983568,18.85531982406974,195.27830437220044,15.749428021485432
readset,related_same,500,20,1,EXECUTE,published_after_gate_recheck,28.51268695667386,10.760275181382895,195.27830437220044,15.749428021485432
readset,related_same,500,21,1,EXECUTE,published_after_gate_recheck,40.363918989896774,22.693651262670755,195.27830437220044,15.749428021485432
readset,related_same,500,22,1,EXECUTE,published_after_gate_recheck,137.42761919274926,14.892986975610256,195.27830437220044,15.749428021485432
readset,related_same,500,23,1,EXECUTE,published_after_gate_recheck,27.483166195452213,10.947236325591803,195.27830437220044,15.749428021485432
readset,related_same,500,24,1,EXECUTE,published_after_gate_recheck,112.13060468435287,10.270876809954643,195.27830437220044,15.749428021485432
readset,related_same,500,25,1,EXECUTE,published_after_gate_recheck,30.871862079948187,12.082104105502367,195.27830437220044,15.749428021485432
readset,related_same,500,26,1,EXECUTE,published_after_gate_recheck,51.30815785378218,10.538729839026928,195.27830437220044,15.749428021485432
readset,related_same,500,27,1,EXECUTE,published_after_gate_recheck,30.85398906841874,10.817984119057655,195.27830437220044,15.749428021485432
readset,related_same,500,28,1,EXECUTE,published_after_gate_recheck,30.427799094468355,10.114273987710476,195.27830437220044,15.749428021485432
readset,related_same,500,29,1,EXECUTE,published_after_gate_recheck,28.350291773676872,9.33165568858385,195.27830437220044,15.749428021485432
readset,related_same,500,30,1,EXECUTE,published_after_gate_recheck,93.5967480763793,11.068733874708414,195.27830437220044,15.749428021485432
readset,related_same,500,31,1,EXECUTE,published_after_gate_recheck,38.46310218796134,15.273482073098421,195.27830437220044,15.749428021485432
readset,related_same,500,32,1,EXECUTE,published_after_gate_recheck,31.31399117410183,12.181821744889021,195.27830437220044,15.749428021485432
readset,related_same,500,33,1,EXECUTE,published_after_gate_recheck,45.77309498563409,9.226006921380758,195.27830437220044,15.749428021485432
readset,related_same,500,34,1,EXECUTE,published_after_gate_recheck,27.305602096021175,9.221429005265236,195.27830437220044,15.749428021485432
readset,related_same,500,35,1,EXECUTE,published_after_gate_recheck,29.721864964812994,10.672661010175943,195.27830437220044,15.749428021485432
readset,related_same,500,36,1,EXECUTE,published_after_gate_recheck,56.907893158495426,36.33260587230325,195.27830437220044,15.749428021485432
readset,related_same,500,37,1,EXECUTE,published_after_gate_recheck,46.852951403707266,19.992904271930456,195.27830437220044,15.749428021485432
readset,related_same,500,38,1,EXECUTE,published_after_gate_recheck,22.88112323731184,11.069194879382849,195.27830437220044,15.749428021485432
readset,related_same,500,39,1,EXECUTE,published_after_gate_recheck,29.92935385555029,10.645459871739149,195.27830437220044,15.749428021485432
readset,related_same,500,40,1,EXECUTE,published_after_gate_recheck,36.85749089345336,11.154884938150644,195.27830437220044,15.749428021485432
readset,related_same,500,41,1,EXECUTE,published_after_gate_recheck,41.49734415113926,11.252117808908224,195.27830437220044,15.749428021485432
readset,related_same,500,42,1,EXECUTE,published_after_gate_recheck,42.16310288757086,11.678227223455906,195.27830437220044,15.749428021485432
readset,related_same,500,43,1,EXECUTE,published_after_gate_recheck,281.44357819110155,262.5170643441379,195.27830437220044,15.749428021485432
readset,related_same,500,44,1,EXECUTE,published_after_gate_recheck,31.144243199378252,10.885991156101227,195.27830437220044,15.749428021485432
readset,related_same,500,45,1,EXECUTE,published_after_gate_recheck,30.28559312224388,11.284858919680119,195.27830437220044,15.749428021485432
readset,related_same,500,46,1,EXECUTE,published_after_gate_recheck,87.59037032723427,13.69590312242508,195.27830437220044,15.749428021485432
readset,related_same,500,47,1,EXECUTE,published_after_gate_recheck,30.90463299304247,10.621233843266964,195.27830437220044,15.749428021485432
readset,related_same,500,48,1,EXECUTE,published_after_gate_recheck,29.595598112791777,10.948538314551115,195.27830437220044,15.749428021485432
readset,related_same,500,49,1,EXECUTE,published_after_gate_recheck,42.378307320177555,18.223806284368038,195.27830437220044,15.749428021485432
readset,related_same,500,50,1,EXECUTE,published_after_gate_recheck,151.9619137980044,12.518153060227633,195.27830437220044,15.749428021485432
readset,related_same,500,51,1,EXECUTE,published_after_gate_recheck,89.14698986336589,14.759326819330454,195.27830437220044,15.749428021485432
readset,related_same,500,52,1,EXECUTE,published_after_gate_recheck,35.04669386893511,11.819241102784872,195.27830437220044,15.749428021485432
readset,related_same,500,53,1,EXECUTE,published_after_gate_recheck,22.20155717805028,10.630171280354261,195.27830437220044,15.749428021485432
readset,related_same,500,54,1,EXECUTE,published_after_gate_recheck,82.97428069636226,18.852245062589645,195.27830437220044,15.749428021485432
readset,related_same,500,55,1,EXECUTE,published_after_gate_recheck,26.97194693610072,10.386775247752666,195.27830437220044,15.749428021485432
readset,related_same,500,56,1,EXECUTE,published_after_gate_recheck,29.582323040813208,10.211455170065165,195.27830437220044,15.749428021485432
readset,related_same,500,57,1,EXECUTE,published_after_gate_recheck,38.394372910261154,11.417327914386988,195.27830437220044,15.749428021485432
readset,related_same,500,58,1,EXECUTE,published_after_gate_recheck,46.217568684369326,26.82693488895893,195.27830437220044,15.749428021485432
readset,related_same,500,59,1,EXECUTE,published_after_gate_recheck,29.77424394339323,10.992701165378094,195.27830437220044,15.749428021485432
readset,related_same,500,60,1,EXECUTE,published_after_gate_recheck,56.002373807132244,20.825937390327454,195.27830437220044,15.749428021485432
readset,related_same,500,61,1,EXECUTE,published_after_gate_recheck,151.34254284203053,20.914553198963404,195.27830437220044,15.749428021485432
readset,related_same,500,62,1,EXECUTE,published_after_gate_recheck,87.02987898141146,11.311798822134733,195.27830437220044,15.749428021485432
readset,related_same,500,63,1,EXECUTE,published_after_gate_recheck,134.68531612306833,23.80926301702857,195.27830437220044,15.749428021485432
readset,related_same,500,64,1,EXECUTE,published_after_gate_recheck,28.999239206314087,11.116794310510159,195.27830437220044,15.749428021485432
readset,related_same,500,65,1,EXECUTE,published_after_gate_recheck,40.82192713394761,10.776465758681297,195.27830437220044,15.749428021485432
readset,related_same,500,66,1,EXECUTE,published_after_gate_recheck,32.323695719242096,10.493033099919558,195.27830437220044,15.749428021485432
readset,related_same,500,67,1,EXECUTE,published_after_gate_recheck,86.78471902385354,64.98397327959538,195.27830437220044,15.749428021485432
readset,related_same,500,68,1,EXECUTE,published_after_gate_recheck,26.58492000773549,10.866123251616955,195.27830437220044,15.749428021485432
readset,related_same,500,69,1,EXECUTE,published_after_gate_recheck,28.03655294701457,9.657787159085274,195.27830437220044,15.749428021485432
readset,related_same,500,70,1,EXECUTE,published_after_gate_recheck,184.95337199419737,13.211342971771955,195.27830437220044,15.749428021485432
readset,related_same,500,71,1,EXECUTE,published_after_gate_recheck,28.060018084943295,10.814327280968428,195.27830437220044,15.749428021485432
readset,related_same,500,72,1,EXECUTE,published_after_gate_recheck,72.86687102168798,52.20664385706186,195.27830437220044,15.749428021485432
readset,related_same,500,73,1,EXECUTE,published_after_gate_recheck,32.3121240362525,9.559272788465023,195.27830437220044,15.749428021485432
readset,related_same,500,74,1,EXECUTE,published_after_gate_recheck,75.44087897986174,49.99600723385811,195.27830437220044,15.749428021485432
readset,related_same,500,75,1,EXECUTE,published_after_gate_recheck,33.506745006889105,11.610379908233881,195.27830437220044,15.749428021485432
readset,related_same,500,76,1,EXECUTE,published_after_gate_recheck,39.89652171730995,21.10548224300146,195.27830437220044,15.749428021485432
readset,related_same,500,77,1,EXECUTE,published_after_gate_recheck,161.48260375484824,78.63390911370516,195.27830437220044,15.749428021485432
readset,related_same,500,78,1,EXECUTE,published_after_gate_recheck,67.58842803537846,13.738160952925682,195.27830437220044,15.749428021485432
readset,related_same,500,79,1,EXECUTE,published_after_gate_recheck,47.51400090754032,10.506789200007915,195.27830437220044,15.749428021485432
readset,related_same,500,80,1,EXECUTE,published_after_gate_recheck,69.96197113767266,11.925209779292345,195.27830437220044,15.749428021485432
readset,related_same,500,81,1,EXECUTE,published_after_gate_recheck,55.81734701991081,21.01605385541916,195.27830437220044,15.749428021485432
readset,related_same,500,82,1,EXECUTE,published_after_gate_recheck,30.93998972326517,11.779597029089928,195.27830437220044,15.749428021485432
readset,related_same,500,83,1,EXECUTE,published_after_gate_recheck,79.18111467733979,14.39184695482254,195.27830437220044,15.749428021485432
readset,related_same,500,84,1,EXECUTE,published_after_gate_recheck,77.4660580791533,55.62079790979624,195.27830437220044,15.749428021485432
readset,related_same,500,85,1,EXECUTE,published_after_gate_recheck,46.009669080376625,17.56879733875394,195.27830437220044,15.749428021485432
readset,related_same,500,86,1,EXECUTE,published_after_gate_recheck,26.71574568375945,10.693951044231653,195.27830437220044,15.749428021485432
readset,related_same,500,87,1,EXECUTE,published_after_gate_recheck,31.59291483461857,11.85581972822547,195.27830437220044,15.749428021485432
readset,related_same,500,88,1,EXECUTE,published_after_gate_recheck,46.46436218172312,11.949737090617418,195.27830437220044,15.749428021485432
readset,related_same,500,89,1,EXECUTE,published_after_gate_recheck,37.49037813395262,11.699407361447811,195.27830437220044,15.749428021485432
readset,related_same,500,90,1,EXECUTE,published_after_gate_recheck,213.47488602623343,107.07218525931239,195.27830437220044,15.749428021485432
readset,related_same,500,91,1,EXECUTE,published_after_gate_recheck,29.301075730472803,11.01295929402113,195.27830437220044,15.749428021485432
readset,related_same,500,92,1,EXECUTE,published_after_gate_recheck,28.42996083199978,11.219115927815437,195.27830437220044,15.749428021485432
readset,related_same,500,93,1,EXECUTE,published_after_gate_recheck,143.08273838832974,11.134206783026457,195.27830437220044,15.749428021485432
readset,related_same,500,94,1,EXECUTE,published_after_gate_recheck,57.13572073727846,12.626004870980978,195.27830437220044,15.749428021485432
readset,related_same,500,95,1,EXECUTE,published_after_gate_recheck,38.754158187657595,20.589894615113735,195.27830437220044,15.749428021485432
readset,related_same,500,96,1,EXECUTE,published_after_gate_recheck,208.45623081550002,12.210194952785969,195.27830437220044,15.749428021485432
readset,related_same,500,97,1,EXECUTE,published_after_gate_recheck,45.74388125911355,10.878467001020908,195.27830437220044,15.749428021485432
readset,related_same,500,98,1,EXECUTE,published_after_gate_recheck,142.3501130193472,11.575393844395876,195.27830437220044,15.749428021485432
readset,related_same,500,99,1,EXECUTE,published_after_gate_recheck,66.72255508601665,11.180002242326736,195.27830437220044,15.749428021485432
