run,mode,inject,inject_offset_ms,publish_delay_ms,injection_window,gateway_released,gate_blocked,stale_publish,potential_stale_publish,post_release_invalidation,injection_version,check_version,version_order,stale_exact,position_vs_middleware,residual_lo_ms,residual_hi_ms,t_middleware_ms,store_io_lo_ms,store_io_hi_ms,injection_store_lo_ms,injection_store_hi_ms,commit_status,commit_age_ms,outcome,reason,validation_to_gate_ms,validation_to_publish_ms,recheck_to_publish_ms,t_validate_end_ms,t_injection_start_ms,t_injection_end_ms,t_recheck_start_ms,t_recheck_end_ms,t_publish_end_ms
0,xair,0,,50.0,control,1,0,0,0,0,,1,control,0,,1.0595181956887245,2.445538993924856,61.26162502914667,58.816086035221815,60.20210683345795,,,,,EXECUTE,published_after_gate_recheck,55.42797688394785,55.44826528057456,0.02028839662671089,5.833266768604517,,,55.96720892935991,61.261243652552366,61.28153204917908
1,xair,1,0.0,50.0,before_recheck,0,1,0,0,0,3,3,before_check,0,,,,,57.25765135139227,58.4337180480361,8.881458081305027,10.211954358965158,,,REVOKE,read_set_version_changed_at_gate,55.15278084203601,,,4.44355932995677,4.58268029615283,12.281438335776329,54.788708221167326,59.59634017199278,
2,xair,0,,50.0,control,1,0,0,0,0,,4,control,0,,1.1956142261624336,2.536310348659754,60.35702722147107,57.82071687281132,59.16141299530864,,,,,EXECUTE,published_after_gate_recheck,55.646315682679415,55.661845952272415,0.015530269593000412,4.710410255938768,,,54.810929112136364,60.35672593861818,60.37225620821118
3,xair,1,0.0,50.0,before_recheck,0,1,0,0,0,6,6,before_check,0,,,,,57.915575336664915,59.21528395265341,9.682060219347477,10.957062244415283,,,REVOKE,read_set_version_changed_at_gate,55.386008229106665,,,4.834712948650122,4.936544224619865,13.048938009887934,55.11747393757105,60.220721177756786,
4,xair,0,,50.0,control,1,0,0,0,0,,7,control,0,,0.9576468728482723,2.301598899066448,62.9539811052382,60.65238220617175,61.99633423238993,,,,,EXECUTE,published_after_gate_recheck,55.14651909470558,55.155305191874504,0.008786097168922424,7.807352114468813,,,57.89689114317298,62.953871209174395,62.96265730634332
5,xair,1,0.0,50.0,before_recheck,0,1,0,0,0,9,9,before_check,0,,,,,58.12152195721865,59.33465901762247,10.330938268452883,11.68715301901102,,,REVOKE,read_set_version_changed_at_gate,55.92703400179744,,,4.567101132124662,4.806690849363804,14.003689866513014,55.1760452799499,60.4941351339221,
6,xair,0,,50.0,control,1,0,0,0,0,,10,control,0,,1.18953175842762,2.5711138732731342,61.03157205507159,58.46045818179846,59.84204029664397,,,,,EXECUTE,published_after_gate_recheck,56.02397536858916,56.03312235325575,0.009146984666585922,5.007456988096237,,,55.08747790008783,61.0314323566854,61.040579341351986
7,xair,1,0.0,50.0,before_recheck,0,1,0,0,0,12,12,before_check,0,,,,,57.21409898251295,58.584009762853384,8.907236158847809,10.199942160397768,,,REVOKE,read_set_version_changed_at_gate,55.1479822024703,,,4.519782029092312,4.62874723598361,12.33132230117917,54.80676190927625,59.667764231562614,
8,xair,1,0.0,50.0,before_recheck,0,1,0,0,0,14,14,before_check,0,,,,,57.37944971770048,58.74298885464668,9.307187050580978,10.485116858035326,,,REVOKE,read_set_version_changed_at_gate,55.08873984217644,,,4.6243187971413136,4.740896634757519,12.616225983947515,54.92074601352215,59.71305863931775,
9,xair,1,0.0,50.0,before_recheck,0,1,0,0,0,16,16,before_check,0,,,,,57.779309805482626,58.92193363979459,8.81070364266634,9.899266995489597,,,REVOKE,read_set_version_changed_at_gate,55.25270802900195,,,4.68938983976841,4.80066891759634,11.683034710586071,55.05076888948679,59.94209786877036,
10,xair,0,,50.0,control,1,0,0,0,0,,17,control,0,,1.3171518221497536,2.692322712391615,60.71347603574395,58.02115332335234,59.3963242135942,,,,,EXECUTE,published_after_gate_recheck,55.326996836811304,55.334631819278,0.007634982466697693,5.386298056691885,,,55.47570716589689,60.71329489350319,60.72092987596989
11,xair,0,,50.0,control,1,0,0,0,0,,18,control,0,,1.0603899136185646,2.591262571513653,59.36451489105821,56.773252319544554,58.30412497743964,,,,,EXECUTE,published_after_gate_recheck,54.75931195542216,54.76659582927823,0.0072838738560676575,4.604892339557409,,,54.70963893458247,59.36420429497957,59.37148816883564
12,xair,1,0.0,50.0,before_recheck,0,1,0,0,0,20,20,before_check,0,,,,,59.237746987491846,60.594051610678434,10.719396639615297,12.446057051420212,,,REVOKE,read_set_version_changed_at_gate,56.1158680357039,,,5.657396744936705,5.8579836040735245,14.479964040219784,56.19372380897403,61.7732647806406,
13,xair,1,0.0,50.0,before_recheck,0,1,0,0,0,22,22,before_check,0,,,,,58.36572963744402,59.459962882101536,10.222803801298141,11.395333800464869,,,REVOKE,read_set_version_changed_at_gate,55.59346731752157,,,5.108225625008345,5.224945023655891,13.315437827259302,55.42099289596081,60.70169294252992,
14,xair,1,0.0,50.0,before_recheck,0,1,0,0,0,24,24,before_check,0,,,,,58.11410769820213,59.556273743510246,10.153314098715782,11.61526795476675,,,REVOKE,read_set_version_changed_at_gate,55.484572891145945,,,5.175321828573942,5.289255641400814,13.9132896438241,55.48255005851388,60.65989471971989,
15,xair,1,0.0,50.0,before_recheck,0,1,0,0,0,26,26,before_check,0,,,,,58.28130105510354,59.573085978627205,10.227593127638102,11.577957309782505,,,REVOKE,read_set_version_changed_at_gate,55.448145139962435,,,5.154062062501907,5.2980221807956696,14.102334156632423,55.5081469938159,60.60220720246434,
16,xair,1,0.0,50.0,before_recheck,0,1,0,0,0,28,28,before_check,0,,,,,59.01782400906086,60.285022016614676,10.333972983062267,11.512854602187872,,,REVOKE,read_set_version_changed_at_gate,55.852062068879604,,,5.530538968741894,5.633912980556488,13.764910865575075,55.91187486425042,61.3826010376215,
17,xair,1,0.0,50.0,before_recheck,0,1,0,0,0,30,30,before_check,0,,,,,60.00500684604049,61.072459910064936,10.186726693063974,11.533964890986681,,,REVOKE,read_set_version_changed_at_gate,58.32789884880185,,,5.786568857729435,5.9654247015714645,13.532174751162529,56.232175789773464,64.11446770653129,
18,xair,0,,50.0,control,1,0,0,0,0,,31,control,0,,1.292005181312561,2.721346914768219,62.732644844800234,60.011297930032015,61.44063966348767,,,,,EXECUTE,published_after_gate_recheck,57.39858513697982,57.40800220519304,0.009417068213224411,5.333909764885902,,,55.436101742088795,62.73249490186572,62.741911970078945
19,xair,1,0.0,50.0,before_recheck,0,1,0,0,0,33,33,before_check,0,,,,,56.903095450252295,58.224134147167206,9.310572408139706,10.412139352411032,,,REVOKE,read_set_version_changed_at_gate,54.8120909370482,,,4.54319640994072,4.621392115950584,12.35682936385274,54.78812614455819,59.355287346988916,
20,xair,0,,50.0,control,1,0,0,0,0,,34,control,0,,1.2392159551382065,2.3944838903844357,59.628660790622234,57.2341769002378,58.38944483548403,,,,,EXECUTE,published_after_gate_recheck,55.338118225336075,55.35053228959441,0.012414064258337021,4.290391691029072,,,54.38171373680234,59.62850991636515,59.640923980623484
21,xair,0,,50.0,control,1,0,0,0,0,,35,control,0,,1.158073078840971,2.4114050902426243,60.505755711346865,58.09435062110424,59.347682632505894,,,,,EXECUTE,published_after_gate_recheck,55.47847179695964,55.48923183232546,0.010760035365819931,5.027153994888067,,,55.117173586040735,60.505625791847706,60.516385827213526
22,xair,1,0.0,50.0,before_recheck,0,1,0,0,0,37,37,before_check,0,,,,,58.57592402026057,59.926399029791355,10.059747844934464,11.303813196718693,,,REVOKE,read_set_version_changed_at_gate,56.02894490584731,,,5.328900180757046,5.462179891765118,13.30954721197486,55.68246403709054,61.35784508660436,
23,xair,1,0.0,50.0,before_recheck,0,1,0,0,0,39,39,before_check,0,,,,,57.907721027731895,59.42077003419399,9.820019360631704,10.903031099587679,,,REVOKE,read_set_version_changed_at_gate,55.54802203550935,,,4.955871030688286,5.091425031423569,13.020344078540802,55.28049124404788,60.503893066197634,
24,xair,1,0.0,50.0,before_recheck,0,1,0,0,0,41,41,before_check,0,,,,,59.226015117019415,60.502349864691496,11.075004003942013,12.081632856279612,,,REVOKE,read_set_version_changed_at_gate,55.684628896415234,,,5.736465100198984,5.903819110244513,14.14155913516879,56.17066100239754,61.42109399661422,
25,xair,1,0.0,50.0,before_recheck,0,1,0,0,0,43,43,before_check,0,,,,,58.3017198368907,59.410059824585915,9.554429911077023,10.773737914860249,,,REVOKE,read_set_version_changed_at_gate,55.664480663836,,,4.969416186213493,5.088849924504757,12.941245920956135,55.36090116947889,60.633896850049496,
26,xair,1,0.0,50.0,before_recheck,0,1,0,0,0,45,45,before_check,0,,,,,58.76404792070389,60.17555668950081,11.079452000558376,12.322003953158855,,,REVOKE,read_set_version_changed_at_gate,56.620465125888586,,,4.880097694694996,5.0567397847771645,14.6155278198421,55.44261494651437,61.50056282058358,
27,xair,1,0.0,50.0,before_recheck,0,1,0,0,0,47,47,before_check,0,,,,,57.765594217926264,59.149451088160276,9.508604183793068,10.680153034627438,,,REVOKE,read_set_version_changed_at_gate,55.61862513422966,,,4.773688968271017,4.880289081484079,12.772059068083763,55.08810002356768,60.39231410250068,
28,xair,1,0.0,50.0,before_recheck,0,1,0,0,0,49,49,before_check,0,,,,,58.63536614924669,59.9278612062335,11.132491286844015,12.431337963789701,,,REVOKE,read_set_version_changed_at_gate,55.28499884530902,,,5.782571155577898,5.928665399551392,14.200308360159397,56.187582202255726,61.06757000088692,
29,xair,1,0.0,50.0,before_recheck,0,1,0,0,0,51,51,before_check,0,,,,,57.76889994740486,58.91956901177764,9.920507203787565,11.114447843283415,,,REVOKE,read_set_version_changed_at_gate,55.280289612710476,,,4.7857011668384075,4.912097938358784,13.475618790835142,55.102014914155006,60.06599077954888,
30,xair,1,0.0,50.0,before_recheck,0,1,0,0,0,53,53,before_check,0,,,,,57.92386084794998,59.413607232272625,10.19618520513177,13.230679091066122,,,REVOKE,read_set_version_changed_at_gate,55.40121719241142,,,5.003910977393389,5.225325934588909,15.006312169134617,55.59640284627676,60.40512816980481,
31,xair,1,0.0,50.0,before_recheck,0,1,0,0,0,55,55,before_check,0,,,,,59.848192147910595,61.03992881253362,11.518536135554314,12.668554205447435,,,REVOKE,read_set_version_changed_at_gate,55.80135714262724,,,6.310523021966219,6.432821974158287,15.062427148222923,56.67872400954366,62.11188016459346,
32,xair,1,0.0,50.0,before_recheck,0,1,0,0,0,57,57,before_check,0,,,,,58.714114129543304,60.081278905272484,11.268686968833208,12.31105299666524,,,REVOKE,read_set_version_changed_at_gate,55.520239751785994,,,5.77583909034729,5.949364975094795,14.51762393116951,56.23033316805959,61.296078842133284,
33,xair,1,0.0,50.0,before_recheck,0,1,0,0,0,59,59,before_check,0,,,,,57.415065821260214,58.41786786913872,9.634239133447409,11.092295870184898,,,REVOKE,read_set_version_changed_at_gate,54.66117803007364,,,4.695390816777945,4.823891911655664,13.117395807057619,55.00908102840185,59.35656884685159,
34,xair,1,0.0,50.0,before_recheck,0,1,0,0,0,61,61,before_check,0,,,,,57.34728928655386,58.5678699426353,9.91893419995904,11.211640201508999,,,REVOKE,read_set_version_changed_at_gate,54.58044586703181,,,4.921817220747471,5.065727047622204,13.460440095514059,55.25158625096083,59.50226308777928,
35,xair,1,0.0,50.0,before_recheck,0,1,0,0,0,63,63,before_check,0,,,,,58.236949145793915,59.60538703948259,10.441415011882782,11.674528941512108,,,REVOKE,read_set_version_changed_at_gate,55.55832106620073,,,5.240465048700571,5.358015187084675,13.788866810500622,55.52356690168381,60.798786114901304,
36,xair,1,0.0,50.0,before_recheck,0,1,0,0,0,65,65,before_check,0,,,,,57.65078915283084,58.90980130061507,10.195042006671429,11.388703249394894,,,REVOKE,read_set_version_changed_at_gate,54.4618833810091,,,5.117293912917376,5.253629293292761,13.580636121332645,55.45473797246814,59.57917729392648,
37,xair,0,,50.0,control,1,0,0,0,0,,66,control,0,,1.17578636854887,2.3476453498005867,60.07123040035367,57.72358505055308,58.8954440318048,,,,,EXECUTE,published_after_gate_recheck,55.06944376975298,55.07857073098421,0.00912696123123169,5.001656245440245,,,55.08833937346935,60.071100015193224,60.080226976424456
38,xair,1,0.0,50.0,before_recheck,0,1,0,0,0,68,68,before_check,0,,,,,57.81643884256482,58.88024577870965,9.861587081104517,11.00802794098854,,,REVOKE,read_set_version_changed_at_gate,55.17319915816188,,,4.8002079129219055,4.998370073735714,13.171407859772444,55.3063889965415,59.973407071083784,
39,xair,1,0.0,50.0,before_recheck,0,1,0,0,0,70,70,before_check,0,,,,,60.8535292558372,61.97614595293999,12.280656024813652,13.487962074577808,,,REVOKE,read_set_version_changed_at_gate,55.51503971219063,,,7.596586365252733,7.779319304972887,15.062686987221241,58.101193979382515,63.11162607744336,
40,xair,1,30.0,50.0,before_recheck,0,1,0,0,0,72,72,before_check,0,,,,,56.83022830635309,57.694660034030676,39.94435025379062,41.04174906387925,,,REVOKE,read_set_version_changed_at_gate,53.91068011522293,,,4.647571127861738,34.86404614523053,42.972702998667955,54.89957518875599,58.55825124308467,
41,xair,0,,50.0,control,1,0,0,0,0,,73,control,0,,1.059267669916153,2.40004388615489,59.066846035420895,56.666802149266005,58.00757836550474,,,,,EXECUTE,published_after_gate_recheck,54.931895807385445,54.944248870015144,0.012353062629699707,4.134840331971645,,,54.238785058259964,59.06673613935709,59.07908920198679
42,xair,1,30.0,50.0,before_recheck,0,1,0,0,0,75,75,before_check,0,,,,,56.76941480487585,57.98670882359147,39.05133390799165,40.21391598507762,,,REVOKE,read_set_version_changed_at_gate,54.33941399678588,,,4.554326646029949,34.75078381597996,42.09171002730727,54.777105804532766,58.89374064281583,
43,xair,1,30.0,50.0,before_recheck,0,1,0,0,0,77,77,before_check,0,,,,,56.71152612194419,57.7832767739892,41.013686917722225,42.316241189837456,,,REVOKE,read_set_version_changed_at_gate,54.369290359318256,,,4.348660819232464,34.55203119665384,44.504507910460234,54.56928489729762,58.71795117855072,
44,xair,1,30.0,50.0,before_recheck,0,1,0,0,0,79,79,before_check,0,,,,,58.05606907233596,59.132409282028675,41.98162304237485,43.217352125793695,,,REVOKE,read_set_version_changed_at_gate,54.94244582951069,,,5.204757209867239,35.47654626891017,45.2295383438468,55.51580199971795,60.14720303937793,
45,xair,1,30.0,50.0,before_recheck,0,1,0,0,0,81,81,before_check,0,,,,,57.308295741677284,58.455478865653276,39.63663289323449,40.71115981787443,,,REVOKE,read_set_version_changed_at_gate,54.55269478261471,,,4.941693972796202,35.13298183679581,42.81213181093335,55.15598691999912,59.49438875541091,
46,xair,0,,50.0,control,1,0,0,0,0,,82,control,0,,1.3134749606251717,2.7816500514745712,65.88500086218119,63.103350810706615,64.57152590155602,,,,,EXECUTE,published_after_gate_recheck,55.978559888899326,55.99530087783933,0.016740988940000534,9.906201157718897,,,60.06760383024812,65.88476104661822,65.90150203555822
47,xair,1,30.0,50.0,before_recheck,0,1,0,0,0,84,84,before_check,0,,,,,57.513820938766,58.6143359541893,39.894466288387775,40.71596823632717,,,REVOKE,read_set_version_changed_at_gate,54.6874669380486,,,4.988932050764561,35.18676199018955,42.90209989994764,55.21838320419192,59.67639898881316,
48,xair,1,30.0,50.0,before_recheck,0,1,0,0,0,86,86,before_check,0,,,,,57.509352918714285,58.839539997279644,39.51211925595999,40.64928321167827,,,REVOKE,read_set_version_changed_at_gate,55.431813932955265,,,4.558084066957235,34.81234982609749,43.037225026637316,54.86951908096671,59.9898979999125,
49,xair,1,30.0,50.0,before_recheck,0,1,0,0,0,88,88,before_check,0,,,,,56.970211677253246,58.160144835710526,39.47965893894434,40.48221977427602,,,REVOKE,read_set_version_changed_at_gate,54.59484318271279,,,4.5190006494522095,34.743590746074915,42.411109898239374,54.781884886324406,59.113843832165,
50,xair,1,30.0,50.0,before_recheck,0,1,0,0,0,90,90,before_check,0,,,,,56.90680164843798,58.01324872300029,39.759302977472544,40.81106698140502,,,REVOKE,read_set_version_changed_at_gate,54.23036916181445,,,4.71248384565115,34.89437373355031,42.942806612700224,54.91572571918368,58.9428530074656,
51,xair,1,30.0,50.0,before_recheck,0,1,0,0,0,92,92,before_check,0,,,,,56.95264879614115,58.09179600328207,39.27596611902118,40.65015492960811,,,REVOKE,read_set_version_changed_at_gate,54.870329797267914,,,4.384648986160755,34.56476470455527,42.680374812334776,54.582420736551285,59.25497878342867,
52,xair,1,30.0,50.0,before_recheck,0,1,0,0,0,94,94,before_check,0,,,,,57.15893488377333,58.34440980106592,39.44785799831152,40.54413503035903,,,REVOKE,read_set_version_changed_at_gate,54.52648596838117,,,4.683909006416798,34.85956788063049,42.77343908324838,54.878885857760906,59.210394974797964,
53,xair,1,30.0,50.0,before_recheck,0,1,0,0,0,96,96,before_check,0,,,,,57.50754987820983,58.646487072110176,40.6963718123734,41.964150965213776,,,REVOKE,read_set_version_changed_at_gate,54.63219387456775,,,4.937946796417236,35.20713094621897,43.98961178958416,55.24869076907635,59.57014067098498,
54,xair,0,,50.0,control,1,0,0,0,0,,97,control,0,,1.2167529202997684,2.468561753630638,60.18235860392451,57.713796850293875,58.965605683624744,,,,,EXECUTE,published_after_gate_recheck,55.48441270366311,55.498959962278605,0.014547258615493774,4.697775933891535,,,54.80200191959739,60.182188637554646,60.19673589617014
55,xair,0,,50.0,control,1,0,0,0,0,,98,control,0,,0.9272699244320393,2.1828259341418743,58.703573886305094,56.52074795216322,57.776303961873055,,,,,EXECUTE,published_after_gate_recheck,54.30944822728634,54.31669112294912,0.007242895662784576,4.393985960632563,,,54.48544817045331,58.7034341879189,58.710677083581686
56,xair,1,30.0,50.0,before_recheck,0,1,0,0,0,100,100,before_check,0,,,,,57.23606003448367,58.327388018369675,40.51511129364371,41.38315003365278,,,REVOKE,read_set_version_changed_at_gate,54.932907689362764,,,4.376182332634926,34.72929308190942,43.64451393485069,54.789068177342415,59.30909002199769,
57,xair,1,30.0,50.0,before_recheck,0,1,0,0,0,102,102,before_check,0,,,,,57.01244017109275,58.33174614235759,40.10622389614582,41.220495011657476,,,REVOKE,read_set_version_changed_at_gate,55.193676613271236,,,4.339453298598528,34.50956102460623,43.39615721255541,54.574524983763695,59.533129911869764,
58,xair,0,,50.0,control,1,0,0,0,0,,103,control,0,,1.3034860603511333,2.5405981577932835,60.89382478967309,58.35322663187981,59.59033872932196,,,,,EXECUTE,published_after_gate_recheck,55.92301627621055,55.93745317310095,0.01443689689040184,4.970317706465721,,,55.100231897085905,60.89333398267627,60.90777087956667
59,xair,1,30.0,50.0,before_recheck,0,1,0,0,0,105,105,before_check,0,,,,,56.931579019874334,58.20200312882662,39.338112343102694,40.52872722968459,,,REVOKE,read_set_version_changed_at_gate,55.00049376860261,,,4.123238380998373,34.403873141855,42.42996498942375,54.45630336180329,59.12373214960098,
60,xair,1,30.0,50.0,before_recheck,0,1,0,0,0,107,107,before_check,0,,,,,57.23154079169035,58.42486070469022,39.73518777638674,41.00268566980958,,,REVOKE,read_set_version_changed_at_gate,54.860572796314955,,,4.622393753379583,34.95149966329336,43.13763277605176,55.003199726343155,59.48296654969454,
61,xair,0,,50.0,control,1,0,0,0,0,,108,control,0,,0.9490610100328922,2.414381131529808,59.42114116623998,57.00676003471017,58.472080156207085,,,,,EXECUTE,published_after_gate_recheck,54.653984028846025,54.6643640846014,0.010380055755376816,4.767036065459251,,,54.8589788377285,59.42102009430528,59.431400150060654
62,xair,1,30.0,50.0,before_recheck,0,1,0,0,0,110,110,before_check,0,,,,,57.96430679038167,58.84996894747019,41.02313378825784,42.172952089458704,,,REVOKE,read_set_version_changed_at_gate,54.838841781020164,,,5.081776063889265,35.41653323918581,44.40177511423826,55.43346703052521,59.92061784490943,
63,xair,1,30.0,50.0,before_recheck,0,1,0,0,0,112,112,before_check,0,,,,,57.959598023444414,59.27588837221265,40.02043325453997,40.9526233561337,,,REVOKE,read_set_version_changed_at_gate,55.1329031586647,,,5.105091258883476,35.31352011486888,43.120681308209896,55.348899215459824,60.23799441754818,
64,xair,0,,50.0,control,1,0,0,0,0,,113,control,0,,0.8410075679421425,2.050156705081463,59.71904983744025,57.66889313235879,58.87804226949811,,,,,EXECUTE,published_after_gate_recheck,54.77673513814807,54.78687398135662,0.010138843208551407,4.942175000905991,,,55.03645306453109,59.71891013905406,59.72904898226261
65,xair,1,30.0,50.0,before_recheck,0,1,0,0,0,115,115,before_check,0,,,,,57.10354074835777,58.299995958805084,40.169020649045706,41.371076833456755,,,REVOKE,read_set_version_changed_at_gate,54.232193157076836,,,4.711069632321596,34.899582620710135,43.47288189455867,54.929560981690884,58.94326278939843,
66,xair,0,,50.0,control,1,0,0,0,0,,116,control,0,,0.9097973816096783,1.9987202249467373,59.068468399345875,57.06974817439914,58.1586710177362,,,,,EXECUTE,published_after_gate_recheck,54.382153786718845,54.39351499080658,0.011361204087734222,4.6862042509019375,,,54.791662376374006,59.06835803762078,59.07971924170852
67,xair,1,30.0,50.0,before_recheck,0,1,0,0,0,118,118,before_check,0,,,,,57.291614823043346,58.71244100853801,39.78830808773637,40.801208931952715,,,REVOKE,read_set_version_changed_at_gate,54.880729876458645,,,4.764872137457132,34.964825958013535,42.75758005678654,54.99040614813566,59.64560201391578,
68,xair,1,30.0,50.0,before_recheck,0,1,0,0,0,120,120,before_check,0,,,,,57.180135045200586,58.39563626796007,39.862757083028555,41.24382929876447,,,REVOKE,read_set_version_changed_at_gate,54.83255023136735,,,4.262018017470837,34.46091013029218,43.16912218928337,54.48225233703852,59.094568248838186,
69,xair,1,30.0,50.0,before_recheck,0,1,0,0,0,122,122,before_check,0,,,,,57.16319382190704,58.461159002035856,39.52341992408037,40.75437085703015,,,REVOKE,read_set_version_changed_at_gate,55.29082985594869,,,4.252309910953045,34.45677179843187,42.855392675846815,54.48865378275514,59.54313976690173,
70,xair,0,,50.0,control,1,0,0,0,0,,123,control,0,,1.0327179916203022,2.646557055413723,59.93495509028435,57.288398034870625,58.902237098664045,,,,,EXECUTE,published_after_gate_recheck,55.26534141972661,55.274388287216425,0.009046867489814758,4.66946279630065,,,54.773938842117786,59.93480421602726,59.943851083517075
71,xair,1,30.0,50.0,before_recheck,0,1,0,0,0,125,125,before_check,0,,,,,58.10166522860527,59.41772414371371,41.17691330611706,42.296985164284706,,,REVOKE,read_set_version_changed_at_gate,54.909163154661655,,,5.494111217558384,35.7891833409667,44.76528707891703,55.838377214968204,60.40327437222004,
72,xair,0,,50.0,control,1,0,0,0,0,,126,control,0,,1.015886664390564,2.3474758490920067,60.90769078582525,58.560214936733246,59.89180412143469,,,,,EXECUTE,published_after_gate_recheck,55.57192675769329,55.584510788321495,0.012584030628204346,5.335463210940361,,,55.429771076887846,60.90738996863365,60.919973999261856
73,xair,1,30.0,50.0,before_recheck,0,1,0,0,0,128,128,before_check,0,,,,,57.59748909622431,58.82910033687949,40.59171536937356,41.80814838036895,,,REVOKE,read_set_version_changed_at_gate,55.400836281478405,,,4.760324023663998,35.0231952033937,44.13636727258563,55.07165938615799,60.1611603051424,
74,xair,1,30.0,50.0,before_recheck,0,1,0,0,0,130,130,before_check,0,,,,,61.69584905728698,63.199942000210285,43.82014274597168,44.90874568000436,,,REVOKE,read_set_version_changed_at_gate,55.395766627043486,,,8.802297990769148,39.06682273373008,47.3769879899919,59.10957604646683,64.19806461781263,
75,xair,1,30.0,50.0,before_recheck,0,1,0,0,0,132,132,before_check,0,,,,,56.85170879587531,57.90999485179782,39.54728506505489,40.799845941364765,,,REVOKE,read_set_version_changed_at_gate,54.61190594360232,,,4.293787758797407,34.53376702964306,42.96961799263954,54.615051951259375,58.90569370239973,
76,xair,1,30.0,50.0,before_recheck,0,1,0,0,0,134,134,before_check,0,,,,,57.34042637050152,58.49382095038891,39.15006015449762,40.21688224747777,,,REVOKE,read_set_version_changed_at_gate,55.316146928817034,,,4.472924396395683,34.69623206183314,42.28119598701596,54.75244903936982,59.78907132521272,
77,xair,1,30.0,50.0,before_recheck,0,1,0,0,0,136,136,before_check,0,,,,,57.59515380486846,58.74356906861067,40.01792799681425,41.282190941274166,,,REVOKE,read_set_version_changed_at_gate,54.91907196119428,,,4.823271185159683,35.05755914375186,43.35338808596134,55.084402207285166,59.74234314635396,
78,xair,1,30.0,50.0,before_recheck,0,1,0,0,0,138,138,before_check,0,,,,,57.55333602428436,58.76499880105257,40.29162181541324,41.53150878846645,,,REVOKE,read_set_version_changed_at_gate,54.74637821316719,,,4.892340861260891,35.213181748986244,43.65894105285406,55.249222088605165,59.63871907442808,
79,xair,1,30.0,50.0,before_recheck,0,1,0,0,0,140,140,before_check,0,,,,,60.41628820821643,61.73255806788802,42.756167240440845,43.857353273779154,,,REVOKE,read_set_version_changed_at_gate,55.68761518225074,,,7.196824997663498,37.37945714965463,46.22784210368991,57.446634862571955,62.884440179914236,
80,xair,0,,50.0,control,1,0,0,0,0,,141,control,0,,1.0084430687129498,2.6101581752300262,60.35899091511965,57.74883273988962,59.3505478464067,,,,,EXECUTE,published_after_gate_recheck,55.269569624215364,55.281832814216614,0.012263190001249313,5.089281126856804,,,55.195881985127926,60.35885075107217,60.37111394107342
81,xair,1,40.0,50.0,before_recheck,0,1,0,0,0,143,143,before_check,0,,,,,57.40930465981364,58.612833730876446,50.25059077888727,51.23348580673337,,,REVOKE,read_set_version_changed_at_gate,54.70351781696081,,,4.989021923393011,45.16787268221378,53.91457676887512,55.18635269254446,59.69253974035382,
82,xair,1,40.0,50.0,before_recheck,0,1,0,0,0,145,145,before_check,0,,,,,57.5648071244359,58.84874705225229,50.700095016509295,52.040169946849346,,,REVOKE,read_set_version_changed_at_gate,55.02991983667016,,,5.053082946687937,45.25944497436285,54.52837888151407,55.30797177925706,60.0830027833581,
83,xair,1,40.0,50.0,before_recheck,0,1,0,0,0,147,147,before_check,0,,,,,58.04522894322872,59.16252499446273,50.75066024437547,51.722022239118814,,,REVOKE,read_set_version_changed_at_gate,54.812733083963394,,,5.284667015075684,45.51138821989298,54.017600137740374,55.532603058964014,60.09740009903908,
84,xair,1,40.0,50.0,concurrent,0,1,0,0,0,149,149,before_check,0,,,,,59.49295498430729,60.801401268690825,54.194783326238394,55.56551506742835,,,REVOKE,read_set_version_changed_at_gate,56.61474401131272,,,5.170904099941254,45.348371379077435,60.06570998579264,55.363606195896864,61.78564811125398,
85,xair,0,,50.0,control,1,0,0,0,0,,150,control,0,,1.1391080915927887,2.1826662123203278,61.073752120137215,58.89108590781689,59.934644028544426,,,,,EXECUTE,published_after_gate_recheck,54.92449179291725,54.934470914304256,0.009979121387004852,6.149108987301588,,,56.24876683577895,61.07360078021884,61.083579901605844
86,xair,1,40.0,50.0,before_recheck,0,1,0,0,0,152,152,before_check,0,,,,,57.66052706167102,58.60015004873276,50.528192427009344,51.64333526045084,,,REVOKE,read_set_version_changed_at_gate,54.797123186290264,,,4.861654248088598,45.11429229751229,53.60364401713014,55.17354002222419,59.65877743437886,
87,xair,1,40.0,50.0,before_recheck,0,1,0,0,0,154,154,before_check,0,,,,,57.66297085210681,58.8159947656095,50.23410962894559,51.42677761614323,,,REVOKE,read_set_version_changed_at_gate,54.80877496302128,,,4.8847259022295475,45.04759702831507,53.454202599823475,55.05630886182189,59.693500865250826,
88,xair,0,,50.0,control,1,0,0,0,0,,155,control,0,,1.2266519479453564,2.2141560912132263,60.73680007830262,58.522643987089396,59.510148130357265,,,,,EXECUTE,published_after_gate_recheck,55.15697784721851,55.17036374658346,0.013385899364948273,5.579691380262375,,,55.70225231349468,60.73666922748089,60.75005512684584
89,xair,1,40.0,50.0,before_recheck,0,1,0,0,0,157,157,before_check,0,,,,,57.38407839089632,58.52557020261884,50.752061884850264,52.01276810839772,,,REVOKE,read_set_version_changed_at_gate,54.73033804446459,,,4.6807038597762585,44.931388925760984,54.10853121429682,54.98277209699154,59.41104190424085,
90,xair,1,40.0,50.0,before_recheck,0,1,0,0,0,159,159,before_check,0,,,,,57.98014672473073,59.096811804920435,51.078074146062136,52.286772057414055,,,REVOKE,read_set_version_changed_at_gate,54.8336417414248,,,4.978002049028873,45.23547971621156,54.55121211707592,55.269669741392136,59.81164379045367,
91,xair,1,40.0,50.0,before_recheck,0,1,0,0,0,161,161,before_check,0,,,,,56.73144292086363,57.95522965490818,49.32662704959512,50.67147081717849,,,REVOKE,read_set_version_changed_at_gate,54.69501204788685,,,4.181516822427511,44.38376193866134,52.82590398564935,54.396180901676416,58.87652887031436,
92,xair,1,40.0,50.0,before_recheck,0,1,0,0,0,163,163,before_check,0,,,,,57.27049522101879,58.5962631739676,50.61496514827013,51.60012422129512,,,REVOKE,read_set_version_changed_at_gate,55.03315571695566,,,4.572030156850815,44.850558042526245,53.69467521086335,54.890258237719536,59.60518587380648,
93,xair,1,40.0,50.0,before_recheck,0,1,0,0,0,165,165,before_check,0,,,,,57.19532398506999,58.504399843513966,49.803010653704405,50.83330487832427,,,REVOKE,read_set_version_changed_at_gate,54.51297992840409,,,4.730296786874533,44.93533680215478,52.95206094160676,54.956582840532064,59.243276715278625,
94,xair,1,40.0,50.0,before_recheck,0,1,0,0,0,167,167,before_check,0,,,,,59.604774694889784,60.87047979235649,50.09813467040658,51.12466076388955,,,REVOKE,read_set_version_changed_at_gate,57.18452297151089,,,5.315955728292465,45.56274367496371,53.41005977243185,55.67450961098075,62.50047869980335,
95,xair,1,40.0,50.0,before_recheck,0,1,0,0,0,169,169,before_check,0,,,,,57.28779686614871,58.39524604380131,50.10522902011871,51.0282008908689,,,REVOKE,read_set_version_changed_at_gate,54.49882289394736,,,4.894775804132223,45.088824816048145,53.363512735813856,55.116903968155384,59.393598698079586,
96,xair,1,40.0,50.0,before_recheck,0,1,0,0,0,171,171,before_check,0,,,,,57.715900242328644,58.752586133778095,50.34998711198568,51.69304832816124,,,REVOKE,read_set_version_changed_at_gate,54.57264184951782,,,4.945310298353434,45.17850326374173,54.0323480963707,55.20026013255119,59.517952147871256,
97,xair,1,40.0,50.0,before_recheck,0,1,0,0,0,173,173,before_check,0,,,,,57.78813594952226,59.07621281221509,50.17532920464873,51.25489551573992,,,REVOKE,read_set_version_changed_at_gate,55.02859689295292,,,5.033646244555712,45.28197692707181,53.334739059209824,55.32954214140773,60.06224313750863,
98,xair,1,40.0,50.0,before_recheck,0,1,0,0,0,175,175,before_check,0,,,,,57.86910792812705,58.93218331038952,51.34136788547039,52.41777841001749,,,REVOKE,read_set_version_changed_at_gate,55.23832235485315,,,4.80553787201643,45.06742488592863,54.630821105092764,55.09032402187586,60.04386022686958,
99,xair,0,,50.0,control,1,0,0,0,0,,176,control,0,,1.3554641045629978,2.6476592756807804,64.03254438191652,61.38488510623574,62.677080277353525,,,,,EXECUTE,published_after_gate_recheck,58.26906906440854,58.28309478238225,0.014025717973709106,5.763305351138115,,,55.89362001046538,64.03237441554666,64.04640013352036
100,xair,1,40.0,50.0,before_recheck,0,1,0,0,0,178,178,before_check,0,,,,,62.03236011788249,62.91043804958463,55.51970889791846,56.467496789991856,,,REVOKE,read_set_version_changed_at_gate,54.56166109070182,,,9.359122719615698,49.63959380984306,58.69111977517605,59.680125676095486,63.920783810317516,
101,xair,1,40.0,50.0,before_recheck,0,1,0,0,0,180,180,before_check,0,,,,,59.463080018758774,60.451374389231205,52.17640521004796,53.383881226181984,,,REVOKE,read_set_version_changed_at_gate,54.75902231410146,,,6.908765062689781,47.08849731832743,55.579351261258125,57.080659084022045,61.66778737679124,
102,xair,0,,50.0,control,1,0,0,0,0,,181,control,0,,1.1632628738880157,2.6190849021077156,62.32001073658466,59.70092583447695,61.15674786269665,,,,,EXECUTE,published_after_gate_recheck,57.5300520285964,57.539799716323614,0.009747687727212906,4.789839033037424,,,54.88505866378546,62.319891061633825,62.32963874936104
103,xair,1,40.0,50.0,before_recheck,0,1,0,0,0,183,183,before_check,0,,,,,57.695983443409204,58.68593044579029,50.71506230160594,51.85031332075596,,,REVOKE,read_set_version_changed_at_gate,54.689431097358465,,,4.9451300874352455,45.1991013251245,54.02051517739892,55.23184919729829,59.63456118479371,
104,xair,0,,50.0,control,1,0,0,0,0,,184,control,0,,1.1470019817352295,2.458243165165186,60.46957802027464,58.01133485510945,59.32257603853941,,,,,EXECUTE,published_after_gate_recheck,55.40527403354645,55.41669484227896,0.011420808732509613,5.064154043793678,,,55.14965485781431,60.469428077340126,60.480848886072636
105,xair,1,40.0,50.0,before_recheck,0,1,0,0,0,186,186,before_check,0,,,,,57.229036930948496,58.43527987599373,50.01830495893955,51.20476195588708,,,REVOKE,read_set_version_changed_at_gate,54.656950291246176,,,4.675273783504963,44.89675397053361,53.44767076894641,54.918279871344566,59.33222407475114,
106,xair,1,40.0,50.0,before_recheck,0,1,0,0,0,188,188,before_check,0,,,,,57.11767775937915,58.50193602964282,49.73199777305126,50.940005108714104,,,REVOKE,read_set_version_changed_at_gate,54.80555910617113,,,4.636039957404137,44.861407950520515,53.40076284483075,54.89100003615022,59.44159906357527,
107,xair,1,40.0,50.0,concurrent,0,1,0,0,0,190,190,before_check,0,,,,,57.02907172963023,58.35118284448981,50.30155694112182,51.544289104640484,,,REVOKE,read_set_version_changed_at_gate,54.707664996385574,,,4.432959016412497,44.68960501253605,55.20598078146577,54.71953796222806,59.14062401279807,
108,xair,1,40.0,50.0,before_recheck,0,1,0,0,0,192,192,before_check,0,,,,,63.598931301385164,64.9006930179894,53.55838825926185,54.895568173378706,,,REVOKE,read_set_version_changed_at_gate,58.97059617564082,,,7.027848158031702,47.24958911538124,57.29529121890664,57.36672505736351,65.99844433367252,
109,xair,0,,50.0,control,1,0,0,0,0,,193,control,0,,1.1921469122171402,2.7160169556736946,61.8159850127995,59.09996805712581,60.62383810058236,,,,,EXECUTE,published_after_gate_recheck,55.53868506103754,55.549063719809055,0.010378658771514893,6.277140229940414,,,56.40476010739803,61.815825290977955,61.82620394974947
110,xair,1,40.0,50.0,before_recheck,0,1,0,0,0,195,195,before_check,0,,,,,56.83549912646413,58.102226350456476,50.085240975022316,51.07433721423149,,,REVOKE,read_set_version_changed_at_gate,54.31263381615281,,,4.574855323880911,44.724902138113976,52.98800813034177,54.744464345276356,58.88748914003372,
111,xair,1,40.0,50.0,before_recheck,0,1,0,0,0,197,197,before_check,0,,,,,56.9388628937304,57.93813802301884,49.25546422600746,50.35553779453039,,,REVOKE,read_set_version_changed_at_gate,54.74100820720196,,,4.086428787559271,44.238238129764795,52.572408225387335,54.2529821395874,58.82743699476123,
112,xair,1,40.0,50.0,before_recheck,0,1,0,0,0,199,199,before_check,0,,,,,57.37987020984292,58.72219009324908,50.259278155863285,51.526837050914764,,,REVOKE,read_set_version_changed_at_gate,55.132192093878984,,,4.636852070689201,44.922242406755686,53.49235516041517,54.96187321841717,59.769044164568186,
113,xair,1,40.0,50.0,before_recheck,0,1,0,0,0,201,201,before_check,0,,,,,57.024682871997356,58.35439916700125,50.07948027923703,51.280302926898,,,REVOKE,read_set_version_changed_at_gate,54.607866797596216,,,4.606916103512049,44.77397399023175,53.22229815647006,54.804326966404915,59.214782901108265,
114,xair,0,,50.0,control,1,0,0,0,0,,202,control,0,,0.9528580121695995,2.080434001982212,59.068618807941675,56.98818480595946,58.115760795772076,,,,,EXECUTE,published_after_gate_recheck,54.85282838344574,54.8620349727571,0.009206589311361313,4.215650726109743,,,54.30678278207779,59.06847910955548,59.077685698866844
115,xair,1,40.0,50.0,before_recheck,0,1,0,0,0,204,204,before_check,0,,,,,56.33531976491213,57.62413889169693,49.18458079919219,50.11159088462591,,,REVOKE,read_set_version_changed_at_gate,54.4227110221982,,,4.193699918687344,44.348925817757845,52.216650918126106,54.3642807751894,58.616410940885544,
116,xair,1,40.0,50.0,before_recheck,0,1,0,0,0,206,206,before_check,0,,,,,57.15778283774853,58.18342790007591,49.422006122767925,50.51882518455386,,,REVOKE,read_set_version_changed_at_gate,54.37665432691574,,,4.802792798727751,44.96291792020202,52.85491794347763,54.984134156256914,59.17944712564349,
117,xair,0,,50.0,control,1,0,0,0,0,,207,control,0,,1.0063890367746353,2.405463717877865,59.82038006186485,57.41491634398699,58.81399102509022,,,,,EXECUTE,published_after_gate_recheck,55.13998679816723,55.150074884295464,0.010088086128234863,4.680243320763111,,,54.77692512795329,59.82023011893034,59.830318205058575
118,xair,1,40.0,50.0,before_recheck,0,1,0,0,0,209,209,before_check,0,,,,,57.340937200933695,58.63296194002032,49.98026415705681,51.126624923199415,,,REVOKE,read_set_version_changed_at_gate,55.101254023611546,,,4.5750560238957405,44.8590531013906,53.61687811091542,54.90417405962944,59.676310047507286,
119,xair,0,,50.0,control,1,0,0,0,0,,210,control,0,,1.1639040894806385,2.376088872551918,60.75554480776191,58.37945593520999,59.59164071828127,,,,,EXECUTE,published_after_gate_recheck,55.438407231122255,55.44954817742109,0.011140946298837662,5.317017901688814,,,55.438627023249865,60.75542513281107,60.76656607910991
120,xair,1,45.0,50.0,concurrent,0,1,0,0,0,212,212,before_check,0,,,,,56.53633736073971,57.7606949955225,53.926680237054825,55.09100528433919,,,REVOKE,read_set_version_changed_at_gate,54.20082388445735,,,4.308987408876419,49.47682935744524,57.52385035157204,54.48676133528352,58.50981129333377,
121,xair,1,45.0,50.0,concurrent,0,1,0,0,0,214,214,before_check,0,,,,,57.4068408459425,58.6152789182961,54.74974401295185,55.96383288502693,,,REVOKE,read_set_version_changed_at_gate,55.33214705064893,,,4.410416819155216,49.75018184632063,58.648640755563974,54.783517960458994,59.742563869804144,
122,xair,1,45.0,50.0,concurrent,0,1,0,0,0,216,216,before_check,0,,,,,56.48173484951258,57.51348100602627,54.43356093019247,55.459996685385704,,,REVOKE,read_set_version_changed_at_gate,54.29006088525057,,,4.2564780451357365,49.40589563921094,57.451725006103516,54.441936779767275,58.546538930386305,
123,xair,1,45.0,50.0,concurrent,0,1,0,0,0,218,218,before_check,0,,,,,58.72407229617238,59.944963082671165,55.49375992268324,56.74675107002258,,,REVOKE,read_set_version_changed_at_gate,55.91186508536339,,,5.246696062386036,50.53680809214711,59.07993018627167,55.61394616961479,61.158561147749424,
124,xair,1,45.0,50.0,concurrent,0,1,0,0,0,220,220,before_check,0,,,,,57.95214418321848,59.42186200991273,55.54254213348031,56.99976673349738,,,REVOKE,read_set_version_changed_at_gate,55.54542737081647,,,4.849971737712622,50.13824999332428,59.163056779652834,55.18049281090498,60.39539910852909,
125,xair,0,,50.0,control,1,0,0,0,0,,221,control,0,,1.1313031427562237,2.38229101523757,60.152003075927496,57.769712060689926,59.02069993317127,,,,,EXECUTE,published_after_gate_recheck,55.33622484654188,55.34489220008254,0.00866735354065895,4.815666936337948,,,54.920815862715244,60.15189178287983,60.16055913642049
126,xair,0,,50.0,control,1,0,0,0,0,,222,control,0,,0.9362669661641121,2.390786074101925,60.16111886128783,57.77033278718591,59.22485189512372,,,,,EXECUTE,published_after_gate_recheck,55.098298005759716,55.106212850660086,0.007914844900369644,5.062690936028957,,,55.159423034638166,60.16098894178867,60.16890378668904
127,xair,1,45.0,50.0,concurrent,0,1,0,0,0,224,224,before_check,0,,,,,60.61131367459893,61.83545105159283,57.91185796260834,59.242615941911936,,,REVOKE,read_set_version_changed_at_gate,58.75056190416217,,,4.226871766149998,49.51488971710205,61.71969370916486,54.543978068977594,62.977433670312166,
128,xair,0,,50.0,control,1,0,0,0,0,,225,control,0,,1.1978079564869404,2.4695838801562786,60.440564062446356,57.97098018229008,59.242756105959415,,,,,EXECUTE,published_after_gate_recheck,55.37371477112174,55.38634769618511,0.012632925063371658,5.066749174147844,,,55.19710388034582,60.440463945269585,60.453096870332956
129,xair,1,45.0,50.0,concurrent,0,1,0,0,0,227,227,before_check,0,,,,,57.92836984619498,59.05756913125515,55.323020089417696,56.49910727515817,,,REVOKE,read_set_version_changed_at_gate,55.44098187237978,,,4.7020940110087395,49.953514244407415,59.12874219939113,55.00127701088786,60.14307588338852,
130,xair,1,45.0,50.0,concurrent,0,1,0,0,0,229,229,before_check,0,,,,,57.02476389706135,58.20823507383466,54.79161301627755,55.79777108505368,,,REVOKE,read_set_version_changed_at_gate,54.575306829065084,,,4.465400241315365,49.70666114240885,58.18867823109031,54.74632792174816,59.04070707038045,
131,xair,0,,50.0,control,1,0,0,0,0,,230,control,0,,1.1843419633805752,2.611640840768814,59.66501776129007,57.05337692052126,58.4806757979095,,,,,EXECUTE,published_after_gate_recheck,55.36236381158233,55.37871504202485,0.016351230442523956,4.302544053643942,,,54.40412601456046,59.66490786522627,59.68125909566879
132,xair,0,,50.0,control,1,0,0,0,0,,231,control,0,,1.052164938300848,2.3524947464466095,59.2004768550396,56.84798210859299,58.14831191673875,,,,,EXECUTE,published_after_gate_recheck,55.168048944324255,55.179872084409,0.0118231400847435,4.032317083328962,,,54.132997058331966,59.20036602765322,59.21218916773796
133,xair,1,45.0,50.0,concurrent,0,1,0,0,0,233,233,before_check,0,,,,,59.084379114210606,60.332711320370436,56.320352014154196,57.66539601609111,,,REVOKE,read_set_version_changed_at_gate,56.14696629345417,,,5.334481131285429,51.20596429333091,60.009054373949766,55.58515200391412,61.4814474247396,
134,xair,1,45.0,50.0,concurrent,0,1,0,0,0,235,235,before_check,0,,,,,58.721117209643126,59.97144430875778,55.78646017238498,57.056463323533535,,,REVOKE,read_set_version_changed_at_gate,56.41987873241305,,,4.861363209784031,50.11271312832832,59.75678097456694,55.153341963887215,61.281241942197084,
135,xair,1,45.0,50.0,concurrent,0,1,0,0,0,237,237,before_check,0,,,,,59.33916661888361,60.98164897412062,57.02542467042804,58.446991723030806,,,REVOKE,read_set_version_changed_at_gate,57.069196831434965,,,4.906306974589825,50.116179045289755,60.32452592626214,55.133434012532234,61.97550380602479,
136,xair,1,45.0,50.0,concurrent,0,1,0,0,0,239,239,before_check,0,,,,,60.47522881999612,63.97374393418431,57.808924932032824,59.00746490806341,,,REVOKE,read_set_version_changed_at_gate,60.24231156334281,,,4.651319235563278,49.896155949682,61.285859905183315,54.94374921545386,64.89363079890609,
137,xair,1,45.0,50.0,concurrent,0,1,0,0,0,241,241,before_check,0,,,,,58.12278389930725,59.449683874845505,54.62961923331022,56.024276185780764,,,REVOKE,read_set_version_changed_at_gate,55.94276310876012,,,4.327421076595783,49.4901342317462,57.83878080546856,54.51331101357937,60.2701841853559,
138,xair,0,,50.0,control,1,0,0,0,0,,242,control,0,,0.9910687804222107,2.3599080741405487,59.7961638122797,57.43625573813915,58.80509503185749,,,,,EXECUTE,published_after_gate_recheck,55.29456678777933,55.30434474349022,0.009777955710887909,4.501447081565857,,,54.6173257753253,59.79601386934519,59.805791825056076
139,xair,1,45.0,50.0,concurrent,0,1,0,0,0,244,244,before_check,0,,,,,57.2995999827981,58.476417791098356,54.821759928017855,56.03352375328541,,,REVOKE,read_set_version_changed_at_gate,54.42318180575967,,,4.7062719240784645,49.87425496801734,58.28277487307787,54.895898792892694,59.12945372983813,
140,xair,1,45.0,50.0,concurrent,0,1,0,0,0,246,246,before_check,0,,,,,56.52092816308141,57.59637616574764,53.638709243386984,55.05618918687105,,,REVOKE,read_set_version_changed_at_gate,54.17444510385394,,,4.392832983285189,49.53492805361748,56.741030886769295,54.567722138017416,58.56727808713913,
141,xair,1,45.0,50.0,concurrent,0,1,0,0,0,248,248,before_check,0,,,,,57.40447575226426,58.891355991363525,54.720548912882805,55.90187571942806,,,REVOKE,read_set_version_changed_at_gate,55.47420401126146,,,4.3570660054683685,49.644643906503916,58.447293005883694,54.66174893081188,59.83127001672983,
142,xair,0,,50.0,control,1,0,0,0,0,,249,control,0,,1.1013769544661045,2.402618993073702,59.1146657243371,56.7120467312634,58.013288769871,,,,,EXECUTE,published_after_gate_recheck,55.01086497679353,55.02340802922845,0.012543052434921265,4.103690851479769,,,54.21456973999739,59.114555828273296,59.12709888070822
143,xair,1,45.0,50.0,concurrent,0,1,0,0,0,251,251,before_check,0,,,,,58.702913112938404,59.72944898530841,56.288091000169516,57.49089829623699,,,REVOKE,read_set_version_changed_at_gate,55.287342984229326,,,5.505331326276064,50.85859214887023,59.80748496949673,55.92759419232607,60.79267431050539,
144,xair,1,45.0,50.0,concurrent,0,1,0,0,0,253,253,before_check,0,,,,,58.00653621554375,59.51483594253659,55.39205903187394,56.69452389702201,,,REVOKE,read_set_version_changed_at_gate,55.382952094078064,,,5.087216850370169,50.30312994495034,59.18869422748685,55.333239026367664,60.47016894444823,
145,xair,1,45.0,50.0,concurrent,0,1,0,0,0,255,255,before_check,0,,,,,58.329852763563395,59.4446649774909,55.5483428761363,56.8490638397634,,,REVOKE,read_set_version_changed_at_gate,55.65738771110773,,,4.943125881254673,50.18112063407898,59.116498567163944,55.23670790717006,60.600513592362404,
146,xair,1,45.0,50.0,concurrent,0,1,0,0,0,257,257,before_check,0,,,,,57.932617142796516,58.970003854483366,55.073861964046955,56.24155420809984,,,REVOKE,read_set_version_changed_at_gate,55.267245043069124,,,4.7947680577635765,50.10716198012233,58.58249682933092,55.16233807429671,60.0620131008327,
147,xair,1,45.0,50.0,concurrent,0,1,0,0,0,259,259,before_check,0,,,,,58.0513603053987,59.26899611949921,55.25823915377259,56.80244695395231,,,REVOKE,read_set_version_changed_at_gate,55.5451069958508,,,4.842969123274088,50.095681101083755,58.86211199685931,55.138824973255396,60.38807611912489,
148,xair,0,,50.0,control,1,0,0,0,0,,260,control,0,,1.1207340285182,2.25233705714345,59.31766703724861,57.06532998010516,58.19693300873041,,,,,EXECUTE,published_after_gate_recheck,54.79783425107598,54.807302076369524,0.009467825293540955,4.519681911915541,,,54.61421003565192,59.317516162991524,59.326983988285065
149,xair,1,45.0,50.0,concurrent,0,1,0,0,0,262,262,before_check,0,,,,,57.077743113040924,58.345973026007414,54.754973854869604,55.925970897078514,,,REVOKE,read_set_version_changed_at_gate,55.13064889237285,,,4.166759084910154,49.313732888549566,57.99075588583946,54.33294177055359,59.297407977283,
150,xair,1,45.0,50.0,concurrent,0,1,0,0,0,264,264,before_check,0,,,,,57.89660010486841,58.944856747984886,55.203455965965986,56.24713376164436,,,REVOKE,read_set_version_changed_at_gate,55.10198511183262,,,5.0034299492836,50.25513982400298,58.47674794495106,55.27730379253626,60.10541506111622,
151,xair,0,,50.0,control,1,0,0,0,0,,265,control,0,,1.3668052852153778,2.9921759851276875,60.578483156859875,57.58630717173219,59.2116778716445,,,,,EXECUTE,published_after_gate_recheck,56.087915785610676,56.1024728231132,0.014557037502527237,4.490206018090248,,,54.609670769423246,60.578121803700924,60.59267884120345
152,xair,1,45.0,50.0,concurrent,0,1,0,0,0,267,267,before_check,0,,,,,57.54219368100166,58.992445934563875,54.788666777312756,55.86635880172253,,,REVOKE,read_set_version_changed_at_gate,55.28427800163627,,,4.694919567555189,49.870296847075224,58.567918837070465,54.911316838115454,59.979197569191456,
153,xair,1,45.0,50.0,concurrent,0,1,0,0,0,269,269,before_check,0,,,,,57.70623218268156,58.81643621250987,55.22800236940384,56.59756204113364,,,REVOKE,read_set_version_changed_at_gate,55.50029315054417,,,4.238163121044636,49.397730268538,58.804333209991455,54.41227136179805,59.7384562715888,
154,xair,1,45.0,50.0,concurrent,0,1,0,0,0,271,271,before_check,0,,,,,59.093886986374855,60.42691832408309,55.99555233493447,57.18865105882287,,,REVOKE,read_set_version_changed_at_gate,56.25155195593834,,,5.48095628619194,50.75784306973219,59.93149895220995,55.833027232438326,61.73250824213028,
155,xair,0,,50.0,control,1,0,0,0,0,,272,control,0,,1.106657087802887,2.490484155714512,60.85333880037069,58.36285464465618,59.746681712567806,,,,,EXECUTE,published_after_gate_recheck,55.304956156760454,55.3284902125597,0.023534055799245834,5.548261571675539,,,55.65008381381631,60.85321772843599,60.87675178423524
156,xair,1,45.0,50.0,concurrent,0,1,0,0,0,274,274,before_check,0,,,,,58.340182062238455,59.49422810226679,55.17217703163624,56.252223905175924,,,REVOKE,read_set_version_changed_at_gate,55.56812975555658,,,4.882934037595987,50.20095780491829,58.72573610395193,55.240055080503225,60.45106379315257,
157,xair,1,45.0,50.0,concurrent,0,1,0,0,0,276,276,before_check,0,,,,,57.91238974779844,59.30245807394385,55.00960163772106,55.93780381605029,,,REVOKE,read_set_version_changed_at_gate,55.34926988184452,,,4.84855892136693,50.019817892462015,58.596533723175526,55.03986869007349,60.19782880321145,
158,xair,1,45.0,50.0,concurrent,0,1,0,0,0,278,278,before_check,0,,,,,58.271302841603756,59.67426626011729,55.68049103021622,57.14204395189881,,,REVOKE,read_set_version_changed_at_gate,55.60221429914236,,,5.035779904574156,50.30641611665487,59.36192022636533,55.34316785633564,60.63799420371652,
159,xair,1,45.0,50.0,concurrent,0,1,0,0,0,280,280,before_check,0,,,,,64.65780781581998,65.90349599719048,61.42391869798303,63.42326104640961,,,REVOKE,read_set_version_changed_at_gate,61.79892271757126,,,5.112383980304003,50.34711305052042,65.84993470460176,55.397058837115765,66.91130669787526,
160,xair,1,50.0,50.0,concurrent,1,0,0,1,0,282,281,after_check,0,after_middleware,1.3979338109493256,2.669950947165489,62.231975607573986,59.5620246604085,60.83404179662466,63.731619622558355,65.20540593191981,,,EXECUTE,published_after_gate_recheck,56.58679082989693,56.60381307825446,0.01702224835753441,5.64507395029068,55.8955748565495,67.13559804484248,56.30272859707475,62.23186478018761,62.24888702854514
161,xair,1,50.0,50.0,concurrent,0,1,0,0,0,284,284,before_check,0,,,,,62.802866101264954,63.90394316986203,60.41327212005854,61.675069853663445,,,REVOKE,read_set_version_changed_at_gate,60.26671780273318,,,4.737099166959524,54.97898394241929,63.981679268181324,55.305056273937225,65.0038169696927,
162,xair,1,50.0,50.0,concurrent,1,0,0,1,0,286,285,after_check,0,after_middleware,1.1845431290566921,2.282132860273123,60.50483416765928,58.22270130738616,59.32029103860259,61.51513010263443,63.07179108262062,,,EXECUTE,published_after_gate_recheck,55.13796303421259,55.150116328150034,0.012153293937444687,5.366730969399214,55.58521207422018,65.06057409569621,55.8138913474977,60.5046940036118,60.51684729754925
163,xair,1,50.0,50.0,concurrent,0,1,0,0,0,288,288,before_check,0,,,,,63.119560945779085,64.6419576369226,60.756316874176264,62.12374288588762,,,REVOKE,read_set_version_changed_at_gate,60.58222986757755,,,4.945620894432068,55.10794697329402,64.13497682660818,55.30792195349932,65.52785076200962,
164,xair,1,50.0,50.0,concurrent,1,0,0,1,0,290,289,after_check,0,after_middleware,1.1469228193163872,2.543963957577944,60.1805760525167,57.636612094938755,59.03365323320031,62.084018252789974,63.24437540024519,,,EXECUTE,published_after_gate_recheck,55.624705739319324,55.66235678270459,0.03765104338526726,4.555699415504932,54.766676388680935,65.13873022049665,54.987640120089054,60.18040515482426,60.218056198209524
165,xair,0,,50.0,control,1,0,0,0,0,,291,control,0,,0.9608832187950611,2.256444189697504,59.80249587446451,57.54605168476701,58.84161265566945,,,,,EXECUTE,published_after_gate_recheck,54.88025909289718,54.89097908139229,0.010719988495111465,4.922066815197468,,,55.02053163945675,59.802325908094645,59.813045896589756
166,xair,1,50.0,50.0,concurrent,0,1,0,0,0,293,293,before_check,0,,,,,63.13860695809126,64.30398393422365,60.6449069455266,61.875537037849426,,,REVOKE,read_set_version_changed_at_gate,60.13510003685951,,,5.170322954654694,55.386628955602646,64.2126421444118,55.707942228764296,65.3054229915142,
167,xair,1,50.0,50.0,concurrent,0,1,0,0,0,295,295,before_check,0,,,,,61.892407946288586,62.863350845873356,59.50392596423626,60.62271585687995,,,REVOKE,read_set_version_changed_at_gate,59.47332875803113,,,4.270534031093121,54.46079187095165,62.769745010882616,54.650237783789635,63.74386278912425,
168,xair,1,50.0,50.0,concurrent,0,1,0,0,0,297,297,before_check,0,,,,,62.72261589765549,63.79923690110445,60.53464999422431,61.41034420579672,,,REVOKE,read_set_version_changed_at_gate,59.45634562522173,,,5.233221221715212,55.44878588989377,63.800639007240534,55.665262043476105,64.68956684693694,
169,xair,0,,50.0,control,1,0,0,0,0,,298,control,0,,1.1779307387769222,2.3398809134960175,59.59010776132345,57.250226847827435,58.41217702254653,,,,,EXECUTE,published_after_gate_recheck,55.238451808691025,55.25114480406046,0.012692995369434357,4.351526033133268,,,54.45094406604767,59.58997784182429,59.60267083719373
170,xair,1,50.0,50.0,concurrent,0,1,0,0,0,300,300,before_check,0,,,,,61.94128980860114,63.3356268517673,59.685677755624056,60.895638074725866,,,REVOKE,read_set_version_changed_at_gate,59.71676483750343,,,4.419263917952776,54.642763920128345,62.910058069974184,55.267326068133116,64.13602875545621,
171,xair,1,50.0,50.0,concurrent,1,0,0,1,0,302,301,after_check,0,after_middleware,1.3875639997422695,2.6327110826969147,60.54634274914861,57.91363166645169,59.15877874940634,61.58136483281851,63.168533612042665,,,EXECUTE,published_after_gate_recheck,55.607534013688564,55.622803047299385,0.01526903361082077,4.938667640089989,55.15862163156271,65.33244391903281,55.396127980202436,60.54620165377855,60.561470687389374
172,xair,1,50.0,50.0,concurrent,0,1,0,0,0,304,304,before_check,0,,,,,62.063578981906176,63.362727873027325,59.55964047461748,60.756517108529806,,,REVOKE,read_set_version_changed_at_gate,60.29189471155405,,,4.078343044966459,54.31105103343725,63.15917568281293,54.59327111020684,64.37023775652051,
173,xair,1,50.0,50.0,concurrent,0,1,0,0,0,306,306,before_check,0,,,,,63.2903422228992,64.69211308285594,60.67057605832815,61.93642085418105,,,REVOKE,read_set_version_changed_at_gate,61.052802950143814,,,4.541432950645685,54.75114705041051,64.47660783305764,55.30890403315425,65.5942359007895,
174,xair,0,,50.0,control,1,0,0,0,0,,307,control,0,,1.1806557886302471,2.448305021971464,59.69914281740785,57.25083779543638,58.5184870287776,,,,,EXECUTE,published_after_gate_recheck,55.243220180273056,55.253739934414625,0.010519754141569138,4.455791786313057,,,54.57648867741227,59.69901196658611,59.70953172072768
175,xair,1,50.0,50.0,concurrent,1,0,0,1,0,309,308,after_check,0,after_middleware,1.2984061613678932,2.7645379304885864,60.47590961679816,57.711371686309576,59.17750345543027,61.69066857546568,63.2168329320848,,,EXECUTE,published_after_gate_recheck,55.77715206891298,55.7879121042788,0.010760035365819931,4.698576871305704,54.91297971457243,65.09619997814298,55.07624568417668,60.47572894021869,60.48648897558451
176,xair,1,50.0,50.0,concurrent,0,1,0,0,0,311,311,before_check,0,,,,,63.29534109681845,64.43225499242544,60.8420972712338,62.07474134862423,,,REVOKE,read_set_version_changed_at_gate,60.551101341843605,,,5.148943047970533,55.34012243151665,64.4566910341382,55.54705113172531,65.70004438981414,
177,xair,0,,50.0,control,1,0,0,0,0,,312,control,0,,0.9604222141206264,2.0889099687337875,59.57210389897227,57.483193930238485,58.611681684851646,,,,,EXECUTE,published_after_gate_recheck,54.65115886181593,54.66300109401345,0.011842232197523117,4.920844919979572,,,55.02116400748491,59.5720037817955,59.583846013993025
178,xair,1,50.0,50.0,concurrent,1,0,0,1,0,314,313,after_check,0,after_middleware,1.1207927018404007,2.371580805629492,61.16129597648978,58.78971517086029,60.04050327464938,62.64360807836056,64.03008894994855,,,EXECUTE,published_after_gate_recheck,55.737057235091925,55.747817270457745,0.010760035365819931,5.424099043011665,55.708153173327446,65.96743501722813,55.96042610704899,61.16115627810359,61.17191631346941
179,xair,1,50.0,50.0,concurrent,0,1,0,0,0,316,316,before_check,0,,,,,62.65193410217762,64.08204790204763,60.27197791263461,61.25526316463947,,,REVOKE,read_set_version_changed_at_gate,60.084876138716936,,,4.8201060853898525,55.05592888221145,63.797804061323404,55.25472201406956,64.90498222410679,
180,xair,1,50.0,50.0,concurrent,0,1,0,0,0,318,318,before_check,0,,,,,63.31926491111517,64.51233429834247,60.64647017046809,61.76409684121609,,,REVOKE,read_set_version_changed_at_gate,60.87791407480836,,,4.743792116641998,54.99402200803161,64.04187204316258,55.34093314781785,65.62170619145036,
181,xair,0,,50.0,control,1,0,0,0,0,,319,control,0,,1.2706839479506016,2.545245923101902,64.12173062562943,61.57648470252752,62.85104667767882,,,,,EXECUTE,published_after_gate_recheck,55.30524626374245,55.31813018023968,0.01288391649723053,8.816324640065432,,,58.926842641085386,64.12157090380788,64.13445482030511
182,xair,1,50.0,50.0,concurrent,0,1,0,0,0,321,321,before_check,0,,,,,62.38276790827513,63.785992097109556,59.823935851454735,61.158521100878716,,,REVOKE,read_set_version_changed_at_gate,60.3591101244092,,,4.504222888499498,54.70121279358864,63.35892993956804,54.90831192582846,64.8633330129087,
183,xair,1,50.0,50.0,concurrent,0,1,0,0,0,323,323,before_check,0,,,,,62.96014180406928,64.34427993372083,59.914806857705116,61.30028795450926,,,REVOKE,read_set_version_changed_at_gate,60.9514731913805,,,4.224186763167381,54.529981687664986,63.69457067921758,54.70728501677513,65.17565995454788,
184,xair,1,50.0,50.0,concurrent,0,1,0,0,0,325,325,before_check,0,,,,,62.83735204488039,64.33673482388258,60.498422011733055,61.6501341573894,,,REVOKE,read_set_version_changed_at_gate,60.903452802449465,,,4.401610232889652,54.636661894619465,64.03654208406806,54.86194510012865,65.30506303533912,
185,xair,1,50.0,50.0,concurrent,1,0,0,1,0,327,326,after_check,0,after_middleware,0.9146658703684807,2.2938740439713,59.49587095528841,57.20199691131711,58.58120508491993,61.19602220132947,62.33017984777689,,,EXECUTE,published_after_gate_recheck,54.75879134610295,54.769461043179035,0.01066969707608223,4.736879840493202,54.92015415802598,64.14500623941422,55.056750774383545,59.495671186596155,59.50634088367224
186,xair,1,50.0,50.0,concurrent,0,1,0,0,0,329,329,before_check,0,,,,,62.64307722449303,63.4628557600081,60.29199529439211,61.34210526943207,,,REVOKE,read_set_version_changed_at_gate,59.5638994127512,,,4.891328979283571,55.16744824126363,63.78860725089908,55.356882978230715,64.45522839203477,
187,xair,1,50.0,50.0,concurrent,1,0,0,1,0,331,330,after_check,0,after_middleware,1.116504892706871,2.5389851070940495,59.95725700631738,57.41827189922333,58.840752113610506,61.2402050755918,62.91458709165454,,,EXECUTE,published_after_gate_recheck,54.85001299530268,54.85986080020666,0.00984780490398407,5.107134114950895,55.269008968025446,64.88837115466595,55.40554504841566,59.95714711025357,59.96699491515756
188,xair,1,50.0,50.0,concurrent,0,1,0,0,0,333,333,before_check,0,,,,,63.92653612419963,65.13381097465754,61.509380117058754,62.611638102680445,,,REVOKE,read_set_version_changed_at_gate,61.22452486306429,,,4.885388072580099,55.079644080251455,64.84092213213444,55.304675828665495,66.10991293564439,
189,xair,0,,50.0,control,1,0,0,0,0,,334,control,0,,1.2027472257614136,2.371310256421566,61.260232236236334,58.88892197981477,60.05748501047492,,,,,EXECUTE,published_after_gate_recheck,55.158490780740976,55.17789674922824,0.019405968487262726,6.101561244577169,,,56.20736023411155,61.260052025318146,61.27945799380541
190,xair,1,50.0,50.0,concurrent,0,1,0,0,0,336,336,before_check,0,,,,,63.884977251291275,65.33287419006228,60.59209816157818,61.70850293710828,,,REVOKE,read_set_version_changed_at_gate,61.53928628191352,,,4.7981939278542995,55.05892401561141,64.94838325306773,55.28142210096121,66.33748020976782,
191,xair,0,,50.0,control,1,0,0,0,0,,337,control,0,,1.2398771941661835,2.843144815415144,60.35734759643674,57.514202781021595,59.117470402270555,,,,,EXECUTE,published_after_gate_recheck,55.63190998509526,55.64695782959461,0.015047844499349594,4.725337959825993,,,54.82608778402209,60.357247944921255,60.372295789420605
192,xair,0,,50.0,control,1,0,0,0,0,,338,control,0,,1.0780328884720802,2.326125279068947,59.76966489106417,57.44353961199522,58.69163200259209,,,,,EXECUTE,published_after_gate_recheck,55.228843819350004,55.24175800383091,0.012914184480905533,4.540720954537392,,,54.64106984436512,59.769564773887396,59.7824789583683
193,xair,0,,50.0,control,1,0,0,0,0,,339,control,0,,1.0497299954295158,2.4724602699279785,60.01762021332979,57.54515994340181,58.967890217900276,,,,,EXECUTE,published_after_gate_recheck,55.22947385907173,55.23895192891359,0.009478069841861725,4.78802528232336,,,54.888264276087284,60.01749914139509,60.026977211236954
194,xair,1,50.0,50.0,concurrent,1,0,0,1,0,341,340,after_check,0,after_middleware,1.1762469075620174,2.4372031912207603,60.39886502549052,57.96166183426976,59.222618117928505,61.858815141022205,62.991300132125616,,,EXECUTE,published_after_gate_recheck,55.23592699319124,55.24904187768698,0.013114884495735168,5.162808112800121,55.34905893728137,65.07625291123986,55.509539786726236,60.39873510599136,60.4118499904871
195,xair,1,50.0,50.0,concurrent,0,1,0,0,0,343,343,before_check,0,,,,,62.93142819777131,64.26669424399734,60.81105908378959,61.83093320578337,,,REVOKE,read_set_version_changed_at_gate,60.31469814479351,,,4.928397946059704,55.12760300189257,63.928249292075634,55.320885963737965,65.24309609085321,
196,xair,1,50.0,50.0,concurrent,0,1,0,0,0,345,345,before_check,0,,,,,63.995004165917635,65.41319517418742,61.750811990350485,62.708749901503325,,,REVOKE,read_set_version_changed_at_gate,61.73246819525957,,,4.893573001027107,55.09149516001344,65.34593924880028,55.824209935963154,66.62604119628668,
197,xair,1,50.0,50.0,concurrent,1,0,0,1,0,347,346,after_check,0,after_middleware,1.2371018528938293,2.5686300359666348,66.49540597572923,63.92677593976259,65.2583041228354,68.20184784010053,69.28381836041808,,,EXECUTE,published_after_gate_recheck,59.23429969698191,59.244568925350904,0.010269228368997574,7.260986138135195,57.51428194344044,71.6771399602294,58.31731902435422,66.4952858351171,66.5055550634861
198,xair,0,,50.0,control,1,0,0,0,0,,348,control,0,,1.5456699766218662,2.9341657646000385,61.22064683586359,58.28648107126355,59.674976859241724,,,,,EXECUTE,published_after_gate_recheck,56.18238216266036,56.195797864347696,0.013415701687335968,5.0378041341900826,,,55.159111972898245,61.22018629685044,61.23360199853778
199,xair,1,50.0,50.0,concurrent,1,0,0,1,0,350,349,after_check,0,after_middleware,1.316240057349205,2.5239959359169006,60.79678190872073,58.27278597280383,59.48054185137153,62.02867394313216,63.46016004681587,,,EXECUTE,published_after_gate_recheck,55.76467886567116,55.78054906800389,0.01587020233273506,5.031893029808998,55.18887797370553,65.55882887914777,55.51690421998501,60.796571895480156,60.81244209781289
200,xair,1,55.0,50.0,concurrent,1,0,0,1,0,352,351,after_check,0,after_middleware,1.2859432026743889,2.651355229318142,61.109709087759256,58.458353858441114,59.82376588508487,65.96072297543287,67.2598909586668,,,EXECUTE,published_after_gate_recheck,55.95957487821579,55.97534403204918,0.015769153833389282,5.1497239619493484,60.42827107012272,69.53008100390434,55.48716802150011,61.10929884016514,61.12506799399853
201,xair,1,55.0,50.0,after_release,1,0,0,0,1,354,353,after_check,0,after_middleware,0.9844182059168816,2.3684948682785034,60.852778144180775,58.48428327590227,59.86835993826389,65.8421409316361,67.13028810918331,,,EXECUTE,published_after_gate_recheck,56.31466070190072,56.32359767332673,0.008936971426010132,4.537996370345354,60.98945392295718,68.8702929764986,55.970235262066126,60.852657072246075,60.861594043672085
202,xair,1,55.0,50.0,concurrent,1,0,0,1,0,356,355,after_check,0,after_middleware,1.4627650380134583,2.864925656467676,61.52567965909839,58.66075400263071,60.06291462108493,66.18104688823223,67.43271462619305,,,EXECUTE,published_after_gate_recheck,56.46854918450117,56.490019895136356,0.02147071063518524,5.056679714471102,60.28312770649791,69.66133788228035,55.38872303441167,61.52522889897227,61.54669960960746
203,xair,1,55.0,50.0,concurrent,1,0,0,1,0,358,357,after_check,0,after_middleware,1.5276060439646244,2.812497317790985,61.08954129740596,58.27704397961497,59.561935253441334,66.36302825063467,67.5610862672329,,,EXECUTE,published_after_gate_recheck,55.82199618220329,55.83657417446375,0.014577992260456085,5.2669839933514595,60.6610169634223,69.58604604005814,55.709614884108305,61.08898017555475,61.10355816781521
204,xair,0,,50.0,control,1,0,0,0,0,,359,control,0,,1.3956991024315357,2.9053930193185806,61.26418011263013,58.35878709331155,59.86848101019859,,,,,EXECUTE,published_after_gate_recheck,56.38347985222936,56.399169843643904,0.015689991414546967,4.880559165030718,,,55.00764911994338,61.264039017260075,61.27972900867462
205,xair,0,,50.0,control,1,0,0,0,0,,360,control,0,,1.2370320037007332,2.5674779899418354,63.201434910297394,60.63395692035556,61.96440290659666,,,,,EXECUTE,published_after_gate_recheck,58.49932972341776,58.512684889137745,0.013355165719985962,4.7018942423164845,,,54.80766296386719,63.20122396573424,63.21457913145423
206,xair,1,55.0,50.0,concurrent,1,0,0,1,0,362,361,after_check,0,after_middleware,1.1049727909266949,2.5123050436377525,61.807979829609394,59.29567478597164,60.7030070386827,66.70937780290842,67.8994208574295,,,EXECUTE,published_after_gate_recheck,55.90419098734856,55.91632425785065,0.012133270502090454,5.90361887589097,61.217471957206726,69.76440083235502,56.30641616880894,61.80780986323953,61.81994313374162
207,xair,1,55.0,50.0,concurrent,1,0,0,1,0,364,363,after_check,0,after_middleware,1.3432097621262074,2.8057051822543144,60.74387300759554,57.938167825341225,59.40066324546933,64.7652498446405,66.04920886456966,,,EXECUTE,published_after_gate_recheck,56.03303201496601,56.04430381208658,0.011271797120571136,4.710379987955093,59.91083011031151,68.28377302736044,54.95911696925759,60.743412002921104,60.754683800041676
208,xair,1,55.0,50.0,after_release,1,0,0,0,1,366,365,after_check,0,after_middleware,0.9876331314444542,2.0648050121963024,63.737120013684034,61.67231500148773,62.74948688223958,69.62534971535206,70.970444008708,,,EXECUTE,published_after_gate_recheck,55.20332511514425,55.21658016368747,0.013255048543214798,8.533664979040623,63.939881045371294,75.89980494230986,58.867611922323704,63.736990094184875,63.75024514272809
209,xair,1,55.0,50.0,after_release,1,0,0,0,1,368,367,after_check,0,after_middleware,0.9984332136809826,2.2839861921966076,60.42784918099642,58.14386298879981,59.429415967315435,65.93300122767687,66.91627623513341,,,EXECUTE,published_after_gate_recheck,55.07743917405605,55.08747790008783,0.010038726031780243,5.35030011087656,60.66333130002022,68.99843318387866,55.700147058814764,60.42773928493261,60.437778010964394
210,xair,1,55.0,50.0,after_release,1,0,0,0,1,370,369,after_check,0,after_middleware,0.9744986891746521,2.2826739586889744,59.55968098714948,57.2770070284605,58.585182297974825,64.93677152320743,66.1104740574956,,,EXECUTE,published_after_gate_recheck,54.96661085635424,54.974616039544344,0.008005183190107346,4.592939279973507,59.838684275746346,68.26241221278906,54.89861313253641,59.55955013632774,59.56755531951785
211,xair,1,55.0,50.0,after_release,1,0,0,0,1,372,371,after_check,0,after_middleware,0.9805299341678619,2.174651250243187,59.06585417687893,56.89120292663574,58.08532424271107,64.16365131735802,65.37785893306136,,,EXECUTE,published_after_gate_recheck,54.646520875394344,54.655127227306366,0.008606351912021637,4.419153090566397,59.59771201014519,66.92730728536844,54.64775301516056,59.06567396596074,59.07428031787276
212,xair,1,55.0,50.0,after_release,1,0,0,0,1,374,373,after_check,0,after_middleware,1.0315258987247944,2.446250058710575,59.42859407514334,56.98234401643276,58.39706817641854,64.70858305692673,66.05102214962244,,,EXECUTE,published_after_gate_recheck,54.99057611450553,55.00026419758797,0.009688083082437515,4.437827970832586,59.65472897514701,67.94499605894089,54.69246627762914,59.428404085338116,59.43809216842055
213,xair,0,,50.0,control,1,0,0,0,0,,375,control,0,,1.2203301303088665,2.4730111472308636,59.76336309686303,57.29035194963217,58.543032966554165,,,,,EXECUTE,published_after_gate_recheck,55.353247094899416,55.36121176555753,0.007964670658111572,4.409986082464457,,,54.5009677298367,59.76323317736387,59.771197848021984
214,xair,1,55.0,50.0,after_release,1,0,0,0,1,377,376,after_check,0,after_middleware,1.003543846309185,2.2948365658521652,59.976061806082726,57.68122524023056,58.97251795977354,65.78906113281846,66.78180303424597,,,EXECUTE,published_after_gate_recheck,54.71136188134551,54.71848603338003,0.007124152034521103,5.264569073915482,60.532255098223686,69.04809596017003,55.558191146701574,59.97593095526099,59.98305510729551
215,xair,1,55.0,50.0,concurrent,1,0,0,1,0,379,378,after_check,0,after_middleware,1.8793274648487568,3.5950271412730217,62.787809409201145,59.19278226792812,60.90848194435239,65.13285962864757,66.5498492307961,,,EXECUTE,published_after_gate_recheck,57.808354031294584,57.833020109683275,0.02466607838869095,4.979295190423727,60.2338663302362,68.79002321511507,55.322919972240925,62.78764922171831,62.812315300107
216,xair,0,,50.0,control,1,0,0,0,0,,380,control,0,,1.0289712809026241,2.1380120888352394,58.52393712848425,56.38592503964901,57.494965847581625,,,,,EXECUTE,published_after_gate_recheck,54.47544017806649,54.4857089407742,0.010268762707710266,4.048376809805632,,,54.154457058757544,58.523816987872124,58.534085750579834
217,xair,1,55.0,50.0,after_release,1,0,0,0,1,382,381,after_check,0,after_middleware,0.9671039879322052,1.9450299441814423,58.97374078631401,57.02871084213257,58.006636798381805,64.32344065979123,65.60198962688446,,,EXECUTE,published_after_gate_recheck,54.42767031490803,54.4372983276844,0.009628012776374817,4.545940551906824,59.72265684977174,67.39185890182853,54.782355669885874,58.97361086681485,58.98323887959123
218,xair,1,55.0,50.0,after_release,1,0,0,0,1,384,383,after_check,0,after_middleware,0.8819550275802612,2.152979839593172,59.42247295752168,57.269493117928505,58.540517929941416,64.4722799770534,65.4938668012619,,,EXECUTE,published_after_gate_recheck,54.795701056718826,54.80204289779067,0.006341841071844101,4.626662004739046,59.807595796883106,67.55778985098004,54.831346962600946,59.42236306145787,59.42870490252972
219,xair,0,,50.0,control,1,0,0,0,0,,385,control,0,,1.0139928199350834,2.14791065081954,59.45413280278444,57.3062221519649,58.44013998284936,,,,,EXECUTE,published_after_gate_recheck,54.67687686905265,54.685092996805906,0.008216127753257751,4.777154885232449,,,54.86796610057354,59.4540317542851,59.462247882038355
220,xair,1,55.0,50.0,concurrent,1,0,0,1,0,387,386,after_check,0,after_middleware,1.131473109126091,2.454887144267559,61.85309402644634,59.39820688217878,60.72162091732025,67.2778538428247,68.48076172173023,,,EXECUTE,published_after_gate_recheck,57.10287997499108,57.112236972898245,0.009356997907161713,4.7500841319561005,59.929894749075174,70.84095105528831,54.97722094878554,61.852964106947184,61.862321104854345
221,xair,1,55.0,50.0,concurrent,1,0,0,1,0,389,388,after_check,0,after_middleware,1.331067644059658,2.7346317656338215,64.12255298346281,61.38792121782899,62.79148533940315,68.55300720781088,69.85424924641848,,,EXECUTE,published_after_gate_recheck,59.02690067887306,59.056165628135204,0.02926494926214218,5.095542408525944,63.28956037759781,72.02707696706057,58.342266362160444,64.122443087399,64.15170803666115
222,xair,0,,50.0,control,1,0,0,0,0,,390,control,0,,1.1356412433087826,2.5933771394193172,61.521030962467194,58.927653823047876,60.38538971915841,,,,,EXECUTE,published_after_gate_recheck,55.702381767332554,55.7132619433105,0.010880175977945328,5.818549077957869,,,55.9235867112875,61.52093084529042,61.53181102126837
223,xair,0,,50.0,control,1,0,0,0,0,,391,control,0,,1.3288939371705055,2.5222930125892162,59.97048085555434,57.448187842965126,58.64158691838384,,,,,EXECUTE,published_after_gate_recheck,55.23965414613485,55.249882861971855,0.0102287158370018,4.730707034468651,,,54.82481513172388,59.970361180603504,59.980589896440506
224,xair,0,,50.0,control,1,0,0,0,0,,392,control,0,,1.3485001400113106,2.502074930816889,60.1196913048625,57.61761637404561,58.77119116485119,,,,,EXECUTE,published_after_gate_recheck,54.958815686404705,54.96725160628557,0.008435919880867004,5.16071543097496,,,55.250163190066814,60.119531117379665,60.12796703726053
225,xair,1,55.0,50.0,after_release,1,0,0,0,1,394,393,after_check,0,after_middleware,1.0860282927751541,2.037934958934784,59.38636604696512,57.34843108803034,58.30033775418997,64.61573904380202,66.1906749010086,,,EXECUTE,published_after_gate_recheck,54.52009290456772,54.52862894162536,0.008536037057638168,4.866161849349737,60.0556917488575,68.51161969825625,55.07279094308615,59.386254753917456,59.394790790975094
226,xair,1,55.0,50.0,after_release,1,0,0,0,1,396,395,after_check,0,after_middleware,1.245758030563593,2.3495089262723923,59.84053807333112,57.491029147058725,58.594780042767525,64.93704207241535,66.33291207253933,,,EXECUTE,published_after_gate_recheck,55.20689208060503,55.228162091225386,0.021270010620355606,4.633516073226929,59.99850435182452,68.52430431172252,54.873927030712366,59.84040815383196,59.861678164452314
227,xair,1,55.0,50.0,after_release,1,0,0,0,1,398,397,after_check,0,after_middleware,1.1322950012981892,2.4860547855496407,60.42827991768718,57.94222513213754,59.29598491638899,65.511389169842,66.41418300569057,,,EXECUTE,published_after_gate_recheck,55.408500134944916,55.4220350459218,0.01353491097688675,5.019669886678457,60.67935097962618,68.43023700639606,55.305727291852236,60.42817002162337,60.44170493260026
228,xair,1,55.0,50.0,after_release,1,0,0,0,1,400,399,after_check,0,after_middleware,1.1772392317652702,2.383373212069273,59.638108126819134,57.25473491474986,58.46086889505386,64.97007422149181,66.40115985646844,,,EXECUTE,published_after_gate_recheck,55.208626203238964,55.22240186110139,0.01377565786242485,4.429372027516365,59.83910523355007,68.62664595246315,54.76870993152261,59.63799823075533,59.651773888617754
229,xair,1,55.0,50.0,concurrent,1,0,0,1,0,402,401,after_check,0,after_middleware,1.4426568523049355,2.56976205855608,60.67401170730591,58.10424964874983,59.23135485500097,66.02021493017673,67.23418273031712,,,EXECUTE,published_after_gate_recheck,55.73017382994294,55.74511177837849,0.014937948435544968,4.943707957863808,60.269752983003855,68.96942900493741,55.23192882537842,60.67388178780675,60.688819736242294
230,xair,1,55.0,50.0,after_release,1,0,0,0,1,404,403,after_check,0,after_middleware,1.2388848699629307,2.49831797555089,60.20190566778183,57.70358769223094,58.9630207978189,65.62646571546793,66.6252700611949,,,EXECUTE,published_after_gate_recheck,55.17748696729541,55.190271232277155,0.012784264981746674,5.0242687575519085,60.45133387669921,68.67393478751183,55.272284895181656,60.20175572484732,60.21453998982906
231,xair,0,,50.0,control,1,0,0,0,0,,405,control,0,,0.9924829937517643,2.451500855386257,61.73545401543379,59.28395316004753,60.742971021682024,,,,,EXECUTE,published_after_gate_recheck,55.15291076153517,55.168178863823414,0.015268102288246155,6.582413334399462,,,56.70916195958853,61.73532409593463,61.750592198222876
232,xair,1,55.0,50.0,after_release,1,0,0,0,1,407,406,after_check,0,after_middleware,0.9827152825891972,2.092747949063778,60.15835516154766,58.06560721248388,59.175639878958464,65.17285527661443,66.45731488242745,,,EXECUTE,published_after_gate_recheck,55.10899797081947,55.12036010622978,0.011362135410308838,5.049245897680521,60.396021232008934,68.54204786941409,55.27256615459919,60.158243868499994,60.1696060039103
233,xair,1,55.0,50.0,concurrent,1,0,0,1,0,409,408,after_check,0,after_middleware,1.389737706631422,2.9869149439036846,61.36995693668723,58.38304199278355,59.98021923005581,66.01308099925518,67.17636389657855,,,EXECUTE,published_after_gate_recheck,55.98943121731281,56.001944933086634,0.012513715773820877,5.38040604442358,60.617534909397364,69.12336684763432,55.695808958262205,61.36983726173639,61.382350977510214
234,xair,0,,50.0,control,1,0,0,0,0,,410,control,0,,1.1125179007649422,2.3245629854500294,60.026466846466064,57.701903861016035,58.91394894570112,,,,,EXECUTE,published_after_gate_recheck,55.36032002419233,55.37089006975293,0.010570045560598373,4.666015971451998,,,54.77413022890687,60.02633599564433,60.03690604120493
235,xair,1,55.0,50.0,concurrent,1,0,0,1,0,412,411,after_check,0,after_middleware,1.4679948799312115,3.089707810431719,64.21551760286093,61.12580979242921,62.747522722929716,66.18744879961014,67.64176767319441,,,EXECUTE,published_after_gate_recheck,58.4793328307569,58.49556298926473,0.016230158507823944,5.7360948994755745,61.011865735054016,69.97701991349459,56.07721582055092,64.21542773023248,64.2316578887403
236,xair,1,55.0,50.0,concurrent,1,0,0,1,0,414,413,after_check,0,after_middleware,1.313595101237297,2.4145711213350296,60.50460413098335,58.09003300964832,59.191009029746056,65.66100101917982,66.66709901764989,,,EXECUTE,published_after_gate_recheck,55.69698195904493,55.71215087547898,0.015168916434049606,4.807452205568552,60.036436188966036,68.87520337477326,55.08030531927943,60.504434164613485,60.519603081047535
237,xair,1,55.0,50.0,concurrent,1,0,0,1,0,416,415,after_check,0,after_middleware,1.1698952876031399,2.733499277383089,60.78581139445305,58.05231211706996,59.61591610684991,65.02889422699809,66.1760070361197,,,EXECUTE,published_after_gate_recheck,55.77102117240429,55.782992858439684,0.011971686035394669,5.014600232243538,60.229357331991196,68.52285098284483,55.26646412909031,60.78562140464783,60.79759309068322
238,xair,1,55.0,50.0,after_release,1,0,0,0,1,418,417,after_check,0,after_middleware,1.1868481524288654,2.492147032171488,60.2373331785202,57.745186146348715,59.05048502609134,65.26681082323194,66.47032918408513,,,EXECUTE,published_after_gate_recheck,55.376220028847456,55.38582801818848,0.009607989341020584,4.860992077738047,60.3961911983788,68.48481018096209,55.16292015090585,60.2372121065855,60.24682009592652
239,xair,1,55.0,50.0,concurrent,1,0,0,1,0,420,419,after_check,0,after_middleware,1.45617313683033,2.6814122684299946,60.391332022845745,57.70991975441575,58.935158886015415,65.50413696095347,66.94618286564946,,,EXECUTE,published_after_gate_recheck,55.83949899300933,55.85030000656843,0.010801013559103012,4.55172173678875,59.76989585906267,69.25276108086109,54.795780684798956,60.39122072979808,60.40202174335718
240,xair,1,60.0,50.0,after_release,1,0,0,0,1,422,421,after_check,0,after_middleware,0.9661326184868813,2.1446947939693928,60.2419706992805,58.09727590531111,59.27583808079362,70.37637894973159,71.62149576470256,,,EXECUTE,published_after_gate_recheck,55.434590205550194,55.44760404154658,0.013013835996389389,4.807240795344114,65.1100859977305,73.90335807576776,55.15966285020113,60.24183100089431,60.2548448368907
241,xair,1,60.0,50.0,after_release,1,0,0,0,1,424,423,after_check,0,after_middleware,1.3720239512622356,2.9134671203792095,61.20276404544711,58.2892969250679,59.830740094184875,70.29167097061872,71.53737917542458,,,EXECUTE,published_after_gate_recheck,56.29099626094103,56.30699638277292,0.01600012183189392,4.911637865006924,65.25671202689409,73.73996218666434,55.27446884661913,61.20263412594795,61.218634247779846
242,xair,1,60.0,50.0,after_release,1,0,0,0,1,426,425,after_check,0,after_middleware,1.1826399713754654,2.490133047103882,60.655678156763315,58.16554510965943,59.47303818538785,69.69262706115842,70.69505797699094,,,EXECUTE,published_after_gate_recheck,55.537252221256495,55.5510981939733,0.013845972716808319,5.118315108120441,65.30628493055701,72.66603596508503,55.36375707015395,60.655567329376936,60.669413302093744
243,xair,0,,50.0,control,1,0,0,0,0,,427,control,0,,0.9482698515057564,2.0099119283258915,59.54980291426182,57.539890985935926,58.60153306275606,,,,,EXECUTE,published_after_gate_recheck,54.752749390900135,54.765002336353064,0.012252945452928543,4.796942695975304,,,54.90558687597513,59.54969208687544,59.56194503232837
244,xair,1,60.0,50.0,after_release,1,0,0,0,1,429,428,after_check,0,after_middleware,1.0986621491611004,2.123534679412842,59.42087061703205,57.29733593761921,58.32220846787095,69.62344702333212,70.7120499573648,,,EXECUTE,published_after_gate_recheck,54.649696219712496,54.6590038575232,0.009307637810707092,4.771013744175434,64.96145762503147,72.74951273575425,54.99808071181178,59.42070996388793,59.43001760169864
245,xair,0,,50.0,control,1,0,0,0,0,,430,control,0,,0.8476609364151955,2.2541400976479053,59.46139572188258,57.207255624234676,58.613734785467386,,,,,EXECUTE,published_after_gate_recheck,55.082148406654596,55.09062437340617,0.00847596675157547,4.379127640277147,,,54.47206273674965,59.461276046931744,59.46975201368332
246,xair,1,60.0,50.0,after_release,1,0,0,0,1,432,431,after_check,0,after_middleware,0.8370210416615009,2.1121841855347157,59.45517495274544,57.34299076721072,58.61815391108394,69.85692493617535,70.99237618967891,,,EXECUTE,published_after_gate_recheck,54.624699987471104,54.633616004139185,0.008916016668081284,4.830334801226854,65.1040761731565,73.12987698242068,55.14811212196946,59.45503478869796,59.46395080536604
247,xair,1,60.0,50.0,after_release,1,0,0,0,1,434,433,after_check,0,after_middleware,0.9057899005711079,1.9412129186093807,59.11023775115609,57.16902483254671,58.204447850584984,69.39411675557494,70.52760384976864,,,EXECUTE,published_after_gate_recheck,54.34473417699337,54.35274913907051,0.008014962077140808,4.765372723340988,64.94101975113153,72.48978596180677,54.96544996276498,59.11010690033436,59.1181218624115
248,xair,1,60.0,50.0,after_release,1,0,0,0,1,436,435,after_check,0,after_middleware,0.9282520040869713,2.1563968621194363,59.579848777502775,57.42345191538334,58.651596773415804,70.07902162149549,71.25457795336843,,,EXECUTE,published_after_gate_recheck,54.71346573904157,54.72303368151188,0.009567942470312119,4.866261966526508,65.04828063771129,72.83831993117929,55.07662799209356,59.579727705568075,59.58929564803839
249,xair,0,,50.0,control,1,0,0,0,0,,437,control,0,,0.8714762516319752,2.041241154074669,58.85326489806175,56.81202374398708,57.98178864642978,,,,,EXECUTE,published_after_gate_recheck,54.55117207020521,54.56126015633345,0.010088086128234863,4.301972687244415,,,54.39488776028156,58.85314475744963,58.86323284357786
250,xair,1,60.0,50.0,after_release,1,0,0,0,1,439,438,after_check,0,after_middleware,1.024994533509016,2.135797869414091,59.965603053569794,57.8298051841557,58.94060852006078,69.21803625300527,70.30743034556508,,,EXECUTE,published_after_gate_recheck,55.09054381400347,55.10005075484514,0.009506940841674805,4.874929320067167,65.05586532875896,72.17151904478669,55.0936502404511,59.965473134070635,59.97498007491231
251,xair,1,60.0,50.0,after_release,1,0,0,0,1,441,440,after_check,0,after_middleware,1.2355176731944084,2.5001619942486286,60.34082593396306,57.84066393971443,59.10530826076865,69.12037217989564,70.22329233586788,,,EXECUTE,published_after_gate_recheck,55.86020788177848,55.87049713358283,0.010289251804351807,4.480468109250069,64.66060318052769,72.4959671497345,54.71060099080205,60.34067599102855,60.3509652428329
252,xair,1,60.0,50.0,after_release,1,0,0,0,1,443,442,after_check,0,after_middleware,1.1557587422430515,2.3978999815881252,60.220821760594845,57.82292177900672,59.06506301835179,69.24447603523731,70.26064302772284,,,EXECUTE,published_after_gate_recheck,55.71849178522825,55.73232797905803,0.013836193829774857,4.502119030803442,64.69809403643012,72.57271185517311,54.74449507892132,60.220610816031694,60.23444700986147
253,xair,1,60.0,50.0,after_release,1,0,0,0,1,445,444,after_check,0,after_middleware,1.0739448480308056,2.540566958487034,61.44338473677635,58.90281777828932,60.369439888745546,70.778613910079,72.15766236186028,,,EXECUTE,published_after_gate_recheck,55.926332250237465,55.938775185495615,0.0124429352581501,5.516922567039728,66.08434487134218,74.53806884586811,56.133460719138384,61.44325481727719,61.45569775253534
254,xair,1,60.0,50.0,after_release,1,0,0,0,1,447,446,after_check,0,after_middleware,0.9531988762319088,2.0353486761450768,59.06371958553791,57.028370909392834,58.110520709306,69.22424770891666,70.39394276216626,,,EXECUTE,published_after_gate_recheck,54.29014191031456,54.301904048770666,0.011762138456106186,4.773417953401804,64.96061570942402,72.36385904252529,55.01510202884674,59.063559863716364,59.07532200217247
255,xair,0,,50.0,control,1,0,0,0,0,,448,control,0,,1.0305237956345081,2.2785458713769913,58.974252082407475,56.69570621103048,57.943728286772966,,,,,EXECUTE,published_after_gate_recheck,54.62674330919981,54.63753407821059,0.010790769010782242,4.347397945821285,,,54.46876725181937,58.974141255021095,58.98493202403188
256,xair,1,60.0,50.0,after_release,1,0,0,0,1,450,449,after_check,0,after_middleware,1.1430452577769756,2.233241219073534,62.56153387948871,60.32829266041517,61.41848862171173,71.26909494400024,72.48062780126929,,,EXECUTE,published_after_gate_recheck,57.912719901651144,57.9227190464735,0.009999144822359085,4.648713860660791,65.82600995898247,74.64904757216573,55.87619775906205,62.561433762311935,62.571432907134295
257,xair,1,60.0,50.0,after_release,1,0,0,0,1,452,451,after_check,0,after_middleware,1.1259526945650578,2.6001688092947006,61.525278724730015,58.925109915435314,60.39932603016496,70.63935277983546,71.7913149856031,,,EXECUTE,published_after_gate_recheck,55.72304129600525,55.73614640161395,0.013105105608701706,5.802057683467865,66.05749484151602,74.1082327440381,56.10574875026941,61.525098979473114,61.538204085081816
258,xair,0,,50.0,control,1,0,0,0,0,,453,control,0,,1.0578460060060024,2.363665960729122,60.125622898340225,57.7619569376111,59.06777689233422,,,,,EXECUTE,published_after_gate_recheck,55.315084755420685,55.32985273748636,0.014767982065677643,4.810387268662453,,,54.918300826102495,60.12547202408314,60.140240006148815
259,xair,1,60.0,50.0,after_release,1,0,0,0,1,455,454,after_check,0,after_middleware,1.0439492762088776,2.1899803541600704,59.278883039951324,57.088902685791254,58.23493376374245,69.03361901640892,70.47796994447708,,,EXECUTE,published_after_gate_recheck,54.92356093600392,54.93673589080572,0.013174954801797867,4.3551018461585045,64.54128865152597,72.64302298426628,54.59822900593281,59.27866278216243,59.291837736964226
260,xair,1,60.0,50.0,after_release,1,0,0,0,1,457,456,after_check,0,after_middleware,1.3207788579165936,2.5626290589571,60.68110512569547,58.11847606673837,59.36032626777887,69.20252600684762,70.49476122483611,,,EXECUTE,published_after_gate_recheck,55.86893483996391,55.880515836179256,0.011580996215343475,4.812000319361687,65.03867218270898,72.77345843613148,55.086526088416576,60.6809351593256,60.69251615554094
261,xair,1,60.0,50.0,after_release,1,0,0,0,1,459,458,after_check,0,after_middleware,1.001609954982996,1.9939118064939976,59.41078066825867,57.41686886176467,58.40917071327567,69.12742462009192,70.20380487665534,,,EXECUTE,published_after_gate_recheck,54.78082271292806,54.79036085307598,0.009538140147924423,4.629848059266806,64.86434489488602,72.05597078427672,54.88928593695164,59.41067077219486,59.42020891234279
262,xair,1,60.0,50.0,after_release,1,0,0,0,1,461,460,after_check,0,after_middleware,1.1081192642450333,2.2376789711415768,59.46875037625432,57.23107140511274,58.36063111200929,69.33406414464116,70.17478113994002,,,EXECUTE,published_after_gate_recheck,54.70459908246994,54.7129949554801,0.008395873010158539,4.764051176607609,64.96889237314463,72.27996224537492,54.997850209474564,59.46865025907755,59.47704613208771
263,xair,1,60.0,50.0,after_release,1,0,0,0,1,463,462,after_check,0,after_middleware,1.1235987767577171,2.389695029705763,59.41897677257657,57.02928174287081,58.29537799581885,69.25257993862033,70.43629186227918,,,EXECUTE,published_after_gate_recheck,55.25627499446273,55.26826810091734,0.011993106454610825,4.162550903856754,64.41089371219277,72.47497793287039,54.45904890075326,59.41882589831948,59.430819004774094
264,xair,1,60.0,50.0,after_release,1,0,0,0,1,465,464,after_check,0,after_middleware,1.2201298959553242,2.505491953343153,59.910899959504604,57.40540800616145,58.69077006354928,69.27503272891045,70.38143882527947,,,EXECUTE,published_after_gate_recheck,55.47170899808407,55.482419207692146,0.010710209608078003,4.438989795744419,64.66420972719789,72.15590868145227,54.702304769307375,59.91069879382849,59.921409003436565
265,xair,1,60.0,50.0,after_release,1,0,0,0,1,467,466,after_check,0,after_middleware,0.9277714416384697,2.4692839942872524,59.41149313002825,56.942209135740995,58.48372168838978,69.5303319953382,70.77647978439927,,,EXECUTE,published_after_gate_recheck,54.98995492234826,54.99865207821131,0.008697155863046646,4.42142691463232,64.61462704464793,72.85116380080581,54.65417494997382,59.41138183698058,59.42007899284363
266,xair,1,60.0,50.0,after_release,1,0,0,0,1,469,468,after_check,0,after_middleware,0.9503532201051712,2.1606250666081905,59.654619079083204,57.493994012475014,58.70426585897803,70.01168513670564,71.336321067065,,,EXECUTE,published_after_gate_recheck,54.91743888705969,54.926685988903046,0.009247101843357086,4.737010225653648,64.9101622402668,73.26898816972971,54.95467921718955,59.65444911271334,59.663696214556694
267,xair,1,60.0,50.0,after_release,1,0,0,0,1,471,470,after_check,0,after_middleware,1.2099212035536766,2.454867120832205,61.00325984880328,58.54839272797108,59.793338645249605,71.18895370513201,72.72969605401158,,,EXECUTE,published_after_gate_recheck,55.615498684346676,55.62580889090896,0.010310206562280655,5.387620069086552,65.66920597106218,74.88460000604391,55.682333651930094,61.00311875343323,61.01342895999551
268,xair,1,60.0,50.0,after_release,1,0,0,0,1,473,472,after_check,0,after_middleware,1.0299128480255604,2.375858835875988,61.51607213541865,59.140213299542665,60.48615928739309,69.97154885903001,71.27853203564882,,,EXECUTE,published_after_gate_recheck,56.23598396778107,56.246443185955286,0.010459218174219131,5.279988050460815,65.49958698451519,73.0991791933775,55.5461379699409,61.51597201824188,61.5264312364161
269,xair,0,,50.0,control,1,0,0,0,0,,474,control,0,,1.0167579166591167,2.3220679722726345,60.20167516544461,57.87960719317198,59.184917248785496,,,,,EXECUTE,published_after_gate_recheck,55.34436972811818,55.35436887294054,0.009999144822359085,4.857215099036694,,,54.95127197355032,60.201584827154875,60.211583971977234
270,xair,1,60.0,50.0,after_release,1,0,0,0,1,476,475,after_check,0,after_middleware,1.0215570218861103,2.190409693866968,59.60459401831031,57.41418432444334,58.5830369964242,68.87475121766329,69.96656022965908,,,EXECUTE,published_after_gate_recheck,55.04429712891579,55.05417613312602,0.009879004210233688,4.560157191008329,64.73388010635972,72.02313933521509,54.76248823106289,59.604454319924116,59.61433332413435
271,xair,1,60.0,50.0,after_release,1,0,0,0,1,478,477,after_check,0,after_middleware,1.1199619621038437,2.3888833820819855,59.91104990243912,57.52216652035713,58.791087940335274,68.84786067530513,70.33461099490523,,,EXECUTE,published_after_gate_recheck,55.418308824300766,55.43120298534632,0.0128941610455513,4.492600914090872,64.69613965600729,72.22115062177181,54.73674973472953,59.91090973839164,59.92380389943719
272,xair,0,,50.0,control,1,0,0,0,0,,479,control,0,,0.8309897966682911,1.9112168811261654,59.07421000301838,57.162993121892214,58.24322020635009,,,,,EXECUTE,published_after_gate_recheck,54.52620517462492,54.53838733956218,0.012182164937257767,4.547894932329655,,,54.653534200042486,59.074100106954575,59.08628227189183
273,xair,1,60.0,50.0,after_release,1,0,0,0,1,481,480,after_check,0,after_middleware,1.1344491504132748,2.325434237718582,60.2508382871747,57.92540404945612,59.11638913676143,70.645856205374,71.74162194132805,,,EXECUTE,published_after_gate_recheck,55.42802717536688,55.43819582089782,0.010168645530939102,4.8227012157440186,65.15927938744426,73.98650515824556,55.198146030306816,60.2507283911109,60.260897036641836
274,xair,0,,50.0,control,1,0,0,0,0,,482,control,0,,1.0977201163768768,2.1398160606622696,59.88829815760255,57.74848209694028,58.79057804122567,,,,,EXECUTE,published_after_gate_recheck,55.27062201872468,55.28508918359876,0.014467164874076843,4.6172551810741425,,,54.723525419831276,59.88787719979882,59.9023443646729
275,xair,1,60.0,50.0,after_release,1,0,0,0,1,484,483,after_check,0,after_middleware,1.324675977230072,2.531871199607849,60.03133626654744,57.49946506693959,58.70666028931737,69.51477285474539,70.56190818548203,,,EXECUTE,published_after_gate_recheck,55.27809588238597,55.29279261827469,0.014696735888719559,4.753120243549347,64.9483329616487,72.5522032007575,54.990767035633326,60.031216125935316,60.045912861824036
276,xair,0,,50.0,control,1,0,0,0,0,,485,control,0,,1.1964058503508568,2.6241750456392765,60.12054393067956,57.49636888504028,58.9241380803287,,,,,EXECUTE,published_after_gate_recheck,55.34658394753933,55.359307676553726,0.012723729014396667,4.773739259690046,,,54.88252406939864,60.120323207229376,60.13304693624377
277,xair,1,60.0,50.0,after_release,1,0,0,0,1,487,486,after_check,0,after_middleware,1.0862387716770172,2.251646015793085,59.49998879805207,57.24834278225899,58.413750026375055,69.14854468777776,70.3800767660141,,,EXECUTE,published_after_gate_recheck,55.06022600457072,55.06995506584644,0.009729061275720596,4.439621698111296,64.61856374517083,72.40690011531115,54.64770272374153,59.49984770268202,59.50957676395774
278,xair,1,60.0,50.0,after_release,1,0,0,0,1,489,488,after_check,0,after_middleware,1.054378692060709,2.4555777199566364,59.31861884891987,56.86304112896323,58.26424015685916,68.87103477492929,69.96610993519425,,,EXECUTE,published_after_gate_recheck,54.92693604901433,54.938206914812326,0.011270865797996521,4.391491878777742,64.57127584144473,71.89209386706352,54.59335120394826,59.31842792779207,59.32969879359007
279,xair,0,,50.0,control,1,0,0,0,0,,490,control,0,,0.8386643603444099,1.8403739668428898,58.857202995568514,57.016829028725624,58.018538635224104,,,,,EXECUTE,published_after_gate_recheck,54.48741093277931,54.496978875249624,0.009567942470312119,4.369680769741535,,,54.460922721773386,58.85709170252085,58.86665964499116
280,xair,1,100.0,50.0,after_release,1,0,0,0,1,492,491,after_check,0,after_middleware,1.1169868521392345,2.400575205683708,60.5447799898684,58.144204784184694,59.42779313772917,114.16928190737963,115.41124293580651,,,EXECUTE,published_after_gate_recheck,55.48043502494693,55.494101252406836,0.013666227459907532,5.06420386955142,105.32536590471864,117.35015083104372,55.36987818777561,60.54463889449835,60.558305121958256
281,xair,0,,50.0,control,1,0,0,0,0,,493,control,0,,1.8720231018960476,4.40564751625061,67.1424800530076,62.73683253675699,65.27045695111156,,,,,EXECUTE,published_after_gate_recheck,58.776911813765764,58.796497993171215,0.01958617940545082,8.36515799164772,,,58.959614019840956,67.14206980541348,67.16165598481894
282,xair,1,100.0,50.0,after_release,1,0,0,0,1,495,494,after_check,0,after_middleware,1.0780231095850468,2.177946735173464,59.890381060540676,57.71243432536721,58.81235795095563,110.34066695719957,111.6891480050981,,,EXECUTE,published_after_gate_recheck,55.136730428785086,55.14763109385967,0.010900665074586868,4.753530956804752,104.95042195543647,113.94464131444693,54.990336298942566,59.89026138558984,59.901162050664425
283,xair,1,100.0,50.0,after_release,1,0,0,0,1,497,496,after_check,0,after_middleware,1.2348373420536518,2.770267892628908,60.21100329235196,57.44073539972305,58.97616595029831,110.04506330937147,111.39259114861488,,,EXECUTE,published_after_gate_recheck,55.36840483546257,55.37796299904585,0.009558163583278656,4.84249833971262,105.01819895580411,113.35509410127997,55.04358606413007,60.21090317517519,60.22046133875847
284,xair,1,100.0,50.0,after_release,1,0,0,0,1,499,498,after_check,0,after_middleware,0.9910999797284603,2.374185249209404,59.976463206112385,57.60227795690298,58.985363226383924,109.82294613495469,111.03838682174683,,,EXECUTE,published_after_gate_recheck,54.936455097049475,54.94444025680423,0.007985159754753113,5.039907991886139,105.23222107440233,113.07790409773588,55.260864086449146,59.976363088935614,59.98434824869037
285,xair,1,100.0,50.0,after_release,1,0,0,0,1,501,500,after_check,0,after_middleware,1.1654067784547806,2.5469698011875153,60.651649720966816,58.1046799197793,59.486242942512035,111.00613605231047,112.0833270251751,,,EXECUTE,published_after_gate_recheck,55.430612061172724,55.4441069252789,0.013494864106178284,5.2208979614079,105.56025570258498,114.73354091867805,55.6049388833344,60.651510022580624,60.6650048866868
286,xair,1,100.0,50.0,after_release,1,0,0,0,1,503,502,after_check,0,after_middleware,0.9969309903681278,2.3894840851426125,59.76021708920598,57.37073300406337,58.76328609883785,109.8262220621109,110.81701098009944,,,EXECUTE,published_after_gate_recheck,54.98884338885546,55.00110611319542,0.012262724339962006,4.771234001964331,104.9957973882556,113.09030698612332,55.024801287800074,59.76007739081979,59.77234011515975
287,xair,1,100.0,50.0,after_release,1,0,0,0,1,505,504,after_check,0,after_middleware,1.2154201976954937,2.6264279149472713,60.32246211543679,57.69603420048952,59.1070419177413,109.60207134485245,110.66559702157974,,,EXECUTE,published_after_gate_recheck,55.59941893443465,55.60868699103594,0.009268056601285934,4.722933284938335,104.93203718215227,112.88669519126415,54.96529908850789,60.32235221937299,60.331620275974274
288,xair,1,100.0,50.0,after_release,1,0,0,0,1,507,506,after_check,0,after_middleware,0.8134967647492886,4.297906067222357,61.68744387105107,57.389537803828716,60.873947106301785,109.16137369349599,110.47982797026634,,,EXECUTE,published_after_gate_recheck,57.13787581771612,57.148566003888845,0.01069018617272377,4.549447912722826,104.73489668220282,112.68652882426977,54.76650595664978,61.68732373043895,61.69801391661167
289,xair,1,100.0,50.0,after_release,1,0,0,0,1,509,508,after_check,0,after_middleware,1.2220125645399094,2.546598669141531,60.957202687859535,58.410604018718004,59.735190123319626,110.79773399978876,112.10849368944764,,,EXECUTE,published_after_gate_recheck,56.07625329867005,56.08712416142225,0.010870862752199173,4.880828782916069,105.10687483474612,114.40882086753845,55.14273094013333,60.95708208158612,60.96795294433832
290,xair,1,100.0,50.0,after_release,1,0,0,0,1,511,510,after_check,0,after_middleware,0.8449358865618706,2.1730177104473114,61.687142588198185,59.514124877750874,60.842206701636314,114.11806475371122,115.34425569698215,,,EXECUTE,published_after_gate_recheck,55.20020890980959,55.208364967256784,0.008156057447195053,6.486802827566862,106.6505815833807,117.43931798264384,56.70677591115236,61.68701173737645,61.69516779482365
291,xair,1,100.0,50.0,after_release,1,0,0,0,1,513,512,after_check,0,after_middleware,1.0312949307262897,1.9810269586741924,59.3316531740129,57.35062621533871,58.30035824328661,110.07222393527627,111.0222670249641,,,EXECUTE,published_after_gate_recheck,54.60562417283654,54.613418877124786,0.0077947042882442474,4.725899081677198,104.88210385665298,113.2228160277009,54.90800179541111,59.33152325451374,59.339317958801985
292,xair,0,,50.0,control,1,0,0,0,0,,514,control,0,,1.1197207495570183,2.4175671860575676,60.45511085540056,58.037543669342995,59.335390105843544,,,,,EXECUTE,published_after_gate_recheck,55.119968950748444,55.1324519328773,0.012482982128858566,5.335032008588314,,,55.4397189989686,60.45500095933676,60.467483941465616
293,xair,0,,50.0,control,1,0,0,0,0,,515,control,0,,1.042296178638935,2.465447410941124,59.87888015806675,57.413432747125626,58.836583979427814,,,,,EXECUTE,published_after_gate_recheck,55.30568724498153,55.318632163107395,0.012944918125867844,4.573071841150522,,,54.67958189547062,59.87875908613205,59.89170400425792
294,xair,1,100.0,50.0,after_release,1,0,0,0,1,517,516,after_check,0,after_middleware,1.165325753390789,2.960205078125,60.5437271296978,57.5835220515728,59.37840137630701,110.39220402017236,111.54082929715514,,,EXECUTE,published_after_gate_recheck,55.95036689192057,55.96473393961787,0.01436704769730568,4.5932200737297535,104.8410669900477,113.11559518799186,54.88888639956713,60.54358696565032,60.557954013347626
295,xair,0,,50.0,control,1,0,0,0,0,,518,control,0,,1.2098499573767185,2.5536720640957355,60.690782964229584,58.13711090013385,59.480933006852865,,,,,EXECUTE,published_after_gate_recheck,55.402819998562336,55.414502043277025,0.011682044714689255,5.287813022732735,,,55.39220990613103,60.69063302129507,60.70231506600976
296,xair,1,100.0,50.0,after_release,1,0,0,0,1,520,519,after_check,0,after_middleware,1.0955962352454662,2.2704708389937878,60.07386511191726,57.80339427292347,58.97826887667179,109.68038812279701,110.85276817902923,,,EXECUTE,published_after_gate_recheck,55.37035875022411,55.38521707057953,0.014858320355415344,4.7033862210810184,104.87769497558475,112.66303528100252,54.912969935685396,60.07374497130513,60.08860329166055
297,xair,0,,50.0,control,1,0,0,0,0,,521,control,0,,0.9332620538771152,2.3710299283266068,60.30101189389825,57.92998196557164,59.36774984002113,,,,,EXECUTE,published_after_gate_recheck,55.13062886893749,55.148692801594734,0.01806393265724182,5.170201882719994,,,55.28864497318864,60.300830751657486,60.31889468431473
298,xair,0,,50.0,control,1,0,0,0,0,,522,control,0,,0.9779650717973709,2.38216994330287,61.09999120235443,58.71782125905156,60.12202613055706,,,,,EXECUTE,published_after_gate_recheck,55.69430720061064,55.71499606594443,0.020688865333795547,5.4052830673754215,,,55.54638896137476,61.09959026798606,61.120279133319855
299,xair,1,100.0,50.0,after_release,1,0,0,0,1,524,523,after_check,0,after_middleware,1.3328008353710175,2.6909401640295982,61.455778777599335,58.76483861356974,60.12297794222832,111.05378484353423,112.31882870197296,,,EXECUTE,published_after_gate_recheck,56.21284991502762,56.23089289292693,0.018042977899312973,5.242808721959591,105.42269796133041,114.3657909706235,55.48967281356454,61.45565863698721,61.47370161488652
300,xair,0,,50.0,control,1,0,0,0,0,,525,control,0,,1.013382337987423,2.111222129315138,60.0220481865108,57.91082605719566,59.00866584852338,,,,,EXECUTE,published_after_gate_recheck,54.99719874933362,55.005323607474566,0.008124858140945435,5.024709273129702,,,55.118827149271965,60.02190802246332,60.03003288060427
301,xair,1,100.0,50.0,after_release,1,0,0,0,1,527,526,after_check,0,after_middleware,0.8903713896870613,2.236237283796072,59.97232533991337,57.736088056117296,59.08195395022631,111.29672126844525,112.37841099500656,,,EXECUTE,published_after_gate_recheck,55.04718283191323,55.05598895251751,0.008806120604276657,4.924922250211239,105.42080411687493,114.98410115018487,55.424570105969906,59.97210508212447,59.98091120272875
302,xair,0,,50.0,control,1,0,0,0,0,,528,control,0,,1.3065021485090256,2.650624141097069,60.6439053080976,57.99328116700053,59.337403159588575,,,,,EXECUTE,published_after_gate_recheck,55.81524409353733,55.825493298470974,0.010249204933643341,4.828541073948145,,,54.92658633738756,60.643785167485476,60.65403437241912
303,xair,0,,50.0,control,1,0,0,0,0,,529,control,0,,1.1501782573759556,2.3934710770845413,59.67934522777796,57.28587415069342,58.529166970402,,,,,EXECUTE,published_after_gate_recheck,55.14658894389868,55.15615735203028,0.009568408131599426,4.53260587528348,,,54.62919780984521,59.67919481918216,59.68876322731376
304,xair,1,100.0,50.0,after_release,1,0,0,0,1,531,530,after_check,0,after_middleware,1.0496103204786777,2.312690019607544,59.95581392198801,57.64312390238047,58.90620360150933,109.88440085202456,111.0876789316535,,,EXECUTE,published_after_gate_recheck,55.34711480140686,55.36028975620866,0.013174954801797867,4.608578979969025,104.88946689292789,113.49510680884123,54.92675583809614,59.955693781375885,59.96886873617768
305,xair,1,100.0,50.0,after_release,1,0,0,0,1,533,532,after_check,0,after_middleware,1.3684788718819618,2.6708017103374004,60.962422750890255,58.291621040552855,59.59394387900829,110.82739988341928,111.88821075484157,,,EXECUTE,published_after_gate_recheck,56.38089496642351,56.39575328677893,0.014858320355415344,4.5811268500983715,104.94265705347061,114.105180837214,54.994632955640554,60.96202181652188,60.9768801368773
306,xair,1,100.0,50.0,after_release,1,0,0,0,1,535,534,after_check,0,after_middleware,1.1877790093421936,2.597333863377571,60.05261465907097,57.4552807956934,58.864835649728775,109.66428695246577,110.74194964021444,,,EXECUTE,published_after_gate_recheck,55.46232080087066,55.48393167555332,0.02161087468266487,4.590183962136507,104.84777856618166,112.94845072552562,54.90082781761885,60.052504763007164,60.07411563768983
307,xair,1,100.0,50.0,after_release,1,0,0,0,1,537,536,after_check,0,after_middleware,0.9190551936626434,1.932246144860983,59.43563813343644,57.50339198857546,58.5165829397738,110.10698787868023,111.02428985759616,,,EXECUTE,published_after_gate_recheck,54.70066191628575,54.70936885103583,0.008706934750080109,4.734835121780634,104.90356292575598,113.1603280082345,54.9223180860281,59.43549703806639,59.44420397281647
308,xair,1,100.0,50.0,after_release,1,0,0,0,1,539,538,after_check,0,after_middleware,1.0069296695291996,2.116953022778034,59.93255972862244,57.8156067058444,58.92563005909324,110.32100999727845,111.48174805566669,,,EXECUTE,published_after_gate_recheck,54.92908088490367,54.938327986747026,0.009247101843357086,5.003348924219608,105.16789881512523,113.41325286775827,55.18869776278734,59.93242980912328,59.941676910966635
309,xair,0,,50.0,control,1,0,0,0,0,,540,control,0,,1.2760451063513756,2.545286901295185,61.12005887553096,58.57477197423577,59.84401376917958,,,,,EXECUTE,published_after_gate_recheck,55.6478900834918,55.66318891942501,0.015298835933208466,5.471827927976847,,,55.59799587354064,61.11971801146865,61.13501684740186
310,xair,1,100.0,50.0,after_release,1,0,0,0,1,542,541,after_check,0,after_middleware,1.206503715366125,2.4966360069811344,60.33533671870828,57.83870071172714,59.12883300334215,110.13124510645866,111.0421740449965,,,EXECUTE,published_after_gate_recheck,55.59492111206055,55.60575099661946,0.010829884558916092,4.740295931696892,104.91043701767921,113.63323591649532,54.936845786869526,60.33521704375744,60.346046928316355
311,xair,1,100.0,50.0,after_release,1,0,0,0,1,544,543,after_check,0,after_middleware,1.1100433766841888,2.5352779775857925,59.95166627690196,57.41638829931617,58.84162290021777,110.53330916911364,111.44468933343887,,,EXECUTE,published_after_gate_recheck,55.365719832479954,55.37468660622835,0.008966773748397827,4.585826303809881,104.89019891247153,113.72487805783749,54.906669072806835,59.951546136289835,59.96051291003823
312,xair,1,100.0,50.0,after_release,1,0,0,0,1,546,545,after_check,0,after_middleware,0.965531449764967,2.153330948203802,59.45761874318123,57.30428779497743,58.49208729341626,110.51281960681081,111.92632280290127,,,EXECUTE,published_after_gate_recheck,54.62586181238294,54.63360622525215,0.007744412869215012,4.8316167667508125,104.98823272064328,114.37765276059508,55.010913871228695,59.45747857913375,59.465222992002964
313,xair,1,100.0,50.0,after_release,1,0,0,0,1,548,547,after_check,0,after_middleware,1.161930151283741,2.2906390950083733,59.502904303371906,57.21226520836353,58.340974152088165,109.96952094137669,111.08581628650427,,,EXECUTE,published_after_gate_recheck,54.78139407932758,54.78980019688606,0.008406117558479309,4.721350036561489,104.86989095807076,113.27819991856813,54.89734094589949,59.50274411588907,59.51115023344755
314,xair,1,100.0,50.0,after_release,1,0,0,0,1,550,549,after_check,0,after_middleware,1.0102558881044388,2.3817699402570724,59.24870679154992,56.86693685129285,58.23845090344548,108.58902987092733,109.6739862114191,,,EXECUTE,published_after_gate_recheck,54.91168890148401,54.917368572205305,0.005679670721292496,4.33689821511507,104.48072012513876,111.67939892038703,54.50189905241132,59.24858711659908,59.254266787320375
315,xair,1,100.0,50.0,after_release,1,0,0,0,1,552,551,after_check,0,after_middleware,0.8252980187535286,2.1637901663780212,59.282420203089714,57.11863003671169,58.457122184336185,109.65748503804207,110.82824226468801,,,EXECUTE,published_after_gate_recheck,54.73091872408986,54.736819583922625,0.005900859832763672,4.551381338387728,104.69705611467361,112.81597195193172,54.71615120768547,59.28230006247759,59.28820092231035
316,xair,1,100.0,50.0,after_release,1,0,0,0,1,554,553,after_check,0,after_middleware,0.9251460433006287,1.9302619621157646,59.338415041565895,57.40815307945013,58.413268998265266,110.17855303362012,111.23971408233047,,,EXECUTE,published_after_gate_recheck,54.464608896523714,54.47331489995122,0.008706003427505493,4.873656202107668,105.03815626725554,113.41265216469765,55.044918321073055,59.33826509863138,59.34697110205889
317,xair,1,100.0,50.0,after_release,1,0,0,0,1,556,555,after_check,0,after_middleware,1.583131030201912,3.3955322578549385,61.30225118249655,57.90671892464161,59.719120152294636,109.81106292456388,111.26279784366488,,,EXECUTE,published_after_gate_recheck,56.69311108067632,56.70144595205784,0.008334871381521225,4.609010182321072,104.74842321127653,113.46554104238749,54.76929107680917,61.30212126299739,61.31045613437891
318,xair,1,100.0,50.0,after_release,1,0,0,0,1,558,557,after_check,0,after_middleware,0.9766127914190292,1.9364850595593452,59.612479992210865,57.67599493265152,58.635867200791836,109.97018218040466,111.15786014124751,,,EXECUTE,published_after_gate_recheck,54.682306945323944,54.69034193083644,0.008034985512495041,4.9300421960651875,105.08612589910626,113.05180517956614,55.108156986534595,59.61234914138913,59.62038412690163
319,xair,1,100.0,50.0,after_release,1,0,0,0,1,560,559,after_check,0,after_middleware,1.0795663110911846,2.3694769479334354,60.0501811131835,57.68070416525006,58.970614802092314,109.49375806376338,110.61487207189202,,,EXECUTE,published_after_gate_recheck,55.410745088011026,55.4179479368031,0.007202848792076111,4.639326129108667,104.78877788409591,112.43213200941682,54.81800204142928,60.050071217119694,60.05727406591177
