run,mode,inject,inject_offset_ms,publish_delay_ms,injection_window,gateway_released,gate_blocked,stale_publish,potential_stale_publish,post_release_invalidation,injection_version,check_version,version_order,stale_exact,position_vs_middleware,residual_lo_ms,residual_hi_ms,t_middleware_ms,store_io_lo_ms,store_io_hi_ms,injection_store_lo_ms,injection_store_hi_ms,commit_status,commit_age_ms,outcome,reason,validation_to_gate_ms,validation_to_publish_ms,recheck_to_publish_ms,t_validate_end_ms,t_injection_start_ms,t_injection_end_ms,t_recheck_start_ms,t_recheck_end_ms,t_publish_end_ms
0,xair_atomic,0,,50.0,control,1,0,0,0,0,,561,control,0,,1.0206447914242744,4.876540973782539,63.278809655457735,58.402268681675196,62.25816486403346,,,committed,64.532958984375,EXECUTE,authorization_committed,58.30917414277792,58.32720687612891,0.018032733350992203,4.965588916093111,,,55.04616070538759,63.27476305887103,63.29279579222202
1,xair_atomic,1,0.0,50.0,before_recheck,0,1,0,0,0,563,563,before_check,0,,,,,57.94684402644634,59.12758968770504,9.162103291600943,10.642241220921278,changed,61.47509765625,REVOKE,read_set_version_changed_at_commit,55.27933873236179,,,4.730236250907183,4.936383105814457,12.542497366666794,55.230917409062386,60.009574983268976,
2,xair_atomic,0,,50.0,control,1,0,0,0,0,,564,control,0,,0.8199382573366165,2.3213261738419533,60.80188229680061,58.48055612295866,59.981944039464,,,committed,63.031005859375,EXECUTE,authorization_committed,55.223523173481226,55.2395130507648,0.01598987728357315,5.57522289454937,,,55.66489230841398,60.798746068030596,60.81473594531417
3,xair_atomic,1,0.0,50.0,before_recheck,0,1,0,0,0,566,566,before_check,0,,,,,58.06215014308691,59.359805192798376,9.344125166535378,10.673560202121735,changed,61.635009765625,REVOKE,read_set_version_changed_at_commit,55.70201110094786,,,4.744884092360735,4.937945865094662,12.594203930348158,55.22676929831505,60.44689519330859,
4,xair_atomic,0,,50.0,control,1,0,0,0,0,,567,control,0,,1.11721595749259,2.5249780155718327,59.61787002161145,57.09289200603962,58.50065406411886,,,committed,61.1201171875,EXECUTE,authorization_committed,54.87090116366744,54.881752002984285,0.01085083931684494,4.7447350807487965,,,54.83162822201848,59.61563624441624,59.62648708373308
5,xair_atomic,1,0.0,50.0,before_recheck,0,1,0,0,0,569,569,before_check,0,,,,,58.24906099587679,59.76475588977337,13.7666049413383,15.331721864640713,changed,60.89306640625,REVOKE,read_set_version_changed_at_commit,56.14102492108941,,,4.7235749661922455,4.9785529263317585,17.375918105244637,55.312289856374264,60.864599887281656,
6,xair_atomic,0,,50.0,control,1,0,0,0,0,,570,control,0,,0.9646909311413765,2.4878988042473793,59.65277599170804,57.16487718746066,58.688085060566664,,,committed,60.4541015625,EXECUTE,authorization_committed,55.025691632181406,55.04319490864873,0.017503276467323303,4.624188411980867,,,54.704159032553434,59.64988004416227,59.6673833206296
7,xair_atomic,1,0.0,50.0,before_recheck,0,1,0,0,0,572,572,before_check,0,,,,,57.843920309096575,59.2826004140079,9.648727253079414,10.793715249747038,changed,61.0830078125,REVOKE,read_set_version_changed_at_commit,55.70719111710787,,,4.480448085814714,4.697575233876705,12.847068253904581,55.033376440405846,60.18763920292258,
8,xair_atomic,1,0.0,50.0,before_recheck,0,1,0,0,0,574,574,before_check,0,,,,,57.96787282451987,59.1317368671298,10.892861988395452,11.88741810619831,changed,61.8779296875,REVOKE,read_set_version_changed_at_commit,54.82347309589386,,,5.300616845488548,5.386128090322018,13.926303945481777,55.540477856993675,60.12408994138241,
9,xair_atomic,1,0.0,50.0,before_recheck,0,1,0,0,0,576,576,before_check,0,,,,,57.05123394727707,58.30730078741908,9.215184021741152,10.528088081628084,changed,59.968994140625,REVOKE,read_set_version_changed_at_commit,54.909242782741785,,,4.396471194922924,4.517267923802137,12.682850938290358,54.67861099168658,59.30571397766471,
10,xair_atomic,0,,50.0,control,1,0,0,0,0,,577,control,0,,0.8568977937102318,2.475365065038204,60.35707704722881,57.88171198219061,59.50017925351858,,,committed,61.885009765625,EXECUTE,authorization_committed,55.64998369663954,55.66668463870883,0.01670094206929207,4.702585283666849,,,54.799558129161596,60.35256898030639,60.36926992237568
11,xair_atomic,0,,50.0,control,1,0,0,0,0,,578,control,0,,1.069887075573206,2.5777569971978664,59.39111392945051,56.813356932252645,58.321226853877306,,,committed,61.092041015625,EXECUTE,authorization_committed,55.123826023191214,55.13845290988684,0.014626886695623398,4.263280890882015,,,54.33568684384227,59.38710691407323,59.40173380076885
12,xair_atomic,1,0.0,50.0,before_recheck,0,1,0,0,0,580,580,before_check,0,,,,,58.08034399524331,60.269041918218136,10.029250755906105,11.485924944281578,changed,61.839111328125,REVOKE,read_set_version_changed_at_commit,57.041936088353395,,,4.482060670852661,4.700660705566406,13.563031796365976,55.059685837477446,61.52399675920606,
13,xair_atomic,1,0.0,50.0,before_recheck,0,1,0,0,0,582,582,before_check,0,,,,,58.136620093137026,59.41418698057532,10.477201081812382,11.63657708093524,changed,62.2060546875,REVOKE,read_set_version_changed_at_commit,55.635074619203806,,,4.759111441671848,4.93024243041873,13.564685359597206,55.15276035293937,60.394186060875654,
14,xair_atomic,1,0.0,50.0,before_recheck,0,1,0,0,0,584,584,before_check,0,,,,,58.45254333689809,60.08258229121566,10.270634200423956,11.501213070005178,changed,62.212890625,REVOKE,read_set_version_changed_at_commit,55.99641380831599,,,4.963895305991173,5.079010967165232,13.48660932853818,55.2867422811687,60.960309114307165,
15,xair_atomic,1,0.0,50.0,before_recheck,0,1,0,0,0,586,586,before_check,0,,,,,59.11576794460416,60.7963721267879,10.483845137059689,11.475005187094212,changed,63.041015625,REVOKE,read_set_version_changed_at_commit,56.086513213813305,,,5.733049008995295,5.913367960602045,13.449570164084435,56.14044517278671,61.8195622228086,
16,xair_atomic,1,0.0,50.0,before_recheck,0,1,0,0,0,588,588,before_check,0,,,,,57.76096507906914,58.99525107815862,10.51060389727354,11.630856897681952,changed,61.9140625,REVOKE,read_set_version_changed_at_commit,55.30860275030136,,,4.512066952884197,4.85578179359436,13.867763802409172,55.30590796843171,59.82066970318556,
17,xair_atomic,1,0.0,50.0,before_recheck,0,1,0,0,0,590,590,before_check,0,,,,,58.6299360729754,60.07276428863406,10.068044066429138,11.252356227487326,changed,62.907958984375,REVOKE,read_set_version_changed_at_commit,55.86500698700547,,,5.459345411509275,5.647148005664349,13.356796000152826,55.91947911307216,61.32435239851475,
18,xair_atomic,0,,50.0,control,1,0,0,0,0,,591,control,0,,0.9138551540672779,2.2303550504148006,59.987062122672796,57.756707072257996,59.07320696860552,,,committed,61.501953125,EXECUTE,authorization_committed,54.7652430832386,54.78072213009,0.01547904685139656,5.21794194355607,,,55.29090901836753,59.98318502679467,59.99866407364607
19,xair_atomic,1,0.0,50.0,before_recheck,0,1,0,0,0,593,593,before_check,0,,,,,57.66589706763625,59.0149681083858,9.646011982113123,10.732830967754126,changed,61.382080078125,REVOKE,read_set_version_changed_at_commit,55.33842882141471,,,4.648864269256592,4.8816208727657795,12.656742241233587,55.22551713511348,59.9872930906713,
20,xair_atomic,0,,50.0,control,1,0,0,0,0,,594,control,0,,0.9182831272482872,2.571075689047575,59.95327886193991,57.38220317289233,59.03499573469162,,,committed,60.93408203125,EXECUTE,authorization_committed,55.132241919636726,55.146277882158756,0.014035962522029877,4.817810840904713,,,54.88895485177636,59.95005276054144,59.96408872306347
21,xair_atomic,0,,50.0,control,1,0,0,0,0,,595,control,0,,0.9237229824066162,2.541709691286087,60.172810684889555,57.63110099360347,59.24908770248294,,,committed,61.35205078125,EXECUTE,authorization_committed,55.39224995300174,55.40480371564627,0.012553762644529343,4.7775148414075375,,,54.85517159104347,60.169764794409275,60.182318557053804
22,xair_atomic,1,0.0,50.0,before_recheck,0,1,0,0,0,597,597,before_check,0,,,,,57.46253626421094,58.66823811084032,9.84804192557931,11.291129048913717,changed,60.992919921875,REVOKE,read_set_version_changed_at_commit,54.97808335348964,,,4.8136538825929165,4.960860125720501,13.456603046506643,55.13664102181792,59.791737236082554,
23,xair_atomic,1,0.0,50.0,before_recheck,0,1,0,0,0,599,599,before_check,0,,,,,57.21588199958205,58.53829300031066,9.458028711378574,10.560858063399792,changed,60.47509765625,REVOKE,read_set_version_changed_at_commit,54.931676015257835,,,4.5893220230937,4.726148676127195,12.39674398675561,54.88156108185649,59.520998038351536,
24,xair_atomic,1,0.0,50.0,before_recheck,0,1,0,0,0,601,601,before_check,0,,,,,57.257470209151506,58.64795995876193,8.996943943202496,9.9596306681633,changed,61.699951171875,REVOKE,read_set_version_changed_at_commit,55.21516781300306,,,4.574665334075689,4.7079953365027905,12.157445307821035,54.87441923469305,59.78983314707875,
25,xair_atomic,1,0.0,50.0,before_recheck,0,1,0,0,0,603,603,before_check,0,,,,,57.64478677883744,59.03006670996547,8.708071894943714,9.737733751535416,changed,61.037109375,REVOKE,read_set_version_changed_at_commit,55.39158871397376,,,4.6498458832502365,4.79376595467329,11.743288021534681,54.96219266206026,60.041434597224,
26,xair_atomic,1,0.0,50.0,before_recheck,0,1,0,0,0,605,605,before_check,0,,,,,59.640692081302404,61.0111141577363,11.246946174651384,12.362349312752485,changed,63.56396484375,REVOKE,read_set_version_changed_at_commit,56.19631800800562,,,5.905823316425085,6.143398117274046,14.50484013184905,56.40980927273631,62.102141324430704,
27,xair_atomic,1,0.0,50.0,before_recheck,0,1,0,0,0,607,607,before_check,0,,,,,59.18282410129905,60.606374870985746,10.371814016252756,11.62045681849122,changed,62.547119140625,REVOKE,read_set_version_changed_at_commit,56.42013857141137,,,5.322208162397146,5.459454841911793,13.753550127148628,55.677725933492184,61.74234673380852,
28,xair_atomic,1,0.0,50.0,before_recheck,0,1,0,0,0,609,609,before_check,0,,,,,58.78296261653304,60.11626496911049,10.49510482698679,11.50783570483327,changed,62.427978515625,REVOKE,read_set_version_changed_at_commit,55.86833320558071,,,5.396296735852957,5.5427816696465015,13.666396960616112,55.829920805990696,61.26462994143367,
29,xair_atomic,1,0.0,50.0,before_recheck,0,1,0,0,0,611,611,before_check,0,,,,,59.11765107885003,60.370322316884995,10.515423025935888,11.882088147103786,changed,63.4560546875,REVOKE,read_set_version_changed_at_commit,56.284644175320864,,,5.167216993868351,5.393771920353174,13.96239222958684,55.711789056658745,61.451861169189215,
30,xair_atomic,1,0.0,50.0,before_recheck,0,1,0,0,0,613,613,before_check,0,,,,,57.17218015342951,58.32191789522767,9.502793196588755,10.727210901677608,changed,60.47802734375,REVOKE,read_set_version_changed_at_commit,54.619088768959045,,,4.641260020434856,4.772515967488289,13.200803194195032,54.93068275973201,59.2603487893939,
31,xair_atomic,1,0.0,50.0,before_recheck,0,1,0,0,0,615,615,before_check,0,,,,,57.672698982059956,59.21370116993785,9.321032091975212,10.352778248488903,changed,61.35693359375,REVOKE,read_set_version_changed_at_commit,55.3983417339623,,,4.8057581298053265,4.93651395663619,12.516999151557684,55.09123485535383,60.204099863767624,
32,xair_atomic,1,0.0,50.0,before_recheck,0,1,0,0,0,617,617,before_check,0,,,,,57.92695749551058,59.53153781592846,9.156873915344477,10.166498832404613,changed,61.64111328125,REVOKE,read_set_version_changed_at_commit,55.91219570487738,,,4.797894041985273,4.915845114737749,12.313277926295996,55.09162601083517,60.71008974686265,
33,xair_atomic,1,0.0,50.0,before_recheck,0,1,0,0,0,619,619,before_check,0,,,,,57.77424992993474,58.96157817915082,9.578073862940073,10.97116805613041,changed,61.056884765625,REVOKE,read_set_version_changed_at_commit,55.04899565130472,,,4.922237247228622,5.018758121877909,13.18136602640152,55.21006789058447,59.971232898533344,
34,xair_atomic,1,0.0,50.0,before_recheck,0,1,0,0,0,621,621,before_check,0,,,,,57.89065919816494,59.20127918943763,9.104897268116474,10.291524231433868,changed,61.403076171875,REVOKE,read_set_version_changed_at_commit,55.876559112221,,,4.461393225938082,4.588491283357143,12.043461203575134,54.776004049926996,60.337952338159084,
35,xair_atomic,1,0.0,50.0,before_recheck,0,1,0,0,0,623,623,before_check,0,,,,,58.65660589188337,60.200253035873175,10.075327940285206,11.095481924712658,changed,62.35400390625,REVOKE,read_set_version_changed_at_commit,56.48266617208719,,,4.98483469709754,5.259240046143532,13.101556804031134,55.58609403669834,61.46750086918473,
36,xair_atomic,1,0.0,50.0,before_recheck,0,1,0,0,0,625,625,before_check,0,,,,,58.001337107270956,59.39794797450304,9.446538053452969,10.563002899289131,changed,62.19091796875,REVOKE,read_set_version_changed_at_commit,55.52049074321985,,,4.967452026903629,5.080083850771189,12.645772192627192,55.259530898183584,60.48794277012348,
37,xair_atomic,0,,50.0,control,1,0,0,0,0,,626,control,0,,1.059046946465969,2.462490927428007,60.03275793045759,57.570267003029585,58.97371098399162,,,committed,60.756103515625,EXECUTE,authorization_committed,55.39154773578048,55.40965171530843,0.018103979527950287,4.6365209855139256,,,54.724495857954025,60.0280687212944,60.04617270082235
38,xair_atomic,1,0.0,50.0,before_recheck,0,1,0,0,0,628,628,before_check,0,,,,,57.92575515806675,59.280908200889826,9.850846137851477,11.099149007350206,changed,61.56591796875,REVOKE,read_set_version_changed_at_commit,55.548492819070816,,,4.869868978857994,4.967060871422291,12.95145507901907,55.18662417307496,60.41836179792881,
39,xair_atomic,1,0.0,50.0,before_recheck,0,1,0,0,0,630,630,before_check,0,,,,,57.824775110930204,59.51827298849821,9.759675245732069,11.149292811751366,changed,61.0,REVOKE,read_set_version_changed_at_commit,55.262436624616385,,,5.083690397441387,5.181624088436365,13.060009106993675,55.44673232361674,60.34612702205777,
40,xair_atomic,1,30.0,50.0,before_recheck,0,1,0,0,0,632,632,before_check,0,,,,,57.664324063807726,58.8005562312901,41.20739130303264,42.2084191814065,changed,61.221923828125,REVOKE,read_set_version_changed_at_commit,54.9500803463161,,,4.829233046621084,35.237858071923256,44.77093834429979,55.25667639449239,59.77931339293718,
41,xair_atomic,0,,50.0,control,1,0,0,0,0,,633,control,0,,0.7689432241022587,2.339310012757778,59.53995417803526,57.20064416527748,58.771010953933,,,committed,60.35107421875,EXECUTE,authorization_committed,54.793125949800014,54.806752130389214,0.013626180589199066,4.7437818720936775,,,54.8193147405982,59.53690782189369,59.55053400248289
42,xair_atomic,1,30.0,50.0,before_recheck,0,1,0,0,0,635,635,before_check,0,,,,,57.320788968354464,58.622040785849094,39.46936875581741,40.76847713440657,changed,60.0849609375,REVOKE,read_set_version_changed_at_commit,54.81060827150941,,,4.736358765512705,34.9000939168036,43.13352471217513,54.909934755414724,59.546967037022114,
43,xair_atomic,1,30.0,50.0,before_recheck,0,1,0,0,0,637,637,before_check,0,,,,,57.05911759287119,58.41324897482991,39.60069501772523,40.79593764618039,changed,60.35400390625,REVOKE,read_set_version_changed_at_commit,55.34948967397213,,,4.2628999799489975,34.5704248175025,43.0680918507278,54.58533577620983,59.61238965392113,
44,xair_atomic,1,30.0,50.0,before_recheck,0,1,0,0,0,639,639,before_check,0,,,,,56.66127195581794,57.890999130904675,38.86265121400356,40.12870602309704,changed,60.152099609375,REVOKE,read_set_version_changed_at_commit,54.499355144798756,,,4.403633996844292,34.54966703429818,42.28109633550048,54.55851601436734,58.90298914164305,
45,xair_atomic,1,30.0,50.0,before_recheck,0,1,0,0,0,641,641,before_check,0,,,,,57.51031497493386,58.98616509512067,39.704279974102974,40.80027714371681,changed,60.4580078125,REVOKE,read_set_version_changed_at_commit,55.35976914688945,,,4.592448938637972,34.78090092539787,42.88524994626641,54.85905986279249,59.95221808552742,
46,xair_atomic,0,,50.0,control,1,0,0,0,0,,642,control,0,,0.9965002536773682,2.32662633061409,59.63410995900631,57.30748362839222,58.63760970532894,,,committed,60.93994140625,EXECUTE,authorization_committed,55.15289073809981,55.17057375982404,0.01768302172422409,4.476029891520739,,,54.556851740926504,59.62892062962055,59.646603651344776
47,xair_atomic,1,30.0,50.0,before_recheck,0,1,0,0,0,644,644,before_check,0,,,,,57.564024813473225,58.78579802811146,40.3017308562994,41.428484953939915,changed,60.97412109375,REVOKE,read_set_version_changed_at_commit,54.73822308704257,,,4.990364890545607,35.228028893470764,43.15265081822872,55.254881735891104,59.72858797758818,
48,xair_atomic,1,30.0,50.0,before_recheck,0,1,0,0,0,646,646,before_check,0,,,,,58.15590592101216,59.51599916443229,40.28922691941261,41.79296921938658,changed,61.443115234375,REVOKE,read_set_version_changed_at_commit,55.510071106255054,,,5.066458135843277,35.35974724218249,43.99379901587963,55.39602693170309,60.57652924209833,
49,xair_atomic,1,30.0,50.0,before_recheck,0,1,0,0,0,648,648,before_check,0,,,,,58.46164980903268,59.69921313226223,40.79243214800954,41.86611715704203,changed,62.76806640625,REVOKE,read_set_version_changed_at_commit,55.92414829879999,,,4.9096038565039635,35.208323039114475,43.93332591280341,55.25472201406956,60.833752155303955,
50,xair_atomic,1,30.0,50.0,before_recheck,0,1,0,0,0,650,650,before_check,0,,,,,57.86870699375868,58.934187050908804,39.76339986547828,41.233338881284,changed,61.6259765625,REVOKE,read_set_version_changed_at_commit,55.42838713154197,,,4.750414751470089,35.068729892373085,43.507225811481476,55.10817700996995,60.178801883012056,
51,xair_atomic,1,30.0,50.0,before_recheck,0,1,0,0,0,652,652,before_check,0,,,,,58.64693783223629,59.878208208829165,39.85978104174137,41.03413503617048,changed,62.875,REVOKE,read_set_version_changed_at_commit,56.0770551674068,,,4.944649059325457,35.257013980299234,43.479204177856445,55.305005982518196,61.021704226732254,
52,xair_atomic,1,30.0,50.0,before_recheck,0,1,0,0,0,654,654,before_check,0,,,,,57.564605958759785,58.93173208460212,40.03184428438544,41.30279924720526,changed,60.617919921875,REVOKE,read_set_version_changed_at_commit,54.995384998619556,,,4.963915329426527,35.13585636392236,43.557771015912294,55.14446506276727,59.95930032804608,
53,xair_atomic,1,30.0,50.0,before_recheck,0,1,0,0,0,656,656,before_check,0,,,,,58.27136291190982,59.55783696845174,41.36605793610215,42.66302194446325,changed,61.98291015625,REVOKE,read_set_version_changed_at_commit,55.24626700207591,,,5.30307088047266,35.75209295377135,44.78790890425444,55.76555011793971,60.54933788254857,
54,xair_atomic,0,,50.0,control,1,0,0,0,0,,657,control,0,,1.2863939628005028,2.8781811706721783,60.29131403192878,57.4131328612566,59.004920069128275,,,committed,60.572021484375,EXECUTE,authorization_committed,56.19759112596512,56.21855007484555,0.020958948880434036,4.088963847607374,,,54.1784418746829,60.28655497357249,60.30751392245293
55,xair_atomic,0,,50.0,control,1,0,0,0,0,,658,control,0,,1.1936100199818611,2.9161320999264717,60.46486925333738,57.54873715341091,59.27125923335552,,,committed,61.1689453125,EXECUTE,authorization_committed,55.508478078991175,55.521502159535885,0.01302408054471016,4.953416064381599,,,55.028927978128195,60.461894143372774,60.474918223917484
56,xair_atomic,1,30.0,50.0,before_recheck,0,1,0,0,0,660,660,before_check,0,,,,,57.0550998672843,58.2237527705729,39.8913798853755,40.969213005155325,changed,60.35888671875,REVOKE,read_set_version_changed_at_commit,54.78443903848529,,,4.301491659134626,34.48349190875888,43.034848757088184,54.47655078023672,59.085930697619915,
57,xair_atomic,1,30.0,50.0,before_recheck,0,1,0,0,0,662,662,before_check,0,,,,,58.28851601108909,62.868790701031685,40.38182180374861,41.78889188915491,changed,61.535888671875,REVOKE,read_set_version_changed_at_commit,58.77238279208541,,,5.213263910263777,35.49965983256698,43.91588410362601,55.5402678437531,63.985646702349186,
58,xair_atomic,0,,50.0,control,1,0,0,0,0,,663,control,0,,0.9488309733569622,2.3103062994778156,60.256028082221746,57.94572178274393,59.307197108864784,,,committed,61.971923828125,EXECUTE,authorization_committed,54.87397825345397,54.89625921472907,0.022280961275100708,5.376659799367189,,,55.4649168625474,60.25063805282116,60.27291901409626
59,xair_atomic,1,30.0,50.0,before_recheck,0,1,0,0,0,665,665,before_check,0,,,,,57.863326743245125,59.23099396750331,40.4514716938138,41.44774191081524,changed,61.5439453125,REVOKE,read_set_version_changed_at_commit,55.062652099877596,,,5.164681933820248,35.46552499756217,43.6845188960433,55.49998162314296,60.22733403369784,
60,xair_atomic,1,30.0,50.0,before_recheck,0,1,0,0,0,667,667,before_check,0,,,,,57.804808020591736,59.35019813477993,40.04890704527497,41.36491613462567,changed,62.095947265625,REVOKE,read_set_version_changed_at_commit,55.79890264198184,,,4.644086118787527,34.877271857112646,43.43216586858034,54.90050790831447,60.44298876076937,
61,xair_atomic,0,,50.0,control,1,0,0,0,0,,668,control,0,,1.062213908880949,2.566276118159294,60.61720475554466,58.05092863738537,59.55499084666371,,,committed,62.035888671875,EXECUTE,authorization_committed,55.387772154062986,55.40328100323677,0.015508849173784256,5.225755739957094,,,55.3045948036015,60.61352789402008,60.629036743193865
62,xair_atomic,1,30.0,50.0,before_recheck,0,1,0,0,0,670,670,before_check,0,,,,,57.285613380372524,58.42435033991933,39.53386936336756,40.83234630525112,changed,60.864013671875,REVOKE,read_set_version_changed_at_commit,54.74789021536708,,,4.800158087164164,34.99045316129923,42.96230338513851,55.01170502975583,59.54804830253124,
63,xair_atomic,1,30.0,50.0,before_recheck,0,1,0,0,0,672,672,before_check,0,,,,,57.66630778089166,59.022361878305674,40.02568265423179,41.21639672666788,changed,61.071044921875,REVOKE,read_set_version_changed_at_commit,55.684980005025864,,,4.447035025805235,34.70064979046583,43.64002589136362,54.73791202530265,60.1320150308311,
64,xair_atomic,0,,50.0,control,1,0,0,0,0,,673,control,0,,1.213747076690197,2.8211441822350025,60.064458288252354,57.24331410601735,58.85071121156216,,,committed,61.14208984375,EXECUTE,authorization_committed,55.58832781389356,55.60752423480153,0.019196420907974243,4.470630083233118,,,54.54788589850068,60.058957897126675,60.07815431803465
65,xair_atomic,1,30.0,50.0,before_recheck,0,1,0,0,0,675,675,before_check,0,,,,,58.58172569423914,60.08690968155861,39.97839381918311,43.618795927613974,changed,62.927001953125,REVOKE,read_set_version_changed_at_commit,56.03001685813069,,,4.968633875250816,35.1853696629405,47.48478066176176,55.5628496222198,60.99865073338151,
66,xair_atomic,0,,50.0,control,1,0,0,0,0,,676,control,0,,1.1455700732767582,2.7042152360081673,60.98734028637409,58.283125050365925,59.841770213097334,,,committed,62.410888671875,EXECUTE,authorization_committed,56.154269725084305,56.173435878008604,0.01916615292429924,4.827950149774551,,,54.92667621001601,60.982219874858856,61.001386027783155
67,xair_atomic,1,30.0,50.0,before_recheck,0,1,0,0,0,678,678,before_check,0,,,,,59.11356396973133,60.64821407198906,42.11450321599841,43.516675010323524,changed,63.23291015625,REVOKE,read_set_version_changed_at_commit,55.914740078151226,,,5.8051953092217445,36.07183322310448,45.821189414709806,56.07485119253397,61.71993538737297,
68,xair_atomic,1,30.0,50.0,before_recheck,0,1,0,0,0,680,680,before_check,0,,,,,57.64188105240464,58.85315407067537,39.51887134462595,40.60830641537905,changed,62.048095703125,REVOKE,read_set_version_changed_at_commit,55.19411899149418,,,4.62682219222188,34.882350359112024,43.05440606549382,54.91102719679475,59.82094118371606,
69,xair_atomic,1,30.0,50.0,before_recheck,0,1,0,0,0,682,682,before_check,0,,,,,56.86766840517521,58.28625103458762,39.433271158486605,40.672647301107645,changed,60.626953125,REVOKE,read_set_version_changed_at_commit,54.86617283895612,,,4.356976132839918,34.613796044141054,42.71941818296909,54.62656309828162,59.223148971796036,
70,xair_atomic,0,,50.0,control,1,0,0,0,0,,683,control,0,,0.8927658200263977,2.510411199182272,59.680597856640816,57.170186657458544,58.78783203661442,,,committed,61.299072265625,EXECUTE,authorization_committed,54.97614899650216,54.98818168416619,0.012032687664031982,4.701022058725357,,,54.772247094661,59.67717105522752,59.68920374289155
71,xair_atomic,1,30.0,50.0,before_recheck,0,1,0,0,0,685,685,before_check,0,,,,,57.542525231838226,58.51744534447789,39.80675200000405,40.96886329352856,changed,60.7958984375,REVOKE,read_set_version_changed_at_commit,54.61118509992957,,,4.660566337406635,34.912878181785345,43.1827581487596,54.931245278567076,59.271751437336206,
72,xair_atomic,0,,50.0,control,1,0,0,0,0,,686,control,0,,1.6343970783054829,3.13512422144413,59.971253387629986,56.836129166185856,58.3368563093245,,,committed,60.548095703125,EXECUTE,authorization_committed,55.631137918680906,55.66837824881077,0.03724033012986183,4.33281110599637,,,54.40643010661006,59.96394902467728,60.00118935480714
73,xair_atomic,1,30.0,50.0,before_recheck,0,1,0,0,0,688,688,before_check,0,,,,,57.76937073096633,59.076895006000996,39.76229904219508,40.857262909412384,changed,62.1640625,REVOKE,read_set_version_changed_at_commit,54.84617501497269,,,5.159792955964804,35.36063805222511,42.769873049110174,55.378333665430546,60.00596797093749,
74,xair_atomic,1,30.0,50.0,before_recheck,0,1,0,0,0,690,690,before_check,0,,,,,56.984348222613335,58.206281159073114,39.52038520947099,40.65665788948536,changed,60.85107421875,REVOKE,read_set_version_changed_at_commit,54.65209111571312,,,4.469166975468397,34.73074687644839,42.627385817468166,54.751697927713394,59.12125809118152,
75,xair_atomic,1,30.0,50.0,before_recheck,0,1,0,0,0,692,692,before_check,0,,,,,57.23270308226347,58.81226761266589,39.785121101886034,40.93936691060662,changed,60.867919921875,REVOKE,read_set_version_changed_at_commit,55.01141585409641,,,4.707904066890478,34.882009960711,43.2630879804492,54.905876982957125,59.71931992098689,
76,xair_atomic,1,30.0,50.0,before_recheck,0,1,0,0,0,694,694,before_check,0,,,,,58.14176006242633,59.347473084926605,43.738000094890594,44.926430098712444,changed,62.262939453125,REVOKE,read_set_version_changed_at_commit,55.571446660906076,,,4.88052936270833,35.16959026455879,47.59053001180291,55.19949924200773,60.45197602361441,
77,xair_atomic,1,30.0,50.0,before_recheck,0,1,0,0,0,696,696,before_check,0,,,,,57.44228698313236,58.9802828617394,39.78336788713932,40.919710882008076,changed,61.44091796875,REVOKE,read_set_version_changed_at_commit,55.7132619433105,,,4.393404815346003,34.556027967482805,42.401731945574284,54.59099588915706,60.1066667586565,
78,xair_atomic,1,30.0,50.0,before_recheck,0,1,0,0,0,698,698,before_check,0,,,,,57.48468590900302,58.66828700527549,39.74759113043547,40.828850120306015,changed,61.096923828125,REVOKE,read_set_version_changed_at_commit,54.844181053340435,,,4.6797022223472595,34.891007002443075,42.71321604028344,54.89687994122505,59.523883275687695,
79,xair_atomic,1,30.0,50.0,before_recheck,0,1,0,0,0,700,700,before_check,0,,,,,57.21306661143899,58.59524058178067,39.987701922655106,41.41514981165528,changed,60.616943359375,REVOKE,read_set_version_changed_at_commit,54.90668909624219,,,4.617795813828707,35.29709856957197,43.17030357196927,54.916266817599535,59.524484910070896,
80,xair_atomic,0,,50.0,control,1,0,0,0,0,,701,control,0,,0.8056117221713066,1.9879210740327835,59.062547981739044,57.07462690770626,58.25693625956774,,,committed,60.52587890625,EXECUTE,authorization_committed,54.552563931792974,54.56357495859265,0.011011026799678802,4.507098346948624,,,54.5794852077961,59.0596622787416,59.07067330554128
81,xair_atomic,1,40.0,50.0,before_recheck,0,1,0,0,0,703,703,before_check,0,,,,,56.905750185251236,57.91231896728277,49.47984404861927,50.66835507750511,changed,59.905029296875,REVOKE,read_set_version_changed_at_commit,54.10875100642443,,,4.6015651896595955,44.79015385732055,52.91825719177723,54.790450260043144,58.71031619608402,
82,xair_atomic,1,40.0,50.0,before_recheck,0,1,0,0,0,705,705,before_check,0,,,,,56.76032742485404,57.97007726505399,49.949676264077425,51.05832638218999,changed,60.998046875,REVOKE,read_set_version_changed_at_commit,54.214289877563715,,,4.608678165823221,44.76517718285322,53.05108614265919,54.7683690674603,58.822968043386936,
83,xair_atomic,1,40.0,50.0,before_recheck,0,1,0,0,0,707,707,before_check,0,,,,,56.77911313250661,58.01819823682308,49.375178292393684,50.58583011850715,changed,59.81689453125,REVOKE,read_set_version_changed_at_commit,54.26926305517554,,,4.53748507425189,44.71098491922021,52.95597808435559,54.71450788900256,58.80674812942743,
84,xair_atomic,1,40.0,50.0,before_recheck,0,1,0,0,0,709,709,before_check,0,,,,,56.959029752761126,57.99521505832672,49.425942823290825,50.58139190077782,changed,60.56494140625,REVOKE,read_set_version_changed_at_commit,54.535822942852974,,,4.489163868129253,44.664567802101374,52.56790993735194,54.67825988307595,59.02498681098223,
85,xair_atomic,0,,50.0,control,1,0,0,0,0,,710,control,0,,0.7438557222485542,1.955509651452303,58.90413001179695,56.94862036034465,58.1602742895484,,,committed,60.22900390625,EXECUTE,authorization_committed,54.4067001901567,54.41615777090192,0.009457580745220184,4.494855180382729,,,54.56538824364543,58.90155537053943,58.91101295128465
86,xair_atomic,1,40.0,50.0,concurrent,0,1,0,0,0,712,712,before_check,0,,,,,56.864332407712936,58.07693861424923,52.160164806991816,53.42252366244793,changed,60.2529296875,REVOKE,read_set_version_changed_at_commit,54.47745323181152,,,4.5348405838012695,44.73184468224645,55.35109294578433,54.73827291280031,59.01229381561279,
87,xair_atomic,1,40.0,50.0,before_recheck,0,1,0,0,0,714,714,before_check,0,,,,,56.99587985873222,58.15995391458273,49.38368499279022,50.47402065247297,changed,59.842041015625,REVOKE,read_set_version_changed_at_commit,54.630821105092764,,,4.375601653009653,44.53944368287921,52.960526663810015,54.54047163948417,59.00642275810242,
88,xair_atomic,0,,50.0,control,1,0,0,0,0,,715,control,0,,1.065368764102459,2.2854576818645,59.9879939109087,57.7025362290442,58.92262514680624,,,committed,60.48388671875,EXECUTE,authorization_committed,54.784078150987625,54.79676183313131,0.012683682143688202,5.200549960136414,,,55.2750900387764,59.98462811112404,59.99731179326773
89,xair_atomic,1,40.0,50.0,before_recheck,0,1,0,0,0,717,717,before_check,0,,,,,57.13583203032613,58.346073143184185,49.797050189226866,50.63880002126098,changed,60.447998046875,REVOKE,read_set_version_changed_at_commit,54.4975814409554,,,4.792884923517704,44.983447063714266,52.56546614691615,54.99257007613778,59.290466364473104,
90,xair_atomic,1,40.0,50.0,before_recheck,0,1,0,0,0,719,719,before_check,0,,,,,57.130221743136644,58.446241077035666,49.18210580945015,50.42435694485903,changed,60.9580078125,REVOKE,read_set_version_changed_at_commit,54.77579263970256,,,4.535362124443054,44.707318767905235,52.4647468701005,54.70112292096019,59.31115476414561,
91,xair_atomic,1,40.0,50.0,before_recheck,0,1,0,0,0,721,721,before_check,0,,,,,57.25752003490925,58.51874686777592,50.272261723876,51.305459812283516,changed,61.014892578125,REVOKE,read_set_version_changed_at_commit,54.49455603957176,,,4.7696297988295555,45.060861855745316,53.71979111805558,55.06142880767584,59.26418583840132,
92,xair_atomic,1,40.0,50.0,before_recheck,0,1,0,0,0,723,723,before_check,0,,,,,56.14407127723098,57.43281915783882,49.24060637131333,50.53545627743006,changed,59.758056640625,REVOKE,read_set_version_changed_at_commit,54.25316235050559,,,4.03496203944087,44.20192027464509,52.614978048950434,54.205282125622034,58.28812438994646,
93,xair_atomic,1,40.0,50.0,before_recheck,0,1,0,0,0,725,725,before_check,0,,,,,56.71408027410507,57.82608687877655,49.659401178359985,50.75742211192846,changed,59.947998046875,REVOKE,read_set_version_changed_at_commit,54.18762005865574,,,4.395417869091034,44.65795587748289,52.868083119392395,54.67288987711072,58.58303792774677,
94,xair_atomic,1,40.0,50.0,before_recheck,0,1,0,0,0,727,727,before_check,0,,,,,56.09758384525776,57.41943418979645,49.16897090151906,50.35526817664504,changed,59.19091796875,REVOKE,read_set_version_changed_at_commit,54.39369613304734,,,4.0448009967803955,44.20511610805988,52.23517585545778,54.20364998281002,58.43849712982774,
95,xair_atomic,1,40.0,50.0,before_recheck,0,1,0,0,0,729,729,before_check,0,,,,,57.050541043281555,58.401336427778006,49.06163876876235,50.10523786768317,changed,60.1689453125,REVOKE,read_set_version_changed_at_commit,54.72488794475794,,,4.654112737625837,44.855665881186724,51.93356890231371,54.850983899086714,59.379000682383776,
96,xair_atomic,1,40.0,50.0,before_recheck,0,1,0,0,0,731,731,before_check,0,,,,,57.43270926177502,58.67260601371527,49.34614431113005,50.99974712356925,changed,60.798095703125,REVOKE,read_set_version_changed_at_commit,55.28354598209262,,,4.347629379481077,44.618221931159496,53.259147331118584,54.64062001556158,59.631175361573696,
97,xair_atomic,1,40.0,50.0,before_recheck,0,1,0,0,0,733,733,before_check,0,,,,,57.61721543967724,58.8398901745677,49.6576982550323,50.80284783616662,changed,61.051025390625,REVOKE,read_set_version_changed_at_commit,54.394186940044165,,,5.132021382451057,45.38991907611489,52.56193922832608,55.40215829387307,59.52620832249522,
98,xair_atomic,1,40.0,50.0,before_recheck,0,1,0,0,0,735,735,before_check,0,,,,,57.5200030580163,59.02511812746525,50.009649246931076,50.77258124947548,changed,60.531005859375,REVOKE,read_set_version_changed_at_commit,55.039679165929556,,,5.013949237763882,45.183693058788776,52.831204142421484,55.21172098815441,60.05362840369344,
99,xair_atomic,0,,50.0,control,1,0,0,0,0,,736,control,0,,0.982062891125679,2.41080392152071,59.93153806775808,57.52073414623737,58.949475176632404,,,committed,61.486083984375,EXECUTE,authorization_committed,55.15692802146077,55.175752844661474,0.018824823200702667,4.7701820731163025,,,54.86722383648157,59.927110094577074,59.94593491777778
100,xair_atomic,1,40.0,50.0,before_recheck,0,1,0,0,0,738,738,before_check,0,,,,,56.98237428441644,58.152851182967424,49.78879541158676,50.935236271470785,changed,60.739013671875,REVOKE,read_set_version_changed_at_commit,54.342329967767,,,4.553896375000477,44.72757736220956,53.033714182674885,54.72877528518438,58.89622634276748,
101,xair_atomic,1,40.0,50.0,before_recheck,0,1,0,0,0,740,740,before_check,0,,,,,56.959661655128,58.309133630245924,49.57847995683551,50.60215061530471,changed,60.22802734375,REVOKE,read_set_version_changed_at_commit,55.261794943362474,,,4.0810490027070045,44.354856945574284,52.78265289962292,54.35816990211606,59.34284394606948,
102,xair_atomic,0,,50.0,control,1,0,0,0,0,,741,control,0,,0.9744488634169102,2.3848358541727066,63.46488883718848,61.080052983015776,62.49043997377157,,,committed,65.345947265625,EXECUTE,authorization_committed,58.57142619788647,58.59042098745704,0.018994789570569992,4.888172727078199,,,54.97236177325249,63.459598924964666,63.478593714535236
103,xair_atomic,1,40.0,50.0,before_recheck,0,1,0,0,0,743,743,before_check,0,,,,,56.97772512212396,58.22389433160424,49.270312301814556,50.61897309496999,changed,60.922119140625,REVOKE,read_set_version_changed_at_commit,54.351968225091696,,,4.638073965907097,44.78450398892164,52.78381519019604,54.78797620162368,58.99004219099879,
104,xair_atomic,0,,50.0,control,1,0,0,0,0,,744,control,0,,0.9303861297667027,1.9893529824912548,58.60562017187476,56.61626718938351,57.67523404210806,,,committed,59.447021484375,EXECUTE,authorization_committed,54.127687122672796,54.138487204909325,0.010800082236528397,4.475067835301161,,,54.546442814171314,58.60275495797396,58.613555040210485
105,xair_atomic,1,40.0,50.0,before_recheck,0,1,0,0,0,746,746,before_check,0,,,,,58.6726157926023,60.436977073550224,50.80720502883196,52.01998073607683,changed,62.48193359375,REVOKE,read_set_version_changed_at_commit,56.41115177422762,,,5.16938092187047,45.4458137974143,54.554817732423544,55.48633588477969,61.58053269609809,
106,xair_atomic,1,40.0,50.0,before_recheck,0,1,0,0,0,748,748,before_check,0,,,,,57.99954291433096,59.17831510305405,50.90673314407468,52.112325094640255,changed,61.531005859375,REVOKE,read_set_version_changed_at_commit,54.97369356453419,,,5.325815174728632,45.58487609028816,54.54738484695554,55.58469099923968,60.29950873926282,
107,xair_atomic,1,40.0,50.0,before_recheck,0,1,0,0,0,750,750,before_check,0,,,,,57.29498015716672,58.34714509546757,50.066796131432056,51.11111607402563,changed,60.056884765625,REVOKE,read_set_version_changed_at_commit,54.5542580075562,,,4.856964107602835,45.025665778666735,53.314520977437496,55.02755520865321,59.411222115159035,
108,xair_atomic,1,40.0,50.0,concurrent,0,1,0,0,0,752,752,before_check,0,,,,,56.942769791930914,58.232920709997416,51.276626996695995,52.34082415699959,changed,59.8330078125,REVOKE,read_set_version_changed_at_commit,54.84464205801487,,,4.316630773246288,44.47462176904082,54.69638388603926,54.53382898122072,59.16127283126116,
109,xair_atomic,0,,50.0,control,1,0,0,0,0,,753,control,0,,1.0351832024753094,2.784695941954851,60.124772135168314,57.34007619321346,59.089588932693005,,,committed,60.52587890625,EXECUTE,authorization_committed,55.85916619747877,55.870376992970705,0.011210795491933823,4.2626201175153255,,,54.34319190680981,60.1217863149941,60.13299711048603
110,xair_atomic,1,40.0,50.0,before_recheck,0,1,0,0,0,755,755,before_check,0,,,,,56.72647291794419,57.90102807804942,48.919853288680315,50.03472603857517,changed,59.89697265625,REVOKE,read_set_version_changed_at_commit,54.49342308565974,,,4.296773113310337,44.44502620026469,51.766375079751015,54.45153405889869,58.79019619897008,
111,xair_atomic,1,40.0,50.0,before_recheck,0,1,0,0,0,757,757,before_check,0,,,,,56.60657910630107,57.893393095582724,49.173199106007814,50.14909990131855,changed,59.81298828125,REVOKE,read_set_version_changed_at_commit,54.33714995160699,,,4.263309761881828,44.40446989610791,52.2768828086555,54.403784684836864,58.60045971348882,
112,xair_atomic,1,40.0,50.0,before_recheck,0,1,0,0,0,759,759,before_check,0,,,,,56.782017927616835,57.92190693318844,49.118316266685724,50.132119096815586,changed,60.282958984375,REVOKE,read_set_version_changed_at_commit,54.46994910016656,,,4.376293160021305,44.5206081494689,52.50823823735118,54.52819913625717,58.846242260187864,
113,xair_atomic,1,40.0,50.0,before_recheck,0,1,0,0,0,761,761,before_check,0,,,,,61.7585782893002,63.33891302347183,54.36348030343652,55.288185365498066,changed,65.737060546875,REVOKE,read_set_version_changed_at_commit,55.40617601945996,,,8.894903119653463,49.1253100335598,57.361294981092215,59.15123410522938,64.30107913911343,
114,xair_atomic,0,,50.0,control,1,0,0,0,0,,762,control,0,,0.9721848182380199,2.20035994425416,59.12228999659419,56.92193005234003,58.15010517835617,,,committed,59.990966796875,EXECUTE,authorization_committed,54.79029007256031,54.80334395542741,0.013053882867097855,4.328944254666567,,,54.405668284744024,59.11923432722688,59.132288210093975
115,xair_atomic,1,40.0,50.0,before_recheck,0,1,0,0,0,764,764,before_check,0,,,,,56.95200711488724,58.227130211889744,50.42259395122528,51.565948873758316,changed,60.0419921875,REVOKE,read_set_version_changed_at_commit,54.71850512549281,,,4.4220490381121635,44.69495499506593,53.92376380041242,54.69077406451106,59.140554163604975,
116,xair_atomic,1,40.0,50.0,before_recheck,0,1,0,0,0,766,766,before_check,0,,,,,58.77606989815831,60.07498688995838,51.85045301914215,53.028243128210306,changed,61.947998046875,REVOKE,read_set_version_changed_at_commit,55.67346792668104,,,5.443764850497246,45.788025949150324,55.60883600264788,55.81292882561684,61.11723277717829,
117,xair_atomic,0,,50.0,control,1,0,0,0,0,,767,control,0,,1.101367175579071,2.490103244781494,60.6661681085825,58.176064863801,59.564800933003426,,,committed,61.405029296875,EXECUTE,authorization_committed,55.506974924355745,55.518836714327335,0.011861789971590042,5.156286992132664,,,55.24222878739238,60.66326191648841,60.67512370646
118,xair_atomic,1,40.0,50.0,before_recheck,0,1,0,0,0,769,769,before_check,0,,,,,57.273740880191326,58.51012095808983,50.411883275955915,51.436475943773985,changed,60.39111328125,REVOKE,read_set_version_changed_at_commit,55.2406357601285,,,4.415606148540974,44.62488414719701,53.89240523800254,54.647683165967464,59.65624190866947,
119,xair_atomic,0,,50.0,control,1,0,0,0,0,,770,control,0,,1.2875758111476898,2.636087127029896,60.600874945521355,57.96478781849146,59.313299134373665,,,committed,61.7451171875,EXECUTE,authorization_committed,55.835973005741835,55.853866040706635,0.01789303496479988,4.76046372205019,,,54.840234108269215,60.596436727792025,60.614329762756824
120,xair_atomic,1,45.0,50.0,concurrent,0,1,0,0,0,772,772,before_check,0,,,,,58.35123313590884,59.848192147910595,55.54606905207038,56.707197800278664,changed,62.367919921875,REVOKE,read_set_version_changed_at_commit,56.42923712730408,,,4.4945538975298405,49.74177619442344,59.07448008656502,54.74881175905466,60.92379102483392,
121,xair_atomic,1,45.0,50.0,concurrent,0,1,0,0,0,774,774,before_check,0,,,,,57.42902169004083,58.87937359511852,54.89725060760975,55.672254879027605,changed,61.080078125,REVOKE,read_set_version_changed_at_commit,55.25914998725057,,,4.42867074161768,49.644102808088064,57.69935855641961,54.64495671913028,59.687820728868246,
122,xair_atomic,1,45.0,50.0,concurrent,0,1,0,0,0,776,776,before_check,0,,,,,59.09712286666036,60.5141818523407,56.00488977506757,57.17691918835044,changed,62.157958984375,REVOKE,read_set_version_changed_at_commit,56.72411900013685,,,5.1979548297822475,50.427612848579884,59.74703188985586,55.4827400483191,61.9220738299191,
123,xair_atomic,1,45.0,50.0,concurrent,0,1,0,0,0,778,778,before_check,0,,,,,58.282673824578524,59.59545774385333,55.590793024748564,56.64998106658459,changed,62.044921875,REVOKE,read_set_version_changed_at_commit,55.14814192429185,,,5.396096967160702,50.586601719260216,58.770549949258566,55.58575317263603,60.54423889145255,
124,xair_atomic,1,45.0,50.0,concurrent,0,1,0,0,0,780,780,before_check,0,,,,,58.0431348644197,59.43619925528765,55.64636690542102,56.738095823675394,changed,62.8291015625,REVOKE,read_set_version_changed_at_commit,54.96427696198225,,,5.295156966894865,50.54972181096673,59.33232372626662,55.59612298384309,60.259433928877115,
125,xair_atomic,0,,50.0,control,1,0,0,0,0,,781,control,0,,1.0149548761546612,2.3859981447458267,60.15273416414857,57.76673601940274,59.13777928799391,,,committed,60.58203125,EXECUTE,authorization_committed,55.57169625535607,55.589440278708935,0.017744023352861404,4.575586877763271,,,54.634678177535534,60.147283133119345,60.165027156472206
126,xair_atomic,0,,50.0,control,1,0,0,0,0,,782,control,0,,1.0861479677259922,2.4553979746997356,60.14167331159115,57.68627533689141,59.055525343865156,,,committed,60.97998046875,EXECUTE,authorization_committed,55.22687966004014,55.239022709429264,0.012143049389123917,4.911407362669706,,,54.983584210276604,60.13828702270985,60.15043007209897
127,xair_atomic,1,45.0,50.0,concurrent,0,1,0,0,0,784,784,before_check,0,,,,,58.43780608847737,60.12916984036565,56.188525166362524,57.27093620225787,changed,62.805908203125,REVOKE,read_set_version_changed_at_commit,55.802240036427975,,,5.337175913155079,50.547788850963116,59.68973506242037,55.55423395708203,61.139415949583054,
128,xair_atomic,0,,50.0,control,1,0,0,0,0,,785,control,0,,1.2682299129664898,3.0520381405949593,60.84018386900425,57.78814572840929,59.57195395603776,,,committed,61.912109375,EXECUTE,authorization_committed,55.84805505350232,55.91845838353038,0.0704033300280571,4.988611675798893,,,55.059315636754036,60.836666729301214,60.90707005932927
129,xair_atomic,1,45.0,50.0,concurrent,0,1,0,0,0,787,787,before_check,0,,,,,57.79004888609052,59.20703802257776,55.1828071475029,56.39284709468484,changed,61.18408203125,REVOKE,read_set_version_changed_at_commit,55.39369257166982,,,4.823832307010889,50.00508017838001,58.70011728256941,55.00769801437855,60.217524878680706,
130,xair_atomic,1,45.0,50.0,concurrent,0,1,0,0,0,789,789,before_check,0,,,,,58.54498594999313,59.95949124917388,56.02657003328204,57.23257316276431,changed,61.99609375,REVOKE,read_set_version_changed_at_commit,55.84339564666152,,,5.165213253349066,50.45668827369809,59.629350900650024,55.45845394954085,61.008608900010586,
131,xair_atomic,0,,50.0,control,1,0,0,0,0,,790,control,0,,1.0143928229808807,2.5472999550402164,59.913483913987875,57.36618395894766,58.899091091006994,,,committed,61.5400390625,EXECUTE,authorization_committed,55.16958190128207,55.18729565665126,0.0177137553691864,4.738632123917341,,,54.82033593580127,59.90821402519941,59.9259277805686
132,xair_atomic,0,,50.0,control,1,0,0,0,0,,791,control,0,,0.8060717955231667,2.0917351357638836,59.16005978360772,57.06832464784384,58.353987988084555,,,committed,59.6650390625,EXECUTE,authorization_committed,54.410848300904036,54.42086700350046,0.01001870259642601,4.746436607092619,,,54.777735844254494,59.157284907996655,59.16730361059308
133,xair_atomic,1,45.0,50.0,concurrent,0,1,0,0,0,793,793,before_check,0,,,,,56.833434384316206,58.333279099315405,54.08446537330747,55.11029111221433,changed,60.2099609375,REVOKE,read_set_version_changed_at_commit,55.02280732616782,,,4.183791112154722,49.34658436104655,57.33697907999158,54.32334402576089,59.206598438322544,
134,xair_atomic,1,45.0,50.0,concurrent,0,1,0,0,0,795,795,before_check,0,,,,,57.62250581756234,58.82022297009826,54.815076757222414,55.861870758235455,changed,61.18310546875,REVOKE,read_set_version_changed_at_commit,54.83220983296633,,,4.92655485868454,50.210556015372276,58.00954205915332,55.253990925848484,59.75876469165087,
135,xair_atomic,1,45.0,50.0,concurrent,0,1,0,0,0,797,797,before_check,0,,,,,57.69542185589671,58.978819753974676,54.733012802898884,55.86066888645291,changed,61.193115234375,REVOKE,read_set_version_changed_at_commit,55.29653001576662,,,4.552793689072132,49.70735078677535,58.799723628908396,54.71257399767637,59.84932370483875,
136,xair_atomic,1,45.0,50.0,concurrent,0,1,0,0,0,799,799,before_check,0,,,,,57.38084204494953,58.80462424829602,54.49647922068834,55.90498214587569,changed,60.947998046875,REVOKE,read_set_version_changed_at_commit,54.961591958999634,,,4.527817014604807,49.67051325365901,58.265110943466425,54.671427235007286,59.48940897360444,
137,xair_atomic,1,45.0,50.0,concurrent,0,1,0,0,0,801,801,before_check,0,,,,,56.84973485767841,58.85082110762596,54.31428691372275,55.47238094732165,changed,60.833984375,REVOKE,read_set_version_changed_at_commit,55.268256925046444,,,4.422980826348066,49.568592105060816,57.75349074974656,54.562874138355255,59.69123775139451,
138,xair_atomic,0,,50.0,control,1,0,0,0,0,,802,control,0,,0.9687580168247223,2.369196154177189,59.68582723289728,57.31663107872009,58.71706921607256,,,committed,60.75,EXECUTE,authorization_committed,54.76562445983291,54.77523244917393,0.009607989341020584,4.918038845062256,,,54.98734023422003,59.68366330489516,59.69327129423618
139,xair_atomic,1,45.0,50.0,concurrent,0,1,0,0,0,804,804,before_check,0,,,,,57.65240220353007,58.94875433295965,54.88271405920386,56.48403940722346,changed,60.65087890625,REVOKE,read_set_version_changed_at_commit,55.71478512138128,,,4.1806260123848915,49.32979308068752,58.55977442115545,54.3327322229743,59.895411133766174,
140,xair_atomic,1,45.0,50.0,concurrent,0,1,0,0,0,806,806,before_check,0,,,,,57.52488179132342,58.70076874271035,54.78288698941469,55.47983478754759,changed,60.631103515625,REVOKE,read_set_version_changed_at_commit,54.93400990962982,,,4.496047738939524,49.65038504451513,58.09160601347685,54.657191038131714,59.430057648569345,
141,xair_atomic,1,45.0,50.0,concurrent,0,1,0,0,0,808,808,before_check,0,,,,,57.641121093183756,59.11202076822519,55.23805087432265,56.28637783229351,changed,61.01611328125,REVOKE,read_set_version_changed_at_commit,55.251454934477806,,,4.74001606926322,49.89181784912944,58.71925409883261,54.88491803407669,59.991471003741026,
142,xair_atomic,0,,50.0,control,1,0,0,0,0,,809,control,0,,1.0425159707665443,2.4433149956166744,60.40633888915181,57.96302389353514,59.36382291838527,,,committed,61.48388671875,EXECUTE,authorization_committed,55.44975819066167,55.47295091673732,0.02319272607564926,4.951411858201027,,,55.03791477531195,60.401170048862696,60.424362774938345
143,xair_atomic,1,45.0,50.0,concurrent,0,1,0,0,0,811,811,before_check,0,,,,,57.91806988418102,59.22007327899337,55.11980876326561,56.25568004325032,changed,62.1689453125,REVOKE,read_set_version_changed_at_commit,55.89363118633628,,,4.523688927292824,49.83079293742776,58.944225776940584,54.86914794892073,60.4173201136291,
144,xair_atomic,1,45.0,50.0,concurrent,0,1,0,0,0,813,813,before_check,0,,,,,57.554418221116066,58.629104401916265,55.09683629497886,56.13039527088404,changed,61.06591796875,REVOKE,read_set_version_changed_at_commit,54.55790366977453,,,4.826808348298073,49.97800011187792,58.25313925743103,54.99757919460535,59.384712018072605,
145,xair_atomic,1,45.0,50.0,concurrent,0,1,0,0,0,815,815,before_check,0,,,,,58.286942075937986,59.35028800740838,55.712922010570765,56.787578854709864,changed,61.73095703125,REVOKE,read_set_version_changed_at_commit,55.2199762314558,,,5.099910777062178,50.362370908260345,59.47050265967846,55.35838706418872,60.31988700851798,
146,xair_atomic,1,45.0,50.0,concurrent,0,1,0,0,0,817,817,before_check,0,,,,,57.58251016959548,58.926943223923445,55.024159140884876,56.4531609416008,changed,61.22998046875,REVOKE,read_set_version_changed_at_commit,55.297061800956726,,,4.563323222100735,49.82707602903247,58.565794955939054,54.812352173030376,59.86038502305746,
147,xair_atomic,1,45.0,50.0,concurrent,0,1,0,0,0,819,819,before_check,0,,,,,57.65998596325517,58.92830574885011,54.814675357192755,56.12428393214941,changed,61.06396484375,REVOKE,read_set_version_changed_at_commit,54.76499255746603,,,5.005463026463985,50.28603784739971,58.92638163641095,55.30392378568649,59.770455583930016,
148,xair_atomic,0,,50.0,control,1,0,0,0,0,,820,control,0,,0.8367202244699001,2.466809004545212,59.78810926899314,57.32130026444793,58.95138904452324,,,committed,61.301025390625,EXECUTE,authorization_committed,54.91570616140962,54.93439128622413,0.018685124814510345,4.867765121161938,,,54.998781997710466,59.783471282571554,59.802156407386065
149,xair_atomic,1,45.0,50.0,concurrent,0,1,0,0,0,822,822,before_check,0,,,,,57.97939421609044,59.420238714665174,54.833280853927135,56.204063817858696,changed,61.655029296875,REVOKE,read_set_version_changed_at_commit,55.82571402192116,,,4.683458711951971,49.89305976778269,58.84385760873556,54.90240082144737,60.50917273387313,
150,xair_atomic,1,45.0,50.0,concurrent,0,1,0,0,0,824,824,before_check,0,,,,,57.180045172572136,58.31447429955006,54.92834933102131,55.98406121134758,changed,60.14990234375,REVOKE,read_set_version_changed_at_commit,54.75850077345967,,,4.427919164299965,49.61835499852896,58.24299016967416,54.624058306217194,59.18641993775964,
151,xair_atomic,0,,50.0,control,1,0,0,0,0,,825,control,0,,0.9937752038240433,2.447904087603092,59.72982011735439,57.2819160297513,58.73604491353035,,,committed,61.172119140625,EXECUTE,authorization_committed,54.75923232734203,54.7725772485137,0.013344921171665192,4.968593828380108,,,55.040961131453514,59.72782615572214,59.74117107689381
152,xair_atomic,1,45.0,50.0,concurrent,0,1,0,0,0,827,827,before_check,0,,,,,57.6412002556026,58.76624211668968,55.11087225750089,56.30722688511014,changed,60.614013671875,REVOKE,read_set_version_changed_at_commit,54.7391246072948,,,4.851023200899363,49.98093517497182,58.71576722711325,54.98484522104263,59.59014780819416,
153,xair_atomic,1,45.0,50.0,concurrent,0,1,0,0,0,829,829,before_check,0,,,,,56.4625090919435,57.530994061380625,54.12005307152867,55.156968999654055,changed,59.948974609375,REVOKE,read_set_version_changed_at_commit,54.02386235073209,,,4.330125637352467,49.499671906232834,57.450261898338795,54.50018588453531,58.353987988084555,
154,xair_atomic,1,45.0,50.0,concurrent,0,1,0,0,0,831,831,before_check,0,,,,,58.415432926267385,59.66475699096918,55.67054217681289,57.202355936169624,changed,62.4150390625,REVOKE,read_set_version_changed_at_commit,56.26222304999828,,,4.564435221254826,49.80142833665013,59.57191297784448,54.806520231068134,60.82665827125311,
155,xair_atomic,0,,50.0,control,1,0,0,0,0,,832,control,0,,0.8978648111224174,2.3306431248784065,60.07792288437486,57.74727975949645,59.18005807325244,,,committed,61.159912109375,EXECUTE,authorization_committed,55.2059100009501,55.22054806351662,0.014638062566518784,4.869748838245869,,,54.94340788573027,60.07565883919597,60.090296901762486
156,xair_atomic,1,45.0,50.0,concurrent,0,1,0,0,0,834,834,before_check,0,,,,,57.250226847827435,58.796167839318514,54.775322787463665,55.968621745705605,changed,61.10107421875,REVOKE,read_set_version_changed_at_commit,55.2703021094203,,,4.396810662001371,49.68686401844025,58.29722201451659,54.707875940948725,59.66711277142167,
157,xair_atomic,1,45.0,50.0,concurrent,0,1,0,0,0,836,836,before_check,0,,,,,57.580115739256144,59.01212291792035,54.80052903294563,55.67011097446084,changed,61.31396484375,REVOKE,read_set_version_changed_at_commit,55.10601308196783,,,4.828541073948145,50.00641290098429,57.70382797345519,55.000645108520985,59.934554155915976,
158,xair_atomic,1,45.0,50.0,concurrent,0,1,0,0,0,838,838,before_check,0,,,,,58.396798092871904,59.96784707531333,56.22189724817872,57.26876249536872,changed,62.299072265625,REVOKE,read_set_version_changed_at_commit,55.53615977987647,,,5.212241318076849,50.36456510424614,59.31458109989762,55.38788205012679,60.74840109795332,
159,xair_atomic,1,45.0,50.0,concurrent,0,1,0,0,0,840,840,before_check,0,,,,,58.11083223670721,59.32648293673992,55.54548790678382,56.606899946928024,changed,62.0029296875,REVOKE,read_set_version_changed_at_commit,55.42249605059624,,,4.886120092123747,50.16603320837021,58.927774894982576,55.176755879074335,60.308616142719984,
160,xair_atomic,1,50.0,50.0,concurrent,0,1,0,0,0,842,842,before_check,0,,,,,62.64319783076644,63.92038380727172,60.37634378299117,61.4366726949811,changed,67.068115234375,REVOKE,read_set_version_changed_at_commit,60.17741980031133,,,4.658211953938007,54.85205678269267,63.54139279574156,55.128855630755424,64.83563175424933,
161,xair_atomic,1,50.0,50.0,concurrent,1,0,0,0,1,844,843,after_check,0,after_middleware,1.1318237520754337,2.679928671568632,61.843886971473694,59.16395829990506,60.71206321939826,63.217835035175085,64.41200617700815,committed,62.595947265625,EXECUTE,authorization_committed,56.28025718033314,56.30212789401412,0.02187071368098259,5.557639058679342,55.82658527418971,66.97068829089403,56.08423799276352,61.83789623901248,61.85976695269346
162,xair_atomic,1,50.0,50.0,concurrent,1,0,0,0,1,846,845,after_check,0,after_middleware,1.0681236162781715,2.516081091016531,60.28120359405875,57.76512250304222,59.21307997778058,61.67672295123339,62.663905788213015,committed,61.73388671875,EXECUTE,authorization_committed,55.63739966601133,55.64764887094498,0.010249204933643341,4.641579929739237,54.86353766173124,65.07485965266824,55.10343797504902,60.27897959575057,60.289228800684214
163,xair_atomic,1,50.0,50.0,concurrent,1,0,0,0,1,848,847,after_check,0,after_middleware,1.0373173281550407,2.418338321149349,60.817772056907415,58.399433735758066,59.780454728752375,62.6806179061532,63.73774213716388,committed,61.681884765625,EXECUTE,authorization_committed,55.4603380151093,55.4707869887352,0.010448973625898361,5.355210043489933,55.6109007447958,66.24162010848522,55.85816502571106,60.815548058599234,60.82599703222513
164,xair_atomic,1,50.0,50.0,concurrent,0,1,0,0,0,850,850,before_check,0,,,,,61.35237403213978,62.68865196034312,58.84950794279575,60.053667053580284,changed,64.888916015625,REVOKE,read_set_version_changed_at_commit,58.904810808598995,,,4.63973730802536,54.80097001418471,62.463139183819294,54.9334492534399,63.544548116624355,
165,xair_atomic,0,,50.0,control,1,0,0,0,0,,851,control,0,,0.9584492072463036,2.331877127289772,59.53314108774066,57.20126396045089,58.574691880494356,,,committed,60.373046875,EXECUTE,authorization_committed,55.01397978514433,55.029498878866434,0.015519093722105026,4.515724256634712,,,54.58893207833171,59.52970404177904,59.545223135501146
166,xair_atomic,1,50.0,50.0,concurrent,1,0,0,0,1,853,852,after_check,0,after_middleware,1.4069597236812115,2.762633841484785,61.0264427959919,58.26380895450711,59.619483072310686,62.37157806754112,63.71514871716499,committed,62.462890625,EXECUTE,authorization_committed,56.325691752135754,56.35006772354245,0.024375971406698227,4.694119095802307,54.87932777032256,65.95218693837523,55.203836876899004,61.01981084793806,61.04418681934476
167,xair_atomic,1,50.0,50.0,concurrent,0,1,0,0,0,855,855,before_check,0,,,,,64.68079099431634,65.94821019098163,62.21350096166134,63.41251125559211,changed,67.85498046875,REVOKE,read_set_version_changed_at_commit,62.0327522046864,,,4.950399976223707,55.24826003238559,66.0278289578855,55.570845026522875,66.98315218091011,
168,xair_atomic,1,50.0,50.0,concurrent,1,0,0,0,1,857,856,after_check,0,after_middleware,1.157843042165041,2.7761301025748253,60.28762739151716,57.51149728894234,59.12978434935212,61.6542911157012,62.717156019061804,committed,61.06396484375,EXECUTE,authorization_committed,56.00775498896837,56.026008911430836,0.01825392246246338,4.274852108210325,54.53175539150834,64.63252007961273,54.73200138658285,60.2826070971787,60.30086101964116
169,xair_atomic,0,,50.0,control,1,0,0,0,0,,858,control,0,,1.0269670747220516,2.356092445552349,59.45644713938236,57.10035469383001,58.42948006466031,,,committed,60.174072265625,EXECUTE,authorization_committed,55.092396680265665,55.105641949921846,0.013245269656181335,4.360583145171404,,,54.43471297621727,59.45297982543707,59.46622509509325
170,xair_atomic,1,50.0,50.0,concurrent,0,1,0,0,0,860,860,before_check,0,,,,,64.20371634885669,65.77412318438292,61.08944211155176,62.50583007931709,changed,67.44091796875,REVOKE,read_set_version_changed_at_commit,62.01721215620637,,,4.856924992054701,55.087138433009386,65.36542624235153,55.309465155005455,66.87413714826107,
171,xair_atomic,1,50.0,50.0,concurrent,0,1,0,0,0,862,862,before_check,0,,,,,68.27117875218391,69.75294882431626,65.69220870733261,66.83938205242157,changed,71.906005859375,REVOKE,read_set_version_changed_at_commit,64.71663899719715,,,6.0223606415092945,56.269445922225714,69.41219978034496,57.32647981494665,70.73899963870645,
172,xair_atomic,1,50.0,50.0,concurrent,1,0,0,0,1,864,863,after_check,0,after_middleware,1.4197439886629581,2.829700242727995,63.11911018565297,60.289409942924976,61.69936619699001,63.89692984521389,65.17316494137049,committed,64.672119140625,EXECUTE,authorization_committed,57.242331095039845,57.26452311500907,0.02219201996922493,5.871008150279522,56.15931889042258,68.53314023464918,57.05943889915943,63.11333924531937,63.13553126528859
173,xair_atomic,1,50.0,50.0,concurrent,1,0,0,0,1,866,865,after_check,0,after_middleware,1.531234011054039,2.8060157783329487,61.81684602051973,59.010830242186785,60.285612009465694,62.48538102954626,63.6173952370882,committed,63.367919921875,EXECUTE,authorization_committed,56.32355762645602,56.343805976212025,0.020248349756002426,5.487377289682627,55.770309176295996,65.87031297385693,55.98307820037007,61.81093491613865,61.83118326589465
174,xair_atomic,0,,50.0,control,1,0,0,0,0,,867,control,0,,1.015906222164631,2.6198658160865307,59.69912186264992,57.07925604656339,58.68321564048529,,,committed,60.988037109375,EXECUTE,authorization_committed,55.342397186905146,55.355941876769066,0.013544689863920212,4.353298805654049,,,54.42872177809477,59.695695992559195,59.709240682423115
175,xair_atomic,1,50.0,50.0,concurrent,1,0,0,0,1,869,868,after_check,0,after_middleware,1.1878693476319313,2.6791482232511044,61.18905916810036,58.50991094484925,60.001189820468426,62.528852839022875,63.794517889618874,committed,62.376953125,EXECUTE,authorization_committed,56.15814682096243,56.17206310853362,0.013916287571191788,5.0278459675610065,55.220577865839005,65.88127417489886,55.39013585075736,61.185992788523436,61.19990907609463
176,xair_atomic,1,50.0,50.0,concurrent,1,0,0,0,1,871,870,after_check,0,after_middleware,1.085186842828989,2.4264538660645485,61.058302875608206,58.63184900954366,59.97311603277922,62.46813805773854,63.59981186687946,committed,61.739013671875,EXECUTE,authorization_committed,56.24299682676792,56.25270493328571,0.009708106517791748,4.812119994312525,55.06544606760144,65.84567669779062,55.28821377083659,61.055116821080446,61.06482492759824
177,xair_atomic,0,,50.0,control,1,0,0,0,0,,872,control,0,,1.066931989043951,2.623553853482008,61.166216153651476,58.54266230016947,60.099284164607525,,,committed,62.660888671875,EXECUTE,authorization_committed,55.957891047000885,55.9736811555922,0.01579010859131813,5.203926004469395,,,55.2841373719275,61.16181705147028,61.1776071600616
178,xair_atomic,1,50.0,50.0,concurrent,1,0,0,0,1,874,873,after_check,0,after_middleware,1.3619358651340008,2.9806941747665405,61.93788396194577,58.95718978717923,60.57594809681177,62.97810608521104,64.2395131289959,committed,62.114990234375,EXECUTE,authorization_committed,56.95209698751569,56.97131296619773,0.019215978682041168,4.980557132512331,55.29859382659197,66.49108789861202,55.69980712607503,61.93265412002802,61.95187009871006
179,xair_atomic,1,50.0,50.0,concurrent,1,0,0,0,1,876,875,after_check,0,after_middleware,1.0456722229719162,2.4889810010790825,60.05833623930812,57.569355238229036,59.0126640163362,61.43508991226554,62.43367400020361,committed,61.297119140625,EXECUTE,authorization_committed,55.41909020394087,55.42681505903602,0.0077248550951480865,4.636670928448439,54.829653818160295,64.09179512411356,55.09319808334112,60.05576113238931,60.063485987484455
180,xair_atomic,1,50.0,50.0,concurrent,0,1,0,0,0,878,878,before_check,0,,,,,61.935198958963156,63.03075514733791,59.9734871648252,61.04612024500966,changed,66.491943359375,REVOKE,read_set_version_changed_at_commit,59.51822316274047,,,4.448438063263893,54.61463099345565,63.808564096689224,54.82068797573447,63.96666122600436,
181,xair_atomic,0,,50.0,control,1,0,0,0,0,,879,control,0,,0.9954581037163734,2.3461426608264446,60.176609084010124,57.83046642318368,59.18115098029375,,,committed,61.958984375,EXECUTE,authorization_committed,55.5201699025929,55.529186967760324,0.009017065167427063,4.654174204915762,,,54.727052338421345,60.17434410750866,60.183361172676086
182,xair_atomic,1,50.0,50.0,concurrent,0,1,0,0,0,881,881,before_check,0,,,,,63.05044190958142,64.21940587460995,60.43769884854555,61.826654709875584,changed,66.2900390625,REVOKE,read_set_version_changed_at_commit,60.47698203474283,,,4.8288218677043915,55.08172791451216,64.21310408040881,55.32158771529794,65.30580390244722,
183,xair_atomic,1,50.0,50.0,concurrent,1,0,0,0,1,883,882,after_check,0,after_middleware,1.1653969995677471,2.5187558494508266,60.087800957262516,57.56904510781169,58.92240395769477,61.21862307190895,62.39360896870494,committed,61.18896484375,EXECUTE,authorization_committed,55.435842368751764,55.45498803257942,0.0191456638276577,4.646007902920246,54.812571965157986,64.28164103999734,54.98718889430165,60.08185027167201,60.10099593549967
184,xair_atomic,1,50.0,50.0,concurrent,1,0,0,0,1,885,884,after_check,0,after_middleware,0.8379127830266953,2.2386820055544376,59.73214516416192,57.49346315860748,58.894232381135225,61.256245244294405,62.332725152373314,committed,61.284912109375,EXECUTE,authorization_committed,55.417157243937254,55.43056223541498,0.01340499147772789,4.311311058700085,54.55028032884002,64.14283206686378,54.772728122770786,59.72846830263734,59.74187329411507
185,xair_atomic,1,50.0,50.0,concurrent,1,0,0,0,1,887,886,after_check,0,after_middleware,1.0367152281105518,2.6406049728393555,60.22889632731676,57.588291354477406,59.19218109920621,61.586854979395866,62.83589918166399,committed,61.110107421875,EXECUTE,authorization_committed,55.932513903826475,55.94570795074105,0.013194046914577484,4.292696248739958,54.513531271368265,64.66656411066651,54.727131966501474,60.22521015256643,60.23840419948101
186,xair_atomic,1,50.0,50.0,concurrent,1,0,0,0,1,889,888,after_check,0,after_middleware,1.1114859953522682,2.4805651046335697,60.77828723937273,58.29772213473916,59.66680124402046,62.182242050766945,63.41023603454232,committed,61.470947265625,EXECUTE,authorization_committed,55.4959736764431,55.516342632472515,0.02036895602941513,5.2765123546123505,55.46086933463812,65.42380526661873,55.701039265841246,60.77248603105545,60.792854987084866
187,xair_atomic,1,50.0,50.0,concurrent,0,1,0,0,0,891,891,before_check,0,,,,,62.61600600555539,64.03895607218146,60.357578098773956,61.52151199057698,changed,66.572021484375,REVOKE,read_set_version_changed_at_commit,60.2041301317513,,,4.817409906536341,54.97956508770585,63.803394325077534,55.16967223957181,65.02154003828764,
188,xair_atomic,1,50.0,50.0,concurrent,0,1,0,0,0,893,893,before_check,0,,,,,63.44745680689812,64.6220906637609,61.003970913589,62.20231996849179,changed,67.26806640625,REVOKE,read_set_version_changed_at_commit,61.009982135146856,,,4.6515087597072124,54.87235402688384,64.39675763249397,55.10994978249073,65.66149089485407,
189,xair_atomic,0,,50.0,control,1,0,0,0,0,,894,control,0,,0.8597741834819317,2.2099181078374386,59.479701332747936,57.2697832249105,58.619927149266005,,,committed,60.62109375,EXECUTE,authorization_committed,54.69480063766241,54.70715370029211,0.012353062629699707,4.783006384968758,,,54.85147517174482,59.47780702263117,59.49016008526087
190,xair_atomic,1,50.0,50.0,concurrent,0,1,0,0,0,896,896,before_check,0,,,,,63.93049284815788,65.15216501429677,61.52503797784448,62.79446091502905,changed,67.256103515625,REVOKE,read_set_version_changed_at_commit,61.83037208393216,,,4.386961925774813,54.65250089764595,65.03618694841862,54.87433774396777,66.21733400970697,
191,xair_atomic,0,,50.0,control,1,0,0,0,0,,897,control,0,,0.9499229490756989,2.1803118288517,59.30834962055087,57.12803779169917,58.35842667147517,,,committed,62.73095703125,EXECUTE,authorization_committed,54.65823318809271,54.670074954628944,0.01184176653623581,4.648192785680294,,,54.71942760050297,59.306425973773,59.31826774030924
192,xair_atomic,0,,50.0,control,1,0,0,0,0,,898,control,0,,1.1371239088475704,2.545297145843506,59.830318205058575,57.28502105921507,58.693194296211004,,,committed,61.3369140625,EXECUTE,authorization_committed,55.1184662617743,55.12539902701974,0.006932765245437622,4.7095781192183495,,,54.77988999336958,59.82804438099265,59.83497714623809
193,xair_atomic,0,,50.0,control,1,0,0,0,0,,899,control,0,,1.0191327892243862,2.298623789101839,59.865003917366266,57.56638012826443,58.84587112814188,,,committed,61.280029296875,EXECUTE,authorization_committed,54.9133219756186,54.92002423852682,0.006702262908220291,4.9495878629386425,,,55.020593106746674,59.86290983855724,59.869612101465464
194,xair_atomic,1,50.0,50.0,concurrent,0,1,0,0,0,901,901,before_check,0,,,,,64.21998562291265,65.509676001966,61.723270919173956,62.960481736809015,changed,68.251953125,REVOKE,read_set_version_changed_at_commit,61.290338169783354,,,5.1658437587320805,55.36867585033178,65.36851078271866,55.63016561791301,66.45618192851543,
195,xair_atomic,1,50.0,50.0,concurrent,0,1,0,0,0,903,903,before_check,0,,,,,62.49636225402355,63.79664223641157,59.44094806909561,60.847077053040266,changed,66.319091796875,REVOKE,read_set_version_changed_at_commit,60.194551944732666,,,4.374939948320389,54.54112309962511,63.05115297436714,54.64917607605457,64.56949189305305,
196,xair_atomic,1,50.0,50.0,concurrent,1,0,0,0,1,905,904,after_check,0,after_middleware,1.1898032389581203,2.8812969103455544,60.1542261429131,57.27292923256755,58.96442290395498,61.50382896885276,62.737483996897936,committed,61.200927734375,EXECUTE,authorization_committed,55.54314283654094,55.560104083269835,0.016961246728897095,4.607647191733122,54.76769804954529,64.48100600391626,54.92810904979706,60.15079002827406,60.167751275002956
197,xair_atomic,1,50.0,50.0,concurrent,0,1,0,0,0,907,907,before_check,0,,,,,62.15203506872058,63.55652119964361,59.7373740747571,60.84848893806338,changed,65.18798828125,REVOKE,read_set_version_changed_at_commit,59.97374840080738,,,4.410405643284321,54.56869397312403,63.139006961137056,54.728333838284016,64.3841540440917,
198,xair_atomic,0,,50.0,control,1,0,0,0,0,,908,control,0,,1.0448410175740719,2.397479023784399,59.399580117315054,57.002101093530655,58.35473909974098,,,committed,60.14501953125,EXECUTE,authorization_committed,55.02085294574499,55.03567075356841,0.014817807823419571,4.37548104673624,,,54.45219576358795,59.39633399248123,59.41115180030465
199,xair_atomic,1,50.0,50.0,concurrent,0,1,0,0,0,910,910,before_check,0,,,,,62.97236494719982,64.35653287917376,60.54900772869587,61.71367270871997,changed,67.202880859375,REVOKE,read_set_version_changed_at_commit,59.947900008410215,,,5.15885092318058,55.41520286351442,63.3274307474494,55.70913478732109,65.1067509315908,
200,xair_atomic,1,55.0,50.0,after_release,1,0,0,0,1,912,911,after_check,0,after_middleware,0.9337831288576126,2.293144352734089,59.49288606643677,57.19974171370268,58.559102937579155,64.07775962725282,65.25037996470928,committed,61.365966796875,EXECUTE,authorization_committed,55.109028704464436,55.1262809894979,0.017252285033464432,4.379048012197018,59.60275186225772,67.11319601163268,54.61421003565192,59.48807671666145,59.50532900169492
201,xair_atomic,1,55.0,50.0,concurrent,1,0,0,0,1,914,913,after_check,0,after_middleware,1.0530557483434677,2.5017638690769672,60.05751388147473,57.555750012397766,59.004458133131266,64.7887228988111,66.09514495357871,committed,60.958984375,EXECUTE,authorization_committed,55.33447163179517,55.35272555425763,0.01825392246246338,4.718805197626352,59.93280000984669,68.15370777621865,54.950229823589325,60.05327682942152,60.071530751883984
202,xair_atomic,1,55.0,50.0,concurrent,1,0,0,0,1,916,915,after_check,0,after_middleware,1.064256764948368,2.543433103710413,59.82241407036781,57.2789809666574,58.758157305419445,64.55048732459545,65.6162272207439,committed,61.35888671875,EXECUTE,authorization_committed,55.71236088871956,55.73482299223542,0.02246210351586342,4.105094354599714,59.39248716458678,67.67803616821766,54.35190815478563,59.81745524331927,59.839917346835136
203,xair_atomic,1,55.0,50.0,concurrent,1,0,0,0,1,918,917,after_check,0,after_middleware,1.1677606962621212,2.777222078293562,59.91183081641793,57.13460873812437,58.74407012015581,64.39751898869872,65.53005380555987,committed,60.927001953125,EXECUTE,authorization_committed,55.43761467561126,55.45901507139206,0.021400395780801773,4.467694088816643,59.693310875445604,67.38648796454072,54.754281882196665,59.9053087644279,59.9267091602087
204,xair_atomic,0,,50.0,control,1,0,0,0,0,,919,control,0,,1.0573151521384716,2.680059988051653,60.34396309405565,57.663903106004,59.28664794191718,,,committed,60.965087890625,EXECUTE,authorization_committed,55.70415500551462,55.7288508862257,0.024695880711078644,4.632945172488689,,,54.7348172403872,60.33710017800331,60.36179605871439
205,xair_atomic,0,,50.0,control,1,0,0,0,0,,920,control,0,,0.9114397689700127,2.319062128663063,59.52363274991512,57.20457062125206,58.61219298094511,,,committed,60.8310546875,EXECUTE,authorization_committed,54.71659218892455,54.73323306068778,0.01664087176322937,4.803093615919352,,,54.87600062042475,59.5196858048439,59.53632667660713
206,xair_atomic,1,55.0,50.0,after_release,1,0,0,0,1,922,921,after_check,0,after_middleware,0.9186533279716969,2.4374942295253277,59.47211617603898,57.03462194651365,58.553462848067284,63.99164814502001,64.95114928111434,committed,60.7099609375,EXECUTE,authorization_committed,54.910475853830576,54.92925085127354,0.01877499744296074,4.5571220107376575,59.71683608368039,67.2371182590723,54.72591007128358,59.46759786456823,59.486372862011194
207,xair_atomic,1,55.0,50.0,concurrent,1,0,0,0,1,924,923,after_check,0,after_middleware,1.3136658817529678,2.594820223748684,63.830435276031494,61.23561505228281,62.516769394278526,68.19458538666368,69.13182325661182,committed,64.85009765625,EXECUTE,authorization_committed,55.964794009923935,55.98384002223611,0.019046012312173843,7.860621437430382,63.15984623506665,71.25201215967536,58.2134542055428,63.82541544735432,63.84446145966649
208,xair_atomic,1,55.0,50.0,concurrent,1,0,0,0,1,926,925,after_check,0,after_middleware,1.0052160359919071,2.5633503682911396,60.6191991828382,58.05584881454706,59.613983146846294,64.48720814660192,65.96070295199752,committed,61.113037109375,EXECUTE,authorization_committed,55.775449611246586,55.79167976975441,0.016230158507823944,4.8385001718997955,59.982293751090765,68.26375517994165,54.98999496921897,60.61394978314638,60.630179941654205
209,xair_atomic,1,55.0,50.0,after_release,1,0,0,0,1,928,927,after_check,0,after_middleware,1.0057981126010418,2.363665960729122,59.80018200352788,57.43651604279876,58.79438389092684,64.24534413963556,65.64288586378098,committed,60.39111328125,EXECUTE,authorization_committed,55.04764290526509,55.0576220266521,0.009979121387004852,4.749984014779329,59.90700190886855,67.73514300584793,54.91099692881107,59.79762692004442,59.80760604143143
210,xair_atomic,1,55.0,50.0,concurrent,1,0,0,0,1,930,929,after_check,0,after_middleware,1.1872281320393085,2.5919941253960133,59.79139497503638,57.19940084964037,58.604166842997074,63.9314241707325,65.14157587662339,committed,60.051025390625,EXECUTE,authorization_committed,55.361061822623014,55.36880623549223,0.007744412869215012,4.427948966622353,59.558447916060686,67.47020594775677,54.565547965466976,59.78901078924537,59.79675520211458
211,xair_atomic,1,55.0,50.0,concurrent,1,0,0,0,1,932,931,after_check,0,after_middleware,1.3167611323297024,2.845590002834797,60.52540196105838,57.67981195822358,59.208640828728676,65.27855200693011,66.48510601371527,committed,61.452880859375,EXECUTE,authorization_committed,55.7112586684525,55.7229807600379,0.01172209158539772,4.811157938092947,60.036304872483015,68.78286879509687,55.041460786014795,60.52241660654545,60.534138698130846
212,xair_atomic,1,55.0,50.0,concurrent,1,0,0,0,1,934,933,after_check,0,after_middleware,1.199962105602026,2.721507102251053,60.58524502441287,57.86373792216182,59.385282918810844,65.21243788301945,66.34323112666607,committed,62.031982421875,EXECUTE,authorization_committed,55.77946687117219,55.798943154513836,0.019476283341646194,4.800397902727127,60.053737834095955,68.5404040850699,55.07449293509126,60.57986477389932,60.59934105724096
213,xair_atomic,0,,50.0,control,1,0,0,0,0,,935,control,0,,0.9580380283296108,2.2479379549622536,59.34172170236707,57.093783747404814,58.38368367403746,,,committed,59.72998046875,EXECUTE,authorization_committed,54.60606515407562,54.61681494489312,0.01074979081749916,4.732330795377493,,,54.81120990589261,59.338395949453115,59.349145740270615
214,xair_atomic,1,55.0,50.0,concurrent,1,0,0,0,1,937,936,after_check,0,after_middleware,0.9377100504934788,2.658277750015259,60.28201570734382,57.62373795732856,59.34430565685034,64.37842361629009,65.76604768633842,committed,60.94091796875,EXECUTE,authorization_committed,55.762645322829485,55.773335974663496,0.010690651834011078,4.515793640166521,59.66764269396663,68.00554972141981,54.66814059764147,60.278438962996006,60.28912961483002
215,xair_atomic,1,55.0,50.0,concurrent,1,0,0,0,1,939,938,after_check,0,after_middleware,1.226882915943861,2.6713740080595016,59.51869394630194,56.847319938242435,58.291811030358076,64.22815099358559,65.60560595244169,committed,59.8291015625,EXECUTE,authorization_committed,55.31213013455272,55.32471323385835,0.01258309930562973,4.203357733786106,59.388468973338604,67.63421278446913,54.35610469430685,59.51548786833882,59.52807096764445
216,xair_atomic,0,,50.0,control,1,0,0,0,0,,940,control,0,,1.1436264030635357,2.671502996236086,60.30934816226363,57.637845166027546,59.165721759200096,,,committed,61.534912109375,EXECUTE,authorization_committed,55.65777886658907,55.67312799394131,0.015349127352237701,4.64774202555418,,,54.73594879731536,60.30552089214325,60.32087001949549
217,xair_atomic,1,55.0,50.0,concurrent,1,0,0,0,1,942,941,after_check,0,after_middleware,1.1667991057038307,2.330021932721138,60.35552406683564,58.025502134114504,59.18872496113181,65.14736684039235,66.67530396953225,committed,61.212890625,EXECUTE,authorization_committed,55.46753108501434,55.47964386641979,0.012112781405448914,4.884717054665089,60.04014192149043,68.51575803011656,55.053223855793476,60.35224813967943,60.36436092108488
218,xair_atomic,1,55.0,50.0,after_release,1,0,0,0,1,944,943,after_check,0,after_middleware,1.1839722283184528,2.2462261840701103,60.469808988273144,58.22358280420303,59.28583675995469,64.91040205582976,66.4199348539114,committed,62.48388671875,EXECUTE,authorization_committed,55.21529773250222,55.23296073079109,0.017662998288869858,5.248859990388155,60.5493881739676,68.59023682773113,55.572628043591976,60.46415772289038,60.48182072117925
219,xair_atomic,0,,50.0,control,1,0,0,0,0,,945,control,0,,1.0696882382035255,2.742346841841936,59.68466494232416,56.942318100482225,58.614976704120636,,,committed,60.114990234375,EXECUTE,authorization_committed,55.31866196542978,55.33011304214597,0.011451076716184616,4.363367799669504,,,54.43826876580715,59.68202976509929,59.69348084181547
220,xair_atomic,1,55.0,50.0,concurrent,1,0,0,0,1,947,946,after_check,0,after_middleware,0.991330947726965,2.4378346279263496,61.45863467827439,59.02080005034804,60.46730373054743,65.54315984249115,66.69880775734782,committed,62.9208984375,EXECUTE,authorization_committed,56.39211693778634,56.41534132882953,0.023224391043186188,5.060245748609304,60.439311899244785,68.97718366235495,55.469604674726725,61.452362686395645,61.47558707743883
221,xair_atomic,1,55.0,50.0,after_release,1,0,0,0,1,949,948,after_check,0,after_middleware,0.7828092202544212,2.117062918841839,59.858822263777256,57.74175934493542,59.076013043522835,65.1623853482306,66.29544124007225,committed,61.10498046875,EXECUTE,authorization_committed,55.15996413305402,55.17628509551287,0.016320962458848953,4.693889059126377,60.01415429636836,68.50299425423145,55.023839231580496,59.853853192180395,59.870174154639244
222,xair_atomic,0,,50.0,control,1,0,0,0,0,,950,control,0,,1.1863969266414642,2.2475477308034897,59.50680188834667,57.25925415754318,58.32040496170521,,,committed,60.485107421875,EXECUTE,authorization_committed,55.076017044484615,55.09043391793966,0.014416873455047607,4.427128005772829,,,54.50875172391534,59.503145050257444,59.51756192371249
223,xair_atomic,0,,50.0,control,1,0,0,0,0,,951,control,0,,0.9191557765007019,2.246465999633074,59.06697595492005,56.82050995528698,58.14782017841935,,,committed,60.676025390625,EXECUTE,authorization_committed,54.5826512388885,54.59260009229183,0.00994885340332985,4.4818297028541565,,,54.55195298418403,59.06448094174266,59.07442979514599
224,xair_atomic,0,,50.0,control,1,0,0,0,0,,952,control,0,,0.9637181647121906,2.319131977856159,59.895160142332315,57.576028164476156,58.931441977620125,,,committed,60.85400390625,EXECUTE,authorization_committed,54.96766418218613,54.97716134414077,0.009497161954641342,4.924952052533627,,,54.996747989207506,59.89261623471975,59.902113396674395
225,xair_atomic,1,55.0,50.0,after_release,1,0,0,0,1,954,953,after_check,0,after_middleware,0.8423412218689919,2.1088682115077972,58.89836000278592,56.789491791278124,58.05601878091693,64.19163290411234,65.41116163134575,committed,60.597900390625,EXECUTE,authorization_committed,54.56271395087242,54.57183113321662,0.009117182344198227,4.333271645009518,59.522171039134264,67.69451685249805,54.52758772298694,58.89598559588194,58.90510277822614
226,xair_atomic,1,55.0,50.0,concurrent,1,0,0,0,1,956,955,after_check,0,after_middleware,1.1802250519394875,2.646857872605324,59.90425776690245,57.25739989429712,58.72403271496296,63.9877007342875,65.19515672698617,committed,60.841064453125,EXECUTE,authorization_committed,55.56535487994552,55.578891187906265,0.013536307960748672,4.334964789450169,59.51167084276676,67.42569291964173,54.52561378479004,59.900319669395685,59.913855977356434
227,xair_atomic,1,55.0,50.0,concurrent,1,0,0,0,1,958,957,after_check,0,after_middleware,0.9505730122327805,2.4271239526569843,60.327521059662104,57.90039710700512,59.37694804742932,64.2978623509407,65.50914514809847,committed,61.85693359375,EXECUTE,authorization_committed,55.788703728467226,55.802779737859964,0.014076009392738342,4.535732325166464,59.72665408626199,67.39173829555511,54.73855324089527,60.32443605363369,60.33851206302643
228,xair_atomic,1,55.0,50.0,concurrent,1,0,0,0,1,960,959,after_check,0,after_middleware,1.425915863364935,3.211576957255602,61.485664919018745,58.27408796176314,60.05974905565381,65.34639978781343,66.35153712704778,committed,62.39501953125,EXECUTE,authorization_committed,56.373200844973326,56.38737790286541,0.014177057892084122,5.10904798284173,60.31685182824731,68.32887697964907,55.33009395003319,61.482248827815056,61.49642588570714
229,xair_atomic,1,55.0,50.0,concurrent,1,0,0,0,1,962,961,after_check,0,after_middleware,1.0288110934197903,2.632009796798229,65.54043386131525,62.90842406451702,64.51162276789546,70.73825784027576,72.27964093908668,committed,66.884033203125,EXECUTE,authorization_committed,56.34873500093818,56.364834774285555,0.016099773347377777,9.18863294646144,64.52137092128396,74.53336007893085,59.535745065659285,65.53736794739962,65.553467720747
230,xair_atomic,1,55.0,50.0,concurrent,1,0,0,0,1,964,963,after_check,0,after_middleware,1.1750152334570885,2.4547670036554337,60.6656763702631,58.210909366607666,59.49066113680601,65.01417607069016,66.33781036362052,committed,61.830078125,EXECUTE,authorization_committed,55.8889121748507,55.904831271618605,0.015919096767902374,4.772907122969627,59.99668035656214,68.30871943384409,55.46600837260485,60.66181929782033,60.67773839458823
231,xair_atomic,0,,50.0,control,1,0,0,0,0,,965,control,0,,1.140741165727377,2.7496200054883957,60.40275329723954,57.653133291751146,59.262012131512165,,,committed,61.06298828125,EXECUTE,authorization_committed,55.50618330016732,55.53546827286482,0.029284972697496414,4.891410004347563,,,54.97600929811597,60.397593304514885,60.42687827721238
232,xair_atomic,1,55.0,50.0,concurrent,1,0,0,0,1,967,966,after_check,0,after_middleware,0.9490209631621838,2.5965729728341103,59.821121860295534,57.224548887461424,58.87210089713335,64.42623399198055,65.3951121494174,committed,61.27099609375,EXECUTE,authorization_committed,55.582085624337196,55.597304832190275,0.015219207853078842,4.235158208757639,59.40747493878007,67.32631614431739,54.41939504817128,59.817243833094835,59.832463040947914
233,xair_atomic,1,55.0,50.0,after_release,1,0,0,0,1,969,968,after_check,0,after_middleware,0.9447922930121422,2.156496047973633,59.51356329023838,57.35706724226475,58.56877099722624,64.22418402507901,65.45111630111933,committed,60.763916015625,EXECUTE,authorization_committed,54.764671716839075,54.779510013759136,0.014838296920061111,4.744964186102152,59.93516510352492,67.59098218753934,54.95992815122008,59.50963590294123,59.52447419986129
234,xair_atomic,0,,50.0,control,1,0,0,0,0,,970,control,0,,1.0578259825706482,2.373805269598961,59.571754187345505,57.197948917746544,58.51392820477486,,,committed,60.096923828125,EXECUTE,authorization_committed,55.23117817938328,55.247228126972914,0.01604994758963585,4.336338024586439,,,54.41286228597164,59.56751620396972,59.58356615155935
235,xair_atomic,1,55.0,50.0,concurrent,1,0,0,0,1,972,971,after_check,0,after_middleware,0.9460458531975746,2.468231599777937,60.628375969827175,58.16014437004924,59.6823301166296,65.65832532942295,66.83551426976919,committed,61.444091796875,EXECUTE,authorization_committed,55.58100389316678,55.60366716235876,0.022663269191980362,5.040198098868132,60.24401402100921,69.26189828664064,55.27341738343239,60.62120199203491,60.64386526122689
236,xair_atomic,1,55.0,50.0,concurrent,1,0,0,0,1,974,973,after_check,0,after_middleware,1.1044233106076717,2.434769179672003,60.9477860853076,58.513016905635595,59.843362774699926,65.4807728715241,66.88500801101327,committed,62.445068359375,EXECUTE,authorization_committed,55.70909380912781,55.725634563714266,0.016540754586458206,5.234003067016602,60.531945899128914,69.12287697196007,55.56935304775834,60.94309687614441,60.95963763073087
237,xair_atomic,1,55.0,50.0,after_release,1,0,0,0,1,976,975,after_check,0,after_middleware,0.8798809722065926,2.5079059414565563,59.84803102910519,57.34012508764863,58.968150056898594,65.08684298023582,66.28225604072213,committed,60.6298828125,EXECUTE,authorization_committed,55.14212977141142,55.15962280333042,0.017493031919002533,4.701543133705854,59.929244220256805,68.54740716516972,54.941503796726465,59.84367290511727,59.861165937036276
238,xair_atomic,1,55.0,50.0,after_release,1,0,0,0,1,978,977,after_check,0,after_middleware,0.8891290053725243,2.0847120322287083,58.975794818252325,56.89108278602362,58.0866658128798,65.42193191125989,66.82342197746038,committed,59.81689453125,EXECUTE,authorization_committed,54.296142887324095,54.31400565430522,0.017862766981124878,4.674883093684912,60.00457610934973,69.07744193449616,55.018038023263216,58.97102598100901,58.98888874799013
239,xair_atomic,1,55.0,50.0,concurrent,1,0,0,0,1,980,979,after_check,0,after_middleware,1.1857347562909126,2.7315658517181873,61.52708176523447,58.79551591351628,60.34134700894356,64.99787606298923,66.28747563809156,committed,62.50390625,EXECUTE,authorization_committed,56.58101011067629,56.60220002755523,0.021189916878938675,4.94080176576972,60.125842690467834,68.3631906285882,55.13866385444999,61.52181187644601,61.54300179332495
240,xair_atomic,1,60.0,50.0,after_release,1,0,0,0,1,982,981,after_check,0,after_middleware,1.0643978603184223,2.601873129606247,60.6076680123806,58.00579488277435,59.54327015206218,70.86199102923274,72.2997891716659,committed,61.341064453125,EXECUTE,authorization_committed,55.568280164152384,55.58654386550188,0.01826370134949684,5.035310052335262,65.31913904473186,74.62393119931221,55.344120133668184,60.603590216487646,60.62185391783714
241,xair_atomic,1,60.0,50.0,after_release,1,0,0,0,1,984,983,after_check,0,after_middleware,1.360652968287468,2.895824145525694,62.26665014401078,59.37082599848509,60.905997175723314,70.04533801227808,72.9212248697877,committed,63.39501953125,EXECUTE,authorization_committed,57.22889583557844,57.2471609339118,0.018265098333358765,5.032935179769993,65.28898188844323,75.1088997349143,55.31148798763752,62.261831015348434,62.28009611368179
242,xair_atomic,1,60.0,50.0,after_release,1,0,0,0,1,986,985,after_check,0,after_middleware,1.09447306022048,2.824710216373205,61.433936934918165,58.60922671854496,60.339463874697685,71.02724956348538,72.14762270450592,committed,62.860107421875,EXECUTE,authorization_committed,55.93197187408805,55.946389213204384,0.014417339116334915,5.49878878518939,65.71286683902144,74.01606859639287,55.70799158886075,61.43076065927744,61.445177998393774
243,xair_atomic,0,,50.0,control,1,0,0,0,0,,987,control,0,,1.140390057116747,2.6539801619946957,60.14889618381858,57.49491602182388,59.00850612670183,,,committed,60.68798828125,EXECUTE,authorization_committed,55.54845277220011,55.56523520499468,0.016782432794570923,4.595544189214706,,,54.65903412550688,60.143996961414814,60.160779394209385
244,xair_atomic,1,60.0,50.0,after_release,1,0,0,0,1,989,988,after_check,0,after_middleware,1.0131411254405975,2.3361039347946644,59.857750311493874,57.52164637669921,58.844609186053276,69.18978318572044,70.16411097720265,committed,60.762939453125,EXECUTE,authorization_committed,55.19405798986554,55.207802914083004,0.01374492421746254,4.659535363316536,64.83688438311219,72.49347306787968,54.846917279064655,59.85359335318208,59.86733827739954
245,xair_atomic,0,,50.0,control,1,0,0,0,0,,990,control,0,,0.762691255658865,1.9360133446753025,59.16722444817424,57.231211103498936,58.40453319251537,,,committed,61.14208984375,EXECUTE,authorization_committed,54.631541948765516,54.64493669569492,0.01339474692940712,4.531995393335819,,,54.61486103013158,59.163537342101336,59.17693208903074
246,xair_atomic,1,60.0,50.0,after_release,1,0,0,0,1,992,991,after_check,0,after_middleware,1.1054053902626038,2.4759573861956596,59.82302501797676,57.3470676317811,58.71761962771416,69.49045695364475,70.52611000835896,committed,60.781005859375,EXECUTE,authorization_committed,55.275260005146265,55.2877439185977,0.012483913451433182,4.544317722320557,64.81607491150498,72.84744596108794,54.823802784085274,59.81957772746682,59.832061640918255
247,xair_atomic,1,60.0,50.0,after_release,1,0,0,0,1,994,993,after_check,0,after_middleware,1.1131996288895607,2.78102932497859,61.41371000558138,58.63268068060279,60.30051037669182,70.86969492956996,72.21290562301874,committed,62.492919921875,EXECUTE,authorization_committed,56.12780014052987,56.1395320110023,0.011731870472431183,5.28300367295742,65.53771859034896,74.58577770739794,55.551277939230204,61.41080381348729,61.42253568395972
248,xair_atomic,1,60.0,50.0,after_release,1,0,0,0,1,996,995,after_check,0,after_middleware,1.1051138862967491,2.4820780381560326,60.41416386142373,57.9320858232677,59.30904997512698,69.8258769698441,70.97395090386271,committed,61.2080078125,EXECUTE,authorization_committed,55.56253902614117,55.57602411136031,0.013485085219144821,4.847757983952761,65.02730119973421,73.32711713388562,55.043917149305344,60.41029701009393,60.42378209531307
249,xair_atomic,0,,50.0,control,1,0,0,0,0,,997,control,0,,1.138846855610609,2.5841398164629936,59.4909219071269,56.90678209066391,58.352075051516294,,,committed,60.008056640625,EXECUTE,authorization_committed,54.90105785429478,54.91146771237254,0.010409858077764511,4.587449133396149,,,54.65879384428263,59.488506987690926,59.49891684576869
250,xair_atomic,1,60.0,50.0,after_release,1,0,0,0,1,999,998,after_check,0,after_middleware,1.102509442716837,2.4066558107733727,60.194551944732666,57.78789613395929,59.09204250201583,70.92092093080282,72.05112185329199,committed,60.946044921875,EXECUTE,authorization_committed,55.127333384007215,55.138333234936,0.010999850928783417,5.064984783530235,65.35867275670171,74.31129412725568,55.35827577114105,60.19231816753745,60.203318018466234
251,xair_atomic,1,60.0,50.0,after_release,1,0,0,0,1,1001,1000,after_check,0,after_middleware,1.0669422335922718,2.612603362649679,60.10456336662173,57.49196000397205,59.03762113302946,69.33099823072553,70.44484792277217,committed,61.510986328125,EXECUTE,authorization_committed,55.376030039042234,55.38539728149772,0.009367242455482483,4.726259037852287,64.91780607029796,72.75368133559823,54.924472235143185,60.10228907689452,60.111656319350004
252,xair_atomic,1,60.0,50.0,after_release,1,0,0,0,1,1003,1002,after_check,0,after_middleware,0.9240135550498962,2.1645519882440567,59.71919000148773,57.554638013243675,58.795176446437836,69.20408038422465,70.3945942223072,committed,60.8291015625,EXECUTE,authorization_committed,54.941754788160324,54.949298966676,0.007544178515672684,4.775472451001406,64.939777366817,72.19480210915208,54.94776600971818,59.71722723916173,59.7247714176774
253,xair_atomic,1,60.0,50.0,after_release,1,0,0,0,1,1005,1004,after_check,0,after_middleware,0.9089559316635132,2.0164242014288902,58.96679824218154,56.95037404075265,58.057842310518026,69.3043670617044,70.49271697178483,committed,60.6279296875,EXECUTE,authorization_committed,54.38302597030997,54.39143208786845,0.008406117558479309,4.5813871547579765,64.7412440739572,72.46951712295413,54.749193135648966,58.96441312506795,58.97281924262643
254,xair_atomic,1,60.0,50.0,after_release,1,0,0,0,1,1007,1006,after_check,0,after_middleware,1.0730340145528316,2.3461831733584404,59.2863280326128,56.94014485925436,58.21329401805997,69.07881377264857,70.27522008866072,committed,61.0830078125,EXECUTE,authorization_committed,54.82020601630211,54.82893204316497,0.008726026862859726,4.463676828891039,64.62694983929396,72.10094574838877,54.63332589715719,59.28388284519315,59.29260887205601
255,xair_atomic,0,,50.0,control,1,0,0,0,0,,1008,control,0,,0.8807028643786907,2.437734976410866,59.35396486893296,56.9162298925221,58.47326200455427,,,committed,60.472900390625,EXECUTE,authorization_committed,54.89201191812754,54.89991698414087,0.007905066013336182,4.459918942302465,,,54.527556989341974,59.35193086043,59.35983592644334
256,xair_atomic,1,60.0,50.0,after_release,1,0,0,0,1,1010,1009,after_check,0,after_middleware,0.9346739389002323,2.3105358704924583,59.94049506261945,57.62995919212699,59.005821123719215,69.43832896649837,70.547039154917,committed,60.884033203125,EXECUTE,authorization_committed,55.19277602434158,55.20576983690262,0.012993812561035156,4.744924139231443,64.92846505716443,72.58302997797728,54.948417004197836,59.93770016357303,59.95069397613406
257,xair_atomic,1,60.0,50.0,after_release,1,0,0,0,1,1012,1011,after_check,0,after_middleware,1.001289114356041,2.0556682720780373,59.2189310118556,57.163262739777565,58.21764189749956,69.28165489807725,70.34964906051755,committed,60.6259765625,EXECUTE,authorization_committed,54.748422000557184,54.756888188421726,0.008466187864542007,4.468254745006561,64.63624676689506,72.14970700442791,54.63981768116355,59.216676745563745,59.22514293342829
258,xair_atomic,0,,50.0,control,1,0,0,0,0,,1013,control,0,,0.9350148029625416,2.400765661150217,59.65720396488905,57.25643830373883,58.72218916192651,,,committed,60.14208984375,EXECUTE,authorization_committed,55.14548718929291,55.15940301120281,0.01391582190990448,4.5088110491633415,,,54.593651089817286,59.65429823845625,59.668214060366154
259,xair_atomic,1,60.0,50.0,after_release,1,0,0,0,1,1015,1014,after_check,0,after_middleware,1.0945438407361507,2.531560603529215,60.09863177314401,57.56707116961479,59.004087932407856,69.47685219347477,70.95271116122603,committed,61.090087890625,EXECUTE,authorization_committed,55.48145715147257,55.496455170214176,0.014998018741607666,4.613497760146856,64.79660794138908,73.0381547473371,54.81990613043308,60.094954911619425,60.10995293036103
260,xair_atomic,1,60.0,50.0,after_release,1,0,0,0,1,1017,1016,after_check,0,after_middleware,0.8319811895489693,2.1692709997296333,59.435307048261166,57.26603604853153,58.603325858712196,69.70035098493099,71.07863714918494,committed,60.467041015625,EXECUTE,authorization_committed,54.72450703382492,54.73619885742664,0.011691823601722717,4.707994870841503,64.87548584118485,72.82383181154728,54.8844370059669,59.432501904666424,59.44419372826815
261,xair_atomic,1,60.0,50.0,after_release,1,0,0,0,1,1019,1018,after_check,0,after_middleware,0.9208288975059986,2.6095681823790073,59.774213936179876,57.16464575380087,58.85338503867388,69.48151998221874,70.68599108606577,committed,61.177001953125,EXECUTE,authorization_committed,55.22349290549755,55.232801008969545,0.0093081034719944,4.54836618155241,64.71448391675949,72.8170801885426,54.727913811802864,59.77185908704996,59.781167190521955
262,xair_atomic,1,60.0,50.0,after_release,1,0,0,0,1,1021,1020,after_check,0,after_middleware,1.0073110461235046,2.2963089868426323,60.622434597462416,58.32612561061978,59.61512355133891,70.22567559033632,71.44981389865279,committed,62.177001953125,EXECUTE,authorization_committed,55.354618933051825,55.369087029248476,0.014468096196651459,5.264979787170887,65.49135176464915,73.47146794199944,55.50972977653146,60.61959872022271,60.63406681641936
263,xair_atomic,1,60.0,50.0,after_release,1,0,0,0,1,1023,1022,after_check,0,after_middleware,0.9026839397847652,2.606632187962532,60.51865126937628,57.912019081413746,59.61596732959151,70.46658918261528,71.51174126192927,committed,61.39208984375,EXECUTE,authorization_committed,55.261844769120216,55.28081115335226,0.01896638423204422,5.251826252788305,65.46282907947898,73.68375733494759,55.45347509905696,60.51367102190852,60.532637406140566
264,xair_atomic,1,60.0,50.0,after_release,1,0,0,0,1,1025,1024,after_check,0,after_middleware,0.8992268703877926,2.1880357526242733,59.06028300523758,56.872247252613306,58.16105613484979,69.32719983160496,70.43508905917406,committed,60.1689453125,EXECUTE,authorization_committed,54.77864807471633,54.79365633800626,0.015008263289928436,4.2777578346431255,64.50550211593509,72.33873195946217,54.50928304344416,59.056405909359455,59.07141417264938
265,xair_atomic,1,60.0,50.0,after_release,1,0,0,0,1,1027,1026,after_check,0,after_middleware,0.8599236607551575,2.147129736840725,59.3087999150157,57.16167017817497,58.44887625426054,69.36659384518862,70.39111712947488,committed,61.1640625,EXECUTE,authorization_committed,54.52941032126546,54.53923903405666,0.009828712791204453,4.776543937623501,64.96380222961307,72.44585314765573,54.96822390705347,59.30595425888896,59.315782971680164
266,xair_atomic,1,60.0,50.0,after_release,1,0,0,0,1,1029,1028,after_check,0,after_middleware,1.008261926472187,2.070495393127203,59.37897181138396,57.30847641825676,58.370709884911776,70.22660877555609,71.59605855122209,committed,61.26904296875,EXECUTE,authorization_committed,55.13999564573169,55.154453963041306,0.014458317309617996,4.234977997839451,64.56129672005773,73.79159890115261,54.56785298883915,59.37497364357114,59.389431960880756
267,xair_atomic,1,60.0,50.0,after_release,1,0,0,0,1,1031,1030,after_check,0,after_middleware,0.9907791391015053,2.483230084180832,61.287112068384886,58.803881984204054,60.29633292928338,70.78997511416674,71.98505802080035,committed,62.888916015625,EXECUTE,authorization_committed,55.261654779314995,55.27268582955003,0.011031050235033035,6.02217111736536,66.23581890016794,73.62151890993118,56.245781015604734,61.283825896680355,61.29485694691539
268,xair_atomic,1,60.0,50.0,after_release,1,0,0,0,1,1033,1032,after_check,0,after_middleware,1.1598770506680012,3.1136232428252697,61.606953386217356,58.493330143392086,60.447076335549355,71.03272201493382,72.34377227723598,committed,62.760986328125,EXECUTE,authorization_committed,56.971895042806864,57.00117023661733,0.02927519381046295,4.6280850656330585,64.82292804867029,74.37688717618585,54.912129417061806,61.59998010843992,61.629255302250385
269,xair_atomic,0,,50.0,control,1,0,0,0,0,,1034,control,0,,0.7776492275297642,1.99118722230196,60.05537137389183,58.06418415158987,59.277722146362066,,,committed,61.708984375,EXECUTE,authorization_committed,54.87996805459261,54.89187082275748,0.011902768164873123,5.172427278012037,,,55.247087962925434,60.05239533260465,60.06429810076952
270,xair_atomic,1,60.0,50.0,after_release,1,0,0,0,1,1036,1035,after_check,0,after_middleware,1.0509020648896694,2.2599208168685436,61.12453807145357,58.86461725458503,60.0736360065639,70.72553504258394,71.85880234465003,committed,62.39111328125,EXECUTE,authorization_committed,55.70364370942116,55.72790000587702,0.024256296455860138,5.414251238107681,65.67058898508549,73.75771505758166,55.70540810003877,61.11789494752884,61.1421512439847
271,xair_atomic,1,60.0,50.0,after_release,1,0,0,0,1,1038,1037,after_check,0,after_middleware,1.0237409733235836,2.3928508162498474,58.79973527044058,56.40688445419073,57.775994297116995,68.9421184360981,70.03365736454725,committed,59.864990234375,EXECUTE,authorization_committed,54.79496996849775,54.807282984256744,0.012313015758991241,4.001900088042021,64.1869050450623,72.11269810795784,54.194963071495295,58.796870056539774,58.809183072298765
272,xair_atomic,0,,50.0,control,1,0,0,0,0,,1039,control,0,,0.6283591501414776,2.1209102123975754,59.69619611278176,57.57528590038419,59.067836962640285,,,committed,61.031005859375,EXECUTE,authorization_committed,54.822309873998165,54.836477153003216,0.01416727900505066,4.8706200905144215,,,54.94630290195346,59.69292996451259,59.70709724351764
273,xair_atomic,1,60.0,50.0,after_release,1,0,0,0,1,1041,1040,after_check,0,after_middleware,0.886793714016676,2.1330430172383785,59.578525833785534,57.445482816547155,58.69173211976886,69.45841712877154,70.80912124365568,committed,61.320068359375,EXECUTE,authorization_committed,54.62762527167797,54.63947728276253,0.01185201108455658,4.947674926370382,65.17131114378572,72.79361505061388,55.180502124130726,59.57530019804835,59.58715220913291
274,xair_atomic,0,,50.0,control,1,0,0,0,0,,1042,control,0,,0.816411804407835,2.1260897628962994,58.42080293223262,56.29471316933632,57.60439112782478,,,committed,59.635009765625,EXECUTE,authorization_committed,54.54697413370013,54.55632088705897,0.009346753358840942,3.871405031532049,,,53.94569505006075,58.41837916523218,58.42772591859102
275,xair_atomic,1,60.0,50.0,after_release,1,0,0,0,1,1044,1043,after_check,0,after_middleware,0.8012838661670685,2.2786459885537624,59.49615081772208,57.21750482916832,58.694866951555014,69.4186007604003,70.45179000124335,committed,60.5390625,EXECUTE,authorization_committed,54.70255622640252,54.71167294308543,0.00911671668291092,4.791089799255133,64.97710663825274,72.73039687424898,54.979315027594566,59.493646025657654,59.502762742340565
276,xair_atomic,0,,50.0,control,1,0,0,0,0,,1045,control,0,,1.0835439898073673,2.6994659565389156,62.783821020275354,60.08435506373644,61.70027703046799,,,committed,64.176025390625,EXECUTE,authorization_committed,57.09179909899831,57.104443199932575,0.012644100934267044,5.689065903425217,,,55.78250205144286,62.780865002423525,62.79350910335779
277,xair_atomic,1,60.0,50.0,after_release,1,0,0,0,1,1047,1046,after_check,0,after_middleware,1.1373339220881462,2.8143920935690403,62.256340868771076,59.441948775202036,61.11900694668293,70.76501799747348,72.09671707823873,committed,63.928955078125,EXECUTE,authorization_committed,56.81943893432617,56.836670730262995,0.01723179593682289,5.433075129985809,65.71005191653967,74.37204709276557,55.7264368981123,62.25251406431198,62.269745860248804
278,xair_atomic,1,60.0,50.0,after_release,1,0,0,0,1,1049,1048,after_check,0,after_middleware,0.9148172102868557,3.3245389349758625,62.13395204395056,58.809413108974695,61.2191348336637,70.83012070506811,71.77589600905776,committed,62.653076171875,EXECUTE,authorization_committed,56.74473801627755,56.761539075523615,0.016801059246063232,5.384865682572126,65.71403983980417,73.94855283200741,55.72213977575302,62.12960369884968,62.14640475809574
279,xair_atomic,0,,50.0,control,1,0,0,0,0,,1050,control,0,,0.9964089840650558,2.545956987887621,60.454338788986206,57.908381801098585,59.45792980492115,,,committed,61.574951171875,EXECUTE,authorization_committed,55.56647712364793,55.58320879936218,0.01673167571425438,4.883403889834881,,,54.964045993983746,60.44988101348281,60.46661268919706
280,xair_atomic,1,100.0,50.0,after_release,1,0,0,0,1,1052,1051,after_check,0,after_middleware,0.8068839088082314,2.2673849016427994,59.167284052819014,56.899899151176214,58.36040014401078,109.80300791561604,110.99791992455721,committed,60.3369140625,EXECUTE,authorization_committed,54.86580170691013,54.877453949302435,0.01165224239230156,4.298045299947262,104.54723425209522,113.41924406588078,54.55557908862829,59.163847006857395,59.1754992492497
281,xair_atomic,0,,50.0,control,1,0,0,0,0,,1053,control,0,,1.072753220796585,2.611821983009577,60.49589812755585,57.88407614454627,59.42314490675926,,,committed,61.7451171875,EXECUTE,authorization_committed,55.81345083191991,55.83003209903836,0.01658126711845398,4.678159020841122,,,54.768438916653395,60.49160985276103,60.508191119879484
282,xair_atomic,1,100.0,50.0,after_release,1,0,0,0,1,1055,1054,after_check,0,after_middleware,0.9794384241104126,2.1524294279515743,60.52434118464589,58.37191175669432,59.54490276053548,110.96103210002184,112.38004453480244,committed,61.970947265625,EXECUTE,authorization_committed,55.27428863570094,55.291049648076296,0.016761012375354767,5.246065091341734,105.46782286837697,114.75737579166889,55.483100935816765,60.520353727042675,60.53711473941803
283,xair_atomic,1,100.0,50.0,after_release,1,0,0,0,1,1057,1056,after_check,0,after_middleware,1.038969960063696,2.5662253610789776,60.04154495894909,57.47531959787011,59.00257499888539,110.11219816282392,111.11415922641754,committed,60.575927734375,EXECUTE,authorization_committed,55.48153817653656,55.49583397805691,0.014295801520347595,4.557142034173012,104.72702188417315,113.41734090819955,54.7252781689167,60.03868021070957,60.05297601222992
284,xair_atomic,1,100.0,50.0,after_release,1,0,0,0,1,1059,1058,after_check,0,after_middleware,1.1166660115122795,2.6020328514277935,59.96996117755771,57.36792832612991,58.85329516604543,109.13744894787669,110.58166017755866,committed,60.98388671875,EXECUTE,authorization_committed,55.4881296120584,55.500372778624296,0.01224316656589508,4.478715360164642,104.65590935200453,112.89519118145108,54.65433606877923,59.96684497222304,59.97908813878894
285,xair_atomic,1,100.0,50.0,after_release,1,0,0,0,1,1061,1060,after_check,0,after_middleware,0.9914101101458073,2.383872866630554,59.81337698176503,57.42950411513448,58.821966871619225,110.03231909126043,111.233483068645,committed,60.97802734375,EXECUTE,authorization_committed,54.93492167443037,54.94606168940663,0.011140014976263046,4.8759812489151955,105.0374349579215,113.42601804062724,55.03194406628609,59.810902923345566,59.82204293832183
286,xair_atomic,1,100.0,50.0,after_release,1,0,0,0,1,1063,1062,after_check,0,after_middleware,0.9458949789404869,2.289155963808298,60.15728181228042,57.86812584847212,59.21138683333993,110.76352978125215,111.75830708816648,committed,62.044921875,EXECUTE,authorization_committed,55.06475595757365,55.08568463847041,0.020928680896759033,5.087627097964287,105.40590574964881,114.04429702088237,55.423758924007416,60.15238305553794,60.1733117364347
287,xair_atomic,1,100.0,50.0,after_release,1,0,0,0,1,1065,1064,after_check,0,after_middleware,1.2146285735070705,3.0452036298811436,60.14074059203267,57.09553696215153,58.9261120185256,109.8109227605164,111.19545064866543,committed,61.68994140625,EXECUTE,authorization_committed,55.94170093536377,55.95779186114669,0.01609092578291893,4.194350913167,104.35378178954124,113.22753457352519,54.36462163925171,60.13605184853077,60.15214277431369
288,xair_atomic,1,100.0,50.0,after_release,1,0,0,0,1,1067,1066,after_check,0,after_middleware,1.0627047158777714,2.500672824680805,63.05099278688431,60.5503199622035,61.98828807100654,110.91371299698949,111.92519078031182,committed,64.324951171875,EXECUTE,authorization_committed,57.82774090766907,57.84222763031721,0.014486722648143768,5.219635087996721,105.49572482705116,114.1233160160482,55.496425833553076,63.04737599566579,63.06186271831393
289,xair_atomic,1,100.0,50.0,after_release,1,0,0,0,1,1069,1068,after_check,0,after_middleware,1.0686456225812435,2.5521586649119854,60.350805055350065,57.79864639043808,59.28215943276882,110.13574246317148,111.20956717059016,committed,61.64208984375,EXECUTE,authorization_committed,55.199227295815945,55.213334038853645,0.014106743037700653,5.147560033947229,105.34446127712727,113.31532942131162,55.358116049319506,60.346787329763174,60.360894072800875
290,xair_atomic,1,100.0,50.0,after_release,1,0,0,0,1,1071,1070,after_check,0,after_middleware,0.9168898686766624,2.3985207080841064,59.55221597105265,57.15369526296854,58.635326102375984,108.95956493914127,110.01174012199044,committed,60.705078125,EXECUTE,authorization_committed,55.11944880709052,55.13176182284951,0.012313015758991241,4.429592285305262,104.58445502445102,112.26332513615489,54.60327910259366,59.54904109239578,59.561354108154774
291,xair_atomic,1,100.0,50.0,after_release,1,0,0,0,1,1073,1072,after_check,0,after_middleware,0.9650010615587234,2.5453371927142143,60.4335512034595,57.88821401074529,59.46855014190078,110.78942008316517,111.7321690544486,committed,61.089111328125,EXECUTE,authorization_committed,55.44030014425516,55.45082036405802,0.010520219802856445,4.99028479680419,105.14266323298216,113.61467093229294,55.14502711594105,60.43058494105935,60.44110516086221
292,xair_atomic,0,,50.0,control,1,0,0,0,0,,1074,control,0,,1.0641883127391338,3.7804748862981796,61.732168309390545,57.951693423092365,60.66797999665141,,,committed,61.19189453125,EXECUTE,authorization_committed,56.6227687522769,56.63362890481949,0.010860152542591095,5.106343422085047,,,55.18390936776996,61.729112174361944,61.739972326904535
293,xair_atomic,0,,50.0,control,1,0,0,0,0,,1075,control,0,,0.8903210982680321,1.9088820554316044,58.96642804145813,57.057545986026525,58.0761069431901,,,committed,60.72607421875,EXECUTE,authorization_committed,54.21108426526189,54.231863003224134,0.02077873796224594,4.7526890411973,,,54.81993593275547,58.96377330645919,58.984552044421434
294,xair_atomic,1,100.0,50.0,after_release,1,0,0,0,1,1077,1076,after_check,0,after_middleware,1.0782741010189056,2.577587030827999,60.08466612547636,57.50707909464836,59.006392024457455,110.22813618183136,111.57849989831448,committed,60.93994140625,EXECUTE,authorization_committed,55.33400969579816,55.35444896668196,0.0204392708837986,4.745606333017349,105.01229809597135,113.87674324214458,55.01152528449893,60.07961602881551,60.10005529969931
295,xair_atomic,0,,50.0,control,1,0,0,0,0,,1078,control,0,,1.0435688309371471,2.562017645686865,59.608482755720615,57.04646511003375,58.56491392478347,,,committed,61.02490234375,EXECUTE,authorization_committed,55.38640916347504,55.40673714131117,0.02032797783613205,4.215771798044443,,,54.30103186517954,59.60218096151948,59.62250893935561
296,xair_atomic,1,100.0,50.0,after_release,1,0,0,0,1,1080,1079,after_check,0,after_middleware,0.9263781830668449,2.397008240222931,60.81070797517896,58.413699734956026,59.88432979211211,111.38171097263694,112.72546276450157,committed,62.64111328125,EXECUTE,authorization_committed,55.48968305811286,55.507236160337925,0.01755310222506523,5.317107774317265,105.64177902415395,115.01246364787221,55.656385608017445,60.806790832430124,60.82434393465519
297,xair_atomic,0,,50.0,control,1,0,0,0,0,,1081,control,0,,1.0554608888924122,2.4655768647789955,60.492520686239004,58.02694382146001,59.43705979734659,,,committed,61.291015625,EXECUTE,authorization_committed,55.57820899412036,55.62252178788185,0.044312793761491776,4.909522831439972,,,54.98888297006488,60.48773182556033,60.53204461932182
298,xair_atomic,0,,50.0,control,1,0,0,0,0,,1082,control,0,,0.9623458608984947,2.403710037469864,59.59259206429124,57.188882026821375,58.630246203392744,,,committed,60.883056640625,EXECUTE,authorization_committed,55.06308330222964,55.075396317988634,0.012313015758991241,4.525281954556704,,,54.60150586441159,59.588365256786346,59.60067827254534
299,xair_atomic,1,100.0,50.0,after_release,1,0,0,0,1,1084,1083,after_check,0,after_middleware,1.127466093748808,2.506684046238661,60.405547730624676,57.898863684386015,59.27808163687587,109.81800593435764,111.10373865813017,committed,61.430908203125,EXECUTE,authorization_committed,55.81776797771454,55.83090288564563,0.013134907931089401,4.584633745253086,104.76480284705758,113.31474781036377,54.77509181946516,60.402401722967625,60.415536630898714
300,xair_atomic,0,,50.0,control,1,0,0,0,0,,1085,control,0,,0.9227120317518711,2.5094798766076565,60.43557496741414,57.926095090806484,59.51286293566227,,,committed,61.60400390625,EXECUTE,authorization_committed,55.259490851312876,55.275611113756895,0.016120262444019318,5.17141493037343,,,55.25286914780736,60.430905781686306,60.447026044130325
301,xair_atomic,1,100.0,50.0,after_release,1,0,0,0,1,1087,1086,after_check,0,after_middleware,1.2280442751944065,2.7067591436207294,61.70268217101693,58.9959230273962,60.474637895822525,111.50195728987455,113.00189094617963,committed,63.14208984375,EXECUTE,authorization_committed,55.94598921015859,55.971136316657066,0.025147106498479843,5.750481970608234,106.10045026987791,115.27875391766429,56.12127808853984,61.69647118076682,61.7216182872653
302,xair_atomic,0,,50.0,control,1,0,0,0,0,,1088,control,0,,0.9209681302309036,2.5641117244958878,60.96363486722112,58.39952314272523,60.04266673699021,,,committed,62.218017578125,EXECUTE,authorization_committed,55.65140629187226,55.68457907065749,0.03317277878522873,5.308130756020546,,,55.39266997948289,60.95953704789281,60.99270982667804
303,xair_atomic,0,,50.0,control,1,0,0,0,0,,1089,control,0,,1.1981390416622162,2.792110200971365,61.09913997352123,58.30702977254987,59.901000931859016,,,committed,62.492919921875,EXECUTE,authorization_committed,56.137578561902046,56.15825764834881,0.020679086446762085,4.956481046974659,,,55.05337379872799,61.094059608876705,61.11473869532347
304,xair_atomic,1,100.0,50.0,after_release,1,0,0,0,1,1091,1090,after_check,0,after_middleware,1.1404496617615223,2.667095046490431,60.86762482300401,58.20052977651358,59.727175161242485,110.55621178820729,111.87349399551749,committed,61.968994140625,EXECUTE,authorization_committed,55.69733306765556,55.709495674818754,0.012162607163190842,5.1668561063706875,105.34787783399224,113.97928604856133,55.36659201607108,60.86418917402625,60.87635178118944
305,xair_atomic,1,100.0,50.0,after_release,1,0,0,0,1,1093,1092,after_check,0,after_middleware,0.9224419482052326,2.29173107072711,59.57421800121665,57.28248693048954,58.65177605301142,109.73895713686943,111.08856974169612,committed,61.054931640625,EXECUTE,authorization_committed,54.885168094187975,54.90036681294441,0.015198718756437302,4.686133936047554,104.88059977069497,113.06314589455724,54.87604113295674,59.57130203023553,59.586500748991966
306,xair_atomic,1,100.0,50.0,after_release,1,0,0,0,1,1095,1094,after_check,0,after_middleware,0.9889560751616955,2.5699129328131676,59.63132483884692,57.061411906033754,58.642368763685226,113.11588482931256,114.18559215962887,committed,60.325927734375,EXECUTE,authorization_committed,55.01386011019349,55.02590211108327,0.012042000889778137,4.614819772541523,104.77265808731318,116.5514518506825,54.771233815699816,59.628679882735014,59.64072188362479
307,xair_atomic,1,100.0,50.0,after_release,1,0,0,0,1,1097,1096,after_check,0,after_middleware,0.9917221032083035,2.376760821789503,59.51349390670657,57.13673308491707,58.52177180349827,109.9969819188118,111.17008281871676,committed,61.22509765625,EXECUTE,authorization_committed,55.13826385140419,55.15123810619116,0.012974254786968231,4.372193943709135,104.54720491543412,113.28959977254272,54.55632088705897,59.510457795113325,59.52343204990029
308,xair_atomic,1,100.0,50.0,after_release,1,0,0,0,1,1099,1098,after_check,0,after_middleware,0.9731571190059185,2.021083142608404,59.32240607216954,57.30132292956114,58.349248953163624,110.57473719120026,111.65034491568804,committed,61.220947265625,EXECUTE,authorization_committed,54.83120679855347,54.845103062689304,0.013896264135837555,4.488393198698759,104.75344210863113,113.89715131372213,54.76351035758853,59.319599997252226,59.33349626138806
309,xair_atomic,0,,50.0,control,1,0,0,0,0,,1100,control,0,,0.9006899781525135,2.101282589137554,58.981786016374826,56.88050342723727,58.08109603822231,,,committed,59.823974609375,EXECUTE,authorization_committed,54.559567011892796,54.573964793235064,0.01439778134226799,4.418682307004929,,,54.497942328453064,58.978249318897724,58.99264710023999
310,xair_atomic,1,100.0,50.0,after_release,1,0,0,0,1,1102,1101,after_check,0,after_middleware,1.076670829206705,2.552721183747053,59.890721924602985,57.33800074085593,58.81405109539628,109.90079212933779,110.84156669676304,committed,60.85400390625,EXECUTE,authorization_committed,55.32714677974582,55.33664487302303,0.009498093277215958,4.561270121484995,104.73074903711677,112.9583390429616,54.73159998655319,59.88841690123081,59.89791499450803
311,xair_atomic,1,100.0,50.0,after_release,1,0,0,0,1,1104,1103,after_check,0,after_middleware,0.9140148758888245,2.3400820791721344,61.534917913377285,59.19483583420515,60.62090303748846,110.7457778416574,111.72630824148655,committed,63.27099609375,EXECUTE,authorization_committed,56.06792774051428,56.09119078144431,0.02326304093003273,5.460468120872974,105.77607108280063,114.06585806980729,55.82102481275797,61.52839586138725,61.551658902317286
312,xair_atomic,1,100.0,50.0,after_release,1,0,0,0,1,1106,1105,after_check,0,after_middleware,1.3304869644343853,2.7013886719942093,61.343006789684296,58.641618117690086,60.01251982524991,110.634027980268,111.69328493997455,committed,62.158935546875,EXECUTE,authorization_committed,56.020769756287336,56.04944285005331,0.028673093765974045,5.3155249916017056,105.61660211533308,114.10564184188843,55.58282695710659,61.33629474788904,61.364967841655016
313,xair_atomic,1,100.0,50.0,after_release,1,0,0,0,1,1108,1107,after_check,0,after_middleware,1.174463890492916,2.5866739451885223,60.278560034930706,57.691886089742184,59.10409614443779,109.69090787693858,110.7244179584086,committed,60.968017578125,EXECUTE,authorization_committed,55.586082860827446,55.604347959160805,0.018265098333358765,4.686805885285139,104.97471783310175,113.09827212244272,54.98103890568018,60.272888746112585,60.291153844445944
314,xair_atomic,1,100.0,50.0,after_release,1,0,0,0,1,1110,1109,after_check,0,after_middleware,1.1901529505848885,2.4352497421205044,61.255532782524824,58.82028304040432,60.065379831939936,110.91562593355775,112.0955809019506,committed,62.39208984375,EXECUTE,authorization_committed,55.9957530349493,56.01270403712988,0.016951002180576324,5.256143864244223,105.57923186570406,114.51298696920276,55.66893983632326,61.251896899193525,61.2688479013741
315,xair_atomic,1,100.0,50.0,after_release,1,0,0,0,1,1112,1111,after_check,0,after_middleware,1.1942819692194462,2.5808140635490417,60.691004153341055,58.11019008979201,59.49672218412161,110.71154335513711,112.01169341802597,committed,61.989013671875,EXECUTE,authorization_committed,55.6112308986485,55.631618946790695,0.020388048142194748,5.074633285403252,105.30028818175197,114.30143006145954,55.29109016060829,60.68586418405175,60.70625223219395
316,xair_atomic,1,100.0,50.0,after_release,1,0,0,0,1,1114,1113,after_check,0,after_middleware,1.0837540030479431,2.3878919892013073,60.05009077489376,57.66219878569245,58.96633677184582,110.14974815770984,111.41507280990481,committed,61.572998046875,EXECUTE,authorization_committed,55.25128496810794,55.26749603450298,0.016211066395044327,4.794947803020477,104.99218991026282,113.23517886921763,55.002417881041765,60.046232771128416,60.06244383752346
317,xair_atomic,1,100.0,50.0,after_release,1,0,0,0,1,1116,1115,after_check,0,after_middleware,0.9346138685941696,2.1209497936069965,59.904186986386776,57.78323719277978,58.969573117792606,110.77651521191001,112.00198391452432,committed,61.94091796875,EXECUTE,authorization_committed,55.244163144379854,55.26331812143326,0.019154977053403854,4.655575845390558,104.90379389375448,114.20958722010255,54.89361425861716,59.89973898977041,59.918893966823816
318,xair_atomic,1,100.0,50.0,after_release,1,0,0,0,1,1118,1117,after_check,0,after_middleware,0.9466656483709812,2.1088970825076103,59.75650995969772,57.64761287719011,58.80984431132674,110.61327904462814,111.92510090768337,committed,60.77392578125,EXECUTE,authorization_committed,55.17715588212013,55.19741401076317,0.02025812864303589,4.573734011501074,104.8717643134296,114.22322317957878,54.866463877260685,59.750889893621206,59.77114802226424
319,xair_atomic,1,100.0,50.0,after_release,1,0,0,0,1,1120,1119,after_check,0,after_middleware,0.7939399220049381,2.007578033953905,59.47506194934249,57.467483915388584,58.68112202733755,110.46650307253003,111.75550194457173,committed,60.468017578125,EXECUTE,authorization_committed,54.87039079889655,54.88607985898852,0.01568906009197235,4.600293003022671,104.79751508682966,114.17099507525563,54.784629959613085,59.47068380191922,59.486372862011194
