version_scope,pattern,target_rate_hz,run,gateway_released,outcome,reason,e2e_latency_ms,validation_to_gate_ms,achieved_rate_hz,goodput_ips
global,unrelated,0,0,1,EXECUTE,published_after_gate_recheck,16.0003867931664,4.420896992087364,0.0,66.82819441729929
global,unrelated,0,1,1,EXECUTE,published_after_gate_recheck,14.894902240484953,4.2155710980296135,0.0,66.82819441729929
global,unrelated,0,2,1,EXECUTE,published_after_gate_recheck,14.413919299840927,4.14367625489831,0.0,66.82819441729929
global,unrelated,0,3,1,EXECUTE,published_after_gate_recheck,14.277252834290266,4.329745192080736,0.0,66.82819441729929
global,unrelated,0,4,1,EXECUTE,published_after_gate_recheck,15.510517172515392,4.116555210202932,0.0,66.82819441729929
global,unrelated,0,5,1,EXECUTE,published_after_gate_recheck,15.285125002264977,4.1069770231842995,0.0,66.82819441729929
global,unrelated,0,6,1,EXECUTE,published_after_gate_recheck,15.2788320556283,4.61798720061779,0.0,66.82819441729929
global,unrelated,0,7,1,EXECUTE,published_after_gate_recheck,14.818958938121796,4.1709472425282,0.0,66.82819441729929
global,unrelated,0,8,1,EXECUTE,published_after_gate_recheck,14.208863954991102,3.900779876857996,0.0,66.82819441729929
global,unrelated,0,9,1,EXECUTE,published_after_gate_recheck,14.761912636458874,3.862769342958927,0.0,66.82819441729929
global,unrelated,0,10,1,EXECUTE,published_after_gate_recheck,15.576319769024849,4.455201327800751,0.0,66.82819441729929
global,unrelated,0,11,1,EXECUTE,published_after_gate_recheck,14.440638944506645,4.184643272310495,0.0,66.82819441729929
global,unrelated,0,12,1,EXECUTE,published_after_gate_recheck,14.750640839338303,3.9404937997460365,0.0,66.82819441729929
global,unrelated,0,13,1,EXECUTE,published_after_gate_recheck,14.821202959865332,4.264443181455135,0.0,66.82819441729929
global,unrelated,0,14,1,EXECUTE,published_after_gate_recheck,14.642158057540655,4.050241317600012,0.0,66.82819441729929
global,unrelated,0,15,1,EXECUTE,published_after_gate_recheck,14.973668847233057,3.7867859937250614,0.0,66.82819441729929
global,unrelated,0,16,1,EXECUTE,published_after_gate_recheck,14.078650157898664,4.114190116524696,0.0,66.82819441729929
global,unrelated,0,17,1,EXECUTE,published_after_gate_recheck,13.822057750076056,3.5281809978187084,0.0,66.82819441729929
global,unrelated,0,18,1,EXECUTE,published_after_gate_recheck,14.501723926514387,4.263239912688732,0.0,66.82819441729929
global,unrelated,0,19,1,EXECUTE,published_after_gate_recheck,16.120311804115772,3.9652311243116856,0.0,66.82819441729929
global,unrelated,0,20,1,EXECUTE,published_after_gate_recheck,14.788252301514149,4.158804193139076,0.0,66.82819441729929
global,unrelated,0,21,1,EXECUTE,published_after_gate_recheck,14.606901910156012,4.106906708329916,0.0,66.82819441729929
global,unrelated,0,22,1,EXECUTE,published_after_gate_recheck,14.772292226552963,4.086859989911318,0.0,66.82819441729929
global,unrelated,0,23,1,EXECUTE,published_after_gate_recheck,13.663672376424074,3.7629613652825356,0.0,66.82819441729929
global,unrelated,0,24,1,EXECUTE,published_after_gate_recheck,14.760650228708982,3.9739273488521576,0.0,66.82819441729929
global,unrelated,0,25,1,EXECUTE,published_after_gate_recheck,16.25182945281267,4.190023057162762,0.0,66.82819441729929
global,unrelated,0,26,1,EXECUTE,published_after_gate_recheck,14.789714943617582,4.104433115571737,0.0,66.82819441729929
global,unrelated,0,27,1,EXECUTE,published_after_gate_recheck,14.59597097709775,4.159696400165558,0.0,66.82819441729929
global,unrelated,0,28,1,EXECUTE,published_after_gate_recheck,14.69926442950964,4.128909204155207,0.0,66.82819441729929
global,unrelated,0,29,1,EXECUTE,published_after_gate_recheck,16.52906881645322,4.383014980703592,0.0,66.82819441729929
global,unrelated,0,30,1,EXECUTE,published_after_gate_recheck,14.958431012928486,4.20816708356142,0.0,66.82819441729929
global,unrelated,0,31,1,EXECUTE,published_after_gate_recheck,13.915133196860552,3.661592025309801,0.0,66.82819441729929
global,unrelated,0,32,1,EXECUTE,published_after_gate_recheck,14.800143893808126,4.041645210236311,0.0,66.82819441729929
global,unrelated,0,33,1,EXECUTE,published_after_gate_recheck,14.907545410096645,4.429802764207125,0.0,66.82819441729929
global,unrelated,0,34,1,EXECUTE,published_after_gate_recheck,15.974437817931175,4.172651097178459,0.0,66.82819441729929
global,unrelated,0,35,1,EXECUTE,published_after_gate_recheck,16.042885836213827,4.514072090387344,0.0,66.82819441729929
global,unrelated,0,36,1,EXECUTE,published_after_gate_recheck,14.909279067069292,3.9652311243116856,0.0,66.82819441729929
global,unrelated,0,37,1,EXECUTE,published_after_gate_recheck,14.519998338073492,4.0667313151061535,0.0,66.82819441729929
global,unrelated,0,38,1,EXECUTE,published_after_gate_recheck,15.522880014032125,4.647661931812763,0.0,66.82819441729929
global,unrelated,0,39,1,EXECUTE,published_after_gate_recheck,14.626036863774061,4.3002101592719555,0.0,66.82819441729929
global,unrelated,0,40,1,EXECUTE,published_after_gate_recheck,15.795783139765263,4.722150973975658,0.0,66.82819441729929
global,unrelated,0,41,1,EXECUTE,published_after_gate_recheck,14.844978228211403,4.06257389113307,0.0,66.82819441729929
global,unrelated,0,42,1,EXECUTE,published_after_gate_recheck,14.748107176274061,4.166539758443832,0.0,66.82819441729929
global,unrelated,0,43,1,EXECUTE,published_after_gate_recheck,14.39878111705184,4.350204020738602,0.0,66.82819441729929
global,unrelated,0,44,1,EXECUTE,published_after_gate_recheck,14.571214094758034,4.160487093031406,0.0,66.82819441729929
global,unrelated,0,45,1,EXECUTE,published_after_gate_recheck,14.431973919272423,3.7704259157180786,0.0,66.82819441729929
global,unrelated,0,46,1,EXECUTE,published_after_gate_recheck,13.64106871187687,3.8909511640667915,0.0,66.82819441729929
global,unrelated,0,47,1,EXECUTE,published_after_gate_recheck,14.472870156168938,3.8722059689462185,0.0,66.82819441729929
global,unrelated,0,48,1,EXECUTE,published_after_gate_recheck,15.1433190330863,4.119060002267361,0.0,66.82819441729929
global,unrelated,0,49,1,EXECUTE,published_after_gate_recheck,16.209037974476814,4.72054909914732,0.0,66.82819441729929
global,unrelated,0,50,1,EXECUTE,published_after_gate_recheck,16.342889051884413,5.083288997411728,0.0,66.82819441729929
global,unrelated,0,51,1,EXECUTE,published_after_gate_recheck,15.429765917360783,4.321761429309845,0.0,66.82819441729929
global,unrelated,0,52,1,EXECUTE,published_after_gate_recheck,14.88000387325883,3.9115911349654198,0.0,66.82819441729929
global,unrelated,0,53,1,EXECUTE,published_after_gate_recheck,14.310254249721766,4.133547190576792,0.0,66.82819441729929
global,unrelated,0,54,1,EXECUTE,published_after_gate_recheck,14.413728844374418,4.061813000589609,0.0,66.82819441729929
global,unrelated,0,55,1,EXECUTE,published_after_gate_recheck,13.839931692928076,3.7242090329527855,0.0,66.82819441729929
global,unrelated,0,56,1,EXECUTE,published_after_gate_recheck,14.611631166189909,3.8789291866123676,0.0,66.82819441729929
global,unrelated,0,57,1,EXECUTE,published_after_gate_recheck,14.705265872180462,3.78004414960742,0.0,66.82819441729929
global,unrelated,0,58,1,EXECUTE,published_after_gate_recheck,14.786368235945702,4.280312918126583,0.0,66.82819441729929
global,unrelated,0,59,1,EXECUTE,published_after_gate_recheck,14.98203631490469,4.228304605931044,0.0,66.82819441729929
global,unrelated,0,60,1,EXECUTE,published_after_gate_recheck,13.805237133055925,3.5766521468758583,0.0,66.82819441729929
global,unrelated,0,61,1,EXECUTE,published_after_gate_recheck,14.753357041627169,3.9646001532673836,0.0,66.82819441729929
global,unrelated,0,62,1,EXECUTE,published_after_gate_recheck,14.108597300946712,3.9085447788238525,0.0,66.82819441729929
global,unrelated,0,63,1,EXECUTE,published_after_gate_recheck,14.588195830583572,4.530101083219051,0.0,66.82819441729929
global,unrelated,0,64,1,EXECUTE,published_after_gate_recheck,14.692091848701239,4.467853810638189,0.0,66.82819441729929
global,unrelated,0,65,1,EXECUTE,published_after_gate_recheck,15.041898004710674,4.716270603239536,0.0,66.82819441729929
global,unrelated,0,66,1,EXECUTE,published_after_gate_recheck,15.361166559159756,4.7907899133861065,0.0,66.82819441729929
global,unrelated,0,67,1,EXECUTE,published_after_gate_recheck,15.012363437563181,4.1741132736206055,0.0,66.82819441729929
global,unrelated,0,68,1,EXECUTE,published_after_gate_recheck,14.437453355640173,3.9112302474677563,0.0,66.82819441729929
global,unrelated,0,69,1,EXECUTE,published_after_gate_recheck,14.57440061494708,4.194761626422405,0.0,66.82819441729929
global,unrelated,0,70,1,EXECUTE,published_after_gate_recheck,14.735523145645857,4.307202994823456,0.0,66.82819441729929
global,unrelated,0,71,1,EXECUTE,published_after_gate_recheck,14.720184728503227,3.7379846908152103,0.0,66.82819441729929
global,unrelated,0,72,1,EXECUTE,published_after_gate_recheck,14.119205996394157,3.6746449768543243,0.0,66.82819441729929
global,unrelated,0,73,1,EXECUTE,published_after_gate_recheck,15.312234871089458,4.367395769804716,0.0,66.82819441729929
global,unrelated,0,74,1,EXECUTE,published_after_gate_recheck,14.720926061272621,4.356535151600838,0.0,66.82819441729929
global,unrelated,0,75,1,EXECUTE,published_after_gate_recheck,15.782767906785011,4.853597842156887,0.0,66.82819441729929
global,unrelated,0,76,1,EXECUTE,published_after_gate_recheck,15.835737809538841,4.273560363799334,0.0,66.82819441729929
global,unrelated,0,77,1,EXECUTE,published_after_gate_recheck,15.011792071163654,4.44965111091733,0.0,66.82819441729929
global,unrelated,0,78,1,EXECUTE,published_after_gate_recheck,14.969502110034227,4.249614663422108,0.0,66.82819441729929
global,unrelated,0,79,1,EXECUTE,published_after_gate_recheck,14.418879058212042,3.95437004044652,0.0,66.82819441729929
global,unrelated,0,80,1,EXECUTE,published_after_gate_recheck,15.701666008681059,4.276544786989689,0.0,66.82819441729929
global,unrelated,0,81,1,EXECUTE,published_after_gate_recheck,14.798822347074747,4.085638094693422,0.0,66.82819441729929
global,unrelated,0,82,1,EXECUTE,published_after_gate_recheck,14.487436972558498,4.126633983105421,0.0,66.82819441729929
global,unrelated,0,83,1,EXECUTE,published_after_gate_recheck,15.090147964656353,4.195122048258781,0.0,66.82819441729929
global,unrelated,0,84,1,EXECUTE,published_after_gate_recheck,14.394011814147234,4.216192290186882,0.0,66.82819441729929
global,unrelated,0,85,1,EXECUTE,published_after_gate_recheck,14.472619164735079,4.267557989805937,0.0,66.82819441729929
global,unrelated,0,86,1,EXECUTE,published_after_gate_recheck,14.534574933350086,4.236379638314247,0.0,66.82819441729929
global,unrelated,0,87,1,EXECUTE,published_after_gate_recheck,13.880118262022734,3.90952592715621,0.0,66.82819441729929
global,unrelated,0,88,1,EXECUTE,published_after_gate_recheck,14.546638820320368,4.113519098609686,0.0,66.82819441729929
global,unrelated,0,89,1,EXECUTE,published_after_gate_recheck,14.161755796521902,3.9027640596032143,0.0,66.82819441729929
global,unrelated,0,90,1,EXECUTE,published_after_gate_recheck,14.823939185589552,4.256346728652716,0.0,66.82819441729929
global,unrelated,0,91,1,EXECUTE,published_after_gate_recheck,15.659356024116278,4.142103251069784,0.0,66.82819441729929
global,unrelated,0,92,1,EXECUTE,published_after_gate_recheck,14.596011023968458,4.05851611867547,0.0,66.82819441729929
global,unrelated,0,93,1,EXECUTE,published_after_gate_recheck,16.633976250886917,4.091088194400072,0.0,66.82819441729929
global,unrelated,0,94,1,EXECUTE,published_after_gate_recheck,15.015819109976292,4.2619179002940655,0.0,66.82819441729929
global,unrelated,0,95,1,EXECUTE,published_after_gate_recheck,15.02722967416048,4.086678847670555,0.0,66.82819441729929
global,unrelated,0,96,1,EXECUTE,published_after_gate_recheck,14.984189998358488,4.625981207937002,0.0,66.82819441729929
global,unrelated,0,97,1,EXECUTE,published_after_gate_recheck,15.612618066370487,4.048948176205158,0.0,66.82819441729929
global,unrelated,0,98,1,EXECUTE,published_after_gate_recheck,16.419272869825363,4.858157131820917,0.0,66.82819441729929
global,unrelated,0,99,1,EXECUTE,published_after_gate_recheck,16.355734318494797,5.521632265299559,0.0,66.82819441729929
readset,unrelated,0,0,1,EXECUTE,published_after_gate_recheck,15.684753656387329,4.642782267183065,0.0,66.41556024776376
readset,unrelated,0,1,1,EXECUTE,published_after_gate_recheck,18.28959258273244,4.401800688356161,0.0,66.41556024776376
readset,unrelated,0,2,1,EXECUTE,published_after_gate_recheck,16.82953303679824,4.258322063833475,0.0,66.41556024776376
readset,unrelated,0,3,1,EXECUTE,published_after_gate_recheck,16.792322974652052,5.088921170681715,0.0,66.41556024776376
readset,unrelated,0,4,1,EXECUTE,published_after_gate_recheck,16.925813630223274,4.63436683639884,0.0,66.41556024776376
readset,unrelated,0,5,1,EXECUTE,published_after_gate_recheck,15.53467195481062,4.248982761055231,0.0,66.41556024776376
readset,unrelated,0,6,1,EXECUTE,published_after_gate_recheck,14.68297466635704,3.998973872512579,0.0,66.41556024776376
readset,unrelated,0,7,1,EXECUTE,published_after_gate_recheck,15.006741043180227,4.685202147811651,0.0,66.41556024776376
readset,unrelated,0,8,1,EXECUTE,published_after_gate_recheck,14.87185899168253,3.7707858718931675,0.0,66.41556024776376
readset,unrelated,0,9,1,EXECUTE,published_after_gate_recheck,14.720635022968054,4.000487271696329,0.0,66.41556024776376
readset,unrelated,0,10,1,EXECUTE,published_after_gate_recheck,14.449966605752707,4.149977117776871,0.0,66.41556024776376
readset,unrelated,0,11,1,EXECUTE,published_after_gate_recheck,14.662615954875946,4.174584057182074,0.0,66.41556024776376
readset,unrelated,0,12,1,EXECUTE,published_after_gate_recheck,14.184038154780865,4.513280000537634,0.0,66.41556024776376
readset,unrelated,0,13,1,EXECUTE,published_after_gate_recheck,13.742208946496248,4.13923803716898,0.0,66.41556024776376
readset,unrelated,0,14,1,EXECUTE,published_after_gate_recheck,13.175895903259516,3.992772661149502,0.0,66.41556024776376
readset,unrelated,0,15,1,EXECUTE,published_after_gate_recheck,15.345507767051458,4.6996003948152065,0.0,66.41556024776376
readset,unrelated,0,16,1,EXECUTE,published_after_gate_recheck,14.217781834304333,4.020154010504484,0.0,66.41556024776376
readset,unrelated,0,17,1,EXECUTE,published_after_gate_recheck,14.536358881741762,3.94665589556098,0.0,66.41556024776376
readset,unrelated,0,18,1,EXECUTE,published_after_gate_recheck,13.800428248941898,4.373427014797926,0.0,66.41556024776376
readset,unrelated,0,19,1,EXECUTE,published_after_gate_recheck,14.761982951313257,4.789188038557768,0.0,66.41556024776376
readset,unrelated,0,20,1,EXECUTE,published_after_gate_recheck,13.567240908741951,4.056361969560385,0.0,66.41556024776376
readset,unrelated,0,21,1,EXECUTE,published_after_gate_recheck,14.482347760349512,3.950023092329502,0.0,66.41556024776376
readset,unrelated,0,22,1,EXECUTE,published_after_gate_recheck,14.356440864503384,4.187919199466705,0.0,66.41556024776376
readset,unrelated,0,23,1,EXECUTE,published_after_gate_recheck,14.19475907459855,4.240466747432947,0.0,66.41556024776376
readset,unrelated,0,24,1,EXECUTE,published_after_gate_recheck,14.43794509395957,3.9539900608360767,0.0,66.41556024776376
readset,unrelated,0,25,1,EXECUTE,published_after_gate_recheck,13.763399329036474,4.211253020912409,0.0,66.41556024776376
readset,unrelated,0,26,1,EXECUTE,published_after_gate_recheck,13.982219155877829,3.8318107835948467,0.0,66.41556024776376
readset,unrelated,0,27,1,EXECUTE,published_after_gate_recheck,13.900365680456161,3.989165648818016,0.0,66.41556024776376
readset,unrelated,0,28,1,EXECUTE,published_after_gate_recheck,15.785263385623693,4.356826189905405,0.0,66.41556024776376
readset,unrelated,0,29,1,EXECUTE,published_after_gate_recheck,14.942300971597433,4.217955749481916,0.0,66.41556024776376
readset,unrelated,0,30,1,EXECUTE,published_after_gate_recheck,15.014596283435822,4.428179934620857,0.0,66.41556024776376
readset,unrelated,0,31,1,EXECUTE,published_after_gate_recheck,14.313200023025274,3.9512552320957184,0.0,66.41556024776376
readset,unrelated,0,32,1,EXECUTE,published_after_gate_recheck,15.397083945572376,4.360503982752562,0.0,66.41556024776376
readset,unrelated,0,33,1,EXECUTE,published_after_gate_recheck,13.697093818336725,4.13003982976079,0.0,66.41556024776376
readset,unrelated,0,34,1,EXECUTE,published_after_gate_recheck,13.9702670276165,4.406219348311424,0.0,66.41556024776376
readset,unrelated,0,35,1,EXECUTE,published_after_gate_recheck,14.624925330281258,4.109732806682587,0.0,66.41556024776376
readset,unrelated,0,36,1,EXECUTE,published_after_gate_recheck,13.889996334910393,3.548148088157177,0.0,66.41556024776376
readset,unrelated,0,37,1,EXECUTE,published_after_gate_recheck,14.899902045726776,4.533055704087019,0.0,66.41556024776376
readset,unrelated,0,38,1,EXECUTE,published_after_gate_recheck,14.708340633660555,4.040241707116365,0.0,66.41556024776376
readset,unrelated,0,39,1,EXECUTE,published_after_gate_recheck,14.306848868727684,4.2041088454425335,0.0,66.41556024776376
readset,unrelated,0,40,1,EXECUTE,published_after_gate_recheck,14.342877082526684,4.406529013067484,0.0,66.41556024776376
readset,unrelated,0,41,1,EXECUTE,published_after_gate_recheck,14.063050970435143,4.246389027684927,0.0,66.41556024776376
readset,unrelated,0,42,1,EXECUTE,published_after_gate_recheck,14.055156148970127,3.9220801554620266,0.0,66.41556024776376
readset,unrelated,0,43,1,EXECUTE,published_after_gate_recheck,15.402254182845354,4.459979012608528,0.0,66.41556024776376
readset,unrelated,0,44,1,EXECUTE,published_after_gate_recheck,14.190088957548141,4.196485038846731,0.0,66.41556024776376
readset,unrelated,0,45,1,EXECUTE,published_after_gate_recheck,15.017392113804817,4.262649919837713,0.0,66.41556024776376
readset,unrelated,0,46,1,EXECUTE,published_after_gate_recheck,15.278943348675966,4.306672140955925,0.0,66.41556024776376
readset,unrelated,0,47,1,EXECUTE,published_after_gate_recheck,14.547260012477636,4.260685760527849,0.0,66.41556024776376
readset,unrelated,0,48,1,EXECUTE,published_after_gate_recheck,14.463101979345083,4.108660854399204,0.0,66.41556024776376
readset,unrelated,0,49,1,EXECUTE,published_after_gate_recheck,15.704139601439238,4.426867235451937,0.0,66.41556024776376
readset,unrelated,0,50,1,EXECUTE,published_after_gate_recheck,18.19913275539875,4.595523700118065,0.0,66.41556024776376
readset,unrelated,0,51,1,EXECUTE,published_after_gate_recheck,15.68068703636527,4.328452050685883,0.0,66.41556024776376
readset,unrelated,0,52,1,EXECUTE,published_after_gate_recheck,14.882860239595175,4.087961744517088,0.0,66.41556024776376
readset,unrelated,0,53,1,EXECUTE,published_after_gate_recheck,14.935668092221022,4.285382106900215,0.0,66.41556024776376
readset,unrelated,0,54,1,EXECUTE,published_after_gate_recheck,15.392906963825226,4.302904941141605,0.0,66.41556024776376
readset,unrelated,0,55,1,EXECUTE,published_after_gate_recheck,15.3845208697021,4.184863064438105,0.0,66.41556024776376
readset,unrelated,0,56,1,EXECUTE,published_after_gate_recheck,15.371446963399649,4.318964667618275,0.0,66.41556024776376
readset,unrelated,0,57,1,EXECUTE,published_after_gate_recheck,15.955972950905561,4.402100574225187,0.0,66.41556024776376
readset,unrelated,0,58,1,EXECUTE,published_after_gate_recheck,14.383322093635798,3.9299847558140755,0.0,66.41556024776376
readset,unrelated,0,59,1,EXECUTE,published_after_gate_recheck,15.761278104037046,4.102418199181557,0.0,66.41556024776376
readset,unrelated,0,60,1,EXECUTE,published_after_gate_recheck,15.106128063052893,4.3406253680586815,0.0,66.41556024776376
readset,unrelated,0,61,1,EXECUTE,published_after_gate_recheck,15.155871864408255,4.69537079334259,0.0,66.41556024776376
readset,unrelated,0,62,1,EXECUTE,published_after_gate_recheck,14.879242982715368,4.112828988581896,0.0,66.41556024776376
readset,unrelated,0,63,1,EXECUTE,published_after_gate_recheck,14.090661890804768,3.9145960472524166,0.0,66.41556024776376
readset,unrelated,0,64,1,EXECUTE,published_after_gate_recheck,14.193496201187372,4.10042516887188,0.0,66.41556024776376
readset,unrelated,0,65,1,EXECUTE,published_after_gate_recheck,16.817179042845964,4.272208083420992,0.0,66.41556024776376
readset,unrelated,0,66,1,EXECUTE,published_after_gate_recheck,17.207901924848557,4.569104872643948,0.0,66.41556024776376
readset,unrelated,0,67,1,EXECUTE,published_after_gate_recheck,15.863460022956133,4.214368760585785,0.0,66.41556024776376
readset,unrelated,0,68,1,EXECUTE,published_after_gate_recheck,15.512801706790924,4.435062874108553,0.0,66.41556024776376
readset,unrelated,0,69,1,EXECUTE,published_after_gate_recheck,15.804850030690432,4.52083395794034,0.0,66.41556024776376
readset,unrelated,0,70,1,EXECUTE,published_after_gate_recheck,14.976424630731344,4.173872992396355,0.0,66.41556024776376
readset,unrelated,0,71,1,EXECUTE,published_after_gate_recheck,15.007162000983953,4.2826770804822445,0.0,66.41556024776376
readset,unrelated,0,72,1,EXECUTE,published_after_gate_recheck,14.384032692760229,4.124980885535479,0.0,66.41556024776376
readset,unrelated,0,73,1,EXECUTE,published_after_gate_recheck,15.321092214435339,3.9769229479134083,0.0,66.41556024776376
readset,unrelated,0,74,1,EXECUTE,published_after_gate_recheck,15.194914769381285,4.043747670948505,0.0,66.41556024776376
readset,unrelated,0,75,1,EXECUTE,published_after_gate_recheck,16.017538961023092,4.674182273447514,0.0,66.41556024776376
readset,unrelated,0,76,1,EXECUTE,published_after_gate_recheck,15.42944461107254,4.084255080670118,0.0,66.41556024776376
readset,unrelated,0,77,1,EXECUTE,published_after_gate_recheck,15.245791058987379,4.353038966655731,0.0,66.41556024776376
readset,unrelated,0,78,1,EXECUTE,published_after_gate_recheck,14.546527992933989,4.3840669095516205,0.0,66.41556024776376
readset,unrelated,0,79,1,EXECUTE,published_after_gate_recheck,15.479178167879581,4.354601725935936,0.0,66.41556024776376
readset,unrelated,0,80,1,EXECUTE,published_after_gate_recheck,14.745330903679132,3.901562187820673,0.0,66.41556024776376
readset,unrelated,0,81,1,EXECUTE,published_after_gate_recheck,14.736944809556007,4.035872872918844,0.0,66.41556024776376
readset,unrelated,0,82,1,EXECUTE,published_after_gate_recheck,14.634534250944853,4.474295768886805,0.0,66.41556024776376
readset,unrelated,0,83,1,EXECUTE,published_after_gate_recheck,14.229051768779755,4.203318152576685,0.0,66.41556024776376
readset,unrelated,0,84,1,EXECUTE,published_after_gate_recheck,15.071162953972816,4.7531588934361935,0.0,66.41556024776376
readset,unrelated,0,85,1,EXECUTE,published_after_gate_recheck,15.646131709218025,4.221252165734768,0.0,66.41556024776376
readset,unrelated,0,86,1,EXECUTE,published_after_gate_recheck,14.17983090505004,4.40920377150178,0.0,66.41556024776376
readset,unrelated,0,87,1,EXECUTE,published_after_gate_recheck,14.577765949070454,3.851397894322872,0.0,66.41556024776376
readset,unrelated,0,88,1,EXECUTE,published_after_gate_recheck,15.417452901601791,4.168742801994085,0.0,66.41556024776376
readset,unrelated,0,89,1,EXECUTE,published_after_gate_recheck,15.481602866202593,4.247490782290697,0.0,66.41556024776376
readset,unrelated,0,90,1,EXECUTE,published_after_gate_recheck,15.218490269035101,4.264303017407656,0.0,66.41556024776376
readset,unrelated,0,91,1,EXECUTE,published_after_gate_recheck,15.529814176261425,4.211022984236479,0.0,66.41556024776376
readset,unrelated,0,92,1,EXECUTE,published_after_gate_recheck,14.865295961499214,4.201014060527086,0.0,66.41556024776376
readset,unrelated,0,93,1,EXECUTE,published_after_gate_recheck,13.977580238133669,4.406529013067484,0.0,66.41556024776376
readset,unrelated,0,94,1,EXECUTE,published_after_gate_recheck,14.42335732281208,3.960331901907921,0.0,66.41556024776376
readset,unrelated,0,95,1,EXECUTE,published_after_gate_recheck,15.193813014775515,4.644094966351986,0.0,66.41556024776376
readset,unrelated,0,96,1,EXECUTE,published_after_gate_recheck,15.867988113313913,3.946747165173292,0.0,66.41556024776376
readset,unrelated,0,97,1,EXECUTE,published_after_gate_recheck,14.968018978834152,4.3366579338908195,0.0,66.41556024776376
readset,unrelated,0,98,1,EXECUTE,published_after_gate_recheck,15.347421169281006,4.273629747331142,0.0,66.41556024776376
readset,unrelated,0,99,1,EXECUTE,published_after_gate_recheck,16.077090986073017,4.684710875153542,0.0,66.41556024776376
global,related_same,0,0,1,EXECUTE,published_after_gate_recheck,15.414667315781116,4.7943368554115295,0.0,64.78599496855793
global,related_same,0,1,1,EXECUTE,published_after_gate_recheck,14.202012214809656,3.892133943736553,0.0,64.78599496855793
global,related_same,0,2,1,EXECUTE,published_after_gate_recheck,13.308053836226463,3.991470206528902,0.0,64.78599496855793
global,related_same,0,3,1,EXECUTE,published_after_gate_recheck,14.530057087540627,4.072312265634537,0.0,64.78599496855793
global,related_same,0,4,1,EXECUTE,published_after_gate_recheck,15.306574292480946,4.35999222099781,0.0,64.78599496855793
global,related_same,0,5,1,EXECUTE,published_after_gate_recheck,14.273836743086576,4.5828199945390224,0.0,64.78599496855793
global,related_same,0,6,1,EXECUTE,published_after_gate_recheck,14.901804737746716,4.11716615781188,0.0,64.78599496855793
global,related_same,0,7,1,EXECUTE,published_after_gate_recheck,14.75739385932684,4.023651126772165,0.0,64.78599496855793
global,related_same,0,8,1,EXECUTE,published_after_gate_recheck,13.604409992694855,4.0908572264015675,0.0,64.78599496855793
global,related_same,0,9,1,EXECUTE,published_after_gate_recheck,15.607738867402077,4.387973807752132,0.0,64.78599496855793
global,related_same,0,10,1,EXECUTE,published_after_gate_recheck,15.135984867811203,4.665946122258902,0.0,64.78599496855793
global,related_same,0,11,1,EXECUTE,published_after_gate_recheck,15.348052140325308,4.350404255092144,0.0,64.78599496855793
global,related_same,0,12,1,EXECUTE,published_after_gate_recheck,14.732768293470144,4.23444714397192,0.0,64.78599496855793
global,related_same,0,13,1,EXECUTE,published_after_gate_recheck,16.25430304557085,4.904152825474739,0.0,64.78599496855793
global,related_same,0,14,1,EXECUTE,published_after_gate_recheck,15.207087621092796,4.4035641476511955,0.0,64.78599496855793
global,related_same,0,15,1,EXECUTE,published_after_gate_recheck,14.25037207081914,4.418090917170048,0.0,64.78599496855793
global,related_same,0,16,1,EXECUTE,published_after_gate_recheck,14.83893720433116,4.276304040104151,0.0,64.78599496855793
global,related_same,0,17,1,EXECUTE,published_after_gate_recheck,15.291897114366293,4.5074583031237125,0.0,64.78599496855793
global,related_same,0,18,1,EXECUTE,published_after_gate_recheck,14.429357834160328,4.059117287397385,0.0,64.78599496855793
global,related_same,0,19,1,EXECUTE,published_after_gate_recheck,14.342134818434715,4.071610979735851,0.0,64.78599496855793
global,related_same,0,20,1,EXECUTE,published_after_gate_recheck,13.822339940816164,3.868039231747389,0.0,64.78599496855793
global,related_same,0,21,1,EXECUTE,published_after_gate_recheck,13.837396632879972,3.62044433131814,0.0,64.78599496855793
global,related_same,0,22,1,EXECUTE,published_after_gate_recheck,14.29403480142355,3.677661996334791,0.0,64.78599496855793
global,related_same,0,23,1,EXECUTE,published_after_gate_recheck,14.925879891961813,4.039119929075241,0.0,64.78599496855793
global,related_same,0,24,1,EXECUTE,published_after_gate_recheck,15.192170161753893,4.58174804225564,0.0,64.78599496855793
global,related_same,0,25,1,EXECUTE,published_after_gate_recheck,14.729841612279415,4.147783853113651,0.0,64.78599496855793
global,related_same,0,26,1,EXECUTE,published_after_gate_recheck,14.246655162423849,4.113479051738977,0.0,64.78599496855793
global,related_same,0,27,1,EXECUTE,published_after_gate_recheck,15.609143301844597,4.577920772135258,0.0,64.78599496855793
global,related_same,0,28,1,EXECUTE,published_after_gate_recheck,15.302848070859909,4.355564247816801,0.0,64.78599496855793
global,related_same,0,29,1,EXECUTE,published_after_gate_recheck,16.359169967472553,4.263029899448156,0.0,64.78599496855793
global,related_same,0,30,1,EXECUTE,published_after_gate_recheck,14.594888780266047,3.901862073689699,0.0,64.78599496855793
global,related_same,0,31,1,EXECUTE,published_after_gate_recheck,14.644021168351173,3.9919517002999783,0.0,64.78599496855793
global,related_same,0,32,1,EXECUTE,published_after_gate_recheck,13.071419671177864,3.737123217433691,0.0,64.78599496855793
global,related_same,0,33,1,EXECUTE,published_after_gate_recheck,14.021181967109442,3.482203930616379,0.0,64.78599496855793
global,related_same,0,34,1,EXECUTE,published_after_gate_recheck,14.035779982805252,4.124690778553486,0.0,64.78599496855793
global,related_same,0,35,1,EXECUTE,published_after_gate_recheck,14.434577897191048,3.9519560523331165,0.0,64.78599496855793
global,related_same,0,36,1,EXECUTE,published_after_gate_recheck,14.449977315962315,4.087931010872126,0.0,64.78599496855793
global,related_same,0,37,1,EXECUTE,published_after_gate_recheck,15.532027930021286,4.189843311905861,0.0,64.78599496855793
global,related_same,0,38,1,EXECUTE,published_after_gate_recheck,17.99525087699294,4.283237736672163,0.0,64.78599496855793
global,related_same,0,39,1,EXECUTE,published_after_gate_recheck,14.886577147990465,4.343269858509302,0.0,64.78599496855793
global,related_same,0,40,1,EXECUTE,published_after_gate_recheck,15.185968019068241,4.210401326417923,0.0,64.78599496855793
global,related_same,0,41,1,EXECUTE,published_after_gate_recheck,15.80069214105606,4.545470699667931,0.0,64.78599496855793
global,related_same,0,42,1,EXECUTE,published_after_gate_recheck,14.375207014381886,4.079786129295826,0.0,64.78599496855793
global,related_same,0,43,1,EXECUTE,published_after_gate_recheck,15.48217423260212,4.524570889770985,0.0,64.78599496855793
global,related_same,0,44,1,EXECUTE,published_after_gate_recheck,14.960335101932287,4.312403034418821,0.0,64.78599496855793
global,related_same,0,45,1,EXECUTE,published_after_gate_recheck,16.639035660773516,5.012225825339556,0.0,64.78599496855793
global,related_same,0,46,1,EXECUTE,published_after_gate_recheck,15.968766994774342,4.4020707719028,0.0,64.78599496855793
global,related_same,0,47,1,EXECUTE,published_after_gate_recheck,15.723837073892355,4.5075491070747375,0.0,64.78599496855793
global,related_same,0,48,1,EXECUTE,published_after_gate_recheck,16.215911135077477,4.7138761729002,0.0,64.78599496855793
global,related_same,0,49,1,EXECUTE,published_after_gate_recheck,18.775375094264746,5.207351874560118,0.0,64.78599496855793
global,related_same,0,50,1,EXECUTE,published_after_gate_recheck,23.43292534351349,5.880576092749834,0.0,64.78599496855793
global,related_same,0,51,1,EXECUTE,published_after_gate_recheck,24.98444588854909,5.980973597615957,0.0,64.78599496855793
global,related_same,0,52,1,EXECUTE,published_after_gate_recheck,16.36765617877245,4.591055680066347,0.0,64.78599496855793
global,related_same,0,53,1,EXECUTE,published_after_gate_recheck,16.55762316659093,4.666286986321211,0.0,64.78599496855793
global,related_same,0,54,1,EXECUTE,published_after_gate_recheck,19.99943098053336,5.155905149877071,0.0,64.78599496855793
global,related_same,0,55,1,EXECUTE,published_after_gate_recheck,17.73870922625065,4.662720020860434,0.0,64.78599496855793
global,related_same,0,56,1,EXECUTE,published_after_gate_recheck,15.247272793203592,4.327791277319193,0.0,64.78599496855793
global,related_same,0,57,1,EXECUTE,published_after_gate_recheck,17.816354986280203,5.041200201958418,0.0,64.78599496855793
global,related_same,0,58,1,EXECUTE,published_after_gate_recheck,14.725102577358484,4.155739210546017,0.0,64.78599496855793
global,related_same,0,59,1,EXECUTE,published_after_gate_recheck,16.50393195450306,4.5378850772976875,0.0,64.78599496855793
global,related_same,0,60,1,EXECUTE,published_after_gate_recheck,14.694425743073225,4.1904142126441,0.0,64.78599496855793
global,related_same,0,61,1,EXECUTE,published_after_gate_recheck,15.430356841534376,4.022187553346157,0.0,64.78599496855793
global,related_same,0,62,1,EXECUTE,published_after_gate_recheck,15.392085071653128,4.268279764801264,0.0,64.78599496855793
global,related_same,0,63,1,EXECUTE,published_after_gate_recheck,14.41639382392168,3.6092931404709816,0.0,64.78599496855793
global,related_same,0,64,1,EXECUTE,published_after_gate_recheck,14.258568175137043,3.9642690680921078,0.0,64.78599496855793
global,related_same,0,65,1,EXECUTE,published_after_gate_recheck,14.691921416670084,4.3082148768007755,0.0,64.78599496855793
global,related_same,0,66,1,EXECUTE,published_after_gate_recheck,15.374721959233284,4.079896025359631,0.0,64.78599496855793
global,related_same,0,67,1,EXECUTE,published_after_gate_recheck,14.867200050503016,4.319997038692236,0.0,64.78599496855793
global,related_same,0,68,1,EXECUTE,published_after_gate_recheck,15.131585765630007,4.537174943834543,0.0,64.78599496855793
global,related_same,0,69,1,EXECUTE,published_after_gate_recheck,15.581640880554914,4.2282650247216225,0.0,64.78599496855793
global,related_same,0,70,1,EXECUTE,published_after_gate_recheck,14.544635079801083,3.668705001473427,0.0,64.78599496855793
global,related_same,0,71,1,EXECUTE,published_after_gate_recheck,14.897096902132034,4.086789209395647,0.0,64.78599496855793
global,related_same,0,72,1,EXECUTE,published_after_gate_recheck,14.674237929284573,4.246247932314873,0.0,64.78599496855793
global,related_same,0,73,1,EXECUTE,published_after_gate_recheck,14.805333688855171,4.076659679412842,0.0,64.78599496855793
global,related_same,0,74,1,EXECUTE,published_after_gate_recheck,15.307435765862465,4.248372744768858,0.0,64.78599496855793
global,related_same,0,75,1,EXECUTE,published_after_gate_recheck,15.524243004620075,4.355844110250473,0.0,64.78599496855793
global,related_same,0,76,1,EXECUTE,published_after_gate_recheck,15.900458674877882,4.181977827101946,0.0,64.78599496855793
global,related_same,0,77,1,EXECUTE,published_after_gate_recheck,16.308423597365618,4.081630147993565,0.0,64.78599496855793
global,related_same,0,78,1,EXECUTE,published_after_gate_recheck,16.124609857797623,4.168141633272171,0.0,64.78599496855793
global,related_same,0,79,1,EXECUTE,published_after_gate_recheck,15.488925855606794,4.349793307483196,0.0,64.78599496855793
global,related_same,0,80,1,EXECUTE,published_after_gate_recheck,15.759995207190514,4.344041924923658,0.0,64.78599496855793
global,related_same,0,81,1,EXECUTE,published_after_gate_recheck,15.35043679177761,4.030284006148577,0.0,64.78599496855793
global,related_same,0,82,1,EXECUTE,published_after_gate_recheck,15.457067172974348,4.72090020775795,0.0,64.78599496855793
global,related_same,0,83,1,EXECUTE,published_after_gate_recheck,14.646254945546389,3.8063530810177326,0.0,64.78599496855793
global,related_same,0,84,1,EXECUTE,published_after_gate_recheck,15.19280206412077,3.940605092793703,0.0,64.78599496855793
global,related_same,0,85,1,EXECUTE,published_after_gate_recheck,14.321536291390657,4.151671193540096,0.0,64.78599496855793
global,related_same,0,86,1,EXECUTE,published_after_gate_recheck,14.442381914705038,3.863289952278137,0.0,64.78599496855793
global,related_same,0,87,1,EXECUTE,published_after_gate_recheck,14.927612617611885,4.0252432227134705,0.0,64.78599496855793
global,related_same,0,88,1,EXECUTE,published_after_gate_recheck,15.562704764306545,4.499423783272505,0.0,64.78599496855793
global,related_same,0,89,1,EXECUTE,published_after_gate_recheck,14.491634909063578,4.221632145345211,0.0,64.78599496855793
global,related_same,0,90,1,EXECUTE,published_after_gate_recheck,14.288092963397503,3.9756307378411293,0.0,64.78599496855793
global,related_same,0,91,1,EXECUTE,published_after_gate_recheck,14.213262591511011,4.328723065555096,0.0,64.78599496855793
global,related_same,0,92,1,EXECUTE,published_after_gate_recheck,14.946999959647655,4.272487945854664,0.0,64.78599496855793
global,related_same,0,93,1,EXECUTE,published_after_gate_recheck,14.202211983501911,3.812944982200861,0.0,64.78599496855793
global,related_same,0,94,1,EXECUTE,published_after_gate_recheck,14.342145062983036,3.876855131238699,0.0,64.78599496855793
global,related_same,0,95,1,EXECUTE,published_after_gate_recheck,14.61066771298647,4.196153953671455,0.0,64.78599496855793
global,related_same,0,96,1,EXECUTE,published_after_gate_recheck,14.452310744673014,4.2457883246243,0.0,64.78599496855793
global,related_same,0,97,1,EXECUTE,published_after_gate_recheck,15.733385924249887,4.246127791702747,0.0,64.78599496855793
global,related_same,0,98,1,EXECUTE,published_after_gate_recheck,15.270506963133812,4.47135092690587,0.0,64.78599496855793
global,related_same,0,99,1,EXECUTE,published_after_gate_recheck,16.59259805455804,4.31174086406827,0.0,64.78599496855793
readset,related_same,0,0,1,EXECUTE,published_after_gate_recheck,15.115255955606699,4.519620910286903,0.0,65.71552620204747
readset,related_same,0,1,1,EXECUTE,published_after_gate_recheck,15.033743344247341,4.222134128212929,0.0,65.71552620204747
readset,related_same,0,2,1,EXECUTE,published_after_gate_recheck,14.871557708829641,4.155478905886412,0.0,65.71552620204747
readset,related_same,0,3,1,EXECUTE,published_after_gate_recheck,14.542791992425919,3.669325727969408,0.0,65.71552620204747
readset,related_same,0,4,1,EXECUTE,published_after_gate_recheck,16.523117665201426,4.717754200100899,0.0,65.71552620204747
readset,related_same,0,5,1,EXECUTE,published_after_gate_recheck,14.589629136025906,4.086729139089584,0.0,65.71552620204747
readset,related_same,0,6,1,EXECUTE,published_after_gate_recheck,14.556556940078735,4.127525724470615,0.0,65.71552620204747
readset,related_same,0,7,1,EXECUTE,published_after_gate_recheck,16.044279094785452,4.449489992111921,0.0,65.71552620204747
readset,related_same,0,8,1,EXECUTE,published_after_gate_recheck,15.271188225597143,4.299929831176996,0.0,65.71552620204747
readset,related_same,0,9,1,EXECUTE,published_after_gate_recheck,14.527312014251947,3.9170109666883945,0.0,65.71552620204747
readset,related_same,0,10,1,EXECUTE,published_after_gate_recheck,14.752765186131,4.077041056007147,0.0,65.71552620204747
readset,related_same,0,11,1,EXECUTE,published_after_gate_recheck,15.058258082717657,4.479034803807735,0.0,65.71552620204747
readset,related_same,0,12,1,EXECUTE,published_after_gate_recheck,14.287773054093122,4.158304072916508,0.0,65.71552620204747
readset,related_same,0,13,1,EXECUTE,published_after_gate_recheck,14.02630191296339,4.092771094292402,0.0,65.71552620204747
readset,related_same,0,14,1,EXECUTE,published_after_gate_recheck,16.30874490365386,4.891179036349058,0.0,65.71552620204747
readset,related_same,0,15,1,EXECUTE,published_after_gate_recheck,15.894778072834015,4.545049741864204,0.0,65.71552620204747
readset,related_same,0,16,1,EXECUTE,published_after_gate_recheck,14.834869652986526,4.121154081076384,0.0,65.71552620204747
readset,related_same,0,17,1,EXECUTE,published_after_gate_recheck,15.116327907890081,3.997642081230879,0.0,65.71552620204747
readset,related_same,0,18,1,EXECUTE,published_after_gate_recheck,14.274989254772663,3.7031699903309345,0.0,65.71552620204747
readset,related_same,0,19,1,EXECUTE,published_after_gate_recheck,14.218932949006557,4.042085725814104,0.0,65.71552620204747
readset,related_same,0,20,1,EXECUTE,published_after_gate_recheck,15.136405359953642,4.345614928752184,0.0,65.71552620204747
readset,related_same,0,21,1,EXECUTE,published_after_gate_recheck,14.690819196403027,4.007940646260977,0.0,65.71552620204747
readset,related_same,0,22,1,EXECUTE,published_after_gate_recheck,14.414200093597174,4.1292286477983,0.0,65.71552620204747
readset,related_same,0,23,1,EXECUTE,published_after_gate_recheck,14.811244793236256,3.9783259853720665,0.0,65.71552620204747
readset,related_same,0,24,1,EXECUTE,published_after_gate_recheck,13.50262900814414,4.052565898746252,0.0,65.71552620204747
readset,related_same,0,25,1,EXECUTE,published_after_gate_recheck,14.76134080439806,4.27304906770587,0.0,65.71552620204747
readset,related_same,0,26,1,EXECUTE,published_after_gate_recheck,14.911151956766844,4.247811157256365,0.0,65.71552620204747
readset,related_same,0,27,1,EXECUTE,published_after_gate_recheck,14.744760002940893,3.737563733011484,0.0,65.71552620204747
readset,related_same,0,28,1,EXECUTE,published_after_gate_recheck,14.248257968574762,4.092169925570488,0.0,65.71552620204747
readset,related_same,0,29,1,EXECUTE,published_after_gate_recheck,14.640775043517351,4.253061953932047,0.0,65.71552620204747
readset,related_same,0,30,1,EXECUTE,published_after_gate_recheck,13.612034730613232,3.546354826539755,0.0,65.71552620204747
readset,related_same,0,31,1,EXECUTE,published_after_gate_recheck,15.569969080388546,4.270834848284721,0.0,65.71552620204747
readset,related_same,0,32,1,EXECUTE,published_after_gate_recheck,14.934516046196222,4.319395869970322,0.0,65.71552620204747
readset,related_same,0,33,1,EXECUTE,published_after_gate_recheck,15.476783737540245,4.2318319901824,0.0,65.71552620204747
readset,related_same,0,34,1,EXECUTE,published_after_gate_recheck,14.93445597589016,3.79213597625494,0.0,65.71552620204747
readset,related_same,0,35,1,EXECUTE,published_after_gate_recheck,16.32174989208579,4.6868459321558475,0.0,65.71552620204747
readset,related_same,0,36,1,EXECUTE,published_after_gate_recheck,15.253585297614336,4.49388287961483,0.0,65.71552620204747
readset,related_same,0,37,1,EXECUTE,published_after_gate_recheck,15.88740386068821,4.317582119256258,0.0,65.71552620204747
readset,related_same,0,38,1,EXECUTE,published_after_gate_recheck,14.334739651530981,3.9380700327455997,0.0,65.71552620204747
readset,related_same,0,39,1,EXECUTE,published_after_gate_recheck,16.497027594596148,4.506226163357496,0.0,65.71552620204747
readset,related_same,0,40,1,EXECUTE,published_after_gate_recheck,14.741664286702871,3.8676783442497253,0.0,65.71552620204747
readset,related_same,0,41,1,EXECUTE,published_after_gate_recheck,16.63915580138564,4.91544371470809,0.0,65.71552620204747
readset,related_same,0,42,1,EXECUTE,published_after_gate_recheck,15.322695020586252,4.5838323421776295,0.0,65.71552620204747
readset,related_same,0,43,1,EXECUTE,published_after_gate_recheck,15.351188834756613,4.314586985856295,0.0,65.71552620204747
readset,related_same,0,44,1,EXECUTE,published_after_gate_recheck,16.02818863466382,4.719366785138845,0.0,65.71552620204747
readset,related_same,0,45,1,EXECUTE,published_after_gate_recheck,16.008712351322174,4.377685021609068,0.0,65.71552620204747
readset,related_same,0,46,1,EXECUTE,published_after_gate_recheck,15.560000203549862,4.314636811614037,0.0,65.71552620204747
readset,related_same,0,47,1,EXECUTE,published_after_gate_recheck,15.768792014569044,4.232581704854965,0.0,65.71552620204747
readset,related_same,0,48,1,EXECUTE,published_after_gate_recheck,16.852454748004675,4.416567739099264,0.0,65.71552620204747
readset,related_same,0,49,1,EXECUTE,published_after_gate_recheck,16.364950221031904,4.191565793007612,0.0,65.71552620204747
readset,related_same,0,50,1,EXECUTE,published_after_gate_recheck,15.727724879980087,4.367456305772066,0.0,65.71552620204747
readset,related_same,0,51,1,EXECUTE,published_after_gate_recheck,15.72369784116745,4.305219743400812,0.0,65.71552620204747
readset,related_same,0,52,1,EXECUTE,published_after_gate_recheck,14.61021788418293,3.999624866992235,0.0,65.71552620204747
readset,related_same,0,53,1,EXECUTE,published_after_gate_recheck,15.872006304562092,4.445853177458048,0.0,65.71552620204747
readset,related_same,0,54,1,EXECUTE,published_after_gate_recheck,14.918195083737373,4.0668617002666,0.0,65.71552620204747
readset,related_same,0,55,1,EXECUTE,published_after_gate_recheck,14.698693994432688,4.2909421026706696,0.0,65.71552620204747
readset,related_same,0,56,1,EXECUTE,published_after_gate_recheck,14.18524980545044,4.286704119294882,0.0,65.71552620204747
readset,related_same,0,57,1,EXECUTE,published_after_gate_recheck,14.441390987485647,4.0085227228701115,0.0,65.71552620204747
readset,related_same,0,58,1,EXECUTE,published_after_gate_recheck,14.805695042014122,4.152482841163874,0.0,65.71552620204747
readset,related_same,0,59,1,EXECUTE,published_after_gate_recheck,14.839857816696167,4.237994085997343,0.0,65.71552620204747
readset,related_same,0,60,1,EXECUTE,published_after_gate_recheck,14.242907986044884,4.2048911564052105,0.0,65.71552620204747
readset,related_same,0,61,1,EXECUTE,published_after_gate_recheck,14.783072285354137,4.1760471649467945,0.0,65.71552620204747
readset,related_same,0,62,1,EXECUTE,published_after_gate_recheck,15.346961095929146,3.8640708662569523,0.0,65.71552620204747
readset,related_same,0,63,1,EXECUTE,published_after_gate_recheck,16.168001107871532,4.289680160582066,0.0,65.71552620204747
readset,related_same,0,64,1,EXECUTE,published_after_gate_recheck,16.24346198514104,4.4254339300096035,0.0,65.71552620204747
readset,related_same,0,65,1,EXECUTE,published_after_gate_recheck,15.019606333225965,3.9372481405735016,0.0,65.71552620204747
readset,related_same,0,66,1,EXECUTE,published_after_gate_recheck,14.72871983423829,3.7834299728274345,0.0,65.71552620204747
readset,related_same,0,67,1,EXECUTE,published_after_gate_recheck,16.12809719517827,4.354631993919611,0.0,65.71552620204747
readset,related_same,0,68,1,EXECUTE,published_after_gate_recheck,15.129031147807837,4.230348858982325,0.0,65.71552620204747
readset,related_same,0,69,1,EXECUTE,published_after_gate_recheck,14.092556200921535,3.6800862289965153,0.0,65.71552620204747
readset,related_same,0,70,1,EXECUTE,published_after_gate_recheck,15.549208968877792,4.573643207550049,0.0,65.71552620204747
readset,related_same,0,71,1,EXECUTE,published_after_gate_recheck,15.630221925675869,4.551210906356573,0.0,65.71552620204747
readset,related_same,0,72,1,EXECUTE,published_after_gate_recheck,14.587495010346174,4.4392612762749195,0.0,65.71552620204747
readset,related_same,0,73,1,EXECUTE,published_after_gate_recheck,15.370233915746212,4.277857020497322,0.0,65.71552620204747
readset,related_same,0,74,1,EXECUTE,published_after_gate_recheck,14.242588076740503,3.9539900608360767,0.0,65.71552620204747
readset,related_same,0,75,1,EXECUTE,published_after_gate_recheck,15.874278731644154,4.197107162326574,0.0,65.71552620204747
readset,related_same,0,76,1,EXECUTE,published_after_gate_recheck,14.55103699117899,3.9981529116630554,0.0,65.71552620204747
readset,related_same,0,77,1,EXECUTE,published_after_gate_recheck,15.5493700876832,4.068335052579641,0.0,65.71552620204747
readset,related_same,0,78,1,EXECUTE,published_after_gate_recheck,15.43426513671875,4.288297146558762,0.0,65.71552620204747
readset,related_same,0,79,1,EXECUTE,published_after_gate_recheck,13.977409806102514,3.654107917100191,0.0,65.71552620204747
readset,related_same,0,80,1,EXECUTE,published_after_gate_recheck,18.123090267181396,4.355733748525381,0.0,65.71552620204747
readset,related_same,0,81,1,EXECUTE,published_after_gate_recheck,15.587761998176575,4.308175295591354,0.0,65.71552620204747
readset,related_same,0,82,1,EXECUTE,published_after_gate_recheck,14.817497227340937,3.9932443760335445,0.0,65.71552620204747
readset,related_same,0,83,1,EXECUTE,published_after_gate_recheck,15.702907927334309,4.509602673351765,0.0,65.71552620204747
readset,related_same,0,84,1,EXECUTE,published_after_gate_recheck,15.203782357275486,4.220469854772091,0.0,65.71552620204747
readset,related_same,0,85,1,EXECUTE,published_after_gate_recheck,14.980192296206951,4.227903671562672,0.0,65.71552620204747
readset,related_same,0,86,1,EXECUTE,published_after_gate_recheck,14.366691000759602,3.9636287838220596,0.0,65.71552620204747
readset,related_same,0,87,1,EXECUTE,published_after_gate_recheck,14.570614323019981,3.9119310677051544,0.0,65.71552620204747
readset,related_same,0,88,1,EXECUTE,published_after_gate_recheck,14.992204960435629,4.315768834203482,0.0,65.71552620204747
readset,related_same,0,89,1,EXECUTE,published_after_gate_recheck,14.555434696376324,4.184883087873459,0.0,65.71552620204747
readset,related_same,0,90,1,EXECUTE,published_after_gate_recheck,14.329872094094753,4.146250896155834,0.0,65.71552620204747
readset,related_same,0,91,1,EXECUTE,published_after_gate_recheck,16.009282786399126,3.9981133304536343,0.0,65.71552620204747
readset,related_same,0,92,1,EXECUTE,published_after_gate_recheck,15.901610720902681,4.267748910933733,0.0,65.71552620204747
readset,related_same,0,93,1,EXECUTE,published_after_gate_recheck,15.17512695863843,3.732984885573387,0.0,65.71552620204747
readset,related_same,0,94,1,EXECUTE,published_after_gate_recheck,15.04018483683467,4.310779273509979,0.0,65.71552620204747
readset,related_same,0,95,1,EXECUTE,published_after_gate_recheck,14.708030968904495,3.8354280404746532,0.0,65.71552620204747
readset,related_same,0,96,1,EXECUTE,published_after_gate_recheck,15.016250312328339,4.559355787932873,0.0,65.71552620204747
readset,related_same,0,97,1,EXECUTE,published_after_gate_recheck,15.84039581939578,4.916737321764231,0.0,65.71552620204747
readset,related_same,0,98,1,EXECUTE,published_after_gate_recheck,15.153796877712011,4.218786954879761,0.0,65.71552620204747
readset,related_same,0,99,1,EXECUTE,published_after_gate_recheck,15.21397102624178,4.069245886057615,0.0,65.71552620204747
global,unrelated,20,0,1,EXECUTE,published_after_gate_recheck,18.257142044603825,4.602446686476469,20.340727034270532,56.28927112063921
global,unrelated,20,1,1,EXECUTE,published_after_gate_recheck,14.3494987860322,3.5888049751520157,20.340727034270532,56.28927112063921
global,unrelated,20,2,1,EXECUTE,published_after_gate_recheck,15.130162704735994,4.137484822422266,20.340727034270532,56.28927112063921
global,unrelated,20,3,1,EXECUTE,published_after_gate_recheck,19.36888787895441,4.108199384063482,20.340727034270532,56.28927112063921
global,unrelated,20,4,1,EXECUTE,published_after_gate_recheck,14.60025878623128,4.286033567041159,20.340727034270532,56.28927112063921
global,unrelated,20,5,1,EXECUTE,published_after_gate_recheck,14.211088884621859,4.021086264401674,20.340727034270532,56.28927112063921
global,unrelated,20,6,0,REVOKE,context_version_changed_at_publish,17.755019012838602,6.302026100456715,20.340727034270532,56.28927112063921
global,unrelated,20,7,1,EXECUTE,published_after_gate_recheck,15.162794850766659,4.041244275867939,20.340727034270532,56.28927112063921
global,unrelated,20,8,1,EXECUTE,published_after_gate_recheck,15.03000594675541,4.413902759552002,20.340727034270532,56.28927112063921
global,unrelated,20,9,0,REVOKE,context_version_changed_at_publish,18.4673760086298,7.491859141737223,20.340727034270532,56.28927112063921
global,unrelated,20,10,1,EXECUTE,published_after_gate_recheck,15.106840059161186,4.1176266968250275,20.340727034270532,56.28927112063921
global,unrelated,20,11,1,EXECUTE,published_after_gate_recheck,16.702364198863506,4.592929035425186,20.340727034270532,56.28927112063921
global,unrelated,20,12,0,REVOKE,context_version_changed_at_publish,17.730192746967077,6.974257994443178,20.340727034270532,56.28927112063921
global,unrelated,20,13,1,EXECUTE,published_after_gate_recheck,14.667826239019632,4.333653021603823,20.340727034270532,56.28927112063921
global,unrelated,20,14,1,EXECUTE,published_after_gate_recheck,15.589325223118067,4.355412907898426,20.340727034270532,56.28927112063921
global,unrelated,20,15,1,EXECUTE,published_after_gate_recheck,15.239309053868055,4.5017977245152,20.340727034270532,56.28927112063921
global,unrelated,20,16,1,EXECUTE,published_after_gate_recheck,15.322554856538773,4.492050036787987,20.340727034270532,56.28927112063921
global,unrelated,20,17,1,EXECUTE,published_after_gate_recheck,14.591863844543695,4.321198910474777,20.340727034270532,56.28927112063921
global,unrelated,20,18,1,EXECUTE,published_after_gate_recheck,14.35640174895525,4.199089948087931,20.340727034270532,56.28927112063921
global,unrelated,20,19,1,EXECUTE,published_after_gate_recheck,15.938229858875275,4.410547204315662,20.340727034270532,56.28927112063921
global,unrelated,20,20,1,EXECUTE,published_after_gate_recheck,15.881883911788464,4.457825794816017,20.340727034270532,56.28927112063921
global,unrelated,20,21,1,EXECUTE,published_after_gate_recheck,15.9395020455122,5.056168884038925,20.340727034270532,56.28927112063921
global,unrelated,20,22,1,EXECUTE,published_after_gate_recheck,16.297304071485996,4.028880037367344,20.340727034270532,56.28927112063921
global,unrelated,20,23,1,EXECUTE,published_after_gate_recheck,15.522218775004148,4.572730977088213,20.340727034270532,56.28927112063921
global,unrelated,20,24,1,EXECUTE,published_after_gate_recheck,15.312815550714731,4.115984309464693,20.340727034270532,56.28927112063921
global,unrelated,20,25,1,EXECUTE,published_after_gate_recheck,18.565691076219082,4.11069393157959,20.340727034270532,56.28927112063921
global,unrelated,20,26,1,EXECUTE,published_after_gate_recheck,15.199784655123949,3.9209178648889065,20.340727034270532,56.28927112063921
global,unrelated,20,27,1,EXECUTE,published_after_gate_recheck,14.778844080865383,4.041693639010191,20.340727034270532,56.28927112063921
global,unrelated,20,28,1,EXECUTE,published_after_gate_recheck,20.57945914566517,4.080486949533224,20.340727034270532,56.28927112063921
global,unrelated,20,29,1,EXECUTE,published_after_gate_recheck,15.36699803546071,4.197165835648775,20.340727034270532,56.28927112063921
global,unrelated,20,30,1,EXECUTE,published_after_gate_recheck,13.70573090389371,3.661902155727148,20.340727034270532,56.28927112063921
global,unrelated,20,31,0,REVOKE,context_version_changed_at_publish,17.094911076128483,6.130925379693508,20.340727034270532,56.28927112063921
global,unrelated,20,32,1,EXECUTE,published_after_gate_recheck,14.63493425399065,3.8384231738746166,20.340727034270532,56.28927112063921
global,unrelated,20,33,1,EXECUTE,published_after_gate_recheck,16.086617950350046,4.435122944414616,20.340727034270532,56.28927112063921
global,unrelated,20,34,0,REVOKE,context_version_changed_at_publish,19.178390968590975,8.78991512581706,20.340727034270532,56.28927112063921
global,unrelated,20,35,1,EXECUTE,published_after_gate_recheck,15.307266265153885,4.167561419308186,20.340727034270532,56.28927112063921
global,unrelated,20,36,1,EXECUTE,published_after_gate_recheck,14.670400880277157,4.216933157294989,20.340727034270532,56.28927112063921
global,unrelated,20,37,0,REVOKE,context_version_changed_at_publish,17.908076755702496,6.74563879147172,20.340727034270532,56.28927112063921
global,unrelated,20,38,1,EXECUTE,published_after_gate_recheck,14.619055204093456,3.8914019241929054,20.340727034270532,56.28927112063921
global,unrelated,20,39,1,EXECUTE,published_after_gate_recheck,14.845630154013634,4.330958239734173,20.340727034270532,56.28927112063921
global,unrelated,20,40,1,EXECUTE,published_after_gate_recheck,15.47072222456336,4.291674122214317,20.340727034270532,56.28927112063921
global,unrelated,20,41,1,EXECUTE,published_after_gate_recheck,14.802918769419193,4.122456070035696,20.340727034270532,56.28927112063921
global,unrelated,20,42,1,EXECUTE,published_after_gate_recheck,14.2844058573246,3.99919506162405,20.340727034270532,56.28927112063921
global,unrelated,20,43,1,EXECUTE,published_after_gate_recheck,14.593095052987337,3.9357859641313553,20.340727034270532,56.28927112063921
global,unrelated,20,44,1,EXECUTE,published_after_gate_recheck,15.668243169784546,4.231410101056099,20.340727034270532,56.28927112063921
global,unrelated,20,45,1,EXECUTE,published_after_gate_recheck,15.388617757707834,4.161839839071035,20.340727034270532,56.28927112063921
global,unrelated,20,46,1,EXECUTE,published_after_gate_recheck,15.060142148286104,4.1237990371882915,20.340727034270532,56.28927112063921
global,unrelated,20,47,0,REVOKE,context_version_changed_at_publish,16.43329905346036,5.3351218812167645,20.340727034270532,56.28927112063921
global,unrelated,20,48,1,EXECUTE,published_after_gate_recheck,14.227458741515875,3.732084296643734,20.340727034270532,56.28927112063921
global,unrelated,20,49,1,EXECUTE,published_after_gate_recheck,14.459053985774517,3.7828385829925537,20.340727034270532,56.28927112063921
global,unrelated,20,50,1,EXECUTE,published_after_gate_recheck,18.396862782537937,8.219053968787193,20.340727034270532,56.28927112063921
global,unrelated,20,51,1,EXECUTE,published_after_gate_recheck,14.92613973096013,3.9198659360408783,20.340727034270532,56.28927112063921
global,unrelated,20,52,1,EXECUTE,published_after_gate_recheck,15.784331131726503,4.260024055838585,20.340727034270532,56.28927112063921
global,unrelated,20,53,1,EXECUTE,published_after_gate_recheck,15.844673849642277,4.879406187683344,20.340727034270532,56.28927112063921
global,unrelated,20,54,1,EXECUTE,published_after_gate_recheck,15.211556106805801,4.427659325301647,20.340727034270532,56.28927112063921
global,unrelated,20,55,1,EXECUTE,published_after_gate_recheck,14.567377977073193,3.992592915892601,20.340727034270532,56.28927112063921
global,unrelated,20,56,1,EXECUTE,published_after_gate_recheck,14.52338369563222,4.386791959404945,20.340727034270532,56.28927112063921
global,unrelated,20,57,1,EXECUTE,published_after_gate_recheck,15.409768093377352,4.326418973505497,20.340727034270532,56.28927112063921
global,unrelated,20,58,1,EXECUTE,published_after_gate_recheck,15.551664400845766,4.048387054353952,20.340727034270532,56.28927112063921
global,unrelated,20,59,1,EXECUTE,published_after_gate_recheck,16.093421261757612,4.403884056955576,20.340727034270532,56.28927112063921
global,unrelated,20,60,1,EXECUTE,published_after_gate_recheck,19.490506034344435,4.63167205452919,20.340727034270532,56.28927112063921
global,unrelated,20,61,1,EXECUTE,published_after_gate_recheck,15.976171009242535,4.522416740655899,20.340727034270532,56.28927112063921
global,unrelated,20,62,1,EXECUTE,published_after_gate_recheck,16.321328934282064,4.8736147582530975,20.340727034270532,56.28927112063921
global,unrelated,20,63,1,EXECUTE,published_after_gate_recheck,16.574152745306492,4.491548985242844,20.340727034270532,56.28927112063921
global,unrelated,20,64,1,EXECUTE,published_after_gate_recheck,15.621395781636238,4.285102244466543,20.340727034270532,56.28927112063921
global,unrelated,20,65,1,EXECUTE,published_after_gate_recheck,15.650971326977015,4.225460346788168,20.340727034270532,56.28927112063921
global,unrelated,20,66,1,EXECUTE,published_after_gate_recheck,17.31324987486005,4.328753799200058,20.340727034270532,56.28927112063921
global,unrelated,20,67,1,EXECUTE,published_after_gate_recheck,15.821651089936495,4.349422175437212,20.340727034270532,56.28927112063921
global,unrelated,20,68,1,EXECUTE,published_after_gate_recheck,17.320232931524515,6.037500221282244,20.340727034270532,56.28927112063921
global,unrelated,20,69,1,EXECUTE,published_after_gate_recheck,21.075481083244085,4.777304828166962,20.340727034270532,56.28927112063921
global,unrelated,20,70,1,EXECUTE,published_after_gate_recheck,15.641502570360899,4.330717027187347,20.340727034270532,56.28927112063921
global,unrelated,20,71,1,EXECUTE,published_after_gate_recheck,18.046046141535044,4.518809728324413,20.340727034270532,56.28927112063921
global,unrelated,20,72,1,EXECUTE,published_after_gate_recheck,15.095849055796862,4.2654844000935555,20.340727034270532,56.28927112063921
global,unrelated,20,73,1,EXECUTE,published_after_gate_recheck,14.445849228650331,4.4229901395738125,20.340727034270532,56.28927112063921
global,unrelated,20,74,1,EXECUTE,published_after_gate_recheck,14.604437164962292,4.373196978121996,20.340727034270532,56.28927112063921
global,unrelated,20,75,1,EXECUTE,published_after_gate_recheck,15.176631044596434,3.9455238729715347,20.340727034270532,56.28927112063921
global,unrelated,20,76,1,EXECUTE,published_after_gate_recheck,16.45536022260785,4.3105389922857285,20.340727034270532,56.28927112063921
global,unrelated,20,77,1,EXECUTE,published_after_gate_recheck,20.513635594397783,4.336256999522448,20.340727034270532,56.28927112063921
global,unrelated,20,78,1,EXECUTE,published_after_gate_recheck,15.321994200348854,4.32647904381156,20.340727034270532,56.28927112063921
global,unrelated,20,79,1,EXECUTE,published_after_gate_recheck,14.388662297278643,3.8675381802022457,20.340727034270532,56.28927112063921
global,unrelated,20,80,1,EXECUTE,published_after_gate_recheck,16.954957973212004,4.286303650587797,20.340727034270532,56.28927112063921
global,unrelated,20,81,1,EXECUTE,published_after_gate_recheck,18.733966629952192,4.352588206529617,20.340727034270532,56.28927112063921
global,unrelated,20,82,1,EXECUTE,published_after_gate_recheck,15.521698165684938,4.508510697633028,20.340727034270532,56.28927112063921
global,unrelated,20,83,1,EXECUTE,published_after_gate_recheck,14.590670820325613,3.8811741396784782,20.340727034270532,56.28927112063921
global,unrelated,20,84,1,EXECUTE,published_after_gate_recheck,18.64115195348859,4.277197178453207,20.340727034270532,56.28927112063921
global,unrelated,20,85,1,EXECUTE,published_after_gate_recheck,15.097292140126228,4.33677900582552,20.340727034270532,56.28927112063921
global,unrelated,20,86,1,EXECUTE,published_after_gate_recheck,14.227059204131365,4.458536859601736,20.340727034270532,56.28927112063921
global,unrelated,20,87,1,EXECUTE,published_after_gate_recheck,17.71388202905655,4.038387909531593,20.340727034270532,56.28927112063921
global,unrelated,20,88,1,EXECUTE,published_after_gate_recheck,15.990247949957848,4.438298754394054,20.340727034270532,56.28927112063921
global,unrelated,20,89,1,EXECUTE,published_after_gate_recheck,14.621599111706018,4.113358911126852,20.340727034270532,56.28927112063921
global,unrelated,20,90,0,REVOKE,context_version_changed_at_publish,17.84789329394698,6.9771031849086285,20.340727034270532,56.28927112063921
global,unrelated,20,91,1,EXECUTE,published_after_gate_recheck,15.17542777583003,4.6476321294903755,20.340727034270532,56.28927112063921
global,unrelated,20,92,1,EXECUTE,published_after_gate_recheck,14.825812075287104,4.037757869809866,20.340727034270532,56.28927112063921
global,unrelated,20,93,0,REVOKE,context_version_changed_at_publish,18.866194877773523,6.8664150312542915,20.340727034270532,56.28927112063921
global,unrelated,20,94,1,EXECUTE,published_after_gate_recheck,14.909368939697742,3.896751906722784,20.340727034270532,56.28927112063921
global,unrelated,20,95,1,EXECUTE,published_after_gate_recheck,15.368139836937189,4.667710047215223,20.340727034270532,56.28927112063921
global,unrelated,20,96,1,EXECUTE,published_after_gate_recheck,18.59957491979003,7.469176780432463,20.340727034270532,56.28927112063921
global,unrelated,20,97,1,EXECUTE,published_after_gate_recheck,20.281671080738306,4.169004037976265,20.340727034270532,56.28927112063921
global,unrelated,20,98,1,EXECUTE,published_after_gate_recheck,16.019651666283607,4.7221421264112,20.340727034270532,56.28927112063921
global,unrelated,20,99,1,EXECUTE,published_after_gate_recheck,18.61022412776947,5.019679665565491,20.340727034270532,56.28927112063921
readset,unrelated,20,0,1,EXECUTE,published_after_gate_recheck,16.545409336686134,4.341848194599152,20.19590682716623,61.334449804946395
readset,unrelated,20,1,1,EXECUTE,published_after_gate_recheck,17.686289735138416,4.548966884613037,20.19590682716623,61.334449804946395
readset,unrelated,20,2,1,EXECUTE,published_after_gate_recheck,16.09088620170951,4.201964940875769,20.19590682716623,61.334449804946395
readset,unrelated,20,3,1,EXECUTE,published_after_gate_recheck,17.17485999688506,4.8653301782906055,20.19590682716623,61.334449804946395
readset,unrelated,20,4,1,EXECUTE,published_after_gate_recheck,14.87006526440382,3.942118026316166,20.19590682716623,61.334449804946395
readset,unrelated,20,5,1,EXECUTE,published_after_gate_recheck,16.017728950828314,4.443588200956583,20.19590682716623,61.334449804946395
readset,unrelated,20,6,1,EXECUTE,published_after_gate_recheck,17.49742589890957,4.304738249629736,20.19590682716623,61.334449804946395
readset,unrelated,20,7,1,EXECUTE,published_after_gate_recheck,15.414696652442217,4.40601771697402,20.19590682716623,61.334449804946395
readset,unrelated,20,8,1,EXECUTE,published_after_gate_recheck,14.741484075784683,4.050790797919035,20.19590682716623,61.334449804946395
readset,unrelated,20,9,1,EXECUTE,published_after_gate_recheck,16.96409471333027,5.737416911870241,20.19590682716623,61.334449804946395
readset,unrelated,20,10,1,EXECUTE,published_after_gate_recheck,16.325456090271473,4.68881893903017,20.19590682716623,61.334449804946395
readset,unrelated,20,11,1,EXECUTE,published_after_gate_recheck,15.063458122313023,4.243963863700628,20.19590682716623,61.334449804946395
readset,unrelated,20,12,1,EXECUTE,published_after_gate_recheck,16.43219729885459,5.530338268727064,20.19590682716623,61.334449804946395
readset,unrelated,20,13,1,EXECUTE,published_after_gate_recheck,14.672104269266129,3.900701180100441,20.19590682716623,61.334449804946395
readset,unrelated,20,14,1,EXECUTE,published_after_gate_recheck,15.757089946419,4.44634398445487,20.19590682716623,61.334449804946395
readset,unrelated,20,15,1,EXECUTE,published_after_gate_recheck,15.18215099349618,3.952596802264452,20.19590682716623,61.334449804946395
readset,unrelated,20,16,1,EXECUTE,published_after_gate_recheck,15.989005099982023,4.273971077054739,20.19590682716623,61.334449804946395
readset,unrelated,20,17,1,EXECUTE,published_after_gate_recheck,15.82521665841341,4.505474120378494,20.19590682716623,61.334449804946395
readset,unrelated,20,18,1,EXECUTE,published_after_gate_recheck,15.165649820119143,4.010336007922888,20.19590682716623,61.334449804946395
readset,unrelated,20,19,1,EXECUTE,published_after_gate_recheck,14.78875195607543,4.037557169795036,20.19590682716623,61.334449804946395
readset,unrelated,20,20,1,EXECUTE,published_after_gate_recheck,15.53373085334897,4.545589908957481,20.19590682716623,61.334449804946395
readset,unrelated,20,21,1,EXECUTE,published_after_gate_recheck,14.74947901442647,4.094914998859167,20.19590682716623,61.334449804946395
readset,unrelated,20,22,1,EXECUTE,published_after_gate_recheck,17.62555632740259,4.269591998308897,20.19590682716623,61.334449804946395
readset,unrelated,20,23,1,EXECUTE,published_after_gate_recheck,14.028946869075298,4.08661924302578,20.19590682716623,61.334449804946395
readset,unrelated,20,24,1,EXECUTE,published_after_gate_recheck,14.439016114920378,3.967254888266325,20.19590682716623,61.334449804946395
readset,unrelated,20,25,1,EXECUTE,published_after_gate_recheck,16.878364142030478,6.411140784621239,20.19590682716623,61.334449804946395
readset,unrelated,20,26,1,EXECUTE,published_after_gate_recheck,15.49235312268138,4.23417566344142,20.19590682716623,61.334449804946395
readset,unrelated,20,27,1,EXECUTE,published_after_gate_recheck,15.35643870010972,4.549196921288967,20.19590682716623,61.334449804946395
readset,unrelated,20,28,1,EXECUTE,published_after_gate_recheck,18.538519274443388,7.578571792691946,20.19590682716623,61.334449804946395
readset,unrelated,20,29,1,EXECUTE,published_after_gate_recheck,16.698837745934725,4.552633967250586,20.19590682716623,61.334449804946395
readset,unrelated,20,30,1,EXECUTE,published_after_gate_recheck,14.513186179101467,3.8485717959702015,20.19590682716623,61.334449804946395
readset,unrelated,20,31,1,EXECUTE,published_after_gate_recheck,18.565510865300894,7.343200035393238,20.19590682716623,61.334449804946395
readset,unrelated,20,32,1,EXECUTE,published_after_gate_recheck,16.629045829176903,4.235398955643177,20.19590682716623,61.334449804946395
readset,unrelated,20,33,1,EXECUTE,published_after_gate_recheck,16.512949019670486,4.274612292647362,20.19590682716623,61.334449804946395
readset,unrelated,20,34,1,EXECUTE,published_after_gate_recheck,17.78076682239771,5.997655913233757,20.19590682716623,61.334449804946395
readset,unrelated,20,35,1,EXECUTE,published_after_gate_recheck,14.676341786980629,3.774524200707674,20.19590682716623,61.334449804946395
readset,unrelated,20,36,1,EXECUTE,published_after_gate_recheck,14.638631138950586,3.951014019548893,20.19590682716623,61.334449804946395
readset,unrelated,20,37,1,EXECUTE,published_after_gate_recheck,19.94421798735857,9.031167719513178,20.19590682716623,61.334449804946395
readset,unrelated,20,38,1,EXECUTE,published_after_gate_recheck,15.253053978085518,4.13161376491189,20.19590682716623,61.334449804946395
readset,unrelated,20,39,1,EXECUTE,published_after_gate_recheck,15.287659130990505,4.58125676959753,20.19590682716623,61.334449804946395
readset,unrelated,20,40,1,EXECUTE,published_after_gate_recheck,17.49101420864463,6.564998999238014,20.19590682716623,61.334449804946395
readset,unrelated,20,41,1,EXECUTE,published_after_gate_recheck,14.161495957523584,4.20059310272336,20.19590682716623,61.334449804946395
readset,unrelated,20,42,1,EXECUTE,published_after_gate_recheck,17.202523071318865,4.309347365051508,20.19590682716623,61.334449804946395
readset,unrelated,20,43,1,EXECUTE,published_after_gate_recheck,19.261886831372976,7.775621954351664,20.19590682716623,61.334449804946395
readset,unrelated,20,44,1,EXECUTE,published_after_gate_recheck,15.453239902853966,4.375571385025978,20.19590682716623,61.334449804946395
readset,unrelated,20,45,1,EXECUTE,published_after_gate_recheck,16.49469370022416,4.264603368937969,20.19590682716623,61.334449804946395
readset,unrelated,20,46,1,EXECUTE,published_after_gate_recheck,20.4787808470428,6.779252085834742,20.19590682716623,61.334449804946395
readset,unrelated,20,47,1,EXECUTE,published_after_gate_recheck,22.885717917233706,7.3474980890750885,20.19590682716623,61.334449804946395
readset,unrelated,20,48,1,EXECUTE,published_after_gate_recheck,17.925338819622993,5.108477082103491,20.19590682716623,61.334449804946395
readset,unrelated,20,49,1,EXECUTE,published_after_gate_recheck,15.133047942072153,4.12578321993351,20.19590682716623,61.334449804946395
readset,unrelated,20,50,1,EXECUTE,published_after_gate_recheck,14.585922937840223,3.713538870215416,20.19590682716623,61.334449804946395
readset,unrelated,20,51,1,EXECUTE,published_after_gate_recheck,15.930225141346455,4.116906318813562,20.19590682716623,61.334449804946395
readset,unrelated,20,52,1,EXECUTE,published_after_gate_recheck,15.454642940312624,4.031775984913111,20.19590682716623,61.334449804946395
readset,unrelated,20,53,1,EXECUTE,published_after_gate_recheck,14.913727063685656,4.060219042003155,20.19590682716623,61.334449804946395
readset,unrelated,20,54,1,EXECUTE,published_after_gate_recheck,14.34565195813775,4.055701196193695,20.19590682716623,61.334449804946395
readset,unrelated,20,55,1,EXECUTE,published_after_gate_recheck,16.972399782389402,6.188302766531706,20.19590682716623,61.334449804946395
readset,unrelated,20,56,1,EXECUTE,published_after_gate_recheck,14.53337399289012,3.8961111567914486,20.19590682716623,61.334449804946395
readset,unrelated,20,57,1,EXECUTE,published_after_gate_recheck,13.873064890503883,3.6456510424613953,20.19590682716623,61.334449804946395
readset,unrelated,20,58,1,EXECUTE,published_after_gate_recheck,15.12496406212449,4.175855778157711,20.19590682716623,61.334449804946395
readset,unrelated,20,59,1,EXECUTE,published_after_gate_recheck,14.159432146698236,3.9970609359443188,20.19590682716623,61.334449804946395
readset,unrelated,20,60,1,EXECUTE,published_after_gate_recheck,15.609804075211287,4.565197974443436,20.19590682716623,61.334449804946395
readset,unrelated,20,61,1,EXECUTE,published_after_gate_recheck,15.003755688667297,4.085356835275888,20.19590682716623,61.334449804946395
readset,unrelated,20,62,1,EXECUTE,published_after_gate_recheck,17.13225105777383,4.999621771275997,20.19590682716623,61.334449804946395
readset,unrelated,20,63,1,EXECUTE,published_after_gate_recheck,15.409627929329872,4.337389022111893,20.19590682716623,61.334449804946395
readset,unrelated,20,64,1,EXECUTE,published_after_gate_recheck,14.231927692890167,3.978125285357237,20.19590682716623,61.334449804946395
readset,unrelated,20,65,1,EXECUTE,published_after_gate_recheck,16.303304582834244,4.468576051294804,20.19590682716623,61.334449804946395
readset,unrelated,20,66,1,EXECUTE,published_after_gate_recheck,17.11177174001932,4.2029572650790215,20.19590682716623,61.334449804946395
readset,unrelated,20,67,1,EXECUTE,published_after_gate_recheck,15.532157849520445,4.394636955112219,20.19590682716623,61.334449804946395
readset,unrelated,20,68,1,EXECUTE,published_after_gate_recheck,18.613511230796576,3.860394936054945,20.19590682716623,61.334449804946395
readset,unrelated,20,69,1,EXECUTE,published_after_gate_recheck,15.891582239419222,4.234787076711655,20.19590682716623,61.334449804946395
readset,unrelated,20,70,1,EXECUTE,published_after_gate_recheck,14.451931230723858,4.204159136861563,20.19590682716623,61.334449804946395
readset,unrelated,20,71,1,EXECUTE,published_after_gate_recheck,18.360665999352932,4.25503496080637,20.19590682716623,61.334449804946395
readset,unrelated,20,72,1,EXECUTE,published_after_gate_recheck,14.574440196156502,4.135190974920988,20.19590682716623,61.334449804946395
readset,unrelated,20,73,1,EXECUTE,published_after_gate_recheck,18.137416802346706,5.00525301322341,20.19590682716623,61.334449804946395
readset,unrelated,20,74,1,EXECUTE,published_after_gate_recheck,17.24207680672407,4.36477130278945,20.19590682716623,61.334449804946395
readset,unrelated,20,75,1,EXECUTE,published_after_gate_recheck,15.598572790622711,4.214338958263397,20.19590682716623,61.334449804946395
readset,unrelated,20,76,1,EXECUTE,published_after_gate_recheck,14.868543017655611,4.022468347102404,20.19590682716623,61.334449804946395
readset,unrelated,20,77,1,EXECUTE,published_after_gate_recheck,19.381682388484478,4.382995888590813,20.19590682716623,61.334449804946395
readset,unrelated,20,78,1,EXECUTE,published_after_gate_recheck,14.707399997860193,4.066652152687311,20.19590682716623,61.334449804946395
readset,unrelated,20,79,1,EXECUTE,published_after_gate_recheck,15.361737925559282,4.355453886091709,20.19590682716623,61.334449804946395
readset,unrelated,20,80,1,EXECUTE,published_after_gate_recheck,20.61042794957757,4.446674138307571,20.19590682716623,61.334449804946395
readset,unrelated,20,81,1,EXECUTE,published_after_gate_recheck,15.238015912473202,4.122836980968714,20.19590682716623,61.334449804946395
readset,unrelated,20,82,1,EXECUTE,published_after_gate_recheck,17.367211170494556,5.070785991847515,20.19590682716623,61.334449804946395
readset,unrelated,20,83,1,EXECUTE,published_after_gate_recheck,17.908608075231314,4.113559611141682,20.19590682716623,61.334449804946395
readset,unrelated,20,84,1,EXECUTE,published_after_gate_recheck,16.218104865401983,4.171137232333422,20.19590682716623,61.334449804946395
readset,unrelated,20,85,1,EXECUTE,published_after_gate_recheck,16.25907188281417,4.712934140115976,20.19590682716623,61.334449804946395
readset,unrelated,20,86,1,EXECUTE,published_after_gate_recheck,17.386096995323896,4.524720832705498,20.19590682716623,61.334449804946395
readset,unrelated,20,87,1,EXECUTE,published_after_gate_recheck,16.833249013870955,5.05845295265317,20.19590682716623,61.334449804946395
readset,unrelated,20,88,1,EXECUTE,published_after_gate_recheck,16.264010686427355,4.2547439225018024,20.19590682716623,61.334449804946395
readset,unrelated,20,89,1,EXECUTE,published_after_gate_recheck,16.729295253753662,4.697424825280905,20.19590682716623,61.334449804946395
readset,unrelated,20,90,1,EXECUTE,published_after_gate_recheck,14.672293793410063,4.363699350506067,20.19590682716623,61.334449804946395
readset,unrelated,20,91,1,EXECUTE,published_after_gate_recheck,15.040725003927946,4.140560049563646,20.19590682716623,61.334449804946395
readset,unrelated,20,92,1,EXECUTE,published_after_gate_recheck,18.283531069755554,4.2229751124978065,20.19590682716623,61.334449804946395
readset,unrelated,20,93,1,EXECUTE,published_after_gate_recheck,14.299554750323296,4.0504508651793,20.19590682716623,61.334449804946395
readset,unrelated,20,94,1,EXECUTE,published_after_gate_recheck,14.908127021044493,4.124579951167107,20.19590682716623,61.334449804946395
readset,unrelated,20,95,1,EXECUTE,published_after_gate_recheck,17.24442094564438,6.3710263930261135,20.19590682716623,61.334449804946395
readset,unrelated,20,96,1,EXECUTE,published_after_gate_recheck,16.748470719903708,4.165906924754381,20.19590682716623,61.334449804946395
readset,unrelated,20,97,1,EXECUTE,published_after_gate_recheck,15.278281178325415,4.165717866271734,20.19590682716623,61.334449804946395
readset,unrelated,20,98,1,EXECUTE,published_after_gate_recheck,18.108341842889786,6.440957076847553,20.19590682716623,61.334449804946395
readset,unrelated,20,99,1,EXECUTE,published_after_gate_recheck,15.416600741446018,4.022418987005949,20.19590682716623,61.334449804946395
global,related_same,20,0,1,EXECUTE,published_after_gate_recheck,20.523325074464083,7.183140143752098,20.20733489037937,55.07231579045344
global,related_same,20,1,1,EXECUTE,published_after_gate_recheck,16.848126892000437,4.9179792404174805,20.20733489037937,55.07231579045344
global,related_same,20,2,1,EXECUTE,published_after_gate_recheck,20.09337767958641,4.934260156005621,20.20733489037937,55.07231579045344
global,related_same,20,3,1,EXECUTE,published_after_gate_recheck,19.84470011666417,4.6015651896595955,20.20733489037937,55.07231579045344
global,related_same,20,4,1,EXECUTE,published_after_gate_recheck,18.21556407958269,6.838583387434483,20.20733489037937,55.07231579045344
global,related_same,20,5,0,REVOKE,context_version_changed_at_publish,17.47982297092676,5.863533820956945,20.20733489037937,55.07231579045344
global,related_same,20,6,1,EXECUTE,published_after_gate_recheck,14.794102869927883,3.9751799777150154,20.20733489037937,55.07231579045344
global,related_same,20,7,1,EXECUTE,published_after_gate_recheck,14.698152896016836,4.155658185482025,20.20733489037937,55.07231579045344
global,related_same,20,8,1,EXECUTE,published_after_gate_recheck,14.741914812475443,4.340765997767448,20.20733489037937,55.07231579045344
global,related_same,20,9,1,EXECUTE,published_after_gate_recheck,15.38456091657281,4.221451934427023,20.20733489037937,55.07231579045344
global,related_same,20,10,1,EXECUTE,published_after_gate_recheck,14.4589738920331,4.02695732191205,20.20733489037937,55.07231579045344
global,related_same,20,11,1,EXECUTE,published_after_gate_recheck,15.50738187506795,3.8841492496430874,20.20733489037937,55.07231579045344
global,related_same,20,12,1,EXECUTE,published_after_gate_recheck,15.194493811577559,3.9428886957466602,20.20733489037937,55.07231579045344
global,related_same,20,13,1,EXECUTE,published_after_gate_recheck,13.669783249497414,4.256187006831169,20.20733489037937,55.07231579045344
global,related_same,20,14,1,EXECUTE,published_after_gate_recheck,14.838537201285362,4.083472769707441,20.20733489037937,55.07231579045344
global,related_same,20,15,1,EXECUTE,published_after_gate_recheck,18.647894728928804,4.0388889610767365,20.20733489037937,55.07231579045344
global,related_same,20,16,1,EXECUTE,published_after_gate_recheck,17.112423665821552,4.341065883636475,20.20733489037937,55.07231579045344
global,related_same,20,17,1,EXECUTE,published_after_gate_recheck,14.715956058353186,4.188721068203449,20.20733489037937,55.07231579045344
global,related_same,20,18,1,EXECUTE,published_after_gate_recheck,19.47406493127346,4.418792203068733,20.20733489037937,55.07231579045344
global,related_same,20,19,1,EXECUTE,published_after_gate_recheck,15.086592175066471,4.2574601247906685,20.20733489037937,55.07231579045344
global,related_same,20,20,1,EXECUTE,published_after_gate_recheck,14.431883115321398,3.959900699555874,20.20733489037937,55.07231579045344
global,related_same,20,21,0,REVOKE,context_version_changed_at_publish,17.428186256438494,6.321093067526817,20.20733489037937,55.07231579045344
global,related_same,20,22,1,EXECUTE,published_after_gate_recheck,14.804511796683073,4.141411744058132,20.20733489037937,55.07231579045344
global,related_same,20,23,1,EXECUTE,published_after_gate_recheck,16.508761327713728,4.7101289965212345,20.20733489037937,55.07231579045344
global,related_same,20,24,0,REVOKE,context_version_changed_at_publish,17.1162411570549,6.287469062954187,20.20733489037937,55.07231579045344
global,related_same,20,25,1,EXECUTE,published_after_gate_recheck,14.138723257929087,3.8696620613336563,20.20733489037937,55.07231579045344
global,related_same,20,26,1,EXECUTE,published_after_gate_recheck,15.069370158016682,4.526415374130011,20.20733489037937,55.07231579045344
global,related_same,20,27,1,EXECUTE,published_after_gate_recheck,14.954092912375927,4.543074872344732,20.20733489037937,55.07231579045344
global,related_same,20,28,1,EXECUTE,published_after_gate_recheck,16.353690065443516,4.996455740183592,20.20733489037937,55.07231579045344
global,related_same,20,29,1,EXECUTE,published_after_gate_recheck,15.610404778271914,4.862735979259014,20.20733489037937,55.07231579045344
global,related_same,20,30,1,EXECUTE,published_after_gate_recheck,14.418378006666899,4.367376212030649,20.20733489037937,55.07231579045344
global,related_same,20,31,1,EXECUTE,published_after_gate_recheck,14.467299915850163,4.317030776292086,20.20733489037937,55.07231579045344
global,related_same,20,32,1,EXECUTE,published_after_gate_recheck,14.48164600878954,4.202817101031542,20.20733489037937,55.07231579045344
global,related_same,20,33,1,EXECUTE,published_after_gate_recheck,15.851016156375408,4.813353065401316,20.20733489037937,55.07231579045344
global,related_same,20,34,1,EXECUTE,published_after_gate_recheck,17.57663395255804,4.621883854269981,20.20733489037937,55.07231579045344
global,related_same,20,35,1,EXECUTE,published_after_gate_recheck,15.287648886442184,4.443198908120394,20.20733489037937,55.07231579045344
global,related_same,20,36,1,EXECUTE,published_after_gate_recheck,14.667905867099762,4.393375013023615,20.20733489037937,55.07231579045344
global,related_same,20,37,1,EXECUTE,published_after_gate_recheck,19.54303402453661,4.3702507391572,20.20733489037937,55.07231579045344
global,related_same,20,38,1,EXECUTE,published_after_gate_recheck,14.750962145626545,3.786256071180105,20.20733489037937,55.07231579045344
global,related_same,20,39,1,EXECUTE,published_after_gate_recheck,14.078710228204727,3.8324519991874695,20.20733489037937,55.07231579045344
global,related_same,20,40,0,REVOKE,context_version_changed_at_publish,16.298857051879168,6.112691015005112,20.20733489037937,55.07231579045344
global,related_same,20,41,1,EXECUTE,published_after_gate_recheck,14.398170169442892,3.7183179520070553,20.20733489037937,55.07231579045344
global,related_same,20,42,1,EXECUTE,published_after_gate_recheck,15.258565079420805,4.290390759706497,20.20733489037937,55.07231579045344
global,related_same,20,43,1,EXECUTE,published_after_gate_recheck,14.860427007079124,4.266536794602871,20.20733489037937,55.07231579045344
global,related_same,20,44,1,EXECUTE,published_after_gate_recheck,14.058853965252638,3.7993998266756535,20.20733489037937,55.07231579045344
global,related_same,20,45,1,EXECUTE,published_after_gate_recheck,15.06662368774414,4.0738750249147415,20.20733489037937,55.07231579045344
global,related_same,20,46,1,EXECUTE,published_after_gate_recheck,15.426961239427328,4.076911136507988,20.20733489037937,55.07231579045344
global,related_same,20,47,1,EXECUTE,published_after_gate_recheck,16.82151760905981,4.382924642413855,20.20733489037937,55.07231579045344
global,related_same,20,48,1,EXECUTE,published_after_gate_recheck,14.791727997362614,4.22980822622776,20.20733489037937,55.07231579045344
global,related_same,20,49,1,EXECUTE,published_after_gate_recheck,14.76563885807991,4.24871314316988,20.20733489037937,55.07231579045344
global,related_same,20,50,1,EXECUTE,published_after_gate_recheck,18.695823848247528,4.269151948392391,20.20733489037937,55.07231579045344
global,related_same,20,51,1,EXECUTE,published_after_gate_recheck,14.453643932938576,4.03438089415431,20.20733489037937,55.07231579045344
global,related_same,20,52,1,EXECUTE,published_after_gate_recheck,13.848287984728813,3.9183138869702816,20.20733489037937,55.07231579045344
global,related_same,20,53,0,REVOKE,context_version_changed_at_publish,16.472623217850924,6.250119302421808,20.20733489037937,55.07231579045344
global,related_same,20,54,1,EXECUTE,published_after_gate_recheck,14.251303859055042,3.645801916718483,20.20733489037937,55.07231579045344
global,related_same,20,55,1,EXECUTE,published_after_gate_recheck,14.526329934597015,4.126855172216892,20.20733489037937,55.07231579045344
global,related_same,20,56,1,EXECUTE,published_after_gate_recheck,14.85191099345684,4.443238023668528,20.20733489037937,55.07231579045344
global,related_same,20,57,1,EXECUTE,published_after_gate_recheck,14.593856874853373,4.173601977527142,20.20733489037937,55.07231579045344
global,related_same,20,58,1,EXECUTE,published_after_gate_recheck,14.110881369560957,3.905840218067169,20.20733489037937,55.07231579045344
global,related_same,20,59,1,EXECUTE,published_after_gate_recheck,14.214415103197098,4.1153328493237495,20.20733489037937,55.07231579045344
global,related_same,20,60,1,EXECUTE,published_after_gate_recheck,17.728600185364485,4.397883079946041,20.20733489037937,55.07231579045344
global,related_same,20,61,1,EXECUTE,published_after_gate_recheck,14.451669994741678,4.164464771747589,20.20733489037937,55.07231579045344
global,related_same,20,62,1,EXECUTE,published_after_gate_recheck,14.190138783305883,3.957055974751711,20.20733489037937,55.07231579045344
global,related_same,20,63,0,REVOKE,context_version_changed_at_publish,16.910715028643608,5.707981064915657,20.20733489037937,55.07231579045344
global,related_same,20,64,1,EXECUTE,published_after_gate_recheck,14.711969066411257,4.240317735821009,20.20733489037937,55.07231579045344
global,related_same,20,65,1,EXECUTE,published_after_gate_recheck,15.344706363976002,4.428140353411436,20.20733489037937,55.07231579045344
global,related_same,20,66,1,EXECUTE,published_after_gate_recheck,15.105205588042736,4.32283291593194,20.20733489037937,55.07231579045344
global,related_same,20,67,1,EXECUTE,published_after_gate_recheck,14.717889949679375,3.9818822406232357,20.20733489037937,55.07231579045344
global,related_same,20,68,1,EXECUTE,published_after_gate_recheck,14.171183109283447,4.1799042373895645,20.20733489037937,55.07231579045344
global,related_same,20,69,1,EXECUTE,published_after_gate_recheck,13.928248081356287,3.7681018002331257,20.20733489037937,55.07231579045344
global,related_same,20,70,1,EXECUTE,published_after_gate_recheck,16.668710857629776,4.447986837476492,20.20733489037937,55.07231579045344
global,related_same,20,71,1,EXECUTE,published_after_gate_recheck,15.159739181399345,4.634867887943983,20.20733489037937,55.07231579045344
global,related_same,20,72,1,EXECUTE,published_after_gate_recheck,13.790810015052557,3.671871032565832,20.20733489037937,55.07231579045344
global,related_same,20,73,0,REVOKE,context_version_changed_at_publish,17.00935000553727,6.136415991932154,20.20733489037937,55.07231579045344
global,related_same,20,74,1,EXECUTE,published_after_gate_recheck,14.942191075533628,4.398083314299583,20.20733489037937,55.07231579045344
global,related_same,20,75,1,EXECUTE,published_after_gate_recheck,14.176704920828342,3.8869143463671207,20.20733489037937,55.07231579045344
global,related_same,20,76,1,EXECUTE,published_after_gate_recheck,15.202028676867485,4.034240730106831,20.20733489037937,55.07231579045344
global,related_same,20,77,1,EXECUTE,published_after_gate_recheck,14.182405080646276,4.074336029589176,20.20733489037937,55.07231579045344
global,related_same,20,78,1,EXECUTE,published_after_gate_recheck,14.73701512441039,4.086118191480637,20.20733489037937,55.07231579045344
global,related_same,20,79,1,EXECUTE,published_after_gate_recheck,15.072425361722708,4.2686001397669315,20.20733489037937,55.07231579045344
global,related_same,20,80,1,EXECUTE,published_after_gate_recheck,15.497582964599133,4.096207208931446,20.20733489037937,55.07231579045344
global,related_same,20,81,1,EXECUTE,published_after_gate_recheck,13.920634053647518,3.9660721085965633,20.20733489037937,55.07231579045344
global,related_same,20,82,1,EXECUTE,published_after_gate_recheck,16.64735097438097,4.701994359493256,20.20733489037937,55.07231579045344
global,related_same,20,83,0,REVOKE,context_version_changed_at_publish,16.89895335584879,6.3369120471179485,20.20733489037937,55.07231579045344
global,related_same,20,84,1,EXECUTE,published_after_gate_recheck,14.211860951036215,3.576852846890688,20.20733489037937,55.07231579045344
global,related_same,20,85,1,EXECUTE,published_after_gate_recheck,14.722347725182772,3.99896502494812,20.20733489037937,55.07231579045344
global,related_same,20,86,0,REVOKE,context_version_changed_at_publish,19.495295360684395,8.121551014482975,20.20733489037937,55.07231579045344
global,related_same,20,87,1,EXECUTE,published_after_gate_recheck,15.769433230161667,4.491237923502922,20.20733489037937,55.07231579045344
global,related_same,20,88,1,EXECUTE,published_after_gate_recheck,17.745230812579393,4.886329639703035,20.20733489037937,55.07231579045344
global,related_same,20,89,0,REVOKE,context_version_changed_at_publish,18.12265906482935,6.550632882863283,20.20733489037937,55.07231579045344
global,related_same,20,90,1,EXECUTE,published_after_gate_recheck,15.610233880579472,4.696234129369259,20.20733489037937,55.07231579045344
global,related_same,20,91,1,EXECUTE,published_after_gate_recheck,15.534712933003902,4.315789323300123,20.20733489037937,55.07231579045344
global,related_same,20,92,0,REVOKE,context_version_changed_at_publish,17.8960426710546,6.552124861627817,20.20733489037937,55.07231579045344
global,related_same,20,93,1,EXECUTE,published_after_gate_recheck,15.480210073292255,4.191847052425146,20.20733489037937,55.07231579045344
global,related_same,20,94,1,EXECUTE,published_after_gate_recheck,16.02349989116192,4.569985903799534,20.20733489037937,55.07231579045344
global,related_same,20,95,0,REVOKE,context_version_changed_at_publish,17.22385222092271,5.795134697109461,20.20733489037937,55.07231579045344
global,related_same,20,96,1,EXECUTE,published_after_gate_recheck,15.825397800654173,4.44683525711298,20.20733489037937,55.07231579045344
global,related_same,20,97,1,EXECUTE,published_after_gate_recheck,14.929627068340778,4.1335769928991795,20.20733489037937,55.07231579045344
global,related_same,20,98,0,REVOKE,context_version_changed_at_publish,18.24363600462675,7.570345886051655,20.20733489037937,55.07231579045344
global,related_same,20,99,1,EXECUTE,published_after_gate_recheck,16.558753792196512,4.197015892714262,20.20733489037937,55.07231579045344
readset,related_same,20,0,1,EXECUTE,published_after_gate_recheck,17.677584197372198,4.57054702565074,20.232192449899703,61.441622861224104
readset,related_same,20,1,1,EXECUTE,published_after_gate_recheck,14.778733719140291,4.357296973466873,20.232192449899703,61.441622861224104
readset,related_same,20,2,1,EXECUTE,published_after_gate_recheck,19.357427023351192,4.764762241393328,20.232192449899703,61.441622861224104
readset,related_same,20,3,1,EXECUTE,published_after_gate_recheck,15.625822823494673,4.225218668580055,20.232192449899703,61.441622861224104
readset,related_same,20,4,1,EXECUTE,published_after_gate_recheck,14.14891192689538,4.077482037246227,20.232192449899703,61.441622861224104
readset,related_same,20,5,1,EXECUTE,published_after_gate_recheck,14.564773067831993,4.338883329182863,20.232192449899703,61.441622861224104
readset,related_same,20,6,1,EXECUTE,published_after_gate_recheck,17.040648963302374,6.303548812866211,20.232192449899703,61.441622861224104
readset,related_same,20,7,1,EXECUTE,published_after_gate_recheck,18.322122748941183,6.94282865151763,20.232192449899703,61.441622861224104
readset,related_same,20,8,1,EXECUTE,published_after_gate_recheck,14.320132788270712,4.106736741960049,20.232192449899703,61.441622861224104
readset,related_same,20,9,1,EXECUTE,published_after_gate_recheck,18.36390234529972,6.075100973248482,20.232192449899703,61.441622861224104
readset,related_same,20,10,1,EXECUTE,published_after_gate_recheck,15.278141014277935,4.04469994828105,20.232192449899703,61.441622861224104
readset,related_same,20,11,1,EXECUTE,published_after_gate_recheck,16.002139076590538,4.2982860468328,20.232192449899703,61.441622861224104
readset,related_same,20,12,1,EXECUTE,published_after_gate_recheck,17.651304602622986,6.284262984991074,20.232192449899703,61.441622861224104
readset,related_same,20,13,1,EXECUTE,published_after_gate_recheck,14.853613916784525,4.286122974008322,20.232192449899703,61.441622861224104
readset,related_same,20,14,1,EXECUTE,published_after_gate_recheck,14.20225203037262,4.018169827759266,20.232192449899703,61.441622861224104
readset,related_same,20,15,1,EXECUTE,published_after_gate_recheck,20.594097208231688,9.240409824997187,20.232192449899703,61.441622861224104
readset,related_same,20,16,1,EXECUTE,published_after_gate_recheck,14.843254815787077,4.309666808694601,20.232192449899703,61.441622861224104
readset,related_same,20,17,1,EXECUTE,published_after_gate_recheck,14.439698308706284,4.150928929448128,20.232192449899703,61.441622861224104
readset,related_same,20,18,1,EXECUTE,published_after_gate_recheck,15.695474110543728,4.626852925866842,20.232192449899703,61.441622861224104
readset,related_same,20,19,1,EXECUTE,published_after_gate_recheck,14.15740791708231,4.081428982317448,20.232192449899703,61.441622861224104
readset,related_same,20,20,1,EXECUTE,published_after_gate_recheck,14.436050783842802,4.216112196445465,20.232192449899703,61.441622861224104
readset,related_same,20,21,1,EXECUTE,published_after_gate_recheck,14.566816855221987,4.205162171274424,20.232192449899703,61.441622861224104
readset,related_same,20,22,1,EXECUTE,published_after_gate_recheck,17.479031812399626,4.499964881688356,20.232192449899703,61.441622861224104
readset,related_same,20,23,1,EXECUTE,published_after_gate_recheck,15.150892082601786,3.926148172467947,20.232192449899703,61.441622861224104
readset,related_same,20,24,1,EXECUTE,published_after_gate_recheck,15.05534304305911,4.068526439368725,20.232192449899703,61.441622861224104
readset,related_same,20,25,1,EXECUTE,published_after_gate_recheck,18.80232384428382,4.323112778365612,20.232192449899703,61.441622861224104
readset,related_same,20,26,1,EXECUTE,published_after_gate_recheck,16.152661759406328,4.31456696242094,20.232192449899703,61.441622861224104
readset,related_same,20,27,1,EXECUTE,published_after_gate_recheck,15.229289885610342,3.959380090236664,20.232192449899703,61.441622861224104
readset,related_same,20,28,1,EXECUTE,published_after_gate_recheck,17.3771302215755,4.828411154448986,20.232192449899703,61.441622861224104
readset,related_same,20,29,1,EXECUTE,published_after_gate_recheck,15.301815699785948,4.349201917648315,20.232192449899703,61.441622861224104
readset,related_same,20,30,1,EXECUTE,published_after_gate_recheck,14.858122915029526,4.613839089870453,20.232192449899703,61.441622861224104
readset,related_same,20,31,1,EXECUTE,published_after_gate_recheck,19.765962846577168,4.060450010001659,20.232192449899703,61.441622861224104
readset,related_same,20,32,1,EXECUTE,published_after_gate_recheck,14.791327994316816,3.794570919126272,20.232192449899703,61.441622861224104
readset,related_same,20,33,1,EXECUTE,published_after_gate_recheck,14.065476134419441,4.112838301807642,20.232192449899703,61.441622861224104
readset,related_same,20,34,1,EXECUTE,published_after_gate_recheck,17.159452196210623,6.372318137437105,20.232192449899703,61.441622861224104
readset,related_same,20,35,1,EXECUTE,published_after_gate_recheck,14.006736222654581,3.921118099242449,20.232192449899703,61.441622861224104
readset,related_same,20,36,1,EXECUTE,published_after_gate_recheck,13.915163930505514,3.716693725436926,20.232192449899703,61.441622861224104
readset,related_same,20,37,1,EXECUTE,published_after_gate_recheck,15.579787082970142,4.732200875878334,20.232192449899703,61.441622861224104
readset,related_same,20,38,1,EXECUTE,published_after_gate_recheck,14.226116705685854,4.253542982041836,20.232192449899703,61.441622861224104
readset,related_same,20,39,1,EXECUTE,published_after_gate_recheck,14.818308874964714,4.312953911721706,20.232192449899703,61.441622861224104
readset,related_same,20,40,1,EXECUTE,published_after_gate_recheck,15.592100098729134,4.454690031707287,20.232192449899703,61.441622861224104
readset,related_same,20,41,1,EXECUTE,published_after_gate_recheck,15.366256702691317,4.160047043114901,20.232192449899703,61.441622861224104
readset,related_same,20,42,1,EXECUTE,published_after_gate_recheck,16.56751101836562,4.327550996094942,20.232192449899703,61.441622861224104
readset,related_same,20,43,1,EXECUTE,published_after_gate_recheck,18.171911127865314,4.398103803396225,20.232192449899703,61.441622861224104
readset,related_same,20,44,1,EXECUTE,published_after_gate_recheck,15.468998812139034,4.492050036787987,20.232192449899703,61.441622861224104
readset,related_same,20,45,1,EXECUTE,published_after_gate_recheck,15.738354995846748,4.405117128044367,20.232192449899703,61.441622861224104
readset,related_same,20,46,1,EXECUTE,published_after_gate_recheck,16.100564040243626,4.035612568259239,20.232192449899703,61.441622861224104
readset,related_same,20,47,1,EXECUTE,published_after_gate_recheck,17.563549801707268,4.4269077479839325,20.232192449899703,61.441622861224104
readset,related_same,20,48,1,EXECUTE,published_after_gate_recheck,15.643677208572626,4.1778297163546085,20.232192449899703,61.441622861224104
readset,related_same,20,49,1,EXECUTE,published_after_gate_recheck,17.10132323205471,4.829282872378826,20.232192449899703,61.441622861224104
readset,related_same,20,50,1,EXECUTE,published_after_gate_recheck,17.876117024570704,4.678398836404085,20.232192449899703,61.441622861224104
readset,related_same,20,51,1,EXECUTE,published_after_gate_recheck,16.144006047397852,4.3367380276322365,20.232192449899703,61.441622861224104
readset,related_same,20,52,1,EXECUTE,published_after_gate_recheck,15.468127094209194,4.289028700441122,20.232192449899703,61.441622861224104
readset,related_same,20,53,1,EXECUTE,published_after_gate_recheck,15.780383720993996,3.8378117606043816,20.232192449899703,61.441622861224104
readset,related_same,20,54,1,EXECUTE,published_after_gate_recheck,14.76135104894638,4.273810423910618,20.232192449899703,61.441622861224104
readset,related_same,20,55,1,EXECUTE,published_after_gate_recheck,16.04648306965828,4.5304917730391026,20.232192449899703,61.441622861224104
readset,related_same,20,56,1,EXECUTE,published_after_gate_recheck,17.239100765436888,6.6441078670322895,20.232192449899703,61.441622861224104
readset,related_same,20,57,1,EXECUTE,published_after_gate_recheck,15.96225518733263,4.537015222012997,20.232192449899703,61.441622861224104
readset,related_same,20,58,1,EXECUTE,published_after_gate_recheck,14.915692154318094,4.157121758908033,20.232192449899703,61.441622861224104
readset,related_same,20,59,1,EXECUTE,published_after_gate_recheck,17.831081990152597,7.241640239953995,20.232192449899703,61.441622861224104
readset,related_same,20,60,1,EXECUTE,published_after_gate_recheck,18.293318804353476,6.59904396161437,20.232192449899703,61.441622861224104
readset,related_same,20,61,1,EXECUTE,published_after_gate_recheck,15.6836430542171,4.104242194443941,20.232192449899703,61.441622861224104
readset,related_same,20,62,1,EXECUTE,published_after_gate_recheck,22.606693673878908,4.406709689646959,20.232192449899703,61.441622861224104
readset,related_same,20,63,1,EXECUTE,published_after_gate_recheck,15.871944837272167,4.202687181532383,20.232192449899703,61.441622861224104
readset,related_same,20,64,1,EXECUTE,published_after_gate_recheck,15.061103738844395,4.402732010930777,20.232192449899703,61.441622861224104
readset,related_same,20,65,1,EXECUTE,published_after_gate_recheck,26.153720915317535,4.480859264731407,20.232192449899703,61.441622861224104
readset,related_same,20,66,1,EXECUTE,published_after_gate_recheck,15.974907670170069,4.493762739002705,20.232192449899703,61.441622861224104
readset,related_same,20,67,1,EXECUTE,published_after_gate_recheck,18.91319267451763,8.495964109897614,20.232192449899703,61.441622861224104
readset,related_same,20,68,1,EXECUTE,published_after_gate_recheck,14.539785217493773,4.159105010330677,20.232192449899703,61.441622861224104
readset,related_same,20,69,1,EXECUTE,published_after_gate_recheck,16.330446116626263,4.429331980645657,20.232192449899703,61.441622861224104
readset,related_same,20,70,1,EXECUTE,published_after_gate_recheck,19.357315730303526,8.429648820310831,20.232192449899703,61.441622861224104
readset,related_same,20,71,1,EXECUTE,published_after_gate_recheck,14.605239033699036,4.215499851852655,20.232192449899703,61.441622861224104
readset,related_same,20,72,1,EXECUTE,published_after_gate_recheck,14.514739159494638,3.9432798512279987,20.232192449899703,61.441622861224104
readset,related_same,20,73,1,EXECUTE,published_after_gate_recheck,18.836998846381903,8.536779787391424,20.232192449899703,61.441622861224104
readset,related_same,20,74,1,EXECUTE,published_after_gate_recheck,14.921911992132664,4.028350114822388,20.232192449899703,61.441622861224104
readset,related_same,20,75,1,EXECUTE,published_after_gate_recheck,18.619521986693144,4.799155984073877,20.232192449899703,61.441622861224104
readset,related_same,20,76,1,EXECUTE,published_after_gate_recheck,18.0013719946146,6.327984854578972,20.232192449899703,61.441622861224104
readset,related_same,20,77,1,EXECUTE,published_after_gate_recheck,14.777201227843761,3.9785769768059254,20.232192449899703,61.441622861224104
readset,related_same,20,78,1,EXECUTE,published_after_gate_recheck,14.662345871329308,4.252589773386717,20.232192449899703,61.441622861224104
readset,related_same,20,79,1,EXECUTE,published_after_gate_recheck,20.661603659391403,8.700817823410034,20.232192449899703,61.441622861224104
readset,related_same,20,80,1,EXECUTE,published_after_gate_recheck,14.32959083467722,4.393634852021933,20.232192449899703,61.441622861224104
readset,related_same,20,81,1,EXECUTE,published_after_gate_recheck,15.04494296386838,4.10095602273941,20.232192449899703,61.441622861224104
readset,related_same,20,82,1,EXECUTE,published_after_gate_recheck,18.696074839681387,7.879246026277542,20.232192449899703,61.441622861224104
readset,related_same,20,83,1,EXECUTE,published_after_gate_recheck,15.368461143225431,4.244395066052675,20.232192449899703,61.441622861224104
readset,related_same,20,84,1,EXECUTE,published_after_gate_recheck,15.127528924494982,4.084194079041481,20.232192449899703,61.441622861224104
readset,related_same,20,85,1,EXECUTE,published_after_gate_recheck,19.988220185041428,7.901418022811413,20.232192449899703,61.441622861224104
readset,related_same,20,86,1,EXECUTE,published_after_gate_recheck,15.566031914204359,3.902013413608074,20.232192449899703,61.441622861224104
readset,related_same,20,87,1,EXECUTE,published_after_gate_recheck,14.323689974844456,4.117127042263746,20.232192449899703,61.441622861224104
readset,related_same,20,88,1,EXECUTE,published_after_gate_recheck,14.854575973004103,4.075418226420879,20.232192449899703,61.441622861224104
readset,related_same,20,89,1,EXECUTE,published_after_gate_recheck,14.525658916682005,3.8409982807934284,20.232192449899703,61.441622861224104
readset,related_same,20,90,1,EXECUTE,published_after_gate_recheck,12.842731084674597,3.539582248777151,20.232192449899703,61.441622861224104
readset,related_same,20,91,1,EXECUTE,published_after_gate_recheck,14.390916097909212,4.072812851518393,20.232192449899703,61.441622861224104
readset,related_same,20,92,1,EXECUTE,published_after_gate_recheck,15.354183968156576,3.708610311150551,20.232192449899703,61.441622861224104
readset,related_same,20,93,1,EXECUTE,published_after_gate_recheck,15.347762033343315,4.455321002751589,20.232192449899703,61.441622861224104
readset,related_same,20,94,1,EXECUTE,published_after_gate_recheck,14.669117983430624,4.225258715450764,20.232192449899703,61.441622861224104
readset,related_same,20,95,1,EXECUTE,published_after_gate_recheck,17.950606998056173,7.5436667539179325,20.232192449899703,61.441622861224104
readset,related_same,20,96,1,EXECUTE,published_after_gate_recheck,15.409647952765226,4.596395883709192,20.232192449899703,61.441622861224104
readset,related_same,20,97,1,EXECUTE,published_after_gate_recheck,14.924818184226751,4.001399036496878,20.232192449899703,61.441622861224104
readset,related_same,20,98,1,EXECUTE,published_after_gate_recheck,18.674214370548725,8.560835849493742,20.232192449899703,61.441622861224104
readset,related_same,20,99,1,EXECUTE,published_after_gate_recheck,14.982587192207575,4.369078669697046,20.232192449899703,61.441622861224104
global,unrelated,100,0,0,REVOKE,context_version_changed_at_publish,22.503911051899195,8.99117300286889,100.06919757637596,18.347435439910644
global,unrelated,100,1,0,REVOKE,context_version_changed_at_publish,19.060409162193537,6.365574896335602,100.06919757637596,18.347435439910644
global,unrelated,100,2,1,EXECUTE,published_after_gate_recheck,15.49624977633357,4.037155769765377,100.06919757637596,18.347435439910644
global,unrelated,100,3,0,REVOKE,context_version_changed_at_publish,16.552693210542202,5.674018990248442,100.06919757637596,18.347435439910644
global,unrelated,100,4,0,REVOKE,context_version_changed_at_publish,18.09330377727747,6.988293956965208,100.06919757637596,18.347435439910644
global,unrelated,100,5,1,EXECUTE,published_after_gate_recheck,14.601931907236576,3.662402741611004,100.06919757637596,18.347435439910644
global,unrelated,100,6,0,REVOKE,context_version_changed_at_publish,17.11049024015665,6.711095105856657,100.06919757637596,18.347435439910644
global,unrelated,100,7,0,REVOKE,context_version_changed_at_publish,18.382307142019272,7.868036162108183,100.06919757637596,18.347435439910644
global,unrelated,100,8,0,REVOKE,context_version_changed_at_publish,20.602363161742687,8.769767824560404,100.06919757637596,18.347435439910644
global,unrelated,100,9,0,REVOKE,context_version_changed_at_publish,18.9042161218822,7.436595857143402,100.06919757637596,18.347435439910644
global,unrelated,100,10,0,REVOKE,context_version_changed_at_publish,21.81917615234852,8.945406880229712,100.06919757637596,18.347435439910644
global,unrelated,100,11,0,REVOKE,context_version_changed_at_publish,19.451011903584003,7.425494957715273,100.06919757637596,18.347435439910644
global,unrelated,100,12,0,REVOKE,context_version_changed_at_publish,20.030919928103685,9.002143051475286,100.06919757637596,18.347435439910644
global,unrelated,100,13,0,REVOKE,context_version_changed_at_publish,19.334793090820312,8.28907499089837,100.06919757637596,18.347435439910644
global,unrelated,100,14,0,REVOKE,context_version_changed_at_publish,20.824970211833715,9.843393228948116,100.06919757637596,18.347435439910644
global,unrelated,100,15,0,REVOKE,context_version_changed_at_publish,18.173223827034235,7.077502086758614,100.06919757637596,18.347435439910644
global,unrelated,100,16,1,EXECUTE,published_after_gate_recheck,15.448420774191618,4.277737811207771,100.06919757637596,18.347435439910644
global,unrelated,100,17,1,EXECUTE,published_after_gate_recheck,19.176987931132317,4.322342108935118,100.06919757637596,18.347435439910644
global,unrelated,100,18,0,REVOKE,context_version_changed_at_publish,17.096733674407005,5.481196101754904,100.06919757637596,18.347435439910644
global,unrelated,100,19,0,REVOKE,context_version_changed_at_publish,17.53527671098709,7.783076260238886,100.06919757637596,18.347435439910644
global,unrelated,100,20,0,REVOKE,context_version_changed_at_publish,21.134712267667055,9.173255413770676,100.06919757637596,18.347435439910644
global,unrelated,100,21,0,REVOKE,context_version_changed_at_publish,21.772559266537428,9.283582214266062,100.06919757637596,18.347435439910644
global,unrelated,100,22,0,REVOKE,context_version_changed_at_publish,23.151216097176075,8.696570992469788,100.06919757637596,18.347435439910644
global,unrelated,100,23,1,EXECUTE,published_after_gate_recheck,21.212457679212093,4.368558060377836,100.06919757637596,18.347435439910644
global,unrelated,100,24,1,EXECUTE,published_after_gate_recheck,18.890681210905313,4.230679012835026,100.06919757637596,18.347435439910644
global,unrelated,100,25,1,EXECUTE,published_after_gate_recheck,19.183008931577206,4.384367726743221,100.06919757637596,18.347435439910644
global,unrelated,100,26,1,EXECUTE,published_after_gate_recheck,20.218963269144297,4.657439887523651,100.06919757637596,18.347435439910644
global,unrelated,100,27,1,EXECUTE,published_after_gate_recheck,17.96059589833021,4.350264091044664,100.06919757637596,18.347435439910644
global,unrelated,100,28,0,REVOKE,context_version_changed_at_publish,16.683628782629967,6.614603102207184,100.06919757637596,18.347435439910644
global,unrelated,100,29,0,REVOKE,context_version_changed_at_publish,19.841716159135103,9.487173985689878,100.06919757637596,18.347435439910644
global,unrelated,100,30,0,REVOKE,context_version_changed_at_publish,20.716547034680843,9.573305957019329,100.06919757637596,18.347435439910644
global,unrelated,100,31,0,REVOKE,context_version_changed_at_publish,18.822072073817253,5.732407793402672,100.06919757637596,18.347435439910644
global,unrelated,100,32,1,EXECUTE,published_after_gate_recheck,16.470950096845627,4.649004898965359,100.06919757637596,18.347435439910644
global,unrelated,100,33,0,REVOKE,context_version_changed_at_publish,23.94008683040738,6.72440929338336,100.06919757637596,18.347435439910644
global,unrelated,100,34,0,REVOKE,context_version_changed_at_publish,20.81018267199397,8.63688811659813,100.06919757637596,18.347435439910644
global,unrelated,100,35,0,REVOKE,context_version_changed_at_publish,18.715722020715475,6.691607180982828,100.06919757637596,18.347435439910644
global,unrelated,100,36,0,REVOKE,context_version_changed_at_publish,21.789981983602047,6.034764926880598,100.06919757637596,18.347435439910644
global,unrelated,100,37,0,REVOKE,context_version_changed_at_publish,19.303003791719675,6.508324295282364,100.06919757637596,18.347435439910644
global,unrelated,100,38,0,REVOKE,context_version_changed_at_publish,18.420598935335875,8.253988809883595,100.06919757637596,18.347435439910644
global,unrelated,100,39,0,REVOKE,context_version_changed_at_publish,19.74362088367343,8.04786290973425,100.06919757637596,18.347435439910644
global,unrelated,100,40,1,EXECUTE,published_after_gate_recheck,14.835069887340069,4.256377927958965,100.06919757637596,18.347435439910644
global,unrelated,100,41,0,REVOKE,context_version_changed_at_publish,17.340231221169233,6.163306068629026,100.06919757637596,18.347435439910644
global,unrelated,100,42,0,REVOKE,context_version_changed_at_publish,17.90328836068511,6.2776608392596245,100.06919757637596,18.347435439910644
global,unrelated,100,43,1,EXECUTE,published_after_gate_recheck,14.928665943443775,3.805261105298996,100.06919757637596,18.347435439910644
global,unrelated,100,44,1,EXECUTE,published_after_gate_recheck,18.802475184202194,4.017540253698826,100.06919757637596,18.347435439910644
global,unrelated,100,45,0,REVOKE,context_version_changed_at_publish,16.729034017771482,5.899510812014341,100.06919757637596,18.347435439910644
global,unrelated,100,46,0,REVOKE,context_version_changed_at_publish,18.812603782862425,8.297150023281574,100.06919757637596,18.347435439910644
global,unrelated,100,47,1,EXECUTE,published_after_gate_recheck,15.13310894370079,4.321841057389975,100.06919757637596,18.347435439910644
global,unrelated,100,48,0,REVOKE,context_version_changed_at_publish,17.081466037780046,6.5859598107635975,100.06919757637596,18.347435439910644
global,unrelated,100,49,0,REVOKE,context_version_changed_at_publish,19.60601331666112,8.601371198892593,100.06919757637596,18.347435439910644
global,unrelated,100,50,0,REVOKE,context_version_changed_at_publish,19.990013912320137,7.0231300778687,100.06919757637596,18.347435439910644
global,unrelated,100,51,0,REVOKE,context_version_changed_at_publish,18.988996278494596,7.5138709507882595,100.06919757637596,18.347435439910644
global,unrelated,100,52,0,REVOKE,context_version_changed_at_publish,19.398342818021774,8.315594866871834,100.06919757637596,18.347435439910644
global,unrelated,100,53,1,EXECUTE,published_after_gate_recheck,14.886767137795687,4.324283916503191,100.06919757637596,18.347435439910644
global,unrelated,100,54,0,REVOKE,context_version_changed_at_publish,16.154605895280838,5.8319950476288795,100.06919757637596,18.347435439910644
global,unrelated,100,55,0,REVOKE,context_version_changed_at_publish,18.579296302050352,7.156480103731155,100.06919757637596,18.347435439910644
global,unrelated,100,56,1,EXECUTE,published_after_gate_recheck,14.75227391347289,3.8356678560376167,100.06919757637596,18.347435439910644
global,unrelated,100,57,0,REVOKE,context_version_changed_at_publish,16.82103704661131,6.040484644472599,100.06919757637596,18.347435439910644
global,unrelated,100,58,0,REVOKE,context_version_changed_at_publish,18.218168057501316,7.682757917791605,100.06919757637596,18.347435439910644
global,unrelated,100,59,1,EXECUTE,published_after_gate_recheck,14.81060404330492,3.812283743172884,100.06919757637596,18.347435439910644
global,unrelated,100,60,1,EXECUTE,published_after_gate_recheck,20.385284908115864,4.737820941954851,100.06919757637596,18.347435439910644
global,unrelated,100,61,1,EXECUTE,published_after_gate_recheck,18.30113399773836,4.092029761523008,100.06919757637596,18.347435439910644
global,unrelated,100,62,0,REVOKE,context_version_changed_at_publish,16.374377999454737,6.3002328388392925,100.06919757637596,18.347435439910644
global,unrelated,100,63,0,REVOKE,context_version_changed_at_publish,20.938353147357702,8.752614725381136,100.06919757637596,18.347435439910644
global,unrelated,100,64,0,REVOKE,context_version_changed_at_publish,20.25100402534008,7.647851947695017,100.06919757637596,18.347435439910644
global,unrelated,100,65,0,REVOKE,context_version_changed_at_publish,18.638677895069122,6.784341298043728,100.06919757637596,18.347435439910644
global,unrelated,100,66,0,REVOKE,context_version_changed_at_publish,19.796340260654688,6.357050035148859,100.06919757637596,18.347435439910644
global,unrelated,100,67,1,EXECUTE,published_after_gate_recheck,15.433602966368198,3.8724574260413647,100.06919757637596,18.347435439910644
global,unrelated,100,68,1,EXECUTE,published_after_gate_recheck,19.87043907865882,4.406748805195093,100.06919757637596,18.347435439910644
global,unrelated,100,69,1,EXECUTE,published_after_gate_recheck,19.40460503101349,4.1533238254487514,100.06919757637596,18.347435439910644
global,unrelated,100,70,0,REVOKE,context_version_changed_at_publish,17.67541002482176,6.171743385493755,100.06919757637596,18.347435439910644
global,unrelated,100,71,0,REVOKE,context_version_changed_at_publish,19.15341429412365,7.629297208040953,100.06919757637596,18.347435439910644
global,unrelated,100,72,0,REVOKE,context_version_changed_at_publish,17.05012610182166,6.835286971181631,100.06919757637596,18.347435439910644
global,unrelated,100,73,1,EXECUTE,published_after_gate_recheck,15.80724399536848,4.157061222940683,100.06919757637596,18.347435439910644
global,unrelated,100,74,0,REVOKE,context_version_changed_at_publish,16.576267313212156,5.676392000168562,100.06919757637596,18.347435439910644
global,unrelated,100,75,0,REVOKE,context_version_changed_at_publish,18.417211715131998,7.282847072929144,100.06919757637596,18.347435439910644
global,unrelated,100,76,1,EXECUTE,published_after_gate_recheck,14.981574844568968,4.401609767228365,100.06919757637596,18.347435439910644
global,unrelated,100,77,0,REVOKE,context_version_changed_at_publish,16.269872896373272,6.3726091757416725,100.06919757637596,18.347435439910644
global,unrelated,100,78,0,REVOKE,context_version_changed_at_publish,19.04831686988473,8.555645123124123,100.06919757637596,18.347435439910644
global,unrelated,100,79,1,EXECUTE,published_after_gate_recheck,15.228928066790104,4.495896864682436,100.06919757637596,18.347435439910644
global,unrelated,100,80,1,EXECUTE,published_after_gate_recheck,19.020515028387308,4.3538399040699005,100.06919757637596,18.347435439910644
global,unrelated,100,81,0,REVOKE,context_version_changed_at_publish,16.106836032122374,5.749640055000782,100.06919757637596,18.347435439910644
global,unrelated,100,82,0,REVOKE,context_version_changed_at_publish,17.7487269975245,6.974419113248587,100.06919757637596,18.347435439910644
global,unrelated,100,83,1,EXECUTE,published_after_gate_recheck,15.789831057190895,3.9183334447443485,100.06919757637596,18.347435439910644
global,unrelated,100,84,1,EXECUTE,published_after_gate_recheck,19.00668814778328,4.635789897292852,100.06919757637596,18.347435439910644
global,unrelated,100,85,0,REVOKE,context_version_changed_at_publish,16.803713981062174,6.199002731591463,100.06919757637596,18.347435439910644
global,unrelated,100,86,1,EXECUTE,published_after_gate_recheck,14.221849385648966,4.098440986126661,100.06919757637596,18.347435439910644
global,unrelated,100,87,1,EXECUTE,published_after_gate_recheck,19.78459767997265,4.805888049304485,100.06919757637596,18.347435439910644
global,unrelated,100,88,0,REVOKE,context_version_changed_at_publish,26.31668606773019,9.009606670588255,100.06919757637596,18.347435439910644
global,unrelated,100,89,0,REVOKE,context_version_changed_at_publish,19.05082119628787,8.704725187271833,100.06919757637596,18.347435439910644
global,unrelated,100,90,0,REVOKE,context_version_changed_at_publish,20.277301780879498,8.29353416338563,100.06919757637596,18.347435439910644
global,unrelated,100,91,0,REVOKE,context_version_changed_at_publish,20.837383810430765,4.991487134248018,100.06919757637596,18.347435439910644
global,unrelated,100,92,0,REVOKE,context_version_changed_at_publish,17.495422158390284,5.902247037738562,100.06919757637596,18.347435439910644
global,unrelated,100,93,1,EXECUTE,published_after_gate_recheck,15.46321902424097,4.176015965640545,100.06919757637596,18.347435439910644
global,unrelated,100,94,0,REVOKE,context_version_changed_at_publish,16.439551021903753,5.938644986599684,100.06919757637596,18.347435439910644
global,unrelated,100,95,0,REVOKE,context_version_changed_at_publish,18.14049296081066,7.005325984209776,100.06919757637596,18.347435439910644
global,unrelated,100,96,1,EXECUTE,published_after_gate_recheck,16.002601012587547,4.3383208103477955,100.06919757637596,18.347435439910644
global,unrelated,100,97,1,EXECUTE,published_after_gate_recheck,20.04936384037137,4.62316581979394,100.06919757637596,18.347435439910644
global,unrelated,100,98,1,EXECUTE,published_after_gate_recheck,19.83690680935979,4.890538286417723,100.06919757637596,18.347435439910644
global,unrelated,100,99,0,REVOKE,context_version_changed_at_publish,24.779120925813913,9.033682756125927,100.06919757637596,18.347435439910644
readset,unrelated,100,0,1,EXECUTE,published_after_gate_recheck,16.036774963140488,3.8446038961410522,100.05980310873323,53.05648699738046
readset,unrelated,100,1,1,EXECUTE,published_after_gate_recheck,16.536151990294456,6.199453957378864,100.05980310873323,53.05648699738046
readset,unrelated,100,2,1,EXECUTE,published_after_gate_recheck,18.84676795452833,8.399752900004387,100.05980310873323,53.05648699738046
readset,unrelated,100,3,1,EXECUTE,published_after_gate_recheck,15.032911207526922,4.345996305346489,100.05980310873323,53.05648699738046
readset,unrelated,100,4,1,EXECUTE,published_after_gate_recheck,17.77353510260582,6.903124041855335,100.05980310873323,53.05648699738046
readset,unrelated,100,5,1,EXECUTE,published_after_gate_recheck,17.11206277832389,6.54949015006423,100.05980310873323,53.05648699738046
readset,unrelated,100,6,1,EXECUTE,published_after_gate_recheck,20.58250503614545,8.088808972388506,100.05980310873323,53.05648699738046
readset,unrelated,100,7,1,EXECUTE,published_after_gate_recheck,15.30753681436181,4.130362067371607,100.05980310873323,53.05648699738046
readset,unrelated,100,8,1,EXECUTE,published_after_gate_recheck,17.982667312026024,6.388559006154537,100.05980310873323,53.05648699738046
readset,unrelated,100,9,1,EXECUTE,published_after_gate_recheck,16.69437810778618,5.289806984364986,100.05980310873323,53.05648699738046
readset,unrelated,100,10,1,EXECUTE,published_after_gate_recheck,15.203259885311127,4.369319882243872,100.05980310873323,53.05648699738046
readset,unrelated,100,11,1,EXECUTE,published_after_gate_recheck,23.919588420540094,8.819220121949911,100.05980310873323,53.05648699738046
readset,unrelated,100,12,1,EXECUTE,published_after_gate_recheck,21.65385615080595,8.936239872127771,100.05980310873323,53.05648699738046
readset,unrelated,100,13,1,EXECUTE,published_after_gate_recheck,18.150702118873596,5.965735763311386,100.05980310873323,53.05648699738046
readset,unrelated,100,14,1,EXECUTE,published_after_gate_recheck,15.585718676447868,4.339233040809631,100.05980310873323,53.05648699738046
readset,unrelated,100,15,1,EXECUTE,published_after_gate_recheck,24.266078136861324,8.94454587250948,100.05980310873323,53.05648699738046
readset,unrelated,100,16,1,EXECUTE,published_after_gate_recheck,15.514354221522808,4.54925699159503,100.05980310873323,53.05648699738046
readset,unrelated,100,17,1,EXECUTE,published_after_gate_recheck,24.895088747143745,9.041438344866037,100.05980310873323,53.05648699738046
readset,unrelated,100,18,1,EXECUTE,published_after_gate_recheck,20.330673083662987,8.843706920742989,100.05980310873323,53.05648699738046
readset,unrelated,100,19,1,EXECUTE,published_after_gate_recheck,19.40084807574749,8.330733980983496,100.05980310873323,53.05648699738046
readset,unrelated,100,20,1,EXECUTE,published_after_gate_recheck,19.96036758646369,8.91847675666213,100.05980310873323,53.05648699738046
readset,unrelated,100,21,1,EXECUTE,published_after_gate_recheck,14.673716854304075,4.91992337629199,100.05980310873323,53.05648699738046
readset,unrelated,100,22,1,EXECUTE,published_after_gate_recheck,17.945836763828993,6.482255179435015,100.05980310873323,53.05648699738046
readset,unrelated,100,23,1,EXECUTE,published_after_gate_recheck,16.29112334921956,5.703403148800135,100.05980310873323,53.05648699738046
readset,unrelated,100,24,1,EXECUTE,published_after_gate_recheck,16.101707238703966,4.357486963272095,100.05980310873323,53.05648699738046
readset,unrelated,100,25,1,EXECUTE,published_after_gate_recheck,26.74625301733613,10.396218858659267,100.05980310873323,53.05648699738046
readset,unrelated,100,26,1,EXECUTE,published_after_gate_recheck,18.571462016552687,7.414333987981081,100.05980310873323,53.05648699738046
readset,unrelated,100,27,1,EXECUTE,published_after_gate_recheck,20.101563073694706,7.596476003527641,100.05980310873323,53.05648699738046
readset,unrelated,100,28,1,EXECUTE,published_after_gate_recheck,20.85990598425269,8.702410850673914,100.05980310873323,53.05648699738046
readset,unrelated,100,29,1,EXECUTE,published_after_gate_recheck,20.106481853872538,8.375678211450577,100.05980310873323,53.05648699738046
readset,unrelated,100,30,1,EXECUTE,published_after_gate_recheck,19.536683335900307,7.74201937019825,100.05980310873323,53.05648699738046
readset,unrelated,100,31,1,EXECUTE,published_after_gate_recheck,20.834379363805056,9.3831280246377,100.05980310873323,53.05648699738046
readset,unrelated,100,32,1,EXECUTE,published_after_gate_recheck,19.2030668258667,6.4856610260903835,100.05980310873323,53.05648699738046
readset,unrelated,100,33,1,EXECUTE,published_after_gate_recheck,19.16433358564973,7.081588730216026,100.05980310873323,53.05648699738046
readset,unrelated,100,34,1,EXECUTE,published_after_gate_recheck,19.38328519463539,7.664182689040899,100.05980310873323,53.05648699738046
readset,unrelated,100,35,1,EXECUTE,published_after_gate_recheck,20.292381290346384,8.096985053271055,100.05980310873323,53.05648699738046
readset,unrelated,100,36,1,EXECUTE,published_after_gate_recheck,20.543241873383522,8.10420885682106,100.05980310873323,53.05648699738046
readset,unrelated,100,37,1,EXECUTE,published_after_gate_recheck,17.902555875480175,6.429956294596195,100.05980310873323,53.05648699738046
readset,unrelated,100,38,1,EXECUTE,published_after_gate_recheck,20.82095295190811,8.871628902852535,100.05980310873323,53.05648699738046
readset,unrelated,100,39,1,EXECUTE,published_after_gate_recheck,23.042371962219477,6.312585901468992,100.05980310873323,53.05648699738046
readset,unrelated,100,40,1,EXECUTE,published_after_gate_recheck,19.876109901815653,4.8026531003415585,100.05980310873323,53.05648699738046
readset,unrelated,100,41,1,EXECUTE,published_after_gate_recheck,16.663049813359976,5.970504134893417,100.05980310873323,53.05648699738046
readset,unrelated,100,42,1,EXECUTE,published_after_gate_recheck,17.803150229156017,5.3106872364878654,100.05980310873323,53.05648699738046
readset,unrelated,100,43,1,EXECUTE,published_after_gate_recheck,17.27409614250064,4.628114867955446,100.05980310873323,53.05648699738046
readset,unrelated,100,44,1,EXECUTE,published_after_gate_recheck,17.96070486307144,4.524350631982088,100.05980310873323,53.05648699738046
readset,unrelated,100,45,1,EXECUTE,published_after_gate_recheck,17.72811869159341,6.435496732592583,100.05980310873323,53.05648699738046
readset,unrelated,100,46,1,EXECUTE,published_after_gate_recheck,17.274416983127594,5.650893785059452,100.05980310873323,53.05648699738046
readset,unrelated,100,47,1,EXECUTE,published_after_gate_recheck,15.625093132257462,4.452494904398918,100.05980310873323,53.05648699738046
readset,unrelated,100,48,1,EXECUTE,published_after_gate_recheck,17.37847225740552,6.704532075673342,100.05980310873323,53.05648699738046
readset,unrelated,100,49,1,EXECUTE,published_after_gate_recheck,18.108181655406952,6.126868072897196,100.05980310873323,53.05648699738046
readset,unrelated,100,50,1,EXECUTE,published_after_gate_recheck,21.108381915837526,9.821631014347076,100.05980310873323,53.05648699738046
readset,unrelated,100,51,1,EXECUTE,published_after_gate_recheck,18.06214591488242,6.031848955899477,100.05980310873323,53.05648699738046
readset,unrelated,100,52,1,EXECUTE,published_after_gate_recheck,15.132158063352108,4.094824194908142,100.05980310873323,53.05648699738046
readset,unrelated,100,53,1,EXECUTE,published_after_gate_recheck,18.551113083958626,4.445312079042196,100.05980310873323,53.05648699738046
readset,unrelated,100,54,1,EXECUTE,published_after_gate_recheck,19.251177087426186,6.663945037871599,100.05980310873323,53.05648699738046
readset,unrelated,100,55,1,EXECUTE,published_after_gate_recheck,17.573057673871517,6.137186661362648,100.05980310873323,53.05648699738046
readset,unrelated,100,56,1,EXECUTE,published_after_gate_recheck,19.680832978338003,8.415744174271822,100.05980310873323,53.05648699738046
readset,unrelated,100,57,1,EXECUTE,published_after_gate_recheck,18.46747612580657,7.268749643117189,100.05980310873323,53.05648699738046
readset,unrelated,100,58,1,EXECUTE,published_after_gate_recheck,21.734868176281452,7.353138644248247,100.05980310873323,53.05648699738046
readset,unrelated,100,59,1,EXECUTE,published_after_gate_recheck,18.128931056708097,7.687476929277182,100.05980310873323,53.05648699738046
readset,unrelated,100,60,1,EXECUTE,published_after_gate_recheck,21.84427296742797,7.911475840955973,100.05980310873323,53.05648699738046
readset,unrelated,100,61,1,EXECUTE,published_after_gate_recheck,18.33705184981227,6.974678952246904,100.05980310873323,53.05648699738046
readset,unrelated,100,62,1,EXECUTE,published_after_gate_recheck,16.045051161199808,4.472612868994474,100.05980310873323,53.05648699738046
readset,unrelated,100,63,1,EXECUTE,published_after_gate_recheck,17.705576959997416,4.010525997728109,100.05980310873323,53.05648699738046
readset,unrelated,100,64,1,EXECUTE,published_after_gate_recheck,18.94846884533763,7.1014766581356525,100.05980310873323,53.05648699738046
readset,unrelated,100,65,1,EXECUTE,published_after_gate_recheck,18.16067984327674,6.816671695560217,100.05980310873323,53.05648699738046
readset,unrelated,100,66,1,EXECUTE,published_after_gate_recheck,19.201323855668306,8.438365999609232,100.05980310873323,53.05648699738046
readset,unrelated,100,67,1,EXECUTE,published_after_gate_recheck,14.248519204556942,3.8421698845922947,100.05980310873323,53.05648699738046
readset,unrelated,100,68,1,EXECUTE,published_after_gate_recheck,20.19267389550805,4.821908660233021,100.05980310873323,53.05648699738046
readset,unrelated,100,69,1,EXECUTE,published_after_gate_recheck,19.399584736675024,4.000697750598192,100.05980310873323,53.05648699738046
readset,unrelated,100,70,1,EXECUTE,published_after_gate_recheck,19.546421244740486,4.553736187517643,100.05980310873323,53.05648699738046
readset,unrelated,100,71,1,EXECUTE,published_after_gate_recheck,15.993543900549412,5.578058306127787,100.05980310873323,53.05648699738046
readset,unrelated,100,72,1,EXECUTE,published_after_gate_recheck,19.23865359276533,7.643553894013166,100.05980310873323,53.05648699738046
readset,unrelated,100,73,1,EXECUTE,published_after_gate_recheck,19.99596506357193,7.0861876010894775,100.05980310873323,53.05648699738046
readset,unrelated,100,74,1,EXECUTE,published_after_gate_recheck,19.982770085334778,7.991045713424683,100.05980310873323,53.05648699738046
readset,unrelated,100,75,1,EXECUTE,published_after_gate_recheck,20.39455296471715,9.319540113210678,100.05980310873323,53.05648699738046
readset,unrelated,100,76,1,EXECUTE,published_after_gate_recheck,19.886078778654337,8.448214270174503,100.05980310873323,53.05648699738046
readset,unrelated,100,77,1,EXECUTE,published_after_gate_recheck,19.847795832902193,7.7789779752492905,100.05980310873323,53.05648699738046
readset,unrelated,100,78,1,EXECUTE,published_after_gate_recheck,19.518828950822353,8.590430952608585,100.05980310873323,53.05648699738046
readset,unrelated,100,79,1,EXECUTE,published_after_gate_recheck,18.629159778356552,7.160317152738571,100.05980310873323,53.05648699738046
readset,unrelated,100,80,1,EXECUTE,published_after_gate_recheck,21.80041093379259,9.273281786590815,100.05980310873323,53.05648699738046
readset,unrelated,100,81,1,EXECUTE,published_after_gate_recheck,19.58627626299858,9.102622047066689,100.05980310873323,53.05648699738046
readset,unrelated,100,82,1,EXECUTE,published_after_gate_recheck,19.3219599314034,7.845793850719929,100.05980310873323,53.05648699738046
readset,unrelated,100,83,1,EXECUTE,published_after_gate_recheck,15.321092214435339,4.175806883722544,100.05980310873323,53.05648699738046
readset,unrelated,100,84,1,EXECUTE,published_after_gate_recheck,17.535387072712183,6.000600755214691,100.05980310873323,53.05648699738046
readset,unrelated,100,85,1,EXECUTE,published_after_gate_recheck,17.76382466778159,6.91928481683135,100.05980310873323,53.05648699738046
readset,unrelated,100,86,1,EXECUTE,published_after_gate_recheck,15.115855727344751,4.538306035101414,100.05980310873323,53.05648699738046
readset,unrelated,100,87,1,EXECUTE,published_after_gate_recheck,19.732109736651182,4.414804745465517,100.05980310873323,53.05648699738046
readset,unrelated,100,88,1,EXECUTE,published_after_gate_recheck,19.56745982170105,3.997872583568096,100.05980310873323,53.05648699738046
readset,unrelated,100,89,1,EXECUTE,published_after_gate_recheck,26.086213998496532,9.391163010150194,100.05980310873323,53.05648699738046
readset,unrelated,100,90,1,EXECUTE,published_after_gate_recheck,18.87785689905286,8.138361852616072,100.05980310873323,53.05648699738046
readset,unrelated,100,91,1,EXECUTE,published_after_gate_recheck,15.847078058868647,4.454428795725107,100.05980310873323,53.05648699738046
readset,unrelated,100,92,1,EXECUTE,published_after_gate_recheck,17.10911700502038,4.179053008556366,100.05980310873323,53.05648699738046
readset,unrelated,100,93,1,EXECUTE,published_after_gate_recheck,17.47077563777566,5.653309170156717,100.05980310873323,53.05648699738046
readset,unrelated,100,94,1,EXECUTE,published_after_gate_recheck,20.314332097768784,8.008459117263556,100.05980310873323,53.05648699738046
readset,unrelated,100,95,1,EXECUTE,published_after_gate_recheck,21.97612076997757,9.567644912749529,100.05980310873323,53.05648699738046
readset,unrelated,100,96,1,EXECUTE,published_after_gate_recheck,16.72376412898302,5.5852108635008335,100.05980310873323,53.05648699738046
readset,unrelated,100,97,1,EXECUTE,published_after_gate_recheck,19.501216243952513,7.663691882044077,100.05980310873323,53.05648699738046
readset,unrelated,100,98,1,EXECUTE,published_after_gate_recheck,15.457978937774897,4.520742688328028,100.05980310873323,53.05648699738046
readset,unrelated,100,99,1,EXECUTE,published_after_gate_recheck,17.362072132527828,5.9459577314555645,100.05980310873323,53.05648699738046
global,related_same,100,0,1,EXECUTE,published_after_gate_recheck,16.63636974990368,4.540270194411278,100.12272985595405,18.60010184239905
global,related_same,100,1,0,REVOKE,context_version_changed_at_publish,16.216773074120283,5.506623070687056,100.12272985595405,18.60010184239905
global,related_same,100,2,0,REVOKE,context_version_changed_at_publish,18.83393432945013,7.900557015091181,100.12272985595405,18.60010184239905
global,related_same,100,3,0,REVOKE,context_version_changed_at_publish,21.777156740427017,8.709134068340063,100.12272985595405,18.60010184239905
global,related_same,100,4,0,REVOKE,context_version_changed_at_publish,18.587141297757626,7.375491317361593,100.12272985595405,18.60010184239905
global,related_same,100,5,1,EXECUTE,published_after_gate_recheck,16.312030609697104,4.771884996443987,100.12272985595405,18.60010184239905
global,related_same,100,6,1,EXECUTE,published_after_gate_recheck,17.965944949537516,3.893075045198202,100.12272985595405,18.60010184239905
global,related_same,100,7,1,EXECUTE,published_after_gate_recheck,20.848875865340233,3.961915150284767,100.12272985595405,18.60010184239905
global,related_same,100,8,0,REVOKE,context_version_changed_at_publish,25.92404931783676,9.243556763976812,100.12272985595405,18.60010184239905
global,related_same,100,9,0,REVOKE,context_version_changed_at_publish,18.39606324210763,6.5573048777878284,100.12272985595405,18.60010184239905
global,related_same,100,10,0,REVOKE,context_version_changed_at_publish,20.95427317544818,9.167593903839588,100.12272985595405,18.60010184239905
global,related_same,100,11,0,REVOKE,context_version_changed_at_publish,21.20869094505906,8.708121720701456,100.12272985595405,18.60010184239905
global,related_same,100,12,0,REVOKE,context_version_changed_at_publish,17.98414997756481,7.159014232456684,100.12272985595405,18.60010184239905
global,related_same,100,13,0,REVOKE,context_version_changed_at_publish,20.248839166015387,8.140426129102707,100.12272985595405,18.60010184239905
global,related_same,100,14,1,EXECUTE,published_after_gate_recheck,15.673122834414244,4.274902865290642,100.12272985595405,18.60010184239905
global,related_same,100,15,0,REVOKE,context_version_changed_at_publish,24.61816882714629,9.46677615866065,100.12272985595405,18.60010184239905
global,related_same,100,16,0,REVOKE,context_version_changed_at_publish,18.985197879374027,6.986190099269152,100.12272985595405,18.60010184239905
global,related_same,100,17,0,REVOKE,context_version_changed_at_publish,21.812353283166885,7.679951842874289,100.12272985595405,18.60010184239905
global,related_same,100,18,0,REVOKE,context_version_changed_at_publish,17.858382780104876,6.260056979954243,100.12272985595405,18.60010184239905
global,related_same,100,19,1,EXECUTE,published_after_gate_recheck,16.62691216915846,4.464076831936836,100.12272985595405,18.60010184239905
global,related_same,100,20,1,EXECUTE,published_after_gate_recheck,17.67006004229188,4.423591308295727,100.12272985595405,18.60010184239905
global,related_same,100,21,0,REVOKE,context_version_changed_at_publish,25.687505956739187,8.709604851901531,100.12272985595405,18.60010184239905
global,related_same,100,22,0,REVOKE,context_version_changed_at_publish,19.38249310478568,7.7834161929786205,100.12272985595405,18.60010184239905
global,related_same,100,23,0,REVOKE,context_version_changed_at_publish,20.119166001677513,8.53034807369113,100.12272985595405,18.60010184239905
global,related_same,100,24,1,EXECUTE,published_after_gate_recheck,16.17370219901204,4.795729648321867,100.12272985595405,18.60010184239905
global,related_same,100,25,1,EXECUTE,published_after_gate_recheck,18.536226358264685,4.112867638468742,100.12272985595405,18.60010184239905
global,related_same,100,26,0,REVOKE,context_version_changed_at_publish,17.041028942912817,6.058940663933754,100.12272985595405,18.60010184239905
global,related_same,100,27,0,REVOKE,context_version_changed_at_publish,16.752597875893116,6.0744499787688255,100.12272985595405,18.60010184239905
global,related_same,100,28,1,EXECUTE,published_after_gate_recheck,16.6532420553267,4.308755975216627,100.12272985595405,18.60010184239905
global,related_same,100,29,1,EXECUTE,published_after_gate_recheck,18.473067320883274,4.131133202463388,100.12272985595405,18.60010184239905
global,related_same,100,30,0,REVOKE,context_version_changed_at_publish,17.23482320085168,5.765640176832676,100.12272985595405,18.60010184239905
global,related_same,100,31,0,REVOKE,context_version_changed_at_publish,18.12743814662099,7.443549111485481,100.12272985595405,18.60010184239905
global,related_same,100,32,1,EXECUTE,published_after_gate_recheck,14.760781079530716,3.8397153839468956,100.12272985595405,18.60010184239905
global,related_same,100,33,0,REVOKE,context_version_changed_at_publish,16.542643774300814,6.241162307560444,100.12272985595405,18.60010184239905
global,related_same,100,34,1,EXECUTE,published_after_gate_recheck,14.051970094442368,3.5802978090941906,100.12272985595405,18.60010184239905
global,related_same,100,35,1,EXECUTE,published_after_gate_recheck,19.064988009631634,3.8000810891389847,100.12272985595405,18.60010184239905
global,related_same,100,36,0,REVOKE,context_version_changed_at_publish,17.180161084979773,6.584978196769953,100.12272985595405,18.60010184239905
global,related_same,100,37,0,REVOKE,context_version_changed_at_publish,18.78318889066577,8.339099120348692,100.12272985595405,18.60010184239905
global,related_same,100,38,0,REVOKE,context_version_changed_at_publish,22.429331205785275,8.355610072612762,100.12272985595405,18.60010184239905
global,related_same,100,39,0,REVOKE,context_version_changed_at_publish,17.35261408612132,6.323076318949461,100.12272985595405,18.60010184239905
global,related_same,100,40,0,REVOKE,context_version_changed_at_publish,19.366884138435125,8.436070755124092,100.12272985595405,18.60010184239905
global,related_same,100,41,1,EXECUTE,published_after_gate_recheck,15.99935395643115,4.805637989193201,100.12272985595405,18.60010184239905
global,related_same,100,42,0,REVOKE,context_version_changed_at_publish,24.275464937090874,8.753826841711998,100.12272985595405,18.60010184239905
global,related_same,100,43,1,EXECUTE,published_after_gate_recheck,15.036256983876228,4.178251139819622,100.12272985595405,18.60010184239905
global,related_same,100,44,0,REVOKE,context_version_changed_at_publish,26.795835234224796,9.117119014263153,100.12272985595405,18.60010184239905
global,related_same,100,45,0,REVOKE,context_version_changed_at_publish,23.156647104769945,5.7448213919997215,100.12272985595405,18.60010184239905
global,related_same,100,46,0,REVOKE,context_version_changed_at_publish,27.59651793166995,10.075528174638748,100.12272985595405,18.60010184239905
global,related_same,100,47,0,REVOKE,context_version_changed_at_publish,21.750356536358595,7.134749088436365,100.12272985595405,18.60010184239905
global,related_same,100,48,0,REVOKE,context_version_changed_at_publish,17.442192882299423,5.72135578840971,100.12272985595405,18.60010184239905
global,related_same,100,49,0,REVOKE,context_version_changed_at_publish,19.21582082286477,6.155161187052727,100.12272985595405,18.60010184239905
global,related_same,100,50,0,REVOKE,context_version_changed_at_publish,19.140299409627914,6.951756309717894,100.12272985595405,18.60010184239905
global,related_same,100,51,0,REVOKE,context_version_changed_at_publish,19.92744579911232,8.070465177297592,100.12272985595405,18.60010184239905
global,related_same,100,52,0,REVOKE,context_version_changed_at_publish,19.62000923231244,7.996114902198315,100.12272985595405,18.60010184239905
global,related_same,100,53,0,REVOKE,context_version_changed_at_publish,20.447482354938984,8.658288046717644,100.12272985595405,18.60010184239905
global,related_same,100,54,0,REVOKE,context_version_changed_at_publish,17.864814959466457,6.75915414467454,100.12272985595405,18.60010184239905
global,related_same,100,55,1,EXECUTE,published_after_gate_recheck,15.568627044558525,4.124579951167107,100.12272985595405,18.60010184239905
global,related_same,100,56,1,EXECUTE,published_after_gate_recheck,19.300478976219893,4.57426393404603,100.12272985595405,18.60010184239905
global,related_same,100,57,0,REVOKE,context_version_changed_at_publish,18.042027950286865,6.0255080461502075,100.12272985595405,18.60010184239905
global,related_same,100,58,0,REVOKE,context_version_changed_at_publish,17.554502934217453,6.781275849789381,100.12272985595405,18.60010184239905
global,related_same,100,59,0,REVOKE,context_version_changed_at_publish,20.99330583587289,8.41371901333332,100.12272985595405,18.60010184239905
global,related_same,100,60,0,REVOKE,context_version_changed_at_publish,18.81016930565238,8.278325200080872,100.12272985595405,18.60010184239905
global,related_same,100,61,1,EXECUTE,published_after_gate_recheck,14.985411893576384,4.372825846076012,100.12272985595405,18.60010184239905
global,related_same,100,62,1,EXECUTE,published_after_gate_recheck,20.916662644594908,5.051619838923216,100.12272985595405,18.60010184239905
global,related_same,100,63,1,EXECUTE,published_after_gate_recheck,16.48565800860524,3.97166283801198,100.12272985595405,18.60010184239905
global,related_same,100,64,0,REVOKE,context_version_changed_at_publish,17.221306916326284,5.438284948468208,100.12272985595405,18.60010184239905
global,related_same,100,65,1,EXECUTE,published_after_gate_recheck,14.686890877783298,4.183600656688213,100.12272985595405,18.60010184239905
global,related_same,100,66,0,REVOKE,context_version_changed_at_publish,16.66464377194643,5.949744954705238,100.12272985595405,18.60010184239905
global,related_same,100,67,0,REVOKE,context_version_changed_at_publish,17.17346766963601,6.109896115958691,100.12272985595405,18.60010184239905
global,related_same,100,68,1,EXECUTE,published_after_gate_recheck,16.152251977473497,4.363639280200005,100.12272985595405,18.60010184239905
global,related_same,100,69,0,REVOKE,context_version_changed_at_publish,17.05355290323496,6.029465235769749,100.12272985595405,18.60010184239905
global,related_same,100,70,0,REVOKE,context_version_changed_at_publish,17.974301241338253,7.609691005200148,100.12272985595405,18.60010184239905
global,related_same,100,71,1,EXECUTE,published_after_gate_recheck,18.248795997351408,6.226954981684685,100.12272985595405,18.60010184239905
global,related_same,100,72,0,REVOKE,context_version_changed_at_publish,23.41482089832425,9.42804291844368,100.12272985595405,18.60010184239905
global,related_same,100,73,0,REVOKE,context_version_changed_at_publish,18.844093196094036,7.824652828276157,100.12272985595405,18.60010184239905
global,related_same,100,74,0,REVOKE,context_version_changed_at_publish,18.652564380317926,7.356725167483091,100.12272985595405,18.60010184239905
global,related_same,100,75,0,REVOKE,context_version_changed_at_publish,21.533430088311434,9.10102017223835,100.12272985595405,18.60010184239905
global,related_same,100,76,0,REVOKE,context_version_changed_at_publish,18.547777086496353,8.461499121040106,100.12272985595405,18.60010184239905
global,related_same,100,77,1,EXECUTE,published_after_gate_recheck,15.90484706684947,4.263140726834536,100.12272985595405,18.60010184239905
global,related_same,100,78,1,EXECUTE,published_after_gate_recheck,20.19993821159005,4.7280616126954556,100.12272985595405,18.60010184239905
global,related_same,100,79,1,EXECUTE,published_after_gate_recheck,18.821330275386572,4.282286390662193,100.12272985595405,18.60010184239905
global,related_same,100,80,1,EXECUTE,published_after_gate_recheck,20.78642789274454,4.7992258332669735,100.12272985595405,18.60010184239905
global,related_same,100,81,0,REVOKE,context_version_changed_at_publish,25.507858954370022,8.707890752702951,100.12272985595405,18.60010184239905
global,related_same,100,82,0,REVOKE,context_version_changed_at_publish,19.19100433588028,7.974264211952686,100.12272985595405,18.60010184239905
global,related_same,100,83,1,EXECUTE,published_after_gate_recheck,15.297256875783205,4.464778117835522,100.12272985595405,18.60010184239905
global,related_same,100,84,1,EXECUTE,published_after_gate_recheck,17.998757306486368,4.184012301266193,100.12272985595405,18.60010184239905
global,related_same,100,85,0,REVOKE,context_version_changed_at_publish,16.853167209774256,5.968390963971615,100.12272985595405,18.60010184239905
global,related_same,100,86,0,REVOKE,context_version_changed_at_publish,18.99819215759635,8.78924410790205,100.12272985595405,18.60010184239905
global,related_same,100,87,1,EXECUTE,published_after_gate_recheck,14.615947846323252,4.452605731785297,100.12272985595405,18.60010184239905
global,related_same,100,88,0,REVOKE,context_version_changed_at_publish,16.70149154961109,6.645380984991789,100.12272985595405,18.60010184239905
global,related_same,100,89,0,REVOKE,context_version_changed_at_publish,18.40037014335394,7.458806969225407,100.12272985595405,18.60010184239905
global,related_same,100,90,1,EXECUTE,published_after_gate_recheck,14.982717111706734,3.8612461648881435,100.12272985595405,18.60010184239905
global,related_same,100,91,0,REVOKE,context_version_changed_at_publish,16.632372047752142,6.161662749946117,100.12272985595405,18.60010184239905
global,related_same,100,92,0,REVOKE,context_version_changed_at_publish,19.109732005745173,7.7642700634896755,100.12272985595405,18.60010184239905
global,related_same,100,93,0,REVOKE,context_version_changed_at_publish,18.322143703699112,7.7439830638468266,100.12272985595405,18.60010184239905
global,related_same,100,94,1,EXECUTE,published_after_gate_recheck,16.90705819055438,4.94952779263258,100.12272985595405,18.60010184239905
global,related_same,100,95,1,EXECUTE,published_after_gate_recheck,18.761187326163054,4.012248944491148,100.12272985595405,18.60010184239905
global,related_same,100,96,1,EXECUTE,published_after_gate_recheck,20.068281330168247,4.119240213185549,100.12272985595405,18.60010184239905
global,related_same,100,97,0,REVOKE,context_version_changed_at_publish,16.986587084829807,6.541576236486435,100.12272985595405,18.60010184239905
global,related_same,100,98,0,REVOKE,context_version_changed_at_publish,18.98748194798827,7.059438154101372,100.12272985595405,18.60010184239905
global,related_same,100,99,0,REVOKE,context_version_changed_at_publish,17.74083310738206,6.808467209339142,100.12272985595405,18.60010184239905
readset,related_same,100,0,1,EXECUTE,published_after_gate_recheck,15.797185245901346,4.238334018737078,99.98616791724503,56.25107377012388
readset,related_same,100,1,1,EXECUTE,published_after_gate_recheck,15.670517925173044,5.001597106456757,99.98616791724503,56.25107377012388
readset,related_same,100,2,1,EXECUTE,published_after_gate_recheck,15.054681804031134,4.1121868416666985,99.98616791724503,56.25107377012388
readset,related_same,100,3,1,EXECUTE,published_after_gate_recheck,16.976828686892986,5.49869891256094,99.98616791724503,56.25107377012388
readset,related_same,100,4,1,EXECUTE,published_after_gate_recheck,14.515550341457129,4.132375121116638,99.98616791724503,56.25107377012388
readset,related_same,100,5,1,EXECUTE,published_after_gate_recheck,16.73145778477192,3.651801962405443,99.98616791724503,56.25107377012388
readset,related_same,100,6,1,EXECUTE,published_after_gate_recheck,18.27114773914218,8.003089111298323,99.98616791724503,56.25107377012388
readset,related_same,100,7,1,EXECUTE,published_after_gate_recheck,18.909785896539688,6.086972076445818,99.98616791724503,56.25107377012388
readset,related_same,100,8,1,EXECUTE,published_after_gate_recheck,19.67698708176613,8.400124032050371,99.98616791724503,56.25107377012388
readset,related_same,100,9,1,EXECUTE,published_after_gate_recheck,19.71873501315713,7.811638992279768,99.98616791724503,56.25107377012388
readset,related_same,100,10,1,EXECUTE,published_after_gate_recheck,14.129365794360638,4.357808269560337,99.98616791724503,56.25107377012388
readset,related_same,100,11,1,EXECUTE,published_after_gate_recheck,16.914382111281157,6.353492848575115,99.98616791724503,56.25107377012388
readset,related_same,100,12,1,EXECUTE,published_after_gate_recheck,17.684306018054485,7.655947003513575,99.98616791724503,56.25107377012388
readset,related_same,100,13,1,EXECUTE,published_after_gate_recheck,15.981020871549845,4.513198975473642,99.98616791724503,56.25107377012388
readset,related_same,100,14,1,EXECUTE,published_after_gate_recheck,17.572566866874695,4.231791011989117,99.98616791724503,56.25107377012388
readset,related_same,100,15,1,EXECUTE,published_after_gate_recheck,17.64376973733306,7.8942240215837955,99.98616791724503,56.25107377012388
readset,related_same,100,16,1,EXECUTE,published_after_gate_recheck,17.390565015375614,6.75803329795599,99.98616791724503,56.25107377012388
readset,related_same,100,17,1,EXECUTE,published_after_gate_recheck,17.166315112262964,4.555669147521257,99.98616791724503,56.25107377012388
readset,related_same,100,18,1,EXECUTE,published_after_gate_recheck,24.424927309155464,8.108817040920258,99.98616791724503,56.25107377012388
readset,related_same,100,19,1,EXECUTE,published_after_gate_recheck,15.62443096190691,4.415235947817564,99.98616791724503,56.25107377012388
readset,related_same,100,20,1,EXECUTE,published_after_gate_recheck,23.78153894096613,8.36492795497179,99.98616791724503,56.25107377012388
readset,related_same,100,21,1,EXECUTE,published_after_gate_recheck,15.678612980991602,4.188769962638617,99.98616791724503,56.25107377012388
readset,related_same,100,22,1,EXECUTE,published_after_gate_recheck,16.58815983682871,5.579180084168911,99.98616791724503,56.25107377012388
readset,related_same,100,23,1,EXECUTE,published_after_gate_recheck,16.957332845777273,6.385331973433495,99.98616791724503,56.25107377012388
readset,related_same,100,24,1,EXECUTE,published_after_gate_recheck,17.73044280707836,4.655154887586832,99.98616791724503,56.25107377012388
readset,related_same,100,25,1,EXECUTE,published_after_gate_recheck,16.78940700367093,4.048456903547049,99.98616791724503,56.25107377012388
readset,related_same,100,26,1,EXECUTE,published_after_gate_recheck,17.54363300278783,6.842359900474548,99.98616791724503,56.25107377012388
readset,related_same,100,27,1,EXECUTE,published_after_gate_recheck,19.233883824199438,8.717969991266727,99.98616791724503,56.25107377012388
readset,related_same,100,28,1,EXECUTE,published_after_gate_recheck,15.70240780711174,4.332440905272961,99.98616791724503,56.25107377012388
readset,related_same,100,29,1,EXECUTE,published_after_gate_recheck,26.487937197089195,9.836148004978895,99.98616791724503,56.25107377012388
readset,related_same,100,30,1,EXECUTE,published_after_gate_recheck,19.343039952218533,7.343250326812267,99.98616791724503,56.25107377012388
readset,related_same,100,31,1,EXECUTE,published_after_gate_recheck,18.692217767238617,7.389958947896957,99.98616791724503,56.25107377012388
readset,related_same,100,32,1,EXECUTE,published_after_gate_recheck,15.90754184871912,4.7385431826114655,99.98616791724503,56.25107377012388
readset,related_same,100,33,1,EXECUTE,published_after_gate_recheck,22.927325684577227,7.734314072877169,99.98616791724503,56.25107377012388
readset,related_same,100,34,1,EXECUTE,published_after_gate_recheck,15.661770943552256,4.164535086601973,99.98616791724503,56.25107377012388
readset,related_same,100,35,1,EXECUTE,published_after_gate_recheck,16.6626600548625,5.721686873584986,99.98616791724503,56.25107377012388
readset,related_same,100,36,1,EXECUTE,published_after_gate_recheck,18.542347010225058,7.220780942589045,99.98616791724503,56.25107377012388
readset,related_same,100,37,1,EXECUTE,published_after_gate_recheck,19.224727991968393,8.758937008678913,99.98616791724503,56.25107377012388
readset,related_same,100,38,1,EXECUTE,published_after_gate_recheck,15.580658800899982,4.329204093664885,99.98616791724503,56.25107377012388
readset,related_same,100,39,1,EXECUTE,published_after_gate_recheck,20.121770910918713,4.210872109979391,99.98616791724503,56.25107377012388
readset,related_same,100,40,1,EXECUTE,published_after_gate_recheck,23.38330214843154,6.502082105726004,99.98616791724503,56.25107377012388
readset,related_same,100,41,1,EXECUTE,published_after_gate_recheck,16.159334685653448,3.9189141243696213,99.98616791724503,56.25107377012388
readset,related_same,100,42,1,EXECUTE,published_after_gate_recheck,18.766338005661964,3.931366838514805,99.98616791724503,56.25107377012388
readset,related_same,100,43,1,EXECUTE,published_after_gate_recheck,19.943286199122667,4.12362813949585,99.98616791724503,56.25107377012388
readset,related_same,100,44,1,EXECUTE,published_after_gate_recheck,20.93121875077486,4.186606965959072,99.98616791724503,56.25107377012388
readset,related_same,100,45,1,EXECUTE,published_after_gate_recheck,17.556897830218077,4.2370520532131195,99.98616791724503,56.25107377012388
readset,related_same,100,46,1,EXECUTE,published_after_gate_recheck,16.60265726968646,5.79507602378726,99.98616791724503,56.25107377012388
readset,related_same,100,47,1,EXECUTE,published_after_gate_recheck,15.354664996266365,4.359941929578781,99.98616791724503,56.25107377012388
readset,related_same,100,48,1,EXECUTE,published_after_gate_recheck,24.581669829785824,8.495021145790815,99.98616791724503,56.25107377012388
readset,related_same,100,49,1,EXECUTE,published_after_gate_recheck,15.011761337518692,4.385459702461958,99.98616791724503,56.25107377012388
readset,related_same,100,50,1,EXECUTE,published_after_gate_recheck,19.86147277057171,4.544607829302549,99.98616791724503,56.25107377012388
readset,related_same,100,51,1,EXECUTE,published_after_gate_recheck,18.307587131857872,3.6952439695596695,99.98616791724503,56.25107377012388
readset,related_same,100,52,1,EXECUTE,published_after_gate_recheck,17.634392715990543,5.429249256849289,99.98616791724503,56.25107377012388
readset,related_same,100,53,1,EXECUTE,published_after_gate_recheck,18.25085887685418,7.2740609757602215,99.98616791724503,56.25107377012388
readset,related_same,100,54,1,EXECUTE,published_after_gate_recheck,15.540001913905144,4.4307950884103775,99.98616791724503,56.25107377012388
readset,related_same,100,55,1,EXECUTE,published_after_gate_recheck,17.645693849772215,4.257229156792164,99.98616791724503,56.25107377012388
readset,related_same,100,56,1,EXECUTE,published_after_gate_recheck,18.374983221292496,7.338120602071285,99.98616791724503,56.25107377012388
readset,related_same,100,57,1,EXECUTE,published_after_gate_recheck,18.000870011746883,7.580205332487822,99.98616791724503,56.25107377012388
readset,related_same,100,58,1,EXECUTE,published_after_gate_recheck,15.684523619711399,4.262228030711412,99.98616791724503,56.25107377012388
readset,related_same,100,59,1,EXECUTE,published_after_gate_recheck,16.815126407891512,4.9781822599470615,99.98616791724503,56.25107377012388
readset,related_same,100,60,1,EXECUTE,published_after_gate_recheck,16.466300934553146,6.00662175565958,99.98616791724503,56.25107377012388
readset,related_same,100,61,1,EXECUTE,published_after_gate_recheck,16.843928955495358,4.4894651509821415,99.98616791724503,56.25107377012388
readset,related_same,100,62,1,EXECUTE,published_after_gate_recheck,19.63663101196289,4.361605271697044,99.98616791724503,56.25107377012388
readset,related_same,100,63,1,EXECUTE,published_after_gate_recheck,16.409675125032663,5.517544224858284,99.98616791724503,56.25107377012388
readset,related_same,100,64,1,EXECUTE,published_after_gate_recheck,18.265046644955873,7.770673371851444,99.98616791724503,56.25107377012388
readset,related_same,100,65,1,EXECUTE,published_after_gate_recheck,15.145222190767527,4.456001799553633,99.98616791724503,56.25107377012388
readset,related_same,100,66,1,EXECUTE,published_after_gate_recheck,18.003025092184544,6.03832071647048,99.98616791724503,56.25107377012388
readset,related_same,100,67,1,EXECUTE,published_after_gate_recheck,18.47978914156556,5.977696739137173,99.98616791724503,56.25107377012388
readset,related_same,100,68,1,EXECUTE,published_after_gate_recheck,19.421085715293884,8.187344763427973,99.98616791724503,56.25107377012388
readset,related_same,100,69,1,EXECUTE,published_after_gate_recheck,18.70069419965148,6.304391194134951,99.98616791724503,56.25107377012388
readset,related_same,100,70,1,EXECUTE,published_after_gate_recheck,16.19251724332571,4.511646926403046,99.98616791724503,56.25107377012388
readset,related_same,100,71,1,EXECUTE,published_after_gate_recheck,18.111388199031353,4.8424978740513325,99.98616791724503,56.25107377012388
readset,related_same,100,72,1,EXECUTE,published_after_gate_recheck,16.49759989231825,5.958352237939835,99.98616791724503,56.25107377012388
readset,related_same,100,73,1,EXECUTE,published_after_gate_recheck,16.957322135567665,6.621757056564093,99.98616791724503,56.25107377012388
readset,related_same,100,74,1,EXECUTE,published_after_gate_recheck,16.879767179489136,4.170797299593687,99.98616791724503,56.25107377012388
readset,related_same,100,75,1,EXECUTE,published_after_gate_recheck,15.716894064098597,5.6128427386283875,99.98616791724503,56.25107377012388
readset,related_same,100,76,1,EXECUTE,published_after_gate_recheck,19.371373113244772,8.991003036499023,99.98616791724503,56.25107377012388
readset,related_same,100,77,1,EXECUTE,published_after_gate_recheck,15.591309405863285,4.440253134816885,99.98616791724503,56.25107377012388
readset,related_same,100,78,1,EXECUTE,published_after_gate_recheck,18.088065087795258,4.2395261116325855,99.98616791724503,56.25107377012388
readset,related_same,100,79,1,EXECUTE,published_after_gate_recheck,17.91197434067726,6.23403862118721,99.98616791724503,56.25107377012388
readset,related_same,100,80,1,EXECUTE,published_after_gate_recheck,18.025698140263557,7.092671003192663,99.98616791724503,56.25107377012388
readset,related_same,100,81,1,EXECUTE,published_after_gate_recheck,15.094226226210594,4.82940161600709,99.98616791724503,56.25107377012388
readset,related_same,100,82,1,EXECUTE,published_after_gate_recheck,23.847853299230337,7.328292354941368,99.98616791724503,56.25107377012388
readset,related_same,100,83,1,EXECUTE,published_after_gate_recheck,14.968459960073233,4.78538079187274,99.98616791724503,56.25107377012388
readset,related_same,100,84,1,EXECUTE,published_after_gate_recheck,17.3124591819942,6.267792079597712,99.98616791724503,56.25107377012388
readset,related_same,100,85,1,EXECUTE,published_after_gate_recheck,18.4303461574018,7.830474991351366,99.98616791724503,56.25107377012388
readset,related_same,100,86,1,EXECUTE,published_after_gate_recheck,14.965305104851723,4.2694322764873505,99.98616791724503,56.25107377012388
readset,related_same,100,87,1,EXECUTE,published_after_gate_recheck,19.754360895603895,4.397391807287931,99.98616791724503,56.25107377012388
readset,related_same,100,88,1,EXECUTE,published_after_gate_recheck,16.920012421905994,6.383438594639301,99.98616791724503,56.25107377012388
readset,related_same,100,89,1,EXECUTE,published_after_gate_recheck,15.546495094895363,5.126860924065113,99.98616791724503,56.25107377012388
readset,related_same,100,90,1,EXECUTE,published_after_gate_recheck,16.979364212602377,4.507478792220354,99.98616791724503,56.25107377012388
readset,related_same,100,91,1,EXECUTE,published_after_gate_recheck,16.521855257451534,6.281317211687565,99.98616791724503,56.25107377012388
readset,related_same,100,92,1,EXECUTE,published_after_gate_recheck,18.352400977164507,8.227179292589426,99.98616791724503,56.25107377012388
readset,related_same,100,93,1,EXECUTE,published_after_gate_recheck,15.035104937851429,4.430344328284264,99.98616791724503,56.25107377012388
readset,related_same,100,94,1,EXECUTE,published_after_gate_recheck,19.19094379991293,4.27505187690258,99.98616791724503,56.25107377012388
readset,related_same,100,95,1,EXECUTE,published_after_gate_recheck,17.022936139255762,6.423114333301783,99.98616791724503,56.25107377012388
readset,related_same,100,96,1,EXECUTE,published_after_gate_recheck,18.259125761687756,8.008729666471481,99.98616791724503,56.25107377012388
readset,related_same,100,97,1,EXECUTE,published_after_gate_recheck,15.234970021992922,4.7089168801903725,99.98616791724503,56.25107377012388
readset,related_same,100,98,1,EXECUTE,published_after_gate_recheck,15.781094785779715,5.64289977774024,99.98616791724503,56.25107377012388
readset,related_same,100,99,1,EXECUTE,published_after_gate_recheck,14.718481339514256,4.2642029002308846,99.98616791724503,56.25107377012388
global,unrelated,500,0,0,REVOKE,context_version_changed_at_publish,27.41468697786331,8.612833451479673,197.21319387401022,0.0
global,unrelated,500,1,0,REVOKE,context_version_changed_at_publish,34.70659116283059,15.582792926579714,197.21319387401022,0.0
global,unrelated,500,2,0,REVOKE,context_version_changed_at_publish,307.89795611053705,288.2568072527647,197.21319387401022,0.0
global,unrelated,500,3,0,REVOKE,context_version_changed_at_publish,71.83490600436926,11.262104846537113,197.21319387401022,0.0
global,unrelated,500,4,0,REVOKE,context_version_changed_at_publish,280.87087720632553,247.2911812365055,197.21319387401022,0.0
global,unrelated,500,5,0,REVOKE,context_version_changed_at_publish,198.71252728626132,10.870920028537512,197.21319387401022,0.0
global,unrelated,500,6,0,REVOKE,context_version_changed_at_publish,60.01362297683954,40.83936894312501,197.21319387401022,0.0
global,unrelated,500,7,0,REVOKE,context_version_changed_at_publish,36.48515837267041,17.676401883363724,197.21319387401022,0.0
global,unrelated,500,8,0,REVOKE,context_version_changed_at_publish,29.873722232878208,9.927059058099985,197.21319387401022,0.0
global,unrelated,500,9,0,REVOKE,context_version_changed_at_publish,40.28375679627061,18.725409638136625,197.21319387401022,0.0
global,unrelated,500,10,0,REVOKE,context_version_changed_at_publish,29.40498199313879,8.561295922845602,197.21319387401022,0.0
global,unrelated,500,11,0,REVOKE,context_version_changed_at_publish,41.915860027074814,11.764508206397295,197.21319387401022,0.0
global,unrelated,500,12,0,REVOKE,context_version_changed_at_publish,30.92414326965809,10.587308090180159,197.21319387401022,0.0
global,unrelated,500,13,0,REVOKE,context_version_changed_at_publish,105.61391711235046,68.62787809222937,197.21319387401022,0.0
global,unrelated,500,14,0,REVOKE,context_version_changed_at_publish,303.73702803626657,91.95001516491175,197.21319387401022,0.0
global,unrelated,500,15,0,REVOKE,context_version_changed_at_publish,215.85575817152858,157.48720290139318,197.21319387401022,0.0
global,unrelated,500,16,0,REVOKE,context_version_changed_at_publish,37.35742578282952,11.141468305140734,197.21319387401022,0.0
global,unrelated,500,17,0,REVOKE,context_version_changed_at_publish,183.58973786234856,18.574377056211233,197.21319387401022,0.0
global,unrelated,500,18,0,REVOKE,context_version_changed_at_publish,146.0432969033718,92.27211028337479,197.21319387401022,0.0
global,unrelated,500,19,0,REVOKE,context_version_changed_at_publish,230.72937969118357,15.998403076082468,197.21319387401022,0.0
global,unrelated,500,20,0,REVOKE,context_version_changed_at_publish,53.015390411019325,27.266559191048145,197.21319387401022,0.0
global,unrelated,500,21,0,REVOKE,context_version_changed_at_publish,46.65326979011297,10.658761952072382,197.21319387401022,0.0
global,unrelated,500,22,0,REVOKE,context_version_changed_at_publish,39.60438305512071,12.34762230888009,197.21319387401022,0.0
global,unrelated,500,23,0,REVOKE,context_version_changed_at_publish,131.4656911417842,10.45731408521533,197.21319387401022,0.0
global,unrelated,500,24,0,REVOKE,context_version_changed_at_publish,66.2201289087534,11.286500375717878,197.21319387401022,0.0
global,unrelated,500,25,0,REVOKE,context_version_changed_at_publish,104.57223188132048,12.169316876679659,197.21319387401022,0.0
global,unrelated,500,26,0,REVOKE,context_version_changed_at_publish,31.869838014245033,12.082584667950869,197.21319387401022,0.0
global,unrelated,500,27,0,REVOKE,context_version_changed_at_publish,39.228676818311214,10.977299883961678,197.21319387401022,0.0
global,unrelated,500,28,0,REVOKE,context_version_changed_at_publish,25.419753044843674,9.999654721468687,197.21319387401022,0.0
global,unrelated,500,29,0,REVOKE,context_version_changed_at_publish,74.2662688717246,14.973669778555632,197.21319387401022,0.0
global,unrelated,500,30,0,REVOKE,context_version_changed_at_publish,62.79101502150297,15.92252030968666,197.21319387401022,0.0
global,unrelated,500,31,0,REVOKE,context_version_changed_at_publish,57.165417820215225,11.317328084260225,197.21319387401022,0.0
global,unrelated,500,32,0,REVOKE,context_version_changed_at_publish,35.28072778135538,11.142308823764324,197.21319387401022,0.0
global,unrelated,500,33,0,REVOKE,context_version_changed_at_publish,33.46809698268771,13.435753993690014,197.21319387401022,0.0
global,unrelated,500,34,0,REVOKE,context_version_changed_at_publish,75.60153538361192,11.598837096244097,197.21319387401022,0.0
global,unrelated,500,35,0,REVOKE,context_version_changed_at_publish,37.55310317501426,20.288524217903614,197.21319387401022,0.0
global,unrelated,500,36,0,REVOKE,context_version_changed_at_publish,64.97751781716943,19.543224945664406,197.21319387401022,0.0
global,unrelated,500,37,0,REVOKE,context_version_changed_at_publish,33.086870796978474,11.62106916308403,197.21319387401022,0.0
global,unrelated,500,38,0,REVOKE,context_version_changed_at_publish,36.77580412477255,12.090889737010002,197.21319387401022,0.0
global,unrelated,500,39,0,REVOKE,context_version_changed_at_publish,34.66480178758502,13.996797148138285,197.21319387401022,0.0
global,unrelated,500,40,0,REVOKE,context_version_changed_at_publish,27.809848077595234,10.765432845801115,197.21319387401022,0.0
global,unrelated,500,41,0,REVOKE,context_version_changed_at_publish,59.194326400756836,38.32710487768054,197.21319387401022,0.0
global,unrelated,500,42,0,REVOKE,context_version_changed_at_publish,39.94909022003412,10.630690027028322,197.21319387401022,0.0
global,unrelated,500,43,0,REVOKE,context_version_changed_at_publish,44.26560923457146,11.2689770758152,197.21319387401022,0.0
global,unrelated,500,44,0,REVOKE,context_version_changed_at_publish,29.177173972129822,10.422178078442812,197.21319387401022,0.0
global,unrelated,500,45,0,REVOKE,context_version_changed_at_publish,30.174325220286846,11.256173718720675,197.21319387401022,0.0
global,unrelated,500,46,0,REVOKE,context_version_changed_at_publish,56.61657778546214,10.926805902272463,197.21319387401022,0.0
global,unrelated,500,47,0,REVOKE,context_version_changed_at_publish,31.34193690493703,11.2241730093956,197.21319387401022,0.0
global,unrelated,500,48,0,REVOKE,context_version_changed_at_publish,377.6391730643809,13.99373123422265,197.21319387401022,0.0
global,unrelated,500,49,0,REVOKE,context_version_changed_at_publish,31.209879089146852,11.417587287724018,197.21319387401022,0.0
global,unrelated,500,50,0,REVOKE,context_version_changed_at_publish,55.293274112045765,11.406726203858852,197.21319387401022,0.0
global,unrelated,500,51,0,REVOKE,context_version_changed_at_publish,76.54184009879827,23.012906312942505,197.21319387401022,0.0
global,unrelated,500,52,0,REVOKE,context_version_changed_at_publish,40.38715083152056,17.819120083004236,197.21319387401022,0.0
global,unrelated,500,53,0,REVOKE,context_version_changed_at_publish,96.53509920462966,60.230490285903215,197.21319387401022,0.0
global,unrelated,500,54,0,REVOKE,context_version_changed_at_publish,57.2020560503006,13.166207820177078,197.21319387401022,0.0
global,unrelated,500,55,0,REVOKE,context_version_changed_at_publish,30.366926919668913,11.349197942763567,197.21319387401022,0.0
global,unrelated,500,56,0,REVOKE,context_version_changed_at_publish,75.04320703446865,10.874886997044086,197.21319387401022,0.0
global,unrelated,500,57,0,REVOKE,context_version_changed_at_publish,45.88915593922138,11.50980032980442,197.21319387401022,0.0
global,unrelated,500,58,0,REVOKE,context_version_changed_at_publish,54.106086026877165,19.955788739025593,197.21319387401022,0.0
global,unrelated,500,59,0,REVOKE,context_version_changed_at_publish,30.835506040602922,11.225525755435228,197.21319387401022,0.0
global,unrelated,500,60,0,REVOKE,context_version_changed_at_publish,38.646826054900885,10.818593204021454,197.21319387401022,0.0
global,unrelated,500,61,0,REVOKE,context_version_changed_at_publish,37.026284262537956,11.947862338274717,197.21319387401022,0.0
global,unrelated,500,62,0,REVOKE,context_version_changed_at_publish,186.9176127947867,10.64351387321949,197.21319387401022,0.0
global,unrelated,500,63,0,REVOKE,context_version_changed_at_publish,32.72163588553667,11.057150084525347,197.21319387401022,0.0
global,unrelated,500,64,0,REVOKE,context_version_changed_at_publish,63.877844251692295,14.434797689318657,197.21319387401022,0.0
global,unrelated,500,65,0,REVOKE,context_version_changed_at_publish,30.522598884999752,11.249741073697805,197.21319387401022,0.0
global,unrelated,500,66,0,REVOKE,context_version_changed_at_publish,62.206237111240625,10.257169138640165,197.21319387401022,0.0
global,unrelated,500,67,0,REVOKE,context_version_changed_at_publish,29.288773890584707,10.58703800663352,197.21319387401022,0.0
global,unrelated,500,68,0,REVOKE,context_version_changed_at_publish,30.27821099385619,10.444541461765766,197.21319387401022,0.0
global,unrelated,500,69,0,REVOKE,context_version_changed_at_publish,33.714478835463524,18.008765764534473,197.21319387401022,0.0
global,unrelated,500,70,0,REVOKE,context_version_changed_at_publish,29.124063905328512,10.668831411749125,197.21319387401022,0.0
global,unrelated,500,71,0,REVOKE,context_version_changed_at_publish,142.98126008361578,20.630044862627983,197.21319387401022,0.0
global,unrelated,500,72,0,REVOKE,context_version_changed_at_publish,37.92889788746834,17.63411331921816,197.21319387401022,0.0
global,unrelated,500,73,0,REVOKE,context_version_changed_at_publish,102.70327376201749,20.160803571343422,197.21319387401022,0.0
global,unrelated,500,74,0,REVOKE,context_version_changed_at_publish,54.26272004842758,10.312662925571203,197.21319387401022,0.0
global,unrelated,500,75,0,REVOKE,context_version_changed_at_publish,119.67136710882187,19.86269513145089,197.21319387401022,0.0
global,unrelated,500,76,0,REVOKE,context_version_changed_at_publish,30.08163208141923,8.823257870972157,197.21319387401022,0.0
global,unrelated,500,77,0,REVOKE,context_version_changed_at_publish,40.94133106991649,11.314311996102333,197.21319387401022,0.0
global,unrelated,500,78,0,REVOKE,context_version_changed_at_publish,56.393960025161505,20.08164580911398,197.21319387401022,0.0
global,unrelated,500,79,0,REVOKE,context_version_changed_at_publish,35.2638172917068,11.064574122428894,197.21319387401022,0.0
global,unrelated,500,80,0,REVOKE,context_version_changed_at_publish,31.583961099386215,9.547736961394548,197.21319387401022,0.0
global,unrelated,500,81,0,REVOKE,context_version_changed_at_publish,339.00621393695474,11.446521151810884,197.21319387401022,0.0
global,unrelated,500,82,0,REVOKE,context_version_changed_at_publish,86.16111101582646,11.408339254558086,197.21319387401022,0.0
global,unrelated,500,83,0,REVOKE,context_version_changed_at_publish,108.09601470828056,11.60182198509574,197.21319387401022,0.0
global,unrelated,500,84,0,REVOKE,context_version_changed_at_publish,60.07934594526887,39.6485747769475,197.21319387401022,0.0
global,unrelated,500,85,0,REVOKE,context_version_changed_at_publish,94.02530873194337,12.014497071504593,197.21319387401022,0.0
global,unrelated,500,86,0,REVOKE,context_version_changed_at_publish,52.32051573693752,30.26851313188672,197.21319387401022,0.0
global,unrelated,500,87,0,REVOKE,context_version_changed_at_publish,227.121208794415,14.684357214719057,197.21319387401022,0.0
global,unrelated,500,88,0,REVOKE,context_version_changed_at_publish,37.348377984017134,18.18457618355751,197.21319387401022,0.0
global,unrelated,500,89,0,REVOKE,context_version_changed_at_publish,37.26543299853802,18.496369943022728,197.21319387401022,0.0
global,unrelated,500,90,0,REVOKE,context_version_changed_at_publish,31.87412489205599,12.040846049785614,197.21319387401022,0.0
global,unrelated,500,91,0,REVOKE,context_version_changed_at_publish,38.0043089389801,18.02022708579898,197.21319387401022,0.0
global,unrelated,500,92,0,REVOKE,context_version_changed_at_publish,145.86487179622054,13.891879934817553,197.21319387401022,0.0
global,unrelated,500,93,0,REVOKE,context_version_changed_at_publish,32.15909004211426,11.2147550098598,197.21319387401022,0.0
global,unrelated,500,94,0,REVOKE,context_version_changed_at_publish,26.90080227330327,10.892111342400312,197.21319387401022,0.0
global,unrelated,500,95,0,REVOKE,context_version_changed_at_publish,32.06499386578798,12.93083606287837,197.21319387401022,0.0
global,unrelated,500,96,0,REVOKE,context_version_changed_at_publish,162.3787423595786,11.68460724875331,197.21319387401022,0.0
global,unrelated,500,97,0,REVOKE,context_version_changed_at_publish,153.7702870555222,21.09480695798993,197.21319387401022,0.0
global,unrelated,500,98,0,REVOKE,context_version_changed_at_publish,47.80758637934923,21.17527788504958,197.21319387401022,0.0
global,unrelated,500,99,0,REVOKE,context_version_changed_at_publish,157.54907904192805,14.293552841991186,197.21319387401022,0.0
readset,unrelated,500,0,1,EXECUTE,published_after_gate_recheck,39.59811106324196,20.488698966801167,196.99898007506866,14.139654452216808
readset,unrelated,500,1,1,EXECUTE,published_after_gate_recheck,31.50090528652072,10.314535815268755,196.99898007506866,14.139654452216808
readset,unrelated,500,2,1,EXECUTE,published_after_gate_recheck,31.897388864308596,11.024288833141327,196.99898007506866,14.139654452216808
readset,unrelated,500,3,1,EXECUTE,published_after_gate_recheck,89.90109991282225,11.574049945920706,196.99898007506866,14.139654452216808
readset,unrelated,500,4,1,EXECUTE,published_after_gate_recheck,69.78893699124455,12.891702353954315,196.99898007506866,14.139654452216808
readset,unrelated,500,5,1,EXECUTE,published_after_gate_recheck,68.72771540656686,11.362964287400246,196.99898007506866,14.139654452216808
readset,unrelated,500,6,1,EXECUTE,published_after_gate_recheck,126.05730118229985,79.07266868278384,196.99898007506866,14.139654452216808
readset,unrelated,500,7,1,EXECUTE,published_after_gate_recheck,74.6052460744977,10.264161974191666,196.99898007506866,14.139654452216808
readset,unrelated,500,8,1,EXECUTE,published_after_gate_recheck,51.7843090929091,10.701613035053015,196.99898007506866,14.139654452216808
readset,unrelated,500,9,1,EXECUTE,published_after_gate_recheck,29.050135985016823,11.34212501347065,196.99898007506866,14.139654452216808
readset,unrelated,500,10,1,EXECUTE,published_after_gate_recheck,31.781150959432125,12.282510288059711,196.99898007506866,14.139654452216808
readset,unrelated,500,11,1,EXECUTE,published_after_gate_recheck,90.3178621083498,12.56702421233058,196.99898007506866,14.139654452216808
readset,unrelated,500,12,1,EXECUTE,published_after_gate_recheck,333.7237318046391,14.417586848139763,196.99898007506866,14.139654452216808
readset,unrelated,500,13,1,EXECUTE,published_after_gate_recheck,62.58189305663109,43.873824179172516,196.99898007506866,14.139654452216808
readset,unrelated,500,14,1,EXECUTE,published_after_gate_recheck,29.948651790618896,10.846916120499372,196.99898007506866,14.139654452216808
readset,unrelated,500,15,1,EXECUTE,published_after_gate_recheck,123.12796385958791,102.50987205654383,196.99898007506866,14.139654452216808
readset,unrelated,500,16,1,EXECUTE,published_after_gate_recheck,32.20010735094547,11.656384915113449,196.99898007506866,14.139654452216808
readset,unrelated,500,17,1,EXECUTE,published_after_gate_recheck,30.862136278301477,10.963693726807833,196.99898007506866,14.139654452216808
readset,unrelated,500,18,1,EXECUTE,published_after_gate_recheck,38.01225405186415,18.111709039658308,196.99898007506866,14.139654452216808
readset,unrelated,500,19,1,EXECUTE,published_after_gate_recheck,63.872663769871,29.407836962491274,196.99898007506866,14.139654452216808
readset,unrelated,500,20,1,EXECUTE,published_after_gate_recheck,33.75787101686001,10.309737175703049,196.99898007506866,14.139654452216808
readset,unrelated,500,21,1,EXECUTE,published_after_gate_recheck,45.01883313059807,11.01011224091053,196.99898007506866,14.139654452216808
readset,unrelated,500,22,1,EXECUTE,published_after_gate_recheck,36.12444223836064,16.092097852379084,196.99898007506866,14.139654452216808
readset,unrelated,500,23,1,EXECUTE,published_after_gate_recheck,153.83034106343985,63.425635918974876,196.99898007506866,14.139654452216808
readset,unrelated,500,24,1,EXECUTE,published_after_gate_recheck,92.85034378990531,10.736809112131596,196.99898007506866,14.139654452216808
readset,unrelated,500,25,1,EXECUTE,published_after_gate_recheck,30.23644257336855,10.827949736267328,196.99898007506866,14.139654452216808
readset,unrelated,500,26,1,EXECUTE,published_after_gate_recheck,29.017183929681778,8.468592073768377,196.99898007506866,14.139654452216808
readset,unrelated,500,27,1,EXECUTE,published_after_gate_recheck,55.10904872789979,30.784430913627148,196.99898007506866,14.139654452216808
readset,unrelated,500,28,1,EXECUTE,published_after_gate_recheck,28.22916628792882,11.871218215674162,196.99898007506866,14.139654452216808
readset,unrelated,500,29,1,EXECUTE,published_after_gate_recheck,75.24273218587041,12.079318054020405,196.99898007506866,14.139654452216808
readset,unrelated,500,30,1,EXECUTE,published_after_gate_recheck,130.9000593610108,40.34446086734533,196.99898007506866,14.139654452216808
readset,unrelated,500,31,1,EXECUTE,published_after_gate_recheck,40.80708930268884,23.911322001367807,196.99898007506866,14.139654452216808
readset,unrelated,500,32,1,EXECUTE,published_after_gate_recheck,54.56114001572132,20.733068231493235,196.99898007506866,14.139654452216808
readset,unrelated,500,33,1,EXECUTE,published_after_gate_recheck,48.25474601238966,14.223381876945496,196.99898007506866,14.139654452216808
readset,unrelated,500,34,1,EXECUTE,published_after_gate_recheck,29.728658962994814,10.996305849403143,196.99898007506866,14.139654452216808
readset,unrelated,500,35,1,EXECUTE,published_after_gate_recheck,51.19434231892228,24.00829503312707,196.99898007506866,14.139654452216808
readset,unrelated,500,36,1,EXECUTE,published_after_gate_recheck,78.30625027418137,13.859137892723083,196.99898007506866,14.139654452216808
readset,unrelated,500,37,1,EXECUTE,published_after_gate_recheck,41.40251595526934,11.256393976509571,196.99898007506866,14.139654452216808
readset,unrelated,500,38,1,EXECUTE,published_after_gate_recheck,48.444582149386406,26.241856161504984,196.99898007506866,14.139654452216808
readset,unrelated,500,39,1,EXECUTE,published_after_gate_recheck,242.09680315107107,13.144636992365122,196.99898007506866,14.139654452216808
readset,unrelated,500,40,1,EXECUTE,published_after_gate_recheck,26.412045117467642,10.726368986070156,196.99898007506866,14.139654452216808
readset,unrelated,500,41,1,EXECUTE,published_after_gate_recheck,32.0232561789453,12.268893886357546,196.99898007506866,14.139654452216808
readset,unrelated,500,42,1,EXECUTE,published_after_gate_recheck,30.466244090348482,11.725032702088356,196.99898007506866,14.139654452216808
readset,unrelated,500,43,1,EXECUTE,published_after_gate_recheck,194.44693205878139,11.8215037509799,196.99898007506866,14.139654452216808
readset,unrelated,500,44,1,EXECUTE,published_after_gate_recheck,67.56909098476171,10.79136086627841,196.99898007506866,14.139654452216808
readset,unrelated,500,45,1,EXECUTE,published_after_gate_recheck,104.35622604563832,10.669081937521696,196.99898007506866,14.139654452216808
readset,unrelated,500,46,1,EXECUTE,published_after_gate_recheck,96.30816336721182,20.701710134744644,196.99898007506866,14.139654452216808
readset,unrelated,500,47,1,EXECUTE,published_after_gate_recheck,29.432774055749178,11.487017385661602,196.99898007506866,14.139654452216808
readset,unrelated,500,48,1,EXECUTE,published_after_gate_recheck,89.06468097120523,14.887378085404634,196.99898007506866,14.139654452216808
readset,unrelated,500,49,1,EXECUTE,published_after_gate_recheck,28.319294098764658,9.36466408893466,196.99898007506866,14.139654452216808
readset,unrelated,500,50,1,EXECUTE,published_after_gate_recheck,71.23574195429683,20.388111006468534,196.99898007506866,14.139654452216808
readset,unrelated,500,51,1,EXECUTE,published_after_gate_recheck,172.68327018246055,11.380637064576149,196.99898007506866,14.139654452216808
readset,unrelated,500,52,1,EXECUTE,published_after_gate_recheck,100.19490728154778,16.077902168035507,196.99898007506866,14.139654452216808
readset,unrelated,500,53,1,EXECUTE,published_after_gate_recheck,38.08953892439604,11.236226186156273,196.99898007506866,14.139654452216808
readset,unrelated,500,54,1,EXECUTE,published_after_gate_recheck,36.04678576812148,15.459792222827673,196.99898007506866,14.139654452216808
readset,unrelated,500,55,1,EXECUTE,published_after_gate_recheck,28.816517908126116,11.928195133805275,196.99898007506866,14.139654452216808
readset,unrelated,500,56,1,EXECUTE,published_after_gate_recheck,39.944591000676155,12.043089605867863,196.99898007506866,14.139654452216808
readset,unrelated,500,57,1,EXECUTE,published_after_gate_recheck,47.221788205206394,21.488185040652752,196.99898007506866,14.139654452216808
readset,unrelated,500,58,1,EXECUTE,published_after_gate_recheck,31.075195875018835,10.336557868868113,196.99898007506866,14.139654452216808
readset,unrelated,500,59,1,EXECUTE,published_after_gate_recheck,33.51072687655687,11.964712757617235,196.99898007506866,14.139654452216808
readset,unrelated,500,60,1,EXECUTE,published_after_gate_recheck,92.58407494053245,72.73404393345118,196.99898007506866,14.139654452216808
readset,unrelated,500,61,1,EXECUTE,published_after_gate_recheck,65.96612418070436,11.721226386725903,196.99898007506866,14.139654452216808
readset,unrelated,500,62,1,EXECUTE,published_after_gate_recheck,58.48713777959347,11.767211835831404,196.99898007506866,14.139654452216808
readset,unrelated,500,63,1,EXECUTE,published_after_gate_recheck,88.63039501011372,12.233117129653692,196.99898007506866,14.139654452216808
readset,unrelated,500,64,1,EXECUTE,published_after_gate_recheck,84.34604527428746,11.664839927107096,196.99898007506866,14.139654452216808
readset,unrelated,500,65,1,EXECUTE,published_after_gate_recheck,71.88229588791728,19.958233926445246,196.99898007506866,14.139654452216808
readset,unrelated,500,66,1,EXECUTE,published_after_gate_recheck,49.59910782054067,11.180400848388672,196.99898007506866,14.139654452216808
readset,unrelated,500,67,1,EXECUTE,published_after_gate_recheck,42.29043237864971,21.513401996344328,196.99898007506866,14.139654452216808
readset,unrelated,500,68,1,EXECUTE,published_after_gate_recheck,72.66680710017681,10.894645005464554,196.99898007506866,14.139654452216808
readset,unrelated,500,69,1,EXECUTE,published_after_gate_recheck,44.350397773087025,9.890220127999783,196.99898007506866,14.139654452216808
readset,unrelated,500,70,1,EXECUTE,published_after_gate_recheck,72.04578211531043,16.38169214129448,196.99898007506866,14.139654452216808
readset,unrelated,500,71,1,EXECUTE,published_after_gate_recheck,320.6778489984572,221.60743176937103,196.99898007506866,14.139654452216808
readset,unrelated,500,72,1,EXECUTE,published_after_gate_recheck,132.41570303216577,10.736006777733564,196.99898007506866,14.139654452216808
readset,unrelated,500,73,1,EXECUTE,published_after_gate_recheck,46.48535465821624,11.04837330058217,196.99898007506866,14.139654452216808
readset,unrelated,500,74,1,EXECUTE,published_after_gate_recheck,103.12815196812153,64.55900194123387,196.99898007506866,14.139654452216808
readset,unrelated,500,75,1,EXECUTE,published_after_gate_recheck,114.64790999889374,33.055142033845186,196.99898007506866,14.139654452216808
readset,unrelated,500,76,1,EXECUTE,published_after_gate_recheck,29.88865924999118,10.769329033792019,196.99898007506866,14.139654452216808
readset,unrelated,500,77,1,EXECUTE,published_after_gate_recheck,48.66778012365103,20.599828101694584,196.99898007506866,14.139654452216808
readset,unrelated,500,78,1,EXECUTE,published_after_gate_recheck,30.838612001389265,8.030660916119814,196.99898007506866,14.139654452216808
readset,unrelated,500,79,1,EXECUTE,published_after_gate_recheck,30.84268979728222,12.64850702136755,196.99898007506866,14.139654452216808
readset,unrelated,500,80,1,EXECUTE,published_after_gate_recheck,151.5760598704219,12.780102901160717,196.99898007506866,14.139654452216808
readset,unrelated,500,81,1,EXECUTE,published_after_gate_recheck,27.50350395217538,9.438733104616404,196.99898007506866,14.139654452216808
readset,unrelated,500,82,1,EXECUTE,published_after_gate_recheck,38.530868012458086,19.398753996938467,196.99898007506866,14.139654452216808
readset,unrelated,500,83,1,EXECUTE,published_after_gate_recheck,35.026902332901955,20.09298698976636,196.99898007506866,14.139654452216808
readset,unrelated,500,84,1,EXECUTE,published_after_gate_recheck,38.28026680275798,10.652690660208464,196.99898007506866,14.139654452216808
readset,unrelated,500,85,1,EXECUTE,published_after_gate_recheck,31.673368997871876,10.425765067338943,196.99898007506866,14.139654452216808
readset,unrelated,500,86,1,EXECUTE,published_after_gate_recheck,27.459781151264906,10.643965099006891,196.99898007506866,14.139654452216808
readset,unrelated,500,87,1,EXECUTE,published_after_gate_recheck,28.99970067664981,12.59088795632124,196.99898007506866,14.139654452216808
readset,unrelated,500,88,1,EXECUTE,published_after_gate_recheck,24.4506043381989,10.78744325786829,196.99898007506866,14.139654452216808
readset,unrelated,500,89,1,EXECUTE,published_after_gate_recheck,30.13937035575509,11.115790344774723,196.99898007506866,14.139654452216808
readset,unrelated,500,90,1,EXECUTE,published_after_gate_recheck,27.68854098394513,11.105130426585674,196.99898007506866,14.139654452216808
readset,unrelated,500,91,1,EXECUTE,published_after_gate_recheck,46.610089018940926,27.522569987922907,196.99898007506866,14.139654452216808
readset,unrelated,500,92,1,EXECUTE,published_after_gate_recheck,75.79299481585622,10.531152598559856,196.99898007506866,14.139654452216808
readset,unrelated,500,93,1,EXECUTE,published_after_gate_recheck,45.71385681629181,10.611813981086016,196.99898007506866,14.139654452216808
readset,unrelated,500,94,1,EXECUTE,published_after_gate_recheck,200.7637768983841,11.042221914976835,196.99898007506866,14.139654452216808
readset,unrelated,500,95,1,EXECUTE,published_after_gate_recheck,116.71000998467207,27.828623075038195,196.99898007506866,14.139654452216808
readset,unrelated,500,96,1,EXECUTE,published_after_gate_recheck,38.637056946754456,11.961136944591999,196.99898007506866,14.139654452216808
readset,unrelated,500,97,1,EXECUTE,published_after_gate_recheck,192.42581026628613,135.42312709614635,196.99898007506866,14.139654452216808
readset,unrelated,500,98,1,EXECUTE,published_after_gate_recheck,45.66314164549112,11.02843601256609,196.99898007506866,14.139654452216808
readset,unrelated,500,99,1,EXECUTE,published_after_gate_recheck,145.72937786579132,19.947804044932127,196.99898007506866,14.139654452216808
global,related_same,500,0,0,REVOKE,context_version_changed_at_publish,74.97844565659761,10.41905302554369,197.33308400426202,0.0
global,related_same,500,1,0,REVOKE,context_version_changed_at_publish,28.60703505575657,11.316395830363035,197.33308400426202,0.0
global,related_same,500,2,0,REVOKE,context_version_changed_at_publish,66.82006502524018,11.200217995792627,197.33308400426202,0.0
global,related_same,500,3,0,REVOKE,context_version_changed_at_publish,285.4222781024873,11.1882658675313,197.33308400426202,0.0
global,related_same,500,4,0,REVOKE,context_version_changed_at_publish,91.28837380558252,11.061689350754023,197.33308400426202,0.0
global,related_same,500,5,0,REVOKE,context_version_changed_at_publish,97.88229782134295,12.896201107650995,197.33308400426202,0.0
global,related_same,500,6,0,REVOKE,context_version_changed_at_publish,137.76343874633312,14.542791061103344,197.33308400426202,0.0
global,related_same,500,7,0,REVOKE,context_version_changed_at_publish,29.432632960379124,11.789884883910418,197.33308400426202,0.0
global,related_same,500,8,0,REVOKE,context_version_changed_at_publish,389.6895870566368,20.070964936167,197.33308400426202,0.0
global,related_same,500,9,0,REVOKE,context_version_changed_at_publish,87.7686683088541,67.87920324131846,197.33308400426202,0.0
global,related_same,500,10,0,REVOKE,context_version_changed_at_publish,72.8871007449925,10.69575222209096,197.33308400426202,0.0
global,related_same,500,11,0,REVOKE,context_version_changed_at_publish,37.93665301054716,12.254987843334675,197.33308400426202,0.0
global,related_same,500,12,0,REVOKE,context_version_changed_at_publish,51.65340378880501,11.479913257062435,197.33308400426202,0.0
global,related_same,500,13,0,REVOKE,context_version_changed_at_publish,43.680922128260136,11.182906106114388,197.33308400426202,0.0
global,related_same,500,14,0,REVOKE,context_version_changed_at_publish,246.63411686196923,10.710829868912697,197.33308400426202,0.0
global,related_same,500,15,0,REVOKE,context_version_changed_at_publish,190.83022512495518,10.525943245738745,197.33308400426202,0.0
global,related_same,500,16,0,REVOKE,context_version_changed_at_publish,78.57874175533652,11.046108789741993,197.33308400426202,0.0
global,related_same,500,17,0,REVOKE,context_version_changed_at_publish,208.6114431731403,10.260173585265875,197.33308400426202,0.0
global,related_same,500,18,0,REVOKE,context_version_changed_at_publish,142.79750594869256,24.253965821117163,197.33308400426202,0.0
global,related_same,500,19,0,REVOKE,context_version_changed_at_publish,28.70953595265746,10.893853846937418,197.33308400426202,0.0
global,related_same,500,20,0,REVOKE,context_version_changed_at_publish,136.66465692222118,13.004835229367018,197.33308400426202,0.0
global,related_same,500,21,0,REVOKE,context_version_changed_at_publish,55.31627731397748,19.657911267131567,197.33308400426202,0.0
global,related_same,500,22,0,REVOKE,context_version_changed_at_publish,79.33751586824656,12.342452071607113,197.33308400426202,0.0
global,related_same,500,23,0,REVOKE,context_version_changed_at_publish,47.07443108782172,11.203735135495663,197.33308400426202,0.0
global,related_same,500,24,0,REVOKE,context_version_changed_at_publish,216.92705806344748,89.659727178514,197.33308400426202,0.0
global,related_same,500,25,0,REVOKE,context_version_changed_at_publish,45.97129113972187,10.804396122694016,197.33308400426202,0.0
global,related_same,500,26,0,REVOKE,context_version_changed_at_publish,209.0750839561224,11.200288776308298,197.33308400426202,0.0
global,related_same,500,27,0,REVOKE,context_version_changed_at_publish,117.90322931483388,11.47887110710144,197.33308400426202,0.0
global,related_same,500,28,0,REVOKE,context_version_changed_at_publish,143.7399140559137,48.72209299355745,197.33308400426202,0.0
global,related_same,500,29,0,REVOKE,context_version_changed_at_publish,218.1123630143702,11.657396797090769,197.33308400426202,0.0
global,related_same,500,30,0,REVOKE,context_version_changed_at_publish,107.01833292841911,30.881313141435385,197.33308400426202,0.0
global,related_same,500,31,0,REVOKE,context_version_changed_at_publish,28.042173944413662,8.749600034207106,197.33308400426202,0.0
global,related_same,500,32,0,REVOKE,context_version_changed_at_publish,66.01155828684568,21.035735961049795,197.33308400426202,0.0
global,related_same,500,33,0,REVOKE,context_version_changed_at_publish,59.71430102363229,13.736017048358917,197.33308400426202,0.0
global,related_same,500,34,0,REVOKE,context_version_changed_at_publish,58.387459721416235,36.73181217163801,197.33308400426202,0.0
global,related_same,500,35,0,REVOKE,context_version_changed_at_publish,38.86550618335605,10.371492709964514,197.33308400426202,0.0
global,related_same,500,36,0,REVOKE,context_version_changed_at_publish,26.020069606602192,9.665208403021097,197.33308400426202,0.0
global,related_same,500,37,0,REVOKE,context_version_changed_at_publish,31.947894021868706,11.26218494027853,197.33308400426202,0.0
global,related_same,500,38,0,REVOKE,context_version_changed_at_publish,37.87498688325286,26.468461379408836,197.33308400426202,0.0
global,related_same,500,39,0,REVOKE,context_version_changed_at_publish,48.84847905486822,21.45900996401906,197.33308400426202,0.0
global,related_same,500,40,0,REVOKE,context_version_changed_at_publish,68.78933124244213,47.33222397044301,197.33308400426202,0.0
global,related_same,500,41,0,REVOKE,context_version_changed_at_publish,32.755299005657434,13.28257704153657,197.33308400426202,0.0
global,related_same,500,42,0,REVOKE,context_version_changed_at_publish,52.295017056167126,29.177004005759954,197.33308400426202,0.0
global,related_same,500,43,0,REVOKE,context_version_changed_at_publish,30.869921203702688,10.731338057667017,197.33308400426202,0.0
global,related_same,500,44,0,REVOKE,context_version_changed_at_publish,65.41207293048501,10.208166670054197,197.33308400426202,0.0
global,related_same,500,45,0,REVOKE,context_version_changed_at_publish,35.25111312046647,10.590112768113613,197.33308400426202,0.0
global,related_same,500,46,0,REVOKE,context_version_changed_at_publish,37.26443089544773,11.15100597962737,197.33308400426202,0.0
global,related_same,500,47,0,REVOKE,context_version_changed_at_publish,111.11018108204007,65.36470400169492,197.33308400426202,0.0
global,related_same,500,48,0,REVOKE,context_version_changed_at_publish,37.08808030933142,12.461946345865726,197.33308400426202,0.0
global,related_same,500,49,0,REVOKE,context_version_changed_at_publish,100.9944980032742,67.86815216764808,197.33308400426202,0.0
global,related_same,500,50,0,REVOKE,context_version_changed_at_publish,39.98600784689188,10.764239821583033,197.33308400426202,0.0
global,related_same,500,51,0,REVOKE,context_version_changed_at_publish,104.70022214576602,76.73395099118352,197.33308400426202,0.0
global,related_same,500,52,0,REVOKE,context_version_changed_at_publish,28.132574167102575,10.546502191573381,197.33308400426202,0.0
global,related_same,500,53,0,REVOKE,context_version_changed_at_publish,27.29092538356781,10.984242893755436,197.33308400426202,0.0
global,related_same,500,54,0,REVOKE,context_version_changed_at_publish,30.72177292779088,10.429932735860348,197.33308400426202,0.0
global,related_same,500,55,0,REVOKE,context_version_changed_at_publish,22.328761871904135,11.14647788926959,197.33308400426202,0.0
global,related_same,500,56,0,REVOKE,context_version_changed_at_publish,38.181642070412636,11.684507131576538,197.33308400426202,0.0
global,related_same,500,57,0,REVOKE,context_version_changed_at_publish,64.72420319914818,11.19574997574091,197.33308400426202,0.0
global,related_same,500,58,0,REVOKE,context_version_changed_at_publish,290.81004904583097,271.8610381707549,197.33308400426202,0.0
global,related_same,500,59,0,REVOKE,context_version_changed_at_publish,267.97981560230255,11.073892004787922,197.33308400426202,0.0
global,related_same,500,60,0,REVOKE,context_version_changed_at_publish,31.2578990124166,12.160440906882286,197.33308400426202,0.0
global,related_same,500,61,0,REVOKE,context_version_changed_at_publish,28.44216488301754,10.248413309454918,197.33308400426202,0.0
global,related_same,500,62,0,REVOKE,context_version_changed_at_publish,42.27435169741511,11.608866043388844,197.33308400426202,0.0
global,related_same,500,63,0,REVOKE,context_version_changed_at_publish,41.51944583281875,21.35291090235114,197.33308400426202,0.0
global,related_same,500,64,0,REVOKE,context_version_changed_at_publish,41.07216699048877,11.157758999615908,197.33308400426202,0.0
global,related_same,500,65,0,REVOKE,context_version_changed_at_publish,36.66829178109765,10.303676128387451,197.33308400426202,0.0
global,related_same,500,66,0,REVOKE,context_version_changed_at_publish,37.51858789473772,18.77842005342245,197.33308400426202,0.0
global,related_same,500,67,0,REVOKE,context_version_changed_at_publish,55.369697976857424,11.930669192224741,197.33308400426202,0.0
global,related_same,500,68,0,REVOKE,context_version_changed_at_publish,28.903279919177294,11.267655063420534,197.33308400426202,0.0
global,related_same,500,69,0,REVOKE,context_version_changed_at_publish,25.09248908609152,10.885077062994242,197.33308400426202,0.0
global,related_same,500,70,0,REVOKE,context_version_changed_at_publish,65.70123601704836,10.46341611072421,197.33308400426202,0.0
global,related_same,500,71,0,REVOKE,context_version_changed_at_publish,29.146747197955847,11.445499025285244,197.33308400426202,0.0
global,related_same,500,72,0,REVOKE,context_version_changed_at_publish,55.757525842636824,10.016636922955513,197.33308400426202,0.0
global,related_same,500,73,0,REVOKE,context_version_changed_at_publish,45.33444484695792,18.686116207391024,197.33308400426202,0.0
global,related_same,500,74,0,REVOKE,context_version_changed_at_publish,30.38420993834734,11.16419117897749,197.33308400426202,0.0
global,related_same,500,75,0,REVOKE,context_version_changed_at_publish,29.447973240166903,9.512410964816809,197.33308400426202,0.0
global,related_same,500,76,0,REVOKE,context_version_changed_at_publish,46.86556803062558,20.593645982444286,197.33308400426202,0.0
global,related_same,500,77,0,REVOKE,context_version_changed_at_publish,27.940864209085703,10.181756690144539,197.33308400426202,0.0
global,related_same,500,78,0,REVOKE,context_version_changed_at_publish,28.126743156462908,10.714626871049404,197.33308400426202,0.0
global,related_same,500,79,0,REVOKE,context_version_changed_at_publish,127.20166891813278,10.616111569106579,197.33308400426202,0.0
global,related_same,500,80,0,REVOKE,context_version_changed_at_publish,50.42490782216191,24.862637277692556,197.33308400426202,0.0
global,related_same,500,81,0,REVOKE,context_version_changed_at_publish,107.09986602887511,17.07995217293501,197.33308400426202,0.0
global,related_same,500,82,0,REVOKE,context_version_changed_at_publish,125.89792208746076,15.207007993012667,197.33308400426202,0.0
global,related_same,500,83,0,REVOKE,context_version_changed_at_publish,30.66069819033146,11.2660420127213,197.33308400426202,0.0
global,related_same,500,84,0,REVOKE,context_version_changed_at_publish,27.619190979748964,11.385275982320309,197.33308400426202,0.0
global,related_same,500,85,0,REVOKE,context_version_changed_at_publish,54.594773799180984,14.815553091466427,197.33308400426202,0.0
global,related_same,500,86,0,REVOKE,context_version_changed_at_publish,27.040685061365366,11.79188909009099,197.33308400426202,0.0
global,related_same,500,87,0,REVOKE,context_version_changed_at_publish,51.00032780319452,31.06714179739356,197.33308400426202,0.0
global,related_same,500,88,0,REVOKE,context_version_changed_at_publish,161.218065302819,11.39461388811469,197.33308400426202,0.0
global,related_same,500,89,0,REVOKE,context_version_changed_at_publish,157.32635091990232,101.94866824895144,197.33308400426202,0.0
global,related_same,500,90,0,REVOKE,context_version_changed_at_publish,106.21942300349474,15.86890034377575,197.33308400426202,0.0
global,related_same,500,91,0,REVOKE,context_version_changed_at_publish,66.77196500822902,30.096960719674826,197.33308400426202,0.0
global,related_same,500,92,0,REVOKE,context_version_changed_at_publish,46.16795014590025,11.650793720036745,197.33308400426202,0.0
global,related_same,500,93,0,REVOKE,context_version_changed_at_publish,37.76998911052942,11.175262276083231,197.33308400426202,0.0
global,related_same,500,94,0,REVOKE,context_version_changed_at_publish,28.070928063243628,9.617928881198168,197.33308400426202,0.0
global,related_same,500,95,0,REVOKE,context_version_changed_at_publish,46.86481738463044,27.201698161661625,197.33308400426202,0.0
global,related_same,500,96,0,REVOKE,context_version_changed_at_publish,43.860008008778095,19.649014342576265,197.33308400426202,0.0
global,related_same,500,97,0,REVOKE,context_version_changed_at_publish,44.63748773559928,24.160258937627077,197.33308400426202,0.0
global,related_same,500,98,0,REVOKE,context_version_changed_at_publish,27.316082268953323,10.865400079637766,197.33308400426202,0.0
global,related_same,500,99,0,REVOKE,context_version_changed_at_publish,83.67980504408479,67.1388441696763,197.33308400426202,0.0
readset,related_same,500,0,1,EXECUTE,published_after_gate_recheck,34.85883679240942,10.765172075480223,196.83013773252603,11.989193098110997
readset,related_same,500,1,1,EXECUTE,published_after_gate_recheck,31.307853292673826,11.645263060927391,196.83013773252603,11.989193098110997
readset,related_same,500,2,1,EXECUTE,published_after_gate_recheck,29.73562339320779,11.329711880534887,196.83013773252603,11.989193098110997
readset,related_same,500,3,1,EXECUTE,published_after_gate_recheck,49.77770382538438,11.552799958735704,196.83013773252603,11.989193098110997
readset,related_same,500,4,1,EXECUTE,published_after_gate_recheck,133.54450184851885,30.928912106901407,196.83013773252603,11.989193098110997
readset,related_same,500,5,1,EXECUTE,published_after_gate_recheck,151.87844773754478,11.043976061046124,196.83013773252603,11.989193098110997
readset,related_same,500,6,1,EXECUTE,published_after_gate_recheck,165.86601687595248,11.660092044621706,196.83013773252603,11.989193098110997
readset,related_same,500,7,1,EXECUTE,published_after_gate_recheck,143.6138479039073,124.3495256640017,196.83013773252603,11.989193098110997
readset,related_same,500,8,1,EXECUTE,published_after_gate_recheck,80.64713375642896,9.677590802311897,196.83013773252603,11.989193098110997
readset,related_same,500,9,1,EXECUTE,published_after_gate_recheck,74.37394093722105,11.499110143631697,196.83013773252603,11.989193098110997
readset,related_same,500,10,1,EXECUTE,published_after_gate_recheck,29.240282718092203,11.107193771749735,196.83013773252603,11.989193098110997
readset,related_same,500,11,1,EXECUTE,published_after_gate_recheck,135.32166695222259,95.6733119674027,196.83013773252603,11.989193098110997
readset,related_same,500,12,1,EXECUTE,published_after_gate_recheck,102.57749864831567,58.51377686485648,196.83013773252603,11.989193098110997
readset,related_same,500,13,1,EXECUTE,published_after_gate_recheck,37.28660335764289,17.451469786465168,196.83013773252603,11.989193098110997
readset,related_same,500,14,1,EXECUTE,published_after_gate_recheck,48.13053272664547,12.571090832352638,196.83013773252603,11.989193098110997
readset,related_same,500,15,1,EXECUTE,published_after_gate_recheck,31.567479949444532,11.1192069016397,196.83013773252603,11.989193098110997
readset,related_same,500,16,1,EXECUTE,published_after_gate_recheck,32.030988950282335,11.605318635702133,196.83013773252603,11.989193098110997
readset,related_same,500,17,1,EXECUTE,published_after_gate_recheck,298.2229799963534,172.85939119756222,196.83013773252603,11.989193098110997
readset,related_same,500,18,1,EXECUTE,published_after_gate_recheck,542.4237106926739,14.066207222640514,196.83013773252603,11.989193098110997
readset,related_same,500,19,1,EXECUTE,published_after_gate_recheck,30.391904059797525,10.462403763085604,196.83013773252603,11.989193098110997
readset,related_same,500,20,1,EXECUTE,published_after_gate_recheck,31.686384230852127,10.6065240688622,196.83013773252603,11.989193098110997
readset,related_same,500,21,1,EXECUTE,published_after_gate_recheck,28.605150990188122,11.578548233956099,196.83013773252603,11.989193098110997
readset,related_same,500,22,1,EXECUTE,published_after_gate_recheck,28.77167286351323,10.26235893368721,196.83013773252603,11.989193098110997
readset,related_same,500,23,1,EXECUTE,published_after_gate_recheck,123.98783816024661,13.989983592182398,196.83013773252603,11.989193098110997
readset,related_same,500,24,1,EXECUTE,published_after_gate_recheck,41.57387791201472,21.684593986719847,196.83013773252603,11.989193098110997
readset,related_same,500,25,1,EXECUTE,published_after_gate_recheck,68.96121427416801,11.593366041779518,196.83013773252603,11.989193098110997
readset,related_same,500,26,1,EXECUTE,published_after_gate_recheck,101.47709399461746,54.14886586368084,196.83013773252603,11.989193098110997
readset,related_same,500,27,1,EXECUTE,published_after_gate_recheck,87.8485981374979,51.85845820233226,196.83013773252603,11.989193098110997
readset,related_same,500,28,1,EXECUTE,published_after_gate_recheck,85.04160027951002,10.898240841925144,196.83013773252603,11.989193098110997
readset,related_same,500,29,1,EXECUTE,published_after_gate_recheck,37.28994820266962,10.37715282291174,196.83013773252603,11.989193098110997
readset,related_same,500,30,1,EXECUTE,published_after_gate_recheck,26.95074724033475,11.119747068732977,196.83013773252603,11.989193098110997
readset,related_same,500,31,1,EXECUTE,published_after_gate_recheck,165.4164930805564,18.187670968472958,196.83013773252603,11.989193098110997
readset,related_same,500,32,1,EXECUTE,published_after_gate_recheck,42.00794314965606,11.19227334856987,196.83013773252603,11.989193098110997
readset,related_same,500,33,1,EXECUTE,published_after_gate_recheck,32.1063413284719,11.323168873786926,196.83013773252603,11.989193098110997
readset,related_same,500,34,1,EXECUTE,published_after_gate_recheck,32.830760814249516,11.259470134973526,196.83013773252603,11.989193098110997
readset,related_same,500,35,1,EXECUTE,published_after_gate_recheck,80.2280381321907,58.31940285861492,196.83013773252603,11.989193098110997
readset,related_same,500,36,1,EXECUTE,published_after_gate_recheck,36.554638762027025,12.3673090711236,196.83013773252603,11.989193098110997
readset,related_same,500,37,1,EXECUTE,published_after_gate_recheck,34.544206224381924,11.861689854413271,196.83013773252603,11.989193098110997
readset,related_same,500,38,1,EXECUTE,published_after_gate_recheck,76.0015957057476,14.875896275043488,196.83013773252603,11.989193098110997
readset,related_same,500,39,1,EXECUTE,published_after_gate_recheck,29.892366845160723,10.646810289472342,196.83013773252603,11.989193098110997
readset,related_same,500,40,1,EXECUTE,published_after_gate_recheck,52.69223311915994,11.819430161267519,196.83013773252603,11.989193098110997
readset,related_same,500,41,1,EXECUTE,published_after_gate_recheck,35.47269897535443,14.724442269653082,196.83013773252603,11.989193098110997
readset,related_same,500,42,1,EXECUTE,published_after_gate_recheck,66.9178287498653,10.99914126098156,196.83013773252603,11.989193098110997
readset,related_same,500,43,1,EXECUTE,published_after_gate_recheck,151.37163689360023,10.564575903117657,196.83013773252603,11.989193098110997
readset,related_same,500,44,1,EXECUTE,published_after_gate_recheck,30.05038294941187,10.467362590134144,196.83013773252603,11.989193098110997
readset,related_same,500,45,1,EXECUTE,published_after_gate_recheck,29.594847932457924,12.024184688925743,196.83013773252603,11.989193098110997
readset,related_same,500,46,1,EXECUTE,published_after_gate_recheck,37.87841368466616,10.683978907763958,196.83013773252603,11.989193098110997
readset,related_same,500,47,1,EXECUTE,published_after_gate_recheck,135.47285133972764,11.258707847446203,196.83013773252603,11.989193098110997
readset,related_same,500,48,1,EXECUTE,published_after_gate_recheck,198.13473336398602,179.84144436195493,196.83013773252603,11.989193098110997
readset,related_same,500,49,1,EXECUTE,published_after_gate_recheck,414.96420791372657,21.990257315337658,196.83013773252603,11.989193098110997
readset,related_same,500,50,1,EXECUTE,published_after_gate_recheck,109.86805008724332,31.640187371522188,196.83013773252603,11.989193098110997
readset,related_same,500,51,1,EXECUTE,published_after_gate_recheck,97.69501583650708,21.466032601892948,196.83013773252603,11.989193098110997
readset,related_same,500,52,1,EXECUTE,published_after_gate_recheck,216.9949160888791,11.040840297937393,196.83013773252603,11.989193098110997
readset,related_same,500,53,1,EXECUTE,published_after_gate_recheck,36.69833904132247,11.433196254074574,196.83013773252603,11.989193098110997
readset,related_same,500,54,1,EXECUTE,published_after_gate_recheck,159.50246481224895,27.94730570167303,196.83013773252603,11.989193098110997
readset,related_same,500,55,1,EXECUTE,published_after_gate_recheck,23.260620888322592,10.810676962137222,196.83013773252603,11.989193098110997
readset,related_same,500,56,1,EXECUTE,published_after_gate_recheck,29.43772403523326,11.575162410736084,196.83013773252603,11.989193098110997
readset,related_same,500,57,1,EXECUTE,published_after_gate_recheck,37.728902883827686,16.371131874620914,196.83013773252603,11.989193098110997
readset,related_same,500,58,1,EXECUTE,published_after_gate_recheck,85.73147514835,12.000291142612696,196.83013773252603,11.989193098110997
readset,related_same,500,59,1,EXECUTE,published_after_gate_recheck,56.861878372728825,17.81193632632494,196.83013773252603,11.989193098110997
readset,related_same,500,60,1,EXECUTE,published_after_gate_recheck,67.67850695177913,12.942447792738676,196.83013773252603,11.989193098110997
readset,related_same,500,61,1,EXECUTE,published_after_gate_recheck,99.02537288144231,78.12894834205508,196.83013773252603,11.989193098110997
readset,related_same,500,62,1,EXECUTE,published_after_gate_recheck,50.75752316042781,31.666195020079613,196.83013773252603,11.989193098110997
readset,related_same,500,63,1,EXECUTE,published_after_gate_recheck,64.74624387919903,10.872042272239923,196.83013773252603,11.989193098110997
readset,related_same,500,64,1,EXECUTE,published_after_gate_recheck,47.39543190225959,21.390060894191265,196.83013773252603,11.989193098110997
readset,related_same,500,65,1,EXECUTE,published_after_gate_recheck,68.13803873956203,11.481706984341145,196.83013773252603,11.989193098110997
readset,related_same,500,66,1,EXECUTE,published_after_gate_recheck,138.9820957556367,14.311417005956173,196.83013773252603,11.989193098110997
readset,related_same,500,67,1,EXECUTE,published_after_gate_recheck,32.104797661304474,10.727121029049158,196.83013773252603,11.989193098110997
readset,related_same,500,68,1,EXECUTE,published_after_gate_recheck,47.80355887487531,10.750595014542341,196.83013773252603,11.989193098110997
readset,related_same,500,69,1,EXECUTE,published_after_gate_recheck,55.9468911960721,10.960668791085482,196.83013773252603,11.989193098110997
readset,related_same,500,70,1,EXECUTE,published_after_gate_recheck,60.65484555438161,11.148041114211082,196.83013773252603,11.989193098110997
readset,related_same,500,71,1,EXECUTE,published_after_gate_recheck,39.088224060833454,11.57000195235014,196.83013773252603,11.989193098110997
readset,related_same,500,72,1,EXECUTE,published_after_gate_recheck,69.29109198972583,12.234189081937075,196.83013773252603,11.989193098110997
readset,related_same,500,73,1,EXECUTE,published_after_gate_recheck,329.95782420039177,28.56999495998025,196.83013773252603,11.989193098110997
readset,related_same,500,74,1,EXECUTE,published_after_gate_recheck,37.84378757700324,11.413227766752243,196.83013773252603,11.989193098110997
readset,related_same,500,75,1,EXECUTE,published_after_gate_recheck,31.190853100270033,12.031227815896273,196.83013773252603,11.989193098110997
readset,related_same,500,76,1,EXECUTE,published_after_gate_recheck,33.47316710278392,10.924119967967272,196.83013773252603,11.989193098110997
readset,related_same,500,77,1,EXECUTE,published_after_gate_recheck,97.5297661498189,51.487321965396404,196.83013773252603,11.989193098110997
readset,related_same,500,78,1,EXECUTE,published_after_gate_recheck,114.14745077490807,20.124976988881826,196.83013773252603,11.989193098110997
readset,related_same,500,79,1,EXECUTE,published_after_gate_recheck,47.231405042111874,13.64832278341055,196.83013773252603,11.989193098110997
readset,related_same,500,80,1,EXECUTE,published_after_gate_recheck,36.24389600008726,18.3926559984684,196.83013773252603,11.989193098110997
readset,related_same,500,81,1,EXECUTE,published_after_gate_recheck,31.875418033450842,11.969070881605148,196.83013773252603,11.989193098110997
readset,related_same,500,82,1,EXECUTE,published_after_gate_recheck,34.7764422185719,12.199173215776682,196.83013773252603,11.989193098110997
readset,related_same,500,83,1,EXECUTE,published_after_gate_recheck,256.7684156820178,229.7841962426901,196.83013773252603,11.989193098110997
readset,related_same,500,84,1,EXECUTE,published_after_gate_recheck,35.20416468381882,17.490051686763763,196.83013773252603,11.989193098110997
readset,related_same,500,85,1,EXECUTE,published_after_gate_recheck,127.7856552042067,10.939368978142738,196.83013773252603,11.989193098110997
readset,related_same,500,86,1,EXECUTE,published_after_gate_recheck,31.5647441893816,11.369075160473585,196.83013773252603,11.989193098110997
readset,related_same,500,87,1,EXECUTE,published_after_gate_recheck,156.06365213170648,20.934445783495903,196.83013773252603,11.989193098110997
readset,related_same,500,88,1,EXECUTE,published_after_gate_recheck,50.17196387052536,14.366340357810259,196.83013773252603,11.989193098110997
readset,related_same,500,89,1,EXECUTE,published_after_gate_recheck,54.814656265079975,11.26740500330925,196.83013773252603,11.989193098110997
readset,related_same,500,90,1,EXECUTE,published_after_gate_recheck,87.11876906454563,20.576855167746544,196.83013773252603,11.989193098110997
readset,related_same,500,91,1,EXECUTE,published_after_gate_recheck,148.69554387405515,11.53503730893135,196.83013773252603,11.989193098110997
readset,related_same,500,92,1,EXECUTE,published_after_gate_recheck,133.358642924577,11.400062590837479,196.83013773252603,11.989193098110997
readset,related_same,500,93,1,EXECUTE,published_after_gate_recheck,27.907031122595072,10.548345278948545,196.83013773252603,11.989193098110997
readset,related_same,500,94,1,EXECUTE,published_after_gate_recheck,29.59190309047699,9.25550889223814,196.83013773252603,11.989193098110997
readset,related_same,500,95,1,EXECUTE,published_after_gate_recheck,36.15898638963699,20.17407910898328,196.83013773252603,11.989193098110997
readset,related_same,500,96,1,EXECUTE,published_after_gate_recheck,33.63857697695494,14.583556912839413,196.83013773252603,11.989193098110997
readset,related_same,500,97,1,EXECUTE,published_after_gate_recheck,31.353548169136047,11.537812184542418,196.83013773252603,11.989193098110997
readset,related_same,500,98,1,EXECUTE,published_after_gate_recheck,40.692775044590235,10.248873382806778,196.83013773252603,11.989193098110997
readset,related_same,500,99,1,EXECUTE,published_after_gate_recheck,32.660089898854494,11.824318673461676,196.83013773252603,11.989193098110997
