publishing_interval_ms,version_scope,intent_kind,run,trace_time_s,gateway_released,reason,e2e_latency_ms,validation_to_gate_ms,achieved_update_rate_hz
1000,readset,continuous,0,0.332,1,published_after_gate_recheck,20.074923057109118,5.217541009187698,1.0
1000,predicate,continuous,1,0.636,1,published_after_gate_recheck,18.4730370528996,4.823592025786638,1.0
1000,global,continuous,2,1.092,1,published_after_gate_recheck,18.66207178682089,5.01247588545084,1.0
1000,readset,continuous,3,1.859,1,published_after_gate_recheck,17.210847698152065,4.462174139916897,1.0
1000,readset,continuous,4,2.158,1,published_after_gate_recheck,18.96412903442979,4.776433110237122,1.0
1000,readset,continuous,5,2.523,1,published_after_gate_recheck,17.804061993956566,4.942005034536123,1.0
1000,global,discrete,6,3.15,1,published_after_gate_recheck,19.938726909458637,6.630944088101387,1.0
1000,predicate,continuous,7,3.711,1,published_after_gate_recheck,18.894517794251442,4.942926112562418,1.0
1000,global,discrete,8,4.095,1,published_after_gate_recheck,17.524397000670433,4.523698706179857,1.0
1000,global,discrete,9,4.57,1,published_after_gate_recheck,18.342671915888786,4.696934949606657,1.0
1000,predicate,discrete,10,5.358,1,published_after_gate_recheck,18.36104691028595,5.063883028924465,1.0
1000,readset,continuous,11,5.732,1,published_after_gate_recheck,18.52045487612486,5.218503065407276,1.0
1000,readset,discrete,12,6.253,1,published_after_gate_recheck,16.558322589844465,4.179061856120825,1.0
1000,readset,continuous,13,6.858,1,published_after_gate_recheck,19.45665292441845,4.595584701746702,1.0
1000,predicate,discrete,14,7.024,1,published_after_gate_recheck,18.2035812176764,5.096985027194023,1.0
1000,global,continuous,15,7.758,1,published_after_gate_recheck,17.001395113766193,4.7033061273396015,1.0
1000,readset,discrete,16,8.493,1,published_after_gate_recheck,17.892458010464907,4.517017398029566,1.0
1000,global,discrete,17,8.639,1,published_after_gate_recheck,16.822118777781725,4.230810329318047,1.0
1000,predicate,discrete,18,9.351,1,published_after_gate_recheck,21.907350979745388,5.132731981575489,1.0
1000,predicate,continuous,19,9.589,1,published_after_gate_recheck,16.916455700993538,4.30780416354537,1.0
1000,readset,continuous,20,10.19,1,published_after_gate_recheck,18.558667972683907,5.108597222715616,1.0
1000,readset,discrete,21,10.725,1,published_after_gate_recheck,18.410660326480865,4.809775855392218,1.0
1000,global,discrete,22,11.109,1,published_after_gate_recheck,18.89151195064187,4.815767053514719,1.0
1000,readset,continuous,23,11.62,1,published_after_gate_recheck,20.696760155260563,5.898528732359409,1.0
1000,predicate,continuous,24,12.166,1,published_after_gate_recheck,18.546665087342262,4.663071129471064,1.0
1000,readset,discrete,25,12.737,1,published_after_gate_recheck,18.65749293938279,4.669053014367819,1.0
1000,global,discrete,26,13.195,1,published_after_gate_recheck,17.979690805077553,4.801810719072819,1.0
1000,global,discrete,27,13.748,1,published_after_gate_recheck,18.26518587768078,4.378477111458778,1.0
1000,predicate,discrete,28,14.125,1,published_after_gate_recheck,18.15741416066885,4.792232997715473,1.0
1000,global,continuous,29,14.772,1,published_after_gate_recheck,18.950803205370903,4.473564680665731,1.0
1000,global,discrete,30,15.384,1,published_after_gate_recheck,16.743911895900965,4.12406912073493,1.0
1000,global,continuous,31,15.735,1,published_after_gate_recheck,19.623456057161093,4.62070107460022,1.0
1000,readset,continuous,32,16.18,1,published_after_gate_recheck,21.285724826157093,4.768479149788618,1.0
1000,predicate,discrete,33,16.911,1,published_after_gate_recheck,18.39889818802476,5.048494320362806,1.0
1000,readset,continuous,34,17.313,1,published_after_gate_recheck,18.12864001840353,4.729114938527346,1.0
1000,global,discrete,35,17.749,1,published_after_gate_recheck,17.875344958156347,5.119537003338337,1.0
1000,readset,continuous,36,18.155,1,published_after_gate_recheck,17.27417716756463,4.302504006773233,1.0
1000,readset,continuous,37,18.978,1,published_after_gate_recheck,17.87131791934371,4.517646972090006,1.0
1000,readset,continuous,38,19.058,1,published_after_gate_recheck,17.57453102618456,4.61365794762969,1.0
1000,readset,continuous,39,19.962,1,published_after_gate_recheck,23.534926120191813,5.037634167820215,1.0
1000,readset,discrete,40,20.153,1,published_after_gate_recheck,17.284186091274023,4.58659790456295,1.0
1000,predicate,continuous,41,20.959,1,published_after_gate_recheck,18.128199968487024,4.522066097706556,1.0
1000,global,continuous,42,21.023,1,published_after_gate_recheck,16.509481705725193,4.545449744910002,1.0
1000,predicate,continuous,43,21.847,1,published_after_gate_recheck,19.66439187526703,5.136860068887472,1.0
1000,readset,continuous,44,22.239,1,published_after_gate_recheck,20.36305284127593,5.311757791787386,1.0
1000,global,continuous,45,22.807,1,published_after_gate_recheck,17.77819264680147,4.335565958172083,1.0
1000,readset,continuous,46,23.044,1,published_after_gate_recheck,17.673236317932606,4.535140004009008,1.0
1000,global,continuous,47,23.688,1,published_after_gate_recheck,19.874567165970802,4.839991685003042,1.0
1000,global,continuous,48,24.182,1,published_after_gate_recheck,23.24342867359519,4.656969103962183,1.0
1000,predicate,discrete,49,24.78,1,published_after_gate_recheck,18.077192828059196,4.404665902256966,1.0
1000,global,continuous,50,25.36,1,published_after_gate_recheck,17.24075386300683,4.592027049511671,1.0
1000,predicate,discrete,51,25.975,1,published_after_gate_recheck,18.10472598299384,4.5668212696909904,1.0
1000,readset,continuous,52,26.146,1,published_after_gate_recheck,17.760330345481634,4.429772961884737,1.0
1000,readset,continuous,53,26.523,1,published_after_gate_recheck,17.449796199798584,4.370140843093395,1.0
1000,predicate,continuous,54,27.092,1,published_after_gate_recheck,18.036778084933758,4.253182094544172,1.0
1000,global,continuous,55,27.958,1,published_after_gate_recheck,18.988293129950762,5.10394899174571,1.0
1000,global,discrete,56,28.275,1,published_after_gate_recheck,17.211198806762695,4.41829115152359,1.0
1000,global,discrete,57,28.834,1,published_after_gate_recheck,18.65464821457863,4.793875850737095,1.0
1000,readset,continuous,58,29.499,1,published_after_gate_recheck,18.236373085528612,4.753459710627794,1.0
1000,global,continuous,59,29.898,1,published_after_gate_recheck,18.026448786258698,4.384739324450493,1.0
1000,predicate,continuous,60,30.295,1,published_after_gate_recheck,17.11683114990592,4.239416215568781,1.0
1000,readset,discrete,61,30.889,1,published_after_gate_recheck,16.721870750188828,4.5440783724188805,1.0
1000,predicate,continuous,62,31.084,1,published_after_gate_recheck,18.723036162555218,4.7957501374185085,1.0
1000,readset,continuous,63,31.91,1,published_after_gate_recheck,16.7019828222692,4.547283053398132,1.0
1000,global,discrete,64,32.087,1,published_after_gate_recheck,17.307389061897993,4.39641997218132,1.0
1000,predicate,discrete,65,32.941,1,published_after_gate_recheck,17.742005176842213,4.859830252826214,1.0
1000,global,continuous,66,33.426,1,published_after_gate_recheck,18.530784640461206,4.642853047698736,1.0
1000,predicate,continuous,67,33.785,1,published_after_gate_recheck,19.27411975339055,4.822799935936928,1.0
1000,global,discrete,68,34.14,1,published_after_gate_recheck,19.266456365585327,4.674623254686594,1.0
1000,global,discrete,69,34.563,1,published_after_gate_recheck,18.14163476228714,4.690872970968485,1.0
1000,predicate,discrete,70,35.244,1,published_after_gate_recheck,19.509412348270416,4.849339835345745,1.0
1000,readset,discrete,71,35.606,1,published_after_gate_recheck,17.695076763629913,4.181426949799061,1.0
1000,readset,continuous,72,36.184,1,published_after_gate_recheck,19.011016935110092,5.425631999969482,1.0
1000,predicate,continuous,73,36.575,1,published_after_gate_recheck,17.887117341160774,4.72687091678381,1.0
1000,global,continuous,74,37.042,1,published_after_gate_recheck,16.821268014609814,4.537795204669237,1.0
1000,readset,continuous,75,37.896,1,published_after_gate_recheck,20.291588734835386,5.568489897996187,1.0
1000,global,discrete,76,38.392,1,published_after_gate_recheck,18.431689124554396,4.7167520970106125,1.0
1000,predicate,discrete,77,38.797,1,published_after_gate_recheck,18.008003942668438,4.784177988767624,1.0
1000,predicate,continuous,78,39.312,1,published_after_gate_recheck,18.414425663650036,4.809936974197626,1.0
1000,predicate,continuous,79,39.909,1,published_after_gate_recheck,17.371089197695255,4.044370260089636,1.0
1000,global,discrete,80,40.298,1,published_after_gate_recheck,18.794911447912455,4.169895779341459,1.0
1000,predicate,continuous,81,40.817,1,published_after_gate_recheck,20.271441899240017,6.6779921762645245,1.0
1000,global,discrete,82,41.028,1,published_after_gate_recheck,17.161274794489145,4.731830209493637,1.0
1000,predicate,discrete,83,41.539,1,published_after_gate_recheck,19.1533537581563,5.05776097998023,1.0
1000,global,discrete,84,42.346,1,published_after_gate_recheck,17.771880608052015,4.695661831647158,1.0
1000,global,discrete,85,42.771,1,published_after_gate_recheck,19.008942879736423,4.563814029097557,1.0
1000,readset,discrete,86,43.142,1,published_after_gate_recheck,19.101926125586033,5.041581112891436,1.0
1000,global,discrete,87,43.905,1,published_after_gate_recheck,17.52387499436736,4.44054277613759,1.0
1000,global,continuous,88,44.231,1,published_after_gate_recheck,20.831151865422726,4.740186035633087,1.0
1000,readset,discrete,89,44.791,1,published_after_gate_recheck,17.11671194061637,4.242250695824623,1.0
1000,predicate,continuous,90,45.479,1,published_after_gate_recheck,17.40142609924078,4.3620457872748375,1.0
1000,predicate,discrete,91,45.723,1,published_after_gate_recheck,19.025604240596294,4.6793208457529545,1.0
1000,readset,discrete,92,46.446,1,published_after_gate_recheck,17.871749121695757,4.766273777931929,1.0
1000,global,continuous,93,46.748,1,published_after_gate_recheck,19.51509201899171,4.82195895165205,1.0
1000,global,continuous,94,47.333,1,published_after_gate_recheck,18.863158766180277,4.97242109850049,1.0
1000,global,discrete,95,47.872,1,published_after_gate_recheck,19.14124097675085,4.662558902055025,1.0
1000,readset,discrete,96,48.255,1,published_after_gate_recheck,19.054809119552374,4.638995975255966,1.0
1000,predicate,discrete,97,48.767,1,published_after_gate_recheck,18.141604959964752,5.031222011893988,1.0
1000,readset,continuous,98,49.432,1,published_after_gate_recheck,23.363324347883463,4.4723330065608025,1.0
1000,global,discrete,99,49.882,1,published_after_gate_recheck,17.997574992477894,4.966270178556442,1.0
1000,global,continuous,100,50.306,1,published_after_gate_recheck,17.80049502849579,4.617755766957998,1.0
1000,global,discrete,101,50.856,1,published_after_gate_recheck,17.547870986163616,4.120062105357647,1.0
1000,readset,discrete,102,51.13,1,published_after_gate_recheck,18.406190909445286,4.493623040616512,1.0
1000,global,discrete,103,51.778,1,published_after_gate_recheck,20.49800707027316,4.75370092317462,1.0
1000,readset,continuous,104,52.419,1,published_after_gate_recheck,19.822739996016026,4.592678975313902,1.0
1000,global,discrete,105,52.861,1,published_after_gate_recheck,19.394916016608477,5.1291449926793575,1.0
1000,global,continuous,106,53.465,1,published_after_gate_recheck,19.73138889297843,4.626161884516478,1.0
1000,global,continuous,107,53.527,1,published_after_gate_recheck,18.484727945178747,4.367685876786709,1.0
1000,readset,discrete,108,54.084,1,published_after_gate_recheck,18.270787317305803,4.505365155637264,1.0
1000,global,continuous,109,54.612,1,published_after_gate_recheck,19.102167803794146,5.20355487242341,1.0
1000,readset,continuous,110,55.476,1,published_after_gate_recheck,20.94200998544693,5.183397326618433,1.0
1000,predicate,discrete,111,55.95,1,published_after_gate_recheck,19.175285007804632,4.682517144829035,1.0
1000,readset,continuous,112,56.136,1,published_after_gate_recheck,18.712335731834173,5.011464934796095,1.0
1000,predicate,continuous,113,56.534,1,published_after_gate_recheck,18.63180473446846,4.98440396040678,1.0
1000,global,continuous,114,57.167,1,published_after_gate_recheck,19.763297867029905,5.2498821169137955,1.0
1000,readset,discrete,115,57.915,1,published_after_gate_recheck,17.959473188966513,4.661798942834139,1.0
1000,predicate,continuous,116,58.418,1,published_after_gate_recheck,22.018850781023502,7.296753115952015,1.0
1000,readset,continuous,117,58.812,1,published_after_gate_recheck,18.10887409374118,4.390108864754438,1.0
1000,global,continuous,118,59.47,1,published_after_gate_recheck,20.06181888282299,5.293995141983032,1.0
1000,readset,discrete,119,59.885,1,published_after_gate_recheck,17.508686985820532,4.814574960619211,1.0
1000,predicate,discrete,120,60.006,1,published_after_gate_recheck,15.817614272236824,4.465860780328512,1.0
1000,readset,discrete,121,60.587,1,published_after_gate_recheck,19.1116351634264,5.03861578181386,1.0
1000,global,discrete,122,61.414,1,published_after_gate_recheck,18.095338251441717,4.440913908183575,1.0
1000,predicate,discrete,123,61.883,1,published_after_gate_recheck,17.30253966525197,4.389978013932705,1.0
1000,readset,continuous,124,62.435,1,published_after_gate_recheck,20.300296135246754,4.9437168054282665,1.0
1000,predicate,continuous,125,62.796,1,published_after_gate_recheck,20.305614918470383,5.057681351900101,1.0
1000,readset,continuous,126,63.458,1,published_after_gate_recheck,19.10083508118987,5.461608991026878,1.0
1000,readset,discrete,127,63.5,1,published_after_gate_recheck,17.492717131972313,4.840352572500706,1.0
1000,readset,continuous,128,64.19,1,published_after_gate_recheck,18.579285591840744,4.660816863179207,1.0
1000,global,continuous,129,64.519,1,published_after_gate_recheck,18.09452660381794,4.783906973898411,1.0
1000,global,continuous,130,65.492,1,published_after_gate_recheck,18.08686228469014,4.3030050583183765,1.0
1000,global,continuous,131,65.934,1,published_after_gate_recheck,18.502090591937304,4.8464760184288025,1.0
1000,readset,discrete,132,66.327,1,published_after_gate_recheck,18.17099004983902,4.3582492507994175,1.0
1000,global,discrete,133,66.774,1,published_after_gate_recheck,18.34441628307104,4.895537160336971,1.0
1000,predicate,continuous,134,67.262,1,published_after_gate_recheck,17.906233202666044,4.70181368291378,1.0
1000,predicate,discrete,135,67.792,1,published_after_gate_recheck,18.958366941660643,4.565897863358259,1.0
1000,readset,discrete,136,68.142,1,published_after_gate_recheck,18.043670803308487,4.6973759308457375,1.0
1000,readset,continuous,137,68.556,1,published_after_gate_recheck,18.669856246560812,4.862365312874317,1.0
1000,predicate,continuous,138,69.424,1,published_after_gate_recheck,17.08434009924531,4.763829987496138,1.0
1000,global,continuous,139,69.915,1,published_after_gate_recheck,20.282152108848095,4.87459683790803,1.0
1000,global,continuous,140,70.133,1,published_after_gate_recheck,18.67303205654025,4.804384894669056,1.0
1000,global,continuous,141,70.715,1,published_after_gate_recheck,18.8808417879045,4.390548914670944,1.0
1000,predicate,discrete,142,71.207,1,published_after_gate_recheck,17.306006979197264,4.600964952260256,1.0
1000,global,continuous,143,71.88,1,published_after_gate_recheck,19.23305308446288,4.9147033132612705,1.0
1000,predicate,discrete,144,72.17,1,published_after_gate_recheck,18.25234293937683,4.633775912225246,1.0
1000,global,continuous,145,72.838,1,published_after_gate_recheck,19.77555127814412,5.106683820486069,1.0
1000,global,discrete,146,73.061,1,published_after_gate_recheck,18.24357593432069,4.746978171169758,1.0
1000,global,discrete,147,73.961,1,published_after_gate_recheck,18.02553702145815,4.2628999799489975,1.0
1000,predicate,continuous,148,74.333,1,published_after_gate_recheck,19.154786132276058,4.952123388648033,1.0
1000,global,discrete,149,74.689,1,published_after_gate_recheck,20.091283600777388,4.454188980162144,1.0
1000,predicate,continuous,150,75.255,1,published_after_gate_recheck,18.587231170386076,4.921464715152979,1.0
1000,predicate,continuous,151,75.844,1,published_after_gate_recheck,17.91062206029892,4.4495901092886925,1.0
1000,predicate,continuous,152,76.279,1,published_after_gate_recheck,17.99567136913538,4.94987890124321,1.0
1000,predicate,discrete,153,76.566,1,published_after_gate_recheck,17.414990812540054,4.236440174281597,1.0
1000,readset,discrete,154,77.078,1,published_after_gate_recheck,19.161768723279238,4.859047941863537,1.0
1000,readset,continuous,155,77.552,1,published_after_gate_recheck,17.879542894661427,5.18240500241518,1.0
1000,global,continuous,156,78.316,1,published_after_gate_recheck,19.486548844724894,5.566034931689501,1.0
1000,global,continuous,157,79.0,1,published_after_gate_recheck,22.31196081265807,6.6306027583777905,1.0
1000,global,continuous,158,79.059,1,published_after_gate_recheck,17.87249930202961,4.1167051531374454,1.0
1000,global,continuous,159,79.93,1,published_after_gate_recheck,19.266535993665457,5.23493392392993,1.0
1000,predicate,discrete,160,80.384,1,published_after_gate_recheck,18.3125757612288,4.693396855145693,1.0
1000,readset,discrete,161,80.629,1,published_after_gate_recheck,17.364908009767532,4.476401023566723,1.0
1000,global,discrete,162,81.235,1,published_after_gate_recheck,19.27328808233142,4.7518666833639145,1.0
1000,readset,discrete,163,81.542,1,published_after_gate_recheck,18.969408236443996,4.791191313415766,1.0
1000,predicate,continuous,164,82.407,1,published_after_gate_recheck,19.220379181206226,5.018888972699642,1.0
1000,readset,discrete,165,82.734,1,published_after_gate_recheck,18.83028820157051,5.076475907117128,1.0
1000,predicate,continuous,166,83.418,1,published_after_gate_recheck,21.735719870775938,5.035027861595154,1.0
1000,global,discrete,167,83.713,1,published_after_gate_recheck,22.995582781732082,7.659173104912043,1.0
1000,readset,discrete,168,84.219,1,published_after_gate_recheck,17.65447109937668,4.3759518302977085,1.0
1000,readset,continuous,169,84.773,1,published_after_gate_recheck,16.653642058372498,3.933071158826351,1.0
1000,readset,continuous,170,85.394,1,published_after_gate_recheck,18.391354009509087,4.901617765426636,1.0
1000,predicate,discrete,171,85.786,1,published_after_gate_recheck,20.253948867321014,5.1408568397164345,1.0
1000,global,continuous,172,86.325,1,published_after_gate_recheck,17.513616010546684,3.995719365775585,1.0
1000,global,discrete,173,86.704,1,published_after_gate_recheck,17.769656144082546,4.7641899436712265,1.0
1000,global,discrete,174,87.096,1,published_after_gate_recheck,19.57702822983265,5.15150697901845,1.0
1000,readset,continuous,175,87.62,1,published_after_gate_recheck,18.84924340993166,4.921074956655502,1.0
1000,readset,continuous,176,88.411,1,published_after_gate_recheck,18.562845420092344,4.409284796565771,1.0
1000,global,discrete,177,88.509,1,published_after_gate_recheck,17.908848356455564,4.671927075833082,1.0
1000,global,discrete,178,89.405,1,published_after_gate_recheck,18.568416126072407,5.160854663699865,1.0
1000,global,discrete,179,89.769,1,published_after_gate_recheck,17.38618826493621,4.360693972557783,1.0
1000,readset,continuous,180,90.176,1,published_after_gate_recheck,22.667889017611742,8.857372216880322,1.0
1000,predicate,continuous,181,90.728,1,published_after_gate_recheck,18.587120808660984,4.794657696038485,1.0
1000,readset,discrete,182,91.205,1,published_after_gate_recheck,18.860374111682177,5.380196962505579,1.0
1000,readset,discrete,183,91.863,1,published_after_gate_recheck,18.757230136543512,5.2171507850289345,1.0
1000,global,discrete,184,92.367,1,published_after_gate_recheck,17.9312601685524,4.521815571933985,1.0
1000,global,discrete,185,92.962,1,published_after_gate_recheck,16.15178119391203,4.393093753606081,1.0
1000,readset,discrete,186,93.241,1,published_after_gate_recheck,18.921277951449156,5.248749163001776,1.0
1000,global,discrete,187,93.819,1,published_after_gate_recheck,18.579156138002872,4.949719179421663,1.0
1000,global,continuous,188,94.097,1,published_after_gate_recheck,17.371128778904676,4.85038198530674,1.0
1000,global,discrete,189,94.849,1,published_after_gate_recheck,20.116740837693214,4.828071221709251,1.0
1000,predicate,discrete,190,95.009,1,published_after_gate_recheck,16.61204406991601,4.832278937101364,1.0
1000,global,continuous,191,95.923,1,published_after_gate_recheck,17.0809137634933,4.30504884570837,1.0
1000,readset,discrete,192,96.46,1,published_after_gate_recheck,20.61950508505106,4.630189388990402,1.0
1000,global,discrete,193,96.722,1,published_after_gate_recheck,18.563617020845413,5.103406962007284,1.0
1000,predicate,continuous,194,97.062,1,published_after_gate_recheck,20.106702111661434,6.021949928253889,1.0
1000,global,discrete,195,97.59,1,published_after_gate_recheck,21.194104105234146,4.400517791509628,1.0
1000,global,continuous,196,98.302,1,published_after_gate_recheck,20.004149992018938,5.169410724192858,1.0
1000,predicate,discrete,197,98.505,1,published_after_gate_recheck,20.752374082803726,4.904052708297968,1.0
1000,global,continuous,198,99.157,1,published_after_gate_recheck,18.588323146104813,5.105310119688511,1.0
1000,predicate,continuous,199,99.502,1,published_after_gate_recheck,18.523652106523514,4.77645406499505,1.0
1000,predicate,discrete,200,100.034,1,published_after_gate_recheck,18.20161798968911,4.960157908499241,1.0
1000,readset,continuous,201,100.552,1,published_after_gate_recheck,18.358421977609396,4.873245023190975,1.0
1000,predicate,discrete,202,101.465,1,published_after_gate_recheck,18.74237321317196,4.817559849470854,1.0
1000,global,discrete,203,101.884,1,published_after_gate_recheck,19.27010202780366,5.098246969282627,1.0
1000,predicate,discrete,204,102.23,1,published_after_gate_recheck,20.132801961153746,5.093007814139128,1.0
1000,predicate,continuous,205,102.849,1,published_after_gate_recheck,21.430847235023975,4.9679032526910305,1.0
1000,predicate,continuous,206,103.058,1,published_after_gate_recheck,19.200151320546865,5.146998912096024,1.0
1000,predicate,continuous,207,103.86,1,published_after_gate_recheck,17.849897034466267,4.362255800515413,1.0
1000,global,discrete,208,104.12,1,published_after_gate_recheck,19.380750134587288,4.607656970620155,1.0
1000,predicate,discrete,209,104.851,1,published_after_gate_recheck,24.140362162142992,5.387960933148861,1.0
1000,global,discrete,210,105.188,1,published_after_gate_recheck,18.27921299263835,4.896629136055708,1.0
1000,readset,continuous,211,105.93,1,published_after_gate_recheck,18.210192676633596,4.447535611689091,1.0
1000,readset,continuous,212,106.032,1,published_after_gate_recheck,18.360815942287445,4.974193871021271,1.0
1000,predicate,continuous,213,106.532,1,published_after_gate_recheck,18.78236699849367,4.55796392634511,1.0
1000,predicate,continuous,214,107.439,1,published_after_gate_recheck,18.51169904693961,5.08560286834836,1.0
1000,predicate,discrete,215,107.915,1,published_after_gate_recheck,20.200769882649183,5.053823813796043,1.0
1000,readset,discrete,216,108.171,1,published_after_gate_recheck,17.820321023464203,4.271515179425478,1.0
1000,predicate,discrete,217,108.563,1,published_after_gate_recheck,19.071639981120825,5.144825205206871,1.0
1000,global,continuous,218,109.269,1,published_after_gate_recheck,19.225277937948704,4.835053347051144,1.0
1000,readset,discrete,219,109.753,1,published_after_gate_recheck,19.078923854976892,4.776173271238804,1.0
1000,readset,continuous,220,110.203,1,published_after_gate_recheck,18.449211958795786,5.09010162204504,1.0
1000,global,continuous,221,110.916,1,published_after_gate_recheck,18.178443890064955,4.758419934660196,1.0
1000,readset,continuous,222,111.043,1,published_after_gate_recheck,19.35959095135331,5.119066219776869,1.0
1000,global,discrete,223,111.694,1,published_after_gate_recheck,18.12012493610382,4.268169868737459,1.0
1000,global,discrete,224,112.321,1,published_after_gate_recheck,18.072886392474174,4.524309653788805,1.0
1000,readset,continuous,225,112.752,1,published_after_gate_recheck,18.131966702640057,4.8713115975260735,1.0
1000,predicate,continuous,226,113.214,1,published_after_gate_recheck,19.448667764663696,5.053413100540638,1.0
1000,readset,discrete,227,113.805,1,published_after_gate_recheck,17.521711066365242,4.465590696781874,1.0
1000,global,discrete,228,114.087,1,published_after_gate_recheck,18.939030822366476,5.213102791458368,1.0
1000,readset,discrete,229,114.754,1,published_after_gate_recheck,16.579924151301384,4.0674530901014805,1.0
1000,predicate,discrete,230,115.027,1,published_after_gate_recheck,18.19213991984725,4.602046217769384,1.0
1000,global,discrete,231,115.633,1,published_after_gate_recheck,15.923593193292618,4.1229380294680595,1.0
1000,predicate,continuous,232,116.02,1,published_after_gate_recheck,16.655927058309317,4.362818319350481,1.0
1000,readset,discrete,233,116.642,1,published_after_gate_recheck,17.66067184507847,4.647099878638983,1.0
1000,predicate,discrete,234,117.02,1,published_after_gate_recheck,19.954886753112078,4.9341288395226,1.0
1000,readset,discrete,235,117.998,1,published_after_gate_recheck,24.772909004241228,5.276371259242296,1.0
1000,predicate,discrete,236,118.471,1,published_after_gate_recheck,20.73163539171219,5.2540497854352,1.0
1000,global,continuous,237,118.519,1,published_after_gate_recheck,15.907883178442717,4.344331566244364,1.0
1000,predicate,discrete,238,119.067,1,published_after_gate_recheck,17.257776111364365,4.563463851809502,1.0
1000,predicate,discrete,239,119.964,1,published_after_gate_recheck,17.674348317086697,4.532205872237682,1.0
1000,predicate,discrete,240,120.476,1,published_after_gate_recheck,19.414593931287527,4.9360026605427265,1.0
1000,readset,discrete,241,120.966,1,published_after_gate_recheck,18.188743852078915,4.743911791592836,1.0
1000,predicate,discrete,242,121.497,1,published_after_gate_recheck,18.357601016759872,6.3368817791342735,1.0
1000,predicate,discrete,243,121.762,1,published_after_gate_recheck,19.717190880328417,5.024077836424112,1.0
1000,predicate,discrete,244,122.497,1,published_after_gate_recheck,18.810390029102564,4.510373808443546,1.0
1000,predicate,discrete,245,122.987,1,published_after_gate_recheck,19.43468162789941,5.203304346650839,1.0
1000,predicate,discrete,246,123.15,1,published_after_gate_recheck,16.325056087225676,4.29953821003437,1.0
1000,global,discrete,247,123.749,1,published_after_gate_recheck,18.177442252635956,4.783296026289463,1.0
1000,predicate,continuous,248,124.246,1,published_after_gate_recheck,18.12890125438571,4.832197912037373,1.0
1000,global,discrete,249,124.982,1,published_after_gate_recheck,18.232835922390223,4.587518982589245,1.0
1000,global,discrete,250,125.314,1,published_after_gate_recheck,18.4720647521317,4.939268808811903,1.0
1000,readset,discrete,251,125.666,1,published_after_gate_recheck,18.4294949285686,4.948155954480171,1.0
1000,readset,continuous,252,126.391,1,published_after_gate_recheck,18.29669578000903,4.532224964350462,1.0
1000,predicate,discrete,253,126.671,1,published_after_gate_recheck,17.548441886901855,4.799796734005213,1.0
1000,predicate,continuous,254,127.304,1,published_after_gate_recheck,17.52408593893051,4.522527102380991,1.0
1000,readset,discrete,255,127.654,1,published_after_gate_recheck,16.593829728662968,4.38864529132843,1.0
1000,readset,continuous,256,128.218,1,published_after_gate_recheck,18.66974588483572,4.861213266849518,1.0
1000,global,continuous,257,128.761,1,published_after_gate_recheck,16.980825923383236,4.733182955533266,1.0
1000,global,continuous,258,129.035,1,published_after_gate_recheck,18.1400622241199,4.844792187213898,1.0
1000,predicate,continuous,259,129.84,1,published_after_gate_recheck,19.64934403076768,5.314433015882969,1.0
1000,global,continuous,260,130.424,1,published_after_gate_recheck,17.84255402162671,3.996129147708416,1.0
1000,global,discrete,261,130.527,1,published_after_gate_recheck,17.687402199953794,4.185463767498732,1.0
1000,global,discrete,262,131.106,1,published_after_gate_recheck,19.56000691279769,4.994852934032679,1.0
1000,readset,discrete,263,131.812,1,published_after_gate_recheck,18.375033047050238,4.805918782949448,1.0
1000,predicate,discrete,264,132.175,1,published_after_gate_recheck,18.881664145737886,4.676335956901312,1.0
1000,predicate,continuous,265,132.52,1,published_after_gate_recheck,18.22388917207718,4.817259963601828,1.0
1000,predicate,continuous,266,133.148,1,published_after_gate_recheck,17.188865691423416,4.205471836030483,1.0
1000,readset,discrete,267,133.603,1,published_after_gate_recheck,17.88876997306943,4.441175144165754,1.0
1000,global,discrete,268,134.478,1,published_after_gate_recheck,17.029537819325924,4.135581199079752,1.0
1000,readset,discrete,269,134.887,1,published_after_gate_recheck,17.891446128487587,4.352308344095945,1.0
1000,predicate,continuous,270,135.046,1,published_after_gate_recheck,20.449114963412285,5.491235293447971,1.0
1000,predicate,continuous,271,135.732,1,published_after_gate_recheck,22.233193274587393,7.459809072315693,1.0
1000,global,discrete,272,136.437,1,published_after_gate_recheck,20.23968193680048,5.3766402415931225,1.0
1000,global,discrete,273,136.695,1,published_after_gate_recheck,17.229332122951746,5.042924080044031,1.0
1000,readset,continuous,274,137.129,1,published_after_gate_recheck,18.100918736308813,4.8437900841236115,1.0
1000,global,continuous,275,137.617,1,published_after_gate_recheck,18.131485674530268,4.588319920003414,1.0
1000,predicate,continuous,276,138.194,1,published_after_gate_recheck,18.659306690096855,5.0591640174388885,1.0
1000,predicate,continuous,277,138.91,1,published_after_gate_recheck,18.039512913674116,4.5683132484555244,1.0
1000,predicate,discrete,278,139.492,1,published_after_gate_recheck,17.50465901568532,4.302504938095808,1.0
1000,global,continuous,279,139.99,1,published_after_gate_recheck,18.380494322627783,4.772807005792856,1.0
1000,global,continuous,280,140.44,1,published_after_gate_recheck,18.859732896089554,4.9649071879684925,1.0
1000,global,discrete,281,140.521,1,published_after_gate_recheck,17.556317150592804,4.582358989864588,1.0
1000,readset,continuous,282,141.329,1,published_after_gate_recheck,18.270647153258324,4.83793905004859,1.0
1000,predicate,continuous,283,141.828,1,published_after_gate_recheck,19.019402097910643,4.991097375750542,1.0
1000,predicate,discrete,284,142.064,1,published_after_gate_recheck,18.33619037643075,4.631602205336094,1.0
1000,global,continuous,285,142.516,1,published_after_gate_recheck,17.92389713227749,4.2396169155836105,1.0
1000,readset,discrete,286,143.242,1,published_after_gate_recheck,17.539495136588812,4.8632570542395115,1.0
1000,readset,continuous,287,143.654,1,published_after_gate_recheck,18.532176967710257,4.679691977798939,1.0
1000,global,continuous,288,144.437,1,published_after_gate_recheck,18.068757839500904,4.65331319719553,1.0
1000,predicate,discrete,289,144.846,1,published_after_gate_recheck,17.849947791546583,4.86666290089488,1.0
1000,readset,discrete,290,145.191,1,published_after_gate_recheck,19.276944920420647,4.805687814950943,1.0
1000,readset,continuous,291,145.893,1,published_after_gate_recheck,17.319652251899242,4.516716115176678,1.0
1000,readset,discrete,292,146.011,1,published_after_gate_recheck,16.797172371298075,4.55500790849328,1.0
1000,global,continuous,293,146.764,1,published_after_gate_recheck,16.909361816942692,4.581186920404434,1.0
1000,readset,discrete,294,147.137,1,published_after_gate_recheck,17.634353134781122,4.699317738413811,1.0
1000,readset,continuous,295,147.645,1,published_after_gate_recheck,20.88875975459814,5.5328430607914925,1.0
1000,global,discrete,296,148.281,1,published_after_gate_recheck,17.33788615092635,4.346427042037249,1.0
1000,predicate,continuous,297,148.84,1,published_after_gate_recheck,17.002376727759838,4.379488993436098,1.0
1000,readset,discrete,298,149.476,1,published_after_gate_recheck,20.1414180919528,5.351563449949026,1.0
1000,global,discrete,299,149.751,1,published_after_gate_recheck,21.426860243082047,4.90561593323946,1.0
1000,readset,discrete,300,150.107,1,published_after_gate_recheck,18.2249010540545,4.5188600197434425,1.0
1000,global,discrete,301,150.958,1,published_after_gate_recheck,19.215851090848446,5.146488081663847,1.0
1000,predicate,continuous,302,151.418,1,published_after_gate_recheck,18.59645824879408,4.937967285513878,1.0
1000,predicate,discrete,303,151.931,1,published_after_gate_recheck,16.91417209804058,4.415425937622786,1.0
1000,readset,continuous,304,152.266,1,published_after_gate_recheck,20.772592164576054,4.95019881054759,1.0
1000,global,discrete,305,152.502,1,published_after_gate_recheck,19.009093288332224,4.669663030654192,1.0
1000,predicate,discrete,306,153.381,1,published_after_gate_recheck,17.291630152612925,4.3268101289868355,1.0
1000,readset,discrete,307,153.547,1,published_after_gate_recheck,17.95312063768506,4.728683736175299,1.0
1000,readset,discrete,308,154.231,1,published_after_gate_recheck,18.81042029708624,5.0565688870847225,1.0
1000,predicate,discrete,309,154.604,1,published_after_gate_recheck,18.014004919677973,4.417149815708399,1.0
1000,global,discrete,310,155.363,1,published_after_gate_recheck,17.79271988198161,4.442076664417982,1.0
1000,predicate,continuous,311,155.723,1,published_after_gate_recheck,19.237000960856676,4.48100920766592,1.0
1000,global,continuous,312,156.464,1,published_after_gate_recheck,17.877519596368074,4.091528244316578,1.0
1000,readset,discrete,313,156.953,1,published_after_gate_recheck,19.353238865733147,5.159582011401653,1.0
1000,readset,continuous,314,157.153,1,published_after_gate_recheck,23.74927792698145,6.5130917355418205,1.0
1000,global,discrete,315,157.635,1,published_after_gate_recheck,18.40562978759408,4.562662914395332,1.0
1000,readset,continuous,316,158.359,1,published_after_gate_recheck,18.23752513155341,4.651409108191729,1.0
1000,global,continuous,317,158.946,1,published_after_gate_recheck,30.57662071660161,5.768344737589359,1.0
1000,predicate,discrete,318,159.469,1,published_after_gate_recheck,18.118081148713827,4.896769300103188,1.0
1000,predicate,discrete,319,159.754,1,published_after_gate_recheck,18.268554005771875,4.97808214277029,1.0
1000,global,discrete,320,160.143,1,published_after_gate_recheck,18.07146379724145,4.537966102361679,1.0
1000,predicate,continuous,321,160.608,1,published_after_gate_recheck,18.77129590138793,4.37782471999526,1.0
1000,predicate,continuous,322,161.386,1,published_after_gate_recheck,19.413352012634277,5.324331112205982,1.0
1000,readset,continuous,323,161.664,1,published_after_gate_recheck,19.048024900257587,4.499523900449276,1.0
1000,global,continuous,324,162.416,1,published_after_gate_recheck,19.006718415766954,4.678800236433744,1.0
1000,readset,continuous,325,162.983,1,published_after_gate_recheck,16.90657716244459,4.418641794472933,1.0
1000,predicate,continuous,326,163.345,1,published_after_gate_recheck,17.16073416173458,4.588000010699034,1.0
1000,global,discrete,327,163.769,1,published_after_gate_recheck,16.915033105760813,4.0691569447517395,1.0
1000,predicate,discrete,328,164.478,1,published_after_gate_recheck,17.12885405868292,4.78787487372756,1.0
1000,global,continuous,329,164.866,1,published_after_gate_recheck,17.55284983664751,4.832088015973568,1.0
1000,global,discrete,330,165.306,1,published_after_gate_recheck,18.695485312491655,4.755253903567791,1.0
1000,predicate,continuous,331,165.807,1,published_after_gate_recheck,19.470819272100925,5.187726113945246,1.0
1000,readset,discrete,332,166.268,1,published_after_gate_recheck,24.737422820180655,8.60652094706893,1.0
1000,readset,discrete,333,166.653,1,published_after_gate_recheck,18.818414770066738,4.503640811890364,1.0
1000,predicate,continuous,334,167.032,1,published_after_gate_recheck,17.51558016985655,5.017345771193504,1.0
1000,global,continuous,335,167.82,1,published_after_gate_recheck,18.03372288122773,5.007167346775532,1.0
1000,readset,discrete,336,168.034,1,published_after_gate_recheck,18.100056797266006,4.881239961832762,1.0
1000,predicate,continuous,337,168.716,1,published_after_gate_recheck,21.735659800469875,6.837090943008661,1.0
1000,predicate,discrete,338,169.187,1,published_after_gate_recheck,18.62631505355239,4.629096947610378,1.0
1000,predicate,continuous,339,169.892,1,published_after_gate_recheck,20.010350737720728,4.999753087759018,1.0
1000,global,continuous,340,170.339,1,published_after_gate_recheck,20.659950096160173,5.569100845605135,1.0
1000,readset,continuous,341,170.938,1,published_after_gate_recheck,21.717574913054705,4.928278736770153,1.0
1000,global,discrete,342,171.301,1,published_after_gate_recheck,19.607074093073606,4.903863184154034,1.0
1000,readset,continuous,343,171.755,1,published_after_gate_recheck,18.116257153451443,4.779188893735409,1.0
1000,global,continuous,344,172.122,1,published_after_gate_recheck,17.65899918973446,4.331539385020733,1.0
1000,global,continuous,345,172.645,1,published_after_gate_recheck,18.027381040155888,4.461382050067186,1.0
1000,global,continuous,346,173.205,1,published_after_gate_recheck,20.721677225083113,5.6387619115412235,1.0
1000,predicate,continuous,347,173.764,1,published_after_gate_recheck,18.470871727913618,4.532945808023214,1.0
1000,readset,discrete,348,174.234,1,published_after_gate_recheck,17.840088810771704,4.405337385833263,1.0
1000,predicate,discrete,349,174.594,1,published_after_gate_recheck,17.413268331438303,4.929601214826107,1.0
1000,readset,continuous,350,175.129,1,published_after_gate_recheck,17.690748907625675,4.71162237226963,1.0
1000,readset,continuous,351,175.923,1,published_after_gate_recheck,18.96927785128355,5.156286992132664,1.0
1000,predicate,discrete,352,176.307,1,published_after_gate_recheck,18.050353974103928,4.699580371379852,1.0
1000,global,discrete,353,176.601,1,published_after_gate_recheck,18.037428613752127,4.987730178982019,1.0
1000,global,discrete,354,177.148,1,published_after_gate_recheck,18.154187593609095,5.009550601243973,1.0
1000,global,continuous,355,177.662,1,published_after_gate_recheck,18.297147005796432,4.578441847115755,1.0
1000,readset,continuous,356,178.043,1,published_after_gate_recheck,18.695063889026642,5.4301912896335125,1.0
1000,global,discrete,357,178.838,1,published_after_gate_recheck,18.279763869941235,4.630428738892078,1.0
1000,predicate,discrete,358,179.255,1,published_after_gate_recheck,17.524366732686758,4.809876903891563,1.0
1000,readset,discrete,359,179.714,1,published_after_gate_recheck,17.487978097051382,4.325567744672298,1.0
1000,global,discrete,360,180.393,1,published_after_gate_recheck,17.129324842244387,4.524941090494394,1.0
1000,readset,discrete,361,180.824,1,published_after_gate_recheck,17.937019933015108,4.727691877633333,1.0
1000,global,continuous,362,181.332,1,published_after_gate_recheck,19.24056699499488,4.82805073261261,1.0
1000,predicate,continuous,363,181.93,1,published_after_gate_recheck,18.81302520632744,4.597669001668692,1.0
1000,predicate,discrete,364,182.339,1,published_after_gate_recheck,17.62297097593546,4.5663099735975266,1.0
1000,predicate,continuous,365,182.546,1,published_after_gate_recheck,18.689552787691355,4.782385192811489,1.0
1000,predicate,continuous,366,183.433,1,published_after_gate_recheck,18.099525943398476,4.970448091626167,1.0
1000,readset,continuous,367,183.984,1,published_after_gate_recheck,18.132085911929607,4.995363764464855,1.0
1000,readset,discrete,368,184.411,1,published_after_gate_recheck,17.660722136497498,4.054537974298,1.0
1000,readset,continuous,369,184.539,1,published_after_gate_recheck,17.752704676240683,4.797353409230709,1.0
1000,readset,discrete,370,185.43,1,published_after_gate_recheck,18.826028797775507,4.799055866897106,1.0
1000,global,continuous,371,185.849,1,published_after_gate_recheck,18.84258072823286,4.902170039713383,1.0
1000,predicate,discrete,372,186.214,1,published_after_gate_recheck,17.30337180197239,4.388856235891581,1.0
1000,predicate,discrete,373,186.846,1,published_after_gate_recheck,18.925275187939405,4.413833376020193,1.0
1000,predicate,continuous,374,187.259,1,published_after_gate_recheck,18.130302894860506,4.4196536764502525,1.0
1000,readset,continuous,375,187.925,1,published_after_gate_recheck,21.983856335282326,4.923029337078333,1.0
1000,global,continuous,376,188.34,1,published_after_gate_recheck,20.639872644096613,4.590424243360758,1.0
1000,readset,discrete,377,188.878,1,published_after_gate_recheck,17.016212921589613,4.396379925310612,1.0
1000,global,discrete,378,189.37,1,published_after_gate_recheck,19.051612820476294,4.658340942114592,1.0
1000,readset,continuous,379,189.727,1,published_after_gate_recheck,18.601597752422094,4.389586858451366,1.0
1000,global,continuous,380,190.002,1,published_after_gate_recheck,19.91937169805169,4.587107803672552,1.0
1000,readset,continuous,381,190.786,1,published_after_gate_recheck,19.811518024653196,5.228822119534016,1.0
1000,predicate,discrete,382,191.245,1,published_after_gate_recheck,17.388260923326015,4.877353087067604,1.0
1000,predicate,continuous,383,191.808,1,published_after_gate_recheck,17.96408137306571,4.782374016940594,1.0
1000,readset,discrete,384,192.386,1,published_after_gate_recheck,20.259750075638294,4.984434228390455,1.0
1000,predicate,discrete,385,192.841,1,published_after_gate_recheck,19.741646945476532,5.280769895762205,1.0
1000,global,continuous,386,193.084,1,published_after_gate_recheck,17.628162167966366,4.568092059344053,1.0
1000,predicate,continuous,387,193.636,1,published_after_gate_recheck,18.300684168934822,4.304908681660891,1.0
1000,global,continuous,388,194.068,1,published_after_gate_recheck,17.90473982691765,4.757748916745186,1.0
1000,readset,continuous,389,194.947,1,published_after_gate_recheck,18.936756998300552,5.159412045031786,1.0
1000,predicate,discrete,390,195.067,1,published_after_gate_recheck,17.834559082984924,4.627113696187735,1.0
1000,predicate,continuous,391,195.555,1,published_after_gate_recheck,19.56387422978878,4.633554723113775,1.0
1000,readset,discrete,392,196.486,1,published_after_gate_recheck,17.423447221517563,4.625690169632435,1.0
1000,readset,continuous,393,196.82,1,published_after_gate_recheck,19.065177999436855,6.237574853003025,1.0
1000,predicate,continuous,394,197.361,1,published_after_gate_recheck,18.58242182061076,4.967642016708851,1.0
1000,readset,continuous,395,198.0,1,published_after_gate_recheck,21.73924632370472,5.6148068979382515,1.0
1000,global,discrete,396,198.022,1,published_after_gate_recheck,17.21347263082862,4.956611432135105,1.0
1000,predicate,continuous,397,198.776,1,published_after_gate_recheck,17.123323865234852,4.426667001098394,1.0
1000,predicate,discrete,398,199.176,1,published_after_gate_recheck,18.31334736198187,4.426517058163881,1.0
1000,global,continuous,399,199.911,1,published_after_gate_recheck,19.1031601279974,4.907849710434675,1.0
1000,global,continuous,400,200.046,1,published_after_gate_recheck,18.415357917547226,5.2079129964113235,1.0
1000,predicate,discrete,401,200.573,1,published_after_gate_recheck,19.598699174821377,5.00612473115325,1.0
1000,global,continuous,402,201.35,1,published_after_gate_recheck,17.779594752937555,4.442948382347822,1.0
1000,predicate,continuous,403,201.971,1,published_after_gate_recheck,18.47551204264164,5.230926908552647,1.0
1000,predicate,discrete,404,202.38,1,published_after_gate_recheck,18.85646628215909,4.699368961155415,1.0
1000,readset,discrete,405,202.646,1,published_after_gate_recheck,19.356965087354183,4.4059776701033115,1.0
1000,global,discrete,406,203.216,1,published_after_gate_recheck,17.58047193288803,3.9788568392395973,1.0
1000,readset,continuous,407,203.672,1,published_after_gate_recheck,18.329486716538668,5.077738780528307,1.0
1000,predicate,continuous,408,204.243,1,published_after_gate_recheck,18.22829805314541,4.2878868989646435,1.0
1000,global,continuous,409,204.711,1,published_after_gate_recheck,18.097953405231237,4.295270889997482,1.0
1000,global,discrete,410,205.366,1,published_after_gate_recheck,18.120475113391876,4.927095957100391,1.0
1000,readset,continuous,411,205.92,1,published_after_gate_recheck,17.979050055146217,4.3457262217998505,1.0
1000,readset,discrete,412,206.201,1,published_after_gate_recheck,20.097294822335243,5.019749980419874,1.0
1000,readset,continuous,413,206.787,1,published_after_gate_recheck,17.367652151733637,4.394907969981432,1.0
1000,readset,discrete,414,207.445,1,published_after_gate_recheck,19.135610200464725,4.468776751309633,1.0
1000,readset,discrete,415,207.65,1,published_after_gate_recheck,20.114717073738575,5.2901883609592915,1.0
1000,predicate,continuous,416,208.453,1,published_after_gate_recheck,18.545092083513737,4.5695859007537365,1.0
1000,predicate,discrete,417,208.578,1,published_after_gate_recheck,17.668988090008497,4.572610836476088,1.0
1000,readset,discrete,418,209.16,1,published_after_gate_recheck,17.50748511403799,4.538316745311022,1.0
1000,global,discrete,419,209.894,1,published_after_gate_recheck,18.182863015681505,4.6094609424471855,1.0
1000,readset,continuous,420,210.232,1,published_after_gate_recheck,18.71560188010335,4.7623468562960625,1.0
1000,global,continuous,421,210.72,1,published_after_gate_recheck,19.488563295453787,4.544498864561319,1.0
1000,predicate,continuous,422,211.268,1,published_after_gate_recheck,17.978459130972624,4.924982320517302,1.0
1000,predicate,continuous,423,211.58,1,published_after_gate_recheck,18.34879256784916,4.948958288878202,1.0
1000,global,discrete,424,212.236,1,published_after_gate_recheck,18.497291952371597,4.1966550052165985,1.0
1000,global,continuous,425,212.662,1,published_after_gate_recheck,16.977100167423487,4.315739963203669,1.0
1000,global,continuous,426,213.018,1,published_after_gate_recheck,17.034146934747696,4.545549862086773,1.0
1000,global,discrete,427,213.791,1,published_after_gate_recheck,18.972103018313646,4.532195162028074,1.0
1000,global,continuous,428,214.341,1,published_after_gate_recheck,18.09154124930501,4.5525929890573025,1.0
1000,readset,continuous,429,214.551,1,published_after_gate_recheck,18.752440810203552,4.777384921908379,1.0
1000,global,discrete,430,215.033,1,published_after_gate_recheck,17.33422977849841,4.61612269282341,1.0
1000,global,continuous,431,215.576,1,published_after_gate_recheck,18.617458175867796,4.452486056834459,1.0
1000,global,discrete,432,216.076,1,published_after_gate_recheck,17.94787123799324,4.554776940494776,1.0
1000,global,continuous,433,216.618,1,published_after_gate_recheck,20.206480287015438,4.699829034507275,1.0
1000,predicate,discrete,434,217.305,1,published_after_gate_recheck,19.408642780035734,5.567548330873251,1.0
1000,predicate,continuous,435,217.695,1,published_after_gate_recheck,18.069058191031218,4.5572021044790745,1.0
1000,readset,discrete,436,218.114,1,published_after_gate_recheck,20.20184090360999,4.8698787577450275,1.0
1000,predicate,continuous,437,218.776,1,published_after_gate_recheck,17.75809470564127,4.6494449488818645,1.0
1000,predicate,discrete,438,219.381,1,published_after_gate_recheck,19.26624495536089,4.816348198801279,1.0
1000,global,discrete,439,219.862,1,published_after_gate_recheck,18.12575478106737,4.625791218131781,1.0
1000,predicate,continuous,440,220.413,1,published_after_gate_recheck,19.552091136574745,4.782645031809807,1.0
1000,global,continuous,441,220.813,1,published_after_gate_recheck,16.395086888223886,4.019623156636953,1.0
1000,predicate,discrete,442,221.223,1,published_after_gate_recheck,18.169245682656765,4.371313378214836,1.0
1000,readset,discrete,443,221.81,1,published_after_gate_recheck,17.54449401050806,4.294598940759897,1.0
1000,predicate,discrete,444,222.133,1,published_after_gate_recheck,18.383649177849293,5.021983757615089,1.0
1000,global,discrete,445,222.925,1,published_after_gate_recheck,16.386020928621292,4.126132931560278,1.0
1000,readset,continuous,446,223.013,1,published_after_gate_recheck,15.38239698857069,4.441425204277039,1.0
1000,predicate,continuous,447,223.879,1,published_after_gate_recheck,17.162848263978958,4.491799045354128,1.0
1000,readset,continuous,448,224.105,1,published_after_gate_recheck,19.94453789666295,4.950430244207382,1.0
1000,global,continuous,449,224.904,1,published_after_gate_recheck,17.611940857023,4.49742004275322,1.0
1000,global,discrete,450,225.408,1,published_after_gate_recheck,17.297340091317892,4.491770174354315,1.0
1000,predicate,discrete,451,225.981,1,published_after_gate_recheck,17.84971682354808,4.304368048906326,1.0
1000,readset,continuous,452,226.344,1,published_after_gate_recheck,21.53530390933156,6.6101741977036,1.0
1000,global,discrete,453,226.718,1,published_after_gate_recheck,19.57865199074149,4.609320312738419,1.0
1000,readset,discrete,454,227.187,1,published_after_gate_recheck,19.82976170256734,4.8123011365532875,1.0
1000,global,continuous,455,227.641,1,published_after_gate_recheck,20.031771156936884,5.327947903424501,1.0
1000,readset,continuous,456,228.46,1,published_after_gate_recheck,20.448884926736355,4.577641375362873,1.0
1000,readset,continuous,457,228.684,1,published_after_gate_recheck,18.781475257128477,4.487751983106136,1.0
1000,global,continuous,458,229.241,1,published_after_gate_recheck,19.61348718032241,5.483641289174557,1.0
1000,predicate,continuous,459,229.721,1,published_after_gate_recheck,18.40504864230752,4.683308769017458,1.0
1000,predicate,discrete,460,230.132,1,published_after_gate_recheck,18.41414626687765,4.811218939721584,1.0
1000,predicate,discrete,461,230.824,1,published_after_gate_recheck,18.703830428421497,4.484075121581554,1.0
1000,global,discrete,462,231.463,1,published_after_gate_recheck,16.91033411771059,4.916365724056959,1.0
1000,global,continuous,463,231.803,1,published_after_gate_recheck,18.474780023097992,4.759591072797775,1.0
1000,global,discrete,464,232.221,1,published_after_gate_recheck,17.29781087487936,4.021155647933483,1.0
1000,predicate,discrete,465,232.514,1,published_after_gate_recheck,19.56637902185321,4.875418730080128,1.0
1000,predicate,discrete,466,233.37,1,published_after_gate_recheck,19.803903996944427,5.0269728526473045,1.0
1000,predicate,discrete,467,233.767,1,published_after_gate_recheck,17.404731828719378,4.374900367110968,1.0
1000,predicate,discrete,468,234.195,1,published_after_gate_recheck,18.216656055301428,4.423240199685097,1.0
1000,predicate,discrete,469,234.606,1,published_after_gate_recheck,18.398035783320665,4.609530325978994,1.0
1000,readset,discrete,470,235.319,1,published_after_gate_recheck,16.453708056360483,4.032867960631847,1.0
1000,predicate,discrete,471,235.992,1,published_after_gate_recheck,22.49691868200898,8.90668435022235,1.0
1000,readset,discrete,472,236.034,1,published_after_gate_recheck,17.545216251164675,4.304739180952311,1.0
1000,readset,discrete,473,236.944,1,published_after_gate_recheck,20.85372479632497,6.178203970193863,1.0
1000,readset,continuous,474,237.123,1,published_after_gate_recheck,18.650830257683992,4.999683238565922,1.0
1000,predicate,continuous,475,237.573,1,published_after_gate_recheck,21.016609854996204,5.0275251269340515,1.0
1000,predicate,continuous,476,238.259,1,published_after_gate_recheck,16.463214997202158,4.310207907110453,1.0
1000,readset,continuous,477,238.522,1,published_after_gate_recheck,16.937836073338985,4.473124165087938,1.0
1000,predicate,continuous,478,239.029,1,published_after_gate_recheck,17.134584952145815,4.4118789955973625,1.0
1000,global,continuous,479,239.91,1,published_after_gate_recheck,22.48823083937168,5.210397765040398,1.0
1000,predicate,continuous,480,240.427,1,published_after_gate_recheck,18.83604796603322,4.751807078719139,1.0
1000,predicate,continuous,481,240.612,1,published_after_gate_recheck,19.25071608275175,4.714146256446838,1.0
1000,predicate,discrete,482,241.214,1,published_after_gate_recheck,20.38113819435239,6.679794751107693,1.0
1000,global,discrete,483,241.75,1,published_after_gate_recheck,18.120905850082636,4.868116229772568,1.0
1000,global,discrete,484,242.155,1,published_after_gate_recheck,18.020688090473413,4.425534978508949,1.0
1000,readset,discrete,485,242.564,1,published_after_gate_recheck,18.11954379081726,5.02213416621089,1.0
1000,readset,discrete,486,243.058,1,published_after_gate_recheck,19.15869303047657,5.222902167588472,1.0
1000,predicate,discrete,487,243.871,1,published_after_gate_recheck,19.73551604896784,4.893783945590258,1.0
1000,readset,discrete,488,244.081,1,published_after_gate_recheck,18.917571753263474,5.31998323276639,1.0
1000,readset,discrete,489,244.527,1,published_after_gate_recheck,18.86498322710395,4.353479947894812,1.0
1000,readset,discrete,490,245.215,1,published_after_gate_recheck,18.424945883452892,4.213267005980015,1.0
1000,global,discrete,491,245.846,1,published_after_gate_recheck,19.290560856461525,4.257009364664555,1.0
1000,readset,discrete,492,246.345,1,published_after_gate_recheck,18.75736005604267,4.729755222797394,1.0
1000,predicate,discrete,493,246.686,1,published_after_gate_recheck,18.824817147105932,5.222320090979338,1.0
1000,readset,continuous,494,247.221,1,published_after_gate_recheck,16.767845954746008,4.389217123389244,1.0
1000,predicate,discrete,495,247.633,1,published_after_gate_recheck,19.126313272863626,4.585324786603451,1.0
1000,readset,continuous,496,248.372,1,published_after_gate_recheck,17.56156701594591,4.690862726420164,1.0
1000,readset,continuous,497,248.828,1,published_after_gate_recheck,17.35047996044159,4.693107213824987,1.0
1000,global,discrete,498,249.061,1,published_after_gate_recheck,17.21860282123089,3.8628089241683483,1.0
1000,readset,continuous,499,249.583,1,published_after_gate_recheck,16.233263071626425,4.1755856946110725,1.0
1000,global,discrete,500,250.106,1,published_after_gate_recheck,18.68413295596838,5.207601934671402,1.0
1000,readset,discrete,501,250.812,1,published_after_gate_recheck,18.947917968034744,4.939498845487833,1.0
1000,readset,discrete,502,251.155,1,published_after_gate_recheck,18.978245090693235,5.05358399823308,1.0
1000,predicate,discrete,503,251.699,1,published_after_gate_recheck,18.266138155013323,4.809755831956863,1.0
1000,global,discrete,504,252.265,1,published_after_gate_recheck,18.18741112947464,4.135129973292351,1.0
1000,predicate,discrete,505,252.65,1,published_after_gate_recheck,18.15400831401348,5.029808729887009,1.0
1000,predicate,continuous,506,253.007,1,published_after_gate_recheck,20.794473122805357,6.626055110245943,1.0
1000,readset,continuous,507,253.687,1,published_after_gate_recheck,18.76968378201127,4.706863313913345,1.0
1000,readset,discrete,508,254.162,1,published_after_gate_recheck,19.360232166945934,4.869337193667889,1.0
1000,global,discrete,509,254.752,1,published_after_gate_recheck,16.441204119473696,4.090556874871254,1.0
1000,predicate,discrete,510,255.057,1,published_after_gate_recheck,18.305142410099506,4.77965921163559,1.0
1000,readset,continuous,511,255.752,1,published_after_gate_recheck,20.74349718168378,4.538396839052439,1.0
1000,readset,continuous,512,256.039,1,published_after_gate_recheck,19.87954694777727,5.150795914232731,1.0
1000,readset,continuous,513,256.645,1,published_after_gate_recheck,19.04878718778491,5.165343172848225,1.0
1000,global,continuous,514,257.17,1,published_after_gate_recheck,22.405145224183798,4.955058917403221,1.0
1000,readset,continuous,515,257.699,1,published_after_gate_recheck,17.111482098698616,4.496217239648104,1.0
1000,predicate,discrete,516,258.316,1,published_after_gate_recheck,18.27570702880621,4.650836810469627,1.0
1000,readset,discrete,517,258.955,1,published_after_gate_recheck,18.903755117207766,4.724886734038591,1.0
1000,global,continuous,518,259.283,1,published_after_gate_recheck,19.919360987842083,4.882262088358402,1.0
1000,predicate,discrete,519,259.763,1,published_after_gate_recheck,18.71318742632866,4.60935989394784,1.0
1000,readset,continuous,520,260.343,1,published_after_gate_recheck,18.190556671470404,4.391441121697426,1.0
1000,predicate,continuous,521,260.572,1,published_after_gate_recheck,18.901110161095858,4.872564226388931,1.0
1000,predicate,discrete,522,261.253,1,published_after_gate_recheck,19.068223889917135,4.644596017897129,1.0
1000,predicate,discrete,523,261.867,1,published_after_gate_recheck,18.640970811247826,4.72682062536478,1.0
1000,predicate,continuous,524,262.228,1,published_after_gate_recheck,19.625720102339983,5.123445298522711,1.0
1000,global,discrete,525,262.67,1,published_after_gate_recheck,17.570683266967535,4.408834036439657,1.0
1000,global,continuous,526,263.288,1,published_after_gate_recheck,20.25070320814848,5.6243352591991425,1.0
1000,predicate,continuous,527,263.657,1,published_after_gate_recheck,19.426356069743633,4.902029410004616,1.0
1000,predicate,discrete,528,264.38,1,published_after_gate_recheck,19.261315930634737,4.070278722792864,1.0
1000,readset,discrete,529,264.684,1,published_after_gate_recheck,17.884692642837763,4.421406891196966,1.0
1000,readset,continuous,530,265.2,1,published_after_gate_recheck,18.005510326474905,4.602447152137756,1.0
1000,global,discrete,531,265.985,1,published_after_gate_recheck,18.23925832286477,4.543005954474211,1.0
1000,readset,discrete,532,266.225,1,published_after_gate_recheck,17.8812462836504,4.836736712604761,1.0
1000,global,discrete,533,266.727,1,published_after_gate_recheck,21.343904081732035,4.64013684540987,1.0
1000,predicate,continuous,534,267.251,1,published_after_gate_recheck,18.639990128576756,4.77987015619874,1.0
1000,global,continuous,535,267.537,1,published_after_gate_recheck,20.302599761635065,4.9269357696175575,1.0
1000,predicate,discrete,536,268.109,1,published_after_gate_recheck,19.846304319798946,4.456212278455496,1.0
1000,global,continuous,537,268.761,1,published_after_gate_recheck,17.436101101338863,4.514111205935478,1.0
1000,predicate,continuous,538,269.027,1,published_after_gate_recheck,17.297159880399704,4.091908689588308,1.0
1000,global,discrete,539,269.852,1,published_after_gate_recheck,19.03983997181058,5.026392173022032,1.0
1000,predicate,discrete,540,270.491,1,published_after_gate_recheck,18.783869687467813,4.679471720010042,1.0
1000,readset,continuous,541,270.786,1,published_after_gate_recheck,17.77192112058401,4.489254672080278,1.0
1000,readset,discrete,542,271.436,1,published_after_gate_recheck,18.37367983534932,4.767345730215311,1.0
1000,predicate,continuous,543,271.88,1,published_after_gate_recheck,18.04267894476652,4.229136276990175,1.0
1000,global,continuous,544,272.273,1,published_after_gate_recheck,17.12279301136732,4.525642842054367,1.0
1000,predicate,continuous,545,272.507,1,published_after_gate_recheck,17.84109091386199,4.605844151228666,1.0
1000,predicate,continuous,546,273.24,1,published_after_gate_recheck,20.51315503194928,4.922196734696627,1.0
1000,predicate,discrete,547,273.909,1,published_after_gate_recheck,17.341122962534428,4.449059255421162,1.0
1000,global,continuous,548,274.202,1,published_after_gate_recheck,19.83327930793166,4.742499906569719,1.0
1000,predicate,discrete,549,274.964,1,published_after_gate_recheck,16.705629881471395,4.583531059324741,1.0
1000,readset,discrete,550,275.316,1,published_after_gate_recheck,18.587221391499043,5.192093085497618,1.0
1000,global,continuous,551,275.635,1,published_after_gate_recheck,17.613723874092102,4.265965428203344,1.0
1000,global,continuous,552,276.169,1,published_after_gate_recheck,17.901453655213118,4.597117193043232,1.0
1000,predicate,continuous,553,276.651,1,published_after_gate_recheck,18.350066151469946,4.612116143107414,1.0
1000,global,continuous,554,277.39,1,published_after_gate_recheck,19.973061978816986,5.346112884581089,1.0
1000,predicate,continuous,555,277.757,1,published_after_gate_recheck,19.20120418071747,4.726189188659191,1.0
1000,predicate,discrete,556,278.013,1,published_after_gate_recheck,16.96981582790613,5.082768853753805,1.0
1000,readset,discrete,557,278.789,1,published_after_gate_recheck,17.167076002806425,4.340104758739471,1.0
1000,global,continuous,558,279.452,1,published_after_gate_recheck,21.82117011398077,4.623927175998688,1.0
1000,readset,continuous,559,279.623,1,published_after_gate_recheck,18.483917228877544,4.786042030900717,1.0
1000,readset,discrete,560,280.109,1,published_after_gate_recheck,18.01750110462308,5.134184844791889,1.0
1000,readset,discrete,561,280.635,1,published_after_gate_recheck,18.470983020961285,4.9256132915616035,1.0
1000,predicate,continuous,562,281.401,1,published_after_gate_recheck,17.349267844110727,4.057814832776785,1.0
1000,readset,continuous,563,281.856,1,published_after_gate_recheck,17.535055987536907,4.725207109004259,1.0
1000,predicate,continuous,564,282.117,1,published_after_gate_recheck,18.346259370446205,5.021363031119108,1.0
1000,predicate,continuous,565,282.733,1,published_after_gate_recheck,17.840188927948475,4.263671115040779,1.0
1000,readset,discrete,566,283.227,1,published_after_gate_recheck,21.680866833776236,5.4742032662034035,1.0
1000,predicate,discrete,567,283.804,1,published_after_gate_recheck,17.777681816369295,4.861162975430489,1.0
1000,readset,continuous,568,284.077,1,published_after_gate_recheck,17.621648963540792,4.818313289433718,1.0
1000,global,discrete,569,284.869,1,published_after_gate_recheck,19.054518081247807,5.114968866109848,1.0
1000,readset,discrete,570,285.134,1,published_after_gate_recheck,16.47981582209468,4.554186016321182,1.0
1000,readset,continuous,571,285.678,1,published_after_gate_recheck,17.378171905875206,4.591475706547499,1.0
1000,readset,discrete,572,286.036,1,published_after_gate_recheck,16.573422122746706,4.309898242354393,1.0
1000,predicate,continuous,573,286.626,1,published_after_gate_recheck,18.053799867630005,4.531132988631725,1.0
1000,readset,discrete,574,287.365,1,published_after_gate_recheck,16.634014900773764,4.32647904381156,1.0
1000,predicate,continuous,575,287.76,1,published_after_gate_recheck,17.660121899098158,5.139915272593498,1.0
1000,readset,continuous,576,288.018,1,published_after_gate_recheck,18.234408926218748,5.399282556027174,1.0
1000,readset,discrete,577,288.922,1,published_after_gate_recheck,18.351919949054718,4.959417041391134,1.0
1000,readset,discrete,578,289.324,1,published_after_gate_recheck,17.153530847281218,5.023096222430468,1.0
1000,global,continuous,579,289.746,1,published_after_gate_recheck,18.28382210806012,4.464839119464159,1.0
1000,readset,discrete,580,290.256,1,published_after_gate_recheck,24.399589281529188,8.761151228100061,1.0
1000,global,continuous,581,290.862,1,published_after_gate_recheck,18.780703656375408,4.518899600952864,1.0
1000,predicate,continuous,582,291.137,1,published_after_gate_recheck,18.085628747940063,5.123465321958065,1.0
1000,readset,continuous,583,291.941,1,published_after_gate_recheck,18.646020907908678,4.71825385466218,1.0
1000,global,continuous,584,292.025,1,published_after_gate_recheck,18.20364221930504,4.616242833435535,1.0
1000,readset,discrete,585,292.602,1,published_after_gate_recheck,18.088113982230425,4.9074687995016575,1.0
1000,readset,discrete,586,293.188,1,published_after_gate_recheck,17.866869922727346,4.412560723721981,1.0
1000,readset,discrete,587,293.625,1,published_after_gate_recheck,18.434014171361923,4.0671331807971,1.0
1000,predicate,discrete,588,294.11,1,published_after_gate_recheck,19.0042438916862,4.801029805094004,1.0
1000,readset,continuous,589,294.705,1,published_after_gate_recheck,17.784082796424627,4.447375889867544,1.0
1000,predicate,discrete,590,295.295,1,published_after_gate_recheck,19.960207864642143,5.269959568977356,1.0
1000,global,continuous,591,295.679,1,published_after_gate_recheck,18.904756754636765,4.493501968681812,1.0
1000,predicate,continuous,592,296.352,1,published_after_gate_recheck,18.08857498690486,4.761354997754097,1.0
1000,predicate,continuous,593,296.705,1,published_after_gate_recheck,18.014997243881226,4.695501644164324,1.0
1000,readset,discrete,594,297.119,1,published_after_gate_recheck,19.069326110184193,4.86689293757081,1.0
1000,readset,discrete,595,297.974,1,published_after_gate_recheck,18.565058708190918,5.0124856643378735,1.0
1000,readset,continuous,596,298.362,1,published_after_gate_recheck,16.77699387073517,4.2945388704538345,1.0
1000,predicate,discrete,597,298.653,1,published_after_gate_recheck,17.412607092410326,4.897421225905418,1.0
1000,global,continuous,598,299.164,1,published_after_gate_recheck,18.07632204145193,4.656989127397537,1.0
1000,global,continuous,599,299.891,1,published_after_gate_recheck,19.067652989178896,4.919092170894146,1.0
100,global,continuous,0,0.194,0,context_version_changed_at_publish,21.64052100852132,7.655836641788483,10.0
100,global,discrete,1,0.809,1,published_after_gate_recheck,17.363104037940502,4.326468799263239,10.0
100,global,continuous,2,1.264,1,published_after_gate_recheck,20.54569683969021,4.95948689058423,10.0
100,readset,discrete,3,1.797,1,published_after_gate_recheck,21.460433024913073,6.299761589616537,10.0
100,readset,discrete,4,2.304,1,published_after_gate_recheck,16.06772281229496,4.519270732998848,10.0
100,readset,discrete,5,2.828,1,published_after_gate_recheck,17.686049919575453,4.751848056912422,10.0
100,readset,continuous,6,3.361,1,published_after_gate_recheck,20.076465792953968,5.21988607943058,10.0
100,readset,continuous,7,3.877,1,published_after_gate_recheck,18.19993508979678,4.693969152867794,10.0
100,global,discrete,8,4.492,0,context_version_changed_at_publish,22.26038370281458,9.193100966513157,10.0
100,predicate,continuous,9,4.896,1,published_after_gate_recheck,19.73197003826499,6.563367322087288,10.0
100,predicate,continuous,10,5.197,1,published_after_gate_recheck,21.596919279545546,7.251497823745012,10.0
100,readset,continuous,11,5.999,1,published_after_gate_recheck,21.403695922344923,4.369139671325684,10.0
100,global,discrete,12,6.058,1,published_after_gate_recheck,15.98783303052187,4.44059306755662,10.0
100,global,discrete,13,6.933,1,published_after_gate_recheck,18.008234910666943,4.50272997841239,10.0
100,readset,continuous,14,7.427,1,published_after_gate_recheck,17.888118978589773,4.822339862585068,10.0
100,predicate,discrete,15,7.533,1,published_after_gate_recheck,17.342685721814632,4.505526274442673,10.0
100,predicate,continuous,16,8.121,1,published_after_gate_recheck,18.20285990834236,4.66894218698144,10.0
100,predicate,continuous,17,8.821,1,published_after_gate_recheck,17.818368040025234,4.2991479858756065,10.0
100,predicate,discrete,18,9.187,1,published_after_gate_recheck,17.350911162793636,4.6003432944417,10.0
100,readset,discrete,19,9.722,1,published_after_gate_recheck,17.27928686887026,4.919552244246006,10.0
100,readset,continuous,20,10.452,1,published_after_gate_recheck,18.330759834498167,4.978041630238295,10.0
100,predicate,discrete,21,10.651,1,published_after_gate_recheck,16.986857168376446,5.026883911341429,10.0
100,predicate,continuous,22,11.391,1,published_after_gate_recheck,22.537854965776205,8.982166647911072,10.0
100,predicate,continuous,23,11.558,1,published_after_gate_recheck,16.778617165982723,4.599310923367739,10.0
100,predicate,continuous,24,12.209,1,published_after_gate_recheck,15.363982878625393,4.490436986088753,10.0
100,predicate,continuous,25,12.522,1,published_after_gate_recheck,16.823100857436657,4.329674877226353,10.0
100,readset,discrete,26,13.5,1,published_after_gate_recheck,20.823006983846426,5.017065908759832,10.0
100,readset,discrete,27,13.66,1,published_after_gate_recheck,18.1436687707901,4.815235733985901,10.0
100,readset,continuous,28,14.001,1,published_after_gate_recheck,21.074308082461357,4.993651993572712,10.0
100,predicate,continuous,29,14.71,1,published_after_gate_recheck,17.04103033989668,5.131890997290611,10.0
100,global,discrete,30,15.489,1,published_after_gate_recheck,17.779504880309105,4.505265038460493,10.0
100,readset,discrete,31,15.559,1,published_after_gate_recheck,16.56884280964732,4.996345844119787,10.0
100,predicate,continuous,32,16.206,1,published_after_gate_recheck,16.40566671267152,4.131292924284935,10.0
100,predicate,continuous,33,16.744,1,published_after_gate_recheck,16.359069850295782,4.674762953072786,10.0
100,readset,continuous,34,17.14,1,published_after_gate_recheck,16.890706960111856,5.202271975576878,10.0
100,readset,discrete,35,17.615,1,published_after_gate_recheck,17.306778114289045,4.211914259940386,10.0
100,readset,continuous,36,18.143,1,published_after_gate_recheck,17.255150713026524,4.194572102278471,10.0
100,readset,discrete,37,18.873,1,published_after_gate_recheck,16.83109626173973,4.310389049351215,10.0
100,predicate,continuous,38,19.155,1,published_after_gate_recheck,18.15000968053937,4.957261960953474,10.0
100,predicate,discrete,39,19.558,1,published_after_gate_recheck,18.778830766677856,4.700551275163889,10.0
100,readset,discrete,40,20.3,1,published_after_gate_recheck,20.49215603619814,5.287401843816042,10.0
100,readset,continuous,41,20.68,1,published_after_gate_recheck,16.984173096716404,4.284720867872238,10.0
100,predicate,continuous,42,21.467,1,published_after_gate_recheck,17.158970702439547,4.338861908763647,10.0
100,global,discrete,43,21.61,1,published_after_gate_recheck,16.17897069081664,4.39131073653698,10.0
100,global,discrete,44,22.421,1,published_after_gate_recheck,16.153173055499792,4.110143985599279,10.0
100,global,continuous,45,22.521,1,published_after_gate_recheck,15.760667156428099,4.435823764652014,10.0
100,readset,continuous,46,23.102,1,published_after_gate_recheck,18.90646992251277,4.561218898743391,10.0
100,readset,continuous,47,23.734,1,published_after_gate_recheck,17.767682671546936,4.581067245453596,10.0
100,readset,discrete,48,24.153,1,published_after_gate_recheck,17.312399111688137,4.873176105320454,10.0
100,readset,discrete,49,24.817,1,published_after_gate_recheck,18.336220178753138,4.9429358914494514,10.0
100,global,continuous,50,25.001,1,published_after_gate_recheck,22.748520132154226,5.093378014862537,10.0
100,predicate,discrete,51,25.86,1,published_after_gate_recheck,18.596498761326075,4.7582900151610374,10.0
100,predicate,discrete,52,26.184,1,published_after_gate_recheck,17.59903598576784,4.269893281161785,10.0
100,readset,continuous,53,26.685,1,published_after_gate_recheck,22.547573316842318,5.187454633414745,10.0
100,readset,discrete,54,27.496,1,published_after_gate_recheck,19.33312974870205,6.289413198828697,10.0
100,predicate,discrete,55,27.756,1,published_after_gate_recheck,21.071352995932102,5.009712185710669,10.0
100,readset,continuous,56,28.082,1,published_after_gate_recheck,16.548585146665573,4.356775898486376,10.0
100,predicate,continuous,57,28.926,1,published_after_gate_recheck,21.191217936575413,4.886088892817497,10.0
100,predicate,continuous,58,29.322,1,published_after_gate_recheck,18.073296174407005,4.94422810152173,10.0
100,predicate,continuous,59,29.564,1,published_after_gate_recheck,18.14971026033163,4.374299198389053,10.0
100,global,discrete,60,30.155,1,published_after_gate_recheck,17.30502489954233,4.381923004984856,10.0
100,global,continuous,61,30.637,1,published_after_gate_recheck,17.66970893368125,4.739364143460989,10.0
100,readset,continuous,62,31.41,1,published_after_gate_recheck,16.88575791195035,4.2863041162490845,10.0
100,readset,discrete,63,31.604,1,published_after_gate_recheck,19.65670892968774,5.0291880033910275,10.0
100,predicate,continuous,64,32.303,1,published_after_gate_recheck,16.108169220387936,4.417289048433304,10.0
100,readset,discrete,65,32.96,1,published_after_gate_recheck,19.284490030258894,5.111021921038628,10.0
100,readset,continuous,66,33.047,1,published_after_gate_recheck,17.699776217341423,4.76614385843277,10.0
100,global,discrete,67,33.644,1,published_after_gate_recheck,17.352052964270115,4.6543036587536335,10.0
100,global,discrete,68,34.33,1,published_after_gate_recheck,19.48760077357292,4.801149945706129,10.0
100,global,continuous,69,34.716,1,published_after_gate_recheck,16.783997416496277,4.668499808758497,10.0
100,predicate,continuous,70,35.273,1,published_after_gate_recheck,18.048769794404507,4.586027003824711,10.0
100,global,continuous,71,35.738,1,published_after_gate_recheck,15.568996779620647,4.53944830223918,10.0
100,global,discrete,72,36.081,1,published_after_gate_recheck,16.505283769220114,4.688047803938389,10.0
100,global,continuous,73,36.68,1,published_after_gate_recheck,17.25897891446948,4.819685127586126,10.0
100,predicate,continuous,74,37.092,1,published_after_gate_recheck,16.75420068204403,4.692305810749531,10.0
100,readset,discrete,75,37.77,1,published_after_gate_recheck,17.06331130117178,4.565929062664509,10.0
100,predicate,discrete,76,38.302,1,published_after_gate_recheck,19.06450605019927,5.281149875372648,10.0
100,global,discrete,77,38.626,1,published_after_gate_recheck,17.222130205482244,4.499234259128571,10.0
100,readset,discrete,78,39.021,1,published_after_gate_recheck,16.541591845452785,4.645538050681353,10.0
100,readset,continuous,79,39.759,1,published_after_gate_recheck,16.88389480113983,4.294889979064465,10.0
100,global,continuous,80,40.224,1,published_after_gate_recheck,17.513034865260124,4.657491110265255,10.0
100,readset,discrete,81,40.896,1,published_after_gate_recheck,19.084393978118896,6.214852910488844,10.0
100,predicate,continuous,82,41.388,1,published_after_gate_recheck,19.726118072867393,5.14344172552228,10.0
100,global,discrete,83,41.668,1,published_after_gate_recheck,16.806238796561956,4.721940960735083,10.0
100,readset,continuous,84,42.263,1,published_after_gate_recheck,21.950843278318644,5.167938303202391,10.0
100,global,discrete,85,42.716,1,published_after_gate_recheck,16.730766743421555,4.629398230463266,10.0
100,readset,continuous,86,43.295,0,read_set_version_changed_at_gate,20.454675890505314,6.813005078583956,10.0
100,predicate,discrete,87,43.737,1,published_after_gate_recheck,18.054902087897062,4.741908982396126,10.0
100,readset,continuous,88,44.14,1,published_after_gate_recheck,17.386618070304394,4.498752765357494,10.0
100,global,continuous,89,44.87,1,published_after_gate_recheck,20.75054030865431,5.277333781123161,10.0
100,predicate,continuous,90,45.368,1,published_after_gate_recheck,19.01921210810542,5.086455028504133,10.0
100,readset,discrete,91,45.794,1,published_after_gate_recheck,20.614766981452703,7.776232901960611,10.0
100,predicate,discrete,92,46.369,1,published_after_gate_recheck,17.678084783256054,4.433849826455116,10.0
100,readset,continuous,93,46.686,1,published_after_gate_recheck,18.370384816080332,4.575436003506184,10.0
100,readset,continuous,94,47.038,1,published_after_gate_recheck,18.08154210448265,4.445032216608524,10.0
100,readset,discrete,95,47.58,1,published_after_gate_recheck,19.47199087589979,5.065827164798975,10.0
100,global,discrete,96,48.332,1,published_after_gate_recheck,17.864334397017956,4.287344869226217,10.0
100,readset,discrete,97,48.79,1,published_after_gate_recheck,20.436701830476522,5.03084110096097,10.0
100,readset,continuous,98,49.421,1,published_after_gate_recheck,16.759772319346666,4.607396200299263,10.0
100,predicate,discrete,99,49.872,1,published_after_gate_recheck,18.61777901649475,4.7580888494849205,10.0
100,predicate,continuous,100,50.433,1,published_after_gate_recheck,17.36508682370186,4.665385000407696,10.0
100,predicate,continuous,101,50.927,1,published_after_gate_recheck,18.770145252346992,4.42957179620862,10.0
100,readset,discrete,102,51.064,1,published_after_gate_recheck,18.221163656562567,5.208054091781378,10.0
100,predicate,continuous,103,51.959,1,published_after_gate_recheck,19.57937330007553,5.047732964158058,10.0
100,global,continuous,104,52.026,1,published_after_gate_recheck,19.330665934830904,5.000764038413763,10.0
100,global,continuous,105,52.933,1,published_after_gate_recheck,17.504438757896423,3.9026341401040554,10.0
100,readset,continuous,106,53.073,1,published_after_gate_recheck,17.69839320331812,4.126915242522955,10.0
100,predicate,discrete,107,53.593,1,published_after_gate_recheck,23.035417776554823,8.764368016272783,10.0
100,readset,continuous,108,54.492,1,published_after_gate_recheck,23.484150879085064,9.030777961015701,10.0
100,global,discrete,109,54.864,1,published_after_gate_recheck,17.621238250285387,4.459247924387455,10.0
100,global,discrete,110,55.259,1,published_after_gate_recheck,19.2003408446908,4.922837950289249,10.0
100,readset,discrete,111,55.867,1,published_after_gate_recheck,17.261524219065905,4.877353087067604,10.0
100,readset,continuous,112,56.483,1,published_after_gate_recheck,17.772512044757605,5.171584896743298,10.0
100,global,discrete,113,56.872,1,published_after_gate_recheck,19.322850741446018,5.676461849361658,10.0
100,global,continuous,114,57.263,1,published_after_gate_recheck,17.46750995516777,4.288306925445795,10.0
100,global,continuous,115,57.823,1,published_after_gate_recheck,17.513166181743145,4.410736728459597,10.0
100,predicate,continuous,116,58.402,1,published_after_gate_recheck,17.744238954037428,4.563635215163231,10.0
100,readset,continuous,117,58.541,1,published_after_gate_recheck,16.91367058083415,4.601344931870699,10.0
100,predicate,continuous,118,59.246,1,published_after_gate_recheck,16.116784885525703,4.352056887000799,10.0
100,predicate,discrete,119,59.835,1,published_after_gate_recheck,16.342669259756804,4.339223261922598,10.0
100,readset,discrete,120,60.138,1,published_after_gate_recheck,17.451819963753223,4.516405984759331,10.0
100,global,discrete,121,60.542,1,published_after_gate_recheck,17.027595080435276,4.3652416206896305,10.0
100,global,continuous,122,61.199,1,published_after_gate_recheck,21.94182714447379,4.9111670814454556,10.0
100,readset,discrete,123,61.846,1,published_after_gate_recheck,17.317788675427437,4.971259739249945,10.0
100,global,discrete,124,62.397,1,published_after_gate_recheck,24.742832873016596,5.346884019672871,10.0
100,global,continuous,125,62.761,1,published_after_gate_recheck,17.89345871657133,4.800529219210148,10.0
100,global,continuous,126,63.212,1,published_after_gate_recheck,17.128344159573317,4.248543176800013,10.0
100,global,discrete,127,63.952,1,published_after_gate_recheck,17.578048165887594,4.283236805349588,10.0
100,predicate,continuous,128,64.024,1,published_after_gate_recheck,17.159161157906055,4.544858820736408,10.0
100,predicate,discrete,129,64.801,1,published_after_gate_recheck,19.486648961901665,4.523299168795347,10.0
100,predicate,continuous,130,65.218,1,published_after_gate_recheck,15.39373816922307,4.359941463917494,10.0
100,readset,discrete,131,65.721,1,published_after_gate_recheck,18.665678333491087,4.8774126917123795,10.0
100,global,continuous,132,66.251,1,published_after_gate_recheck,17.96877011656761,4.445631988346577,10.0
100,predicate,continuous,133,66.807,1,published_after_gate_recheck,16.610570717602968,4.6349577605724335,10.0
100,global,continuous,134,67.401,1,published_after_gate_recheck,20.23352077230811,5.553903058171272,10.0
100,global,continuous,135,67.738,1,published_after_gate_recheck,16.544498037546873,4.343310836702585,10.0
100,readset,continuous,136,68.359,1,published_after_gate_recheck,23.426403291523457,4.92849899455905,10.0
100,readset,discrete,137,68.57,1,published_after_gate_recheck,18.54276843369007,5.727777723222971,10.0
100,predicate,discrete,138,69.25,1,published_after_gate_recheck,17.568569164723158,4.606163594871759,10.0
100,predicate,continuous,139,69.774,1,published_after_gate_recheck,17.90320733562112,4.811840131878853,10.0
100,predicate,continuous,140,70.457,1,published_after_gate_recheck,18.86451104655862,5.165063310414553,10.0
100,global,continuous,141,70.918,1,published_after_gate_recheck,15.881692990660667,4.338602069765329,10.0
100,predicate,discrete,142,71.31,1,published_after_gate_recheck,16.72185119241476,4.684421233832836,10.0
100,global,continuous,143,71.651,1,published_after_gate_recheck,18.969078082591295,4.860220942646265,10.0
100,global,discrete,144,72.5,1,published_after_gate_recheck,22.80566794797778,4.327692091464996,10.0
100,readset,continuous,145,72.59,1,published_after_gate_recheck,17.76429731398821,4.430615343153477,10.0
100,global,discrete,146,73.102,1,published_after_gate_recheck,19.81573598459363,4.1246009059250355,10.0
100,predicate,discrete,147,73.776,1,published_after_gate_recheck,17.362842801958323,4.532075021415949,10.0
100,global,continuous,148,74.146,1,published_after_gate_recheck,17.121038865298033,4.240719135850668,10.0
100,global,discrete,149,74.718,1,published_after_gate_recheck,22.104511968791485,4.7232238575816154,10.0
100,global,discrete,150,75.221,1,published_after_gate_recheck,16.69928804039955,4.530081991106272,10.0
100,predicate,continuous,151,75.56,1,published_after_gate_recheck,18.60192883759737,4.800397902727127,10.0
100,global,discrete,152,76.033,1,published_after_gate_recheck,16.215580981224775,4.395438823848963,10.0
100,readset,discrete,153,76.645,1,published_after_gate_recheck,17.894131131470203,4.503991920500994,10.0
100,global,continuous,154,77.118,1,published_after_gate_recheck,17.35525904223323,4.654514603316784,10.0
100,global,continuous,155,77.674,1,published_after_gate_recheck,18.334166146814823,4.15766192600131,10.0
100,readset,discrete,156,78.372,1,published_after_gate_recheck,17.813439015299082,4.7843679785728455,10.0
100,global,continuous,157,78.896,0,context_version_changed_at_publish,19.907368812710047,6.212387699633837,10.0
100,readset,continuous,158,79.353,1,published_after_gate_recheck,18.157244194298983,5.0135888159275055,10.0
100,global,discrete,159,79.637,1,published_after_gate_recheck,17.937611788511276,4.880659747868776,10.0
100,global,continuous,160,80.042,1,published_after_gate_recheck,17.462840769439936,5.047373007982969,10.0
100,predicate,continuous,161,80.754,1,published_after_gate_recheck,15.592722222208977,4.469748120754957,10.0
100,readset,discrete,162,81.365,1,published_after_gate_recheck,17.99053093418479,4.4896649196743965,10.0
100,readset,discrete,163,81.891,1,published_after_gate_recheck,18.096569925546646,4.845533985644579,10.0
100,global,discrete,164,82.28,1,published_after_gate_recheck,18.669574987143278,4.51540295034647,10.0
100,predicate,discrete,165,82.883,1,published_after_gate_recheck,17.438435927033424,4.706101026386023,10.0
100,readset,discrete,166,83.21,1,published_after_gate_recheck,17.210036981850863,4.362758249044418,10.0
100,predicate,continuous,167,83.783,1,published_after_gate_recheck,17.673717346042395,4.4901869259774685,10.0
100,global,discrete,168,84.223,1,published_after_gate_recheck,16.98150811716914,4.440704360604286,10.0
100,readset,continuous,169,84.72,1,published_after_gate_recheck,17.805534414947033,4.559516441076994,10.0
100,readset,discrete,170,85.308,1,published_after_gate_recheck,17.053502146154642,4.354652017354965,10.0
100,global,continuous,171,85.829,1,published_after_gate_recheck,19.385167863219976,5.135477054864168,10.0
100,predicate,continuous,172,86.232,1,published_after_gate_recheck,16.15863386541605,4.167900886386633,10.0
100,global,discrete,173,86.656,1,published_after_gate_recheck,18.219541292637587,4.695021081715822,10.0
100,predicate,continuous,174,87.087,1,published_after_gate_recheck,19.465710036456585,4.775771871209145,10.0
100,predicate,discrete,175,87.509,1,published_after_gate_recheck,18.002092838287354,4.991326946765184,10.0
100,predicate,discrete,176,88.184,1,published_after_gate_recheck,17.71976286545396,4.575876984745264,10.0
100,predicate,continuous,177,88.765,1,published_after_gate_recheck,19.594913348555565,4.914041608572006,10.0
100,readset,discrete,178,89.045,1,published_after_gate_recheck,17.134235240519047,4.475770052522421,10.0
100,global,discrete,179,89.61,1,published_after_gate_recheck,17.49020302668214,4.45912778377533,10.0
100,global,continuous,180,90.299,1,published_after_gate_recheck,26.200918946415186,4.909834358841181,10.0
100,readset,discrete,181,90.794,1,published_after_gate_recheck,20.129505079239607,6.6709378734230995,10.0
100,predicate,discrete,182,91.23,1,published_after_gate_recheck,16.98890095576644,4.721018951386213,10.0
100,global,continuous,183,91.865,1,published_after_gate_recheck,17.13283220306039,4.69462014734745,10.0
100,readset,continuous,184,92.407,1,published_after_gate_recheck,19.701071083545685,4.689240362495184,10.0
100,predicate,continuous,185,92.757,1,published_after_gate_recheck,19.80142993852496,4.731819964945316,10.0
100,global,discrete,186,93.413,1,published_after_gate_recheck,16.381291206926107,4.608858842402697,10.0
100,global,discrete,187,93.595,0,context_version_changed_at_publish,19.24144895747304,6.925276014953852,10.0
100,global,discrete,188,94.373,1,published_after_gate_recheck,17.675751354545355,4.972551949322224,10.0
100,global,discrete,189,94.697,0,context_version_changed_at_publish,18.61532311886549,5.575302988290787,10.0
100,global,continuous,190,95.141,1,published_after_gate_recheck,17.08007324486971,4.300700034946203,10.0
100,global,discrete,191,95.708,1,published_after_gate_recheck,16.48895302787423,4.087069071829319,10.0
100,global,discrete,192,96.174,1,published_after_gate_recheck,19.786611665040255,4.362836945801973,10.0
100,global,discrete,193,96.848,1,published_after_gate_recheck,18.951343838125467,4.861311987042427,10.0
100,readset,discrete,194,97.053,1,published_after_gate_recheck,16.29292592406273,4.543837159872055,10.0
100,predicate,continuous,195,97.559,1,published_after_gate_recheck,17.827735748142004,4.391080234199762,10.0
100,predicate,continuous,196,98.064,1,published_after_gate_recheck,19.037806894630194,4.342739935964346,10.0
100,global,discrete,197,98.823,1,published_after_gate_recheck,19.463416188955307,4.400037229061127,10.0
100,readset,discrete,198,99.111,1,published_after_gate_recheck,17.692773137241602,4.280362743884325,10.0
100,predicate,continuous,199,99.736,1,published_after_gate_recheck,18.171170260757208,4.279361106455326,10.0
100,global,continuous,200,100.292,0,context_version_changed_at_publish,21.914274897426367,8.882919792085886,10.0
100,global,discrete,201,100.555,1,published_after_gate_recheck,19.36478028073907,4.978702869266272,10.0
100,predicate,continuous,202,101.279,1,published_after_gate_recheck,17.393911723047495,4.66218963265419,10.0
100,global,discrete,203,101.594,0,context_version_changed_at_publish,21.511708851903677,6.417633034288883,10.0
100,readset,continuous,204,102.435,1,published_after_gate_recheck,17.091074027121067,4.396561067551374,10.0
100,readset,discrete,205,102.779,1,published_after_gate_recheck,17.88392197340727,5.072980187833309,10.0
100,predicate,discrete,206,103.276,1,published_after_gate_recheck,18.865843769162893,4.313393961638212,10.0
100,predicate,discrete,207,103.819,1,published_after_gate_recheck,17.076537013053894,4.229195881634951,10.0
100,predicate,discrete,208,104.443,1,published_after_gate_recheck,17.490291967988014,4.83420304954052,10.0
100,global,continuous,209,104.822,1,published_after_gate_recheck,17.533313017338514,4.376052413135767,10.0
100,predicate,discrete,210,105.356,1,published_after_gate_recheck,17.58321700617671,4.794115666300058,10.0
100,global,continuous,211,105.756,1,published_after_gate_recheck,16.367244999855757,4.112908151000738,10.0
100,global,continuous,212,106.285,1,published_after_gate_recheck,18.87306710705161,4.751876927912235,10.0
100,predicate,continuous,213,106.838,1,published_after_gate_recheck,17.741964664310217,4.929881077259779,10.0
100,global,discrete,214,107.11,1,published_after_gate_recheck,16.906736884266138,4.898161627352238,10.0
100,global,discrete,215,107.723,1,published_after_gate_recheck,17.79312128201127,4.823772236704826,10.0
100,predicate,continuous,216,108.457,1,published_after_gate_recheck,18.766126595437527,5.1313890144228935,10.0
100,global,discrete,217,108.879,1,published_after_gate_recheck,16.575424931943417,4.23417566344142,10.0
100,predicate,discrete,218,109.235,1,published_after_gate_recheck,17.755990847945213,5.068561062216759,10.0
100,predicate,continuous,219,109.714,1,published_after_gate_recheck,17.56834890693426,4.61525097489357,10.0
100,predicate,continuous,220,110.336,1,published_after_gate_recheck,16.999130602926016,4.791921935975552,10.0
100,global,discrete,221,110.725,1,published_after_gate_recheck,17.217971850186586,4.7609140165150166,10.0
100,readset,continuous,222,111.415,1,published_after_gate_recheck,17.810875084251165,4.752588924020529,10.0
100,readset,discrete,223,111.661,1,published_after_gate_recheck,16.551600769162178,4.3443129397928715,10.0
100,readset,discrete,224,112.035,1,published_after_gate_recheck,18.376365769654512,5.024758633226156,10.0
100,global,continuous,225,112.736,1,published_after_gate_recheck,21.512319799512625,5.156046245247126,10.0
100,readset,discrete,226,113.473,1,published_after_gate_recheck,18.895018845796585,4.822108894586563,10.0
100,readset,discrete,227,113.815,1,published_after_gate_recheck,16.75873901695013,4.571048077195883,10.0
100,readset,continuous,228,114.245,1,published_after_gate_recheck,16.97627827525139,4.394747316837311,10.0
100,readset,continuous,229,114.583,1,published_after_gate_recheck,18.620473332703114,5.431122146546841,10.0
100,predicate,discrete,230,115.075,1,published_after_gate_recheck,18.668033182621002,4.751316737383604,10.0
100,predicate,discrete,231,115.668,1,published_after_gate_recheck,18.08934658765793,4.691994749009609,10.0
100,global,discrete,232,116.449,1,published_after_gate_recheck,17.33220601454377,4.737069830298424,10.0
100,readset,continuous,233,116.537,1,published_after_gate_recheck,15.51759010180831,4.4427369721233845,10.0
100,readset,discrete,234,117.317,1,published_after_gate_recheck,16.20694389566779,3.949351143091917,10.0
100,predicate,continuous,235,117.552,1,published_after_gate_recheck,16.030192840844393,4.009574186056852,10.0
100,predicate,discrete,236,118.455,1,published_after_gate_recheck,17.596512101590633,4.637321922928095,10.0
100,predicate,continuous,237,118.663,1,published_after_gate_recheck,16.009174287319183,3.899168223142624,10.0
100,readset,continuous,238,119.114,1,published_after_gate_recheck,16.92224619910121,4.801300819963217,10.0
100,predicate,discrete,239,119.673,1,published_after_gate_recheck,17.060826998203993,4.6645039692521095,10.0
100,predicate,discrete,240,120.109,1,published_after_gate_recheck,15.768531244248152,4.336067009717226,10.0
100,global,discrete,241,120.858,1,published_after_gate_recheck,18.232375383377075,4.968924913555384,10.0
100,global,discrete,242,121.107,1,published_after_gate_recheck,16.66431175544858,4.914452321827412,10.0
100,global,continuous,243,121.746,1,published_after_gate_recheck,15.45601524412632,4.315538797527552,10.0
100,global,continuous,244,122.019,1,published_after_gate_recheck,15.265356749296188,4.486650228500366,10.0
100,predicate,discrete,245,122.612,1,published_after_gate_recheck,16.808302141726017,4.631401970982552,10.0
100,global,discrete,246,123.065,1,published_after_gate_recheck,17.777491826564074,4.871272016316652,10.0
100,predicate,discrete,247,123.833,1,published_after_gate_recheck,17.086675856262445,4.285012371838093,10.0
100,readset,discrete,248,124.072,1,published_after_gate_recheck,16.39821333810687,4.068274050951004,10.0
100,readset,discrete,249,124.632,1,published_after_gate_recheck,17.476445995271206,5.189978983253241,10.0
100,readset,discrete,250,125.11,1,published_after_gate_recheck,18.278270959854126,4.452795721590519,10.0
100,global,discrete,251,125.853,1,published_after_gate_recheck,16.903051175177097,4.652400966733694,10.0
100,predicate,continuous,252,126.488,1,published_after_gate_recheck,21.427661180496216,5.069352686405182,10.0
100,predicate,continuous,253,126.852,1,published_after_gate_recheck,16.24194998294115,4.27844887599349,10.0
100,global,discrete,254,127.45,1,published_after_gate_recheck,19.51415091753006,4.689791239798069,10.0
100,readset,continuous,255,127.508,1,published_after_gate_recheck,15.618038829416037,4.538156092166901,10.0
100,global,continuous,256,128.224,1,published_after_gate_recheck,15.820208005607128,4.308114759624004,10.0
100,global,continuous,257,128.75,1,published_after_gate_recheck,16.413311008363962,4.789808765053749,10.0
100,global,discrete,258,129.257,1,published_after_gate_recheck,16.899564303457737,4.604801069945097,10.0
100,predicate,continuous,259,129.969,1,published_after_gate_recheck,19.299476873129606,5.091064143925905,10.0
100,readset,discrete,260,130.122,1,published_after_gate_recheck,25.90899122878909,5.236627068370581,10.0
100,readset,discrete,261,130.633,1,published_after_gate_recheck,17.799162305891514,4.800609312951565,10.0
100,predicate,discrete,262,131.389,1,published_after_gate_recheck,19.550498109310865,5.457691848278046,10.0
100,predicate,discrete,263,131.593,1,published_after_gate_recheck,20.112723112106323,8.015722036361694,10.0
100,readset,discrete,264,132.486,1,published_after_gate_recheck,16.941682901233435,4.429953172802925,10.0
100,global,continuous,265,132.929,1,published_after_gate_recheck,16.48549735546112,4.059068392962217,10.0
100,predicate,discrete,266,133.088,1,published_after_gate_recheck,18.316293135285378,5.084962584078312,10.0
100,predicate,discrete,267,133.593,1,published_after_gate_recheck,20.376428961753845,7.880658842623234,10.0
100,global,discrete,268,134.343,1,published_after_gate_recheck,15.941726043820381,4.343630746006966,10.0
100,predicate,continuous,269,134.831,1,published_after_gate_recheck,19.14443587884307,4.666868131607771,10.0
100,predicate,discrete,270,135.252,1,published_after_gate_recheck,15.182542148977518,4.2803422547876835,10.0
100,predicate,discrete,271,135.811,1,published_after_gate_recheck,16.396690160036087,4.857806023210287,10.0
100,global,continuous,272,136.098,1,published_after_gate_recheck,22.545249201357365,4.3921819888055325,10.0
100,predicate,continuous,273,136.957,1,published_after_gate_recheck,17.749518621712923,6.104745902121067,10.0
100,predicate,continuous,274,137.162,1,published_after_gate_recheck,16.47323416545987,4.72980597987771,10.0
100,readset,discrete,275,137.856,1,published_after_gate_recheck,15.99873322993517,4.3358770199120045,10.0
100,predicate,discrete,276,138.23,1,published_after_gate_recheck,17.695236951112747,5.240403581410646,10.0
100,readset,discrete,277,138.607,1,published_after_gate_recheck,17.500902991741896,4.574785009026527,10.0
100,predicate,discrete,278,139.191,1,published_after_gate_recheck,23.651503957808018,8.84732324630022,10.0
100,global,discrete,279,139.848,1,published_after_gate_recheck,18.66961596533656,5.599728785455227,10.0
100,global,discrete,280,140.264,1,published_after_gate_recheck,22.365791723132133,4.633023869246244,10.0
100,global,continuous,281,140.967,1,published_after_gate_recheck,17.47871097177267,4.371965304017067,10.0
100,predicate,continuous,282,141.394,1,published_after_gate_recheck,19.302683882415295,5.966026335954666,10.0
100,global,discrete,283,141.679,1,published_after_gate_recheck,17.97894900664687,5.0073969177901745,10.0
100,global,continuous,284,142.133,1,published_after_gate_recheck,15.852268785238266,4.580245818942785,10.0
100,global,continuous,285,142.728,1,published_after_gate_recheck,17.505710944533348,4.731929861009121,10.0
100,predicate,continuous,286,143.06,1,published_after_gate_recheck,17.40865921601653,4.330918192863464,10.0
100,readset,discrete,287,143.637,1,published_after_gate_recheck,17.052821349352598,4.810999147593975,10.0
100,predicate,discrete,288,144.147,1,published_after_gate_recheck,18.22799677029252,4.146872088313103,10.0
100,global,continuous,289,144.543,1,published_after_gate_recheck,17.540697008371353,4.653383046388626,10.0
100,readset,discrete,290,145.301,1,published_after_gate_recheck,20.298361778259277,4.7613950446248055,10.0
100,predicate,continuous,291,145.5,1,published_after_gate_recheck,28.535008896142244,8.182895835489035,10.0
100,readset,discrete,292,146.146,1,published_after_gate_recheck,18.503875005990267,4.535782150924206,10.0
100,global,discrete,293,146.953,1,published_after_gate_recheck,16.840714029967785,4.370652139186859,10.0
100,readset,continuous,294,147.473,1,published_after_gate_recheck,18.7226845882833,4.666887689381838,10.0
100,predicate,continuous,295,147.649,1,published_after_gate_recheck,18.568516243249178,4.96020819991827,10.0
100,readset,continuous,296,148.466,1,published_after_gate_recheck,18.165699671953917,5.015152040868998,10.0
100,readset,continuous,297,148.515,1,published_after_gate_recheck,15.418054070323706,4.501969087868929,10.0
100,readset,discrete,298,149.403,1,published_after_gate_recheck,16.999651212245226,4.703226033598185,10.0
100,global,continuous,299,149.535,1,published_after_gate_recheck,16.331066843122244,4.689880646765232,10.0
100,global,continuous,300,150.478,1,published_after_gate_recheck,18.11777986586094,4.930812865495682,10.0
100,readset,continuous,301,150.957,1,published_after_gate_recheck,17.773383762687445,4.693367052823305,10.0
100,predicate,discrete,302,151.153,1,published_after_gate_recheck,16.622985247522593,4.691082984209061,10.0
100,readset,continuous,303,151.928,1,published_after_gate_recheck,22.382994182407856,5.063692573457956,10.0
100,readset,continuous,304,152.49,1,published_after_gate_recheck,17.896845936775208,3.987112082540989,10.0
100,global,discrete,305,152.825,1,published_after_gate_recheck,20.233330316841602,5.096273962408304,10.0
100,global,continuous,306,153.075,1,published_after_gate_recheck,23.16769678145647,5.044616758823395,10.0
100,global,discrete,307,153.866,1,published_after_gate_recheck,16.238873824477196,4.282286856323481,10.0
100,global,discrete,308,154.311,1,published_after_gate_recheck,15.324388165026903,4.292795900255442,10.0
100,global,continuous,309,154.59,1,published_after_gate_recheck,16.7515161447227,4.735908005386591,10.0
100,predicate,discrete,310,155.225,1,published_after_gate_recheck,17.908005975186825,5.035589914768934,10.0
100,predicate,discrete,311,155.533,1,published_after_gate_recheck,16.84446120634675,4.746287129819393,10.0
100,predicate,discrete,312,156.47,1,published_after_gate_recheck,17.27316528558731,4.146200604736805,10.0
100,predicate,discrete,313,156.749,1,published_after_gate_recheck,16.47078013047576,4.144538193941116,10.0
100,predicate,discrete,314,157.194,1,published_after_gate_recheck,19.67147598043084,7.313665002584457,10.0
100,predicate,discrete,315,157.629,1,published_after_gate_recheck,18.44647666439414,4.465659614652395,10.0
100,readset,discrete,316,158.396,1,published_after_gate_recheck,18.642394337803125,5.585211329162121,10.0
100,global,discrete,317,158.553,1,published_after_gate_recheck,19.023240078240633,4.5014480128884315,10.0
100,readset,continuous,318,159.091,1,published_after_gate_recheck,18.15607165917754,5.188416223973036,10.0
100,readset,discrete,319,159.756,1,published_after_gate_recheck,17.832994926720858,5.019218660891056,10.0
100,global,discrete,320,160.185,1,published_after_gate_recheck,17.56973098963499,4.841955844312906,10.0
100,readset,continuous,321,160.98,1,published_after_gate_recheck,18.90222169458866,4.798565059900284,10.0
100,predicate,continuous,322,161.304,1,published_after_gate_recheck,17.347454093396664,5.045859143137932,10.0
100,predicate,discrete,323,161.779,1,published_after_gate_recheck,17.22539495676756,4.5496877282857895,10.0
100,readset,continuous,324,162.408,1,published_after_gate_recheck,17.197662964463234,4.947785288095474,10.0
100,global,discrete,325,162.78,1,published_after_gate_recheck,16.893943771719933,4.455061163753271,10.0
100,predicate,discrete,326,163.007,1,published_after_gate_recheck,18.339616246521473,5.186824128031731,10.0
100,readset,discrete,327,163.542,1,published_after_gate_recheck,17.245111986994743,4.464027006179094,10.0
100,predicate,discrete,328,164.277,1,published_after_gate_recheck,17.901733983308077,4.678170196712017,10.0
100,readset,discrete,329,164.743,1,published_after_gate_recheck,19.36565199866891,4.349742084741592,10.0
100,readset,discrete,330,165.315,1,published_after_gate_recheck,16.650126315653324,4.341047257184982,10.0
100,readset,continuous,331,165.741,1,published_after_gate_recheck,20.980913192033768,5.093579180538654,10.0
100,readset,discrete,332,166.43,1,published_after_gate_recheck,17.128783743828535,4.686033818870783,10.0
100,predicate,discrete,333,166.912,1,published_after_gate_recheck,16.71463716775179,4.263320937752724,10.0
100,global,discrete,334,167.436,1,published_after_gate_recheck,17.860868014395237,4.573493264615536,10.0
100,global,continuous,335,167.943,1,published_after_gate_recheck,16.01306116208434,3.950393758714199,10.0
100,readset,continuous,336,168.15,1,published_after_gate_recheck,18.385441973805428,4.946362227201462,10.0
100,global,discrete,337,168.838,1,published_after_gate_recheck,19.154123961925507,5.787902045994997,10.0
100,global,discrete,338,169.219,1,published_after_gate_recheck,17.628220841288567,5.0314320251345634,10.0
100,predicate,discrete,339,169.991,1,published_after_gate_recheck,53.914076182991266,4.9184695817530155,10.0
100,predicate,discrete,340,170.112,1,published_after_gate_recheck,18.551594112068415,4.712603986263275,10.0
100,global,discrete,341,170.53,1,published_after_gate_recheck,17.296629026532173,4.547805059701204,10.0
100,global,discrete,342,171.375,1,published_after_gate_recheck,16.84896880760789,4.3992758728563786,10.0
100,global,continuous,343,171.811,1,published_after_gate_recheck,18.207688815891743,4.941081628203392,10.0
100,global,continuous,344,172.209,1,published_after_gate_recheck,16.87207305803895,4.569544922560453,10.0
100,global,discrete,345,172.72,1,published_after_gate_recheck,16.720878891646862,4.551161080598831,10.0
100,global,continuous,346,173.415,1,published_after_gate_recheck,18.93767900764942,4.657689947634935,10.0
100,readset,continuous,347,173.838,1,published_after_gate_recheck,17.291328869760036,4.336148034781218,10.0
100,readset,discrete,348,174.436,1,published_after_gate_recheck,16.427537892013788,4.5248218812048435,10.0
100,global,continuous,349,174.51,1,published_after_gate_recheck,18.20665691047907,4.541141912341118,10.0
100,global,continuous,350,175.281,1,published_after_gate_recheck,18.22348916903138,4.900156054645777,10.0
100,readset,continuous,351,175.935,1,published_after_gate_recheck,16.742580104619265,4.66924300417304,10.0
100,readset,continuous,352,176.037,1,published_after_gate_recheck,18.970901146531105,5.757185164839029,10.0
100,readset,continuous,353,176.94,1,published_after_gate_recheck,16.716040205210447,4.455922171473503,10.0
100,readset,discrete,354,177.455,1,published_after_gate_recheck,22.68637390807271,4.8048170283436775,10.0
100,predicate,discrete,355,177.842,1,published_after_gate_recheck,17.49197579920292,4.354482050985098,10.0
100,readset,discrete,356,178.374,1,published_after_gate_recheck,17.490943893790245,4.577920772135258,10.0
100,readset,continuous,357,178.897,1,published_after_gate_recheck,23.65361899137497,4.85119316726923,10.0
100,predicate,discrete,358,179.332,1,published_after_gate_recheck,17.189377918839455,4.950791131705046,10.0
100,predicate,continuous,359,179.886,1,published_after_gate_recheck,17.71676680073142,4.941893741488457,10.0
100,global,discrete,360,180.239,1,published_after_gate_recheck,17.075142823159695,4.610341973602772,10.0
100,readset,continuous,361,180.644,1,published_after_gate_recheck,16.217353753745556,4.131303168833256,10.0
100,readset,discrete,362,181.237,1,published_after_gate_recheck,15.322715044021606,4.003854002803564,10.0
100,predicate,discrete,363,181.555,1,published_after_gate_recheck,17.35897595062852,4.702664911746979,10.0
100,predicate,continuous,364,182.211,1,published_after_gate_recheck,16.289048362523317,4.651648923754692,10.0
100,readset,continuous,365,182.941,1,published_after_gate_recheck,17.34662288799882,5.133343860507011,10.0
100,predicate,discrete,366,183.338,1,published_after_gate_recheck,17.203564755618572,4.333641845732927,10.0
100,readset,continuous,367,183.716,1,published_after_gate_recheck,17.15469267219305,4.328863695263863,10.0
100,predicate,continuous,368,184.455,1,published_after_gate_recheck,17.527822870761156,4.860841669142246,10.0
100,predicate,continuous,369,184.914,1,published_after_gate_recheck,17.573317978531122,4.75686602294445,10.0
100,readset,continuous,370,185.305,1,published_after_gate_recheck,17.893589101731777,5.194467958062887,10.0
100,global,continuous,371,185.623,1,published_after_gate_recheck,21.241652313619852,6.6121891140937805,10.0
100,global,continuous,372,186.298,1,published_after_gate_recheck,24.42729100584984,4.551952704787254,10.0
100,global,continuous,373,186.529,1,published_after_gate_recheck,19.505144096910954,5.175773054361343,10.0
100,predicate,continuous,374,187.321,1,published_after_gate_recheck,16.415986232459545,4.193218890577555,10.0
100,readset,continuous,375,187.873,1,published_after_gate_recheck,18.964529037475586,4.843549802899361,10.0
100,global,continuous,376,188.044,1,published_after_gate_recheck,26.938884053379297,4.811860155314207,10.0
100,global,continuous,377,188.839,1,published_after_gate_recheck,17.153090331703424,4.558625165373087,10.0
100,global,discrete,378,189.172,1,published_after_gate_recheck,17.753195948898792,4.433950874954462,10.0
100,predicate,discrete,379,189.682,1,published_after_gate_recheck,18.50583776831627,5.993728060275316,10.0
100,global,discrete,380,190.03,1,published_after_gate_recheck,17.18745520338416,4.7768340446054935,10.0
100,predicate,discrete,381,190.835,1,published_after_gate_recheck,17.735532950609922,4.725447855889797,10.0
100,readset,discrete,382,191.347,1,published_after_gate_recheck,18.12377106398344,4.721940960735083,10.0
100,predicate,discrete,383,191.808,1,published_after_gate_recheck,16.90980326384306,4.833900835365057,10.0
100,global,continuous,384,192.209,1,published_after_gate_recheck,16.847226303070784,4.256817977875471,10.0
100,readset,continuous,385,192.997,1,published_after_gate_recheck,23.155683651566505,4.948065150529146,10.0
100,readset,continuous,386,193.02,1,published_after_gate_recheck,17.40947086364031,4.916866775602102,10.0
100,global,discrete,387,193.64,1,published_after_gate_recheck,21.12237922847271,7.012900430709124,10.0
100,predicate,discrete,388,194.349,1,published_after_gate_recheck,17.971775960177183,4.570677876472473,10.0
100,predicate,discrete,389,194.689,1,published_after_gate_recheck,17.661002930253744,4.737921990454197,10.0
100,readset,continuous,390,195.063,1,published_after_gate_recheck,17.46317185461521,4.657790996134281,10.0
100,predicate,discrete,391,195.527,1,published_after_gate_recheck,18.09578901156783,4.994453396648169,10.0
100,predicate,continuous,392,196.144,1,published_after_gate_recheck,18.544810824096203,4.998390097171068,10.0
100,global,continuous,393,196.573,1,published_after_gate_recheck,21.910025738179684,5.195830017328262,10.0
100,predicate,discrete,394,197.17,1,published_after_gate_recheck,20.400704350322485,5.076596979051828,10.0
100,global,continuous,395,197.856,1,published_after_gate_recheck,17.833266872912645,4.8236120492219925,10.0
100,global,continuous,396,198.139,1,published_after_gate_recheck,17.733810003846884,4.6296678483486176,10.0
100,predicate,discrete,397,198.872,1,published_after_gate_recheck,17.49412901699543,4.3708826415240765,10.0
100,readset,discrete,398,199.439,1,published_after_gate_recheck,17.208463978022337,4.965940024703741,10.0
100,readset,discrete,399,199.817,1,published_after_gate_recheck,16.44777599722147,4.113298840820789,10.0
100,global,discrete,400,200.059,1,published_after_gate_recheck,18.446466885507107,4.783916752785444,10.0
100,readset,continuous,401,200.611,1,published_after_gate_recheck,17.473460640758276,4.598849918693304,10.0
100,readset,continuous,402,201.199,1,published_after_gate_recheck,19.639977253973484,4.597527906298637,10.0
100,readset,continuous,403,201.741,1,published_after_gate_recheck,18.62620422616601,4.553776234388351,10.0
100,global,discrete,404,202.401,1,published_after_gate_recheck,20.213032141327858,4.224848002195358,10.0
100,global,continuous,405,202.515,1,published_after_gate_recheck,16.13164274021983,4.438568837940693,10.0
100,predicate,continuous,406,203.2,1,published_after_gate_recheck,21.097721997648478,4.452976863831282,10.0
100,predicate,discrete,407,203.833,1,published_after_gate_recheck,19.015373662114143,4.823442082852125,10.0
100,predicate,discrete,408,204.282,1,published_after_gate_recheck,18.247894942760468,4.927987698465586,10.0
100,global,discrete,409,204.583,1,published_after_gate_recheck,20.17764514312148,6.546956952661276,10.0
100,predicate,discrete,410,205.319,1,published_after_gate_recheck,16.531954985111952,4.640758968889713,10.0
100,global,continuous,411,205.807,1,published_after_gate_recheck,17.066266853362322,4.767326172441244,10.0
100,predicate,continuous,412,206.133,1,published_after_gate_recheck,18.256499897688627,5.106012336909771,10.0
100,global,continuous,413,206.879,1,published_after_gate_recheck,16.27412997186184,4.143135156482458,10.0
100,global,discrete,414,207.333,1,published_after_gate_recheck,17.697973176836967,4.063103813678026,10.0
100,predicate,continuous,415,207.501,1,published_after_gate_recheck,21.221104077994823,5.889492109417915,10.0
100,readset,discrete,416,208.407,1,published_after_gate_recheck,17.052169889211655,4.640097729861736,10.0
100,readset,discrete,417,208.679,1,published_after_gate_recheck,16.786671709269285,4.507159348577261,10.0
100,global,continuous,418,209.488,1,published_after_gate_recheck,16.786862164735794,4.726629704236984,10.0
100,predicate,discrete,419,209.685,1,published_after_gate_recheck,20.348936785012484,5.3506409749388695,10.0
100,global,continuous,420,210.452,1,published_after_gate_recheck,17.63956295326352,4.418923053890467,10.0
100,global,discrete,421,210.853,1,published_after_gate_recheck,19.025554414838552,5.0675999373197556,10.0
100,predicate,discrete,422,211.147,1,published_after_gate_recheck,18.094405997544527,4.604159854352474,10.0
100,global,continuous,423,211.899,1,published_after_gate_recheck,21.3807737454772,4.579625092446804,10.0
100,global,continuous,424,212.454,1,published_after_gate_recheck,18.691937904804945,4.883123096078634,10.0
100,global,discrete,425,212.501,1,published_after_gate_recheck,17.628271132707596,4.466012120246887,10.0
100,readset,discrete,426,213.16,1,published_after_gate_recheck,17.52156112343073,4.843058064579964,10.0
100,readset,discrete,427,213.684,1,published_after_gate_recheck,17.57719600573182,4.6553462743759155,10.0
100,readset,discrete,428,214.147,1,published_after_gate_recheck,18.08514865115285,4.471892025321722,10.0
100,global,continuous,429,214.598,1,published_after_gate_recheck,22.29516999796033,4.919501952826977,10.0
100,predicate,continuous,430,215.265,1,published_after_gate_recheck,17.873501405119896,4.481379874050617,10.0
100,predicate,continuous,431,215.548,1,published_after_gate_recheck,17.784875817596912,5.017385818064213,10.0
100,readset,continuous,432,216.357,1,published_after_gate_recheck,28.086486738175154,12.332934886217117,10.0
100,predicate,discrete,433,216.625,1,published_after_gate_recheck,17.763545271009207,4.386322107166052,10.0
100,readset,discrete,434,217.001,1,published_after_gate_recheck,17.218352295458317,4.548745695501566,10.0
100,predicate,discrete,435,217.525,1,published_after_gate_recheck,18.254497088491917,5.01587288454175,10.0
100,predicate,continuous,436,218.024,1,published_after_gate_recheck,17.05089770257473,4.640548024326563,10.0
100,predicate,discrete,437,218.875,1,published_after_gate_recheck,16.438488848507404,4.417529795318842,10.0
100,readset,discrete,438,219.434,1,published_after_gate_recheck,17.702150158584118,4.8171100206673145,10.0
100,predicate,continuous,439,219.534,1,published_after_gate_recheck,16.369939781725407,4.1979169473052025,10.0
100,readset,continuous,440,220.053,1,published_after_gate_recheck,17.127782106399536,4.749693907797337,10.0
100,predicate,continuous,441,220.678,1,published_after_gate_recheck,17.515941057354212,4.9062068574130535,10.0
100,predicate,discrete,442,221.493,1,published_after_gate_recheck,20.325512625277042,7.193839643150568,10.0
100,predicate,discrete,443,221.814,1,published_after_gate_recheck,16.635078005492687,4.606585018336773,10.0
100,readset,discrete,444,222.277,1,published_after_gate_recheck,20.37664921954274,5.5130659602582455,10.0
100,readset,discrete,445,222.509,1,published_after_gate_recheck,26.70654794201255,5.9379031881690025,10.0
100,readset,continuous,446,223.013,1,published_after_gate_recheck,15.909716952592134,3.992272075265646,10.0
100,predicate,continuous,447,223.979,1,published_after_gate_recheck,17.668847925961018,4.72587812691927,10.0
100,readset,discrete,448,224.396,1,published_after_gate_recheck,19.88482614979148,6.421880796551704,10.0
100,predicate,continuous,449,224.822,1,published_after_gate_recheck,17.516932915896177,4.579182714223862,10.0
100,readset,continuous,450,225.005,1,published_after_gate_recheck,17.54169911146164,5.015812814235687,10.0
100,predicate,continuous,451,225.681,1,published_after_gate_recheck,19.309326075017452,4.923750180751085,10.0
100,readset,continuous,452,226.062,1,published_after_gate_recheck,17.304263077676296,4.6734497882425785,10.0
100,readset,continuous,453,226.764,1,published_after_gate_recheck,17.352874856442213,4.828131292015314,10.0
100,readset,discrete,454,227.224,1,published_after_gate_recheck,16.706551890820265,4.326368682086468,10.0
100,readset,continuous,455,227.531,1,published_after_gate_recheck,19.214998930692673,4.440752789378166,10.0
100,readset,discrete,456,228.414,1,published_after_gate_recheck,17.004460096359253,4.164855927228928,10.0
100,global,discrete,457,228.898,1,published_after_gate_recheck,20.50445880740881,4.725276958197355,10.0
100,predicate,discrete,458,229.247,1,published_after_gate_recheck,17.538812942802906,4.328201990574598,10.0
100,readset,continuous,459,229.677,1,published_after_gate_recheck,16.895575914531946,4.516495857387781,10.0
100,readset,continuous,460,230.486,1,published_after_gate_recheck,18.18449515849352,4.493913147598505,10.0
100,global,discrete,461,230.861,1,published_after_gate_recheck,16.173501033335924,4.208608064800501,10.0
100,predicate,discrete,462,231.138,1,published_after_gate_recheck,17.023486085236073,4.49750991538167,10.0
100,predicate,discrete,463,231.811,1,published_after_gate_recheck,17.51204300671816,4.775742068886757,10.0
100,predicate,continuous,464,232.066,1,published_after_gate_recheck,18.979706801474094,5.096553824841976,10.0
100,global,continuous,465,232.649,1,published_after_gate_recheck,18.576992210000753,4.789647646248341,10.0
100,predicate,continuous,466,233.276,1,published_after_gate_recheck,17.49058300629258,5.162218119949102,10.0
100,readset,continuous,467,233.986,1,published_after_gate_recheck,19.187869038432837,4.629508126527071,10.0
100,predicate,continuous,468,234.135,1,published_after_gate_recheck,20.524978172034025,4.756045062094927,10.0
100,predicate,continuous,469,234.589,1,published_after_gate_recheck,18.38550204411149,4.822270013391972,10.0
100,readset,discrete,470,235.166,1,published_after_gate_recheck,18.05155584588647,4.966318607330322,10.0
100,readset,discrete,471,235.696,1,published_after_gate_recheck,19.200140610337257,6.816331297159195,10.0
100,global,continuous,472,236.207,1,published_after_gate_recheck,15.875441953539848,4.258491098880768,10.0
100,readset,continuous,473,236.809,1,published_after_gate_recheck,18.038351088762283,4.860802087932825,10.0
100,global,continuous,474,237.261,1,published_after_gate_recheck,16.536022070795298,4.35206713154912,10.0
100,predicate,continuous,475,237.65,1,published_after_gate_recheck,25.51526203751564,8.364057168364525,10.0
100,readset,continuous,476,238.198,1,published_after_gate_recheck,22.487811278551817,4.981288220733404,10.0
100,predicate,continuous,477,238.535,1,published_after_gate_recheck,20.918526221066713,5.141829140484333,10.0
100,readset,continuous,478,239.367,1,published_after_gate_recheck,16.72467589378357,4.5311227440834045,10.0
100,global,discrete,479,239.663,1,published_after_gate_recheck,17.531008925288916,4.909483250230551,10.0
100,predicate,continuous,480,240.232,1,published_after_gate_recheck,16.66441187262535,4.491007886826992,10.0
100,predicate,discrete,481,240.65,1,published_after_gate_recheck,16.55618939548731,4.590996075421572,10.0
100,global,continuous,482,241.107,1,published_after_gate_recheck,16.692064702510834,4.5329672284424305,10.0
100,predicate,discrete,483,241.955,1,published_after_gate_recheck,17.046180088073015,4.779139067977667,10.0
100,readset,discrete,484,242.308,1,published_after_gate_recheck,18.069690093398094,4.9317749217152596,10.0
100,readset,continuous,485,242.63,1,published_after_gate_recheck,19.676323980093002,4.252060316503048,10.0
100,global,discrete,486,243.115,1,published_after_gate_recheck,16.751667018979788,4.334433935582638,10.0
100,global,discrete,487,243.918,1,published_after_gate_recheck,16.11731620505452,4.3806410394608974,10.0
100,readset,discrete,488,244.344,1,published_after_gate_recheck,17.958431039005518,4.942755214869976,10.0
100,readset,discrete,489,244.726,1,published_after_gate_recheck,16.97598723694682,4.684230778366327,10.0
100,global,discrete,490,245.05,1,published_after_gate_recheck,16.237050760537386,4.226010758429766,10.0
100,readset,discrete,491,245.812,1,published_after_gate_recheck,21.16102073341608,4.994402639567852,10.0
100,readset,continuous,492,246.097,1,published_after_gate_recheck,20.681872963905334,4.601034335792065,10.0
100,global,continuous,493,246.835,1,published_after_gate_recheck,18.82909471169114,4.893683362752199,10.0
100,readset,continuous,494,247.441,1,published_after_gate_recheck,17.350760754197836,4.353459924459457,10.0
100,predicate,discrete,495,247.97,1,published_after_gate_recheck,16.571027226746082,4.4146035797894,10.0
100,global,continuous,496,248.462,1,published_after_gate_recheck,17.617130652070045,4.675665404647589,10.0
100,readset,continuous,497,248.536,1,published_after_gate_recheck,15.875482931733131,3.884840290993452,10.0
100,global,continuous,498,249.23,1,published_after_gate_recheck,17.392178066074848,4.73790243268013,10.0
100,global,continuous,499,249.668,1,published_after_gate_recheck,18.58679996803403,5.362213123589754,10.0
100,global,continuous,500,250.3,1,published_after_gate_recheck,19.642019644379616,5.0037698820233345,10.0
100,readset,discrete,501,250.731,1,published_after_gate_recheck,17.214043997228146,4.6926261857151985,10.0
100,predicate,discrete,502,251.124,1,published_after_gate_recheck,18.20244872942567,4.7731478698551655,10.0
100,readset,continuous,503,251.508,1,published_after_gate_recheck,17.19108084216714,4.7143371775746346,10.0
100,predicate,discrete,504,252.022,1,published_after_gate_recheck,19.372024107724428,4.474988207221031,10.0
100,predicate,continuous,505,252.885,1,published_after_gate_recheck,18.791464157402515,4.727241117507219,10.0
100,global,discrete,506,253.488,1,published_after_gate_recheck,18.557023722678423,5.014069844037294,10.0
100,predicate,discrete,507,253.958,1,published_after_gate_recheck,16.17049565538764,4.547493997961283,10.0
100,predicate,continuous,508,254.426,1,published_after_gate_recheck,17.381899058818817,4.639497026801109,10.0
100,predicate,continuous,509,254.92,1,published_after_gate_recheck,17.122641671448946,4.552183207124472,10.0
100,global,continuous,510,255.258,1,published_after_gate_recheck,16.999170649796724,4.470499232411385,10.0
100,readset,discrete,511,255.549,1,published_after_gate_recheck,17.39266002550721,4.843969829380512,10.0
100,global,discrete,512,256.142,1,published_after_gate_recheck,16.26806892454624,4.18518390506506,10.0
100,readset,continuous,513,256.603,1,published_after_gate_recheck,16.725697554647923,4.362195730209351,10.0
100,global,continuous,514,257.497,1,published_after_gate_recheck,21.82130003347993,4.952713847160339,10.0
100,global,discrete,515,257.912,1,published_after_gate_recheck,17.590710893273354,4.184121731668711,10.0
100,global,continuous,516,258.438,1,published_after_gate_recheck,22.38740213215351,5.133412778377533,10.0
100,predicate,discrete,517,258.848,1,published_after_gate_recheck,17.05713989213109,4.487039986997843,10.0
100,predicate,discrete,518,259.131,1,published_after_gate_recheck,17.623833380639553,4.777526017278433,10.0
100,global,discrete,519,259.564,1,published_after_gate_recheck,19.048176240175962,5.06382342427969,10.0
100,predicate,continuous,520,260.253,1,published_after_gate_recheck,19.315888173878193,4.571699071675539,10.0
100,readset,continuous,521,260.764,1,published_after_gate_recheck,17.565372865647078,4.368558060377836,10.0
100,global,discrete,522,261.5,1,published_after_gate_recheck,21.82431612163782,4.525242373347282,10.0
100,predicate,discrete,523,261.987,1,published_after_gate_recheck,17.526880837976933,4.853508435189724,10.0
100,predicate,continuous,524,262.421,1,published_after_gate_recheck,18.437088932842016,4.846205003559589,10.0
100,global,continuous,525,262.638,1,published_after_gate_recheck,19.059617072343826,4.777556285262108,10.0
100,predicate,discrete,526,263.437,1,published_after_gate_recheck,17.76709221303463,5.030771251767874,10.0
100,readset,continuous,527,263.598,1,published_after_gate_recheck,22.278338205069304,4.4912779703736305,10.0
100,global,discrete,528,264.09,1,published_after_gate_recheck,18.543790094554424,4.982789978384972,10.0
100,predicate,discrete,529,264.589,1,published_after_gate_recheck,18.86750664561987,4.4460841454565525,10.0
100,readset,discrete,530,265.401,1,published_after_gate_recheck,20.31754795461893,4.804857075214386,10.0
100,readset,discrete,531,265.517,1,published_after_gate_recheck,16.448308248072863,4.475879017263651,10.0
100,global,discrete,532,266.129,1,published_after_gate_recheck,16.908169724047184,4.3956986628472805,10.0
100,global,continuous,533,266.908,1,published_after_gate_recheck,17.4653148278594,5.1467688754200935,10.0
100,predicate,discrete,534,267.174,1,published_after_gate_recheck,19.789588171988726,4.677948076277971,10.0
100,global,continuous,535,267.758,1,published_after_gate_recheck,19.158863928169012,4.640819039195776,10.0
100,predicate,discrete,536,268.105,1,published_after_gate_recheck,17.74472976103425,5.007327068597078,10.0
100,readset,discrete,537,268.749,1,published_after_gate_recheck,17.952078953385353,4.597557708621025,10.0
100,global,discrete,538,269.129,1,published_after_gate_recheck,16.417860984802246,4.421367775648832,10.0
100,global,discrete,539,269.816,1,published_after_gate_recheck,17.91952783241868,4.58763912320137,10.0
100,readset,continuous,540,270.356,1,published_after_gate_recheck,16.801489982753992,4.578732885420322,10.0
100,readset,continuous,541,270.523,1,published_after_gate_recheck,21.11055701971054,5.020491778850555,10.0
100,predicate,continuous,542,271.07,1,published_after_gate_recheck,18.947637174278498,5.005863960832357,10.0
100,readset,continuous,543,271.718,1,published_after_gate_recheck,17.1618671156466,4.3117511086165905,10.0
100,readset,discrete,544,272.164,1,published_after_gate_recheck,18.642835784703493,5.2343630231916904,10.0
100,predicate,discrete,545,272.701,1,published_after_gate_recheck,20.58621309697628,7.4664209969341755,10.0
100,predicate,continuous,546,273.325,1,published_after_gate_recheck,15.81184333190322,4.520613234490156,10.0
100,predicate,discrete,547,273.939,1,published_after_gate_recheck,15.831890050321817,4.439530894160271,10.0
100,global,continuous,548,274.313,1,published_after_gate_recheck,16.349973157048225,4.153093788772821,10.0
100,global,continuous,549,274.723,1,published_after_gate_recheck,16.542863566428423,4.242231138050556,10.0
100,readset,continuous,550,275.159,1,published_after_gate_recheck,17.024017870426178,4.585034213960171,10.0
100,readset,continuous,551,275.847,1,published_after_gate_recheck,17.946999054402113,4.693647846579552,10.0
100,readset,continuous,552,276.064,1,published_after_gate_recheck,18.127978779375553,4.765031859278679,10.0
100,global,continuous,553,276.546,1,published_after_gate_recheck,18.49322486668825,4.723424091935158,10.0
100,readset,discrete,554,277.451,1,published_after_gate_recheck,17.525709234178066,4.800478927791119,10.0
100,readset,continuous,555,277.551,1,published_after_gate_recheck,16.13987796008587,4.2715659365057945,10.0
100,readset,discrete,556,278.252,1,published_after_gate_recheck,15.771427191793919,4.1349600069224834,10.0
100,predicate,continuous,557,278.77,1,published_after_gate_recheck,17.135827336460352,4.389486741274595,10.0
100,predicate,continuous,558,279.144,1,published_after_gate_recheck,16.401469241827726,4.21518087387085,10.0
100,global,continuous,559,279.98,1,published_after_gate_recheck,19.858475774526596,4.848970100283623,10.0
100,predicate,discrete,560,280.373,1,published_after_gate_recheck,18.06892827153206,4.519341047853231,10.0
100,global,discrete,561,280.723,1,published_after_gate_recheck,17.76026887819171,4.767036065459251,10.0
100,readset,continuous,562,281.484,1,published_after_gate_recheck,16.939468681812286,4.251477774232626,10.0
100,readset,continuous,563,281.58,1,published_after_gate_recheck,16.466021072119474,4.244515206664801,10.0
100,readset,continuous,564,282.495,0,read_set_version_changed_at_gate,19.583882298320532,6.434896029531956,10.0
100,global,continuous,565,282.873,1,published_after_gate_recheck,21.7653950676322,4.829823970794678,10.0
100,predicate,continuous,566,283.142,1,published_after_gate_recheck,18.470751587301493,5.782961845397949,10.0
100,readset,discrete,567,283.566,1,published_after_gate_recheck,17.46028708294034,4.541672766208649,10.0
100,global,discrete,568,284.191,1,published_after_gate_recheck,18.481732811778784,4.453117027878761,10.0
100,predicate,discrete,569,284.798,1,published_after_gate_recheck,21.817742846906185,4.589832853525877,10.0
100,global,discrete,570,285.397,1,published_after_gate_recheck,23.38981395587325,4.782264120876789,10.0
100,readset,continuous,571,285.639,1,published_after_gate_recheck,17.579729668796062,4.86999936401844,10.0
100,predicate,continuous,572,286.133,1,published_after_gate_recheck,18.073816783726215,6.00587110966444,10.0
100,global,discrete,573,286.971,1,published_after_gate_recheck,17.417305149137974,4.459449090063572,10.0
100,readset,discrete,574,287.358,1,published_after_gate_recheck,17.33599230647087,4.495446104556322,10.0
100,global,continuous,575,287.659,1,published_after_gate_recheck,17.196119762957096,4.140670411288738,10.0
100,predicate,discrete,576,288.001,1,published_after_gate_recheck,18.20526411756873,4.458145704120398,10.0
100,predicate,discrete,577,288.679,1,published_after_gate_recheck,19.42242868244648,5.119658075273037,10.0
100,global,continuous,578,289.084,1,published_after_gate_recheck,18.26106896623969,4.544236697256565,10.0
100,predicate,continuous,579,289.928,1,published_after_gate_recheck,18.826739862561226,4.93030296638608,10.0
100,global,continuous,580,290.017,1,published_after_gate_recheck,16.898581758141518,4.375902004539967,10.0
100,predicate,continuous,581,290.974,1,published_after_gate_recheck,18.429716117680073,5.1026553846895695,10.0
100,global,continuous,582,291.468,1,published_after_gate_recheck,17.482878640294075,4.814425017684698,10.0
100,global,continuous,583,291.756,1,published_after_gate_recheck,17.733067739754915,5.138393025845289,10.0
100,predicate,discrete,584,292.05,1,published_after_gate_recheck,17.190711107105017,4.625480156391859,10.0
100,global,discrete,585,292.961,1,published_after_gate_recheck,17.1831869520247,4.7935862094163895,10.0
100,readset,discrete,586,293.122,1,published_after_gate_recheck,16.505233943462372,4.48143994435668,10.0
100,readset,discrete,587,293.9,1,published_after_gate_recheck,20.82935906946659,5.083279218524694,10.0
100,global,continuous,588,294.059,1,published_after_gate_recheck,18.23052065446973,4.971529822796583,10.0
100,predicate,continuous,589,294.936,1,published_after_gate_recheck,17.760640010237694,4.885547794401646,10.0
100,predicate,continuous,590,295.129,1,published_after_gate_recheck,17.386988271027803,4.906708374619484,10.0
100,global,discrete,591,295.501,1,published_after_gate_recheck,18.712556920945644,4.551360849291086,10.0
100,global,continuous,592,296.072,1,published_after_gate_recheck,17.743347212672234,4.707694053649902,10.0
100,readset,continuous,593,296.904,1,published_after_gate_recheck,18.667210824787617,4.862035159021616,10.0
100,readset,continuous,594,297.167,1,published_after_gate_recheck,18.850464839488268,4.520021844655275,10.0
100,predicate,continuous,595,297.681,1,published_after_gate_recheck,18.11973424628377,4.4175200164318085,10.0
100,readset,discrete,596,298.067,1,published_after_gate_recheck,19.174293149262667,5.488469731062651,10.0
100,readset,discrete,597,298.968,1,published_after_gate_recheck,21.898884791880846,5.553371272981167,10.0
100,readset,continuous,598,299.113,1,published_after_gate_recheck,18.632817082107067,4.942395258694887,10.0
100,predicate,continuous,599,299.791,1,published_after_gate_recheck,23.710705805569887,8.847363293170929,10.0
10,predicate,continuous,0,0.256,1,published_after_gate_recheck,19.16904328390956,6.398246623575687,77.0
10,predicate,discrete,1,0.734,1,published_after_gate_recheck,19.816006999462843,8.037674240767956,77.0
10,predicate,discrete,2,1.02,1,published_after_gate_recheck,24.613319896161556,6.969748996198177,77.0
10,global,continuous,3,1.547,0,context_version_changed_at_publish,27.324607595801353,8.275910746306181,77.0
10,global,discrete,4,2.284,0,context_version_changed_at_publish,19.166538026183844,7.09492526948452,77.0
10,predicate,continuous,5,2.884,1,published_after_gate_recheck,18.67242017760873,7.033859845250845,77.0
10,predicate,discrete,6,3.238,1,published_after_gate_recheck,26.944564189761877,9.60156787186861,77.0
10,readset,discrete,7,3.7,1,published_after_gate_recheck,17.54647819325328,4.637883976101875,77.0
10,readset,continuous,8,4.029,1,published_after_gate_recheck,18.140893895179033,4.2471797205507755,77.0
10,global,continuous,9,4.858,0,context_version_changed_at_publish,18.55988008901477,6.15327712148428,77.0
10,global,discrete,10,5.087,0,context_version_changed_at_publish,29.405273031443357,9.314710274338722,77.0
10,global,continuous,11,5.68,1,published_after_gate_recheck,20.39408218115568,5.529928021132946,77.0
10,global,discrete,12,6.26,1,published_after_gate_recheck,18.273792695254087,4.909222014248371,77.0
10,predicate,continuous,13,6.851,1,published_after_gate_recheck,23.684597108513117,10.273799765855074,77.0
10,predicate,discrete,14,7.278,1,published_after_gate_recheck,26.738137006759644,9.690113831311464,77.0
10,predicate,discrete,15,7.654,1,published_after_gate_recheck,20.339439157396555,6.734367925673723,77.0
10,readset,continuous,16,8.18,1,published_after_gate_recheck,18.321111798286438,4.46276506409049,77.0
10,predicate,discrete,17,8.866,1,published_after_gate_recheck,17.32819899916649,4.926374647766352,77.0
10,global,discrete,18,9.029,1,published_after_gate_recheck,18.478256184607744,5.459946114569902,77.0
10,readset,discrete,19,9.986,1,published_after_gate_recheck,19.170474726706743,6.701075937598944,77.0
10,readset,continuous,20,10.126,1,published_after_gate_recheck,21.806892938911915,4.4571347534656525,77.0
10,global,continuous,21,10.671,1,published_after_gate_recheck,18.55091331526637,4.603649023920298,77.0
10,predicate,continuous,22,11.011,1,published_after_gate_recheck,22.569643799215555,8.179769851267338,77.0
10,predicate,continuous,23,12.0,1,published_after_gate_recheck,23.906894028186798,8.870546706020832,77.0
10,predicate,discrete,24,12.343,1,published_after_gate_recheck,22.854199167340994,9.707026183605194,77.0
10,predicate,discrete,25,12.668,1,published_after_gate_recheck,26.20642865076661,8.67756363004446,77.0
10,predicate,continuous,26,13.205,1,published_after_gate_recheck,18.07470992207527,6.857700180262327,77.0
10,predicate,discrete,27,13.62,1,published_after_gate_recheck,18.921418115496635,4.685292951762676,77.0
10,readset,discrete,28,14.001,1,published_after_gate_recheck,23.959111887961626,9.310191962867975,77.0
10,predicate,discrete,29,14.85,1,published_after_gate_recheck,25.559035129845142,7.431265898048878,77.0
10,readset,continuous,30,15.448,1,published_after_gate_recheck,20.648398902267218,4.813303239643574,77.0
10,readset,discrete,31,15.69,1,published_after_gate_recheck,23.45641888678074,8.452762849628925,77.0
10,global,discrete,32,16.283,0,context_version_changed_at_publish,21.306654904037714,9.210143703967333,77.0
10,readset,continuous,33,16.75,0,read_set_version_changed_at_gate,23.86295096948743,9.56535991281271,77.0
10,readset,continuous,34,17.436,0,read_set_version_changed_at_gate,20.320304203778505,6.849132943898439,77.0
10,predicate,discrete,35,17.524,1,published_after_gate_recheck,20.539484918117523,8.325944188982248,77.0
10,predicate,continuous,36,18.221,1,published_after_gate_recheck,18.226785119622946,5.349159240722656,77.0
10,predicate,continuous,37,18.709,1,published_after_gate_recheck,25.78787412494421,10.010185185819864,77.0
10,readset,continuous,38,19.414,0,read_set_version_changed_at_gate,19.78694275021553,8.202553261071444,77.0
10,global,continuous,39,19.633,0,context_version_changed_at_publish,20.95945319160819,9.177382104098797,77.0
10,global,continuous,40,20.079,1,published_after_gate_recheck,17.31618493795395,4.410065710544586,77.0
10,readset,continuous,41,20.5,0,read_set_version_changed_at_gate,23.298893123865128,9.205895941704512,77.0
10,readset,continuous,42,21.214,1,published_after_gate_recheck,18.89465795829892,5.874224007129669,77.0
10,predicate,discrete,43,21.882,1,published_after_gate_recheck,20.640605129301548,8.240894880145788,77.0
10,global,discrete,44,22.446,0,context_version_changed_at_publish,18.450434785336256,6.225393153727055,77.0
10,readset,discrete,45,22.792,1,published_after_gate_recheck,16.43588300794363,4.524581134319305,77.0
10,readset,discrete,46,23.129,1,published_after_gate_recheck,17.909369431436062,4.715309012681246,77.0
10,global,continuous,47,23.5,0,context_version_changed_at_publish,23.487125989049673,9.020398370921612,77.0
10,global,continuous,48,24.248,0,context_version_changed_at_publish,25.699177756905556,9.647824801504612,77.0
10,readset,continuous,49,24.968,1,published_after_gate_recheck,21.31489897146821,4.801030270755291,77.0
10,readset,discrete,50,25.133,1,published_after_gate_recheck,19.10369098186493,6.8864841014146805,77.0
10,global,continuous,51,25.714,0,context_version_changed_at_publish,20.862660836428404,6.60820072516799,77.0
10,readset,continuous,52,26.342,1,published_after_gate_recheck,17.233370803296566,4.741818178445101,77.0
10,predicate,continuous,53,26.536,1,published_after_gate_recheck,20.96517290920019,7.362827192991972,77.0
10,readset,discrete,54,27.023,1,published_after_gate_recheck,16.27501193434,4.315959755331278,77.0
10,global,discrete,55,27.843,0,context_version_changed_at_publish,21.42943488433957,8.782140910625458,77.0
10,readset,discrete,56,28.444,1,published_after_gate_recheck,19.376181066036224,7.221402134746313,77.0
10,global,continuous,57,28.912,0,context_version_changed_at_publish,22.038106806576252,8.318411186337471,77.0
10,global,discrete,58,29.116,0,context_version_changed_at_publish,19.694990012794733,6.340748630464077,77.0
10,predicate,continuous,59,29.518,1,published_after_gate_recheck,25.949818082153797,8.611459750682116,77.0
10,predicate,discrete,60,30.373,1,published_after_gate_recheck,21.797184832394123,8.580161724239588,77.0
10,global,discrete,61,30.676,1,published_after_gate_recheck,24.225561879575253,5.2485899068415165,77.0
10,readset,continuous,62,31.438,0,read_set_version_changed_at_gate,24.98515835031867,8.633311837911606,77.0
10,readset,continuous,63,31.501,1,published_after_gate_recheck,17.177314963191748,4.508981015533209,77.0
10,readset,continuous,64,32.134,0,read_set_version_changed_at_gate,19.845000933855772,7.113199215382338,77.0
10,global,discrete,65,32.573,0,context_version_changed_at_publish,20.711237099021673,8.017826825380325,77.0
10,readset,continuous,66,33.12,1,published_after_gate_recheck,17.849947325885296,4.862574860453606,77.0
10,readset,discrete,67,33.554,1,published_after_gate_recheck,19.442716613411903,7.825865875929594,77.0
10,predicate,discrete,68,34.123,1,published_after_gate_recheck,21.216555032879114,7.860030047595501,77.0
10,predicate,continuous,69,34.713,1,published_after_gate_recheck,20.66850708797574,8.433787152171135,77.0
10,readset,discrete,70,35.111,1,published_after_gate_recheck,22.245275788009167,4.428029991686344,77.0
10,predicate,continuous,71,35.858,1,published_after_gate_recheck,22.842206060886383,5.062059033662081,77.0
10,global,discrete,72,36.247,0,context_version_changed_at_publish,18.771877977997065,6.152445916086435,77.0
10,global,discrete,73,36.59,0,context_version_changed_at_publish,22.243923041969538,8.004651870578527,77.0
10,readset,discrete,74,37.031,1,published_after_gate_recheck,21.625783294439316,8.676071185618639,77.0
10,global,continuous,75,37.762,0,context_version_changed_at_publish,21.400791127234697,9.024675004184246,77.0
10,readset,continuous,76,38.037,1,published_after_gate_recheck,21.23587066307664,4.104092251509428,77.0
10,predicate,discrete,77,38.91,1,published_after_gate_recheck,15.418694820255041,4.301442299038172,77.0
10,global,continuous,78,39.404,1,published_after_gate_recheck,16.07285300269723,4.713475704193115,77.0
10,predicate,discrete,79,39.628,1,published_after_gate_recheck,17.945086117833853,6.658776197582483,77.0
10,readset,discrete,80,40.21,1,published_after_gate_recheck,19.390647765249014,4.706562031060457,77.0
10,readset,continuous,81,40.769,1,published_after_gate_recheck,18.77661608159542,4.301291890442371,77.0
10,global,continuous,82,41.312,0,context_version_changed_at_publish,21.699592005461454,9.153997991234064,77.0
10,predicate,continuous,83,41.761,1,published_after_gate_recheck,24.577633012086153,9.32762399315834,77.0
10,readset,discrete,84,42.499,1,published_after_gate_recheck,19.061250146478415,4.461662843823433,77.0
10,global,continuous,85,42.669,1,published_after_gate_recheck,20.632429048419,5.1570069044828415,77.0
10,readset,discrete,86,43.271,1,published_after_gate_recheck,22.518788930028677,8.624755311757326,77.0
10,global,continuous,87,43.803,0,context_version_changed_at_publish,18.79705535247922,6.639529950916767,77.0
10,predicate,continuous,88,44.102,1,published_after_gate_recheck,21.31062187254429,7.936093024909496,77.0
10,predicate,discrete,89,44.63,1,published_after_gate_recheck,23.908516857773066,9.44230007007718,77.0
10,predicate,continuous,90,45.016,1,published_after_gate_recheck,19.848818890750408,6.110918242484331,77.0
10,global,continuous,91,45.801,0,context_version_changed_at_publish,23.325963877141476,9.853111114352942,77.0
10,readset,continuous,92,46.408,0,read_set_version_changed_at_gate,21.72296494245529,8.172356057912111,77.0
10,global,continuous,93,46.795,0,context_version_changed_at_publish,26.366830803453922,8.12178198248148,77.0
10,predicate,discrete,94,47.324,1,published_after_gate_recheck,17.849095165729523,4.96638985350728,77.0
10,readset,discrete,95,47.937,1,published_after_gate_recheck,27.34236093237996,9.466154035180807,77.0
10,global,continuous,96,48.074,0,context_version_changed_at_publish,20.334089174866676,7.166148163378239,77.0
10,readset,discrete,97,48.947,1,published_after_gate_recheck,19.513628911226988,6.717747077345848,77.0
10,predicate,discrete,98,49.442,1,published_after_gate_recheck,22.234336007386446,9.402994997799397,77.0
10,readset,continuous,99,49.652,0,read_set_version_changed_at_gate,23.1326911598444,9.07068233937025,77.0
10,readset,discrete,100,50.226,1,published_after_gate_recheck,19.405456725507975,7.365361787378788,77.0
10,global,continuous,101,50.703,0,context_version_changed_at_publish,21.839003078639507,8.798151277005672,77.0
10,predicate,discrete,102,51.101,1,published_after_gate_recheck,17.569771967828274,4.7758519649505615,77.0
10,predicate,discrete,103,51.847,1,published_after_gate_recheck,28.989952988922596,9.248535614460707,77.0
10,readset,continuous,104,52.481,1,published_after_gate_recheck,18.520645797252655,5.149663891643286,77.0
10,predicate,discrete,105,52.824,1,published_after_gate_recheck,20.833585876971483,7.829512935131788,77.0
10,global,continuous,106,53.197,0,context_version_changed_at_publish,26.960314251482487,8.660573046654463,77.0
10,global,discrete,107,53.512,0,context_version_changed_at_publish,22.973052226006985,6.975840777158737,77.0
10,readset,discrete,108,54.063,1,published_after_gate_recheck,21.273561753332615,9.018323849886656,77.0
10,global,continuous,109,54.642,0,context_version_changed_at_publish,22.667517885565758,9.682380128651857,77.0
10,readset,discrete,110,55.116,1,published_after_gate_recheck,18.61978182569146,6.498885806649923,77.0
10,global,discrete,111,55.937,0,context_version_changed_at_publish,19.861473236232996,6.8285237066447735,77.0
10,readset,discrete,112,56.178,1,published_after_gate_recheck,26.52769209817052,10.131142102181911,77.0
10,readset,discrete,113,56.998,1,published_after_gate_recheck,27.045773807913065,10.490777436643839,77.0
10,global,discrete,114,57.491,0,context_version_changed_at_publish,23.11321534216404,9.240751154720783,77.0
10,global,discrete,115,57.744,0,context_version_changed_at_publish,20.438094157725573,7.842917926609516,77.0
10,global,continuous,116,58.139,0,context_version_changed_at_publish,29.243909753859043,10.682156775146723,77.0
10,predicate,continuous,117,58.726,1,published_after_gate_recheck,18.17452721297741,6.147908046841621,77.0
10,predicate,continuous,118,59.487,1,published_after_gate_recheck,17.928354907780886,5.943382624536753,77.0
10,predicate,discrete,119,59.697,1,published_after_gate_recheck,27.695302851498127,9.863229934126139,77.0
10,predicate,discrete,120,60.242,1,published_after_gate_recheck,20.58787504211068,7.654243614524603,77.0
10,global,discrete,121,60.834,0,context_version_changed_at_publish,19.47010774165392,6.435687188059092,77.0
10,readset,discrete,122,61.296,1,published_after_gate_recheck,18.902362324297428,6.7569799721241,77.0
10,global,discrete,123,61.515,0,context_version_changed_at_publish,19.830984994769096,7.2347670793533325,77.0
10,global,discrete,124,62.478,0,context_version_changed_at_publish,26.872990652918816,7.985615637153387,77.0
10,readset,discrete,125,62.997,1,published_after_gate_recheck,17.71291997283697,5.429679993540049,77.0
10,readset,continuous,126,63.47,1,published_after_gate_recheck,17.261893954128027,4.397592041641474,77.0
10,predicate,discrete,127,63.648,1,published_after_gate_recheck,17.957568634301424,4.917048383504152,77.0
10,readset,continuous,128,64.364,1,published_after_gate_recheck,19.969285000115633,8.147099055349827,77.0
10,predicate,discrete,129,64.834,1,published_after_gate_recheck,19.11013200879097,7.205732632428408,77.0
10,predicate,continuous,130,65.429,1,published_after_gate_recheck,19.706351216882467,4.749954212456942,77.0
10,predicate,discrete,131,65.516,1,published_after_gate_recheck,15.470412094146013,4.240457899868488,77.0
10,global,discrete,132,66.278,0,context_version_changed_at_publish,26.616950053721666,8.39136727154255,77.0
10,global,continuous,133,66.754,0,context_version_changed_at_publish,20.638660993427038,7.818161975592375,77.0
10,predicate,discrete,134,67.338,1,published_after_gate_recheck,22.212785203009844,4.254994913935661,77.0
10,global,continuous,135,67.741,1,published_after_gate_recheck,15.863579697906971,4.376443102955818,77.0
10,predicate,discrete,136,68.024,1,published_after_gate_recheck,18.847339786589146,6.788759957998991,77.0
10,global,discrete,137,68.529,1,published_after_gate_recheck,18.488695845007896,4.862654954195023,77.0
10,predicate,continuous,138,69.188,1,published_after_gate_recheck,16.61199377849698,4.366674926131964,77.0
10,readset,discrete,139,69.742,1,published_after_gate_recheck,20.900391973555088,7.685812655836344,77.0
10,predicate,continuous,140,70.123,1,published_after_gate_recheck,17.433184664696455,4.540139809250832,77.0
10,readset,continuous,141,70.891,1,published_after_gate_recheck,17.766390927135944,4.693517927080393,77.0
10,global,continuous,142,71.027,1,published_after_gate_recheck,21.895989775657654,5.138021893799305,77.0
10,predicate,discrete,143,71.7,1,published_after_gate_recheck,17.9578997194767,4.194542299956083,77.0
10,global,continuous,144,72.269,1,published_after_gate_recheck,15.125554986298084,4.4574742205441,77.0
10,global,discrete,145,72.796,1,published_after_gate_recheck,17.224233131855726,4.770241677761078,77.0
10,global,discrete,146,73.07,1,published_after_gate_recheck,18.983163870871067,5.426784045994282,77.0
10,readset,discrete,147,73.62,1,published_after_gate_recheck,20.40825830772519,5.242709070444107,77.0
10,predicate,continuous,148,74.205,1,published_after_gate_recheck,16.05803519487381,4.668420646339655,77.0
10,readset,continuous,149,74.642,0,read_set_version_changed_at_gate,21.738174837082624,9.559810161590576,77.0
10,readset,discrete,150,75.149,1,published_after_gate_recheck,19.08932300284505,4.671396221965551,77.0
10,global,discrete,151,75.562,1,published_after_gate_recheck,15.953238122165203,4.085677210241556,77.0
10,readset,discrete,152,76.457,1,published_after_gate_recheck,20.5216808244586,7.261217106133699,77.0
10,readset,discrete,153,76.56,1,published_after_gate_recheck,18.502322025597095,4.610612988471985,77.0
10,global,discrete,154,77.169,0,context_version_changed_at_publish,25.145058054476976,9.333575144410133,77.0
10,readset,discrete,155,77.663,1,published_after_gate_recheck,26.3611888512969,13.10978177934885,77.0
10,predicate,discrete,156,78.05,1,published_after_gate_recheck,16.742780338972807,4.245055839419365,77.0
10,global,continuous,157,78.542,1,published_after_gate_recheck,18.951945938169956,5.303774029016495,77.0
10,predicate,discrete,158,79.348,1,published_after_gate_recheck,16.718645114451647,4.872394260019064,77.0
10,predicate,continuous,159,79.515,1,published_after_gate_recheck,16.136682126671076,4.243654198944569,77.0
10,predicate,discrete,160,80.268,1,published_after_gate_recheck,16.8707394041121,4.557593259960413,77.0
10,predicate,discrete,161,80.734,1,published_after_gate_recheck,17.045779153704643,4.903091117739677,77.0
10,global,discrete,162,81.484,1,published_after_gate_recheck,17.656715121120214,4.274740815162659,77.0
10,predicate,continuous,163,81.503,1,published_after_gate_recheck,21.081010811030865,9.3111926689744,77.0
10,global,discrete,164,82.372,1,published_after_gate_recheck,16.447906848043203,4.1602677665650845,77.0
10,readset,continuous,165,82.67,0,read_set_version_changed_at_gate,25.089113041758537,9.32673318311572,77.0
10,global,discrete,166,83.017,1,published_after_gate_recheck,18.044342752546072,4.848277661949396,77.0
10,predicate,discrete,167,83.583,1,published_after_gate_recheck,21.42159966751933,8.836762979626656,77.0
10,readset,continuous,168,84.105,0,read_set_version_changed_at_gate,20.55955259129405,6.8471091799438,77.0
10,global,continuous,169,84.942,1,published_after_gate_recheck,17.602202016860247,4.953246098011732,77.0
10,predicate,continuous,170,85.466,1,published_after_gate_recheck,17.72552402690053,5.4302699863910675,77.0
10,predicate,continuous,171,85.637,1,published_after_gate_recheck,19.31819273158908,3.878138028085232,77.0
10,predicate,continuous,172,86.484,1,published_after_gate_recheck,17.213473096489906,4.528447985649109,77.0
10,global,discrete,173,86.798,0,context_version_changed_at_publish,26.721315924078226,9.499105624854565,77.0
10,readset,discrete,174,87.309,1,published_after_gate_recheck,19.512358121573925,4.494834691286087,77.0
10,global,discrete,175,87.588,1,published_after_gate_recheck,21.558878012001514,4.911517258733511,77.0
10,global,continuous,176,88.459,1,published_after_gate_recheck,18.04869994521141,5.070345010608435,77.0
10,predicate,discrete,177,88.571,1,published_after_gate_recheck,22.9965653270483,9.710291866213083,77.0
10,predicate,discrete,178,89.228,1,published_after_gate_recheck,20.413768012076616,4.700460936874151,77.0
10,global,discrete,179,89.642,0,context_version_changed_at_publish,21.24358620494604,8.109828922897577,77.0
10,readset,continuous,180,90.202,1,published_after_gate_recheck,16.37079194188118,4.618598148226738,77.0
10,global,discrete,181,90.995,0,context_version_changed_at_publish,19.695882219821215,6.728026084601879,77.0
10,global,discrete,182,91.139,1,published_after_gate_recheck,25.722742080688477,6.894328165799379,77.0
10,readset,continuous,183,91.548,1,published_after_gate_recheck,17.033314798027277,4.944539163261652,77.0
10,readset,discrete,184,92.452,1,published_after_gate_recheck,17.282602842897177,4.567370750010014,77.0
10,readset,discrete,185,92.865,1,published_after_gate_recheck,18.584565725177526,5.340732168406248,77.0
10,readset,continuous,186,93.348,1,published_after_gate_recheck,17.715875059366226,4.692647140473127,77.0
10,global,continuous,187,93.755,0,context_version_changed_at_publish,20.432172808796167,7.274731993675232,77.0
10,readset,discrete,188,94.498,1,published_after_gate_recheck,26.461497880518436,10.127715766429901,77.0
10,global,continuous,189,94.838,1,published_after_gate_recheck,20.746152848005295,4.763498902320862,77.0
10,readset,continuous,190,95.482,1,published_after_gate_recheck,17.21947407349944,4.410297144204378,77.0
10,readset,continuous,191,95.752,0,read_set_version_changed_at_gate,22.118779364973307,9.48805594816804,77.0
10,global,continuous,192,96.141,0,context_version_changed_at_publish,23.523996118456125,8.949275128543377,77.0
10,predicate,discrete,193,96.565,1,published_after_gate_recheck,16.216211020946503,4.486449062824249,77.0
10,predicate,discrete,194,97.107,1,published_after_gate_recheck,20.71082592010498,6.920077372342348,77.0
10,global,discrete,195,97.506,0,context_version_changed_at_publish,18.801141995936632,7.017028052359819,77.0
10,predicate,continuous,196,98.15,1,published_after_gate_recheck,22.66306011006236,4.708956927061081,77.0
10,predicate,discrete,197,98.642,1,published_after_gate_recheck,19.929380156099796,8.715264964848757,77.0
10,readset,continuous,198,99.243,1,published_after_gate_recheck,17.71268993616104,4.993290174752474,77.0
10,predicate,discrete,199,99.986,1,published_after_gate_recheck,17.530747689306736,4.162680823355913,77.0
10,global,discrete,200,100.266,1,published_after_gate_recheck,16.855851747095585,4.699959885329008,77.0
10,global,continuous,201,100.633,1,published_after_gate_recheck,15.488705597817898,4.666407126933336,77.0
10,global,discrete,202,101.007,0,context_version_changed_at_publish,20.301157142966986,6.1722733080387115,77.0
10,predicate,continuous,203,101.871,1,published_after_gate_recheck,18.066092859953642,4.527767188847065,77.0
10,predicate,continuous,204,102.497,1,published_after_gate_recheck,17.4576323479414,6.108850706368685,77.0
10,predicate,continuous,205,102.879,1,published_after_gate_recheck,19.34865117073059,4.8903049901127815,77.0
10,predicate,discrete,206,103.108,1,published_after_gate_recheck,27.1982466802001,8.780823089182377,77.0
10,global,continuous,207,103.646,0,context_version_changed_at_publish,18.870112020522356,6.7790187895298,77.0
10,readset,discrete,208,104.392,1,published_after_gate_recheck,17.282844986766577,4.86082024872303,77.0
10,global,discrete,209,104.68,1,published_after_gate_recheck,18.541996832937002,4.254751838743687,77.0
10,global,continuous,210,105.325,0,context_version_changed_at_publish,19.270143005996943,6.143795792013407,77.0
10,predicate,discrete,211,105.689,1,published_after_gate_recheck,24.83005402609706,8.731331210583448,77.0
10,readset,discrete,212,106.004,1,published_after_gate_recheck,23.643718101084232,7.924296893179417,77.0
10,global,discrete,213,106.575,0,context_version_changed_at_publish,19.461832009255886,6.627444177865982,77.0
10,global,discrete,214,107.047,0,context_version_changed_at_publish,20.7439879886806,6.455470807850361,77.0
10,readset,discrete,215,107.879,1,published_after_gate_recheck,19.253471866250038,4.529597703367472,77.0
10,readset,continuous,216,108.146,0,read_set_version_changed_at_gate,19.264441914856434,6.7407856695353985,77.0
10,global,continuous,217,108.796,0,context_version_changed_at_publish,27.565976604819298,9.771583136171103,77.0
10,global,continuous,218,109.054,0,context_version_changed_at_publish,18.88404879719019,6.329174153506756,77.0
10,global,continuous,219,109.574,0,context_version_changed_at_publish,19.902188796550035,7.55144702270627,77.0
10,predicate,discrete,220,110.436,1,published_after_gate_recheck,18.79000198096037,6.612205877900124,77.0
10,global,discrete,221,110.898,1,published_after_gate_recheck,19.891228061169386,4.534316714853048,77.0
10,readset,continuous,222,111.121,1,published_after_gate_recheck,16.755666118115187,4.9382951110601425,77.0
10,global,discrete,223,111.656,0,context_version_changed_at_publish,19.15125036612153,6.136803887784481,77.0
10,predicate,continuous,224,112.43,1,published_after_gate_recheck,25.162427220493555,9.647078812122345,77.0
10,global,continuous,225,112.76,1,published_after_gate_recheck,18.19242164492607,4.423519130796194,77.0
10,global,discrete,226,113.164,0,context_version_changed_at_publish,19.544817972928286,7.445979863405228,77.0
10,readset,continuous,227,113.924,0,read_set_version_changed_at_gate,20.719301886856556,7.908217143267393,77.0
10,predicate,discrete,228,114.22,1,published_after_gate_recheck,23.348825052380562,9.195211809128523,77.0
10,readset,discrete,229,114.973,1,published_after_gate_recheck,20.396094769239426,7.625245954841375,77.0
10,readset,discrete,230,115.415,1,published_after_gate_recheck,19.299637991935015,6.823201198130846,77.0
10,predicate,continuous,231,115.621,1,published_after_gate_recheck,22.29196159169078,9.620227850973606,77.0
10,global,continuous,232,116.181,1,published_after_gate_recheck,18.095629755407572,4.9819559790194035,77.0
10,predicate,discrete,233,116.927,1,published_after_gate_recheck,27.61176321655512,10.300304740667343,77.0
10,predicate,continuous,234,117.179,1,published_after_gate_recheck,19.08501610159874,4.393312614411116,77.0
10,global,discrete,235,117.677,0,context_version_changed_at_publish,19.301591906696558,7.348446175456047,77.0
10,predicate,continuous,236,118.036,1,published_after_gate_recheck,18.89596087858081,6.4887539483606815,77.0
10,predicate,discrete,237,118.876,1,published_after_gate_recheck,19.101435784250498,6.901318207383156,77.0
10,predicate,discrete,238,119.312,1,published_after_gate_recheck,27.398392092436552,9.681093040853739,77.0
10,predicate,continuous,239,119.793,1,published_after_gate_recheck,20.68917592987418,7.303150836378336,77.0
10,predicate,discrete,240,120.41,1,published_after_gate_recheck,16.690162010490894,4.755220841616392,77.0
10,global,discrete,241,120.746,0,context_version_changed_at_publish,18.385413102805614,6.534017622470856,77.0
10,predicate,continuous,242,121.483,1,published_after_gate_recheck,15.950705856084824,4.306579008698463,77.0
10,predicate,continuous,243,121.975,1,published_after_gate_recheck,24.324105121195316,4.526261240243912,77.0
10,predicate,discrete,244,122.391,1,published_after_gate_recheck,22.042693570256233,8.089045993983746,77.0
10,predicate,continuous,245,122.6,1,published_after_gate_recheck,19.056973047554493,4.833619110286236,77.0
10,global,continuous,246,123.437,1,published_after_gate_recheck,19.20776581391692,4.973149858415127,77.0
10,readset,continuous,247,123.725,0,read_set_version_changed_at_gate,19.87415598705411,6.753711029887199,77.0
10,predicate,discrete,248,124.28,1,published_after_gate_recheck,19.35569429770112,4.63528698310256,77.0
10,readset,discrete,249,124.928,1,published_after_gate_recheck,19.95852403342724,4.243551753461361,77.0
10,readset,discrete,250,125.24,1,published_after_gate_recheck,17.292662989348173,4.619106184691191,77.0
10,global,discrete,251,125.985,1,published_after_gate_recheck,16.869870014488697,4.6714539639651775,77.0
10,global,discrete,252,126.148,1,published_after_gate_recheck,20.283063873648643,4.520561080425978,77.0
10,readset,continuous,253,126.687,1,published_after_gate_recheck,20.288593135774136,5.464913323521614,77.0
10,readset,continuous,254,127.149,1,published_after_gate_recheck,20.91068960726261,4.889703821390867,77.0
10,global,continuous,255,127.767,1,published_after_gate_recheck,21.342511288821697,5.55924978107214,77.0
10,global,continuous,256,128.092,1,published_after_gate_recheck,16.017581336200237,4.525149706751108,77.0
10,global,continuous,257,128.7,0,context_version_changed_at_publish,24.29530117660761,10.046298149973154,77.0
10,global,continuous,258,129.411,1,published_after_gate_recheck,17.064354848116636,4.842936061322689,77.0
10,readset,discrete,259,129.963,1,published_after_gate_recheck,17.735273111611605,4.514650441706181,77.0
10,global,discrete,260,130.154,1,published_after_gate_recheck,17.302632331848145,4.980083089321852,77.0
10,predicate,discrete,261,130.921,1,published_after_gate_recheck,28.145753778517246,13.0107500590384,77.0
10,predicate,discrete,262,131.449,1,published_after_gate_recheck,25.061859283596277,7.289587054401636,77.0
10,readset,discrete,263,131.664,1,published_after_gate_recheck,20.8731796592474,8.577222004532814,77.0
10,global,discrete,264,132.262,1,published_after_gate_recheck,16.84186700731516,4.682384897023439,77.0
10,readset,continuous,265,132.75,1,published_after_gate_recheck,17.67699420452118,4.60360711440444,77.0
10,global,discrete,266,133.212,1,published_after_gate_recheck,15.448542777448893,4.161837976425886,77.0
10,readset,continuous,267,133.895,0,read_set_version_changed_at_gate,20.533424336463213,8.15914710983634,77.0
10,readset,continuous,268,134.493,0,read_set_version_changed_at_gate,18.91052909195423,6.388435140252113,77.0
10,global,discrete,269,134.516,0,context_version_changed_at_publish,18.124995287507772,7.081695832312107,77.0
10,global,continuous,270,135.369,1,published_after_gate_recheck,19.873034209012985,5.2164769731462,77.0
10,global,continuous,271,135.805,0,context_version_changed_at_publish,18.859862815588713,6.995484232902527,77.0
10,global,continuous,272,136.499,1,published_after_gate_recheck,20.15814883634448,4.871279001235962,77.0
10,global,discrete,273,136.617,1,published_after_gate_recheck,20.77975496649742,4.257257096469402,77.0
10,readset,discrete,274,137.162,1,published_after_gate_recheck,16.48176135495305,4.782242234796286,77.0
10,global,discrete,275,137.819,1,published_after_gate_recheck,17.429008148610592,4.781951662153006,77.0
10,global,discrete,276,138.406,1,published_after_gate_recheck,16.054891049861908,4.3725729919970036,77.0
10,readset,continuous,277,138.569,1,published_after_gate_recheck,16.246499959379435,3.9677941240370274,77.0
10,global,continuous,278,139.328,1,published_after_gate_recheck,20.987906027585268,4.9301087856292725,77.0
10,predicate,continuous,279,139.966,1,published_after_gate_recheck,18.244669307023287,6.1386157758533955,77.0
10,readset,continuous,280,140.476,1,published_after_gate_recheck,17.177507281303406,4.2677270248532295,77.0
10,predicate,discrete,281,140.948,1,published_after_gate_recheck,16.377446241676807,4.09911060705781,77.0
10,predicate,continuous,282,141.009,1,published_after_gate_recheck,16.012682113796473,4.528907127678394,77.0
10,readset,continuous,283,141.59,1,published_after_gate_recheck,22.194538731127977,7.7061280608177185,77.0
10,global,continuous,284,142.205,0,context_version_changed_at_publish,18.146174028515816,5.653034895658493,77.0
10,readset,discrete,285,142.715,1,published_after_gate_recheck,18.139160703867674,6.625720765441656,77.0
10,global,discrete,286,143.417,0,context_version_changed_at_publish,17.788903787732124,6.3494727946817875,77.0
10,global,continuous,287,143.805,0,context_version_changed_at_publish,17.778343986719847,6.606423761695623,77.0
10,predicate,continuous,288,144.494,1,published_after_gate_recheck,20.810042042285204,8.187801111489534,77.0
10,readset,discrete,289,144.805,1,published_after_gate_recheck,20.851850975304842,7.065224926918745,77.0
10,readset,continuous,290,145.011,1,published_after_gate_recheck,16.65450632572174,4.534837789833546,77.0
10,predicate,continuous,291,145.946,1,published_after_gate_recheck,16.995545011013746,4.399473778903484,77.0
10,global,continuous,292,146.437,1,published_after_gate_recheck,21.44784899428487,4.438016563653946,77.0
10,global,discrete,293,146.513,0,context_version_changed_at_publish,21.962815430015326,8.818074129521847,77.0
10,predicate,discrete,294,147.404,1,published_after_gate_recheck,15.992403961718082,3.9102057926356792,77.0
10,global,continuous,295,147.907,1,published_after_gate_recheck,19.31271282956004,4.417176824063063,77.0
10,readset,continuous,296,148.476,1,published_after_gate_recheck,16.304718796163797,4.514889791607857,77.0
10,readset,discrete,297,148.743,1,published_after_gate_recheck,20.888870116323233,9.04259504750371,77.0
10,readset,continuous,298,149.429,1,published_after_gate_recheck,19.8192629031837,4.996123258024454,77.0
10,readset,discrete,299,149.889,1,published_after_gate_recheck,17.968792002648115,4.620308056473732,77.0
10,readset,discrete,300,150.443,1,published_after_gate_recheck,19.592047203332186,5.03718014806509,77.0
10,predicate,continuous,301,150.728,1,published_after_gate_recheck,16.632444225251675,4.2804209515452385,77.0
10,global,continuous,302,151.384,0,context_version_changed_at_publish,19.13877623155713,6.706541869789362,77.0
10,predicate,discrete,303,151.661,1,published_after_gate_recheck,16.808724962174892,4.852975253015757,77.0
10,predicate,continuous,304,152.151,1,published_after_gate_recheck,21.195665933191776,7.979921065270901,77.0
10,readset,discrete,305,152.984,1,published_after_gate_recheck,19.94975795969367,7.400223985314369,77.0
10,global,continuous,306,153.281,1,published_after_gate_recheck,19.42805014550686,5.292478948831558,77.0
10,readset,continuous,307,153.621,1,published_after_gate_recheck,19.787644036114216,4.80860099196434,77.0
10,readset,discrete,308,154.256,1,published_after_gate_recheck,15.348606277257204,4.512586165219545,77.0
10,predicate,discrete,309,154.608,1,published_after_gate_recheck,19.588159397244453,5.169298034161329,77.0
10,global,discrete,310,155.43,0,context_version_changed_at_publish,22.8797048330307,7.989248726516962,77.0
10,readset,discrete,311,155.69,1,published_after_gate_recheck,19.5234976708889,4.483211319893599,77.0
10,predicate,discrete,312,156.098,1,published_after_gate_recheck,17.134997993707657,4.223162773996592,77.0
10,global,discrete,313,156.908,1,published_after_gate_recheck,17.10023172199726,4.504962358623743,77.0
10,readset,discrete,314,157.291,1,published_after_gate_recheck,17.33654597774148,4.842775873839855,77.0
10,global,discrete,315,157.769,0,context_version_changed_at_publish,23.52001704275608,8.892482612282038,77.0
10,predicate,discrete,316,158.071,1,published_after_gate_recheck,17.660061828792095,5.543489940464497,77.0
10,readset,discrete,317,158.623,1,published_after_gate_recheck,18.658695742487907,4.972429014742374,77.0
10,predicate,discrete,318,159.383,1,published_after_gate_recheck,20.937400870025158,7.989108096808195,77.0
10,predicate,continuous,319,159.927,1,published_after_gate_recheck,26.499956846237183,9.358326904475689,77.0
10,predicate,discrete,320,160.301,1,published_after_gate_recheck,19.01834085583687,4.856161307543516,77.0
10,readset,continuous,321,160.974,1,published_after_gate_recheck,17.0946610160172,4.381801001727581,77.0
10,predicate,discrete,322,161.411,1,published_after_gate_recheck,16.976209357380867,4.708533175289631,77.0
10,readset,discrete,323,161.74,1,published_after_gate_recheck,23.579087108373642,8.963576052337885,77.0
10,readset,discrete,324,162.023,1,published_after_gate_recheck,21.62813674658537,8.211034815758467,77.0
10,readset,continuous,325,162.991,1,published_after_gate_recheck,18.518542870879173,4.524338059127331,77.0
10,predicate,discrete,326,163.454,1,published_after_gate_recheck,18.621705938130617,6.415426265448332,77.0
10,readset,discrete,327,163.788,1,published_after_gate_recheck,17.052011098712683,4.469606094062328,77.0
10,predicate,continuous,328,164.226,1,published_after_gate_recheck,16.74295077100396,4.350762814283371,77.0
10,global,discrete,329,164.713,0,context_version_changed_at_publish,21.065691951662302,8.37549427524209,77.0
10,global,continuous,330,165.469,1,published_after_gate_recheck,20.345441065728664,3.9499299600720406,77.0
10,global,continuous,331,165.731,1,published_after_gate_recheck,15.634611714631319,4.173088818788528,77.0
10,readset,discrete,332,166.47,1,published_after_gate_recheck,18.309641163796186,4.403961822390556,77.0
10,readset,discrete,333,166.883,1,published_after_gate_recheck,16.536284238100052,4.607845097780228,77.0
10,global,continuous,334,167.283,1,published_after_gate_recheck,17.449497245252132,4.402719903737307,77.0
10,readset,discrete,335,167.636,1,published_after_gate_recheck,18.123040907084942,4.442173987627029,77.0
10,global,discrete,336,168.353,0,context_version_changed_at_publish,19.15494678542018,7.297561038285494,77.0
10,predicate,continuous,337,168.775,1,published_after_gate_recheck,18.187282141298056,6.414785049855709,77.0
10,predicate,continuous,338,169.265,1,published_after_gate_recheck,20.093246828764677,6.47512823343277,77.0
10,global,discrete,339,169.702,1,published_after_gate_recheck,15.863231848925352,4.597404971718788,77.0
10,global,discrete,340,170.381,1,published_after_gate_recheck,17.621519975364208,4.590703174471855,77.0
10,predicate,continuous,341,170.945,1,published_after_gate_recheck,14.95832297950983,4.236768931150436,77.0
10,readset,continuous,342,171.053,0,read_set_version_changed_at_gate,21.094124764204025,8.912650868296623,77.0
10,readset,discrete,343,171.678,1,published_after_gate_recheck,20.091292914003134,4.435760900378227,77.0
10,readset,continuous,344,172.286,1,published_after_gate_recheck,15.761259943246841,4.451882094144821,77.0
10,readset,continuous,345,172.736,0,read_set_version_changed_at_gate,19.796279724687338,6.544698029756546,77.0
10,global,discrete,346,173.196,1,published_after_gate_recheck,15.650040935724974,4.725755658000708,77.0
10,predicate,continuous,347,173.835,1,published_after_gate_recheck,19.56205116584897,6.607687100768089,77.0
10,global,continuous,348,174.032,1,published_after_gate_recheck,17.571094911545515,3.897693008184433,77.0
10,predicate,discrete,349,174.95,1,published_after_gate_recheck,16.1001761443913,4.234295338392258,77.0
10,predicate,discrete,350,175.488,1,published_after_gate_recheck,20.405863877385855,4.7303540632128716,77.0
10,global,discrete,351,175.591,0,context_version_changed_at_publish,24.994682986289263,8.452096953988075,77.0
10,readset,discrete,352,176.199,1,published_after_gate_recheck,19.811377860605717,5.191229283809662,77.0
10,predicate,continuous,353,176.522,1,published_after_gate_recheck,16.318065114319324,4.380308091640472,77.0
10,global,continuous,354,177.482,0,context_version_changed_at_publish,24.312193039804697,12.197693809866905,77.0
10,global,continuous,355,177.896,0,context_version_changed_at_publish,18.55709496885538,5.600087344646454,77.0
10,predicate,continuous,356,178.03,1,published_after_gate_recheck,21.03641675785184,5.819258280098438,77.0
10,predicate,continuous,357,178.966,1,published_after_gate_recheck,21.622566040605307,4.168129991739988,77.0
10,readset,continuous,358,179.184,1,published_after_gate_recheck,24.75952124223113,4.887859802693129,77.0
10,readset,continuous,359,179.726,1,published_after_gate_recheck,20.95818007364869,7.339069154113531,77.0
10,predicate,discrete,360,180.455,1,published_after_gate_recheck,23.427171632647514,4.590571857988834,77.0
10,readset,continuous,361,180.727,0,read_set_version_changed_at_gate,21.853008773177862,6.178020965307951,77.0
10,readset,discrete,362,181.352,1,published_after_gate_recheck,24.99994309619069,9.75961983203888,77.0
10,readset,discrete,363,181.579,1,published_after_gate_recheck,25.329070165753365,9.139426052570343,77.0
10,global,discrete,364,182.464,1,published_after_gate_recheck,17.77623128145933,4.625528119504452,77.0
10,readset,continuous,365,182.767,0,read_set_version_changed_at_gate,18.91584787517786,7.072980049997568,77.0
10,readset,discrete,366,183.084,1,published_after_gate_recheck,21.08233282342553,8.512159809470177,77.0
10,global,continuous,367,183.936,1,published_after_gate_recheck,17.4220260232687,4.723711870610714,77.0
10,readset,continuous,368,184.418,1,published_after_gate_recheck,21.79421903565526,5.0848196260631084,77.0
10,readset,discrete,369,184.604,1,published_after_gate_recheck,20.38972405716777,7.280317600816488,77.0
10,predicate,continuous,370,185.309,1,published_after_gate_recheck,19.18806880712509,4.754068795591593,77.0
10,predicate,continuous,371,185.629,1,published_after_gate_recheck,17.13029807433486,4.7040460631251335,77.0
10,predicate,discrete,372,186.286,1,published_after_gate_recheck,16.932808328419924,5.128070712089539,77.0
10,readset,discrete,373,186.879,1,published_after_gate_recheck,16.258091665804386,4.218413960188627,77.0
10,global,continuous,374,187.245,0,context_version_changed_at_publish,18.700032960623503,6.73927366733551,77.0
10,readset,continuous,375,187.532,1,published_after_gate_recheck,15.874272212386131,4.229915793985128,77.0
10,readset,discrete,376,188.126,1,published_after_gate_recheck,18.516378942877054,4.093490075320005,77.0
10,global,discrete,377,188.741,1,published_after_gate_recheck,16.528099309653044,4.3915086425840855,77.0
10,global,continuous,378,189.007,1,published_after_gate_recheck,15.456858091056347,4.124368075281382,77.0
10,global,continuous,379,189.873,1,published_after_gate_recheck,14.99441172927618,4.454968962818384,77.0
10,readset,continuous,380,190.22,1,published_after_gate_recheck,18.29260913655162,5.1461150869727135,77.0
10,predicate,continuous,381,190.819,1,published_after_gate_recheck,17.146378755569458,4.31783078238368,77.0
10,global,continuous,382,191.227,1,published_after_gate_recheck,15.274075791239738,4.243642091751099,77.0
10,readset,continuous,383,191.854,0,read_set_version_changed_at_gate,19.00754077360034,5.813467316329479,77.0
10,global,discrete,384,192.31,1,published_after_gate_recheck,18.08683294802904,4.224925767630339,77.0
10,predicate,continuous,385,192.797,1,published_after_gate_recheck,22.194049321115017,4.944236017763615,77.0
10,global,continuous,386,193.303,0,context_version_changed_at_publish,20.734429825097322,7.945295888930559,77.0
10,readset,continuous,387,193.689,1,published_after_gate_recheck,16.982500907033682,4.817567765712738,77.0
10,predicate,continuous,388,194.084,1,published_after_gate_recheck,19.24662897363305,6.810557097196579,77.0
10,global,continuous,389,194.734,0,context_version_changed_at_publish,19.8256759904325,7.143612951040268,77.0
10,readset,continuous,390,195.238,1,published_after_gate_recheck,20.106582902371883,4.565595183521509,77.0
10,predicate,continuous,391,195.756,1,published_after_gate_recheck,17.114928923547268,4.535117652267218,77.0
10,readset,discrete,392,196.194,1,published_after_gate_recheck,19.189010839909315,7.676331326365471,77.0
10,global,discrete,393,196.647,0,context_version_changed_at_publish,19.70037119463086,8.12060572206974,77.0
10,predicate,discrete,394,197.258,1,published_after_gate_recheck,16.21806714683771,4.395577125251293,77.0
10,readset,discrete,395,197.528,1,published_after_gate_recheck,22.51027198508382,4.946168977767229,77.0
10,readset,discrete,396,198.199,1,published_after_gate_recheck,26.59263974055648,9.83058288693428,77.0
10,readset,discrete,397,198.68,1,published_after_gate_recheck,18.847801256924868,4.5831091701984406,77.0
10,readset,discrete,398,199.225,1,published_after_gate_recheck,16.06180425733328,4.486908204853535,77.0
10,global,continuous,399,199.64,1,published_after_gate_recheck,21.027018781751394,5.4222531616687775,77.0
10,global,continuous,400,200.328,0,context_version_changed_at_publish,24.77148361504078,8.881622925400734,77.0
10,predicate,discrete,401,200.999,1,published_after_gate_recheck,20.75610077008605,4.666004329919815,77.0
10,readset,discrete,402,201.031,1,published_after_gate_recheck,18.616467248648405,5.204895045608282,77.0
10,readset,continuous,403,201.698,1,published_after_gate_recheck,15.891014132648706,4.14259172976017,77.0
10,readset,discrete,404,202.178,1,published_after_gate_recheck,19.56157013773918,4.17119637131691,77.0
10,readset,continuous,405,202.98,1,published_after_gate_recheck,14.97689913958311,4.380968865007162,77.0
10,readset,continuous,406,203.383,1,published_after_gate_recheck,20.30802983790636,5.561704281717539,77.0
10,predicate,continuous,407,203.673,1,published_after_gate_recheck,22.04177202656865,9.192185010761023,77.0
10,global,continuous,408,204.392,0,context_version_changed_at_publish,24.27604515105486,10.645982809364796,77.0
10,readset,discrete,409,204.62,1,published_after_gate_recheck,19.1538049839437,5.125816911458969,77.0
10,predicate,continuous,410,205.374,1,published_after_gate_recheck,16.62978995591402,4.8008570447564125,77.0
10,global,continuous,411,205.897,0,context_version_changed_at_publish,17.045628745108843,5.180418957024813,77.0
10,global,discrete,412,206.315,1,published_after_gate_recheck,16.849410720169544,4.664089996367693,77.0
10,predicate,continuous,413,206.943,1,published_after_gate_recheck,15.41306683793664,4.241247195750475,77.0
10,predicate,continuous,414,207.208,1,published_after_gate_recheck,20.706478040665388,4.66167600825429,77.0
10,readset,continuous,415,207.926,1,published_after_gate_recheck,19.418582320213318,6.520524155348539,77.0
10,global,continuous,416,208.467,0,context_version_changed_at_publish,18.980890046805143,7.096363697201014,77.0
10,predicate,continuous,417,208.658,1,published_after_gate_recheck,16.663012094795704,4.045951180160046,77.0
10,global,discrete,418,209.473,1,published_after_gate_recheck,17.178658861666918,4.458393901586533,77.0
10,predicate,continuous,419,209.848,1,published_after_gate_recheck,17.317619640380144,5.073388107120991,77.0
10,readset,discrete,420,210.479,1,published_after_gate_recheck,17.669739667326212,4.477992188185453,77.0
10,readset,discrete,421,210.795,1,published_after_gate_recheck,20.211278926581144,6.880509201437235,77.0
10,predicate,discrete,422,211.303,1,published_after_gate_recheck,21.497382316738367,8.169456850737333,77.0
10,readset,continuous,423,211.973,1,published_after_gate_recheck,24.2225737310946,5.324419122189283,77.0
10,global,discrete,424,212.176,0,context_version_changed_at_publish,27.48312195762992,9.356674272567034,77.0
10,predicate,continuous,425,212.953,1,published_after_gate_recheck,20.03922499716282,7.5227040797472,77.0
10,predicate,discrete,426,213.041,1,published_after_gate_recheck,16.826879233121872,4.721377976238728,77.0
10,readset,continuous,427,213.579,0,read_set_version_changed_at_gate,24.66804115101695,9.212323930114508,77.0
10,readset,discrete,428,214.03,1,published_after_gate_recheck,18.24993919581175,3.9049871265888214,77.0
10,global,discrete,429,214.832,0,context_version_changed_at_publish,21.82079805061221,9.906505234539509,77.0
10,global,discrete,430,215.388,1,published_after_gate_recheck,20.865896251052618,4.826445132493973,77.0
10,predicate,discrete,431,215.601,1,published_after_gate_recheck,17.229383811354637,4.437405150383711,77.0
10,predicate,discrete,432,216.08,1,published_after_gate_recheck,18.11343291774392,4.4725011102855206,77.0
10,predicate,continuous,433,216.632,1,published_after_gate_recheck,21.255056839436293,8.552906103432178,77.0
10,readset,continuous,434,217.29,1,published_after_gate_recheck,16.58464502543211,4.427115898579359,77.0
10,readset,discrete,435,217.562,1,published_after_gate_recheck,16.740676946938038,4.001778084784746,77.0
10,global,discrete,436,218.049,0,context_version_changed_at_publish,25.336264166980982,9.420063346624374,77.0
10,predicate,discrete,437,218.518,1,published_after_gate_recheck,26.09735121950507,7.95323122292757,77.0
10,predicate,continuous,438,219.201,1,published_after_gate_recheck,18.41208292171359,5.290135275572538,77.0
10,readset,continuous,439,219.777,1,published_after_gate_recheck,21.071151830255985,4.640777129679918,77.0
10,global,discrete,440,220.381,1,published_after_gate_recheck,22.70747208967805,9.160846937447786,77.0
10,readset,continuous,441,220.552,0,read_set_version_changed_at_gate,21.02456521242857,7.7980998903512955,77.0
10,global,discrete,442,221.212,0,context_version_changed_at_publish,20.561817102134228,8.206335827708244,77.0
10,global,continuous,443,221.772,0,context_version_changed_at_publish,22.514248732477427,9.066209197044373,77.0
10,readset,continuous,444,222.001,1,published_after_gate_recheck,20.1433920301497,4.445069003850222,77.0
10,global,discrete,445,222.995,0,context_version_changed_at_publish,18.934822641313076,6.890788208693266,77.0
10,readset,continuous,446,223.306,0,read_set_version_changed_at_gate,19.78133199736476,5.737924948334694,77.0
10,predicate,discrete,447,223.87,1,published_after_gate_recheck,24.48877412825823,9.008139837533236,77.0
10,global,continuous,448,224.276,1,published_after_gate_recheck,22.04553922638297,4.674490075558424,77.0
10,predicate,continuous,449,224.539,1,published_after_gate_recheck,18.74817395582795,4.455168731510639,77.0
10,global,discrete,450,225.112,1,published_after_gate_recheck,17.09103398025036,4.897928796708584,77.0
10,readset,discrete,451,225.673,1,published_after_gate_recheck,25.435389019548893,8.483446203172207,77.0
10,readset,continuous,452,226.012,1,published_after_gate_recheck,17.13749160990119,4.661364946514368,77.0
10,predicate,continuous,453,226.842,1,published_after_gate_recheck,17.71648833528161,4.759438801556826,77.0
10,global,continuous,454,227.215,0,context_version_changed_at_publish,20.549985114485025,6.411959417164326,77.0
10,global,discrete,455,227.603,0,context_version_changed_at_publish,20.48646518960595,7.340230979025364,77.0
10,global,continuous,456,228.261,0,context_version_changed_at_publish,25.67352680489421,10.57864585891366,77.0
10,global,continuous,457,228.878,1,published_after_gate_recheck,21.56024891883135,4.177688155323267,77.0
10,global,discrete,458,229.066,1,published_after_gate_recheck,18.18403508514166,4.618474282324314,77.0
10,global,continuous,459,229.794,0,context_version_changed_at_publish,21.718375850468874,8.05890979245305,77.0
10,predicate,continuous,460,230.373,1,published_after_gate_recheck,21.171349100768566,7.695938926190138,77.0
10,readset,discrete,461,230.539,1,published_after_gate_recheck,18.063257914036512,5.198233295232058,77.0
10,predicate,continuous,462,231.355,1,published_after_gate_recheck,18.248886801302433,7.011494133621454,77.0
10,readset,discrete,463,231.938,1,published_after_gate_recheck,19.656728021800518,6.1651961877942085,77.0
10,global,continuous,464,232.143,1,published_after_gate_recheck,15.946036204695702,4.6404157765209675,77.0
10,global,discrete,465,232.572,0,context_version_changed_at_publish,22.33631582930684,10.110849048942327,77.0
10,global,continuous,466,233.245,0,context_version_changed_at_publish,20.375115796923637,6.786372046917677,77.0
10,readset,discrete,467,233.83,1,published_after_gate_recheck,24.51138710603118,8.582793176174164,77.0
10,readset,discrete,468,234.22,1,published_after_gate_recheck,18.47242610529065,4.724083002656698,77.0
10,predicate,discrete,469,234.6,1,published_after_gate_recheck,17.62206107378006,4.066198132932186,77.0
10,predicate,discrete,470,235.043,1,published_after_gate_recheck,20.598776172846556,7.1603236719965935,77.0
10,readset,continuous,471,235.543,0,read_set_version_changed_at_gate,21.42846304923296,7.76859512552619,77.0
10,readset,discrete,472,236.182,1,published_after_gate_recheck,21.840025205165148,8.623167872428894,77.0
10,global,discrete,473,236.745,0,context_version_changed_at_publish,18.975079990923405,6.885387934744358,77.0
10,global,continuous,474,237.394,0,context_version_changed_at_publish,19.65088676661253,6.968262605369091,77.0
10,readset,continuous,475,237.519,0,read_set_version_changed_at_gate,24.390508886426687,8.118201047182083,77.0
10,predicate,continuous,476,238.041,1,published_after_gate_recheck,17.130759079009295,4.512394778430462,77.0
10,predicate,continuous,477,238.721,1,published_after_gate_recheck,20.48455225303769,7.0709059946238995,77.0
10,global,continuous,478,239.239,1,published_after_gate_recheck,20.134584978222847,4.807088058441877,77.0
10,predicate,discrete,479,239.97,1,published_after_gate_recheck,19.204128999263048,4.516522865742445,77.0
10,global,discrete,480,240.449,0,context_version_changed_at_publish,25.40233824402094,8.299481123685837,77.0
10,predicate,discrete,481,240.75,1,published_after_gate_recheck,20.72587376460433,5.10972598567605,77.0
10,global,continuous,482,241.058,1,published_after_gate_recheck,19.736547954380512,3.9523248560726643,77.0
10,global,continuous,483,241.582,0,context_version_changed_at_publish,22.291161119937897,9.432447142899036,77.0
10,predicate,discrete,484,242.309,1,published_after_gate_recheck,18.977954983711243,4.671645350754261,77.0
10,predicate,discrete,485,242.782,1,published_after_gate_recheck,19.052335061132908,6.5367138013243675,77.0
10,readset,discrete,486,243.098,1,published_after_gate_recheck,18.047198187559843,5.566983949393034,77.0
10,global,discrete,487,243.952,0,context_version_changed_at_publish,19.430674146860838,7.275920361280441,77.0
10,readset,continuous,488,244.462,1,published_after_gate_recheck,17.86782220005989,4.839899949729443,77.0
10,predicate,discrete,489,244.742,1,published_after_gate_recheck,20.948622841387987,7.934927009046078,77.0
10,predicate,discrete,490,245.429,1,published_after_gate_recheck,19.180735107511282,4.499711561948061,77.0
10,predicate,continuous,491,245.873,1,published_after_gate_recheck,16.340005677193403,4.131010267883539,77.0
10,global,discrete,492,246.177,1,published_after_gate_recheck,22.45116140693426,4.559834953397512,77.0
10,predicate,continuous,493,246.638,1,published_after_gate_recheck,25.42222524061799,8.579155895859003,77.0
10,readset,continuous,494,247.333,1,published_after_gate_recheck,21.641200874000788,8.352960925549269,77.0
10,predicate,continuous,495,247.71,1,published_after_gate_recheck,20.047401078045368,4.7000679187476635,77.0
10,global,discrete,496,248.335,0,context_version_changed_at_publish,20.781619008630514,7.611841429024935,77.0
10,global,discrete,497,248.616,0,context_version_changed_at_publish,21.269014105200768,7.034026551991701,77.0
10,global,discrete,498,249.023,0,context_version_changed_at_publish,21.535743959248066,7.54706934094429,77.0
10,predicate,discrete,499,249.924,1,published_after_gate_recheck,20.470494870096445,6.511665880680084,77.0
10,predicate,continuous,500,250.227,1,published_after_gate_recheck,28.84260192513466,8.275356143712997,77.0
10,predicate,continuous,501,250.709,1,published_after_gate_recheck,21.166660822927952,5.24454889819026,77.0
10,global,continuous,502,251.33,1,published_after_gate_recheck,18.72159307822585,4.584661219269037,77.0
10,global,discrete,503,251.864,0,context_version_changed_at_publish,17.496625892817974,5.8841397985816,77.0
10,global,continuous,504,252.426,0,context_version_changed_at_publish,21.97721181437373,6.337348837405443,77.0
10,predicate,discrete,505,252.95,1,published_after_gate_recheck,25.741843972355127,9.058676194399595,77.0
10,predicate,discrete,506,253.169,1,published_after_gate_recheck,25.175852701067924,9.38697112724185,77.0
10,predicate,continuous,507,253.924,1,published_after_gate_recheck,19.718804862350225,8.11067596077919,77.0
10,predicate,continuous,508,254.358,1,published_after_gate_recheck,25.227690115571022,8.228697814047337,77.0
10,predicate,discrete,509,254.557,1,published_after_gate_recheck,22.37509796395898,4.960606340318918,77.0
10,predicate,discrete,510,255.203,1,published_after_gate_recheck,21.06863772496581,8.084367029368877,77.0
10,readset,discrete,511,255.895,1,published_after_gate_recheck,17.64480397105217,6.816018372774124,77.0
10,readset,continuous,512,256.102,0,read_set_version_changed_at_gate,22.428557742387056,10.248097125440836,77.0
10,global,continuous,513,256.797,0,context_version_changed_at_publish,26.72042092308402,8.494206238538027,77.0
10,readset,discrete,514,257.116,1,published_after_gate_recheck,18.943570088595152,5.879269912838936,77.0
10,global,continuous,515,257.823,0,context_version_changed_at_publish,19.88433487713337,8.036027196794748,77.0
10,readset,discrete,516,258.339,1,published_after_gate_recheck,25.30288090929389,9.426866192370653,77.0
10,predicate,continuous,517,258.631,1,published_after_gate_recheck,15.445747878402472,4.256885964423418,77.0
10,predicate,continuous,518,259.308,1,published_after_gate_recheck,20.76938608661294,4.460097756236792,77.0
10,readset,discrete,519,259.889,1,published_after_gate_recheck,24.744052905589342,8.986860979348421,77.0
10,predicate,continuous,520,260.449,1,published_after_gate_recheck,20.059945061802864,4.664590582251549,77.0
10,global,discrete,521,260.774,0,context_version_changed_at_publish,20.46914305537939,8.135401643812656,77.0
10,predicate,discrete,522,261.386,1,published_after_gate_recheck,17.68479822203517,5.68303233012557,77.0
10,readset,continuous,523,261.858,1,published_after_gate_recheck,19.85131297260523,4.881247878074646,77.0
10,readset,continuous,524,262.209,1,published_after_gate_recheck,19.438739866018295,4.742367193102837,77.0
10,readset,discrete,525,262.526,1,published_after_gate_recheck,18.36864138022065,6.249495316296816,77.0
10,global,discrete,526,263.296,0,context_version_changed_at_publish,26.517119724303484,8.622997906059027,77.0
10,predicate,continuous,527,263.816,1,published_after_gate_recheck,18.643207382410765,5.018575116991997,77.0
10,global,discrete,528,264.317,1,published_after_gate_recheck,18.759865313768387,6.699088960886002,77.0
10,predicate,continuous,529,264.967,1,published_after_gate_recheck,25.97919013351202,9.111203718930483,77.0
10,readset,discrete,530,265.467,1,published_after_gate_recheck,21.8650009483099,4.626168869435787,77.0
10,readset,discrete,531,265.56,1,published_after_gate_recheck,20.7234900444746,5.140976049005985,77.0
10,readset,discrete,532,266.08,1,published_after_gate_recheck,18.967474810779095,4.603095818310976,77.0
10,global,continuous,533,267.0,1,published_after_gate_recheck,18.66640103980899,4.861040040850639,77.0
10,readset,continuous,534,267.046,1,published_after_gate_recheck,18.5989229939878,6.7221419885754585,77.0
10,predicate,discrete,535,267.989,1,published_after_gate_recheck,19.218896981328726,4.667166154831648,77.0
10,readset,continuous,536,268.376,1,published_after_gate_recheck,19.17008589953184,4.521773662418127,77.0
10,predicate,continuous,537,268.685,1,published_after_gate_recheck,19.986937753856182,6.9472333416342735,77.0
10,readset,continuous,538,269.407,0,read_set_version_changed_at_gate,17.950247041881084,6.917607970535755,77.0
10,predicate,continuous,539,269.556,1,published_after_gate_recheck,17.782751936465502,5.703209899365902,77.0
10,predicate,continuous,540,270.227,1,published_after_gate_recheck,18.471343908458948,6.451152730733156,77.0
10,predicate,continuous,541,270.993,1,published_after_gate_recheck,20.475894678384066,7.263828068971634,77.0
10,readset,continuous,542,271.5,1,published_after_gate_recheck,17.467601224780083,4.205749835819006,77.0
10,readset,continuous,543,271.6,0,read_set_version_changed_at_gate,22.22768170759082,7.801816798746586,77.0
10,global,discrete,544,272.261,1,published_after_gate_recheck,14.848567545413971,4.097226541489363,77.0
10,readset,continuous,545,272.819,1,published_after_gate_recheck,17.91888801380992,4.546670243144035,77.0
10,global,continuous,546,273.11,0,context_version_changed_at_publish,23.584047332406044,9.24186920747161,77.0
10,predicate,continuous,547,273.685,1,published_after_gate_recheck,19.646129105240107,6.6275340504944324,77.0
10,global,discrete,548,274.04,1,published_after_gate_recheck,17.949636094272137,4.206671845167875,77.0
10,predicate,continuous,549,274.694,1,published_after_gate_recheck,16.634457744657993,4.387812223285437,77.0
10,predicate,continuous,550,275.436,1,published_after_gate_recheck,17.73391105234623,6.069988012313843,77.0
10,global,discrete,551,275.726,0,context_version_changed_at_publish,18.692729994654655,6.142202764749527,77.0
10,predicate,discrete,552,276.217,1,published_after_gate_recheck,27.01395098119974,8.604423142969608,77.0
10,readset,continuous,553,276.873,1,published_after_gate_recheck,15.62320115044713,4.6038576401770115,77.0
10,predicate,discrete,554,277.402,1,published_after_gate_recheck,21.221703849732876,8.34490591660142,77.0
10,predicate,discrete,555,277.815,1,published_after_gate_recheck,15.98219433799386,4.335402976721525,77.0
10,global,continuous,556,278.253,1,published_after_gate_recheck,16.671427059918642,4.445991944521666,77.0
10,readset,continuous,557,278.675,0,read_set_version_changed_at_gate,19.661267288029194,7.387338671833277,77.0
10,readset,continuous,558,279.388,1,published_after_gate_recheck,19.607335794717073,4.5922258868813515,77.0
10,readset,discrete,559,279.629,1,published_after_gate_recheck,16.066743060946465,4.016816150397062,77.0
10,readset,discrete,560,280.475,1,published_after_gate_recheck,19.611252937465906,6.552292965352535,77.0
10,predicate,continuous,561,280.917,1,published_after_gate_recheck,25.878389831632376,8.711753878742456,77.0
10,predicate,discrete,562,281.262,1,published_after_gate_recheck,21.6470118612051,9.485376067459583,77.0
10,predicate,continuous,563,281.923,1,published_after_gate_recheck,22.159704007208347,10.048281867057085,77.0
10,predicate,discrete,564,282.123,1,published_after_gate_recheck,19.705038983374834,7.855948992073536,77.0
10,predicate,discrete,565,282.798,1,published_after_gate_recheck,29.302273876965046,10.285235941410065,77.0
10,predicate,discrete,566,283.381,1,published_after_gate_recheck,17.87071768194437,4.12959698587656,77.0
10,global,discrete,567,283.791,0,context_version_changed_at_publish,23.349796421825886,9.57012502476573,77.0
10,readset,continuous,568,284.167,0,read_set_version_changed_at_gate,27.979533188045025,8.745518047362566,77.0
10,readset,discrete,569,284.863,1,published_after_gate_recheck,20.580421201884747,7.819619961082935,77.0
10,predicate,continuous,570,285.042,1,published_after_gate_recheck,23.067057132720947,10.02108072862029,77.0
10,predicate,discrete,571,285.879,1,published_after_gate_recheck,19.12163384258747,4.871178884059191,77.0
10,global,continuous,572,286.178,1,published_after_gate_recheck,22.240415681153536,4.876209422945976,77.0
10,global,continuous,573,286.919,0,context_version_changed_at_publish,25.914359372109175,9.689067956060171,77.0
10,readset,continuous,574,287.299,1,published_after_gate_recheck,20.35194169729948,4.554084036499262,77.0
10,readset,continuous,575,287.842,0,read_set_version_changed_at_gate,22.304655984044075,9.445411153137684,77.0
10,predicate,continuous,576,288.461,1,published_after_gate_recheck,17.138594295829535,4.780028015375137,77.0
10,global,continuous,577,288.608,1,published_after_gate_recheck,18.908954691141844,4.583649802953005,77.0
10,readset,continuous,578,289.293,0,read_set_version_changed_at_gate,19.73502617329359,8.54051299393177,77.0
10,global,discrete,579,289.512,0,context_version_changed_at_publish,23.38241832330823,8.58614919707179,77.0
10,global,continuous,580,290.333,0,context_version_changed_at_publish,20.969260949641466,7.697491906583309,77.0
10,global,continuous,581,290.664,0,context_version_changed_at_publish,19.486458972096443,7.333299145102501,77.0
10,global,continuous,582,291.108,0,context_version_changed_at_publish,25.434998329728842,9.519789833575487,77.0
10,readset,continuous,583,291.834,0,read_set_version_changed_at_gate,20.616268273442984,7.517462596297264,77.0
10,readset,discrete,584,292.371,1,published_after_gate_recheck,23.03546667098999,9.703604970127344,77.0
10,global,continuous,585,292.664,0,context_version_changed_at_publish,19.879586063325405,8.314398117363453,77.0
10,global,discrete,586,293.427,0,context_version_changed_at_publish,25.98883816972375,9.378604590892792,77.0
10,global,discrete,587,293.988,1,published_after_gate_recheck,20.77921386808157,4.525770898908377,77.0
10,readset,continuous,588,294.268,1,published_after_gate_recheck,20.075063221156597,4.144685808569193,77.0
10,readset,discrete,589,294.959,1,published_after_gate_recheck,25.42043197900057,8.729887660592794,77.0
10,predicate,continuous,590,295.458,1,published_after_gate_recheck,19.54845618456602,4.67963982373476,77.0
10,global,continuous,591,295.796,0,context_version_changed_at_publish,17.25205732509494,5.408306606113911,77.0
10,predicate,discrete,592,296.172,1,published_after_gate_recheck,16.900428105145693,4.680111072957516,77.0
10,predicate,discrete,593,296.799,1,published_after_gate_recheck,19.361515063792467,4.64943191036582,77.0
10,readset,continuous,594,297.353,0,read_set_version_changed_at_gate,24.81490606442094,8.174607064574957,77.0
10,global,discrete,595,297.687,1,published_after_gate_recheck,21.525213960558176,5.1828729920089245,77.0
10,readset,continuous,596,298.071,1,published_after_gate_recheck,15.47105610370636,4.300878848880529,77.0
10,predicate,continuous,597,298.762,1,published_after_gate_recheck,16.613278072327375,4.587887786328793,77.0
10,readset,continuous,598,299.438,1,published_after_gate_recheck,20.82002116367221,4.902618005871773,77.0
10,predicate,continuous,599,299.967,1,published_after_gate_recheck,21.83400420472026,5.118313245475292,77.0
