version_scope,pattern,target_rate_hz,run,gateway_released,outcome,reason,e2e_latency_ms,validation_to_gate_ms,achieved_rate_hz,goodput_ips
global,unrelated,0,0,1,EXECUTE,published_after_gate_recheck,15.606113942340016,1.9383239559829235,0.0,73.46170869296098
global,unrelated,0,1,1,EXECUTE,published_after_gate_recheck,18.22664705105126,7.336572976782918,0.0,73.46170869296098
global,unrelated,0,2,1,EXECUTE,published_after_gate_recheck,15.816458966583014,5.949001992121339,0.0,73.46170869296098
global,unrelated,0,3,1,EXECUTE,published_after_gate_recheck,23.29620998352766,8.996735094115138,0.0,73.46170869296098
global,unrelated,0,4,1,EXECUTE,published_after_gate_recheck,13.163997093215585,2.725169062614441,0.0,73.46170869296098
global,unrelated,0,5,1,EXECUTE,published_after_gate_recheck,11.603110935539007,3.0004940927028656,0.0,73.46170869296098
global,unrelated,0,6,1,EXECUTE,published_after_gate_recheck,18.35619006305933,2.580877859145403,0.0,73.46170869296098
global,unrelated,0,7,1,EXECUTE,published_after_gate_recheck,10.775037808343768,2.4272501468658447,0.0,73.46170869296098
global,unrelated,0,8,1,EXECUTE,published_after_gate_recheck,16.873450949788094,6.264863070100546,0.0,73.46170869296098
global,unrelated,0,9,1,EXECUTE,published_after_gate_recheck,20.70769784040749,6.506986916065216,0.0,73.46170869296098
global,unrelated,0,10,1,EXECUTE,published_after_gate_recheck,9.396513924002647,1.6752199735492468,0.0,73.46170869296098
global,unrelated,0,11,1,EXECUTE,published_after_gate_recheck,17.510815057903528,1.7944639548659325,0.0,73.46170869296098
global,unrelated,0,12,1,EXECUTE,published_after_gate_recheck,9.519885061308742,1.590802101418376,0.0,73.46170869296098
global,unrelated,0,13,1,EXECUTE,published_after_gate_recheck,12.115682009607553,2.3263408802449703,0.0,73.46170869296098
global,unrelated,0,14,1,EXECUTE,published_after_gate_recheck,12.11010105907917,4.407842876389623,0.0,73.46170869296098
global,unrelated,0,15,1,EXECUTE,published_after_gate_recheck,8.751345099881291,3.194008022546768,0.0,73.46170869296098
global,unrelated,0,16,1,EXECUTE,published_after_gate_recheck,19.741317024454474,7.805732078850269,0.0,73.46170869296098
global,unrelated,0,17,1,EXECUTE,published_after_gate_recheck,17.6739611197263,2.428713021799922,0.0,73.46170869296098
global,unrelated,0,18,1,EXECUTE,published_after_gate_recheck,16.765858978033066,5.153510021045804,0.0,73.46170869296098
global,unrelated,0,19,1,EXECUTE,published_after_gate_recheck,13.65721202455461,3.8826381787657738,0.0,73.46170869296098
global,unrelated,0,20,1,EXECUTE,published_after_gate_recheck,18.778200959786773,3.5744011402130127,0.0,73.46170869296098
global,unrelated,0,21,1,EXECUTE,published_after_gate_recheck,11.013105046004057,2.3873350583016872,0.0,73.46170869296098
global,unrelated,0,22,1,EXECUTE,published_after_gate_recheck,11.13494299352169,1.4099031686782837,0.0,73.46170869296098
global,unrelated,0,23,1,EXECUTE,published_after_gate_recheck,9.86187718808651,1.3841239269822836,0.0,73.46170869296098
global,unrelated,0,24,1,EXECUTE,published_after_gate_recheck,12.108427938073874,1.8342589028179646,0.0,73.46170869296098
global,unrelated,0,25,1,EXECUTE,published_after_gate_recheck,8.474556030705571,1.583958975970745,0.0,73.46170869296098
global,unrelated,0,26,1,EXECUTE,published_after_gate_recheck,12.312892125919461,1.5674480237066746,0.0,73.46170869296098
global,unrelated,0,27,1,EXECUTE,published_after_gate_recheck,15.588181093335152,2.219310961663723,0.0,73.46170869296098
global,unrelated,0,28,1,EXECUTE,published_after_gate_recheck,7.194445934146643,1.4766980893909931,0.0,73.46170869296098
global,unrelated,0,29,1,EXECUTE,published_after_gate_recheck,21.92276599816978,6.088924128562212,0.0,73.46170869296098
global,unrelated,0,30,1,EXECUTE,published_after_gate_recheck,25.56388103403151,7.701297057792544,0.0,73.46170869296098
global,unrelated,0,31,1,EXECUTE,published_after_gate_recheck,9.290446061640978,1.857672119513154,0.0,73.46170869296098
global,unrelated,0,32,1,EXECUTE,published_after_gate_recheck,14.300346141681075,1.7470249440521002,0.0,73.46170869296098
global,unrelated,0,33,1,EXECUTE,published_after_gate_recheck,9.67749091796577,2.75779003277421,0.0,73.46170869296098
global,unrelated,0,34,1,EXECUTE,published_after_gate_recheck,15.78799495473504,1.8043620511889458,0.0,73.46170869296098
global,unrelated,0,35,1,EXECUTE,published_after_gate_recheck,13.96925700828433,7.635542890056968,0.0,73.46170869296098
global,unrelated,0,36,1,EXECUTE,published_after_gate_recheck,20.390222081914544,7.249159039929509,0.0,73.46170869296098
global,unrelated,0,37,1,EXECUTE,published_after_gate_recheck,10.876758955419064,2.1267770789563656,0.0,73.46170869296098
global,unrelated,0,38,1,EXECUTE,published_after_gate_recheck,21.39236102811992,5.350538995116949,0.0,73.46170869296098
global,unrelated,0,39,1,EXECUTE,published_after_gate_recheck,16.0237280651927,2.772205974906683,0.0,73.46170869296098
global,unrelated,0,40,1,EXECUTE,published_after_gate_recheck,13.395169982686639,1.919938949868083,0.0,73.46170869296098
global,unrelated,0,41,1,EXECUTE,published_after_gate_recheck,14.209615997970104,1.5403670258820057,0.0,73.46170869296098
global,unrelated,0,42,1,EXECUTE,published_after_gate_recheck,9.829996852204204,1.9100408535450697,0.0,73.46170869296098
global,unrelated,0,43,1,EXECUTE,published_after_gate_recheck,10.936440899968147,1.7431769520044327,0.0,73.46170869296098
global,unrelated,0,44,1,EXECUTE,published_after_gate_recheck,13.752119150012732,1.4366030227392912,0.0,73.46170869296098
global,unrelated,0,45,1,EXECUTE,published_after_gate_recheck,9.881081990897655,3.2798980828374624,0.0,73.46170869296098
global,unrelated,0,46,1,EXECUTE,published_after_gate_recheck,11.751178884878755,2.3972538765519857,0.0,73.46170869296098
global,unrelated,0,47,1,EXECUTE,published_after_gate_recheck,7.170361932367086,1.594659173861146,0.0,73.46170869296098
global,unrelated,0,48,1,EXECUTE,published_after_gate_recheck,4.924430977553129,1.502476865425706,0.0,73.46170869296098
global,unrelated,0,49,1,EXECUTE,published_after_gate_recheck,13.861082959920168,4.18902188539505,0.0,73.46170869296098
global,unrelated,0,50,1,EXECUTE,published_after_gate_recheck,12.026424054056406,1.7775120213627815,0.0,73.46170869296098
global,unrelated,0,51,1,EXECUTE,published_after_gate_recheck,12.27928907610476,3.7488271482288837,0.0,73.46170869296098
global,unrelated,0,52,1,EXECUTE,published_after_gate_recheck,27.12382609024644,3.2529979944229126,0.0,73.46170869296098
global,unrelated,0,53,1,EXECUTE,published_after_gate_recheck,15.84524312056601,4.039742983877659,0.0,73.46170869296098
global,unrelated,0,54,1,EXECUTE,published_after_gate_recheck,19.329483853653073,5.238499958068132,0.0,73.46170869296098
global,unrelated,0,55,1,EXECUTE,published_after_gate_recheck,12.147251050919294,1.475224969908595,0.0,73.46170869296098
global,unrelated,0,56,1,EXECUTE,published_after_gate_recheck,11.140312999486923,1.498569967225194,0.0,73.46170869296098
global,unrelated,0,57,1,EXECUTE,published_after_gate_recheck,14.467881061136723,5.833654897287488,0.0,73.46170869296098
global,unrelated,0,58,1,EXECUTE,published_after_gate_recheck,18.03058013319969,5.1024139393121,0.0,73.46170869296098
global,unrelated,0,59,1,EXECUTE,published_after_gate_recheck,8.129538968205452,1.8452589865773916,0.0,73.46170869296098
global,unrelated,0,60,1,EXECUTE,published_after_gate_recheck,8.158202981576324,1.5663858503103256,0.0,73.46170869296098
global,unrelated,0,61,1,EXECUTE,published_after_gate_recheck,5.13095804490149,2.0029940642416477,0.0,73.46170869296098
global,unrelated,0,62,1,EXECUTE,published_after_gate_recheck,7.224733009934425,1.6039460897445679,0.0,73.46170869296098
global,unrelated,0,63,1,EXECUTE,published_after_gate_recheck,14.36912501230836,3.9350357837975025,0.0,73.46170869296098
global,unrelated,0,64,1,EXECUTE,published_after_gate_recheck,12.341465102508664,1.5259610954672098,0.0,73.46170869296098
global,unrelated,0,65,1,EXECUTE,published_after_gate_recheck,11.04809995740652,5.936919013038278,0.0,73.46170869296098
global,unrelated,0,66,1,EXECUTE,published_after_gate_recheck,9.73383686505258,1.451530959457159,0.0,73.46170869296098
global,unrelated,0,67,1,EXECUTE,published_after_gate_recheck,8.89770919457078,1.4918760862201452,0.0,73.46170869296098
global,unrelated,0,68,1,EXECUTE,published_after_gate_recheck,12.78061792254448,1.4302909839898348,0.0,73.46170869296098
global,unrelated,0,69,1,EXECUTE,published_after_gate_recheck,12.210540007799864,5.01509103924036,0.0,73.46170869296098
global,unrelated,0,70,1,EXECUTE,published_after_gate_recheck,7.287230109795928,1.5397670213133097,0.0,73.46170869296098
global,unrelated,0,71,1,EXECUTE,published_after_gate_recheck,15.561100095510483,3.828496905043721,0.0,73.46170869296098
global,unrelated,0,72,1,EXECUTE,published_after_gate_recheck,13.108952902257442,1.942019909620285,0.0,73.46170869296098
global,unrelated,0,73,1,EXECUTE,published_after_gate_recheck,10.121703147888184,3.5268408246338367,0.0,73.46170869296098
global,unrelated,0,74,1,EXECUTE,published_after_gate_recheck,11.006632121279836,2.0273299887776375,0.0,73.46170869296098
global,unrelated,0,75,1,EXECUTE,published_after_gate_recheck,15.587338944897056,3.103607799857855,0.0,73.46170869296098
global,unrelated,0,76,1,EXECUTE,published_after_gate_recheck,22.310832981020212,4.3647619895637035,0.0,73.46170869296098
global,unrelated,0,77,1,EXECUTE,published_after_gate_recheck,12.337777996435761,2.0122521091252565,0.0,73.46170869296098
global,unrelated,0,78,1,EXECUTE,published_after_gate_recheck,14.919827925041318,1.726425951346755,0.0,73.46170869296098
global,unrelated,0,79,1,EXECUTE,published_after_gate_recheck,12.518866918981075,4.543747985735536,0.0,73.46170869296098
global,unrelated,0,80,1,EXECUTE,published_after_gate_recheck,9.951123967766762,3.1570380087941885,0.0,73.46170869296098
global,unrelated,0,81,1,EXECUTE,published_after_gate_recheck,18.845907878130674,1.7041240353137255,0.0,73.46170869296098
global,unrelated,0,82,1,EXECUTE,published_after_gate_recheck,17.61212502606213,2.6243790052831173,0.0,73.46170869296098
global,unrelated,0,83,1,EXECUTE,published_after_gate_recheck,12.157210148870945,2.811209997162223,0.0,73.46170869296098
global,unrelated,0,84,1,EXECUTE,published_after_gate_recheck,10.179121047258377,3.245132975280285,0.0,73.46170869296098
global,unrelated,0,85,1,EXECUTE,published_after_gate_recheck,14.340841909870505,4.147715168073773,0.0,73.46170869296098
global,unrelated,0,86,1,EXECUTE,published_after_gate_recheck,7.873770082369447,1.9827168434858322,0.0,73.46170869296098
global,unrelated,0,87,1,EXECUTE,published_after_gate_recheck,21.48846094496548,2.333093900233507,0.0,73.46170869296098
global,unrelated,0,88,1,EXECUTE,published_after_gate_recheck,22.121998947113752,5.219144048169255,0.0,73.46170869296098
global,unrelated,0,89,1,EXECUTE,published_after_gate_recheck,12.305527925491333,3.6660830955952406,0.0,73.46170869296098
global,unrelated,0,90,1,EXECUTE,published_after_gate_recheck,17.96245202422142,8.232722990214825,0.0,73.46170869296098
global,unrelated,0,91,1,EXECUTE,published_after_gate_recheck,15.340676996856928,5.144554190337658,0.0,73.46170869296098
global,unrelated,0,92,1,EXECUTE,published_after_gate_recheck,9.11720097064972,1.7134619411081076,0.0,73.46170869296098
global,unrelated,0,93,1,EXECUTE,published_after_gate_recheck,10.48912201076746,4.393615992739797,0.0,73.46170869296098
global,unrelated,0,94,1,EXECUTE,published_after_gate_recheck,16.722796950489283,2.0574668888002634,0.0,73.46170869296098
global,unrelated,0,95,1,EXECUTE,published_after_gate_recheck,18.84746109135449,3.2983929850161076,0.0,73.46170869296098
global,unrelated,0,96,1,EXECUTE,published_after_gate_recheck,7.785374065861106,1.705386908724904,0.0,73.46170869296098
global,unrelated,0,97,1,EXECUTE,published_after_gate_recheck,6.816828856244683,1.637991052120924,0.0,73.46170869296098
global,unrelated,0,98,1,EXECUTE,published_after_gate_recheck,9.35156992636621,1.799253048375249,0.0,73.46170869296098
global,unrelated,0,99,1,EXECUTE,published_after_gate_recheck,10.086487978696823,4.302274901419878,0.0,73.46170869296098
readset,unrelated,0,0,1,EXECUTE,published_after_gate_recheck,12.91983900591731,5.630153929814696,0.0,81.88791688244281
readset,unrelated,0,1,1,EXECUTE,published_after_gate_recheck,8.972509065642953,3.277665004134178,0.0,81.88791688244281
readset,unrelated,0,2,1,EXECUTE,published_after_gate_recheck,16.513806069269776,6.32549705915153,0.0,81.88791688244281
readset,unrelated,0,3,1,EXECUTE,published_after_gate_recheck,15.030425041913986,3.114087972790003,0.0,81.88791688244281
readset,unrelated,0,4,1,EXECUTE,published_after_gate_recheck,10.208786930888891,4.6183280646800995,0.0,81.88791688244281
readset,unrelated,0,5,1,EXECUTE,published_after_gate_recheck,10.942032095044851,3.312199143692851,0.0,81.88791688244281
readset,unrelated,0,6,1,EXECUTE,published_after_gate_recheck,16.068160068243742,4.375171847641468,0.0,81.88791688244281
readset,unrelated,0,7,1,EXECUTE,published_after_gate_recheck,12.855298118665814,4.170066909864545,0.0,81.88791688244281
readset,unrelated,0,8,1,EXECUTE,published_after_gate_recheck,10.134908836334944,3.252877853810787,0.0,81.88791688244281
readset,unrelated,0,9,1,EXECUTE,published_after_gate_recheck,12.54491601139307,1.8123369663953781,0.0,81.88791688244281
readset,unrelated,0,10,1,EXECUTE,published_after_gate_recheck,12.103808810934424,3.2075729686766863,0.0,81.88791688244281
readset,unrelated,0,11,1,EXECUTE,published_after_gate_recheck,23.010744946077466,5.537400022149086,0.0,81.88791688244281
readset,unrelated,0,12,1,EXECUTE,published_after_gate_recheck,12.982025044038892,3.0807049479335546,0.0,81.88791688244281
readset,unrelated,0,13,1,EXECUTE,published_after_gate_recheck,18.689935095608234,1.9426411017775536,0.0,81.88791688244281
readset,unrelated,0,14,1,EXECUTE,published_after_gate_recheck,22.27835194207728,4.600202897563577,0.0,81.88791688244281
readset,unrelated,0,15,1,EXECUTE,published_after_gate_recheck,14.998975908383727,1.9410292152315378,0.0,81.88791688244281
readset,unrelated,0,16,1,EXECUTE,published_after_gate_recheck,12.732818955555558,2.90602701716125,0.0,81.88791688244281
readset,unrelated,0,17,1,EXECUTE,published_after_gate_recheck,8.18584393709898,4.648674046620727,0.0,81.88791688244281
readset,unrelated,0,18,1,EXECUTE,published_after_gate_recheck,10.983570013195276,1.6461960040032864,0.0,81.88791688244281
readset,unrelated,0,19,1,EXECUTE,published_after_gate_recheck,15.458238078281283,3.5143180284649134,0.0,81.88791688244281
readset,unrelated,0,20,1,EXECUTE,published_after_gate_recheck,9.983494877815247,1.6151878517121077,0.0,81.88791688244281
readset,unrelated,0,21,1,EXECUTE,published_after_gate_recheck,10.035983053967357,3.6993040703237057,0.0,81.88791688244281
readset,unrelated,0,22,1,EXECUTE,published_after_gate_recheck,22.489386843517423,5.905209807679057,0.0,81.88791688244281
readset,unrelated,0,23,1,EXECUTE,published_after_gate_recheck,16.477257944643497,8.033539867028594,0.0,81.88791688244281
readset,unrelated,0,24,1,EXECUTE,published_after_gate_recheck,8.843898074701428,2.582500921562314,0.0,81.88791688244281
readset,unrelated,0,25,1,EXECUTE,published_after_gate_recheck,13.90060712583363,2.0077740773558617,0.0,81.88791688244281
readset,unrelated,0,26,1,EXECUTE,published_after_gate_recheck,16.299123875796795,1.8762070685625076,0.0,81.88791688244281
readset,unrelated,0,27,1,EXECUTE,published_after_gate_recheck,12.416846118867397,3.8320529274642467,0.0,81.88791688244281
readset,unrelated,0,28,1,EXECUTE,published_after_gate_recheck,11.258834972977638,3.4389670472592115,0.0,81.88791688244281
readset,unrelated,0,29,1,EXECUTE,published_after_gate_recheck,12.026104144752026,2.5674127973616123,0.0,81.88791688244281
readset,unrelated,0,30,1,EXECUTE,published_after_gate_recheck,13.736650114879012,6.198841147124767,0.0,81.88791688244281
readset,unrelated,0,31,1,EXECUTE,published_after_gate_recheck,8.683447958901525,4.626832902431488,0.0,81.88791688244281
readset,unrelated,0,32,1,EXECUTE,published_after_gate_recheck,14.724322129040956,5.823406158015132,0.0,81.88791688244281
readset,unrelated,0,33,1,EXECUTE,published_after_gate_recheck,13.813012978062034,1.7763199284672737,0.0,81.88791688244281
readset,unrelated,0,34,1,EXECUTE,published_after_gate_recheck,10.53017913363874,1.6096970066428185,0.0,81.88791688244281
readset,unrelated,0,35,1,EXECUTE,published_after_gate_recheck,12.650573858991265,1.5363399870693684,0.0,81.88791688244281
readset,unrelated,0,36,1,EXECUTE,published_after_gate_recheck,7.947888923808932,1.6832149121910334,0.0,81.88791688244281
readset,unrelated,0,37,1,EXECUTE,published_after_gate_recheck,11.803786968812346,7.621837081387639,0.0,81.88791688244281
readset,unrelated,0,38,1,EXECUTE,published_after_gate_recheck,8.130962029099464,2.9905361589044333,0.0,81.88791688244281
readset,unrelated,0,39,1,EXECUTE,published_after_gate_recheck,11.092212982475758,1.5893199015408754,0.0,81.88791688244281
readset,unrelated,0,40,1,EXECUTE,published_after_gate_recheck,8.043678011745214,1.6675759106874466,0.0,81.88791688244281
readset,unrelated,0,41,1,EXECUTE,published_after_gate_recheck,11.820347979664803,5.18037099391222,0.0,81.88791688244281
readset,unrelated,0,42,1,EXECUTE,published_after_gate_recheck,5.906381877139211,1.6257679089903831,0.0,81.88791688244281
readset,unrelated,0,43,1,EXECUTE,published_after_gate_recheck,14.593686908483505,4.856504034250975,0.0,81.88791688244281
readset,unrelated,0,44,1,EXECUTE,published_after_gate_recheck,11.34733110666275,5.219092825427651,0.0,81.88791688244281
readset,unrelated,0,45,1,EXECUTE,published_after_gate_recheck,9.011713089421391,1.5721069648861885,0.0,81.88791688244281
readset,unrelated,0,46,1,EXECUTE,published_after_gate_recheck,10.100524174049497,4.995343973860145,0.0,81.88791688244281
readset,unrelated,0,47,1,EXECUTE,published_after_gate_recheck,8.412871044129133,1.6983828973025084,0.0,81.88791688244281
readset,unrelated,0,48,1,EXECUTE,published_after_gate_recheck,14.413808938115835,2.1670719143003225,0.0,81.88791688244281
readset,unrelated,0,49,1,EXECUTE,published_after_gate_recheck,17.453146865591407,4.020086023956537,0.0,81.88791688244281
readset,unrelated,0,50,1,EXECUTE,published_after_gate_recheck,13.367468025535345,2.006100956350565,0.0,81.88791688244281
readset,unrelated,0,51,1,EXECUTE,published_after_gate_recheck,15.494045102968812,4.481039941310883,0.0,81.88791688244281
readset,unrelated,0,52,1,EXECUTE,published_after_gate_recheck,17.27529289200902,3.761682193726301,0.0,81.88791688244281
readset,unrelated,0,53,1,EXECUTE,published_after_gate_recheck,13.23484000749886,3.967447904869914,0.0,81.88791688244281
readset,unrelated,0,54,1,EXECUTE,published_after_gate_recheck,13.276047073304653,4.28164703771472,0.0,81.88791688244281
readset,unrelated,0,55,1,EXECUTE,published_after_gate_recheck,14.219556003808975,3.6400440149009228,0.0,81.88791688244281
readset,unrelated,0,56,1,EXECUTE,published_after_gate_recheck,10.891597019508481,6.20505097322166,0.0,81.88791688244281
readset,unrelated,0,57,1,EXECUTE,published_after_gate_recheck,8.934016805142164,3.5833269357681274,0.0,81.88791688244281
readset,unrelated,0,58,1,EXECUTE,published_after_gate_recheck,17.19309901818633,9.078948991373181,0.0,81.88791688244281
readset,unrelated,0,59,1,EXECUTE,published_after_gate_recheck,12.814831919968128,7.263354957103729,0.0,81.88791688244281
readset,unrelated,0,60,1,EXECUTE,published_after_gate_recheck,7.540524937212467,3.057601861655712,0.0,81.88791688244281
readset,unrelated,0,61,1,EXECUTE,published_after_gate_recheck,9.262693813070655,4.814655054360628,0.0,81.88791688244281
readset,unrelated,0,62,1,EXECUTE,published_after_gate_recheck,8.414112031459808,1.616419991478324,0.0,81.88791688244281
readset,unrelated,0,63,1,EXECUTE,published_after_gate_recheck,10.291060898452997,3.0013760551810265,0.0,81.88791688244281
readset,unrelated,0,64,1,EXECUTE,published_after_gate_recheck,8.318373002111912,1.727408031001687,0.0,81.88791688244281
readset,unrelated,0,65,1,EXECUTE,published_after_gate_recheck,12.598887085914612,2.2339681163430214,0.0,81.88791688244281
readset,unrelated,0,66,1,EXECUTE,published_after_gate_recheck,9.302558144554496,4.665395012125373,0.0,81.88791688244281
readset,unrelated,0,67,1,EXECUTE,published_after_gate_recheck,11.251911986619234,6.6215828992426395,0.0,81.88791688244281
readset,unrelated,0,68,1,EXECUTE,published_after_gate_recheck,16.062540002167225,6.704949075356126,0.0,81.88791688244281
readset,unrelated,0,69,1,EXECUTE,published_after_gate_recheck,13.627404812723398,1.577596878632903,0.0,81.88791688244281
readset,unrelated,0,70,1,EXECUTE,published_after_gate_recheck,10.739031014963984,2.1562520414590836,0.0,81.88791688244281
readset,unrelated,0,71,1,EXECUTE,published_after_gate_recheck,9.164698887616396,2.8445019852370024,0.0,81.88791688244281
readset,unrelated,0,72,1,EXECUTE,published_after_gate_recheck,9.775896091014147,1.6827951185405254,0.0,81.88791688244281
readset,unrelated,0,73,1,EXECUTE,published_after_gate_recheck,8.88803112320602,3.166896989569068,0.0,81.88791688244281
readset,unrelated,0,74,1,EXECUTE,published_after_gate_recheck,10.493230074644089,1.676803920418024,0.0,81.88791688244281
readset,unrelated,0,75,1,EXECUTE,published_after_gate_recheck,11.25633087940514,1.5486630145460367,0.0,81.88791688244281
readset,unrelated,0,76,1,EXECUTE,published_after_gate_recheck,8.733981987461448,1.6508549451828003,0.0,81.88791688244281
readset,unrelated,0,77,1,EXECUTE,published_after_gate_recheck,12.460507918149233,4.329896066337824,0.0,81.88791688244281
readset,unrelated,0,78,1,EXECUTE,published_after_gate_recheck,8.56044702231884,1.6371188685297966,0.0,81.88791688244281
readset,unrelated,0,79,1,EXECUTE,published_after_gate_recheck,9.05261980369687,2.03769002109766,0.0,81.88791688244281
readset,unrelated,0,80,1,EXECUTE,published_after_gate_recheck,9.65154217556119,4.346777917817235,0.0,81.88791688244281
readset,unrelated,0,81,1,EXECUTE,published_after_gate_recheck,7.420551031827927,1.6329609788954258,0.0,81.88791688244281
readset,unrelated,0,82,1,EXECUTE,published_after_gate_recheck,15.98959299735725,7.1332319639623165,0.0,81.88791688244281
readset,unrelated,0,83,1,EXECUTE,published_after_gate_recheck,8.706440916284919,1.7017410136759281,0.0,81.88791688244281
readset,unrelated,0,84,1,EXECUTE,published_after_gate_recheck,9.968025842681527,6.105284905061126,0.0,81.88791688244281
readset,unrelated,0,85,1,EXECUTE,published_after_gate_recheck,16.368222888559103,4.994983086362481,0.0,81.88791688244281
readset,unrelated,0,86,1,EXECUTE,published_after_gate_recheck,9.58189181983471,2.372196177020669,0.0,81.88791688244281
readset,unrelated,0,87,1,EXECUTE,published_after_gate_recheck,9.38501302152872,1.773844938725233,0.0,81.88791688244281
readset,unrelated,0,88,1,EXECUTE,published_after_gate_recheck,11.949760839343071,5.395704181864858,0.0,81.88791688244281
readset,unrelated,0,89,1,EXECUTE,published_after_gate_recheck,11.342331999912858,2.4127832148224115,0.0,81.88791688244281
readset,unrelated,0,90,1,EXECUTE,published_after_gate_recheck,16.52947603724897,1.8985890783369541,0.0,81.88791688244281
readset,unrelated,0,91,1,EXECUTE,published_after_gate_recheck,12.65768799930811,4.7663250006735325,0.0,81.88791688244281
readset,unrelated,0,92,1,EXECUTE,published_after_gate_recheck,15.174595871940255,2.884897869080305,0.0,81.88791688244281
readset,unrelated,0,93,1,EXECUTE,published_after_gate_recheck,15.572291100397706,4.790779901668429,0.0,81.88791688244281
readset,unrelated,0,94,1,EXECUTE,published_after_gate_recheck,13.902351027354598,3.1317099928855896,0.0,81.88791688244281
readset,unrelated,0,95,1,EXECUTE,published_after_gate_recheck,15.137916896492243,5.500881001353264,0.0,81.88791688244281
readset,unrelated,0,96,1,EXECUTE,published_after_gate_recheck,10.096647078171372,1.6389330849051476,0.0,81.88791688244281
readset,unrelated,0,97,1,EXECUTE,published_after_gate_recheck,9.417854016646743,3.9959109853953123,0.0,81.88791688244281
readset,unrelated,0,98,1,EXECUTE,published_after_gate_recheck,7.790252799168229,1.524166902527213,0.0,81.88791688244281
readset,unrelated,0,99,1,EXECUTE,published_after_gate_recheck,9.496861835941672,3.5840680357068777,0.0,81.88791688244281
global,related_same,0,0,1,EXECUTE,published_after_gate_recheck,12.481165817007422,4.588361131027341,0.0,83.54682381125727
global,related_same,0,1,1,EXECUTE,published_after_gate_recheck,17.62648089788854,1.6625160351395607,0.0,83.54682381125727
global,related_same,0,2,1,EXECUTE,published_after_gate_recheck,6.350033916532993,2.605854067951441,0.0,83.54682381125727
global,related_same,0,3,1,EXECUTE,published_after_gate_recheck,13.896228978410363,7.1064510848373175,0.0,83.54682381125727
global,related_same,0,4,1,EXECUTE,published_after_gate_recheck,12.366291135549545,3.3533561509102583,0.0,83.54682381125727
global,related_same,0,5,1,EXECUTE,published_after_gate_recheck,11.23348786495626,4.283259157091379,0.0,83.54682381125727
global,related_same,0,6,1,EXECUTE,published_after_gate_recheck,13.124702963978052,1.6845581121742725,0.0,83.54682381125727
global,related_same,0,7,1,EXECUTE,published_after_gate_recheck,9.470533113926649,1.6587600111961365,0.0,83.54682381125727
global,related_same,0,8,1,EXECUTE,published_after_gate_recheck,11.898734839633107,2.7569180820137262,0.0,83.54682381125727
global,related_same,0,9,1,EXECUTE,published_after_gate_recheck,7.276199059560895,1.6389719676226377,0.0,83.54682381125727
global,related_same,0,10,1,EXECUTE,published_after_gate_recheck,13.37499194778502,1.6993351746350527,0.0,83.54682381125727
global,related_same,0,11,1,EXECUTE,published_after_gate_recheck,10.414562886580825,2.1338099613785744,0.0,83.54682381125727
global,related_same,0,12,1,EXECUTE,published_after_gate_recheck,13.637644937261939,8.40706005692482,0.0,83.54682381125727
global,related_same,0,13,1,EXECUTE,published_after_gate_recheck,24.37567408196628,4.1228479240089655,0.0,83.54682381125727
global,related_same,0,14,1,EXECUTE,published_after_gate_recheck,16.350118909031153,4.1352021507918835,0.0,83.54682381125727
global,related_same,0,15,1,EXECUTE,published_after_gate_recheck,10.68160287104547,1.7830929718911648,0.0,83.54682381125727
global,related_same,0,16,1,EXECUTE,published_after_gate_recheck,12.174190953373909,1.6941160429269075,0.0,83.54682381125727
global,related_same,0,17,1,EXECUTE,published_after_gate_recheck,5.729620810598135,1.622701995074749,0.0,83.54682381125727
global,related_same,0,18,1,EXECUTE,published_after_gate_recheck,18.524965969845653,4.2855930514633656,0.0,83.54682381125727
global,related_same,0,19,1,EXECUTE,published_after_gate_recheck,9.236003970727324,1.7078621312975883,0.0,83.54682381125727
global,related_same,0,20,1,EXECUTE,published_after_gate_recheck,7.6671929564327,1.9241978880017996,0.0,83.54682381125727
global,related_same,0,21,1,EXECUTE,published_after_gate_recheck,9.727213997393847,1.9650028552860022,0.0,83.54682381125727
global,related_same,0,22,1,EXECUTE,published_after_gate_recheck,5.435419036075473,1.729052048176527,0.0,83.54682381125727
global,related_same,0,23,1,EXECUTE,published_after_gate_recheck,16.227800166234374,3.6175609566271305,0.0,83.54682381125727
global,related_same,0,24,1,EXECUTE,published_after_gate_recheck,13.892662012949586,2.2579431533813477,0.0,83.54682381125727
global,related_same,0,25,1,EXECUTE,published_after_gate_recheck,11.476423125714064,7.553048199042678,0.0,83.54682381125727
global,related_same,0,26,1,EXECUTE,published_after_gate_recheck,9.329488035291433,1.6950680874288082,0.0,83.54682381125727
global,related_same,0,27,1,EXECUTE,published_after_gate_recheck,9.8373310174793,1.718561863526702,0.0,83.54682381125727
global,related_same,0,28,1,EXECUTE,published_after_gate_recheck,11.084798956289887,5.502304062247276,0.0,83.54682381125727
global,related_same,0,29,1,EXECUTE,published_after_gate_recheck,12.898568995296955,2.10917298682034,0.0,83.54682381125727
global,related_same,0,30,1,EXECUTE,published_after_gate_recheck,10.673949029296637,3.4984878730028868,0.0,83.54682381125727
global,related_same,0,31,1,EXECUTE,published_after_gate_recheck,16.425961861386895,7.255490869283676,0.0,83.54682381125727
global,related_same,0,32,1,EXECUTE,published_after_gate_recheck,13.168675126507878,1.9877571612596512,0.0,83.54682381125727
global,related_same,0,33,1,EXECUTE,published_after_gate_recheck,9.218299994245172,1.852422021329403,0.0,83.54682381125727
global,related_same,0,34,1,EXECUTE,published_after_gate_recheck,15.126175014302135,3.185851965099573,0.0,83.54682381125727
global,related_same,0,35,1,EXECUTE,published_after_gate_recheck,13.444503070786595,3.5292559769004583,0.0,83.54682381125727
global,related_same,0,36,1,EXECUTE,published_after_gate_recheck,13.416499830782413,1.9903008360415697,0.0,83.54682381125727
global,related_same,0,37,1,EXECUTE,published_after_gate_recheck,14.072338817641139,2.081922022625804,0.0,83.54682381125727
global,related_same,0,38,1,EXECUTE,published_after_gate_recheck,8.72818217612803,1.8590749241411686,0.0,83.54682381125727
global,related_same,0,39,1,EXECUTE,published_after_gate_recheck,17.00350409373641,9.641534183174372,0.0,83.54682381125727
global,related_same,0,40,1,EXECUTE,published_after_gate_recheck,19.06085992231965,6.609229138121009,0.0,83.54682381125727
global,related_same,0,41,1,EXECUTE,published_after_gate_recheck,9.790462907403708,1.7604499589651823,0.0,83.54682381125727
global,related_same,0,42,1,EXECUTE,published_after_gate_recheck,5.304172867909074,1.771681010723114,0.0,83.54682381125727
global,related_same,0,43,1,EXECUTE,published_after_gate_recheck,10.84319711662829,1.9146399572491646,0.0,83.54682381125727
global,related_same,0,44,1,EXECUTE,published_after_gate_recheck,8.166539017111063,1.6262189019471407,0.0,83.54682381125727
global,related_same,0,45,1,EXECUTE,published_after_gate_recheck,12.507376028224826,2.153696957975626,0.0,83.54682381125727
global,related_same,0,46,1,EXECUTE,published_after_gate_recheck,10.31779102049768,5.260511068627238,0.0,83.54682381125727
global,related_same,0,47,1,EXECUTE,published_after_gate_recheck,16.020060051232576,5.007726838812232,0.0,83.54682381125727
global,related_same,0,48,1,EXECUTE,published_after_gate_recheck,6.4643980003893375,1.616520108655095,0.0,83.54682381125727
global,related_same,0,49,1,EXECUTE,published_after_gate_recheck,10.384777095168829,1.7159658018499613,0.0,83.54682381125727
global,related_same,0,50,1,EXECUTE,published_after_gate_recheck,13.528549810871482,1.6062010545283556,0.0,83.54682381125727
global,related_same,0,51,1,EXECUTE,published_after_gate_recheck,12.846441008150578,4.685913911089301,0.0,83.54682381125727
global,related_same,0,52,1,EXECUTE,published_after_gate_recheck,9.059663163498044,1.727408031001687,0.0,83.54682381125727
global,related_same,0,53,1,EXECUTE,published_after_gate_recheck,9.647393831983209,1.6196758951991796,0.0,83.54682381125727
global,related_same,0,54,1,EXECUTE,published_after_gate_recheck,7.807555142790079,1.7312350682914257,0.0,83.54682381125727
global,related_same,0,55,1,EXECUTE,published_after_gate_recheck,8.499031886458397,1.6488709952682257,0.0,83.54682381125727
global,related_same,0,56,1,EXECUTE,published_after_gate_recheck,14.921149937435985,3.7948228418827057,0.0,83.54682381125727
global,related_same,0,57,1,EXECUTE,published_after_gate_recheck,12.351693818345666,5.055406130850315,0.0,83.54682381125727
global,related_same,0,58,1,EXECUTE,published_after_gate_recheck,9.930134983733296,4.935571923851967,0.0,83.54682381125727
global,related_same,0,59,1,EXECUTE,published_after_gate_recheck,12.353546917438507,3.552037989720702,0.0,83.54682381125727
global,related_same,0,60,1,EXECUTE,published_after_gate_recheck,7.424427196383476,1.6371388919651508,0.0,83.54682381125727
global,related_same,0,61,1,EXECUTE,published_after_gate_recheck,11.713868007063866,2.0007509738206863,0.0,83.54682381125727
global,related_same,0,62,1,EXECUTE,published_after_gate_recheck,14.509539119899273,4.855001112446189,0.0,83.54682381125727
global,related_same,0,63,1,EXECUTE,published_after_gate_recheck,6.902549182996154,1.6421079635620117,0.0,83.54682381125727
global,related_same,0,64,1,EXECUTE,published_after_gate_recheck,11.327313957735896,2.7823559939861298,0.0,83.54682381125727
global,related_same,0,65,1,EXECUTE,published_after_gate_recheck,16.417284961789846,5.237167002633214,0.0,83.54682381125727
global,related_same,0,66,1,EXECUTE,published_after_gate_recheck,8.970265975221992,5.164421163499355,0.0,83.54682381125727
global,related_same,0,67,1,EXECUTE,published_after_gate_recheck,10.96869190223515,3.9485818706452847,0.0,83.54682381125727
global,related_same,0,68,1,EXECUTE,published_after_gate_recheck,16.32546284236014,3.8954028859734535,0.0,83.54682381125727
global,related_same,0,69,1,EXECUTE,published_after_gate_recheck,10.495173977687955,1.8205128144472837,0.0,83.54682381125727
global,related_same,0,70,1,EXECUTE,published_after_gate_recheck,10.847083991393447,1.866108039394021,0.0,83.54682381125727
global,related_same,0,71,1,EXECUTE,published_after_gate_recheck,9.477054933086038,1.6028140671551228,0.0,83.54682381125727
global,related_same,0,72,1,EXECUTE,published_after_gate_recheck,11.958346934989095,4.681656137108803,0.0,83.54682381125727
global,related_same,0,73,1,EXECUTE,published_after_gate_recheck,16.276760958135128,1.8248308915644884,0.0,83.54682381125727
global,related_same,0,74,1,EXECUTE,published_after_gate_recheck,5.84066822193563,1.8877990078181028,0.0,83.54682381125727
global,related_same,0,75,1,EXECUTE,published_after_gate_recheck,9.04042599722743,1.7474861815571785,0.0,83.54682381125727
global,related_same,0,76,1,EXECUTE,published_after_gate_recheck,9.18520800769329,5.480743944644928,0.0,83.54682381125727
global,related_same,0,77,1,EXECUTE,published_after_gate_recheck,12.219836935400963,2.4098169524222612,0.0,83.54682381125727
global,related_same,0,78,1,EXECUTE,published_after_gate_recheck,10.280320886522532,1.7657899297773838,0.0,83.54682381125727
global,related_same,0,79,1,EXECUTE,published_after_gate_recheck,13.02829198539257,4.649275913834572,0.0,83.54682381125727
global,related_same,0,80,1,EXECUTE,published_after_gate_recheck,15.398855786770582,1.8951429519802332,0.0,83.54682381125727
global,related_same,0,81,1,EXECUTE,published_after_gate_recheck,16.619564034044743,5.359948147088289,0.0,83.54682381125727
global,related_same,0,82,1,EXECUTE,published_after_gate_recheck,12.309905840083957,1.9095789175480604,0.0,83.54682381125727
global,related_same,0,83,1,EXECUTE,published_after_gate_recheck,11.46239717490971,1.8563601188361645,0.0,83.54682381125727
global,related_same,0,84,1,EXECUTE,published_after_gate_recheck,14.183236984536052,3.1041891779750586,0.0,83.54682381125727
global,related_same,0,85,1,EXECUTE,published_after_gate_recheck,12.043296126648784,2.5641669053584337,0.0,83.54682381125727
global,related_same,0,86,1,EXECUTE,published_after_gate_recheck,16.633169958367944,3.509658854454756,0.0,83.54682381125727
global,related_same,0,87,1,EXECUTE,published_after_gate_recheck,12.256085174158216,2.0530179608613253,0.0,83.54682381125727
global,related_same,0,88,1,EXECUTE,published_after_gate_recheck,11.911078123375773,2.6679709553718567,0.0,83.54682381125727
global,related_same,0,89,1,EXECUTE,published_after_gate_recheck,8.810656145215034,2.024014014750719,0.0,83.54682381125727
global,related_same,0,90,1,EXECUTE,published_after_gate_recheck,14.955214923247695,1.6998162027448416,0.0,83.54682381125727
global,related_same,0,91,1,EXECUTE,published_after_gate_recheck,11.877404991537333,3.599377116188407,0.0,83.54682381125727
global,related_same,0,92,1,EXECUTE,published_after_gate_recheck,19.890374969691038,1.7914779018610716,0.0,83.54682381125727
global,related_same,0,93,1,EXECUTE,published_after_gate_recheck,6.966678891330957,1.7714109271764755,0.0,83.54682381125727
global,related_same,0,94,1,EXECUTE,published_after_gate_recheck,11.830867966637015,1.7360839992761612,0.0,83.54682381125727
global,related_same,0,95,1,EXECUTE,published_after_gate_recheck,8.859868859872222,1.6830051317811012,0.0,83.54682381125727
global,related_same,0,96,1,EXECUTE,published_after_gate_recheck,6.519471062347293,1.5989071689546108,0.0,83.54682381125727
global,related_same,0,97,1,EXECUTE,published_after_gate_recheck,21.116394083946943,5.58814499527216,0.0,83.54682381125727
global,related_same,0,98,1,EXECUTE,published_after_gate_recheck,11.49649010039866,1.5536020509898663,0.0,83.54682381125727
global,related_same,0,99,1,EXECUTE,published_after_gate_recheck,10.140008060261607,3.5966429859399796,0.0,83.54682381125727
readset,related_same,0,0,1,EXECUTE,published_after_gate_recheck,9.88901685923338,1.6338929999619722,0.0,83.41638671592041
readset,related_same,0,1,1,EXECUTE,published_after_gate_recheck,8.900483837351203,1.7984609585255384,0.0,83.41638671592041
readset,related_same,0,2,1,EXECUTE,published_after_gate_recheck,13.935403199866414,4.946812987327576,0.0,83.41638671592041
readset,related_same,0,3,1,EXECUTE,published_after_gate_recheck,10.703223990276456,2.5852860417217016,0.0,83.41638671592041
readset,related_same,0,4,1,EXECUTE,published_after_gate_recheck,8.284901035949588,3.321977099403739,0.0,83.41638671592041
readset,related_same,0,5,1,EXECUTE,published_after_gate_recheck,7.727354997768998,1.5445260796695948,0.0,83.41638671592041
readset,related_same,0,6,1,EXECUTE,published_after_gate_recheck,10.797679889947176,3.4435251727700233,0.0,83.41638671592041
readset,related_same,0,7,1,EXECUTE,published_after_gate_recheck,15.907270135357976,3.9110411889851093,0.0,83.41638671592041
readset,related_same,0,8,1,EXECUTE,published_after_gate_recheck,11.16078207269311,1.5772271435707808,0.0,83.41638671592041
readset,related_same,0,9,1,EXECUTE,published_after_gate_recheck,12.913707178086042,5.002297228202224,0.0,83.41638671592041
readset,related_same,0,10,1,EXECUTE,published_after_gate_recheck,10.741766076534986,1.3500209897756577,0.0,83.41638671592041
readset,related_same,0,11,1,EXECUTE,published_after_gate_recheck,9.277561912313104,3.2132428605109453,0.0,83.41638671592041
readset,related_same,0,12,1,EXECUTE,published_after_gate_recheck,15.717654023319483,1.5802420675754547,0.0,83.41638671592041
readset,related_same,0,13,1,EXECUTE,published_after_gate_recheck,8.836874971166253,1.5412899665534496,0.0,83.41638671592041
readset,related_same,0,14,1,EXECUTE,published_after_gate_recheck,19.53252498060465,5.57295698672533,0.0,83.41638671592041
readset,related_same,0,15,1,EXECUTE,published_after_gate_recheck,7.771469186991453,1.5301378443837166,0.0,83.41638671592041
readset,related_same,0,16,1,EXECUTE,published_after_gate_recheck,6.818401161581278,2.594111952930689,0.0,83.41638671592041
readset,related_same,0,17,1,EXECUTE,published_after_gate_recheck,18.50078091956675,8.07102001272142,0.0,83.41638671592041
readset,related_same,0,18,1,EXECUTE,published_after_gate_recheck,7.013927912339568,1.4932099729776382,0.0,83.41638671592041
readset,related_same,0,19,1,EXECUTE,published_after_gate_recheck,7.546055829152465,1.5405879821628332,0.0,83.41638671592041
readset,related_same,0,20,1,EXECUTE,published_after_gate_recheck,6.581447087228298,1.459555933251977,0.0,83.41638671592041
readset,related_same,0,21,1,EXECUTE,published_after_gate_recheck,11.578534031286836,3.2409951090812683,0.0,83.41638671592041
readset,related_same,0,22,1,EXECUTE,published_after_gate_recheck,9.709089994430542,1.4958230312913656,0.0,83.41638671592041
readset,related_same,0,23,1,EXECUTE,published_after_gate_recheck,11.290805181488395,1.6093070153146982,0.0,83.41638671592041
readset,related_same,0,24,1,EXECUTE,published_after_gate_recheck,15.754421940073371,5.694214021787047,0.0,83.41638671592041
readset,related_same,0,25,1,EXECUTE,published_after_gate_recheck,7.147898897528648,1.6984029207378626,0.0,83.41638671592041
readset,related_same,0,26,1,EXECUTE,published_after_gate_recheck,11.71806687489152,1.7070900648832321,0.0,83.41638671592041
readset,related_same,0,27,1,EXECUTE,published_after_gate_recheck,9.746289812028408,2.8755699750036,0.0,83.41638671592041
readset,related_same,0,28,1,EXECUTE,published_after_gate_recheck,12.985332170501351,1.5957311261445284,0.0,83.41638671592041
readset,related_same,0,29,1,EXECUTE,published_after_gate_recheck,14.04875610023737,2.4648511316627264,0.0,83.41638671592041
readset,related_same,0,30,1,EXECUTE,published_after_gate_recheck,14.020472066476941,7.053181994706392,0.0,83.41638671592041
readset,related_same,0,31,1,EXECUTE,published_after_gate_recheck,10.505863931030035,4.104824969545007,0.0,83.41638671592041
readset,related_same,0,32,1,EXECUTE,published_after_gate_recheck,9.063781006261706,3.4293481148779392,0.0,83.41638671592041
readset,related_same,0,33,1,EXECUTE,published_after_gate_recheck,9.713629027828574,3.535366849973798,0.0,83.41638671592041
readset,related_same,0,34,1,EXECUTE,published_after_gate_recheck,41.54956713318825,10.345582850277424,0.0,83.41638671592041
readset,related_same,0,35,1,EXECUTE,published_after_gate_recheck,9.276099037379026,5.566864972934127,0.0,83.41638671592041
readset,related_same,0,36,1,EXECUTE,published_after_gate_recheck,8.23481590487063,1.6729061026126146,0.0,83.41638671592041
readset,related_same,0,37,1,EXECUTE,published_after_gate_recheck,12.012447929009795,4.2117449920624495,0.0,83.41638671592041
readset,related_same,0,38,1,EXECUTE,published_after_gate_recheck,14.15563514456153,3.359166905283928,0.0,83.41638671592041
readset,related_same,0,39,1,EXECUTE,published_after_gate_recheck,9.804690023884177,1.407257979735732,0.0,83.41638671592041
readset,related_same,0,40,1,EXECUTE,published_after_gate_recheck,15.500145964324474,5.678785033524036,0.0,83.41638671592041
readset,related_same,0,41,1,EXECUTE,published_after_gate_recheck,6.238304078578949,1.4215749688446522,0.0,83.41638671592041
readset,related_same,0,42,1,EXECUTE,published_after_gate_recheck,9.667362086474895,1.3175299391150475,0.0,83.41638671592041
readset,related_same,0,43,1,EXECUTE,published_after_gate_recheck,7.097305031493306,1.2557138688862324,0.0,83.41638671592041
readset,related_same,0,44,1,EXECUTE,published_after_gate_recheck,8.384858025237918,1.4772799331694841,0.0,83.41638671592041
readset,related_same,0,45,1,EXECUTE,published_after_gate_recheck,11.713627958670259,3.805012907832861,0.0,83.41638671592041
readset,related_same,0,46,1,EXECUTE,published_after_gate_recheck,9.360786993056536,1.282805111259222,0.0,83.41638671592041
readset,related_same,0,47,1,EXECUTE,published_after_gate_recheck,8.079644991084933,1.56843988224864,0.0,83.41638671592041
readset,related_same,0,48,1,EXECUTE,published_after_gate_recheck,16.610767925158143,4.392244154587388,0.0,83.41638671592041
readset,related_same,0,49,1,EXECUTE,published_after_gate_recheck,8.408352034166455,1.691150013357401,0.0,83.41638671592041
readset,related_same,0,50,1,EXECUTE,published_after_gate_recheck,12.342727044597268,2.185315825045109,0.0,83.41638671592041
readset,related_same,0,51,1,EXECUTE,published_after_gate_recheck,12.250373838469386,2.1220380440354347,0.0,83.41638671592041
readset,related_same,0,52,1,EXECUTE,published_after_gate_recheck,14.94429400190711,1.7218680586665869,0.0,83.41638671592041
readset,related_same,0,53,1,EXECUTE,published_after_gate_recheck,14.315805863589048,2.6999718975275755,0.0,83.41638671592041
readset,related_same,0,54,1,EXECUTE,published_after_gate_recheck,7.236385019496083,2.42316210642457,0.0,83.41638671592041
readset,related_same,0,55,1,EXECUTE,published_after_gate_recheck,11.91607816144824,1.562860095873475,0.0,83.41638671592041
readset,related_same,0,56,1,EXECUTE,published_after_gate_recheck,9.947807062417269,1.4957529492676258,0.0,83.41638671592041
readset,related_same,0,57,1,EXECUTE,published_after_gate_recheck,9.687209036201239,1.5681691002100706,0.0,83.41638671592041
readset,related_same,0,58,1,EXECUTE,published_after_gate_recheck,16.033255960792303,1.759248087182641,0.0,83.41638671592041
readset,related_same,0,59,1,EXECUTE,published_after_gate_recheck,9.703790070489049,1.4799749478697777,0.0,83.41638671592041
readset,related_same,0,60,1,EXECUTE,published_after_gate_recheck,12.762252939864993,8.982338011264801,0.0,83.41638671592041
readset,related_same,0,61,1,EXECUTE,published_after_gate_recheck,10.287354001775384,1.603726064786315,0.0,83.41638671592041
readset,related_same,0,62,1,EXECUTE,published_after_gate_recheck,10.780058102682233,1.52635108679533,0.0,83.41638671592041
readset,related_same,0,63,1,EXECUTE,published_after_gate_recheck,14.741714112460613,1.7023920081555843,0.0,83.41638671592041
readset,related_same,0,64,1,EXECUTE,published_after_gate_recheck,9.192060912027955,5.528012989088893,0.0,83.41638671592041
readset,related_same,0,65,1,EXECUTE,published_after_gate_recheck,10.97831898368895,2.0102181006222963,0.0,83.41638671592041
readset,related_same,0,66,1,EXECUTE,published_after_gate_recheck,20.81966702826321,5.15252910554409,0.0,83.41638671592041
readset,related_same,0,67,1,EXECUTE,published_after_gate_recheck,16.857740934938192,2.7665270026773214,0.0,83.41638671592041
readset,related_same,0,68,1,EXECUTE,published_after_gate_recheck,13.110546860843897,1.679908949881792,0.0,83.41638671592041
readset,related_same,0,69,1,EXECUTE,published_after_gate_recheck,9.852810064330697,4.264193819835782,0.0,83.41638671592041
readset,related_same,0,70,1,EXECUTE,published_after_gate_recheck,7.3939410503953695,1.6628368757665157,0.0,83.41638671592041
readset,related_same,0,71,1,EXECUTE,published_after_gate_recheck,13.303447980433702,1.8120070453733206,0.0,83.41638671592041
readset,related_same,0,72,1,EXECUTE,published_after_gate_recheck,12.730803806334734,1.803260063752532,0.0,83.41638671592041
readset,related_same,0,73,1,EXECUTE,published_after_gate_recheck,15.12252795509994,4.26800106652081,0.0,83.41638671592041
readset,related_same,0,74,1,EXECUTE,published_after_gate_recheck,10.826375102624297,3.559752833098173,0.0,83.41638671592041
readset,related_same,0,75,1,EXECUTE,published_after_gate_recheck,10.546469828113914,1.8115050625056028,0.0,83.41638671592041
readset,related_same,0,76,1,EXECUTE,published_after_gate_recheck,12.389545096084476,5.39545388892293,0.0,83.41638671592041
readset,related_same,0,77,1,EXECUTE,published_after_gate_recheck,10.73947106488049,1.8221859354525805,0.0,83.41638671592041
readset,related_same,0,78,1,EXECUTE,published_after_gate_recheck,10.340503882616758,1.608966151252389,0.0,83.41638671592041
readset,related_same,0,79,1,EXECUTE,published_after_gate_recheck,24.404217023402452,15.600514132529497,0.0,83.41638671592041
readset,related_same,0,80,1,EXECUTE,published_after_gate_recheck,9.571041911840439,1.4205730985850096,0.0,83.41638671592041
readset,related_same,0,81,1,EXECUTE,published_after_gate_recheck,9.095899993553758,2.610553056001663,0.0,83.41638671592041
readset,related_same,0,82,1,EXECUTE,published_after_gate_recheck,10.485284961760044,1.7989620100706816,0.0,83.41638671592041
readset,related_same,0,83,1,EXECUTE,published_after_gate_recheck,15.635589137673378,5.821292055770755,0.0,83.41638671592041
readset,related_same,0,84,1,EXECUTE,published_after_gate_recheck,13.891190057620406,7.507061818614602,0.0,83.41638671592041
readset,related_same,0,85,1,EXECUTE,published_after_gate_recheck,12.819782132282853,1.450939103960991,0.0,83.41638671592041
readset,related_same,0,86,1,EXECUTE,published_after_gate_recheck,13.122198870405555,6.802832009270787,0.0,83.41638671592041
readset,related_same,0,87,1,EXECUTE,published_after_gate_recheck,9.918352821841836,3.4484341740608215,0.0,83.41638671592041
readset,related_same,0,88,1,EXECUTE,published_after_gate_recheck,7.4770161882042885,1.6558540519326925,0.0,83.41638671592041
readset,related_same,0,89,1,EXECUTE,published_after_gate_recheck,10.718242032453418,1.561477081850171,0.0,83.41638671592041
readset,related_same,0,90,1,EXECUTE,published_after_gate_recheck,11.504225200042129,1.617011846974492,0.0,83.41638671592041
readset,related_same,0,91,1,EXECUTE,published_after_gate_recheck,8.469036081805825,5.522703053429723,0.0,83.41638671592041
readset,related_same,0,92,1,EXECUTE,published_after_gate_recheck,4.292105790227652,1.4330570120364428,0.0,83.41638671592041
readset,related_same,0,93,1,EXECUTE,published_after_gate_recheck,11.80214318446815,3.406025003641844,0.0,83.41638671592041
readset,related_same,0,94,1,EXECUTE,published_after_gate_recheck,15.557142905890942,1.8855249509215355,0.0,83.41638671592041
readset,related_same,0,95,1,EXECUTE,published_after_gate_recheck,16.217720927670598,1.936008920893073,0.0,83.41638671592041
readset,related_same,0,96,1,EXECUTE,published_after_gate_recheck,12.670191004872322,5.123073002323508,0.0,83.41638671592041
readset,related_same,0,97,1,EXECUTE,published_after_gate_recheck,20.295504946261644,10.566557990387082,0.0,83.41638671592041
readset,related_same,0,98,1,EXECUTE,published_after_gate_recheck,16.03309507481754,4.582850961014628,0.0,83.41638671592041
readset,related_same,0,99,1,EXECUTE,published_after_gate_recheck,14.081596862524748,1.7126398161053658,0.0,83.41638671592041
global,unrelated,20,0,1,EXECUTE,published_after_gate_recheck,15.114202862605453,5.329299950972199,19.786462894123286,108.50377473355464
global,unrelated,20,1,1,EXECUTE,published_after_gate_recheck,20.29883093200624,5.119507201015949,19.786462894123286,108.50377473355464
global,unrelated,20,2,1,EXECUTE,published_after_gate_recheck,14.773273142054677,4.185877041891217,19.786462894123286,108.50377473355464
global,unrelated,20,3,1,EXECUTE,published_after_gate_recheck,10.422748047858477,3.036712994799018,19.786462894123286,108.50377473355464
global,unrelated,20,4,1,EXECUTE,published_after_gate_recheck,22.698158863931894,7.259648991748691,19.786462894123286,108.50377473355464
global,unrelated,20,5,1,EXECUTE,published_after_gate_recheck,16.328137833625078,4.76328912191093,19.786462894123286,108.50377473355464
global,unrelated,20,6,1,EXECUTE,published_after_gate_recheck,8.300670888274908,1.404864015057683,19.786462894123286,108.50377473355464
global,unrelated,20,7,1,EXECUTE,published_after_gate_recheck,13.268533162772655,4.151913104578853,19.786462894123286,108.50377473355464
global,unrelated,20,8,1,EXECUTE,published_after_gate_recheck,9.115066844969988,1.4840420335531235,19.786462894123286,108.50377473355464
global,unrelated,20,9,1,EXECUTE,published_after_gate_recheck,12.846131110563874,3.337736940011382,19.786462894123286,108.50377473355464
global,unrelated,20,10,1,EXECUTE,published_after_gate_recheck,18.695766804739833,3.295878181234002,19.786462894123286,108.50377473355464
global,unrelated,20,11,1,EXECUTE,published_after_gate_recheck,17.629747977480292,5.749777890741825,19.786462894123286,108.50377473355464
global,unrelated,20,12,1,EXECUTE,published_after_gate_recheck,10.895084124058485,4.4196550734341145,19.786462894123286,108.50377473355464
global,unrelated,20,13,1,EXECUTE,published_after_gate_recheck,19.980805926024914,6.365041946992278,19.786462894123286,108.50377473355464
global,unrelated,20,14,1,EXECUTE,published_after_gate_recheck,15.531064011156559,2.0188651978969574,19.786462894123286,108.50377473355464
global,unrelated,20,15,1,EXECUTE,published_after_gate_recheck,11.14089391194284,2.012621844187379,19.786462894123286,108.50377473355464
global,unrelated,20,16,1,EXECUTE,published_after_gate_recheck,27.700555976480246,1.7662709578871727,19.786462894123286,108.50377473355464
global,unrelated,20,17,1,EXECUTE,published_after_gate_recheck,9.36884293332696,2.696363953873515,19.786462894123286,108.50377473355464
global,unrelated,20,18,1,EXECUTE,published_after_gate_recheck,23.30101002007723,7.752022007480264,19.786462894123286,108.50377473355464
global,unrelated,20,19,1,EXECUTE,published_after_gate_recheck,13.717513997107744,2.0905891433358192,19.786462894123286,108.50377473355464
global,unrelated,20,20,1,EXECUTE,published_after_gate_recheck,16.390133881941438,7.063901983201504,19.786462894123286,108.50377473355464
global,unrelated,20,21,1,EXECUTE,published_after_gate_recheck,12.92946795001626,3.733648918569088,19.786462894123286,108.50377473355464
global,unrelated,20,22,0,REVOKE,context_version_changed_at_publish,15.253783902153373,6.190615007653832,19.786462894123286,108.50377473355464
global,unrelated,20,23,1,EXECUTE,published_after_gate_recheck,13.099906034767628,7.02340598218143,19.786462894123286,108.50377473355464
global,unrelated,20,24,1,EXECUTE,published_after_gate_recheck,16.14402304403484,5.361480172723532,19.786462894123286,108.50377473355464
global,unrelated,20,25,1,EXECUTE,published_after_gate_recheck,19.06394585967064,7.208673050627112,19.786462894123286,108.50377473355464
global,unrelated,20,26,1,EXECUTE,published_after_gate_recheck,6.430353969335556,1.8772887997329235,19.786462894123286,108.50377473355464
global,unrelated,20,27,1,EXECUTE,published_after_gate_recheck,10.328140808269382,5.014910828322172,19.786462894123286,108.50377473355464
global,unrelated,20,28,1,EXECUTE,published_after_gate_recheck,8.86332499794662,1.7717110458761454,19.786462894123286,108.50377473355464
global,unrelated,20,29,1,EXECUTE,published_after_gate_recheck,13.71821598149836,4.273049999028444,19.786462894123286,108.50377473355464
global,unrelated,20,30,1,EXECUTE,published_after_gate_recheck,12.190171051770449,1.3611919712275267,19.786462894123286,108.50377473355464
global,unrelated,20,31,1,EXECUTE,published_after_gate_recheck,15.045033069327474,4.312052857130766,19.786462894123286,108.50377473355464
global,unrelated,20,32,1,EXECUTE,published_after_gate_recheck,11.741010006517172,1.3962869998067617,19.786462894123286,108.50377473355464
global,unrelated,20,33,1,EXECUTE,published_after_gate_recheck,10.864875977858901,1.5847908798605204,19.786462894123286,108.50377473355464
global,unrelated,20,34,1,EXECUTE,published_after_gate_recheck,14.384925132617354,4.952643997967243,19.786462894123286,108.50377473355464
global,unrelated,20,35,1,EXECUTE,published_after_gate_recheck,7.9320690128952265,1.5348067972809076,19.786462894123286,108.50377473355464
global,unrelated,20,36,1,EXECUTE,published_after_gate_recheck,9.650520980358124,4.813412902876735,19.786462894123286,108.50377473355464
global,unrelated,20,37,1,EXECUTE,published_after_gate_recheck,21.186556201428175,7.233961019665003,19.786462894123286,108.50377473355464
global,unrelated,20,38,1,EXECUTE,published_after_gate_recheck,13.837909093126655,2.363701118156314,19.786462894123286,108.50377473355464
global,unrelated,20,39,1,EXECUTE,published_after_gate_recheck,21.3550110347569,7.226336048915982,19.786462894123286,108.50377473355464
global,unrelated,20,40,0,REVOKE,context_version_changed_at_publish,19.581196131184697,4.0833549574017525,19.786462894123286,108.50377473355464
global,unrelated,20,41,1,EXECUTE,published_after_gate_recheck,6.27679587341845,2.024564892053604,19.786462894123286,108.50377473355464
global,unrelated,20,42,1,EXECUTE,published_after_gate_recheck,5.224152933806181,1.4913950581103563,19.786462894123286,108.50377473355464
global,unrelated,20,43,1,EXECUTE,published_after_gate_recheck,4.269232973456383,1.2886859476566315,19.786462894123286,108.50377473355464
global,unrelated,20,44,1,EXECUTE,published_after_gate_recheck,4.399276804178953,1.2755407951772213,19.786462894123286,108.50377473355464
global,unrelated,20,45,1,EXECUTE,published_after_gate_recheck,5.114226136356592,1.394554041326046,19.786462894123286,108.50377473355464
global,unrelated,20,46,1,EXECUTE,published_after_gate_recheck,4.363961052149534,1.2881839647889137,19.786462894123286,108.50377473355464
global,unrelated,20,47,1,EXECUTE,published_after_gate_recheck,4.341137828305364,1.5440250281244516,19.786462894123286,108.50377473355464
global,unrelated,20,48,1,EXECUTE,published_after_gate_recheck,5.302899982780218,1.433487981557846,19.786462894123286,108.50377473355464
global,unrelated,20,49,1,EXECUTE,published_after_gate_recheck,6.107388995587826,1.3894648291170597,19.786462894123286,108.50377473355464
global,unrelated,20,50,1,EXECUTE,published_after_gate_recheck,4.7961510717868805,1.4554080553352833,19.786462894123286,108.50377473355464
global,unrelated,20,51,1,EXECUTE,published_after_gate_recheck,4.488884937018156,1.5478821005672216,19.786462894123286,108.50377473355464
global,unrelated,20,52,1,EXECUTE,published_after_gate_recheck,4.419744946062565,1.388393109664321,19.786462894123286,108.50377473355464
global,unrelated,20,53,1,EXECUTE,published_after_gate_recheck,4.141542827710509,1.3456230517476797,19.786462894123286,108.50377473355464
global,unrelated,20,54,1,EXECUTE,published_after_gate_recheck,4.562021000310779,1.436101971194148,19.786462894123286,108.50377473355464
global,unrelated,20,55,1,EXECUTE,published_after_gate_recheck,4.521666094660759,1.3015500735491514,19.786462894123286,108.50377473355464
global,unrelated,20,56,1,EXECUTE,published_after_gate_recheck,4.526394885033369,1.3975698966532946,19.786462894123286,108.50377473355464
global,unrelated,20,57,1,EXECUTE,published_after_gate_recheck,4.342449828982353,1.4034011401236057,19.786462894123286,108.50377473355464
global,unrelated,20,58,1,EXECUTE,published_after_gate_recheck,4.283448914065957,1.3275688979774714,19.786462894123286,108.50377473355464
global,unrelated,20,59,1,EXECUTE,published_after_gate_recheck,4.671165952458978,1.3310150243341923,19.786462894123286,108.50377473355464
global,unrelated,20,60,1,EXECUTE,published_after_gate_recheck,8.812770014628768,1.6321700531989336,19.786462894123286,108.50377473355464
global,unrelated,20,61,1,EXECUTE,published_after_gate_recheck,6.057124817743897,1.5571392141282558,19.786462894123286,108.50377473355464
global,unrelated,20,62,1,EXECUTE,published_after_gate_recheck,4.941754043102264,1.6698900144547224,19.786462894123286,108.50377473355464
global,unrelated,20,63,1,EXECUTE,published_after_gate_recheck,4.9989609979093075,1.4335070736706257,19.786462894123286,108.50377473355464
global,unrelated,20,64,1,EXECUTE,published_after_gate_recheck,4.425144987180829,1.4761369675397873,19.786462894123286,108.50377473355464
global,unrelated,20,65,1,EXECUTE,published_after_gate_recheck,4.570358199998736,1.4332069549709558,19.786462894123286,108.50377473355464
global,unrelated,20,66,1,EXECUTE,published_after_gate_recheck,4.536022897809744,1.5508669894188643,19.786462894123286,108.50377473355464
global,unrelated,20,67,1,EXECUTE,published_after_gate_recheck,4.336498910561204,1.4970460906624794,19.786462894123286,108.50377473355464
global,unrelated,20,68,1,EXECUTE,published_after_gate_recheck,5.270009161904454,1.8001650460064411,19.786462894123286,108.50377473355464
global,unrelated,20,69,1,EXECUTE,published_after_gate_recheck,5.6513838935643435,1.736464910209179,19.786462894123286,108.50377473355464
global,unrelated,20,70,1,EXECUTE,published_after_gate_recheck,5.655392073094845,2.166982041671872,19.786462894123286,108.50377473355464
global,unrelated,20,71,1,EXECUTE,published_after_gate_recheck,4.6202808152884245,1.3129010330885649,19.786462894123286,108.50377473355464
global,unrelated,20,72,1,EXECUTE,published_after_gate_recheck,4.490017192438245,1.649793004617095,19.786462894123286,108.50377473355464
global,unrelated,20,73,1,EXECUTE,published_after_gate_recheck,4.43570502102375,1.3192228507250547,19.786462894123286,108.50377473355464
global,unrelated,20,74,1,EXECUTE,published_after_gate_recheck,4.709918983280659,1.3315349351614714,19.786462894123286,108.50377473355464
global,unrelated,20,75,1,EXECUTE,published_after_gate_recheck,4.41163987852633,1.5109831001609564,19.786462894123286,108.50377473355464
global,unrelated,20,76,1,EXECUTE,published_after_gate_recheck,4.868375835940242,1.3929118867963552,19.786462894123286,108.50377473355464
global,unrelated,20,77,1,EXECUTE,published_after_gate_recheck,4.827007884159684,1.3365061022341251,19.786462894123286,108.50377473355464
global,unrelated,20,78,1,EXECUTE,published_after_gate_recheck,5.458923056721687,1.4188699424266815,19.786462894123286,108.50377473355464
global,unrelated,20,79,1,EXECUTE,published_after_gate_recheck,4.382075043395162,1.504860119894147,19.786462894123286,108.50377473355464
global,unrelated,20,80,1,EXECUTE,published_after_gate_recheck,4.166280152276158,1.4285680372267962,19.786462894123286,108.50377473355464
global,unrelated,20,81,1,EXECUTE,published_after_gate_recheck,4.2332548182457685,1.2445428874343634,19.786462894123286,108.50377473355464
global,unrelated,20,82,1,EXECUTE,published_after_gate_recheck,4.424605052918196,1.3338001444935799,19.786462894123286,108.50377473355464
global,unrelated,20,83,1,EXECUTE,published_after_gate_recheck,4.542335169389844,1.7013291362673044,19.786462894123286,108.50377473355464
global,unrelated,20,84,1,EXECUTE,published_after_gate_recheck,4.268201068043709,1.3279090635478497,19.786462894123286,108.50377473355464
global,unrelated,20,85,1,EXECUTE,published_after_gate_recheck,4.360072780400515,1.356904162093997,19.786462894123286,108.50377473355464
global,unrelated,20,86,1,EXECUTE,published_after_gate_recheck,4.342400003224611,1.6310981009155512,19.786462894123286,108.50377473355464
global,unrelated,20,87,1,EXECUTE,published_after_gate_recheck,4.564415896311402,1.3055270537734032,19.786462894123286,108.50377473355464
global,unrelated,20,88,1,EXECUTE,published_after_gate_recheck,4.106719046831131,1.2705118861049414,19.786462894123286,108.50377473355464
global,unrelated,20,89,1,EXECUTE,published_after_gate_recheck,4.126396030187607,1.5002319123595953,19.786462894123286,108.50377473355464
global,unrelated,20,90,0,REVOKE,context_version_changed_at_publish,6.988649955019355,3.1664948910474777,19.786462894123286,108.50377473355464
global,unrelated,20,91,1,EXECUTE,published_after_gate_recheck,5.577526055276394,1.6720639541745186,19.786462894123286,108.50377473355464
global,unrelated,20,92,1,EXECUTE,published_after_gate_recheck,5.327075952664018,1.8695439212024212,19.786462894123286,108.50377473355464
global,unrelated,20,93,1,EXECUTE,published_after_gate_recheck,4.330978961661458,1.477699028328061,19.786462894123286,108.50377473355464
global,unrelated,20,94,1,EXECUTE,published_after_gate_recheck,4.28690598346293,1.387912081554532,19.786462894123286,108.50377473355464
global,unrelated,20,95,1,EXECUTE,published_after_gate_recheck,5.130907986313105,1.5935271512717009,19.786462894123286,108.50377473355464
global,unrelated,20,96,1,EXECUTE,published_after_gate_recheck,4.1747859213501215,1.3115790206938982,19.786462894123286,108.50377473355464
global,unrelated,20,97,1,EXECUTE,published_after_gate_recheck,4.345034947618842,1.2427689507603645,19.786462894123286,108.50377473355464
global,unrelated,20,98,1,EXECUTE,published_after_gate_recheck,4.951602080836892,1.2409570626914501,19.786462894123286,108.50377473355464
global,unrelated,20,99,1,EXECUTE,published_after_gate_recheck,5.106481956318021,1.7371471039950848,19.786462894123286,108.50377473355464
readset,unrelated,20,0,1,EXECUTE,published_after_gate_recheck,6.20380905456841,1.4125281013548374,20.845269952217052,212.64528664768991
readset,unrelated,20,1,1,EXECUTE,published_after_gate_recheck,4.822429968044162,1.6383309848606586,20.845269952217052,212.64528664768991
readset,unrelated,20,2,1,EXECUTE,published_after_gate_recheck,4.465961828827858,1.2774839997291565,20.845269952217052,212.64528664768991
readset,unrelated,20,3,1,EXECUTE,published_after_gate_recheck,5.065595032647252,1.4327559620141983,20.845269952217052,212.64528664768991
readset,unrelated,20,4,1,EXECUTE,published_after_gate_recheck,4.391322145238519,1.3282999861985445,20.845269952217052,212.64528664768991
readset,unrelated,20,5,1,EXECUTE,published_after_gate_recheck,4.569445038214326,1.3042348437011242,20.845269952217052,212.64528664768991
readset,unrelated,20,6,1,EXECUTE,published_after_gate_recheck,4.219760186970234,1.3372472021728754,20.845269952217052,212.64528664768991
readset,unrelated,20,7,1,EXECUTE,published_after_gate_recheck,4.593631019815803,1.8386361189186573,20.845269952217052,212.64528664768991
readset,unrelated,20,8,1,EXECUTE,published_after_gate_recheck,4.484004806727171,1.2835259549319744,20.845269952217052,212.64528664768991
readset,unrelated,20,9,1,EXECUTE,published_after_gate_recheck,5.810833070427179,1.7113180365413427,20.845269952217052,212.64528664768991
readset,unrelated,20,10,1,EXECUTE,published_after_gate_recheck,5.8805139269679785,1.6439121682196856,20.845269952217052,212.64528664768991
readset,unrelated,20,11,1,EXECUTE,published_after_gate_recheck,4.647752968594432,1.2984438799321651,20.845269952217052,212.64528664768991
readset,unrelated,20,12,1,EXECUTE,published_after_gate_recheck,4.8038549721241,1.4768489636480808,20.845269952217052,212.64528664768991
readset,unrelated,20,13,1,EXECUTE,published_after_gate_recheck,4.395320080220699,1.3824610505253077,20.845269952217052,212.64528664768991
readset,unrelated,20,14,1,EXECUTE,published_after_gate_recheck,4.557734122499824,1.3794859405606985,20.845269952217052,212.64528664768991
readset,unrelated,20,15,1,EXECUTE,published_after_gate_recheck,5.685467971488833,1.7180112190544605,20.845269952217052,212.64528664768991
readset,unrelated,20,16,1,EXECUTE,published_after_gate_recheck,5.001364974305034,1.3540990184992552,20.845269952217052,212.64528664768991
readset,unrelated,20,17,1,EXECUTE,published_after_gate_recheck,4.239516798406839,1.4322239439934492,20.845269952217052,212.64528664768991
readset,unrelated,20,18,1,EXECUTE,published_after_gate_recheck,5.93783101066947,2.5311040226370096,20.845269952217052,212.64528664768991
readset,unrelated,20,19,1,EXECUTE,published_after_gate_recheck,4.431045847013593,1.6423380002379417,20.845269952217052,212.64528664768991
readset,unrelated,20,20,1,EXECUTE,published_after_gate_recheck,5.626636790111661,1.4209230430424213,20.845269952217052,212.64528664768991
readset,unrelated,20,21,1,EXECUTE,published_after_gate_recheck,4.518250003457069,1.6226719599217176,20.845269952217052,212.64528664768991
readset,unrelated,20,22,1,EXECUTE,published_after_gate_recheck,5.3620608523488045,1.4588451012969017,20.845269952217052,212.64528664768991
readset,unrelated,20,23,1,EXECUTE,published_after_gate_recheck,4.595814971253276,1.5406880993396044,20.845269952217052,212.64528664768991
readset,unrelated,20,24,1,EXECUTE,published_after_gate_recheck,4.373176954686642,1.2630978599190712,20.845269952217052,212.64528664768991
readset,unrelated,20,25,1,EXECUTE,published_after_gate_recheck,4.1379069443792105,1.3672830536961555,20.845269952217052,212.64528664768991
readset,unrelated,20,26,1,EXECUTE,published_after_gate_recheck,4.2250799015164375,1.5237259212881327,20.845269952217052,212.64528664768991
readset,unrelated,20,27,1,EXECUTE,published_after_gate_recheck,3.9062530267983675,1.2477380223572254,20.845269952217052,212.64528664768991
readset,unrelated,20,28,1,EXECUTE,published_after_gate_recheck,4.2310908902436495,1.2543711345642805,20.845269952217052,212.64528664768991
readset,unrelated,20,29,1,EXECUTE,published_after_gate_recheck,4.405097104609013,1.4216350391507149,20.845269952217052,212.64528664768991
readset,unrelated,20,30,1,EXECUTE,published_after_gate_recheck,4.058487014845014,1.5130869578570127,20.845269952217052,212.64528664768991
readset,unrelated,20,31,1,EXECUTE,published_after_gate_recheck,5.075915018096566,1.2706320267170668,20.845269952217052,212.64528664768991
readset,unrelated,20,32,1,EXECUTE,published_after_gate_recheck,6.0410338919609785,1.7957761883735657,20.845269952217052,212.64528664768991
readset,unrelated,20,33,1,EXECUTE,published_after_gate_recheck,5.4148000199347734,1.550125889480114,20.845269952217052,212.64528664768991
readset,unrelated,20,34,1,EXECUTE,published_after_gate_recheck,4.54408791847527,1.5370419714599848,20.845269952217052,212.64528664768991
readset,unrelated,20,35,1,EXECUTE,published_after_gate_recheck,4.425516119226813,1.3005482032895088,20.845269952217052,212.64528664768991
readset,unrelated,20,36,1,EXECUTE,published_after_gate_recheck,5.686378804966807,1.6948780976235867,20.845269952217052,212.64528664768991
readset,unrelated,20,37,1,EXECUTE,published_after_gate_recheck,5.74901606887579,1.4856851194053888,20.845269952217052,212.64528664768991
readset,unrelated,20,38,1,EXECUTE,published_after_gate_recheck,4.593651043251157,1.6019030008465052,20.845269952217052,212.64528664768991
readset,unrelated,20,39,1,EXECUTE,published_after_gate_recheck,4.569845972582698,1.373595092445612,20.845269952217052,212.64528664768991
readset,unrelated,20,40,1,EXECUTE,published_after_gate_recheck,6.419973913580179,3.552630078047514,20.845269952217052,212.64528664768991
readset,unrelated,20,41,1,EXECUTE,published_after_gate_recheck,4.161400953307748,1.2194560840725899,20.845269952217052,212.64528664768991
readset,unrelated,20,42,1,EXECUTE,published_after_gate_recheck,4.460842115804553,1.667876960709691,20.845269952217052,212.64528664768991
readset,unrelated,20,43,1,EXECUTE,published_after_gate_recheck,4.029975039884448,1.2817729730159044,20.845269952217052,212.64528664768991
readset,unrelated,20,44,1,EXECUTE,published_after_gate_recheck,3.8311919197440147,1.2379600666463375,20.845269952217052,212.64528664768991
readset,unrelated,20,45,1,EXECUTE,published_after_gate_recheck,5.683725001290441,1.8297000788152218,20.845269952217052,212.64528664768991
readset,unrelated,20,46,1,EXECUTE,published_after_gate_recheck,5.355428904294968,1.5672368463128805,20.845269952217052,212.64528664768991
readset,unrelated,20,47,1,EXECUTE,published_after_gate_recheck,4.4488199055194855,1.5350370667874813,20.845269952217052,212.64528664768991
readset,unrelated,20,48,1,EXECUTE,published_after_gate_recheck,4.157963907346129,1.4443781692534685,20.845269952217052,212.64528664768991
readset,unrelated,20,49,1,EXECUTE,published_after_gate_recheck,4.400177858769894,1.2864409945905209,20.845269952217052,212.64528664768991
readset,unrelated,20,50,1,EXECUTE,published_after_gate_recheck,5.0188289023935795,1.51536101475358,20.845269952217052,212.64528664768991
readset,unrelated,20,51,1,EXECUTE,published_after_gate_recheck,5.501733161509037,1.2559050228446722,20.845269952217052,212.64528664768991
readset,unrelated,20,52,1,EXECUTE,published_after_gate_recheck,4.927527159452438,1.7969391774386168,20.845269952217052,212.64528664768991
readset,unrelated,20,53,1,EXECUTE,published_after_gate_recheck,4.1345409117639065,1.2363579589873552,20.845269952217052,212.64528664768991
readset,unrelated,20,54,1,EXECUTE,published_after_gate_recheck,4.101498983800411,1.339151058346033,20.845269952217052,212.64528664768991
readset,unrelated,20,55,1,EXECUTE,published_after_gate_recheck,4.008794901892543,1.4131891075521708,20.845269952217052,212.64528664768991
readset,unrelated,20,56,1,EXECUTE,published_after_gate_recheck,3.9278329350054264,1.255073118954897,20.845269952217052,212.64528664768991
readset,unrelated,20,57,1,EXECUTE,published_after_gate_recheck,4.323996137827635,1.2756411451846361,20.845269952217052,212.64528664768991
readset,unrelated,20,58,1,EXECUTE,published_after_gate_recheck,4.014014964923263,1.3710909988731146,20.845269952217052,212.64528664768991
readset,unrelated,20,59,1,EXECUTE,published_after_gate_recheck,4.0501628536731005,1.313492888584733,20.845269952217052,212.64528664768991
readset,unrelated,20,60,1,EXECUTE,published_after_gate_recheck,4.196766996756196,1.233853166922927,20.845269952217052,212.64528664768991
readset,unrelated,20,61,1,EXECUTE,published_after_gate_recheck,3.874142887070775,1.1650139931589365,20.845269952217052,212.64528664768991
readset,unrelated,20,62,1,EXECUTE,published_after_gate_recheck,4.499444039538503,1.8079390283674002,20.845269952217052,212.64528664768991
readset,unrelated,20,63,1,EXECUTE,published_after_gate_recheck,4.074998898431659,1.2427300680428743,20.845269952217052,212.64528664768991
readset,unrelated,20,64,1,EXECUTE,published_after_gate_recheck,4.143598023802042,1.2047989293932915,20.845269952217052,212.64528664768991
readset,unrelated,20,65,1,EXECUTE,published_after_gate_recheck,4.031036980450153,1.3782840687781572,20.845269952217052,212.64528664768991
readset,unrelated,20,66,1,EXECUTE,published_after_gate_recheck,3.9139857981354,1.1828779242932796,20.845269952217052,212.64528664768991
readset,unrelated,20,67,1,EXECUTE,published_after_gate_recheck,4.022390116006136,1.2260780204087496,20.845269952217052,212.64528664768991
readset,unrelated,20,68,1,EXECUTE,published_after_gate_recheck,3.7052759435027838,1.2220409698784351,20.845269952217052,212.64528664768991
readset,unrelated,20,69,1,EXECUTE,published_after_gate_recheck,4.050943069159985,1.4983590226620436,20.845269952217052,212.64528664768991
readset,unrelated,20,70,1,EXECUTE,published_after_gate_recheck,4.857596009969711,1.5496150590479374,20.845269952217052,212.64528664768991
readset,unrelated,20,71,1,EXECUTE,published_after_gate_recheck,4.183773184195161,1.3705689925700426,20.845269952217052,212.64528664768991
readset,unrelated,20,72,1,EXECUTE,published_after_gate_recheck,3.9944879245013,1.350912032648921,20.845269952217052,212.64528664768991
readset,unrelated,20,73,1,EXECUTE,published_after_gate_recheck,4.01273206807673,1.2314391788095236,20.845269952217052,212.64528664768991
readset,unrelated,20,74,1,EXECUTE,published_after_gate_recheck,5.411654943600297,2.2559291683137417,20.845269952217052,212.64528664768991
readset,unrelated,20,75,1,EXECUTE,published_after_gate_recheck,4.223017022013664,1.2444118037819862,20.845269952217052,212.64528664768991
readset,unrelated,20,76,1,EXECUTE,published_after_gate_recheck,3.90224508009851,1.1879669036716223,20.845269952217052,212.64528664768991
readset,unrelated,20,77,1,EXECUTE,published_after_gate_recheck,3.8112238980829716,1.1843100655823946,20.845269952217052,212.64528664768991
readset,unrelated,20,78,1,EXECUTE,published_after_gate_recheck,3.9562061429023743,1.1849708389490843,20.845269952217052,212.64528664768991
readset,unrelated,20,79,1,EXECUTE,published_after_gate_recheck,4.11304016597569,1.4728710521012545,20.845269952217052,212.64528664768991
readset,unrelated,20,80,1,EXECUTE,published_after_gate_recheck,4.00786311365664,1.2966408394277096,20.845269952217052,212.64528664768991
readset,unrelated,20,81,1,EXECUTE,published_after_gate_recheck,4.104994935914874,1.2140460312366486,20.845269952217052,212.64528664768991
readset,unrelated,20,82,1,EXECUTE,published_after_gate_recheck,4.33001690544188,1.3983109965920448,20.845269952217052,212.64528664768991
readset,unrelated,20,83,1,EXECUTE,published_after_gate_recheck,4.09546704031527,1.4218350406736135,20.845269952217052,212.64528664768991
readset,unrelated,20,84,1,EXECUTE,published_after_gate_recheck,4.508290905505419,1.4101739507168531,20.845269952217052,212.64528664768991
readset,unrelated,20,85,1,EXECUTE,published_after_gate_recheck,4.025465110316873,1.2517368886619806,20.845269952217052,212.64528664768991
readset,unrelated,20,86,1,EXECUTE,published_after_gate_recheck,5.709402030333877,1.7406030092388391,20.845269952217052,212.64528664768991
readset,unrelated,20,87,1,EXECUTE,published_after_gate_recheck,4.84942109324038,1.3029319234192371,20.845269952217052,212.64528664768991
readset,unrelated,20,88,1,EXECUTE,published_after_gate_recheck,4.108621971681714,1.1661159805953503,20.845269952217052,212.64528664768991
readset,unrelated,20,89,1,EXECUTE,published_after_gate_recheck,4.064319189637899,1.3839839957654476,20.845269952217052,212.64528664768991
readset,unrelated,20,90,1,EXECUTE,published_after_gate_recheck,4.089476075023413,1.3995540793985128,20.845269952217052,212.64528664768991
readset,unrelated,20,91,1,EXECUTE,published_after_gate_recheck,3.878982039168477,1.4011268503963947,20.845269952217052,212.64528664768991
readset,unrelated,20,92,1,EXECUTE,published_after_gate_recheck,4.537485772743821,1.7281989566981792,20.845269952217052,212.64528664768991
readset,unrelated,20,93,1,EXECUTE,published_after_gate_recheck,4.679181147366762,1.4662679750472307,20.845269952217052,212.64528664768991
readset,unrelated,20,94,1,EXECUTE,published_after_gate_recheck,5.1570970099419355,1.6461149789392948,20.845269952217052,212.64528664768991
readset,unrelated,20,95,1,EXECUTE,published_after_gate_recheck,4.923118045553565,1.513967989012599,20.845269952217052,212.64528664768991
readset,unrelated,20,96,1,EXECUTE,published_after_gate_recheck,7.392287021502852,1.9026468507945538,20.845269952217052,212.64528664768991
readset,unrelated,20,97,1,EXECUTE,published_after_gate_recheck,5.082536954432726,1.5065139159560204,20.845269952217052,212.64528664768991
readset,unrelated,20,98,1,EXECUTE,published_after_gate_recheck,5.102755967527628,1.9996680784970522,20.845269952217052,212.64528664768991
readset,unrelated,20,99,1,EXECUTE,published_after_gate_recheck,5.374765023589134,1.4850038569420576,20.845269952217052,212.64528664768991
global,related_same,20,0,1,EXECUTE,published_after_gate_recheck,7.702730130404234,1.8296497873961926,20.134994450364168,222.76497825806845
global,related_same,20,1,1,EXECUTE,published_after_gate_recheck,5.65617298707366,1.6865020152181387,20.134994450364168,222.76497825806845
global,related_same,20,2,1,EXECUTE,published_after_gate_recheck,4.8719230107963085,1.6926429234445095,20.134994450364168,222.76497825806845
global,related_same,20,3,1,EXECUTE,published_after_gate_recheck,4.704308928921819,1.5930070076137781,20.134994450364168,222.76497825806845
global,related_same,20,4,1,EXECUTE,published_after_gate_recheck,4.588922020047903,1.4596260152757168,20.134994450364168,222.76497825806845
global,related_same,20,5,1,EXECUTE,published_after_gate_recheck,4.1978489607572556,1.4887608122080564,20.134994450364168,222.76497825806845
global,related_same,20,6,1,EXECUTE,published_after_gate_recheck,3.9687701500952244,1.4165649190545082,20.134994450364168,222.76497825806845
global,related_same,20,7,1,EXECUTE,published_after_gate_recheck,4.689921159297228,1.8031601794064045,20.134994450364168,222.76497825806845
global,related_same,20,8,1,EXECUTE,published_after_gate_recheck,4.996025003492832,1.456649973988533,20.134994450364168,222.76497825806845
global,related_same,20,9,1,EXECUTE,published_after_gate_recheck,5.0125569105148315,1.327047124505043,20.134994450364168,222.76497825806845
global,related_same,20,10,1,EXECUTE,published_after_gate_recheck,4.246840951964259,1.3315961696207523,20.134994450364168,222.76497825806845
global,related_same,20,11,1,EXECUTE,published_after_gate_recheck,4.321229876950383,1.2437209952622652,20.134994450364168,222.76497825806845
global,related_same,20,12,1,EXECUTE,published_after_gate_recheck,4.301934037357569,1.5364501159638166,20.134994450364168,222.76497825806845
global,related_same,20,13,1,EXECUTE,published_after_gate_recheck,4.022530047222972,1.3458230532705784,20.134994450364168,222.76497825806845
global,related_same,20,14,1,EXECUTE,published_after_gate_recheck,4.719848046079278,1.4225970953702927,20.134994450364168,222.76497825806845
global,related_same,20,15,1,EXECUTE,published_after_gate_recheck,4.456224152818322,1.6844880301505327,20.134994450364168,222.76497825806845
global,related_same,20,16,1,EXECUTE,published_after_gate_recheck,5.495842080563307,1.8124980852007866,20.134994450364168,222.76497825806845
global,related_same,20,17,1,EXECUTE,published_after_gate_recheck,4.41896403208375,1.3387799263000488,20.134994450364168,222.76497825806845
global,related_same,20,18,1,EXECUTE,published_after_gate_recheck,4.605473019182682,1.6382010653614998,20.134994450364168,222.76497825806845
global,related_same,20,19,1,EXECUTE,published_after_gate_recheck,5.141156958416104,1.7157159745693207,20.134994450364168,222.76497825806845
global,related_same,20,20,1,EXECUTE,published_after_gate_recheck,4.207366844639182,1.570714870467782,20.134994450364168,222.76497825806845
global,related_same,20,21,1,EXECUTE,published_after_gate_recheck,4.672609036788344,1.4019680675119162,20.134994450364168,222.76497825806845
global,related_same,20,22,1,EXECUTE,published_after_gate_recheck,4.120663972571492,1.28778419457376,20.134994450364168,222.76497825806845
global,related_same,20,23,1,EXECUTE,published_after_gate_recheck,3.8806148804724216,1.5055218245834112,20.134994450364168,222.76497825806845
global,related_same,20,24,1,EXECUTE,published_after_gate_recheck,3.879843046888709,1.331535866484046,20.134994450364168,222.76497825806845
global,related_same,20,25,1,EXECUTE,published_after_gate_recheck,3.6032451316714287,1.1662160977721214,20.134994450364168,222.76497825806845
global,related_same,20,26,1,EXECUTE,published_after_gate_recheck,4.256137879565358,1.221268903464079,20.134994450364168,222.76497825806845
global,related_same,20,27,1,EXECUTE,published_after_gate_recheck,3.9966420736163855,1.2977228034287691,20.134994450364168,222.76497825806845
global,related_same,20,28,1,EXECUTE,published_after_gate_recheck,4.16480703279376,1.1781291104853153,20.134994450364168,222.76497825806845
global,related_same,20,29,1,EXECUTE,published_after_gate_recheck,4.330698866397142,1.3519339263439178,20.134994450364168,222.76497825806845
global,related_same,20,30,1,EXECUTE,published_after_gate_recheck,3.872770117595792,1.3401820324361324,20.134994450364168,222.76497825806845
global,related_same,20,31,1,EXECUTE,published_after_gate_recheck,4.2220239993184805,1.1922349222004414,20.134994450364168,222.76497825806845
global,related_same,20,32,1,EXECUTE,published_after_gate_recheck,4.9015190452337265,1.6621758695691824,20.134994450364168,222.76497825806845
global,related_same,20,33,1,EXECUTE,published_after_gate_recheck,4.4922311790287495,1.5124150086194277,20.134994450364168,222.76497825806845
global,related_same,20,34,1,EXECUTE,published_after_gate_recheck,4.467524122446775,1.2129638344049454,20.134994450364168,222.76497825806845
global,related_same,20,35,1,EXECUTE,published_after_gate_recheck,4.206514917314053,1.531529938802123,20.134994450364168,222.76497825806845
global,related_same,20,36,1,EXECUTE,published_after_gate_recheck,3.8755550049245358,1.2178029865026474,20.134994450364168,222.76497825806845
global,related_same,20,37,1,EXECUTE,published_after_gate_recheck,3.767322050407529,1.1839699000120163,20.134994450364168,222.76497825806845
global,related_same,20,38,1,EXECUTE,published_after_gate_recheck,4.129179986193776,1.2222209479659796,20.134994450364168,222.76497825806845
global,related_same,20,39,1,EXECUTE,published_after_gate_recheck,3.938673995435238,1.2781559489667416,20.134994450364168,222.76497825806845
global,related_same,20,40,1,EXECUTE,published_after_gate_recheck,4.048408940434456,1.376430969685316,20.134994450364168,222.76497825806845
global,related_same,20,41,1,EXECUTE,published_after_gate_recheck,3.7747060414403677,1.1966528836637735,20.134994450364168,222.76497825806845
global,related_same,20,42,1,EXECUTE,published_after_gate_recheck,3.782140091061592,1.1705539654940367,20.134994450364168,222.76497825806845
global,related_same,20,43,1,EXECUTE,published_after_gate_recheck,4.753881134092808,1.5074859838932753,20.134994450364168,222.76497825806845
global,related_same,20,44,1,EXECUTE,published_after_gate_recheck,6.334143923595548,1.5100811142474413,20.134994450364168,222.76497825806845
global,related_same,20,45,1,EXECUTE,published_after_gate_recheck,4.4462550431489944,1.2239741627126932,20.134994450364168,222.76497825806845
global,related_same,20,46,1,EXECUTE,published_after_gate_recheck,7.539123063907027,1.3995729386806488,20.134994450364168,222.76497825806845
global,related_same,20,47,1,EXECUTE,published_after_gate_recheck,4.409837070852518,1.589028863236308,20.134994450364168,222.76497825806845
global,related_same,20,48,1,EXECUTE,published_after_gate_recheck,4.157043062150478,1.2581490445882082,20.134994450364168,222.76497825806845
global,related_same,20,49,1,EXECUTE,published_after_gate_recheck,4.475540015846491,1.2565660290420055,20.134994450364168,222.76497825806845
global,related_same,20,50,1,EXECUTE,published_after_gate_recheck,4.2752239387482405,1.5695930924266577,20.134994450364168,222.76497825806845
global,related_same,20,51,1,EXECUTE,published_after_gate_recheck,4.241521004587412,1.2687190901488066,20.134994450364168,222.76497825806845
global,related_same,20,52,1,EXECUTE,published_after_gate_recheck,4.849220160394907,1.4566101599484682,20.134994450364168,222.76497825806845
global,related_same,20,53,1,EXECUTE,published_after_gate_recheck,4.222956020385027,1.3021810445934534,20.134994450364168,222.76497825806845
global,related_same,20,54,0,REVOKE,context_version_changed_at_publish,5.752933910116553,2.5724018923938274,20.134994450364168,222.76497825806845
global,related_same,20,55,1,EXECUTE,published_after_gate_recheck,4.50654816813767,1.4650069642812014,20.134994450364168,222.76497825806845
global,related_same,20,56,1,EXECUTE,published_after_gate_recheck,4.352147923782468,1.2033861130475998,20.134994450364168,222.76497825806845
global,related_same,20,57,1,EXECUTE,published_after_gate_recheck,3.9013728965073824,1.1846409179270267,20.134994450364168,222.76497825806845
global,related_same,20,58,1,EXECUTE,published_after_gate_recheck,3.947359975427389,1.1952209752053022,20.134994450364168,222.76497825806845
global,related_same,20,59,1,EXECUTE,published_after_gate_recheck,4.149036947637796,1.4214040711522102,20.134994450364168,222.76497825806845
global,related_same,20,60,1,EXECUTE,published_after_gate_recheck,4.2670490220189095,1.2130439281463623,20.134994450364168,222.76497825806845
global,related_same,20,61,1,EXECUTE,published_after_gate_recheck,3.7261650431901217,1.1523198336362839,20.134994450364168,222.76497825806845
global,related_same,20,62,1,EXECUTE,published_after_gate_recheck,4.039291990920901,1.2350149918347597,20.134994450364168,222.76497825806845
global,related_same,20,63,1,EXECUTE,published_after_gate_recheck,4.158515948802233,1.4979380648583174,20.134994450364168,222.76497825806845
global,related_same,20,64,1,EXECUTE,published_after_gate_recheck,4.004125948995352,1.2612640857696533,20.134994450364168,222.76497825806845
global,related_same,20,65,1,EXECUTE,published_after_gate_recheck,4.651870112866163,1.2761619873344898,20.134994450364168,222.76497825806845
global,related_same,20,66,1,EXECUTE,published_after_gate_recheck,4.613939905539155,1.3917789328843355,20.134994450364168,222.76497825806845
global,related_same,20,67,1,EXECUTE,published_after_gate_recheck,4.53143403865397,1.2852190993726254,20.134994450364168,222.76497825806845
global,related_same,20,68,1,EXECUTE,published_after_gate_recheck,3.8113249465823174,1.2026340700685978,20.134994450364168,222.76497825806845
global,related_same,20,69,1,EXECUTE,published_after_gate_recheck,3.8779389578849077,1.2083749752491713,20.134994450364168,222.76497825806845
global,related_same,20,70,1,EXECUTE,published_after_gate_recheck,4.101298050954938,1.462440937757492,20.134994450364168,222.76497825806845
global,related_same,20,71,1,EXECUTE,published_after_gate_recheck,4.0751490741968155,1.1889489833265543,20.134994450364168,222.76497825806845
global,related_same,20,72,1,EXECUTE,published_after_gate_recheck,4.102049861103296,1.2321399990469217,20.134994450364168,222.76497825806845
global,related_same,20,73,1,EXECUTE,published_after_gate_recheck,4.879557993263006,1.6127231065183878,20.134994450364168,222.76497825806845
global,related_same,20,74,1,EXECUTE,published_after_gate_recheck,4.37282701022923,1.2482099700719118,20.134994450364168,222.76497825806845
global,related_same,20,75,1,EXECUTE,published_after_gate_recheck,3.8241990841925144,1.177988015115261,20.134994450364168,222.76497825806845
global,related_same,20,76,1,EXECUTE,published_after_gate_recheck,4.104675026610494,1.2171519920229912,20.134994450364168,222.76497825806845
global,related_same,20,77,1,EXECUTE,published_after_gate_recheck,4.290602868422866,1.5516190323978662,20.134994450364168,222.76497825806845
global,related_same,20,78,1,EXECUTE,published_after_gate_recheck,4.023791989311576,1.2468770146369934,20.134994450364168,222.76497825806845
global,related_same,20,79,1,EXECUTE,published_after_gate_recheck,3.8471908774226904,1.1731390841305256,20.134994450364168,222.76497825806845
global,related_same,20,80,1,EXECUTE,published_after_gate_recheck,4.774861037731171,1.4836108312010765,20.134994450364168,222.76497825806845
global,related_same,20,81,1,EXECUTE,published_after_gate_recheck,4.353199852630496,1.2522682081907988,20.134994450364168,222.76497825806845
global,related_same,20,82,1,EXECUTE,published_after_gate_recheck,4.24938602373004,1.2296750210225582,20.134994450364168,222.76497825806845
global,related_same,20,83,1,EXECUTE,published_after_gate_recheck,4.307334078475833,1.4992200303822756,20.134994450364168,222.76497825806845
global,related_same,20,84,1,EXECUTE,published_after_gate_recheck,4.705721978098154,1.2821240816265345,20.134994450364168,222.76497825806845
global,related_same,20,85,1,EXECUTE,published_after_gate_recheck,4.852727055549622,1.2631581630557775,20.134994450364168,222.76497825806845
global,related_same,20,86,1,EXECUTE,published_after_gate_recheck,4.047547001391649,1.246937084943056,20.134994450364168,222.76497825806845
global,related_same,20,87,1,EXECUTE,published_after_gate_recheck,3.915359964594245,1.1750829871743917,20.134994450364168,222.76497825806845
global,related_same,20,88,1,EXECUTE,published_after_gate_recheck,3.9994169492274523,1.1784189846366644,20.134994450364168,222.76497825806845
global,related_same,20,89,1,EXECUTE,published_after_gate_recheck,4.348170943558216,1.4110761694610119,20.134994450364168,222.76497825806845
global,related_same,20,90,1,EXECUTE,published_after_gate_recheck,4.044281085953116,1.194138079881668,20.134994450364168,222.76497825806845
global,related_same,20,91,1,EXECUTE,published_after_gate_recheck,4.0860590524971485,1.2680171057581902,20.134994450364168,222.76497825806845
global,related_same,20,92,1,EXECUTE,published_after_gate_recheck,4.090629052370787,1.502256141975522,20.134994450364168,222.76497825806845
global,related_same,20,93,1,EXECUTE,published_after_gate_recheck,4.123900085687637,1.3819108717143536,20.134994450364168,222.76497825806845
global,related_same,20,94,1,EXECUTE,published_after_gate_recheck,3.858832875266671,1.1588020715862513,20.134994450364168,222.76497825806845
global,related_same,20,95,1,EXECUTE,published_after_gate_recheck,3.7516418378800154,1.3095350004732609,20.134994450364168,222.76497825806845
global,related_same,20,96,1,EXECUTE,published_after_gate_recheck,3.772562136873603,1.4827901031821966,20.134994450364168,222.76497825806845
global,related_same,20,97,1,EXECUTE,published_after_gate_recheck,3.634012071415782,1.2784770224243402,20.134994450364168,222.76497825806845
global,related_same,20,98,1,EXECUTE,published_after_gate_recheck,3.9861630648374557,1.1989278718829155,20.134994450364168,222.76497825806845
global,related_same,20,99,1,EXECUTE,published_after_gate_recheck,4.16588899679482,1.2144860811531544,20.134994450364168,222.76497825806845
readset,related_same,20,0,1,EXECUTE,published_after_gate_recheck,5.44537790119648,1.388822915032506,20.70481067488761,234.32718722612904
readset,related_same,20,1,1,EXECUTE,published_after_gate_recheck,3.896645037457347,1.271071843802929,20.70481067488761,234.32718722612904
readset,related_same,20,2,1,EXECUTE,published_after_gate_recheck,4.142876015976071,1.2023840099573135,20.70481067488761,234.32718722612904
readset,related_same,20,3,1,EXECUTE,published_after_gate_recheck,4.207917954772711,1.169371884316206,20.70481067488761,234.32718722612904
readset,related_same,20,4,1,EXECUTE,published_after_gate_recheck,3.8239280693233013,1.4764980878680944,20.70481067488761,234.32718722612904
readset,related_same,20,5,1,EXECUTE,published_after_gate_recheck,3.8659980054944754,1.5447360929101706,20.70481067488761,234.32718722612904
readset,related_same,20,6,1,EXECUTE,published_after_gate_recheck,4.765772959217429,1.3101559597998857,20.70481067488761,234.32718722612904
readset,related_same,20,7,1,EXECUTE,published_after_gate_recheck,4.407432163134217,1.636337023228407,20.70481067488761,234.32718722612904
readset,related_same,20,8,1,EXECUTE,published_after_gate_recheck,4.242313094437122,1.2405659072101116,20.70481067488761,234.32718722612904
readset,related_same,20,9,1,EXECUTE,published_after_gate_recheck,4.049700917676091,1.2491110246628523,20.70481067488761,234.32718722612904
readset,related_same,20,10,1,EXECUTE,published_after_gate_recheck,3.9896389935165644,1.3255840167403221,20.70481067488761,234.32718722612904
readset,related_same,20,11,1,EXECUTE,published_after_gate_recheck,5.086865974590182,1.7776722088456154,20.70481067488761,234.32718722612904
readset,related_same,20,12,1,EXECUTE,published_after_gate_recheck,4.8096259124577045,1.2830751948058605,20.70481067488761,234.32718722612904
readset,related_same,20,13,1,EXECUTE,published_after_gate_recheck,4.1443591471761465,1.3836328871548176,20.70481067488761,234.32718722612904
readset,related_same,20,14,1,EXECUTE,published_after_gate_recheck,3.895533038303256,1.183218089863658,20.70481067488761,234.32718722612904
readset,related_same,20,15,1,EXECUTE,published_after_gate_recheck,3.955273889005184,1.1806730180978775,20.70481067488761,234.32718722612904
readset,related_same,20,16,1,EXECUTE,published_after_gate_recheck,4.169134888797998,1.3475960586220026,20.70481067488761,234.32718722612904
readset,related_same,20,17,1,EXECUTE,published_after_gate_recheck,4.114793846383691,1.5275431796908379,20.70481067488761,234.32718722612904
readset,related_same,20,18,1,EXECUTE,published_after_gate_recheck,4.056703997775912,1.1923250276595354,20.70481067488761,234.32718722612904
readset,related_same,20,19,1,EXECUTE,published_after_gate_recheck,4.1249331552535295,1.1637418065220118,20.70481067488761,234.32718722612904
readset,related_same,20,20,1,EXECUTE,published_after_gate_recheck,4.1170979384332895,1.4463209081441164,20.70481067488761,234.32718722612904
readset,related_same,20,21,1,EXECUTE,published_after_gate_recheck,3.8250298239290714,1.2060909066349268,20.70481067488761,234.32718722612904
readset,related_same,20,22,1,EXECUTE,published_after_gate_recheck,4.1118881199508905,1.192155061289668,20.70481067488761,234.32718722612904
readset,related_same,20,23,1,EXECUTE,published_after_gate_recheck,5.196942016482353,2.3462888784706593,20.70481067488761,234.32718722612904
readset,related_same,20,24,1,EXECUTE,published_after_gate_recheck,4.040735075250268,1.3066090177744627,20.70481067488761,234.32718722612904
readset,related_same,20,25,1,EXECUTE,published_after_gate_recheck,4.329525865614414,1.4298411551862955,20.70481067488761,234.32718722612904
readset,related_same,20,26,1,EXECUTE,published_after_gate_recheck,4.4539389200508595,1.6423589549958706,20.70481067488761,234.32718722612904
readset,related_same,20,27,1,EXECUTE,published_after_gate_recheck,3.826012136414647,1.286882907152176,20.70481067488761,234.32718722612904
readset,related_same,20,28,1,EXECUTE,published_after_gate_recheck,3.8314920384436846,1.1842900421470404,20.70481067488761,234.32718722612904
readset,related_same,20,29,1,EXECUTE,published_after_gate_recheck,4.135822877287865,1.2001788709312677,20.70481067488761,234.32718722612904
readset,related_same,20,30,1,EXECUTE,published_after_gate_recheck,4.081942141056061,1.4607380144298077,20.70481067488761,234.32718722612904
readset,related_same,20,31,1,EXECUTE,published_after_gate_recheck,4.075650125741959,1.231066882610321,20.70481067488761,234.32718722612904
readset,related_same,20,32,1,EXECUTE,published_after_gate_recheck,3.96964093670249,1.1988368351012468,20.70481067488761,234.32718722612904
readset,related_same,20,33,1,EXECUTE,published_after_gate_recheck,3.940026042982936,1.3624541461467743,20.70481067488761,234.32718722612904
readset,related_same,20,34,1,EXECUTE,published_after_gate_recheck,3.901032032445073,1.320444978773594,20.70481067488761,234.32718722612904
readset,related_same,20,35,1,EXECUTE,published_after_gate_recheck,5.059333983808756,1.9355090335011482,20.70481067488761,234.32718722612904
readset,related_same,20,36,1,EXECUTE,published_after_gate_recheck,4.1548688896000385,1.52436806820333,20.70481067488761,234.32718722612904
readset,related_same,20,37,1,EXECUTE,published_after_gate_recheck,4.188732011243701,1.1958619579672813,20.70481067488761,234.32718722612904
readset,related_same,20,38,1,EXECUTE,published_after_gate_recheck,3.9182850159704685,1.187977148219943,20.70481067488761,234.32718722612904
readset,related_same,20,39,1,EXECUTE,published_after_gate_recheck,4.19124704785645,1.5361099503934383,20.70481067488761,234.32718722612904
readset,related_same,20,40,1,EXECUTE,published_after_gate_recheck,4.141905112192035,1.1763549409806728,20.70481067488761,234.32718722612904
readset,related_same,20,41,1,EXECUTE,published_after_gate_recheck,3.9783979300409555,1.1722180061042309,20.70481067488761,234.32718722612904
readset,related_same,20,42,1,EXECUTE,published_after_gate_recheck,4.12806891836226,1.5160930342972279,20.70481067488761,234.32718722612904
readset,related_same,20,43,1,EXECUTE,published_after_gate_recheck,3.609255887567997,1.1689509265124798,20.70481067488761,234.32718722612904
readset,related_same,20,44,1,EXECUTE,published_after_gate_recheck,3.721505869179964,1.1784990783780813,20.70481067488761,234.32718722612904
readset,related_same,20,45,1,EXECUTE,published_after_gate_recheck,3.8470509462058544,1.1545440647751093,20.70481067488761,234.32718722612904
readset,related_same,20,46,1,EXECUTE,published_after_gate_recheck,4.128098022192717,1.5376328956335783,20.70481067488761,234.32718722612904
readset,related_same,20,47,1,EXECUTE,published_after_gate_recheck,5.378392059355974,1.31228007376194,20.70481067488761,234.32718722612904
readset,related_same,20,48,1,EXECUTE,published_after_gate_recheck,3.915499895811081,1.378173939883709,20.70481067488761,234.32718722612904
readset,related_same,20,49,1,EXECUTE,published_after_gate_recheck,3.933374071493745,1.1704540811479092,20.70481067488761,234.32718722612904
readset,related_same,20,50,1,EXECUTE,published_after_gate_recheck,4.7268911730498075,1.3485078234225512,20.70481067488761,234.32718722612904
readset,related_same,20,51,1,EXECUTE,published_after_gate_recheck,4.118789918720722,1.2670350261032581,20.70481067488761,234.32718722612904
readset,related_same,20,52,1,EXECUTE,published_after_gate_recheck,4.002863075584173,1.1886879801750183,20.70481067488761,234.32718722612904
readset,related_same,20,53,1,EXECUTE,published_after_gate_recheck,4.548837896436453,1.3066690880805254,20.70481067488761,234.32718722612904
readset,related_same,20,54,1,EXECUTE,published_after_gate_recheck,4.130732966586947,1.3104660902172327,20.70481067488761,234.32718722612904
readset,related_same,20,55,1,EXECUTE,published_after_gate_recheck,4.119703080505133,1.2046580668538809,20.70481067488761,234.32718722612904
readset,related_same,20,56,1,EXECUTE,published_after_gate_recheck,4.024083027616143,1.2129440438002348,20.70481067488761,234.32718722612904
readset,related_same,20,57,1,EXECUTE,published_after_gate_recheck,3.951848018914461,1.5487831551581621,20.70481067488761,234.32718722612904
readset,related_same,20,58,1,EXECUTE,published_after_gate_recheck,3.692302154377103,1.2091959360986948,20.70481067488761,234.32718722612904
readset,related_same,20,59,1,EXECUTE,published_after_gate_recheck,3.991062054410577,1.1835291516035795,20.70481067488761,234.32718722612904
readset,related_same,20,60,1,EXECUTE,published_after_gate_recheck,4.689340945333242,1.31438416428864,20.70481067488761,234.32718722612904
readset,related_same,20,61,1,EXECUTE,published_after_gate_recheck,4.341888939961791,1.3045351952314377,20.70481067488761,234.32718722612904
readset,related_same,20,62,1,EXECUTE,published_after_gate_recheck,4.203079035505652,1.2135249562561512,20.70481067488761,234.32718722612904
readset,related_same,20,63,1,EXECUTE,published_after_gate_recheck,4.137224983423948,1.428738934919238,20.70481067488761,234.32718722612904
readset,related_same,20,64,1,EXECUTE,published_after_gate_recheck,4.006840987131,1.3984220568090677,20.70481067488761,234.32718722612904
readset,related_same,20,65,1,EXECUTE,published_after_gate_recheck,4.1850050911307335,1.2207489926367998,20.70481067488761,234.32718722612904
readset,related_same,20,66,1,EXECUTE,published_after_gate_recheck,4.31962707079947,1.2999358586966991,20.70481067488761,234.32718722612904
readset,related_same,20,67,1,EXECUTE,published_after_gate_recheck,3.953249892219901,1.544285099953413,20.70481067488761,234.32718722612904
readset,related_same,20,68,1,EXECUTE,published_after_gate_recheck,3.8579520769417286,1.2458148412406445,20.70481067488761,234.32718722612904
readset,related_same,20,69,1,EXECUTE,published_after_gate_recheck,4.206205019727349,1.244794111698866,20.70481067488761,234.32718722612904
readset,related_same,20,70,1,EXECUTE,published_after_gate_recheck,4.311671946197748,1.3885530643165112,20.70481067488761,234.32718722612904
readset,related_same,20,71,1,EXECUTE,published_after_gate_recheck,3.972386009991169,1.4491758774966002,20.70481067488761,234.32718722612904
readset,related_same,20,72,1,EXECUTE,published_after_gate_recheck,3.7950139958411455,1.1826669797301292,20.70481067488761,234.32718722612904
readset,related_same,20,73,1,EXECUTE,published_after_gate_recheck,3.754067001864314,1.1570081114768982,20.70481067488761,234.32718722612904
readset,related_same,20,74,1,EXECUTE,published_after_gate_recheck,3.9196780417114496,1.1514280922710896,20.70481067488761,234.32718722612904
readset,related_same,20,75,1,EXECUTE,published_after_gate_recheck,3.8417221512645483,1.2690590228885412,20.70481067488761,234.32718722612904
readset,related_same,20,76,1,EXECUTE,published_after_gate_recheck,4.326390102505684,1.3472959399223328,20.70481067488761,234.32718722612904
readset,related_same,20,77,1,EXECUTE,published_after_gate_recheck,4.23391698859632,1.1957020033150911,20.70481067488761,234.32718722612904
readset,related_same,20,78,1,EXECUTE,published_after_gate_recheck,4.156100796535611,1.1928861495107412,20.70481067488761,234.32718722612904
readset,related_same,20,79,1,EXECUTE,published_after_gate_recheck,4.180516116321087,1.4318639878183603,20.70481067488761,234.32718722612904
readset,related_same,20,80,1,EXECUTE,published_after_gate_recheck,3.9785888511687517,1.2735568452626467,20.70481067488761,234.32718722612904
readset,related_same,20,81,1,EXECUTE,published_after_gate_recheck,4.555930150672793,1.276704017072916,20.70481067488761,234.32718722612904
readset,related_same,20,82,1,EXECUTE,published_after_gate_recheck,5.1966209430247545,1.7151751089841127,20.70481067488761,234.32718722612904
readset,related_same,20,83,1,EXECUTE,published_after_gate_recheck,4.168753977864981,1.3244629371911287,20.70481067488761,234.32718722612904
readset,related_same,20,84,1,EXECUTE,published_after_gate_recheck,3.799120895564556,1.181545201689005,20.70481067488761,234.32718722612904
readset,related_same,20,85,1,EXECUTE,published_after_gate_recheck,4.053429001942277,1.175553072243929,20.70481067488761,234.32718722612904
readset,related_same,20,86,1,EXECUTE,published_after_gate_recheck,4.039040999487042,1.485754968598485,20.70481067488761,234.32718722612904
readset,related_same,20,87,1,EXECUTE,published_after_gate_recheck,3.972246078774333,1.2334620114415884,20.70481067488761,234.32718722612904
readset,related_same,20,88,1,EXECUTE,published_after_gate_recheck,4.24388493411243,1.236567972227931,20.70481067488761,234.32718722612904
readset,related_same,20,89,1,EXECUTE,published_after_gate_recheck,4.339715000241995,1.663357950747013,20.70481067488761,234.32718722612904
readset,related_same,20,90,1,EXECUTE,published_after_gate_recheck,4.04798798263073,1.4730410184711218,20.70481067488761,234.32718722612904
readset,related_same,20,91,1,EXECUTE,published_after_gate_recheck,4.0127618703991175,1.2165200896561146,20.70481067488761,234.32718722612904
readset,related_same,20,92,1,EXECUTE,published_after_gate_recheck,5.1944078877568245,1.5382429119199514,20.70481067488761,234.32718722612904
readset,related_same,20,93,1,EXECUTE,published_after_gate_recheck,4.360974999144673,1.238662051036954,20.70481067488761,234.32718722612904
readset,related_same,20,94,1,EXECUTE,published_after_gate_recheck,4.926444962620735,1.1986170429736376,20.70481067488761,234.32718722612904
readset,related_same,20,95,1,EXECUTE,published_after_gate_recheck,4.416939802467823,1.5149898827075958,20.70481067488761,234.32718722612904
readset,related_same,20,96,1,EXECUTE,published_after_gate_recheck,4.179233917966485,1.3351929374039173,20.70481067488761,234.32718722612904
readset,related_same,20,97,1,EXECUTE,published_after_gate_recheck,4.419103963300586,1.331706065684557,20.70481067488761,234.32718722612904
readset,related_same,20,98,1,EXECUTE,published_after_gate_recheck,4.445102997124195,1.3334800023585558,20.70481067488761,234.32718722612904
readset,related_same,20,99,1,EXECUTE,published_after_gate_recheck,4.229438956826925,1.5074759721755981,20.70481067488761,234.32718722612904
global,unrelated,100,0,1,EXECUTE,published_after_gate_recheck,4.778797971084714,1.3929309789091349,99.98512869179935,187.84639655736626
global,unrelated,100,1,1,EXECUTE,published_after_gate_recheck,4.372576950117946,1.213103998452425,99.98512869179935,187.84639655736626
global,unrelated,100,2,1,EXECUTE,published_after_gate_recheck,5.272863898426294,1.3291719369590282,99.98512869179935,187.84639655736626
global,unrelated,100,3,1,EXECUTE,published_after_gate_recheck,4.333463031798601,1.233553048223257,99.98512869179935,187.84639655736626
global,unrelated,100,4,0,REVOKE,context_version_changed_at_publish,5.851679015904665,2.4359161034226418,99.98512869179935,187.84639655736626
global,unrelated,100,5,1,EXECUTE,published_after_gate_recheck,4.367968067526817,1.1434340849518776,99.98512869179935,187.84639655736626
global,unrelated,100,6,1,EXECUTE,published_after_gate_recheck,5.427394062280655,1.2255879119038582,99.98512869179935,187.84639655736626
global,unrelated,100,7,1,EXECUTE,published_after_gate_recheck,4.25324309617281,1.5951998066157103,99.98512869179935,187.84639655736626
global,unrelated,100,8,1,EXECUTE,published_after_gate_recheck,5.080945091322064,1.240014098584652,99.98512869179935,187.84639655736626
global,unrelated,100,9,1,EXECUTE,published_after_gate_recheck,4.5282188802957535,1.225226791575551,99.98512869179935,187.84639655736626
global,unrelated,100,10,1,EXECUTE,published_after_gate_recheck,5.974258994683623,1.2182141654193401,99.98512869179935,187.84639655736626
global,unrelated,100,11,1,EXECUTE,published_after_gate_recheck,3.9734879974275827,1.2972219847142696,99.98512869179935,187.84639655736626
global,unrelated,100,12,1,EXECUTE,published_after_gate_recheck,5.359637085348368,1.1692519765347242,99.98512869179935,187.84639655736626
global,unrelated,100,13,1,EXECUTE,published_after_gate_recheck,4.205093020573258,1.1976449750363827,99.98512869179935,187.84639655736626
global,unrelated,100,14,0,REVOKE,context_version_changed_at_publish,5.485411966219544,2.2529340349137783,99.98512869179935,187.84639655736626
global,unrelated,100,15,1,EXECUTE,published_after_gate_recheck,4.029563162475824,1.1527908500283957,99.98512869179935,187.84639655736626
global,unrelated,100,16,0,REVOKE,context_version_changed_at_publish,5.227919900789857,2.4049680214375257,99.98512869179935,187.84639655736626
global,unrelated,100,17,1,EXECUTE,published_after_gate_recheck,4.040523897856474,1.2654219754040241,99.98512869179935,187.84639655736626
global,unrelated,100,18,0,REVOKE,context_version_changed_at_publish,5.42591093108058,2.56336503662169,99.98512869179935,187.84639655736626
global,unrelated,100,19,1,EXECUTE,published_after_gate_recheck,4.149958956986666,1.2333521153777838,99.98512869179935,187.84639655736626
global,unrelated,100,20,1,EXECUTE,published_after_gate_recheck,4.941272083669901,1.5467200428247452,99.98512869179935,187.84639655736626
global,unrelated,100,21,1,EXECUTE,published_after_gate_recheck,4.022850887849927,1.3824610505253077,99.98512869179935,187.84639655736626
global,unrelated,100,22,1,EXECUTE,published_after_gate_recheck,4.41222102381289,1.2538009323179722,99.98512869179935,187.84639655736626
global,unrelated,100,23,1,EXECUTE,published_after_gate_recheck,4.85459016636014,1.5111130196601152,99.98512869179935,187.84639655736626
global,unrelated,100,24,1,EXECUTE,published_after_gate_recheck,4.3452950194478035,1.2720250524580479,99.98512869179935,187.84639655736626
global,unrelated,100,25,1,EXECUTE,published_after_gate_recheck,4.980084951967001,1.386560034006834,99.98512869179935,187.84639655736626
global,unrelated,100,26,1,EXECUTE,published_after_gate_recheck,4.318024963140488,1.2985439971089363,99.98512869179935,187.84639655736626
global,unrelated,100,27,1,EXECUTE,published_after_gate_recheck,5.481224972754717,1.501814927905798,99.98512869179935,187.84639655736626
global,unrelated,100,28,1,EXECUTE,published_after_gate_recheck,4.829693119972944,2.0679759327322245,99.98512869179935,187.84639655736626
global,unrelated,100,29,1,EXECUTE,published_after_gate_recheck,5.113073857501149,1.3040048070251942,99.98512869179935,187.84639655736626
global,unrelated,100,30,1,EXECUTE,published_after_gate_recheck,4.659955855458975,1.3953361194580793,99.98512869179935,187.84639655736626
global,unrelated,100,31,1,EXECUTE,published_after_gate_recheck,5.184147972613573,1.5504660550504923,99.98512869179935,187.84639655736626
global,unrelated,100,32,1,EXECUTE,published_after_gate_recheck,4.6726788859814405,1.4154929667711258,99.98512869179935,187.84639655736626
global,unrelated,100,33,1,EXECUTE,published_after_gate_recheck,5.195478908717632,1.535177929326892,99.98512869179935,187.84639655736626
global,unrelated,100,34,1,EXECUTE,published_after_gate_recheck,4.40547801554203,1.3166279532015324,99.98512869179935,187.84639655736626
global,unrelated,100,35,1,EXECUTE,published_after_gate_recheck,5.004361039027572,1.5707039274275303,99.98512869179935,187.84639655736626
global,unrelated,100,36,1,EXECUTE,published_after_gate_recheck,4.18034614995122,1.4311929699033499,99.98512869179935,187.84639655736626
global,unrelated,100,37,1,EXECUTE,published_after_gate_recheck,6.945630069822073,1.5038689598441124,99.98512869179935,187.84639655736626
global,unrelated,100,38,1,EXECUTE,published_after_gate_recheck,5.113614955917001,1.423599198460579,99.98512869179935,187.84639655736626
global,unrelated,100,39,1,EXECUTE,published_after_gate_recheck,4.393805982545018,1.5094398986548185,99.98512869179935,187.84639655736626
global,unrelated,100,40,1,EXECUTE,published_after_gate_recheck,4.7886858228594065,1.5262509696185589,99.98512869179935,187.84639655736626
global,unrelated,100,41,1,EXECUTE,published_after_gate_recheck,4.363239044323564,1.609286991879344,99.98512869179935,187.84639655736626
global,unrelated,100,42,1,EXECUTE,published_after_gate_recheck,4.134901100769639,1.3180910609662533,99.98512869179935,187.84639655736626
global,unrelated,100,43,1,EXECUTE,published_after_gate_recheck,5.769565002992749,1.6316389665007591,99.98512869179935,187.84639655736626
global,unrelated,100,44,1,EXECUTE,published_after_gate_recheck,4.225622164085507,1.1944989673793316,99.98512869179935,187.84639655736626
global,unrelated,100,45,1,EXECUTE,published_after_gate_recheck,5.146227078512311,1.4295100700110197,99.98512869179935,187.84639655736626
global,unrelated,100,46,1,EXECUTE,published_after_gate_recheck,4.008755087852478,1.1550448834896088,99.98512869179935,187.84639655736626
global,unrelated,100,47,1,EXECUTE,published_after_gate_recheck,5.384444026276469,1.2600221671164036,99.98512869179935,187.84639655736626
global,unrelated,100,48,1,EXECUTE,published_after_gate_recheck,4.240588983520865,1.2778951786458492,99.98512869179935,187.84639655736626
global,unrelated,100,49,1,EXECUTE,published_after_gate_recheck,5.43351611122489,1.4876490458846092,99.98512869179935,187.84639655736626
global,unrelated,100,50,1,EXECUTE,published_after_gate_recheck,4.231852013617754,1.2724960688501596,99.98512869179935,187.84639655736626
global,unrelated,100,51,1,EXECUTE,published_after_gate_recheck,5.470354110002518,1.2872929219156504,99.98512869179935,187.84639655736626
global,unrelated,100,52,1,EXECUTE,published_after_gate_recheck,3.936277935281396,1.1719770263880491,99.98512869179935,187.84639655736626
global,unrelated,100,53,0,REVOKE,context_version_changed_at_publish,5.17136394046247,2.4160491302609444,99.98512869179935,187.84639655736626
global,unrelated,100,54,1,EXECUTE,published_after_gate_recheck,4.181768978014588,1.2840479612350464,99.98512869179935,187.84639655736626
global,unrelated,100,55,0,REVOKE,context_version_changed_at_publish,5.981482798233628,2.3715458810329437,99.98512869179935,187.84639655736626
global,unrelated,100,56,1,EXECUTE,published_after_gate_recheck,4.459640011191368,1.1867140419781208,99.98512869179935,187.84639655736626
global,unrelated,100,57,0,REVOKE,context_version_changed_at_publish,5.08153485134244,2.313746837899089,99.98512869179935,187.84639655736626
global,unrelated,100,58,1,EXECUTE,published_after_gate_recheck,3.8971658796072006,1.1753530707210302,99.98512869179935,187.84639655736626
global,unrelated,100,59,1,EXECUTE,published_after_gate_recheck,4.9317749217152596,1.5101099852472544,99.98512869179935,187.84639655736626
global,unrelated,100,60,1,EXECUTE,published_after_gate_recheck,4.204550990834832,1.2822740245610476,99.98512869179935,187.84639655736626
global,unrelated,100,61,1,EXECUTE,published_after_gate_recheck,4.337170859798789,1.3247239403426647,99.98512869179935,187.84639655736626
global,unrelated,100,62,1,EXECUTE,published_after_gate_recheck,4.255516920238733,1.3160179369151592,99.98512869179935,187.84639655736626
global,unrelated,100,63,1,EXECUTE,published_after_gate_recheck,4.284320864826441,1.494591822847724,99.98512869179935,187.84639655736626
global,unrelated,100,64,1,EXECUTE,published_after_gate_recheck,5.348956910893321,1.4436061028391123,99.98512869179935,187.84639655736626
global,unrelated,100,65,1,EXECUTE,published_after_gate_recheck,4.043729975819588,1.4133190270513296,99.98512869179935,187.84639655736626
global,unrelated,100,66,1,EXECUTE,published_after_gate_recheck,5.072949919849634,1.2727549765259027,99.98512869179935,187.84639655736626
global,unrelated,100,67,1,EXECUTE,published_after_gate_recheck,3.945206059142947,1.427805982530117,99.98512869179935,187.84639655736626
global,unrelated,100,68,0,REVOKE,context_version_changed_at_publish,5.070355022326112,1.8170559778809547,99.98512869179935,187.84639655736626
global,unrelated,100,69,1,EXECUTE,published_after_gate_recheck,3.6703001242130995,1.2648808769881725,99.98512869179935,187.84639655736626
global,unrelated,100,70,1,EXECUTE,published_after_gate_recheck,4.803123883903027,1.889602979645133,99.98512869179935,187.84639655736626
global,unrelated,100,71,1,EXECUTE,published_after_gate_recheck,3.75730381347239,1.1641019955277443,99.98512869179935,187.84639655736626
global,unrelated,100,72,1,EXECUTE,published_after_gate_recheck,4.524921998381615,1.193277072161436,99.98512869179935,187.84639655736626
global,unrelated,100,73,1,EXECUTE,published_after_gate_recheck,4.178272094577551,1.1857228819280863,99.98512869179935,187.84639655736626
global,unrelated,100,74,1,EXECUTE,published_after_gate_recheck,4.1585450526326895,1.2359169777482748,99.98512869179935,187.84639655736626
global,unrelated,100,75,1,EXECUTE,published_after_gate_recheck,4.851415054872632,1.331666950136423,99.98512869179935,187.84639655736626
global,unrelated,100,76,1,EXECUTE,published_after_gate_recheck,4.08621015958488,1.2135251890867949,99.98512869179935,187.84639655736626
global,unrelated,100,77,0,REVOKE,context_version_changed_at_publish,4.974464885890484,2.3686601780354977,99.98512869179935,187.84639655736626
global,unrelated,100,78,1,EXECUTE,published_after_gate_recheck,4.411439877003431,1.1822571977972984,99.98512869179935,187.84639655736626
global,unrelated,100,79,0,REVOKE,context_version_changed_at_publish,5.420241039246321,2.820937894284725,99.98512869179935,187.84639655736626
global,unrelated,100,80,1,EXECUTE,published_after_gate_recheck,4.037858918309212,1.2008310295641422,99.98512869179935,187.84639655736626
global,unrelated,100,81,1,EXECUTE,published_after_gate_recheck,4.394607851281762,1.3765499461442232,99.98512869179935,187.84639655736626
global,unrelated,100,82,1,EXECUTE,published_after_gate_recheck,4.002532921731472,1.2922019232064486,99.98512869179935,187.84639655736626
global,unrelated,100,83,1,EXECUTE,published_after_gate_recheck,4.030545940622687,1.229735091328621,99.98512869179935,187.84639655736626
global,unrelated,100,84,1,EXECUTE,published_after_gate_recheck,5.041701020672917,1.4427949208766222,99.98512869179935,187.84639655736626
global,unrelated,100,85,1,EXECUTE,published_after_gate_recheck,4.186348058283329,1.2185650411993265,99.98512869179935,187.84639655736626
global,unrelated,100,86,1,EXECUTE,published_after_gate_recheck,6.875347811728716,1.7267970833927393,99.98512869179935,187.84639655736626
global,unrelated,100,87,1,EXECUTE,published_after_gate_recheck,4.585484974086285,1.3977601192891598,99.98512869179935,187.84639655736626
global,unrelated,100,88,1,EXECUTE,published_after_gate_recheck,4.530631937086582,1.3792249374091625,99.98512869179935,187.84639655736626
global,unrelated,100,89,1,EXECUTE,published_after_gate_recheck,4.405498970299959,1.311649102717638,99.98512869179935,187.84639655736626
global,unrelated,100,90,1,EXECUTE,published_after_gate_recheck,5.269539076834917,1.2373689096421003,99.98512869179935,187.84639655736626
global,unrelated,100,91,1,EXECUTE,published_after_gate_recheck,4.14254586212337,1.2520670425146818,99.98512869179935,187.84639655736626
global,unrelated,100,92,1,EXECUTE,published_after_gate_recheck,5.845627980306745,1.52764399535954,99.98512869179935,187.84639655736626
global,unrelated,100,93,1,EXECUTE,published_after_gate_recheck,4.202387994155288,1.2816819362342358,99.98512869179935,187.84639655736626
global,unrelated,100,94,1,EXECUTE,published_after_gate_recheck,5.626006051898003,1.2834758963435888,99.98512869179935,187.84639655736626
global,unrelated,100,95,1,EXECUTE,published_after_gate_recheck,4.1839429177343845,1.1918740347027779,99.98512869179935,187.84639655736626
global,unrelated,100,96,1,EXECUTE,published_after_gate_recheck,5.412835860624909,1.5046601183712482,99.98512869179935,187.84639655736626
global,unrelated,100,97,1,EXECUTE,published_after_gate_recheck,4.1273669339716434,1.3190919999033213,99.98512869179935,187.84639655736626
global,unrelated,100,98,1,EXECUTE,published_after_gate_recheck,5.130146862939,1.22956489212811,99.98512869179935,187.84639655736626
global,unrelated,100,99,1,EXECUTE,published_after_gate_recheck,4.065060056746006,1.3790861703455448,99.98512869179935,187.84639655736626
readset,unrelated,100,0,1,EXECUTE,published_after_gate_recheck,5.177075043320656,1.5247478149831295,100.1478563642913,111.5693395439367
readset,unrelated,100,1,1,EXECUTE,published_after_gate_recheck,4.212036030367017,1.3548999559134245,100.1478563642913,111.5693395439367
readset,unrelated,100,2,1,EXECUTE,published_after_gate_recheck,5.837843986228108,1.6096180770546198,100.1478563642913,111.5693395439367
readset,unrelated,100,3,1,EXECUTE,published_after_gate_recheck,4.668611101806164,1.2931129895150661,100.1478563642913,111.5693395439367
readset,unrelated,100,4,1,EXECUTE,published_after_gate_recheck,5.184198031201959,1.2716930359601974,100.1478563642913,111.5693395439367
readset,unrelated,100,5,1,EXECUTE,published_after_gate_recheck,3.7903948687016964,1.1923860292881727,100.1478563642913,111.5693395439367
readset,unrelated,100,6,1,EXECUTE,published_after_gate_recheck,5.8889989741146564,1.4471621252596378,100.1478563642913,111.5693395439367
readset,unrelated,100,7,1,EXECUTE,published_after_gate_recheck,4.3896089773625135,1.2255371548235416,100.1478563642913,111.5693395439367
readset,unrelated,100,8,1,EXECUTE,published_after_gate_recheck,5.402446957305074,1.4476038049906492,100.1478563642913,111.5693395439367
readset,unrelated,100,9,1,EXECUTE,published_after_gate_recheck,4.36772801913321,1.380859175696969,100.1478563642913,111.5693395439367
readset,unrelated,100,10,1,EXECUTE,published_after_gate_recheck,5.4959619883447886,1.3692970387637615,100.1478563642913,111.5693395439367
readset,unrelated,100,11,1,EXECUTE,published_after_gate_recheck,4.933739081025124,1.3451720587909222,100.1478563642913,111.5693395439367
readset,unrelated,100,12,1,EXECUTE,published_after_gate_recheck,5.131629062816501,1.244192011654377,100.1478563642913,111.5693395439367
readset,unrelated,100,13,1,EXECUTE,published_after_gate_recheck,4.558195127174258,1.5187868848443031,100.1478563642913,111.5693395439367
readset,unrelated,100,14,1,EXECUTE,published_after_gate_recheck,5.8946998324245214,1.485493965446949,100.1478563642913,111.5693395439367
readset,unrelated,100,15,1,EXECUTE,published_after_gate_recheck,4.247301025316119,1.3527460396289825,100.1478563642913,111.5693395439367
readset,unrelated,100,16,1,EXECUTE,published_after_gate_recheck,4.769070073962212,1.3319458812475204,100.1478563642913,111.5693395439367
readset,unrelated,100,17,1,EXECUTE,published_after_gate_recheck,4.05357894487679,1.332608051598072,100.1478563642913,111.5693395439367
readset,unrelated,100,18,1,EXECUTE,published_after_gate_recheck,5.629673134535551,1.3883230276405811,100.1478563642913,111.5693395439367
readset,unrelated,100,19,1,EXECUTE,published_after_gate_recheck,4.229028010740876,1.2538409791886806,100.1478563642913,111.5693395439367
readset,unrelated,100,20,1,EXECUTE,published_after_gate_recheck,6.138466997072101,1.247418113052845,100.1478563642913,111.5693395439367
readset,unrelated,100,21,1,EXECUTE,published_after_gate_recheck,3.8729598745703697,1.192225143313408,100.1478563642913,111.5693395439367
readset,unrelated,100,22,1,EXECUTE,published_after_gate_recheck,5.661403061822057,1.4353208243846893,100.1478563642913,111.5693395439367
readset,unrelated,100,23,1,EXECUTE,published_after_gate_recheck,4.735848167911172,1.4963550493121147,100.1478563642913,111.5693395439367
readset,unrelated,100,24,1,EXECUTE,published_after_gate_recheck,4.489535931497812,1.3321770820766687,100.1478563642913,111.5693395439367
readset,unrelated,100,25,1,EXECUTE,published_after_gate_recheck,4.282287787646055,1.268147025257349,100.1478563642913,111.5693395439367
readset,unrelated,100,26,1,EXECUTE,published_after_gate_recheck,5.343768047168851,2.3839580826461315,100.1478563642913,111.5693395439367
readset,unrelated,100,27,1,EXECUTE,published_after_gate_recheck,4.161010030657053,1.2370089534670115,100.1478563642913,111.5693395439367
readset,unrelated,100,28,1,EXECUTE,published_after_gate_recheck,6.711089983582497,3.2347538508474827,100.1478563642913,111.5693395439367
readset,unrelated,100,29,1,EXECUTE,published_after_gate_recheck,6.635608850046992,1.7447008285671473,100.1478563642913,111.5693395439367
readset,unrelated,100,30,1,EXECUTE,published_after_gate_recheck,4.515514010563493,1.5808339230716228,100.1478563642913,111.5693395439367
readset,unrelated,100,31,1,EXECUTE,published_after_gate_recheck,4.567591939121485,1.3147240970283747,100.1478563642913,111.5693395439367
readset,unrelated,100,32,1,EXECUTE,published_after_gate_recheck,4.269974073395133,1.5042400918900967,100.1478563642913,111.5693395439367
readset,unrelated,100,33,1,EXECUTE,published_after_gate_recheck,3.921249881386757,1.3006178196519613,100.1478563642913,111.5693395439367
readset,unrelated,100,34,1,EXECUTE,published_after_gate_recheck,6.292684935033321,1.714122947305441,100.1478563642913,111.5693395439367
readset,unrelated,100,35,1,EXECUTE,published_after_gate_recheck,5.850887857377529,2.103963866829872,100.1478563642913,111.5693395439367
readset,unrelated,100,36,1,EXECUTE,published_after_gate_recheck,5.2857790142297745,1.5929860528558493,100.1478563642913,111.5693395439367
readset,unrelated,100,37,1,EXECUTE,published_after_gate_recheck,5.147038958966732,1.6905390657484531,100.1478563642913,111.5693395439367
readset,unrelated,100,38,1,EXECUTE,published_after_gate_recheck,4.761686082929373,1.3317661359906197,100.1478563642913,111.5693395439367
readset,unrelated,100,39,1,EXECUTE,published_after_gate_recheck,5.694465013220906,1.5161021146923304,100.1478563642913,111.5693395439367
readset,unrelated,100,40,1,EXECUTE,published_after_gate_recheck,4.78896708227694,1.5523901674896479,100.1478563642913,111.5693395439367
readset,unrelated,100,41,1,EXECUTE,published_after_gate_recheck,5.860765930265188,2.730428008362651,100.1478563642913,111.5693395439367
readset,unrelated,100,42,1,EXECUTE,published_after_gate_recheck,3.8782800547778606,1.257777912542224,100.1478563642913,111.5693395439367
readset,unrelated,100,43,1,EXECUTE,published_after_gate_recheck,5.7333779986947775,2.89132003672421,100.1478563642913,111.5693395439367
readset,unrelated,100,44,1,EXECUTE,published_after_gate_recheck,4.348962102085352,1.3873209245502949,100.1478563642913,111.5693395439367
readset,unrelated,100,45,1,EXECUTE,published_after_gate_recheck,4.773458931595087,1.4233780093491077,100.1478563642913,111.5693395439367
readset,unrelated,100,46,1,EXECUTE,published_after_gate_recheck,4.797843983396888,1.7524051945656538,100.1478563642913,111.5693395439367
readset,unrelated,100,47,1,EXECUTE,published_after_gate_recheck,5.1000399980694056,1.491796923801303,100.1478563642913,111.5693395439367
readset,unrelated,100,48,1,EXECUTE,published_after_gate_recheck,4.867985146120191,1.7851060256361961,100.1478563642913,111.5693395439367
readset,unrelated,100,49,1,EXECUTE,published_after_gate_recheck,7.07785808481276,3.1645121052861214,100.1478563642913,111.5693395439367
readset,unrelated,100,50,1,EXECUTE,published_after_gate_recheck,5.117313005030155,1.327618956565857,100.1478563642913,111.5693395439367
readset,unrelated,100,51,1,EXECUTE,published_after_gate_recheck,5.867138039320707,1.5402671415358782,100.1478563642913,111.5693395439367
readset,unrelated,100,52,1,EXECUTE,published_after_gate_recheck,5.279707023873925,1.7548289615660906,100.1478563642913,111.5693395439367
readset,unrelated,100,53,1,EXECUTE,published_after_gate_recheck,4.097541095688939,1.2179329060018063,100.1478563642913,111.5693395439367
readset,unrelated,100,54,1,EXECUTE,published_after_gate_recheck,5.0694330129772425,1.5536118298768997,100.1478563642913,111.5693395439367
readset,unrelated,100,55,1,EXECUTE,published_after_gate_recheck,4.664254141971469,1.457551959902048,100.1478563642913,111.5693395439367
readset,unrelated,100,56,1,EXECUTE,published_after_gate_recheck,4.020727006718516,1.4210939407348633,100.1478563642913,111.5693395439367
readset,unrelated,100,57,1,EXECUTE,published_after_gate_recheck,6.283509079366922,1.566126011312008,100.1478563642913,111.5693395439367
readset,unrelated,100,58,1,EXECUTE,published_after_gate_recheck,4.822039045393467,1.5977949369698763,100.1478563642913,111.5693395439367
readset,unrelated,100,59,1,EXECUTE,published_after_gate_recheck,4.327201982960105,1.3966679107397795,100.1478563642913,111.5693395439367
readset,unrelated,100,60,1,EXECUTE,published_after_gate_recheck,6.419904995709658,1.4315431471914053,100.1478563642913,111.5693395439367
readset,unrelated,100,61,1,EXECUTE,published_after_gate_recheck,28.718093875795603,8.707663044333458,100.1478563642913,111.5693395439367
readset,unrelated,100,62,1,EXECUTE,published_after_gate_recheck,11.81601989082992,4.994892980903387,100.1478563642913,111.5693395439367
readset,unrelated,100,63,1,EXECUTE,published_after_gate_recheck,14.376568840816617,2.4151578545570374,100.1478563642913,111.5693395439367
readset,unrelated,100,64,1,EXECUTE,published_after_gate_recheck,12.821364914998412,1.6099780332297087,100.1478563642913,111.5693395439367
readset,unrelated,100,65,1,EXECUTE,published_after_gate_recheck,11.539341881871223,2.266559051349759,100.1478563642913,111.5693395439367
readset,unrelated,100,66,1,EXECUTE,published_after_gate_recheck,15.334926079958677,3.4136390313506126,100.1478563642913,111.5693395439367
readset,unrelated,100,67,1,EXECUTE,published_after_gate_recheck,17.501487862318754,1.563941827043891,100.1478563642913,111.5693395439367
readset,unrelated,100,68,1,EXECUTE,published_after_gate_recheck,21.91910892724991,3.441680921241641,100.1478563642913,111.5693395439367
readset,unrelated,100,69,1,EXECUTE,published_after_gate_recheck,13.547446113079786,2.5029920507222414,100.1478563642913,111.5693395439367
readset,unrelated,100,70,1,EXECUTE,published_after_gate_recheck,14.637870015576482,1.6639991663396358,100.1478563642913,111.5693395439367
readset,unrelated,100,71,1,EXECUTE,published_after_gate_recheck,11.033362010493875,4.158415133133531,100.1478563642913,111.5693395439367
readset,unrelated,100,72,1,EXECUTE,published_after_gate_recheck,14.002589043229818,5.2714420016855,100.1478563642913,111.5693395439367
readset,unrelated,100,73,1,EXECUTE,published_after_gate_recheck,7.678603986278176,2.7650329284369946,100.1478563642913,111.5693395439367
readset,unrelated,100,74,1,EXECUTE,published_after_gate_recheck,10.824741795659065,7.013877853751183,100.1478563642913,111.5693395439367
readset,unrelated,100,75,1,EXECUTE,published_after_gate_recheck,8.556069107726216,2.0760621409863234,100.1478563642913,111.5693395439367
readset,unrelated,100,76,1,EXECUTE,published_after_gate_recheck,12.633581878617406,3.6146959755569696,100.1478563642913,111.5693395439367
readset,unrelated,100,77,1,EXECUTE,published_after_gate_recheck,7.241684943437576,1.7110479529947042,100.1478563642913,111.5693395439367
readset,unrelated,100,78,1,EXECUTE,published_after_gate_recheck,14.636656967923045,3.219104139134288,100.1478563642913,111.5693395439367
readset,unrelated,100,79,1,EXECUTE,published_after_gate_recheck,12.662176042795181,3.90023086220026,100.1478563642913,111.5693395439367
readset,unrelated,100,80,1,EXECUTE,published_after_gate_recheck,21.162640070542693,8.268119068816304,100.1478563642913,111.5693395439367
readset,unrelated,100,81,1,EXECUTE,published_after_gate_recheck,8.001059060916305,1.6223220154643059,100.1478563642913,111.5693395439367
readset,unrelated,100,82,1,EXECUTE,published_after_gate_recheck,6.639677099883556,1.6479289624840021,100.1478563642913,111.5693395439367
readset,unrelated,100,83,1,EXECUTE,published_after_gate_recheck,23.045589914545417,8.962510852143168,100.1478563642913,111.5693395439367
readset,unrelated,100,84,1,EXECUTE,published_after_gate_recheck,18.15221691504121,8.191203931346536,100.1478563642913,111.5693395439367
readset,unrelated,100,85,1,EXECUTE,published_after_gate_recheck,24.683922063559294,14.069964876398444,100.1478563642913,111.5693395439367
readset,unrelated,100,86,1,EXECUTE,published_after_gate_recheck,14.056128915399313,4.515303997322917,100.1478563642913,111.5693395439367
readset,unrelated,100,87,1,EXECUTE,published_after_gate_recheck,16.283935168758035,6.156240124255419,100.1478563642913,111.5693395439367
readset,unrelated,100,88,1,EXECUTE,published_after_gate_recheck,15.41776186786592,1.6075228340923786,100.1478563642913,111.5693395439367
readset,unrelated,100,89,1,EXECUTE,published_after_gate_recheck,13.273311080411077,3.605809062719345,100.1478563642913,111.5693395439367
readset,unrelated,100,90,1,EXECUTE,published_after_gate_recheck,15.074408147484064,4.2462090495973825,100.1478563642913,111.5693395439367
readset,unrelated,100,91,1,EXECUTE,published_after_gate_recheck,13.271017000079155,2.042328007519245,100.1478563642913,111.5693395439367
readset,unrelated,100,92,1,EXECUTE,published_after_gate_recheck,10.735764168202877,5.153601057827473,100.1478563642913,111.5693395439367
readset,unrelated,100,93,1,EXECUTE,published_after_gate_recheck,15.418674098327756,2.869660034775734,100.1478563642913,111.5693395439367
readset,unrelated,100,94,1,EXECUTE,published_after_gate_recheck,22.380484035238624,4.910223884508014,100.1478563642913,111.5693395439367
readset,unrelated,100,95,1,EXECUTE,published_after_gate_recheck,13.411720981821418,4.030926153063774,100.1478563642913,111.5693395439367
readset,unrelated,100,96,1,EXECUTE,published_after_gate_recheck,22.5393520668149,8.661016123369336,100.1478563642913,111.5693395439367
readset,unrelated,100,97,1,EXECUTE,published_after_gate_recheck,22.716262843459845,5.378511967137456,100.1478563642913,111.5693395439367
readset,unrelated,100,98,1,EXECUTE,published_after_gate_recheck,13.28283897601068,2.891921903938055,100.1478563642913,111.5693395439367
readset,unrelated,100,99,1,EXECUTE,published_after_gate_recheck,9.787718066945672,3.9951892103999853,100.1478563642913,111.5693395439367
global,related_same,100,0,1,EXECUTE,published_after_gate_recheck,29.779102886095643,4.337911959737539,99.40966995188333,40.634166619069575
global,related_same,100,1,1,EXECUTE,published_after_gate_recheck,27.259469032287598,5.488468101248145,99.40966995188333,40.634166619069575
global,related_same,100,2,1,EXECUTE,published_after_gate_recheck,12.294315965846181,3.5199481062591076,99.40966995188333,40.634166619069575
global,related_same,100,3,0,REVOKE,context_version_changed_at_publish,14.046892058104277,4.15002997033298,99.40966995188333,40.634166619069575
global,related_same,100,4,0,REVOKE,context_version_changed_at_publish,14.94521601125598,4.972802009433508,99.40966995188333,40.634166619069575
global,related_same,100,5,1,EXECUTE,published_after_gate_recheck,17.142706084996462,5.681308917701244,99.40966995188333,40.634166619069575
global,related_same,100,6,1,EXECUTE,published_after_gate_recheck,11.423483956605196,3.058312926441431,99.40966995188333,40.634166619069575
global,related_same,100,7,1,EXECUTE,published_after_gate_recheck,12.681772001087666,3.0034510418772697,99.40966995188333,40.634166619069575
global,related_same,100,8,0,REVOKE,context_version_changed_at_publish,26.22209512628615,12.82869791612029,99.40966995188333,40.634166619069575
global,related_same,100,9,0,REVOKE,context_version_changed_at_publish,13.514233054593205,6.390630034729838,99.40966995188333,40.634166619069575
global,related_same,100,10,1,EXECUTE,published_after_gate_recheck,12.916492996737361,5.629453109577298,99.40966995188333,40.634166619069575
global,related_same,100,11,0,REVOKE,context_version_changed_at_publish,25.471578119322658,14.426132198423147,99.40966995188333,40.634166619069575
global,related_same,100,12,0,REVOKE,context_version_changed_at_publish,12.348748976364732,4.5581539161503315,99.40966995188333,40.634166619069575
global,related_same,100,13,0,REVOKE,context_version_changed_at_publish,15.874316915869713,4.372657043859363,99.40966995188333,40.634166619069575
global,related_same,100,14,1,EXECUTE,published_after_gate_recheck,11.389781022444367,1.5210718847811222,99.40966995188333,40.634166619069575
global,related_same,100,15,0,REVOKE,context_version_changed_at_publish,15.021639177575707,4.185275873169303,99.40966995188333,40.634166619069575
global,related_same,100,16,0,REVOKE,context_version_changed_at_publish,8.328702999278903,3.5374308936297894,99.40966995188333,40.634166619069575
global,related_same,100,17,1,EXECUTE,published_after_gate_recheck,11.64849498309195,3.648179117590189,99.40966995188333,40.634166619069575
global,related_same,100,18,1,EXECUTE,published_after_gate_recheck,5.622840020805597,1.868983032181859,99.40966995188333,40.634166619069575
global,related_same,100,19,0,REVOKE,context_version_changed_at_publish,9.539171122014523,3.803340019658208,99.40966995188333,40.634166619069575
global,related_same,100,20,0,REVOKE,context_version_changed_at_publish,23.444527992978692,5.2139239851385355,99.40966995188333,40.634166619069575
global,related_same,100,21,1,EXECUTE,published_after_gate_recheck,18.004019046202302,5.7606089394539595,99.40966995188333,40.634166619069575
global,related_same,100,22,1,EXECUTE,published_after_gate_recheck,13.089187210425735,5.396106047555804,99.40966995188333,40.634166619069575
global,related_same,100,23,1,EXECUTE,published_after_gate_recheck,11.96728297509253,3.9121040608733892,99.40966995188333,40.634166619069575
global,related_same,100,24,1,EXECUTE,published_after_gate_recheck,18.856958020478487,5.820841062813997,99.40966995188333,40.634166619069575
global,related_same,100,25,1,EXECUTE,published_after_gate_recheck,11.833461932837963,1.704143825918436,99.40966995188333,40.634166619069575
global,related_same,100,26,1,EXECUTE,published_after_gate_recheck,8.185583865270019,3.7918880116194487,99.40966995188333,40.634166619069575
global,related_same,100,27,1,EXECUTE,published_after_gate_recheck,6.9420430809259415,1.747175119817257,99.40966995188333,40.634166619069575
global,related_same,100,28,1,EXECUTE,published_after_gate_recheck,14.100953005254269,1.7929200548678637,99.40966995188333,40.634166619069575
global,related_same,100,29,1,EXECUTE,published_after_gate_recheck,13.743072049692273,2.367667853832245,99.40966995188333,40.634166619069575
global,related_same,100,30,1,EXECUTE,published_after_gate_recheck,22.19608798623085,5.678765941411257,99.40966995188333,40.634166619069575
global,related_same,100,31,1,EXECUTE,published_after_gate_recheck,11.926186038181186,1.6986641567200422,99.40966995188333,40.634166619069575
global,related_same,100,32,1,EXECUTE,published_after_gate_recheck,10.099752806127071,2.963074017316103,99.40966995188333,40.634166619069575
global,related_same,100,33,0,REVOKE,context_version_changed_at_publish,16.165983863174915,5.7530750054866076,99.40966995188333,40.634166619069575
global,related_same,100,34,0,REVOKE,context_version_changed_at_publish,12.283105170354247,5.951676983386278,99.40966995188333,40.634166619069575
global,related_same,100,35,1,EXECUTE,published_after_gate_recheck,20.218510879203677,4.9951639957726,99.40966995188333,40.634166619069575
global,related_same,100,36,0,REVOKE,context_version_changed_at_publish,13.49353394471109,2.7331740129739046,99.40966995188333,40.634166619069575
global,related_same,100,37,1,EXECUTE,published_after_gate_recheck,11.050194036215544,1.635215012356639,99.40966995188333,40.634166619069575
global,related_same,100,38,1,EXECUTE,published_after_gate_recheck,12.690668925642967,1.6558240167796612,99.40966995188333,40.634166619069575
global,related_same,100,39,1,EXECUTE,published_after_gate_recheck,16.047651879489422,1.9741910509765148,99.40966995188333,40.634166619069575
global,related_same,100,40,1,EXECUTE,published_after_gate_recheck,10.296761058270931,4.5571220107376575,99.40966995188333,40.634166619069575
global,related_same,100,41,1,EXECUTE,published_after_gate_recheck,14.508035965263844,2.0840060897171497,99.40966995188333,40.634166619069575
global,related_same,100,42,1,EXECUTE,published_after_gate_recheck,17.215099884197116,3.2198859844356775,99.40966995188333,40.634166619069575
global,related_same,100,43,1,EXECUTE,published_after_gate_recheck,24.64524796232581,12.923586182296276,99.40966995188333,40.634166619069575
global,related_same,100,44,0,REVOKE,context_version_changed_at_publish,15.571929980069399,9.599043987691402,99.40966995188333,40.634166619069575
global,related_same,100,45,0,REVOKE,context_version_changed_at_publish,23.258398985490203,9.816650999709964,99.40966995188333,40.634166619069575
global,related_same,100,46,0,REVOKE,context_version_changed_at_publish,23.10425997711718,3.797749988734722,99.40966995188333,40.634166619069575
global,related_same,100,47,0,REVOKE,context_version_changed_at_publish,13.683610130101442,6.031206110492349,99.40966995188333,40.634166619069575
global,related_same,100,48,1,EXECUTE,published_after_gate_recheck,16.716415993869305,2.680886071175337,99.40966995188333,40.634166619069575
global,related_same,100,49,1,EXECUTE,published_after_gate_recheck,11.185617884621024,5.425779847428203,99.40966995188333,40.634166619069575
global,related_same,100,50,0,REVOKE,context_version_changed_at_publish,21.77722309716046,6.353139877319336,99.40966995188333,40.634166619069575
global,related_same,100,51,1,EXECUTE,published_after_gate_recheck,8.154115173965693,1.5306789427995682,99.40966995188333,40.634166619069575
global,related_same,100,52,1,EXECUTE,published_after_gate_recheck,5.7332569267600775,1.855717971920967,99.40966995188333,40.634166619069575
global,related_same,100,53,1,EXECUTE,published_after_gate_recheck,12.047062860801816,5.588575964793563,99.40966995188333,40.634166619069575
global,related_same,100,54,1,EXECUTE,published_after_gate_recheck,19.42171691916883,7.557897828519344,99.40966995188333,40.634166619069575
global,related_same,100,55,1,EXECUTE,published_after_gate_recheck,20.32005088403821,4.514863947406411,99.40966995188333,40.634166619069575
global,related_same,100,56,0,REVOKE,context_version_changed_at_publish,13.10536707751453,6.0515939258039,99.40966995188333,40.634166619069575
global,related_same,100,57,1,EXECUTE,published_after_gate_recheck,6.562681868672371,1.7108768224716187,99.40966995188333,40.634166619069575
global,related_same,100,58,1,EXECUTE,published_after_gate_recheck,7.397477049380541,2.0930140744894743,99.40966995188333,40.634166619069575
global,related_same,100,59,1,EXECUTE,published_after_gate_recheck,12.052723905071616,5.3650978952646255,99.40966995188333,40.634166619069575
global,related_same,100,60,0,REVOKE,context_version_changed_at_publish,15.87066100910306,6.5989799331873655,99.40966995188333,40.634166619069575
global,related_same,100,61,1,EXECUTE,published_after_gate_recheck,10.575425112619996,1.6586489509791136,99.40966995188333,40.634166619069575
global,related_same,100,62,1,EXECUTE,published_after_gate_recheck,10.52166405133903,1.6485308296978474,99.40966995188333,40.634166619069575
global,related_same,100,63,1,EXECUTE,published_after_gate_recheck,14.39214893616736,1.7845851834863424,99.40966995188333,40.634166619069575
global,related_same,100,64,1,EXECUTE,published_after_gate_recheck,15.50274109467864,5.1664551720023155,99.40966995188333,40.634166619069575
global,related_same,100,65,1,EXECUTE,published_after_gate_recheck,16.217229887843132,7.008767919614911,99.40966995188333,40.634166619069575
global,related_same,100,66,1,EXECUTE,published_after_gate_recheck,21.221901988610625,1.9339448772370815,99.40966995188333,40.634166619069575
global,related_same,100,67,1,EXECUTE,published_after_gate_recheck,12.664549984037876,7.19247292727232,99.40966995188333,40.634166619069575
global,related_same,100,68,0,REVOKE,context_version_changed_at_publish,24.0338530857116,4.605303052812815,99.40966995188333,40.634166619069575
global,related_same,100,69,0,REVOKE,context_version_changed_at_publish,20.640641916543245,4.777275957167149,99.40966995188333,40.634166619069575
global,related_same,100,70,0,REVOKE,context_version_changed_at_publish,17.7336020860821,2.5234411004930735,99.40966995188333,40.634166619069575
global,related_same,100,71,1,EXECUTE,published_after_gate_recheck,13.002232881262898,6.984021980315447,99.40966995188333,40.634166619069575
global,related_same,100,72,1,EXECUTE,published_after_gate_recheck,21.542743081226945,7.189698051661253,99.40966995188333,40.634166619069575
global,related_same,100,73,1,EXECUTE,published_after_gate_recheck,13.38279596529901,2.447929000481963,99.40966995188333,40.634166619069575
global,related_same,100,74,1,EXECUTE,published_after_gate_recheck,12.544434983283281,2.20558512955904,99.40966995188333,40.634166619069575
global,related_same,100,75,0,REVOKE,context_version_changed_at_publish,13.677388895303011,6.8230400793254375,99.40966995188333,40.634166619069575
global,related_same,100,76,0,REVOKE,context_version_changed_at_publish,21.437415154650807,4.34810109436512,99.40966995188333,40.634166619069575
global,related_same,100,77,1,EXECUTE,published_after_gate_recheck,14.731294941157103,6.8726930767297745,99.40966995188333,40.634166619069575
global,related_same,100,78,0,REVOKE,context_version_changed_at_publish,20.635002059862018,6.115945056080818,99.40966995188333,40.634166619069575
global,related_same,100,79,1,EXECUTE,published_after_gate_recheck,22.42701081559062,7.449032971635461,99.40966995188333,40.634166619069575
global,related_same,100,80,0,REVOKE,context_version_changed_at_publish,27.57727517746389,4.672890063375235,99.40966995188333,40.634166619069575
global,related_same,100,81,0,REVOKE,context_version_changed_at_publish,19.01061600074172,4.068827955052257,99.40966995188333,40.634166619069575
global,related_same,100,82,1,EXECUTE,published_after_gate_recheck,9.366177953779697,4.425945924594998,99.40966995188333,40.634166619069575
global,related_same,100,83,1,EXECUTE,published_after_gate_recheck,16.69435389339924,3.435519989579916,99.40966995188333,40.634166619069575
global,related_same,100,84,1,EXECUTE,published_after_gate_recheck,12.58385879918933,3.7638861685991287,99.40966995188333,40.634166619069575
global,related_same,100,85,1,EXECUTE,published_after_gate_recheck,13.065821956843138,7.5830749701708555,99.40966995188333,40.634166619069575
global,related_same,100,86,0,REVOKE,context_version_changed_at_publish,20.0928149279207,6.727129919454455,99.40966995188333,40.634166619069575
global,related_same,100,87,1,EXECUTE,published_after_gate_recheck,15.456683933734894,2.161110984161496,99.40966995188333,40.634166619069575
global,related_same,100,88,0,REVOKE,context_version_changed_at_publish,13.347199885174632,3.4855639096349478,99.40966995188333,40.634166619069575
global,related_same,100,89,1,EXECUTE,published_after_gate_recheck,15.201766975224018,1.6927230171859264,99.40966995188333,40.634166619069575
global,related_same,100,90,1,EXECUTE,published_after_gate_recheck,24.470261065289378,7.584647973999381,99.40966995188333,40.634166619069575
global,related_same,100,91,1,EXECUTE,published_after_gate_recheck,16.041230177506804,1.6782758757472038,99.40966995188333,40.634166619069575
global,related_same,100,92,0,REVOKE,context_version_changed_at_publish,10.155647061765194,3.4460900351405144,99.40966995188333,40.634166619069575
global,related_same,100,93,1,EXECUTE,published_after_gate_recheck,21.850720047950745,5.000783829018474,99.40966995188333,40.634166619069575
global,related_same,100,94,0,REVOKE,context_version_changed_at_publish,13.56782391667366,2.1015799138695,99.40966995188333,40.634166619069575
global,related_same,100,95,1,EXECUTE,published_after_gate_recheck,18.124915892258286,4.667039029300213,99.40966995188333,40.634166619069575
global,related_same,100,96,0,REVOKE,context_version_changed_at_publish,15.288639813661575,5.409329896792769,99.40966995188333,40.634166619069575
global,related_same,100,97,0,REVOKE,context_version_changed_at_publish,15.16487798653543,7.427403004840016,99.40966995188333,40.634166619069575
global,related_same,100,98,0,REVOKE,context_version_changed_at_publish,25.662004947662354,8.204731158912182,99.40966995188333,40.634166619069575
global,related_same,100,99,1,EXECUTE,published_after_gate_recheck,19.737349124625325,4.237764049321413,99.40966995188333,40.634166619069575
readset,related_same,100,0,1,EXECUTE,published_after_gate_recheck,25.00638598576188,4.2559378780424595,99.59290216758993,65.30098984238896
readset,related_same,100,1,1,EXECUTE,published_after_gate_recheck,20.821160869672894,4.51185810379684,99.59290216758993,65.30098984238896
readset,related_same,100,2,1,EXECUTE,published_after_gate_recheck,8.98297899402678,3.01612401381135,99.59290216758993,65.30098984238896
readset,related_same,100,3,1,EXECUTE,published_after_gate_recheck,16.007638070732355,5.161375040188432,99.59290216758993,65.30098984238896
readset,related_same,100,4,1,EXECUTE,published_after_gate_recheck,19.770340994000435,11.225933907553554,99.59290216758993,65.30098984238896
readset,related_same,100,5,1,EXECUTE,published_after_gate_recheck,16.047703102231026,6.325939204543829,99.59290216758993,65.30098984238896
readset,related_same,100,6,1,EXECUTE,published_after_gate_recheck,16.99442695826292,1.7191017977893353,99.59290216758993,65.30098984238896
readset,related_same,100,7,1,EXECUTE,published_after_gate_recheck,13.835314894095063,2.059401012957096,99.59290216758993,65.30098984238896
readset,related_same,100,8,1,EXECUTE,published_after_gate_recheck,8.25334107503295,1.6568859573453665,99.59290216758993,65.30098984238896
readset,related_same,100,9,1,EXECUTE,published_after_gate_recheck,19.572228891775012,3.772611962631345,99.59290216758993,65.30098984238896
readset,related_same,100,10,1,EXECUTE,published_after_gate_recheck,19.110934110358357,5.923794815316796,99.59290216758993,65.30098984238896
readset,related_same,100,11,1,EXECUTE,published_after_gate_recheck,12.52896711230278,3.862801007926464,99.59290216758993,65.30098984238896
readset,related_same,100,12,1,EXECUTE,published_after_gate_recheck,10.99768583662808,4.734385060146451,99.59290216758993,65.30098984238896
readset,related_same,100,13,1,EXECUTE,published_after_gate_recheck,12.317920802161098,4.371353890746832,99.59290216758993,65.30098984238896
readset,related_same,100,14,1,EXECUTE,published_after_gate_recheck,9.429445955902338,1.7494689673185349,99.59290216758993,65.30098984238896
readset,related_same,100,15,1,EXECUTE,published_after_gate_recheck,11.499164858832955,1.566847087815404,99.59290216758993,65.30098984238896
readset,related_same,100,16,1,EXECUTE,published_after_gate_recheck,7.858742028474808,1.510953065007925,99.59290216758993,65.30098984238896
readset,related_same,100,17,1,EXECUTE,published_after_gate_recheck,5.521751008927822,1.5699639916419983,99.59290216758993,65.30098984238896
readset,related_same,100,18,1,EXECUTE,published_after_gate_recheck,11.539972154423594,3.3506210893392563,99.59290216758993,65.30098984238896
readset,related_same,100,19,1,EXECUTE,published_after_gate_recheck,11.586369946599007,1.5249389689415693,99.59290216758993,65.30098984238896
readset,related_same,100,20,1,EXECUTE,published_after_gate_recheck,17.076480900868773,3.209877060726285,99.59290216758993,65.30098984238896
readset,related_same,100,21,1,EXECUTE,published_after_gate_recheck,17.406298778951168,1.661284128203988,99.59290216758993,65.30098984238896
readset,related_same,100,22,1,EXECUTE,published_after_gate_recheck,10.156838921830058,3.302189987152815,99.59290216758993,65.30098984238896
readset,related_same,100,23,1,EXECUTE,published_after_gate_recheck,7.733637932687998,2.3258100263774395,99.59290216758993,65.30098984238896
readset,related_same,100,24,1,EXECUTE,published_after_gate_recheck,12.310005957260728,5.993625149130821,99.59290216758993,65.30098984238896
readset,related_same,100,25,1,EXECUTE,published_after_gate_recheck,12.344680959358811,4.149267915636301,99.59290216758993,65.30098984238896
readset,related_same,100,26,1,EXECUTE,published_after_gate_recheck,11.726391967386007,1.5058629214763641,99.59290216758993,65.30098984238896
readset,related_same,100,27,1,EXECUTE,published_after_gate_recheck,13.29574384726584,3.4320529084652662,99.59290216758993,65.30098984238896
readset,related_same,100,28,1,EXECUTE,published_after_gate_recheck,18.577655078843236,12.540908996015787,99.59290216758993,65.30098984238896
readset,related_same,100,29,1,EXECUTE,published_after_gate_recheck,24.382346076890826,7.756820879876614,99.59290216758993,65.30098984238896
readset,related_same,100,30,1,EXECUTE,published_after_gate_recheck,19.075318006798625,3.185751847922802,99.59290216758993,65.30098984238896
readset,related_same,100,31,1,EXECUTE,published_after_gate_recheck,24.17243318632245,4.847245989367366,99.59290216758993,65.30098984238896
readset,related_same,100,32,1,EXECUTE,published_after_gate_recheck,11.715702014043927,1.727958908304572,99.59290216758993,65.30098984238896
readset,related_same,100,33,1,EXECUTE,published_after_gate_recheck,13.003385858610272,3.5247469786554575,99.59290216758993,65.30098984238896
readset,related_same,100,34,1,EXECUTE,published_after_gate_recheck,24.86605290323496,2.0260880701243877,99.59290216758993,65.30098984238896
readset,related_same,100,35,1,EXECUTE,published_after_gate_recheck,14.458663994446397,6.262339185923338,99.59290216758993,65.30098984238896
readset,related_same,100,36,1,EXECUTE,published_after_gate_recheck,11.851425981149077,4.038600018247962,99.59290216758993,65.30098984238896
readset,related_same,100,37,1,EXECUTE,published_after_gate_recheck,13.248515082523227,3.6894259974360466,99.59290216758993,65.30098984238896
readset,related_same,100,38,1,EXECUTE,published_after_gate_recheck,16.45942497998476,4.235028987750411,99.59290216758993,65.30098984238896
readset,related_same,100,39,1,EXECUTE,published_after_gate_recheck,10.745202889665961,1.5631609130650759,99.59290216758993,65.30098984238896
readset,related_same,100,40,1,EXECUTE,published_after_gate_recheck,22.151815006509423,8.76218592748046,99.59290216758993,65.30098984238896
readset,related_same,100,41,1,EXECUTE,published_after_gate_recheck,14.752143993973732,5.168559029698372,99.59290216758993,65.30098984238896
readset,related_same,100,42,1,EXECUTE,published_after_gate_recheck,39.54283497296274,5.114757921546698,99.59290216758993,65.30098984238896
readset,related_same,100,43,1,EXECUTE,published_after_gate_recheck,14.672294026240706,5.576543044298887,99.59290216758993,65.30098984238896
readset,related_same,100,44,1,EXECUTE,published_after_gate_recheck,12.46170001104474,7.181833032518625,99.59290216758993,65.30098984238896
readset,related_same,100,45,1,EXECUTE,published_after_gate_recheck,13.56265414506197,3.5908918362110853,99.59290216758993,65.30098984238896
readset,related_same,100,46,1,EXECUTE,published_after_gate_recheck,24.32704297825694,3.5275828558951616,99.59290216758993,65.30098984238896
readset,related_same,100,47,1,EXECUTE,published_after_gate_recheck,16.79802918806672,8.118728874251246,99.59290216758993,65.30098984238896
readset,related_same,100,48,1,EXECUTE,published_after_gate_recheck,13.131286017596722,6.610932992771268,99.59290216758993,65.30098984238896
readset,related_same,100,49,1,EXECUTE,published_after_gate_recheck,27.804611017927527,4.41104918718338,99.59290216758993,65.30098984238896
readset,related_same,100,50,1,EXECUTE,published_after_gate_recheck,19.683817867189646,1.6644198913127184,99.59290216758993,65.30098984238896
readset,related_same,100,51,1,EXECUTE,published_after_gate_recheck,7.15763820335269,1.7337801400572062,99.59290216758993,65.30098984238896
readset,related_same,100,52,1,EXECUTE,published_after_gate_recheck,15.163824893534184,8.902338100597262,99.59290216758993,65.30098984238896
readset,related_same,100,53,1,EXECUTE,published_after_gate_recheck,14.218704076483846,5.3777010180056095,99.59290216758993,65.30098984238896
readset,related_same,100,54,1,EXECUTE,published_after_gate_recheck,30.387673992663622,7.283302955329418,99.59290216758993,65.30098984238896
readset,related_same,100,55,1,EXECUTE,published_after_gate_recheck,22.839303128421307,3.8935181219130754,99.59290216758993,65.30098984238896
readset,related_same,100,56,1,EXECUTE,published_after_gate_recheck,19.048016984015703,6.092070136219263,99.59290216758993,65.30098984238896
readset,related_same,100,57,1,EXECUTE,published_after_gate_recheck,13.580737868323922,1.917924964800477,99.59290216758993,65.30098984238896
readset,related_same,100,58,1,EXECUTE,published_after_gate_recheck,16.98509999550879,8.227383019402623,99.59290216758993,65.30098984238896
readset,related_same,100,59,1,EXECUTE,published_after_gate_recheck,17.655355855822563,4.888013005256653,99.59290216758993,65.30098984238896
readset,related_same,100,60,1,EXECUTE,published_after_gate_recheck,5.85882319137454,2.0107990130782127,99.59290216758993,65.30098984238896
readset,related_same,100,61,1,EXECUTE,published_after_gate_recheck,17.59187807328999,3.0429940670728683,99.59290216758993,65.30098984238896
readset,related_same,100,62,1,EXECUTE,published_after_gate_recheck,17.54264486953616,1.7061489634215832,99.59290216758993,65.30098984238896
readset,related_same,100,63,1,EXECUTE,published_after_gate_recheck,12.045369949191809,4.253123188391328,99.59290216758993,65.30098984238896
readset,related_same,100,64,1,EXECUTE,published_after_gate_recheck,14.309615129604936,3.3107560593634844,99.59290216758993,65.30098984238896
readset,related_same,100,65,1,EXECUTE,published_after_gate_recheck,21.865067072212696,6.456332979723811,99.59290216758993,65.30098984238896
readset,related_same,100,66,1,EXECUTE,published_after_gate_recheck,19.261065870523453,2.8528880793601274,99.59290216758993,65.30098984238896
readset,related_same,100,67,1,EXECUTE,published_after_gate_recheck,20.452899858355522,4.948326153680682,99.59290216758993,65.30098984238896
readset,related_same,100,68,1,EXECUTE,published_after_gate_recheck,10.347126051783562,1.9986662082374096,99.59290216758993,65.30098984238896
readset,related_same,100,69,1,EXECUTE,published_after_gate_recheck,11.790972901508212,1.712581142783165,99.59290216758993,65.30098984238896
readset,related_same,100,70,1,EXECUTE,published_after_gate_recheck,14.780196128413081,8.131392998620868,99.59290216758993,65.30098984238896
readset,related_same,100,71,1,EXECUTE,published_after_gate_recheck,13.335829135030508,1.7917489167302847,99.59290216758993,65.30098984238896
readset,related_same,100,72,1,EXECUTE,published_after_gate_recheck,14.000154100358486,7.902683923020959,99.59290216758993,65.30098984238896
readset,related_same,100,73,1,EXECUTE,published_after_gate_recheck,11.411330895498395,3.045368939638138,99.59290216758993,65.30098984238896
readset,related_same,100,74,1,EXECUTE,published_after_gate_recheck,16.38858113437891,5.102514987811446,99.59290216758993,65.30098984238896
readset,related_same,100,75,1,EXECUTE,published_after_gate_recheck,11.416291119530797,1.4776699244976044,99.59290216758993,65.30098984238896
readset,related_same,100,76,1,EXECUTE,published_after_gate_recheck,11.53246802277863,6.246289005503058,99.59290216758993,65.30098984238896
readset,related_same,100,77,1,EXECUTE,published_after_gate_recheck,12.277484172955155,3.7708180025219917,99.59290216758993,65.30098984238896
readset,related_same,100,78,1,EXECUTE,published_after_gate_recheck,15.262270113453269,2.7758630458265543,99.59290216758993,65.30098984238896
readset,related_same,100,79,1,EXECUTE,published_after_gate_recheck,16.316025983542204,3.610397921875119,99.59290216758993,65.30098984238896
readset,related_same,100,80,1,EXECUTE,published_after_gate_recheck,14.26960900425911,3.9365089032799006,99.59290216758993,65.30098984238896
readset,related_same,100,81,1,EXECUTE,published_after_gate_recheck,13.461153954267502,2.3476998321712017,99.59290216758993,65.30098984238896
readset,related_same,100,82,1,EXECUTE,published_after_gate_recheck,14.031532919034362,1.792029943317175,99.59290216758993,65.30098984238896
readset,related_same,100,83,1,EXECUTE,published_after_gate_recheck,9.679434821009636,5.826081847772002,99.59290216758993,65.30098984238896
readset,related_same,100,84,1,EXECUTE,published_after_gate_recheck,11.824486078694463,2.214370993897319,99.59290216758993,65.30098984238896
readset,related_same,100,85,1,EXECUTE,published_after_gate_recheck,19.69051081687212,4.474418004974723,99.59290216758993,65.30098984238896
readset,related_same,100,86,1,EXECUTE,published_after_gate_recheck,9.564048144966364,1.8005149904638529,99.59290216758993,65.30098984238896
readset,related_same,100,87,1,EXECUTE,published_after_gate_recheck,11.327614076435566,1.597283873707056,99.59290216758993,65.30098984238896
readset,related_same,100,88,1,EXECUTE,published_after_gate_recheck,12.406626949086785,7.2360350750386715,99.59290216758993,65.30098984238896
readset,related_same,100,89,1,EXECUTE,published_after_gate_recheck,13.973283115774393,2.458197996020317,99.59290216758993,65.30098984238896
readset,related_same,100,90,1,EXECUTE,published_after_gate_recheck,18.581081181764603,3.1511769630014896,99.59290216758993,65.30098984238896
readset,related_same,100,91,1,EXECUTE,published_after_gate_recheck,12.758886907249689,5.6246130261570215,99.59290216758993,65.30098984238896
readset,related_same,100,92,1,EXECUTE,published_after_gate_recheck,13.284181943163276,2.8603619430214167,99.59290216758993,65.30098984238896
readset,related_same,100,93,1,EXECUTE,published_after_gate_recheck,14.907514909282327,4.7916320618242025,99.59290216758993,65.30098984238896
readset,related_same,100,94,1,EXECUTE,published_after_gate_recheck,8.893701946362853,2.3894491605460644,99.59290216758993,65.30098984238896
readset,related_same,100,95,1,EXECUTE,published_after_gate_recheck,14.562278054654598,4.4618339743465185,99.59290216758993,65.30098984238896
readset,related_same,100,96,1,EXECUTE,published_after_gate_recheck,11.718727881088853,1.7038339283317327,99.59290216758993,65.30098984238896
readset,related_same,100,97,1,EXECUTE,published_after_gate_recheck,11.736792046576738,1.5177959576249123,99.59290216758993,65.30098984238896
readset,related_same,100,98,1,EXECUTE,published_after_gate_recheck,26.892421068623662,10.712550953030586,99.59290216758993,65.30098984238896
readset,related_same,100,99,1,EXECUTE,published_after_gate_recheck,12.586003867909312,5.7497581001371145,99.59290216758993,65.30098984238896
global,unrelated,500,0,0,REVOKE,context_version_changed_at_publish,35.12115590274334,12.328570941463113,281.47833916969466,0.6450528796074426
global,unrelated,500,1,0,REVOKE,context_version_changed_at_publish,21.398022072389722,6.711030844599009,281.47833916969466,0.6450528796074426
global,unrelated,500,2,0,REVOKE,context_version_changed_at_publish,24.19799007475376,12.56699813529849,281.47833916969466,0.6450528796074426
global,unrelated,500,3,0,REVOKE,context_version_changed_at_publish,53.53246000595391,31.14501410163939,281.47833916969466,0.6450528796074426
global,unrelated,500,4,1,EXECUTE,published_after_gate_recheck,32.457434106618166,3.5509560257196426,281.47833916969466,0.6450528796074426
global,unrelated,500,5,0,REVOKE,context_version_changed_at_publish,26.26650780439377,6.194470915943384,281.47833916969466,0.6450528796074426
global,unrelated,500,6,0,REVOKE,context_version_changed_at_publish,57.63207492418587,26.54887712560594,281.47833916969466,0.6450528796074426
global,unrelated,500,7,0,REVOKE,context_version_changed_at_publish,35.43284093029797,8.324113907292485,281.47833916969466,0.6450528796074426
global,unrelated,500,8,0,REVOKE,context_version_changed_at_publish,36.36104101315141,6.710309069603682,281.47833916969466,0.6450528796074426
global,unrelated,500,9,0,REVOKE,context_version_changed_at_publish,36.95089602842927,5.484531167894602,281.47833916969466,0.6450528796074426
global,unrelated,500,10,0,REVOKE,context_version_changed_at_publish,22.41311501711607,10.095784906297922,281.47833916969466,0.6450528796074426
global,unrelated,500,11,0,REVOKE,context_version_changed_at_publish,34.43916910327971,12.089031981304288,281.47833916969466,0.6450528796074426
global,unrelated,500,12,0,REVOKE,context_version_changed_at_publish,25.82202502526343,6.070659961551428,281.47833916969466,0.6450528796074426
global,unrelated,500,13,0,REVOKE,context_version_changed_at_publish,30.594931915402412,10.618624975904822,281.47833916969466,0.6450528796074426
global,unrelated,500,14,0,REVOKE,context_version_changed_at_publish,25.716637959703803,9.756358806043863,281.47833916969466,0.6450528796074426
global,unrelated,500,15,0,REVOKE,context_version_changed_at_publish,24.108172161504626,9.4547129701823,281.47833916969466,0.6450528796074426
global,unrelated,500,16,0,REVOKE,context_version_changed_at_publish,36.94939403794706,13.673461973667145,281.47833916969466,0.6450528796074426
global,unrelated,500,17,0,REVOKE,context_version_changed_at_publish,56.35991017334163,16.347124008461833,281.47833916969466,0.6450528796074426
global,unrelated,500,18,0,REVOKE,context_version_changed_at_publish,33.48095202818513,10.508598992601037,281.47833916969466,0.6450528796074426
global,unrelated,500,19,0,REVOKE,context_version_changed_at_publish,25.8588339202106,8.169072913005948,281.47833916969466,0.6450528796074426
global,unrelated,500,20,0,REVOKE,context_version_changed_at_publish,34.621970960870385,9.957156144082546,281.47833916969466,0.6450528796074426
global,unrelated,500,21,0,REVOKE,context_version_changed_at_publish,32.87634905427694,10.232932167127728,281.47833916969466,0.6450528796074426
global,unrelated,500,22,0,REVOKE,context_version_changed_at_publish,28.833961114287376,9.36900288797915,281.47833916969466,0.6450528796074426
global,unrelated,500,23,0,REVOKE,context_version_changed_at_publish,27.601680951192975,8.93907598219812,281.47833916969466,0.6450528796074426
global,unrelated,500,24,0,REVOKE,context_version_changed_at_publish,21.545629017055035,8.918888866901398,281.47833916969466,0.6450528796074426
global,unrelated,500,25,0,REVOKE,context_version_changed_at_publish,21.773465909063816,8.335676044225693,281.47833916969466,0.6450528796074426
global,unrelated,500,26,0,REVOKE,context_version_changed_at_publish,25.859045097604394,6.307924864813685,281.47833916969466,0.6450528796074426
global,unrelated,500,27,0,REVOKE,context_version_changed_at_publish,34.90957012400031,13.563625048846006,281.47833916969466,0.6450528796074426
global,unrelated,500,28,0,REVOKE,context_version_changed_at_publish,21.482410142198205,8.12983000651002,281.47833916969466,0.6450528796074426
global,unrelated,500,29,0,REVOKE,context_version_changed_at_publish,21.63500594906509,6.99287885800004,281.47833916969466,0.6450528796074426
global,unrelated,500,30,0,REVOKE,context_version_changed_at_publish,36.8048429954797,18.284435151144862,281.47833916969466,0.6450528796074426
global,unrelated,500,31,0,REVOKE,context_version_changed_at_publish,34.98554206453264,17.286163987591863,281.47833916969466,0.6450528796074426
global,unrelated,500,32,0,REVOKE,context_version_changed_at_publish,26.644466910511255,13.202609028667212,281.47833916969466,0.6450528796074426
global,unrelated,500,33,0,REVOKE,context_version_changed_at_publish,42.14423196390271,19.551409874111414,281.47833916969466,0.6450528796074426
global,unrelated,500,34,0,REVOKE,context_version_changed_at_publish,23.956698132678866,7.458270993083715,281.47833916969466,0.6450528796074426
global,unrelated,500,35,0,REVOKE,context_version_changed_at_publish,26.79598005488515,11.087864870205522,281.47833916969466,0.6450528796074426
global,unrelated,500,36,0,REVOKE,context_version_changed_at_publish,28.02626695483923,8.834931999444962,281.47833916969466,0.6450528796074426
global,unrelated,500,37,0,REVOKE,context_version_changed_at_publish,47.990962164476514,24.184535024687648,281.47833916969466,0.6450528796074426
global,unrelated,500,38,0,REVOKE,context_version_changed_at_publish,35.9870889224112,4.735727095976472,281.47833916969466,0.6450528796074426
global,unrelated,500,39,0,REVOKE,context_version_changed_at_publish,31.067598145455122,9.727283846586943,281.47833916969466,0.6450528796074426
global,unrelated,500,40,0,REVOKE,context_version_changed_at_publish,17.739753937348723,4.6870659571141005,281.47833916969466,0.6450528796074426
global,unrelated,500,41,0,REVOKE,context_version_changed_at_publish,20.965551026165485,5.718298954889178,281.47833916969466,0.6450528796074426
global,unrelated,500,42,0,REVOKE,context_version_changed_at_publish,42.75243217125535,22.023655008524656,281.47833916969466,0.6450528796074426
global,unrelated,500,43,0,REVOKE,context_version_changed_at_publish,34.380518132820725,13.283931883051991,281.47833916969466,0.6450528796074426
global,unrelated,500,44,0,REVOKE,context_version_changed_at_publish,31.867536948993802,10.681323008611798,281.47833916969466,0.6450528796074426
global,unrelated,500,45,0,REVOKE,context_version_changed_at_publish,37.33945614658296,10.606010910123587,281.47833916969466,0.6450528796074426
global,unrelated,500,46,0,REVOKE,context_version_changed_at_publish,54.37675304710865,5.9280130080878735,281.47833916969466,0.6450528796074426
global,unrelated,500,47,0,REVOKE,context_version_changed_at_publish,35.70455010049045,13.231984106823802,281.47833916969466,0.6450528796074426
global,unrelated,500,48,0,REVOKE,context_version_changed_at_publish,27.370967902243137,13.692548032850027,281.47833916969466,0.6450528796074426
global,unrelated,500,49,0,REVOKE,context_version_changed_at_publish,15.161070041358471,5.303942132741213,281.47833916969466,0.6450528796074426
global,unrelated,500,50,0,REVOKE,context_version_changed_at_publish,41.988038923591375,17.394477035850286,281.47833916969466,0.6450528796074426
global,unrelated,500,51,0,REVOKE,context_version_changed_at_publish,43.0181201081723,7.842391030862927,281.47833916969466,0.6450528796074426
global,unrelated,500,52,0,REVOKE,context_version_changed_at_publish,25.958972051739693,8.177730021998286,281.47833916969466,0.6450528796074426
global,unrelated,500,53,0,REVOKE,context_version_changed_at_publish,22.78607292100787,9.647975908592343,281.47833916969466,0.6450528796074426
global,unrelated,500,54,0,REVOKE,context_version_changed_at_publish,23.84193311445415,8.459909120574594,281.47833916969466,0.6450528796074426
global,unrelated,500,55,0,REVOKE,context_version_changed_at_publish,28.947262791916728,14.133614022284746,281.47833916969466,0.6450528796074426
global,unrelated,500,56,0,REVOKE,context_version_changed_at_publish,21.628234069794416,9.497073013335466,281.47833916969466,0.6450528796074426
global,unrelated,500,57,0,REVOKE,context_version_changed_at_publish,22.706886054947972,8.859837893396616,281.47833916969466,0.6450528796074426
global,unrelated,500,58,0,REVOKE,context_version_changed_at_publish,35.10516695678234,10.187516920268536,281.47833916969466,0.6450528796074426
global,unrelated,500,59,1,EXECUTE,published_after_gate_recheck,14.445239212363958,2.7222628705203533,281.47833916969466,0.6450528796074426
global,unrelated,500,60,0,REVOKE,context_version_changed_at_publish,40.84023693576455,6.987076951190829,281.47833916969466,0.6450528796074426
global,unrelated,500,61,0,REVOKE,context_version_changed_at_publish,40.95533303916454,14.557739021256566,281.47833916969466,0.6450528796074426
global,unrelated,500,62,0,REVOKE,context_version_changed_at_publish,18.79797806032002,7.956914836540818,281.47833916969466,0.6450528796074426
global,unrelated,500,63,0,REVOKE,context_version_changed_at_publish,33.127869945019484,14.943792950361967,281.47833916969466,0.6450528796074426
global,unrelated,500,64,0,REVOKE,context_version_changed_at_publish,33.41652103699744,12.0632229372859,281.47833916969466,0.6450528796074426
global,unrelated,500,65,0,REVOKE,context_version_changed_at_publish,34.897207049652934,16.834146110340953,281.47833916969466,0.6450528796074426
global,unrelated,500,66,0,REVOKE,context_version_changed_at_publish,36.54532600194216,15.477684093639255,281.47833916969466,0.6450528796074426
global,unrelated,500,67,0,REVOKE,context_version_changed_at_publish,32.92030096054077,7.157337153330445,281.47833916969466,0.6450528796074426
global,unrelated,500,68,0,REVOKE,context_version_changed_at_publish,31.72093303874135,10.706539964303374,281.47833916969466,0.6450528796074426
global,unrelated,500,69,0,REVOKE,context_version_changed_at_publish,24.427731055766344,10.298103792592883,281.47833916969466,0.6450528796074426
global,unrelated,500,70,0,REVOKE,context_version_changed_at_publish,25.49742697738111,2.400450175628066,281.47833916969466,0.6450528796074426
global,unrelated,500,71,0,REVOKE,context_version_changed_at_publish,22.015288937836885,9.378730785101652,281.47833916969466,0.6450528796074426
global,unrelated,500,72,0,REVOKE,context_version_changed_at_publish,15.633365139365196,5.909166997298598,281.47833916969466,0.6450528796074426
global,unrelated,500,73,0,REVOKE,context_version_changed_at_publish,31.565251061692834,10.733050061389804,281.47833916969466,0.6450528796074426
global,unrelated,500,74,0,REVOKE,context_version_changed_at_publish,30.65165807493031,8.63902480341494,281.47833916969466,0.6450528796074426
global,unrelated,500,75,0,REVOKE,context_version_changed_at_publish,29.266360914334655,8.43557296320796,281.47833916969466,0.6450528796074426
global,unrelated,500,76,0,REVOKE,context_version_changed_at_publish,101.34083009324968,76.7643190920353,281.47833916969466,0.6450528796074426
global,unrelated,500,77,0,REVOKE,context_version_changed_at_publish,22.727372823283076,12.425272027030587,281.47833916969466,0.6450528796074426
global,unrelated,500,78,0,REVOKE,context_version_changed_at_publish,25.5343159660697,9.211897850036621,281.47833916969466,0.6450528796074426
global,unrelated,500,79,0,REVOKE,context_version_changed_at_publish,53.04202111437917,27.38346206024289,281.47833916969466,0.6450528796074426
global,unrelated,500,80,0,REVOKE,context_version_changed_at_publish,31.659076921641827,17.383987084031105,281.47833916969466,0.6450528796074426
global,unrelated,500,81,0,REVOKE,context_version_changed_at_publish,32.97572489827871,10.29352587647736,281.47833916969466,0.6450528796074426
global,unrelated,500,82,0,REVOKE,context_version_changed_at_publish,29.24906904809177,10.128727182745934,281.47833916969466,0.6450528796074426
global,unrelated,500,83,0,REVOKE,context_version_changed_at_publish,18.764103995636106,5.3947120904922485,281.47833916969466,0.6450528796074426
global,unrelated,500,84,0,REVOKE,context_version_changed_at_publish,28.836525976657867,8.59064282849431,281.47833916969466,0.6450528796074426
global,unrelated,500,85,0,REVOKE,context_version_changed_at_publish,46.58626881428063,13.96258408203721,281.47833916969466,0.6450528796074426
global,unrelated,500,86,0,REVOKE,context_version_changed_at_publish,18.005453050136566,4.501166986301541,281.47833916969466,0.6450528796074426
global,unrelated,500,87,0,REVOKE,context_version_changed_at_publish,39.79710186831653,9.279304882511497,281.47833916969466,0.6450528796074426
global,unrelated,500,88,0,REVOKE,context_version_changed_at_publish,26.999031892046332,12.393302051350474,281.47833916969466,0.6450528796074426
global,unrelated,500,89,0,REVOKE,context_version_changed_at_publish,25.321186054497957,8.649913826957345,281.47833916969466,0.6450528796074426
global,unrelated,500,90,0,REVOKE,context_version_changed_at_publish,23.14305305480957,10.334121994674206,281.47833916969466,0.6450528796074426
global,unrelated,500,91,0,REVOKE,context_version_changed_at_publish,17.23821391351521,7.337233982980251,281.47833916969466,0.6450528796074426
global,unrelated,500,92,0,REVOKE,context_version_changed_at_publish,34.67613295651972,11.827150825411081,281.47833916969466,0.6450528796074426
global,unrelated,500,93,0,REVOKE,context_version_changed_at_publish,28.30546093173325,7.273704977706075,281.47833916969466,0.6450528796074426
global,unrelated,500,94,0,REVOKE,context_version_changed_at_publish,15.578152146190405,5.2527268417179585,281.47833916969466,0.6450528796074426
global,unrelated,500,95,0,REVOKE,context_version_changed_at_publish,15.14481008052826,5.437203217297792,281.47833916969466,0.6450528796074426
global,unrelated,500,96,0,REVOKE,context_version_changed_at_publish,33.16418919712305,10.092568816617131,281.47833916969466,0.6450528796074426
global,unrelated,500,97,0,REVOKE,context_version_changed_at_publish,23.782541044056416,10.14264184050262,281.47833916969466,0.6450528796074426
global,unrelated,500,98,0,REVOKE,context_version_changed_at_publish,24.48848495259881,14.942290959879756,281.47833916969466,0.6450528796074426
global,unrelated,500,99,0,REVOKE,context_version_changed_at_publish,11.555931996554136,4.477954003959894,281.47833916969466,0.6450528796074426
readset,unrelated,500,0,1,EXECUTE,published_after_gate_recheck,45.78159097582102,19.311920972540975,479.55663511492526,20.840790136875036
readset,unrelated,500,1,1,EXECUTE,published_after_gate_recheck,41.5000740904361,14.334571082144976,479.55663511492526,20.840790136875036
readset,unrelated,500,2,1,EXECUTE,published_after_gate_recheck,24.030576925724745,12.7224400639534,479.55663511492526,20.840790136875036
readset,unrelated,500,3,1,EXECUTE,published_after_gate_recheck,45.88383180089295,18.103946931660175,479.55663511492526,20.840790136875036
readset,unrelated,500,4,1,EXECUTE,published_after_gate_recheck,21.56926319003105,6.272458005696535,479.55663511492526,20.840790136875036
readset,unrelated,500,5,1,EXECUTE,published_after_gate_recheck,34.62583804503083,8.886248106136918,479.55663511492526,20.840790136875036
readset,unrelated,500,6,1,EXECUTE,published_after_gate_recheck,21.883131004869938,7.750147953629494,479.55663511492526,20.840790136875036
readset,unrelated,500,7,1,EXECUTE,published_after_gate_recheck,29.356871964409947,8.830702863633633,479.55663511492526,20.840790136875036
readset,unrelated,500,8,1,EXECUTE,published_after_gate_recheck,22.05844991840422,6.1075089033693075,479.55663511492526,20.840790136875036
readset,unrelated,500,9,1,EXECUTE,published_after_gate_recheck,21.597496001049876,3.0198509339243174,479.55663511492526,20.840790136875036
readset,unrelated,500,10,1,EXECUTE,published_after_gate_recheck,21.165746031329036,5.735832033678889,479.55663511492526,20.840790136875036
readset,unrelated,500,11,1,EXECUTE,published_after_gate_recheck,13.8999258633703,5.816854070872068,479.55663511492526,20.840790136875036
readset,unrelated,500,12,1,EXECUTE,published_after_gate_recheck,44.54167606309056,4.291033837944269,479.55663511492526,20.840790136875036
readset,unrelated,500,13,1,EXECUTE,published_after_gate_recheck,108.31099492497742,6.095265969634056,479.55663511492526,20.840790136875036
readset,unrelated,500,14,1,EXECUTE,published_after_gate_recheck,57.371797040104866,44.962183805182576,479.55663511492526,20.840790136875036
readset,unrelated,500,15,1,EXECUTE,published_after_gate_recheck,15.964236110448837,6.621953099966049,479.55663511492526,20.840790136875036
readset,unrelated,500,16,1,EXECUTE,published_after_gate_recheck,26.30881709046662,7.742584217339754,479.55663511492526,20.840790136875036
readset,unrelated,500,17,1,EXECUTE,published_after_gate_recheck,13.5475960560143,5.840498022735119,479.55663511492526,20.840790136875036
readset,unrelated,500,18,1,EXECUTE,published_after_gate_recheck,24.999212939292192,5.8626898098737,479.55663511492526,20.840790136875036
readset,unrelated,500,19,1,EXECUTE,published_after_gate_recheck,43.353999964892864,12.555836932733655,479.55663511492526,20.840790136875036
readset,unrelated,500,20,1,EXECUTE,published_after_gate_recheck,30.68560198880732,6.008723983541131,479.55663511492526,20.840790136875036
readset,unrelated,500,21,1,EXECUTE,published_after_gate_recheck,40.818116161972284,21.275271894410253,479.55663511492526,20.840790136875036
readset,unrelated,500,22,1,EXECUTE,published_after_gate_recheck,23.204067023470998,4.829393001273274,479.55663511492526,20.840790136875036
readset,unrelated,500,23,1,EXECUTE,published_after_gate_recheck,40.237348061054945,6.937304977327585,479.55663511492526,20.840790136875036
readset,unrelated,500,24,1,EXECUTE,published_after_gate_recheck,34.16255000047386,14.262426178902388,479.55663511492526,20.840790136875036
readset,unrelated,500,25,1,EXECUTE,published_after_gate_recheck,25.395395001396537,9.204995119944215,479.55663511492526,20.840790136875036
readset,unrelated,500,26,1,EXECUTE,published_after_gate_recheck,43.6638998799026,16.175212105736136,479.55663511492526,20.840790136875036
readset,unrelated,500,27,1,EXECUTE,published_after_gate_recheck,37.77490113861859,18.720993772149086,479.55663511492526,20.840790136875036
readset,unrelated,500,28,1,EXECUTE,published_after_gate_recheck,24.202608969062567,9.416883112862706,479.55663511492526,20.840790136875036
readset,unrelated,500,29,1,EXECUTE,published_after_gate_recheck,32.55027788691223,21.30589890293777,479.55663511492526,20.840790136875036
readset,unrelated,500,30,1,EXECUTE,published_after_gate_recheck,44.462207006290555,16.79376093670726,479.55663511492526,20.840790136875036
readset,unrelated,500,31,1,EXECUTE,published_after_gate_recheck,36.43096191808581,9.175008861348033,479.55663511492526,20.840790136875036
readset,unrelated,500,32,1,EXECUTE,published_after_gate_recheck,45.38316302932799,35.308208083733916,479.55663511492526,20.840790136875036
readset,unrelated,500,33,1,EXECUTE,published_after_gate_recheck,47.01104504056275,20.17828496173024,479.55663511492526,20.840790136875036
readset,unrelated,500,34,1,EXECUTE,published_after_gate_recheck,30.68487998098135,9.076394140720367,479.55663511492526,20.840790136875036
readset,unrelated,500,35,1,EXECUTE,published_after_gate_recheck,45.68430781364441,7.583264959976077,479.55663511492526,20.840790136875036
readset,unrelated,500,36,1,EXECUTE,published_after_gate_recheck,33.2622320856899,9.462176822125912,479.55663511492526,20.840790136875036
readset,unrelated,500,37,1,EXECUTE,published_after_gate_recheck,31.355116982012987,10.454388102516532,479.55663511492526,20.840790136875036
readset,unrelated,500,38,1,EXECUTE,published_after_gate_recheck,39.41401420161128,16.4360199123621,479.55663511492526,20.840790136875036
readset,unrelated,500,39,1,EXECUTE,published_after_gate_recheck,30.284469947218895,14.658317901194096,479.55663511492526,20.840790136875036
readset,unrelated,500,40,1,EXECUTE,published_after_gate_recheck,38.89521211385727,13.296886114403605,479.55663511492526,20.840790136875036
readset,unrelated,500,41,1,EXECUTE,published_after_gate_recheck,28.75144686549902,7.709602126851678,479.55663511492526,20.840790136875036
readset,unrelated,500,42,1,EXECUTE,published_after_gate_recheck,32.917155185714364,8.005667012184858,479.55663511492526,20.840790136875036
readset,unrelated,500,43,1,EXECUTE,published_after_gate_recheck,38.13298186287284,10.117286117747426,479.55663511492526,20.840790136875036
readset,unrelated,500,44,1,EXECUTE,published_after_gate_recheck,22.972202161327004,9.219181956723332,479.55663511492526,20.840790136875036
readset,unrelated,500,45,1,EXECUTE,published_after_gate_recheck,46.771344961598516,5.745860980823636,479.55663511492526,20.840790136875036
readset,unrelated,500,46,1,EXECUTE,published_after_gate_recheck,28.435252839699388,17.12102396413684,479.55663511492526,20.840790136875036
readset,unrelated,500,47,1,EXECUTE,published_after_gate_recheck,29.87041394226253,11.62279793061316,479.55663511492526,20.840790136875036
readset,unrelated,500,48,1,EXECUTE,published_after_gate_recheck,39.443799993023276,8.838718989863992,479.55663511492526,20.840790136875036
readset,unrelated,500,49,1,EXECUTE,published_after_gate_recheck,25.515148881822824,6.4250940922647715,479.55663511492526,20.840790136875036
readset,unrelated,500,50,1,EXECUTE,published_after_gate_recheck,43.69962797500193,5.360297858715057,479.55663511492526,20.840790136875036
readset,unrelated,500,51,1,EXECUTE,published_after_gate_recheck,868.8749780412763,685.8345579821616,479.55663511492526,20.840790136875036
readset,unrelated,500,52,1,EXECUTE,published_after_gate_recheck,98.22804387658834,3.5711941309273243,479.55663511492526,20.840790136875036
readset,unrelated,500,53,1,EXECUTE,published_after_gate_recheck,95.99984809756279,4.069678019732237,479.55663511492526,20.840790136875036
readset,unrelated,500,54,1,EXECUTE,published_after_gate_recheck,92.26344409398735,3.793040057644248,479.55663511492526,20.840790136875036
readset,unrelated,500,55,1,EXECUTE,published_after_gate_recheck,227.00942284427583,22.48183311894536,479.55663511492526,20.840790136875036
readset,unrelated,500,56,1,EXECUTE,published_after_gate_recheck,122.66227696090937,3.58105287887156,479.55663511492526,20.840790136875036
readset,unrelated,500,57,1,EXECUTE,published_after_gate_recheck,10.18130499869585,3.705716924741864,479.55663511492526,20.840790136875036
readset,unrelated,500,58,1,EXECUTE,published_after_gate_recheck,18.114385893568397,4.1730820666998625,479.55663511492526,20.840790136875036
readset,unrelated,500,59,1,EXECUTE,published_after_gate_recheck,24.36497388407588,3.9635899011045694,479.55663511492526,20.840790136875036
readset,unrelated,500,60,1,EXECUTE,published_after_gate_recheck,11.45080616697669,4.84020309522748,479.55663511492526,20.840790136875036
readset,unrelated,500,61,1,EXECUTE,published_after_gate_recheck,20.13135701417923,4.70463908277452,479.55663511492526,20.840790136875036
readset,unrelated,500,62,1,EXECUTE,published_after_gate_recheck,26.629748987033963,4.754112102091312,479.55663511492526,20.840790136875036
readset,unrelated,500,63,1,EXECUTE,published_after_gate_recheck,11.387255974113941,4.191335989162326,479.55663511492526,20.840790136875036
readset,unrelated,500,64,1,EXECUTE,published_after_gate_recheck,43.381812050938606,4.31534880772233,479.55663511492526,20.840790136875036
readset,unrelated,500,65,1,EXECUTE,published_after_gate_recheck,28.865700121968985,6.862523965537548,479.55663511492526,20.840790136875036
readset,unrelated,500,66,1,EXECUTE,published_after_gate_recheck,20.38659597747028,3.9338949136435986,479.55663511492526,20.840790136875036
readset,unrelated,500,67,1,EXECUTE,published_after_gate_recheck,12.154593830928206,4.8341520596295595,479.55663511492526,20.840790136875036
readset,unrelated,500,68,1,EXECUTE,published_after_gate_recheck,227.07619820721447,106.66182404384017,479.55663511492526,20.840790136875036
readset,unrelated,500,69,1,EXECUTE,published_after_gate_recheck,98.01865206100047,21.59934979863465,479.55663511492526,20.840790136875036
readset,unrelated,500,70,1,EXECUTE,published_after_gate_recheck,228.085980983451,23.968008812516928,479.55663511492526,20.840790136875036
readset,unrelated,500,71,1,EXECUTE,published_after_gate_recheck,17.12061301805079,4.051345167681575,479.55663511492526,20.840790136875036
readset,unrelated,500,72,1,EXECUTE,published_after_gate_recheck,25.013430044054985,3.8832100108265877,479.55663511492526,20.840790136875036
readset,unrelated,500,73,1,EXECUTE,published_after_gate_recheck,10.065417969599366,3.58350807800889,479.55663511492526,20.840790136875036
readset,unrelated,500,74,1,EXECUTE,published_after_gate_recheck,57.692026952281594,4.589612828567624,479.55663511492526,20.840790136875036
readset,unrelated,500,75,1,EXECUTE,published_after_gate_recheck,12.772301910445094,4.5740338973701,479.55663511492526,20.840790136875036
readset,unrelated,500,76,1,EXECUTE,published_after_gate_recheck,30.76187497936189,9.642285062000155,479.55663511492526,20.840790136875036
readset,unrelated,500,77,1,EXECUTE,published_after_gate_recheck,18.995407968759537,4.581296816468239,479.55663511492526,20.840790136875036
readset,unrelated,500,78,1,EXECUTE,published_after_gate_recheck,52.60348902083933,4.186928970739245,479.55663511492526,20.840790136875036
readset,unrelated,500,79,1,EXECUTE,published_after_gate_recheck,11.047599837183952,3.962657880038023,479.55663511492526,20.840790136875036
readset,unrelated,500,80,1,EXECUTE,published_after_gate_recheck,133.4185409359634,39.62595108896494,479.55663511492526,20.840790136875036
readset,unrelated,500,81,1,EXECUTE,published_after_gate_recheck,22.671950049698353,3.4455989953130484,479.55663511492526,20.840790136875036
readset,unrelated,500,82,1,EXECUTE,published_after_gate_recheck,8.97448300383985,3.5495939664542675,479.55663511492526,20.840790136875036
readset,unrelated,500,83,1,EXECUTE,published_after_gate_recheck,9.88216488622129,3.5565169528126717,479.55663511492526,20.840790136875036
readset,unrelated,500,84,1,EXECUTE,published_after_gate_recheck,9.330922039225698,4.029543837532401,479.55663511492526,20.840790136875036
readset,unrelated,500,85,1,EXECUTE,published_after_gate_recheck,92.92252780869603,56.90929992124438,479.55663511492526,20.840790136875036
readset,unrelated,500,86,1,EXECUTE,published_after_gate_recheck,10.576386004686356,3.770558163523674,479.55663511492526,20.840790136875036
readset,unrelated,500,87,1,EXECUTE,published_after_gate_recheck,21.23748091980815,4.340535961091518,479.55663511492526,20.840790136875036
readset,unrelated,500,88,1,EXECUTE,published_after_gate_recheck,9.8180640488863,3.6535889375954866,479.55663511492526,20.840790136875036
readset,unrelated,500,89,1,EXECUTE,published_after_gate_recheck,8.916934952139854,3.7672820035368204,479.55663511492526,20.840790136875036
readset,unrelated,500,90,1,EXECUTE,published_after_gate_recheck,9.099648101255298,3.4889800008386374,479.55663511492526,20.840790136875036
readset,unrelated,500,91,1,EXECUTE,published_after_gate_recheck,9.751478908583522,3.616468980908394,479.55663511492526,20.840790136875036
readset,unrelated,500,92,1,EXECUTE,published_after_gate_recheck,14.135488076135516,5.330953048542142,479.55663511492526,20.840790136875036
readset,unrelated,500,93,1,EXECUTE,published_after_gate_recheck,48.26951399445534,3.6756510380655527,479.55663511492526,20.840790136875036
readset,unrelated,500,94,1,EXECUTE,published_after_gate_recheck,8.97039589472115,3.900121198967099,479.55663511492526,20.840790136875036
readset,unrelated,500,95,1,EXECUTE,published_after_gate_recheck,16.698983032256365,4.208880010992289,479.55663511492526,20.840790136875036
readset,unrelated,500,96,1,EXECUTE,published_after_gate_recheck,10.659091174602509,3.946106880903244,479.55663511492526,20.840790136875036
readset,unrelated,500,97,1,EXECUTE,published_after_gate_recheck,12.231820030137897,3.983085975050926,479.55663511492526,20.840790136875036
readset,unrelated,500,98,1,EXECUTE,published_after_gate_recheck,18.25669314712286,4.633835982531309,479.55663511492526,20.840790136875036
readset,unrelated,500,99,1,EXECUTE,published_after_gate_recheck,19.991945941001177,3.911603009328246,479.55663511492526,20.840790136875036
global,related_same,500,0,0,REVOKE,context_version_changed_at_publish,6.712934002280235,2.4970609229058027,319.4256452827148,0.7796300918533188
global,related_same,500,1,0,REVOKE,context_version_changed_at_publish,7.7556290198117495,2.7256489265710115,319.4256452827148,0.7796300918533188
global,related_same,500,2,0,REVOKE,context_version_changed_at_publish,7.798919919878244,2.4116910062730312,319.4256452827148,0.7796300918533188
global,related_same,500,3,0,REVOKE,context_version_changed_at_publish,7.03947595320642,2.448428887873888,319.4256452827148,0.7796300918533188
global,related_same,500,4,0,REVOKE,context_version_changed_at_publish,8.9860949665308,2.509373938664794,319.4256452827148,0.7796300918533188
global,related_same,500,5,0,REVOKE,context_version_changed_at_publish,7.188654970377684,2.3348368704319,319.4256452827148,0.7796300918533188
global,related_same,500,6,0,REVOKE,context_version_changed_at_publish,8.427286986261606,2.370394067838788,319.4256452827148,0.7796300918533188
global,related_same,500,7,0,REVOKE,context_version_changed_at_publish,10.534256929531693,4.4278500135988,319.4256452827148,0.7796300918533188
global,related_same,500,8,0,REVOKE,context_version_changed_at_publish,7.911119842901826,2.3739200551062822,319.4256452827148,0.7796300918533188
global,related_same,500,9,0,REVOKE,context_version_changed_at_publish,11.772377882152796,6.163313053548336,319.4256452827148,0.7796300918533188
global,related_same,500,10,0,REVOKE,context_version_changed_at_publish,9.630954125896096,2.5308141484856606,319.4256452827148,0.7796300918533188
global,related_same,500,11,0,REVOKE,context_version_changed_at_publish,8.17083683796227,1.9845098722726107,319.4256452827148,0.7796300918533188
global,related_same,500,12,0,REVOKE,context_version_changed_at_publish,10.183919919654727,5.925188073888421,319.4256452827148,0.7796300918533188
global,related_same,500,13,0,REVOKE,context_version_changed_at_publish,29.4550450053066,8.779647992923856,319.4256452827148,0.7796300918533188
global,related_same,500,14,0,REVOKE,context_version_changed_at_publish,14.173178002238274,8.192046079784632,319.4256452827148,0.7796300918533188
global,related_same,500,15,0,REVOKE,context_version_changed_at_publish,17.695371061563492,10.446731932461262,319.4256452827148,0.7796300918533188
global,related_same,500,16,0,REVOKE,context_version_changed_at_publish,10.051422053948045,2.632585121318698,319.4256452827148,0.7796300918533188
global,related_same,500,17,0,REVOKE,context_version_changed_at_publish,17.346587032079697,10.89754793792963,319.4256452827148,0.7796300918533188
global,related_same,500,18,0,REVOKE,context_version_changed_at_publish,21.715266862884164,7.768723182380199,319.4256452827148,0.7796300918533188
global,related_same,500,19,0,REVOKE,context_version_changed_at_publish,12.894561979919672,5.532260984182358,319.4256452827148,0.7796300918533188
global,related_same,500,20,0,REVOKE,context_version_changed_at_publish,11.084508150815964,4.3952190317213535,319.4256452827148,0.7796300918533188
global,related_same,500,21,0,REVOKE,context_version_changed_at_publish,7.1593408938497305,2.6211340446025133,319.4256452827148,0.7796300918533188
global,related_same,500,22,0,REVOKE,context_version_changed_at_publish,14.242467936128378,8.41453392058611,319.4256452827148,0.7796300918533188
global,related_same,500,23,0,REVOKE,context_version_changed_at_publish,12.218453921377659,2.384179038926959,319.4256452827148,0.7796300918533188
global,related_same,500,24,0,REVOKE,context_version_changed_at_publish,10.165526065975428,2.621083054691553,319.4256452827148,0.7796300918533188
global,related_same,500,25,0,REVOKE,context_version_changed_at_publish,19.27766716107726,13.592851115390658,319.4256452827148,0.7796300918533188
global,related_same,500,26,0,REVOKE,context_version_changed_at_publish,13.226723996922374,5.786326015368104,319.4256452827148,0.7796300918533188
global,related_same,500,27,0,REVOKE,context_version_changed_at_publish,10.583218885585666,2.758431015536189,319.4256452827148,0.7796300918533188
global,related_same,500,28,0,REVOKE,context_version_changed_at_publish,8.753648959100246,2.6133391074836254,319.4256452827148,0.7796300918533188
global,related_same,500,29,0,REVOKE,context_version_changed_at_publish,7.665559882298112,3.0989390797913074,319.4256452827148,0.7796300918533188
global,related_same,500,30,0,REVOKE,context_version_changed_at_publish,6.488913903012872,2.593131037428975,319.4256452827148,0.7796300918533188
global,related_same,500,31,0,REVOKE,context_version_changed_at_publish,17.708715982735157,2.4147171061486006,319.4256452827148,0.7796300918533188
global,related_same,500,32,0,REVOKE,context_version_changed_at_publish,7.59480707347393,2.0936138462275267,319.4256452827148,0.7796300918533188
global,related_same,500,33,0,REVOKE,context_version_changed_at_publish,25.38083796389401,7.097584893926978,319.4256452827148,0.7796300918533188
global,related_same,500,34,0,REVOKE,context_version_changed_at_publish,37.71693189628422,14.825501013547182,319.4256452827148,0.7796300918533188
global,related_same,500,35,0,REVOKE,context_version_changed_at_publish,31.708318972960114,10.732378112152219,319.4256452827148,0.7796300918533188
global,related_same,500,36,0,REVOKE,context_version_changed_at_publish,45.31035711988807,17.337760888040066,319.4256452827148,0.7796300918533188
global,related_same,500,37,0,REVOKE,context_version_changed_at_publish,28.27877993695438,7.672914071008563,319.4256452827148,0.7796300918533188
global,related_same,500,38,0,REVOKE,context_version_changed_at_publish,38.952398812398314,8.918176870793104,319.4256452827148,0.7796300918533188
global,related_same,500,39,0,REVOKE,context_version_changed_at_publish,28.901115991175175,8.810206083580852,319.4256452827148,0.7796300918533188
global,related_same,500,40,1,EXECUTE,published_after_gate_recheck,24.98745988123119,5.627619102597237,319.4256452827148,0.7796300918533188
global,related_same,500,41,0,REVOKE,context_version_changed_at_publish,18.71794811449945,10.133526055142283,319.4256452827148,0.7796300918533188
global,related_same,500,42,0,REVOKE,context_version_changed_at_publish,22.915746783837676,5.524375941604376,319.4256452827148,0.7796300918533188
global,related_same,500,43,0,REVOKE,context_version_changed_at_publish,41.172639932483435,7.070985157042742,319.4256452827148,0.7796300918533188
global,related_same,500,44,0,REVOKE,context_version_changed_at_publish,33.77150697633624,18.67517805658281,319.4256452827148,0.7796300918533188
global,related_same,500,45,0,REVOKE,context_version_changed_at_publish,64.31306898593903,30.992127023637295,319.4256452827148,0.7796300918533188
global,related_same,500,46,0,REVOKE,context_version_changed_at_publish,35.21229699254036,10.419202037155628,319.4256452827148,0.7796300918533188
global,related_same,500,47,0,REVOKE,context_version_changed_at_publish,61.48045905865729,7.386306067928672,319.4256452827148,0.7796300918533188
global,related_same,500,48,0,REVOKE,context_version_changed_at_publish,53.883819142356515,24.57121992483735,319.4256452827148,0.7796300918533188
global,related_same,500,49,0,REVOKE,context_version_changed_at_publish,57.604512898251414,43.29570010304451,319.4256452827148,0.7796300918533188
global,related_same,500,50,0,REVOKE,context_version_changed_at_publish,21.24790009111166,8.33397195674479,319.4256452827148,0.7796300918533188
global,related_same,500,51,0,REVOKE,context_version_changed_at_publish,29.036579886451364,6.680832942947745,319.4256452827148,0.7796300918533188
global,related_same,500,52,0,REVOKE,context_version_changed_at_publish,28.114481829106808,7.8104708809405565,319.4256452827148,0.7796300918533188
global,related_same,500,53,0,REVOKE,context_version_changed_at_publish,22.63178490102291,10.364749003201723,319.4256452827148,0.7796300918533188
global,related_same,500,54,0,REVOKE,context_version_changed_at_publish,28.337390162050724,11.106469901278615,319.4256452827148,0.7796300918533188
global,related_same,500,55,0,REVOKE,context_version_changed_at_publish,24.543778970837593,8.356044068932533,319.4256452827148,0.7796300918533188
global,related_same,500,56,0,REVOKE,context_version_changed_at_publish,12.341906083747745,2.628877991810441,319.4256452827148,0.7796300918533188
global,related_same,500,57,0,REVOKE,context_version_changed_at_publish,21.555667044594884,7.925716927275062,319.4256452827148,0.7796300918533188
global,related_same,500,58,0,REVOKE,context_version_changed_at_publish,29.630312928929925,17.74958218447864,319.4256452827148,0.7796300918533188
global,related_same,500,59,0,REVOKE,context_version_changed_at_publish,41.45059082657099,31.2774118501693,319.4256452827148,0.7796300918533188
global,related_same,500,60,0,REVOKE,context_version_changed_at_publish,25.343647925183177,12.245995923876762,319.4256452827148,0.7796300918533188
global,related_same,500,61,0,REVOKE,context_version_changed_at_publish,26.240309001877904,7.01485900208354,319.4256452827148,0.7796300918533188
global,related_same,500,62,0,REVOKE,context_version_changed_at_publish,37.544278195127845,5.09366812184453,319.4256452827148,0.7796300918533188
global,related_same,500,63,0,REVOKE,context_version_changed_at_publish,26.16834407672286,7.725220872089267,319.4256452827148,0.7796300918533188
global,related_same,500,64,0,REVOKE,context_version_changed_at_publish,48.26207994483411,11.288120178505778,319.4256452827148,0.7796300918533188
global,related_same,500,65,0,REVOKE,context_version_changed_at_publish,31.85961302369833,9.764414047822356,319.4256452827148,0.7796300918533188
global,related_same,500,66,0,REVOKE,context_version_changed_at_publish,61.67381093837321,27.753354981541634,319.4256452827148,0.7796300918533188
global,related_same,500,67,0,REVOKE,context_version_changed_at_publish,36.934064934030175,5.507524125277996,319.4256452827148,0.7796300918533188
global,related_same,500,68,0,REVOKE,context_version_changed_at_publish,20.446398062631488,8.793955203145742,319.4256452827148,0.7796300918533188
global,related_same,500,69,0,REVOKE,context_version_changed_at_publish,27.98553998582065,5.738627864047885,319.4256452827148,0.7796300918533188
global,related_same,500,70,0,REVOKE,context_version_changed_at_publish,30.252991011366248,8.853176143020391,319.4256452827148,0.7796300918533188
global,related_same,500,71,0,REVOKE,context_version_changed_at_publish,52.83163581043482,31.23474190942943,319.4256452827148,0.7796300918533188
global,related_same,500,72,0,REVOKE,context_version_changed_at_publish,37.07909700460732,17.84583297558129,319.4256452827148,0.7796300918533188
global,related_same,500,73,0,REVOKE,context_version_changed_at_publish,26.301313191652298,8.468143874779344,319.4256452827148,0.7796300918533188
global,related_same,500,74,0,REVOKE,context_version_changed_at_publish,35.795270930975676,8.575805928558111,319.4256452827148,0.7796300918533188
global,related_same,500,75,0,REVOKE,context_version_changed_at_publish,20.50579898059368,11.537607992067933,319.4256452827148,0.7796300918533188
global,related_same,500,76,0,REVOKE,context_version_changed_at_publish,25.28826496563852,7.126267999410629,319.4256452827148,0.7796300918533188
global,related_same,500,77,0,REVOKE,context_version_changed_at_publish,16.043485142290592,5.030740052461624,319.4256452827148,0.7796300918533188
global,related_same,500,78,0,REVOKE,context_version_changed_at_publish,18.567475955933332,9.394931141287088,319.4256452827148,0.7796300918533188
global,related_same,500,79,0,REVOKE,context_version_changed_at_publish,15.265685971826315,1.9941881764680147,319.4256452827148,0.7796300918533188
global,related_same,500,80,0,REVOKE,context_version_changed_at_publish,67.52416817471385,15.83234895952046,319.4256452827148,0.7796300918533188
global,related_same,500,81,0,REVOKE,context_version_changed_at_publish,38.624224020168185,13.539520092308521,319.4256452827148,0.7796300918533188
global,related_same,500,82,0,REVOKE,context_version_changed_at_publish,24.507079971954226,5.339047871530056,319.4256452827148,0.7796300918533188
global,related_same,500,83,0,REVOKE,context_version_changed_at_publish,23.572819074615836,7.159360917285085,319.4256452827148,0.7796300918533188
global,related_same,500,84,0,REVOKE,context_version_changed_at_publish,23.706448962911963,8.167711086571217,319.4256452827148,0.7796300918533188
global,related_same,500,85,0,REVOKE,context_version_changed_at_publish,28.278569225221872,9.790251962840557,319.4256452827148,0.7796300918533188
global,related_same,500,86,0,REVOKE,context_version_changed_at_publish,25.384796084836125,6.702976068481803,319.4256452827148,0.7796300918533188
global,related_same,500,87,0,REVOKE,context_version_changed_at_publish,26.518861996009946,12.65233801677823,319.4256452827148,0.7796300918533188
global,related_same,500,88,0,REVOKE,context_version_changed_at_publish,23.336646147072315,9.553719079121947,319.4256452827148,0.7796300918533188
global,related_same,500,89,0,REVOKE,context_version_changed_at_publish,27.973287040367723,5.514476913958788,319.4256452827148,0.7796300918533188
global,related_same,500,90,0,REVOKE,context_version_changed_at_publish,29.10881582647562,12.964641908183694,319.4256452827148,0.7796300918533188
global,related_same,500,91,0,REVOKE,context_version_changed_at_publish,23.168721003457904,5.54377306252718,319.4256452827148,0.7796300918533188
global,related_same,500,92,0,REVOKE,context_version_changed_at_publish,71.18668407201767,22.676487918943167,319.4256452827148,0.7796300918533188
global,related_same,500,93,0,REVOKE,context_version_changed_at_publish,31.69266995973885,12.820563046261668,319.4256452827148,0.7796300918533188
global,related_same,500,94,0,REVOKE,context_version_changed_at_publish,23.394874995574355,7.287129992619157,319.4256452827148,0.7796300918533188
global,related_same,500,95,0,REVOKE,context_version_changed_at_publish,30.97873111255467,13.691294938325882,319.4256452827148,0.7796300918533188
global,related_same,500,96,0,REVOKE,context_version_changed_at_publish,25.164682883769274,9.053801884874701,319.4256452827148,0.7796300918533188
global,related_same,500,97,0,REVOKE,context_version_changed_at_publish,35.302336094900966,7.620183983817697,319.4256452827148,0.7796300918533188
global,related_same,500,98,1,EXECUTE,published_after_gate_recheck,32.97942201606929,5.905810976400971,319.4256452827148,0.7796300918533188
global,related_same,500,99,0,REVOKE,context_version_changed_at_publish,26.128027820959687,12.519007083028555,319.4256452827148,0.7796300918533188
readset,related_same,500,0,1,EXECUTE,published_after_gate_recheck,23.439238080754876,10.728432098403573,275.95971187443064,31.284495585001743
readset,related_same,500,1,1,EXECUTE,published_after_gate_recheck,37.703366950154305,15.621643047779799,275.95971187443064,31.284495585001743
readset,related_same,500,2,1,EXECUTE,published_after_gate_recheck,39.13456085138023,9.886864107102156,275.95971187443064,31.284495585001743
readset,related_same,500,3,1,EXECUTE,published_after_gate_recheck,22.506460081785917,7.075584027916193,275.95971187443064,31.284495585001743
readset,related_same,500,4,1,EXECUTE,published_after_gate_recheck,21.039539948105812,3.1250379979610443,275.95971187443064,31.284495585001743
readset,related_same,500,5,1,EXECUTE,published_after_gate_recheck,28.819022933021188,11.115876957774162,275.95971187443064,31.284495585001743
readset,related_same,500,6,1,EXECUTE,published_after_gate_recheck,20.866545848548412,7.1564349345862865,275.95971187443064,31.284495585001743
readset,related_same,500,7,1,EXECUTE,published_after_gate_recheck,35.81765200942755,17.59106502868235,275.95971187443064,31.284495585001743
readset,related_same,500,8,1,EXECUTE,published_after_gate_recheck,33.14826893620193,10.501394979655743,275.95971187443064,31.284495585001743
readset,related_same,500,9,1,EXECUTE,published_after_gate_recheck,42.19338414259255,6.603538058698177,275.95971187443064,31.284495585001743
readset,related_same,500,10,1,EXECUTE,published_after_gate_recheck,55.205997079610825,25.666333036497235,275.95971187443064,31.284495585001743
readset,related_same,500,11,1,EXECUTE,published_after_gate_recheck,45.71298114024103,25.09668585844338,275.95971187443064,31.284495585001743
readset,related_same,500,12,1,EXECUTE,published_after_gate_recheck,20.191410090774298,10.276373010128736,275.95971187443064,31.284495585001743
readset,related_same,500,13,1,EXECUTE,published_after_gate_recheck,22.145221941173077,7.781947962939739,275.95971187443064,31.284495585001743
readset,related_same,500,14,1,EXECUTE,published_after_gate_recheck,16.320243012160063,4.630339099094272,275.95971187443064,31.284495585001743
readset,related_same,500,15,1,EXECUTE,published_after_gate_recheck,19.041344057768583,5.402116104960442,275.95971187443064,31.284495585001743
readset,related_same,500,16,1,EXECUTE,published_after_gate_recheck,16.39731810428202,4.937466001138091,275.95971187443064,31.284495585001743
readset,related_same,500,17,1,EXECUTE,published_after_gate_recheck,25.209977058693767,8.662448963150382,275.95971187443064,31.284495585001743
readset,related_same,500,18,1,EXECUTE,published_after_gate_recheck,19.267427967861295,7.061716867610812,275.95971187443064,31.284495585001743
readset,related_same,500,19,1,EXECUTE,published_after_gate_recheck,60.342035023495555,11.688289931043983,275.95971187443064,31.284495585001743
readset,related_same,500,20,1,EXECUTE,published_after_gate_recheck,47.19675402157009,16.78081718273461,275.95971187443064,31.284495585001743
readset,related_same,500,21,1,EXECUTE,published_after_gate_recheck,59.656149009242654,13.039343059062958,275.95971187443064,31.284495585001743
readset,related_same,500,22,1,EXECUTE,published_after_gate_recheck,23.250084137544036,10.013079969212413,275.95971187443064,31.284495585001743
readset,related_same,500,23,1,EXECUTE,published_after_gate_recheck,64.37908299267292,26.931825093925,275.95971187443064,31.284495585001743
readset,related_same,500,24,1,EXECUTE,published_after_gate_recheck,21.83337789028883,7.904226891696453,275.95971187443064,31.284495585001743
readset,related_same,500,25,1,EXECUTE,published_after_gate_recheck,41.90433188341558,13.252112083137035,275.95971187443064,31.284495585001743
readset,related_same,500,26,1,EXECUTE,published_after_gate_recheck,22.42689090780914,7.460135035216808,275.95971187443064,31.284495585001743
readset,related_same,500,27,1,EXECUTE,published_after_gate_recheck,16.311607090756297,4.615000914782286,275.95971187443064,31.284495585001743
readset,related_same,500,28,1,EXECUTE,published_after_gate_recheck,17.80032808892429,5.331645021215081,275.95971187443064,31.284495585001743
readset,related_same,500,29,1,EXECUTE,published_after_gate_recheck,26.94133296608925,11.8443020619452,275.95971187443064,31.284495585001743
readset,related_same,500,30,1,EXECUTE,published_after_gate_recheck,37.00448712334037,15.314967837184668,275.95971187443064,31.284495585001743
readset,related_same,500,31,1,EXECUTE,published_after_gate_recheck,37.11173892952502,21.59878797829151,275.95971187443064,31.284495585001743
readset,related_same,500,32,1,EXECUTE,published_after_gate_recheck,40.07176705636084,8.534368127584457,275.95971187443064,31.284495585001743
readset,related_same,500,33,1,EXECUTE,published_after_gate_recheck,19.785729004070163,5.509807961061597,275.95971187443064,31.284495585001743
readset,related_same,500,34,1,EXECUTE,published_after_gate_recheck,32.00485510751605,12.88878102786839,275.95971187443064,31.284495585001743
readset,related_same,500,35,1,EXECUTE,published_after_gate_recheck,24.561973055824637,6.214881082996726,275.95971187443064,31.284495585001743
readset,related_same,500,36,1,EXECUTE,published_after_gate_recheck,24.54686490818858,8.595482911914587,275.95971187443064,31.284495585001743
readset,related_same,500,37,1,EXECUTE,published_after_gate_recheck,36.05596907436848,10.686723049730062,275.95971187443064,31.284495585001743
readset,related_same,500,38,1,EXECUTE,published_after_gate_recheck,19.79127014055848,3.494891105219722,275.95971187443064,31.284495585001743
readset,related_same,500,39,1,EXECUTE,published_after_gate_recheck,15.693548833951354,7.253526942804456,275.95971187443064,31.284495585001743
readset,related_same,500,40,1,EXECUTE,published_after_gate_recheck,37.470200099051,10.952631011605263,275.95971187443064,31.284495585001743
readset,related_same,500,41,1,EXECUTE,published_after_gate_recheck,26.117658941075206,9.435567073523998,275.95971187443064,31.284495585001743
readset,related_same,500,42,1,EXECUTE,published_after_gate_recheck,58.7271680124104,23.143433965742588,275.95971187443064,31.284495585001743
readset,related_same,500,43,1,EXECUTE,published_after_gate_recheck,29.984217137098312,10.504472069442272,275.95971187443064,31.284495585001743
readset,related_same,500,44,1,EXECUTE,published_after_gate_recheck,20.554220071062446,8.095316123217344,275.95971187443064,31.284495585001743
readset,related_same,500,45,1,EXECUTE,published_after_gate_recheck,29.341842979192734,7.033815840259194,275.95971187443064,31.284495585001743
readset,related_same,500,46,1,EXECUTE,published_after_gate_recheck,36.478681955486536,7.072757929563522,275.95971187443064,31.284495585001743
readset,related_same,500,47,1,EXECUTE,published_after_gate_recheck,49.64336892589927,11.977562913671136,275.95971187443064,31.284495585001743
readset,related_same,500,48,1,EXECUTE,published_after_gate_recheck,46.40932707116008,13.291356153786182,275.95971187443064,31.284495585001743
readset,related_same,500,49,1,EXECUTE,published_after_gate_recheck,33.46112393774092,15.211554942652583,275.95971187443064,31.284495585001743
readset,related_same,500,50,1,EXECUTE,published_after_gate_recheck,31.14333003759384,5.527170840650797,275.95971187443064,31.284495585001743
readset,related_same,500,51,1,EXECUTE,published_after_gate_recheck,44.91451499052346,19.543715054169297,275.95971187443064,31.284495585001743
readset,related_same,500,52,1,EXECUTE,published_after_gate_recheck,20.31307783909142,8.414973970502615,275.95971187443064,31.284495585001743
readset,related_same,500,53,1,EXECUTE,published_after_gate_recheck,35.62728501856327,16.420230967924,275.95971187443064,31.284495585001743
readset,related_same,500,54,1,EXECUTE,published_after_gate_recheck,34.18224584311247,9.41479904577136,275.95971187443064,31.284495585001743
readset,related_same,500,55,1,EXECUTE,published_after_gate_recheck,34.1731698717922,12.774026021361351,275.95971187443064,31.284495585001743
readset,related_same,500,56,1,EXECUTE,published_after_gate_recheck,38.57204504311085,13.830135110765696,275.95971187443064,31.284495585001743
readset,related_same,500,57,1,EXECUTE,published_after_gate_recheck,23.81364000029862,3.6543100140988827,275.95971187443064,31.284495585001743
readset,related_same,500,58,1,EXECUTE,published_after_gate_recheck,32.19278692267835,9.214192861691117,275.95971187443064,31.284495585001743
readset,related_same,500,59,1,EXECUTE,published_after_gate_recheck,40.57492013089359,8.99938982911408,275.95971187443064,31.284495585001743
readset,related_same,500,60,1,EXECUTE,published_after_gate_recheck,44.32337707839906,10.098630096763372,275.95971187443064,31.284495585001743
readset,related_same,500,61,1,EXECUTE,published_after_gate_recheck,62.784702982753515,6.7440420389175415,275.95971187443064,31.284495585001743
readset,related_same,500,62,1,EXECUTE,published_after_gate_recheck,26.301694102585316,10.62089903280139,275.95971187443064,31.284495585001743
readset,related_same,500,63,1,EXECUTE,published_after_gate_recheck,39.099144050851464,11.645108927041292,275.95971187443064,31.284495585001743
readset,related_same,500,64,1,EXECUTE,published_after_gate_recheck,13.598021119832993,5.226526875048876,275.95971187443064,31.284495585001743
readset,related_same,500,65,1,EXECUTE,published_after_gate_recheck,26.36624500155449,7.836449891328812,275.95971187443064,31.284495585001743
readset,related_same,500,66,1,EXECUTE,published_after_gate_recheck,18.846519058570266,4.074327880516648,275.95971187443064,31.284495585001743
readset,related_same,500,67,1,EXECUTE,published_after_gate_recheck,34.313412848860025,11.03969500400126,275.95971187443064,31.284495585001743
readset,related_same,500,68,1,EXECUTE,published_after_gate_recheck,39.106777869164944,6.906004855409265,275.95971187443064,31.284495585001743
readset,related_same,500,69,1,EXECUTE,published_after_gate_recheck,35.91902297921479,19.083573017269373,275.95971187443064,31.284495585001743
readset,related_same,500,70,1,EXECUTE,published_after_gate_recheck,22.903895005583763,10.677915997803211,275.95971187443064,31.284495585001743
readset,related_same,500,71,1,EXECUTE,published_after_gate_recheck,30.03211715258658,9.74168092943728,275.95971187443064,31.284495585001743
readset,related_same,500,72,1,EXECUTE,published_after_gate_recheck,24.540293030440807,8.948874892666936,275.95971187443064,31.284495585001743
readset,related_same,500,73,1,EXECUTE,published_after_gate_recheck,31.511069973930717,2.410228829830885,275.95971187443064,31.284495585001743
readset,related_same,500,74,1,EXECUTE,published_after_gate_recheck,30.030092922970653,7.644149009138346,275.95971187443064,31.284495585001743
readset,related_same,500,75,1,EXECUTE,published_after_gate_recheck,30.487910844385624,13.872464885935187,275.95971187443064,31.284495585001743
readset,related_same,500,76,1,EXECUTE,published_after_gate_recheck,19.289308926090598,6.172090070322156,275.95971187443064,31.284495585001743
readset,related_same,500,77,1,EXECUTE,published_after_gate_recheck,29.544302029535174,6.168393883854151,275.95971187443064,31.284495585001743
readset,related_same,500,78,1,EXECUTE,published_after_gate_recheck,20.314149791374803,7.462128065526485,275.95971187443064,31.284495585001743
readset,related_same,500,79,1,EXECUTE,published_after_gate_recheck,34.301559906452894,5.85782085545361,275.95971187443064,31.284495585001743
readset,related_same,500,80,1,EXECUTE,published_after_gate_recheck,28.14109204337001,12.495352886617184,275.95971187443064,31.284495585001743
readset,related_same,500,81,1,EXECUTE,published_after_gate_recheck,49.36533817090094,15.551422024145722,275.95971187443064,31.284495585001743
readset,related_same,500,82,1,EXECUTE,published_after_gate_recheck,19.13720415905118,5.55981183424592,275.95971187443064,31.284495585001743
readset,related_same,500,83,1,EXECUTE,published_after_gate_recheck,39.14944897405803,14.162027975544333,275.95971187443064,31.284495585001743
readset,related_same,500,84,1,EXECUTE,published_after_gate_recheck,41.20565205812454,19.1682621371001,275.95971187443064,31.284495585001743
readset,related_same,500,85,1,EXECUTE,published_after_gate_recheck,36.25281807035208,4.853148013353348,275.95971187443064,31.284495585001743
readset,related_same,500,86,1,EXECUTE,published_after_gate_recheck,37.0768120046705,18.470203038305044,275.95971187443064,31.284495585001743
readset,related_same,500,87,1,EXECUTE,published_after_gate_recheck,24.870241060853004,7.323989877477288,275.95971187443064,31.284495585001743
readset,related_same,500,88,1,EXECUTE,published_after_gate_recheck,34.8777009639889,8.95853410474956,275.95971187443064,31.284495585001743
readset,related_same,500,89,1,EXECUTE,published_after_gate_recheck,32.34929102472961,17.398975091055036,275.95971187443064,31.284495585001743
readset,related_same,500,90,1,EXECUTE,published_after_gate_recheck,34.653188893571496,19.811899168416858,275.95971187443064,31.284495585001743
readset,related_same,500,91,1,EXECUTE,published_after_gate_recheck,30.453857965767384,9.567154105752707,275.95971187443064,31.284495585001743
readset,related_same,500,92,1,EXECUTE,published_after_gate_recheck,23.183068027719855,11.030707973986864,275.95971187443064,31.284495585001743
readset,related_same,500,93,1,EXECUTE,published_after_gate_recheck,27.349297888576984,9.187923045828938,275.95971187443064,31.284495585001743
readset,related_same,500,94,1,EXECUTE,published_after_gate_recheck,30.83830908872187,7.270117988809943,275.95971187443064,31.284495585001743
readset,related_same,500,95,1,EXECUTE,published_after_gate_recheck,30.293325893580914,14.177527045831084,275.95971187443064,31.284495585001743
readset,related_same,500,96,1,EXECUTE,published_after_gate_recheck,28.625881066545844,6.953093921765685,275.95971187443064,31.284495585001743
readset,related_same,500,97,1,EXECUTE,published_after_gate_recheck,20.341861061751842,5.467768991366029,275.95971187443064,31.284495585001743
readset,related_same,500,98,1,EXECUTE,published_after_gate_recheck,22.67819200642407,8.426435990259051,275.95971187443064,31.284495585001743
readset,related_same,500,99,1,EXECUTE,published_after_gate_recheck,41.28840705379844,22.51616702415049,275.95971187443064,31.284495585001743
