publishing_interval_ms,version_scope,intent_kind,run,trace_time_s,gateway_released,reason,e2e_latency_ms,validation_to_gate_ms,achieved_update_rate_hz
1000,predicate,continuous,0,0.001,1,published_after_gate_recheck,18.244988285005093,4.471409134566784,1.0
1000,readset,discrete,1,0.5,1,published_after_gate_recheck,20.976932253688574,5.369353108108044,1.0
1000,readset,continuous,2,1.0,1,published_after_gate_recheck,20.36229008808732,4.536791238933802,1.0
1000,global,discrete,3,1.5,1,published_after_gate_recheck,22.31771918013692,4.548162221908569,1.0
1000,predicate,discrete,4,2.001,1,published_after_gate_recheck,19.970133900642395,4.512756131589413,1.0
1000,readset,discrete,5,2.5,1,published_after_gate_recheck,17.703251913189888,4.23794100061059,1.0
1000,global,continuous,6,3.0,1,published_after_gate_recheck,20.426630973815918,4.996914882212877,1.0
1000,global,discrete,7,3.5,1,published_after_gate_recheck,19.320655148476362,5.057076923549175,1.0
1000,predicate,discrete,8,4.0,1,published_after_gate_recheck,19.271393306553364,4.141869954764843,1.0
1000,predicate,continuous,9,4.5,1,published_after_gate_recheck,18.623838666826487,5.025418009608984,1.0
1000,readset,continuous,10,5.0,1,published_after_gate_recheck,21.948033943772316,4.846923053264618,1.0
1000,readset,discrete,11,5.5,1,published_after_gate_recheck,19.34673497453332,5.033452995121479,1.0
1000,global,discrete,12,6.0,1,published_after_gate_recheck,19.37767304480076,4.8160552978515625,1.0
1000,global,continuous,13,6.5,1,published_after_gate_recheck,18.938078079372644,4.756032023578882,1.0
1000,global,continuous,14,7.0,1,published_after_gate_recheck,20.69608587771654,4.800436086952686,1.0
1000,readset,continuous,15,7.5,1,published_after_gate_recheck,18.816630356013775,5.146974697709084,1.0
1000,predicate,discrete,16,8.0,1,published_after_gate_recheck,19.42376885563135,4.54483600333333,1.0
1000,global,continuous,17,8.5,1,published_after_gate_recheck,18.174835946410894,4.376279655843973,1.0
1000,readset,discrete,18,9.0,1,published_after_gate_recheck,20.94723703339696,4.616320598870516,1.0
1000,predicate,discrete,19,9.5,1,published_after_gate_recheck,18.755526281893253,4.709444940090179,1.0
1000,readset,discrete,20,10.0,1,published_after_gate_recheck,21.03579416871071,5.141695961356163,1.0
1000,readset,continuous,21,10.5,1,published_after_gate_recheck,18.59869109466672,4.81819873675704,1.0
1000,global,continuous,22,11.0,1,published_after_gate_recheck,20.212227944284678,4.423358011990786,1.0
1000,global,discrete,23,11.5,1,published_after_gate_recheck,17.39699672907591,4.647990223020315,1.0
1000,global,continuous,24,12.0,1,published_after_gate_recheck,21.870529279112816,4.944805987179279,1.0
1000,predicate,discrete,25,12.5,1,published_after_gate_recheck,21.464087069034576,8.282888680696487,1.0
1000,readset,discrete,26,13.0,1,published_after_gate_recheck,20.32404812052846,4.966598004102707,1.0
1000,readset,continuous,27,13.5,1,published_after_gate_recheck,19.585222005844116,4.5116739347577095,1.0
1000,readset,continuous,28,14.0,1,published_after_gate_recheck,20.066555123776197,4.6463459730148315,1.0
1000,predicate,discrete,29,14.5,1,published_after_gate_recheck,18.911478109657764,4.6960292384028435,1.0
1000,readset,continuous,30,15.0,1,published_after_gate_recheck,19.88636702299118,4.568090196698904,1.0
1000,predicate,continuous,31,15.5,1,published_after_gate_recheck,20.165910944342613,4.2724148370325565,1.0
1000,readset,continuous,32,16.0,1,published_after_gate_recheck,18.351808190345764,4.463633988052607,1.0
1000,global,discrete,33,16.5,1,published_after_gate_recheck,16.532714944332838,4.527234006673098,1.0
1000,predicate,discrete,34,17.0,1,published_after_gate_recheck,21.129088010638952,4.6543218195438385,1.0
1000,predicate,discrete,35,17.5,1,published_after_gate_recheck,18.042768351733685,5.019656848162413,1.0
1000,global,continuous,36,18.0,1,published_after_gate_recheck,18.834764137864113,4.589960910379887,1.0
1000,global,discrete,37,18.5,1,published_after_gate_recheck,17.71903084591031,4.192494787275791,1.0
1000,global,continuous,38,19.0,1,published_after_gate_recheck,19.810505211353302,4.662638064473867,1.0
1000,readset,continuous,39,19.5,1,published_after_gate_recheck,20.744807086884975,4.878302104771137,1.0
1000,global,discrete,40,20.0,1,published_after_gate_recheck,19.34691471979022,4.808790981769562,1.0
1000,global,discrete,41,20.5,1,published_after_gate_recheck,26.53798507526517,4.94421599432826,1.0
1000,readset,discrete,42,21.0,1,published_after_gate_recheck,22.359856870025396,4.836783744394779,1.0
1000,global,continuous,43,21.5,1,published_after_gate_recheck,18.278100062161684,4.6997470781207085,1.0
1000,predicate,discrete,44,22.0,1,published_after_gate_recheck,22.5804909132421,6.741587072610855,1.0
1000,global,continuous,45,22.5,1,published_after_gate_recheck,18.362567760050297,4.950968082994223,1.0
1000,predicate,discrete,46,23.0,1,published_after_gate_recheck,20.355647895485163,4.887138959020376,1.0
1000,predicate,continuous,47,23.5,1,published_after_gate_recheck,19.264941103756428,5.2705369889736176,1.0
1000,global,continuous,48,24.0,1,published_after_gate_recheck,21.18988335132599,4.845280200242996,1.0
1000,predicate,discrete,49,24.5,1,published_after_gate_recheck,18.233205191791058,4.791759420186281,1.0
1000,readset,continuous,50,25.0,1,published_after_gate_recheck,22.34791498631239,4.9331639893352985,1.0
1000,predicate,continuous,51,25.5,1,published_after_gate_recheck,16.63073990494013,3.952255006879568,1.0
1000,predicate,continuous,52,26.0,1,published_after_gate_recheck,21.80549781769514,4.481757991015911,1.0
1000,global,continuous,53,26.5,1,published_after_gate_recheck,18.01625918596983,4.58582304418087,1.0
1000,global,continuous,54,27.0,1,published_after_gate_recheck,21.41199866309762,5.0817737355828285,1.0
1000,predicate,continuous,55,27.503,1,published_after_gate_recheck,22.257726173847914,8.45638383179903,1.0
1000,predicate,continuous,56,28.0,1,published_after_gate_recheck,17.594015691429377,4.339610692113638,1.0
1000,readset,continuous,57,28.5,1,published_after_gate_recheck,16.931564081460238,3.9036530070006847,1.0
1000,global,continuous,58,29.0,1,published_after_gate_recheck,21.211382932960987,4.935679957270622,1.0
1000,global,continuous,59,29.5,1,published_after_gate_recheck,17.81411888077855,4.4010961428284645,1.0
1000,predicate,continuous,60,30.0,1,published_after_gate_recheck,19.816235173493624,4.455567803233862,1.0
1000,readset,discrete,61,30.5,1,published_after_gate_recheck,20.16204409301281,6.658500991761684,1.0
1000,readset,continuous,62,31.0,1,published_after_gate_recheck,20.575128961354494,4.115861840546131,1.0
1000,readset,continuous,63,31.5,1,published_after_gate_recheck,16.73849206417799,4.528204910457134,1.0
1000,predicate,discrete,64,32.0,1,published_after_gate_recheck,21.095304749906063,4.575944039970636,1.0
1000,predicate,continuous,65,32.5,1,published_after_gate_recheck,17.75766396895051,4.374998155981302,1.0
1000,global,continuous,66,33.0,1,published_after_gate_recheck,19.925159867852926,3.8522672839462757,1.0
1000,global,discrete,67,33.5,1,published_after_gate_recheck,17.68071996048093,4.240044858306646,1.0
1000,predicate,continuous,68,34.0,1,published_after_gate_recheck,20.371077116578817,4.6921418979763985,1.0
1000,global,continuous,69,34.5,1,published_after_gate_recheck,18.570829182863235,4.301580134779215,1.0
1000,readset,continuous,70,35.0,1,published_after_gate_recheck,21.89507521688938,4.807258024811745,1.0
1000,predicate,discrete,71,35.5,1,published_after_gate_recheck,21.671144757419825,4.72407229244709,1.0
1000,global,discrete,72,36.0,1,published_after_gate_recheck,24.09094525501132,5.549349822103977,1.0
1000,readset,discrete,73,36.5,1,published_after_gate_recheck,18.817372154444456,5.028784275054932,1.0
1000,global,discrete,74,37.0,1,published_after_gate_recheck,20.015420392155647,4.318612162023783,1.0
1000,global,continuous,75,37.5,1,published_after_gate_recheck,19.600821658968925,4.134076181799173,1.0
1000,readset,discrete,76,38.0,1,published_after_gate_recheck,20.572554785758257,4.940859042108059,1.0
1000,readset,discrete,77,38.5,1,published_after_gate_recheck,18.972151912748814,4.778333939611912,1.0
1000,readset,discrete,78,39.0,1,published_after_gate_recheck,20.449773874133825,4.714024253189564,1.0
1000,readset,discrete,79,39.5,1,published_after_gate_recheck,18.845974933356047,5.054892972111702,1.0
1000,readset,discrete,80,40.0,1,published_after_gate_recheck,20.6309137865901,4.5301783829927444,1.0
1000,predicate,discrete,81,40.5,1,published_after_gate_recheck,18.182671163231134,4.733049776405096,1.0
1000,global,continuous,82,41.0,1,published_after_gate_recheck,20.736672915518284,5.254017189145088,1.0
1000,global,discrete,83,41.5,1,published_after_gate_recheck,19.804714247584343,5.010699853301048,1.0
1000,predicate,continuous,84,42.0,1,published_after_gate_recheck,20.688212011009455,4.891917109489441,1.0
1000,global,continuous,85,42.5,1,published_after_gate_recheck,18.045814242213964,4.653871059417725,1.0
1000,readset,discrete,86,43.0,1,published_after_gate_recheck,19.76604200899601,4.437935072928667,1.0
1000,predicate,discrete,87,43.5,1,published_after_gate_recheck,17.0469400472939,4.392019938677549,1.0
1000,predicate,discrete,88,44.0,1,published_after_gate_recheck,20.784362219274044,4.569030832499266,1.0
1000,readset,discrete,89,44.5,1,published_after_gate_recheck,17.42997858673334,4.422977101057768,1.0
1000,predicate,discrete,90,45.0,1,published_after_gate_recheck,21.18973294273019,5.129552911967039,1.0
1000,global,continuous,91,45.5,1,published_after_gate_recheck,20.83949511870742,4.634464625269175,1.0
1000,predicate,continuous,92,46.0,1,published_after_gate_recheck,20.284113008528948,4.079111851751804,1.0
1000,readset,discrete,93,46.5,1,published_after_gate_recheck,18.96014017984271,5.035707261413336,1.0
1000,readset,discrete,94,47.0,1,published_after_gate_recheck,20.045334938913584,4.094832111150026,1.0
1000,predicate,discrete,95,47.5,1,published_after_gate_recheck,17.500160727649927,4.17760806158185,1.0
1000,global,discrete,96,48.0,1,published_after_gate_recheck,19.996242597699165,4.534857347607613,1.0
1000,predicate,continuous,97,48.5,1,published_after_gate_recheck,17.16501172631979,4.867380950599909,1.0
1000,global,continuous,98,49.0,1,published_after_gate_recheck,17.95091573148966,4.424138925969601,1.0
1000,predicate,discrete,99,49.5,1,published_after_gate_recheck,16.550689935684204,4.247318021953106,1.0
1000,readset,continuous,100,50.0,1,published_after_gate_recheck,21.327270194888115,4.525689873844385,1.0
1000,readset,continuous,101,50.5,1,published_after_gate_recheck,18.2884787209332,4.5908731408417225,1.0
1000,predicate,continuous,102,51.0,1,published_after_gate_recheck,21.536412183195353,5.149900913238525,1.0
1000,readset,discrete,103,51.5,1,published_after_gate_recheck,18.549158703535795,4.872861783951521,1.0
1000,global,continuous,104,52.0,1,published_after_gate_recheck,19.673377741128206,4.586854949593544,1.0
1000,predicate,continuous,105,52.5,1,published_after_gate_recheck,20.432461984455585,5.051066167652607,1.0
1000,readset,discrete,106,53.0,1,published_after_gate_recheck,19.66880913823843,4.860938992351294,1.0
1000,global,continuous,107,53.5,1,published_after_gate_recheck,17.629732843488455,4.456520080566406,1.0
1000,predicate,discrete,108,54.0,1,published_after_gate_recheck,20.579548086971045,4.73808916285634,1.0
1000,global,continuous,109,54.5,1,published_after_gate_recheck,18.605654127895832,4.788031801581383,1.0
1000,readset,continuous,110,55.0,1,published_after_gate_recheck,19.97341075912118,4.4234078377485275,1.0
1000,predicate,discrete,111,55.5,1,published_after_gate_recheck,16.950630117207766,4.302511923015118,1.0
1000,readset,discrete,112,56.0,1,published_after_gate_recheck,20.731701981276274,4.983508959412575,1.0
1000,readset,continuous,113,56.5,1,published_after_gate_recheck,18.524762708693743,4.456320311874151,1.0
1000,global,discrete,114,57.0,1,published_after_gate_recheck,20.69216826930642,4.847412928938866,1.0
1000,global,continuous,115,57.5,1,published_after_gate_recheck,17.214974854141474,4.2112101800739765,1.0
1000,readset,discrete,116,58.0,1,published_after_gate_recheck,20.77501406893134,4.7609820030629635,1.0
1000,global,discrete,117,58.5,1,published_after_gate_recheck,16.356355044990778,4.183498211205006,1.0
1000,readset,discrete,118,59.0,1,published_after_gate_recheck,20.28102707117796,4.239263013005257,1.0
1000,global,continuous,119,59.5,1,published_after_gate_recheck,17.421292141079903,4.467200022190809,1.0
1000,readset,continuous,120,60.0,1,published_after_gate_recheck,20.22585365921259,4.509449936449528,1.0
1000,global,continuous,121,60.5,1,published_after_gate_recheck,17.41375820711255,4.186884965747595,1.0
1000,readset,continuous,122,61.0,1,published_after_gate_recheck,21.74620609730482,4.836193285882473,1.0
1000,readset,continuous,123,61.5,1,published_after_gate_recheck,16.555037815123796,4.047312308102846,1.0
1000,predicate,continuous,124,62.0,1,published_after_gate_recheck,19.589951261878014,4.434639122337103,1.0
1000,global,discrete,125,62.5,1,published_after_gate_recheck,17.797548789530993,4.73279831930995,1.0
1000,readset,discrete,126,63.0,1,published_after_gate_recheck,19.560975953936577,4.10322705283761,1.0
1000,predicate,discrete,127,63.5,1,published_after_gate_recheck,17.004540655761957,4.117764998227358,1.0
1000,global,discrete,128,64.0,1,published_after_gate_recheck,18.87652277946472,4.558892920613289,1.0
1000,predicate,continuous,129,64.5,1,published_after_gate_recheck,17.62080704793334,4.507014993578196,1.0
1000,predicate,continuous,130,65.0,1,published_after_gate_recheck,20.130515098571777,4.684758838266134,1.0
1000,global,continuous,131,65.5,1,published_after_gate_recheck,17.487626988440752,3.9916089735925198,1.0
1000,readset,discrete,132,66.0,1,published_after_gate_recheck,19.796297885477543,4.800626076757908,1.0
1000,predicate,continuous,133,66.5,1,published_after_gate_recheck,17.673886846750975,4.358435980975628,1.0
1000,predicate,continuous,134,67.0,1,published_after_gate_recheck,20.312517415732145,4.554835148155689,1.0
1000,global,discrete,135,67.5,1,published_after_gate_recheck,21.690561901777983,7.856087759137154,1.0
1000,predicate,continuous,136,68.0,1,published_after_gate_recheck,20.770355593413115,4.919177852571011,1.0
1000,global,discrete,137,68.5,1,published_after_gate_recheck,17.435569781810045,4.31399280205369,1.0
1000,predicate,continuous,138,69.0,1,published_after_gate_recheck,19.389295019209385,4.275600891560316,1.0
1000,readset,discrete,139,69.501,1,published_after_gate_recheck,18.691495060920715,4.807618912309408,1.0
1000,global,discrete,140,70.0,1,published_after_gate_recheck,20.612650085240602,4.515902139246464,1.0
1000,readset,discrete,141,70.5,1,published_after_gate_recheck,18.474798183888197,4.759809002280235,1.0
1000,predicate,continuous,142,71.001,1,published_after_gate_recheck,19.332187715917826,4.5130569487810135,1.0
1000,readset,continuous,143,71.5,1,published_after_gate_recheck,17.858914099633694,4.318531136959791,1.0
1000,readset,continuous,144,72.0,1,published_after_gate_recheck,21.506025921553373,4.944325890392065,1.0
1000,global,continuous,145,72.5,1,published_after_gate_recheck,24.25790810957551,5.595858208835125,1.0
1000,predicate,discrete,146,73.0,1,published_after_gate_recheck,19.656715914607048,4.342125728726387,1.0
1000,global,continuous,147,73.5,1,published_after_gate_recheck,17.00758608058095,4.420904442667961,1.0
1000,predicate,continuous,148,74.0,1,published_after_gate_recheck,17.839587293565273,4.641097038984299,1.0
1000,readset,discrete,149,74.501,1,published_after_gate_recheck,17.16492185369134,4.515410866588354,1.0
1000,predicate,discrete,150,75.0,1,published_after_gate_recheck,21.175716072320938,4.49358019977808,1.0
1000,global,continuous,151,75.5,1,published_after_gate_recheck,16.952361911535263,4.030210897326469,1.0
1000,global,discrete,152,76.0,1,published_after_gate_recheck,18.707805778831244,3.9638960734009743,1.0
1000,global,continuous,153,76.5,1,published_after_gate_recheck,18.230780959129333,4.497075919061899,1.0
1000,global,continuous,154,77.0,1,published_after_gate_recheck,19.94236232712865,4.845481365919113,1.0
1000,readset,continuous,155,77.5,1,published_after_gate_recheck,20.817203912883997,6.747538689523935,1.0
1000,predicate,continuous,156,78.0,1,published_after_gate_recheck,21.196695044636726,4.829709883779287,1.0
1000,global,continuous,157,78.5,1,published_after_gate_recheck,19.64459288865328,4.257688298821449,1.0
1000,predicate,continuous,158,79.0,1,published_after_gate_recheck,19.921163097023964,4.698063712567091,1.0
1000,predicate,continuous,159,79.5,1,published_after_gate_recheck,18.24053004384041,4.417245741933584,1.0
1000,global,continuous,160,80.0,1,published_after_gate_recheck,20.00946830958128,4.5288060791790485,1.0
1000,global,continuous,161,80.5,1,published_after_gate_recheck,18.535231705754995,4.620037041604519,1.0
1000,predicate,discrete,162,81.0,1,published_after_gate_recheck,20.46669600531459,4.975545220077038,1.0
1000,global,continuous,163,81.5,1,published_after_gate_recheck,21.97964396327734,5.222837906330824,1.0
1000,readset,continuous,164,82.0,1,published_after_gate_recheck,18.991067074239254,4.677064251154661,1.0
1000,global,continuous,165,82.5,1,published_after_gate_recheck,17.70632667466998,4.462801851332188,1.0
1000,global,discrete,166,83.0,1,published_after_gate_recheck,18.86613294482231,4.5396070927381516,1.0
1000,global,continuous,167,83.5,1,published_after_gate_recheck,18.05504085496068,4.203896038234234,1.0
1000,readset,discrete,168,84.0,1,published_after_gate_recheck,20.216265693306923,4.455979913473129,1.0
1000,readset,discrete,169,84.5,1,published_after_gate_recheck,18.85634521022439,4.683245904743671,1.0
1000,global,discrete,170,85.0,1,published_after_gate_recheck,19.031873904168606,4.546799696981907,1.0
1000,predicate,continuous,171,85.5,1,published_after_gate_recheck,17.515358980745077,4.800997208803892,1.0
1000,readset,discrete,172,86.0,1,published_after_gate_recheck,20.905279088765383,4.407197702676058,1.0
1000,predicate,discrete,173,86.5,1,published_after_gate_recheck,17.54477433860302,4.835611674934626,1.0
1000,global,continuous,174,87.0,1,published_after_gate_recheck,20.12787014245987,4.491084720939398,1.0
1000,readset,continuous,175,87.5,1,published_after_gate_recheck,17.32219709083438,4.543443210422993,1.0
1000,predicate,continuous,176,88.0,1,published_after_gate_recheck,20.20548563450575,4.841040819883347,1.0
1000,predicate,discrete,177,88.5,1,published_after_gate_recheck,17.842371948063374,4.4750249944627285,1.0
1000,predicate,discrete,178,89.0,1,published_after_gate_recheck,20.855265203863382,4.913527052849531,1.0
1000,predicate,continuous,179,89.5,1,published_after_gate_recheck,17.378120683133602,4.570583812892437,1.0
1000,predicate,continuous,180,90.0,1,published_after_gate_recheck,20.92737890779972,4.575402941554785,1.0
1000,predicate,discrete,181,90.5,1,published_after_gate_recheck,18.02878174930811,4.324010573327541,1.0
1000,global,continuous,182,91.0,1,published_after_gate_recheck,20.913613960146904,4.858223721385002,1.0
1000,readset,continuous,183,91.5,1,published_after_gate_recheck,19.088429864495993,4.673939198255539,1.0
1000,global,discrete,184,92.0,1,published_after_gate_recheck,21.201154217123985,4.632190335541964,1.0
1000,global,discrete,185,92.501,1,published_after_gate_recheck,17.48903002589941,4.277344793081284,1.0
1000,global,discrete,186,93.0,1,published_after_gate_recheck,18.176869954913855,4.3672532774508,1.0
1000,predicate,discrete,187,93.5,1,published_after_gate_recheck,17.82841607928276,4.6362681314349174,1.0
1000,global,discrete,188,94.0,1,published_after_gate_recheck,19.035120029002428,3.8210181519389153,1.0
1000,readset,continuous,189,94.5,1,published_after_gate_recheck,17.042170744389296,4.178047645837069,1.0
1000,readset,discrete,190,95.0,1,published_after_gate_recheck,22.829788736999035,4.531341139227152,1.0
1000,global,discrete,191,95.5,1,published_after_gate_recheck,18.685653805732727,4.9657258205115795,1.0
1000,global,discrete,192,96.0,1,published_after_gate_recheck,22.41360768675804,4.8453002236783504,1.0
1000,predicate,discrete,193,96.5,1,published_after_gate_recheck,16.70208340510726,4.4211940839886665,1.0
1000,predicate,discrete,194,97.0,1,published_after_gate_recheck,19.76229390129447,4.953221883624792,1.0
1000,readset,continuous,195,97.5,1,published_after_gate_recheck,18.2759459130466,4.809903912246227,1.0
1000,predicate,continuous,196,98.0,1,published_after_gate_recheck,21.00380416959524,4.948864225298166,1.0
1000,global,discrete,197,98.5,1,published_after_gate_recheck,22.116050124168396,5.663043819367886,1.0
1000,global,continuous,198,99.0,1,published_after_gate_recheck,20.246963016688824,4.386920016258955,1.0
1000,global,discrete,199,99.5,1,published_after_gate_recheck,19.56486376002431,4.500322043895721,1.0
1000,global,continuous,200,100.0,1,published_after_gate_recheck,18.97670002654195,4.108036868274212,1.0
1000,predicate,continuous,201,100.5,1,published_after_gate_recheck,19.896014593541622,4.290299024432898,1.0
1000,global,discrete,202,101.0,1,published_after_gate_recheck,19.29103024303913,4.1982559487223625,1.0
1000,readset,continuous,203,101.5,1,published_after_gate_recheck,19.827445968985558,4.740353208035231,1.0
1000,readset,continuous,204,102.003,1,published_after_gate_recheck,24.316116701811552,5.309640895575285,1.0
1000,readset,continuous,205,102.5,1,published_after_gate_recheck,17.38585578277707,4.611069802194834,1.0
1000,global,discrete,206,103.0,1,published_after_gate_recheck,21.192347165197134,4.922664724290371,1.0
1000,predicate,discrete,207,103.5,1,published_after_gate_recheck,22.317527793347836,4.82263695448637,1.0
1000,predicate,continuous,208,104.0,1,published_after_gate_recheck,20.260639023035765,4.6307179145514965,1.0
1000,global,continuous,209,104.5,1,published_after_gate_recheck,18.137435894459486,4.389253910630941,1.0
1000,predicate,continuous,210,105.0,1,published_after_gate_recheck,20.381665788590908,4.793061874806881,1.0
1000,readset,continuous,211,105.5,1,published_after_gate_recheck,18.129650969058275,5.096401087939739,1.0
1000,global,discrete,212,106.0,1,published_after_gate_recheck,20.192781928926706,4.123365972191095,1.0
1000,predicate,continuous,213,106.5,1,published_after_gate_recheck,19.57698678597808,4.923386033624411,1.0
1000,predicate,continuous,214,107.0,1,published_after_gate_recheck,19.588297232985497,4.619706887751818,1.0
1000,readset,discrete,215,107.5,1,published_after_gate_recheck,16.123157925903797,3.8957693614065647,1.0
1000,readset,discrete,216,108.0,1,published_after_gate_recheck,20.349175203591585,4.767945036292076,1.0
1000,global,continuous,217,108.5,1,published_after_gate_recheck,19.823608919978142,4.997734911739826,1.0
1000,predicate,discrete,218,109.0,1,published_after_gate_recheck,21.66213933378458,4.847023170441389,1.0
1000,global,discrete,219,109.5,1,published_after_gate_recheck,21.73592709004879,5.336351227015257,1.0
1000,global,discrete,220,110.0,1,published_after_gate_recheck,21.979774348437786,4.571735858917236,1.0
1000,predicate,discrete,221,110.5,1,published_after_gate_recheck,18.377526197582483,5.184375680983067,1.0
1000,readset,continuous,222,111.0,1,published_after_gate_recheck,19.58741620182991,4.333139397203922,1.0
1000,predicate,discrete,223,111.5,1,published_after_gate_recheck,17.386377323418856,4.822276998311281,1.0
1000,readset,continuous,224,112.0,0,read_set_version_changed_at_gate,18.248803913593292,5.551694892346859,1.0
1000,readset,continuous,225,112.5,1,published_after_gate_recheck,18.09946494176984,4.779336042702198,1.0
1000,predicate,discrete,226,113.0,1,published_after_gate_recheck,21.341436076909304,5.048251245170832,1.0
1000,readset,continuous,227,113.5,1,published_after_gate_recheck,16.755693592131138,4.370108246803284,1.0
1000,readset,discrete,228,114.0,1,published_after_gate_recheck,18.484367057681084,4.106604028493166,1.0
1000,global,continuous,229,114.5,1,published_after_gate_recheck,18.042366951704025,4.555285908281803,1.0
1000,readset,discrete,230,115.0,1,published_after_gate_recheck,21.056551951915026,4.716378170996904,1.0
1000,predicate,discrete,231,115.5,1,published_after_gate_recheck,18.20539403706789,4.701490048319101,1.0
1000,global,discrete,232,116.0,1,published_after_gate_recheck,19.233972765505314,4.262146074324846,1.0
1000,readset,discrete,233,116.5,1,published_after_gate_recheck,19.9843212030828,4.275680985301733,1.0
1000,predicate,continuous,234,117.0,1,published_after_gate_recheck,18.63383688032627,4.508187063038349,1.0
1000,readset,discrete,235,117.5,1,published_after_gate_recheck,19.01015266776085,6.016105879098177,1.0
1000,readset,continuous,236,118.0,1,published_after_gate_recheck,19.894391763955355,4.560125060379505,1.0
1000,predicate,continuous,237,118.5,1,published_after_gate_recheck,18.41022865846753,4.807319026440382,1.0
1000,readset,discrete,238,119.0,1,published_after_gate_recheck,19.822759088128805,4.3658907525241375,1.0
1000,readset,discrete,239,119.5,1,published_after_gate_recheck,17.410072963684797,4.283917136490345,1.0
1000,readset,discrete,240,120.0,1,published_after_gate_recheck,21.644366905093193,4.218714777380228,1.0
1000,predicate,discrete,241,120.5,1,published_after_gate_recheck,21.814805921167135,4.6247863210737705,1.0
1000,predicate,continuous,242,121.0,1,published_after_gate_recheck,19.93458904325962,4.755121190100908,1.0
1000,readset,continuous,243,121.5,1,published_after_gate_recheck,18.70644511654973,5.3915949538350105,1.0
1000,predicate,continuous,244,122.0,1,published_after_gate_recheck,20.37284104153514,4.623062908649445,1.0
1000,readset,continuous,245,122.5,1,published_after_gate_recheck,18.340177834033966,4.662988241761923,1.0
1000,predicate,continuous,246,123.0,1,published_after_gate_recheck,20.524857100099325,4.4737327843904495,1.0
1000,readset,continuous,247,123.5,1,published_after_gate_recheck,17.317949794232845,4.7396523877978325,1.0
1000,global,continuous,248,124.0,1,published_after_gate_recheck,20.950143691152334,4.777862690389156,1.0
1000,global,continuous,249,124.501,1,published_after_gate_recheck,19.642942119389772,4.897948820143938,1.0
1000,global,discrete,250,125.0,1,published_after_gate_recheck,20.475252997130156,4.713853821158409,1.0
1000,readset,continuous,251,125.5,1,published_after_gate_recheck,17.690759152173996,4.665752872824669,1.0
1000,readset,continuous,252,126.0,1,published_after_gate_recheck,19.984052050858736,4.716748837381601,1.0
1000,global,continuous,253,126.5,1,published_after_gate_recheck,17.24720699712634,3.969868179410696,1.0
1000,readset,continuous,254,127.0,1,published_after_gate_recheck,19.509891979396343,4.2813122272491455,1.0
1000,predicate,continuous,255,127.5,1,published_after_gate_recheck,18.62344890832901,4.879745189100504,1.0
1000,predicate,discrete,256,128.0,1,published_after_gate_recheck,21.17274235934019,4.637609701603651,1.0
1000,predicate,discrete,257,128.5,1,published_after_gate_recheck,16.489966306835413,4.4904351234436035,1.0
1000,readset,discrete,258,129.0,1,published_after_gate_recheck,23.032500874251127,7.467740215361118,1.0
1000,predicate,discrete,259,129.5,1,published_after_gate_recheck,17.379394732415676,4.7380090691149235,1.0
1000,readset,continuous,260,130.001,1,published_after_gate_recheck,19.141801167279482,5.003637168556452,1.0
1000,predicate,continuous,261,130.5,1,published_after_gate_recheck,17.535937950015068,4.352706018835306,1.0
1000,readset,continuous,262,131.0,1,published_after_gate_recheck,20.777700003236532,5.126819014549255,1.0
1000,global,continuous,263,131.5,1,published_after_gate_recheck,18.367509823292494,4.553392995148897,1.0
1000,predicate,discrete,264,132.0,1,published_after_gate_recheck,21.925292909145355,4.941870924085379,1.0
1000,readset,discrete,265,132.5,1,published_after_gate_recheck,20.243949256837368,5.511649884283543,1.0
1000,readset,continuous,266,133.001,1,published_after_gate_recheck,20.136456936597824,4.8493980430066586,1.0
1000,global,discrete,267,133.5,1,published_after_gate_recheck,18.69406085461378,4.354388918727636,1.0
1000,global,discrete,268,134.0,1,published_after_gate_recheck,18.62356998026371,4.371099639683962,1.0
1000,predicate,continuous,269,134.5,1,published_after_gate_recheck,18.794890958815813,4.63853171095252,1.0
1000,predicate,discrete,270,135.0,1,published_after_gate_recheck,21.429223008453846,4.801217000931501,1.0
1000,predicate,continuous,271,135.5,1,published_after_gate_recheck,20.614013075828552,5.131427198648453,1.0
1000,global,continuous,272,136.0,1,published_after_gate_recheck,21.431847009807825,5.230823997408152,1.0
1000,predicate,continuous,273,136.5,1,published_after_gate_recheck,18.650258891284466,4.875837825238705,1.0
1000,readset,discrete,274,137.0,1,published_after_gate_recheck,20.80707624554634,4.217010922729969,1.0
1000,predicate,continuous,275,137.5,1,published_after_gate_recheck,18.642675131559372,5.251813214272261,1.0
1000,global,continuous,276,138.0,1,published_after_gate_recheck,17.539045307785273,4.246517084538937,1.0
1000,global,continuous,277,138.5,1,published_after_gate_recheck,17.370098270475864,4.734751768410206,1.0
1000,readset,continuous,278,139.0,1,published_after_gate_recheck,20.473359152674675,4.331756848841906,1.0
1000,readset,continuous,279,139.5,1,published_after_gate_recheck,16.688388772308826,4.336035344749689,1.0
1000,predicate,continuous,280,140.0,1,published_after_gate_recheck,22.37627888098359,5.279735196381807,1.0
1000,readset,continuous,281,140.5,1,published_after_gate_recheck,21.98953414335847,4.785057157278061,1.0
1000,predicate,discrete,282,141.0,1,published_after_gate_recheck,20.541117060929537,4.263097885996103,1.0
1000,predicate,continuous,283,141.5,1,published_after_gate_recheck,17.436082009226084,4.418910015374422,1.0
1000,predicate,continuous,284,142.0,1,published_after_gate_recheck,21.677028387784958,5.3978366777300835,1.0
1000,global,continuous,285,142.5,1,published_after_gate_recheck,21.64055034518242,5.411854013800621,1.0
1000,predicate,discrete,286,143.0,1,published_after_gate_recheck,20.862779580056667,5.125436000525951,1.0
1000,readset,discrete,287,143.5,1,published_after_gate_recheck,15.628750901669264,4.106313921511173,1.0
1000,readset,discrete,288,144.0,1,published_after_gate_recheck,21.31751272827387,4.712510854005814,1.0
1000,predicate,discrete,289,144.5,1,published_after_gate_recheck,16.565758734941483,4.1763451881706715,1.0
1000,readset,discrete,290,145.0,1,published_after_gate_recheck,19.962762016803026,4.83192503452301,1.0
1000,readset,continuous,291,145.5,1,published_after_gate_recheck,18.391092773526907,5.1981620490550995,1.0
1000,global,continuous,292,146.0,1,published_after_gate_recheck,29.26689712330699,5.751670803874731,1.0
1000,predicate,discrete,293,146.5,1,published_after_gate_recheck,26.73187106847763,7.566855754703283,1.0
1000,global,discrete,294,147.0,1,published_after_gate_recheck,19.607174675911665,4.8347110860049725,1.0
1000,readset,continuous,295,147.5,1,published_after_gate_recheck,19.207084085792303,4.85036987811327,1.0
1000,global,discrete,296,148.0,1,published_after_gate_recheck,20.381417125463486,4.89420210942626,1.0
1000,predicate,discrete,297,148.5,1,published_after_gate_recheck,22.60488783940673,7.544174324721098,1.0
1000,readset,continuous,298,149.0,1,published_after_gate_recheck,20.472087897360325,4.543493967503309,1.0
1000,predicate,continuous,299,149.5,1,published_after_gate_recheck,17.79239997267723,4.303132649511099,1.0
1000,readset,continuous,300,150.0,1,published_after_gate_recheck,19.88873304799199,4.518507048487663,1.0
1000,global,discrete,301,150.5,1,published_after_gate_recheck,17.826474271714687,4.670001100748777,1.0
1000,predicate,discrete,302,151.0,1,published_after_gate_recheck,21.307413931936026,4.803812131285667,1.0
1000,global,discrete,303,151.5,1,published_after_gate_recheck,20.40706481784582,4.660132806748152,1.0
1000,global,continuous,304,152.0,1,published_after_gate_recheck,20.001274067908525,4.704676102846861,1.0
1000,readset,discrete,305,152.501,1,published_after_gate_recheck,18.877234775573015,5.2122389897704124,1.0
1000,predicate,discrete,306,153.0,1,published_after_gate_recheck,19.198487047106028,4.301951266825199,1.0
1000,predicate,discrete,307,153.5,1,published_after_gate_recheck,19.85726412385702,5.028323736041784,1.0
1000,global,continuous,308,154.0,1,published_after_gate_recheck,19.82082612812519,3.9306944236159325,1.0
1000,global,discrete,309,154.5,1,published_after_gate_recheck,17.062780912965536,4.129126667976379,1.0
1000,readset,discrete,310,155.0,1,published_after_gate_recheck,22.06137916073203,4.870417062193155,1.0
1000,readset,continuous,311,155.5,1,published_after_gate_recheck,17.01133418828249,4.169020801782608,1.0
1000,predicate,continuous,312,156.0,1,published_after_gate_recheck,20.90113190934062,4.937112797051668,1.0
1000,predicate,continuous,313,156.5,1,published_after_gate_recheck,18.543990328907967,4.885606002062559,1.0
1000,global,discrete,314,157.0,1,published_after_gate_recheck,18.572884146124125,4.193807952105999,1.0
1000,predicate,discrete,315,157.5,1,published_after_gate_recheck,17.485573887825012,4.402088932693005,1.0
1000,global,discrete,316,158.0,1,published_after_gate_recheck,22.896635811775923,5.5050780065357685,1.0
1000,predicate,discrete,317,158.5,1,published_after_gate_recheck,20.284024998545647,5.4186261259019375,1.0
1000,predicate,continuous,318,159.0,1,published_after_gate_recheck,21.238254383206367,4.71931416541338,1.0
1000,predicate,continuous,319,159.5,1,published_after_gate_recheck,19.722480792552233,5.131626967340708,1.0
1000,global,discrete,320,160.0,1,published_after_gate_recheck,19.675001967698336,4.3837642297148705,1.0
1000,global,discrete,321,160.5,1,published_after_gate_recheck,17.800475005060434,4.820222966372967,1.0
1000,readset,discrete,322,161.0,1,published_after_gate_recheck,18.237715121358633,4.424269776791334,1.0
1000,readset,discrete,323,161.5,1,published_after_gate_recheck,18.48113164305687,4.790737759321928,1.0
1000,predicate,continuous,324,162.0,1,published_after_gate_recheck,19.36801616102457,4.4289990328252316,1.0
1000,predicate,continuous,325,162.5,1,published_after_gate_recheck,17.48596504330635,4.29146084934473,1.0
1000,global,continuous,326,163.0,1,published_after_gate_recheck,23.581311106681824,4.0958640165627,1.0
1000,global,discrete,327,163.5,1,published_after_gate_recheck,18.68591597303748,4.668638110160828,1.0
1000,readset,continuous,328,164.0,1,published_after_gate_recheck,18.984315916895866,4.456129856407642,1.0
1000,predicate,continuous,329,164.5,1,published_after_gate_recheck,17.83223496749997,4.435221198946238,1.0
1000,predicate,discrete,330,165.0,1,published_after_gate_recheck,19.9703061953187,4.607925191521645,1.0
1000,global,discrete,331,165.5,1,published_after_gate_recheck,18.27147789299488,4.648090340197086,1.0
1000,predicate,continuous,332,166.0,1,published_after_gate_recheck,18.799117766320705,4.3468959629535675,1.0
1000,predicate,discrete,333,166.5,1,published_after_gate_recheck,17.761601600795984,4.412417765706778,1.0
1000,readset,continuous,334,167.001,1,published_after_gate_recheck,24.46759305894375,4.648951813578606,1.0
1000,global,continuous,335,167.5,1,published_after_gate_recheck,17.946297768503428,4.334982950240374,1.0
1000,global,continuous,336,168.0,1,published_after_gate_recheck,20.621929317712784,4.8630028031766415,1.0
1000,predicate,continuous,337,168.5,1,published_after_gate_recheck,17.589008435606956,4.605851136147976,1.0
1000,readset,continuous,338,169.0,1,published_after_gate_recheck,22.32785802334547,5.162384826689959,1.0
1000,readset,continuous,339,169.5,1,published_after_gate_recheck,17.29850424453616,4.32750815525651,1.0
1000,predicate,continuous,340,170.0,1,published_after_gate_recheck,18.598963040858507,4.464386031031609,1.0
1000,predicate,continuous,341,170.5,1,published_after_gate_recheck,17.757283989340067,4.907616879791021,1.0
1000,predicate,discrete,342,171.0,1,published_after_gate_recheck,21.34660817682743,5.402004346251488,1.0
1000,global,discrete,343,171.5,1,published_after_gate_recheck,19.823932088911533,5.0278217531740665,1.0
1000,global,continuous,344,172.0,1,published_after_gate_recheck,20.35005809739232,4.575514234602451,1.0
1000,readset,discrete,345,172.5,1,published_after_gate_recheck,17.399924341589212,4.388103261590004,1.0
1000,readset,discrete,346,173.0,1,published_after_gate_recheck,19.221592228859663,4.657789133489132,1.0
1000,predicate,discrete,347,173.5,1,published_after_gate_recheck,18.61615478992462,4.768697079271078,1.0
1000,global,continuous,348,174.0,1,published_after_gate_recheck,20.330321975052357,4.351123236119747,1.0
1000,readset,discrete,349,174.5,1,published_after_gate_recheck,17.899731174111366,4.974762909114361,1.0
1000,readset,continuous,350,175.0,1,published_after_gate_recheck,20.432553254067898,4.70469705760479,1.0
1000,readset,continuous,351,175.5,1,published_after_gate_recheck,18.064971081912518,4.733990877866745,1.0
1000,predicate,continuous,352,176.0,1,published_after_gate_recheck,20.399862434715033,4.480456002056599,1.0
1000,readset,discrete,353,176.5,1,published_after_gate_recheck,18.687658943235874,4.511744249612093,1.0
1000,readset,continuous,354,177.0,1,published_after_gate_recheck,19.923938903957605,4.562209360301495,1.0
1000,predicate,continuous,355,177.5,1,published_after_gate_recheck,18.126836977899075,4.4037518091499805,1.0
1000,readset,continuous,356,178.0,1,published_after_gate_recheck,20.889580715447664,4.881618078798056,1.0
1000,readset,discrete,357,178.5,1,published_after_gate_recheck,18.233156763017178,4.415243864059448,1.0
1000,readset,continuous,358,179.0,1,published_after_gate_recheck,19.26768710836768,4.321838263422251,1.0
1000,predicate,discrete,359,179.5,1,published_after_gate_recheck,17.0157328248024,4.242268856614828,1.0
1000,global,continuous,360,180.0,1,published_after_gate_recheck,23.501561023294926,4.859066102653742,1.0
1000,predicate,continuous,361,180.5,1,published_after_gate_recheck,18.109525088220835,4.90835914388299,1.0
1000,readset,continuous,362,181.0,1,published_after_gate_recheck,20.47404134646058,4.73764818161726,1.0
1000,readset,discrete,363,181.5,1,published_after_gate_recheck,18.740268889814615,4.724664147943258,1.0
1000,predicate,discrete,364,182.0,1,published_after_gate_recheck,19.013832323253155,4.283655900508165,1.0
1000,predicate,discrete,365,182.5,1,published_after_gate_recheck,20.61253087595105,6.291564088314772,1.0
1000,predicate,discrete,366,183.0,1,published_after_gate_recheck,20.09233506396413,4.843417089432478,1.0
1000,readset,continuous,367,183.5,1,published_after_gate_recheck,17.895954195410013,5.123022012412548,1.0
1000,global,continuous,368,184.0,1,published_after_gate_recheck,21.673821844160557,5.1323287189006805,1.0
1000,predicate,discrete,369,184.5,1,published_after_gate_recheck,19.268880132585764,5.211187060922384,1.0
1000,predicate,continuous,370,185.0,1,published_after_gate_recheck,20.170812029391527,4.856770858168602,1.0
1000,predicate,continuous,371,185.5,1,published_after_gate_recheck,18.353292252868414,4.8101539723575115,1.0
1000,predicate,continuous,372,186.001,1,published_after_gate_recheck,21.88293496146798,4.92611201480031,1.0
1000,global,continuous,373,186.5,1,published_after_gate_recheck,18.253234215080738,4.513817839324474,1.0
1000,readset,continuous,374,187.0,1,published_after_gate_recheck,20.382138900458813,4.44148201495409,1.0
1000,readset,continuous,375,187.5,1,published_after_gate_recheck,17.638280987739563,4.608266055583954,1.0
1000,predicate,discrete,376,188.0,1,published_after_gate_recheck,19.216571003198624,4.995843395590782,1.0
1000,global,continuous,377,188.5,1,published_after_gate_recheck,19.76929884403944,5.131807643920183,1.0
1000,global,continuous,378,189.0,1,published_after_gate_recheck,19.947092980146408,4.037305247038603,1.0
1000,global,discrete,379,189.5,1,published_after_gate_recheck,17.522763926535845,4.716508090496063,1.0
1000,predicate,discrete,380,190.0,1,published_after_gate_recheck,19.82622593641281,4.180764313787222,1.0
1000,predicate,continuous,381,190.5,1,published_after_gate_recheck,17.930788919329643,4.48618596419692,1.0
1000,readset,continuous,382,191.0,1,published_after_gate_recheck,19.86816432327032,4.654562100768089,1.0
1000,predicate,continuous,383,191.5,1,published_after_gate_recheck,19.54019907861948,5.045925732702017,1.0
1000,predicate,continuous,384,192.0,1,published_after_gate_recheck,20.454163197427988,4.5271641574800014,1.0
1000,global,discrete,385,192.5,1,published_after_gate_recheck,17.21330313012004,4.2524179443717,1.0
1000,global,continuous,386,193.0,1,published_after_gate_recheck,20.481714978814125,4.8059262335300446,1.0
1000,predicate,continuous,387,193.5,1,published_after_gate_recheck,18.346981145441532,4.4975983910262585,1.0
1000,readset,discrete,388,194.0,1,published_after_gate_recheck,21.255516912788153,4.736886825412512,1.0
1000,global,continuous,389,194.5,1,published_after_gate_recheck,17.485043965280056,4.28345613181591,1.0
1000,predicate,continuous,390,195.0,1,published_after_gate_recheck,24.688276927918196,4.424471408128738,1.0
1000,global,continuous,391,195.5,1,published_after_gate_recheck,17.89777772501111,4.511834122240543,1.0
1000,readset,continuous,392,196.0,1,published_after_gate_recheck,19.784007221460342,4.540298134088516,1.0
1000,global,discrete,393,196.5,1,published_after_gate_recheck,23.737323004752398,6.088392809033394,1.0
1000,global,discrete,394,197.001,1,published_after_gate_recheck,21.30102226510644,5.2789137698709965,1.0
1000,readset,discrete,395,197.5,1,published_after_gate_recheck,20.516591146588326,5.387466866523027,1.0
1000,global,continuous,396,198.0,1,published_after_gate_recheck,19.79922503232956,4.278607200831175,1.0
1000,readset,discrete,397,198.5,1,published_after_gate_recheck,18.160872161388397,5.047027952969074,1.0
1000,global,discrete,398,199.0,1,published_after_gate_recheck,19.286583177745342,4.532462917268276,1.0
1000,readset,continuous,399,199.5,1,published_after_gate_recheck,18.914404790848494,5.008145701140165,1.0
1000,readset,continuous,400,200.0,1,published_after_gate_recheck,19.20374808833003,4.1050417348742485,1.0
1000,readset,discrete,401,200.5,1,published_after_gate_recheck,18.66416586562991,4.531341139227152,1.0
1000,global,discrete,402,201.0,1,published_after_gate_recheck,19.655183888971806,4.407247994095087,1.0
1000,readset,discrete,403,201.5,1,published_after_gate_recheck,17.918786965310574,4.693265073001385,1.0
1000,global,discrete,404,202.001,1,published_after_gate_recheck,21.633496042340994,4.771932028234005,1.0
1000,global,continuous,405,202.5,1,published_after_gate_recheck,23.346009198576212,4.712531343102455,1.0
1000,readset,continuous,406,203.0,1,published_after_gate_recheck,21.07816468924284,4.463743884116411,1.0
1000,predicate,continuous,407,203.5,1,published_after_gate_recheck,21.567412186414003,5.983524955809116,1.0
1000,global,discrete,408,204.001,1,published_after_gate_recheck,19.121704157441854,4.461589735001326,1.0
1000,readset,continuous,409,204.5,1,published_after_gate_recheck,16.03442197665572,4.181884694844484,1.0
1000,predicate,discrete,410,205.0,1,published_after_gate_recheck,21.844351198524237,4.89066494628787,1.0
1000,readset,continuous,411,205.5,1,published_after_gate_recheck,16.91659726202488,4.500563256442547,1.0
1000,global,discrete,412,206.0,1,published_after_gate_recheck,20.523924846202135,4.475906956940889,1.0
1000,readset,discrete,413,206.5,1,published_after_gate_recheck,20.10597102344036,4.797569941729307,1.0
1000,readset,discrete,414,207.0,1,published_after_gate_recheck,19.407209008932114,4.661655984818935,1.0
1000,global,discrete,415,207.5,1,published_after_gate_recheck,18.9765109680593,4.694897681474686,1.0
1000,predicate,discrete,416,208.0,1,published_after_gate_recheck,19.17003421112895,4.133103881031275,1.0
1000,readset,discrete,417,208.5,1,published_after_gate_recheck,19.558172672986984,5.285385996103287,1.0
1000,readset,continuous,418,209.0,1,published_after_gate_recheck,20.287740975618362,4.846061114221811,1.0
1000,global,continuous,419,209.5,1,published_after_gate_recheck,19.131872802972794,4.7176312655210495,1.0
1000,readset,discrete,420,210.0,1,published_after_gate_recheck,20.574830006808043,4.7690169885754585,1.0
1000,readset,continuous,421,210.5,1,published_after_gate_recheck,16.404726076871157,4.2433710768818855,1.0
1000,readset,discrete,422,211.0,1,published_after_gate_recheck,26.693900115787983,8.634999860078096,1.0
1000,global,continuous,423,211.5,1,published_after_gate_recheck,16.458687372505665,4.281512927263975,1.0
1000,readset,discrete,424,212.0,1,published_after_gate_recheck,18.940082751214504,4.939276725053787,1.0
1000,readset,continuous,425,212.504,1,published_after_gate_recheck,18.85035401210189,5.2878400310873985,1.0
1000,global,continuous,426,213.0,1,published_after_gate_recheck,19.89944279193878,4.534175619482994,1.0
1000,predicate,continuous,427,213.5,1,published_after_gate_recheck,17.81571377068758,4.4588446617126465,1.0
1000,readset,continuous,428,214.0,1,published_after_gate_recheck,19.821786787360907,4.568271338939667,1.0
1000,global,discrete,429,214.5,1,published_after_gate_recheck,18.142627086490393,4.966387990862131,1.0
1000,global,discrete,430,215.0,1,published_after_gate_recheck,20.172615069895983,4.894021898508072,1.0
1000,global,continuous,431,215.5,1,published_after_gate_recheck,16.641479916870594,4.1857631877064705,1.0
1000,readset,discrete,432,216.0,1,published_after_gate_recheck,18.866444937884808,4.713763017207384,1.0
1000,global,continuous,433,216.5,1,published_after_gate_recheck,18.025898840278387,4.844078328460455,1.0
1000,readset,discrete,434,217.0,1,published_after_gate_recheck,19.300970248878002,4.691201262176037,1.0
1000,global,discrete,435,217.5,1,published_after_gate_recheck,16.932708211243153,4.600841086357832,1.0
1000,predicate,continuous,436,218.0,1,published_after_gate_recheck,18.95097317174077,4.533825907856226,1.0
1000,predicate,discrete,437,218.5,1,published_after_gate_recheck,18.271589186042547,4.721969366073608,1.0
1000,readset,continuous,438,219.0,1,published_after_gate_recheck,19.638403318822384,4.852433688938618,1.0
1000,global,continuous,439,219.5,1,published_after_gate_recheck,20.524336025118828,4.996113013476133,1.0
1000,predicate,discrete,440,220.0,1,published_after_gate_recheck,20.8029979839921,4.661776125431061,1.0
1000,predicate,discrete,441,220.5,1,published_after_gate_recheck,18.653054255992174,5.158558022230864,1.0
1000,global,discrete,442,221.0,1,published_after_gate_recheck,20.979660097509623,4.642318934202194,1.0
1000,predicate,discrete,443,221.5,1,published_after_gate_recheck,18.768301233649254,4.732559435069561,1.0
1000,readset,discrete,444,222.0,1,published_after_gate_recheck,20.172154996544123,4.243722185492516,1.0
1000,predicate,discrete,445,222.5,1,published_after_gate_recheck,18.20865087211132,4.880726803094149,1.0
1000,global,continuous,446,223.0,1,published_after_gate_recheck,19.276233855634928,4.371511284261942,1.0
1000,global,discrete,447,223.5,1,published_after_gate_recheck,17.039537895470858,4.692003130912781,1.0
1000,readset,discrete,448,224.0,1,published_after_gate_recheck,19.993650261312723,5.103114061057568,1.0
1000,global,continuous,449,224.5,1,published_after_gate_recheck,17.63358199968934,4.554083105176687,1.0
1000,readset,discrete,450,225.0,1,published_after_gate_recheck,21.502660121768713,4.164824262261391,1.0
1000,readset,discrete,451,225.5,1,published_after_gate_recheck,20.82485891878605,4.581174813210964,1.0
1000,readset,discrete,452,226.0,1,published_after_gate_recheck,19.43751610815525,4.652378149330616,1.0
1000,predicate,discrete,453,226.5,1,published_after_gate_recheck,17.247037030756474,4.711058922111988,1.0
1000,predicate,continuous,454,227.0,1,published_after_gate_recheck,24.233833886682987,5.437129642814398,1.0
1000,predicate,discrete,455,227.5,1,published_after_gate_recheck,18.333425279706717,4.9507878720760345,1.0
1000,global,discrete,456,228.0,1,published_after_gate_recheck,20.494909957051277,4.718070849776268,1.0
1000,global,continuous,457,228.5,1,published_after_gate_recheck,16.72865403816104,4.587556701153517,1.0
1000,readset,discrete,458,229.0,1,published_after_gate_recheck,19.849408883601427,4.578188993036747,1.0
1000,predicate,continuous,459,229.5,1,published_after_gate_recheck,18.350907135754824,4.6626972034573555,1.0
1000,predicate,continuous,460,230.0,1,published_after_gate_recheck,22.866098675876856,5.335719790309668,1.0
1000,readset,discrete,461,230.5,1,published_after_gate_recheck,16.947415191680193,4.221058916300535,1.0
1000,predicate,continuous,462,231.001,1,published_after_gate_recheck,27.060247026383877,8.269202895462513,1.0
1000,predicate,discrete,463,231.5,1,published_after_gate_recheck,17.352795228362083,4.454297013580799,1.0
1000,predicate,continuous,464,232.0,1,published_after_gate_recheck,19.808432087302208,4.305818118155003,1.0
1000,global,discrete,465,232.5,1,published_after_gate_recheck,19.193327985703945,5.128432065248489,1.0
1000,readset,continuous,466,233.0,1,published_after_gate_recheck,22.043655160814524,4.799304064363241,1.0
1000,readset,discrete,467,233.5,1,published_after_gate_recheck,19.115511793643236,4.647590219974518,1.0
1000,global,discrete,468,234.0,1,published_after_gate_recheck,20.179378800094128,5.119483917951584,1.0
1000,global,continuous,469,234.5,1,published_after_gate_recheck,18.31032196059823,4.741335287690163,1.0
1000,predicate,continuous,470,235.0,1,published_after_gate_recheck,20.200817845761776,4.306348972022533,1.0
1000,global,discrete,471,235.5,1,published_after_gate_recheck,19.34425113722682,4.9647740088403225,1.0
1000,global,continuous,472,236.0,1,published_after_gate_recheck,19.55846417695284,4.659641999751329,1.0
1000,readset,discrete,473,236.5,1,published_after_gate_recheck,18.088726326823235,4.4961851090192795,1.0
1000,predicate,discrete,474,237.0,1,published_after_gate_recheck,19.445741083472967,4.198586102575064,1.0
1000,predicate,continuous,475,237.5,1,published_after_gate_recheck,17.669979948550463,4.762704949826002,1.0
1000,readset,continuous,476,238.0,1,published_after_gate_recheck,18.941987305879593,4.326095804572105,1.0
1000,readset,discrete,477,238.5,1,published_after_gate_recheck,15.785715077072382,4.1787289083004,1.0
1000,global,continuous,478,239.0,1,published_after_gate_recheck,19.99953994527459,4.678386729210615,1.0
1000,readset,continuous,479,239.5,1,published_after_gate_recheck,17.823637928813696,4.601622931659222,1.0
1000,global,discrete,480,240.0,1,published_after_gate_recheck,19.448987673968077,4.676142707467079,1.0
1000,global,discrete,481,240.5,1,published_after_gate_recheck,17.36551895737648,4.298192914575338,1.0
1000,predicate,discrete,482,241.0,1,published_after_gate_recheck,18.311723601073027,4.200450144708157,1.0
1000,global,continuous,483,241.5,1,published_after_gate_recheck,20.79988270998001,8.079187013208866,1.0
1000,readset,discrete,484,242.0,1,published_after_gate_recheck,19.53916670754552,4.380317870527506,1.0
1000,readset,discrete,485,242.5,1,published_after_gate_recheck,17.367211636155844,4.365229979157448,1.0
1000,readset,continuous,486,243.0,1,published_after_gate_recheck,20.07680619135499,4.677354823797941,1.0
1000,predicate,discrete,487,243.5,1,published_after_gate_recheck,17.779585905373096,4.807979799807072,1.0
1000,predicate,continuous,488,244.0,1,published_after_gate_recheck,21.30472892895341,4.869065247476101,1.0
1000,readset,discrete,489,244.5,1,published_after_gate_recheck,16.988100949674845,4.556448198854923,1.0
1000,global,discrete,490,245.0,1,published_after_gate_recheck,18.17022869363427,4.582928027957678,1.0
1000,readset,discrete,491,245.5,1,published_after_gate_recheck,18.423615023493767,5.328366998583078,1.0
1000,global,continuous,492,246.0,1,published_after_gate_recheck,19.652870018035173,4.395006224513054,1.0
1000,global,continuous,493,246.5,1,published_after_gate_recheck,16.72386610880494,4.124107304960489,1.0
1000,global,discrete,494,247.0,1,published_after_gate_recheck,21.464498713612556,4.829840734601021,1.0
1000,readset,continuous,495,247.5,1,published_after_gate_recheck,19.152531400322914,4.436042159795761,1.0
1000,global,discrete,496,248.0,1,published_after_gate_recheck,21.936705335974693,4.889794159680605,1.0
1000,global,discrete,497,248.5,1,published_after_gate_recheck,17.75879692286253,4.8529538325965405,1.0
1000,predicate,discrete,498,249.0,1,published_after_gate_recheck,20.02200298011303,4.561698064208031,1.0
1000,predicate,continuous,499,249.5,1,published_after_gate_recheck,18.620022106915712,4.996012896299362,1.0
1000,readset,discrete,500,250.0,1,published_after_gate_recheck,21.321930922567844,4.947662819176912,1.0
1000,predicate,continuous,501,250.5,1,published_after_gate_recheck,18.62672483548522,5.101201124489307,1.0
1000,predicate,continuous,502,251.0,1,published_after_gate_recheck,20.27443563565612,4.643411375582218,1.0
1000,readset,discrete,503,251.5,1,published_after_gate_recheck,17.812407109886408,5.064420867711306,1.0
1000,global,discrete,504,252.0,1,published_after_gate_recheck,21.200583782047033,4.9680909141898155,1.0
1000,global,continuous,505,252.5,1,published_after_gate_recheck,19.308483693748713,4.980934783816338,1.0
1000,global,continuous,506,253.0,1,published_after_gate_recheck,19.089752808213234,4.270982928574085,1.0
1000,readset,continuous,507,253.5,1,published_after_gate_recheck,17.711949069052935,4.647077992558479,1.0
1000,readset,continuous,508,254.0,1,published_after_gate_recheck,19.408512394875288,4.402459133416414,1.0
1000,predicate,discrete,509,254.5,1,published_after_gate_recheck,16.655636951327324,4.14998596534133,1.0
1000,global,discrete,510,255.0,1,published_after_gate_recheck,19.554395228624344,4.481748212128878,1.0
1000,predicate,discrete,511,255.5,1,published_after_gate_recheck,16.18250971660018,3.834524191915989,1.0
1000,global,discrete,512,256.0,1,published_after_gate_recheck,19.839991815388203,4.404974170029163,1.0
1000,global,continuous,513,256.5,1,published_after_gate_recheck,20.165652967989445,5.256462376564741,1.0
1000,global,discrete,514,257.0,1,published_after_gate_recheck,19.6563471108675,4.70036780461669,1.0
1000,predicate,discrete,515,257.5,1,published_after_gate_recheck,18.340617883950472,4.818540066480637,1.0
1000,global,discrete,516,258.0,1,published_after_gate_recheck,19.127063918858767,4.598686937242746,1.0
1000,readset,discrete,517,258.5,1,published_after_gate_recheck,17.73149473592639,4.240014590322971,1.0
1000,global,continuous,518,259.0,1,published_after_gate_recheck,21.053908858448267,5.035016220062971,1.0
1000,global,discrete,519,259.5,1,published_after_gate_recheck,17.64255901798606,4.7302539460361,1.0
1000,global,continuous,520,260.0,1,published_after_gate_recheck,19.829201977699995,4.382982850074768,1.0
1000,predicate,continuous,521,260.5,1,published_after_gate_recheck,18.769984133541584,4.938635043799877,1.0
1000,readset,discrete,522,261.0,1,published_after_gate_recheck,18.91361316666007,4.561217036098242,1.0
1000,global,discrete,523,261.5,1,published_after_gate_recheck,20.195147953927517,5.107402335852385,1.0
1000,predicate,continuous,524,262.0,1,published_after_gate_recheck,21.321489941328764,5.495409946888685,1.0
1000,predicate,discrete,525,262.5,1,published_after_gate_recheck,19.374778028577566,4.724232945591211,1.0
1000,readset,continuous,526,263.0,1,published_after_gate_recheck,20.489769987761974,4.485785029828548,1.0
1000,predicate,discrete,527,263.5,1,published_after_gate_recheck,18.314730376005173,4.899992607533932,1.0
1000,global,discrete,528,264.0,1,published_after_gate_recheck,22.929186932742596,4.859927110373974,1.0
1000,global,discrete,529,264.5,1,published_after_gate_recheck,17.62650813907385,5.042129196226597,1.0
1000,readset,continuous,530,265.0,1,published_after_gate_recheck,18.721562810242176,4.4847032986581326,1.0
1000,predicate,discrete,531,265.5,1,published_after_gate_recheck,20.49021190032363,4.9322741106152534,1.0
1000,readset,discrete,532,266.0,1,published_after_gate_recheck,19.910573959350586,4.9772681668400764,1.0
1000,global,continuous,533,266.5,1,published_after_gate_recheck,17.5470900721848,4.574962891638279,1.0
1000,global,discrete,534,267.0,1,published_after_gate_recheck,22.29050872847438,6.713685113936663,1.0
1000,predicate,continuous,535,267.5,1,published_after_gate_recheck,19.637211225926876,4.970825277268887,1.0
1000,global,discrete,536,268.0,1,published_after_gate_recheck,24.174713995307684,7.4118347838521,1.0
1000,predicate,discrete,537,268.5,1,published_after_gate_recheck,20.101410802453756,5.445897113531828,1.0
1000,global,continuous,538,269.0,1,published_after_gate_recheck,23.449293337762356,4.849387798458338,1.0
1000,predicate,discrete,539,269.5,1,published_after_gate_recheck,18.984647002071142,4.898230079561472,1.0
1000,global,discrete,540,270.0,1,published_after_gate_recheck,20.37709904834628,4.57506300881505,1.0
1000,predicate,continuous,541,270.501,1,published_after_gate_recheck,19.61269462481141,4.82545280829072,1.0
1000,predicate,discrete,542,271.0,1,published_after_gate_recheck,20.23830870166421,5.32072177156806,1.0
1000,global,discrete,543,271.5,1,published_after_gate_recheck,20.98222402855754,5.2960459142923355,1.0
1000,predicate,discrete,544,272.0,1,published_after_gate_recheck,19.389656838029623,4.390687681734562,1.0
1000,global,continuous,545,272.5,1,published_after_gate_recheck,18.64089211449027,5.034976173192263,1.0
1000,global,discrete,546,273.0,1,published_after_gate_recheck,19.399745389819145,4.757245071232319,1.0
1000,predicate,discrete,547,273.5,1,published_after_gate_recheck,20.52276162430644,5.6356629356741905,1.0
1000,predicate,discrete,548,274.0,1,published_after_gate_recheck,20.244719926267862,4.971076268702745,1.0
1000,readset,continuous,549,274.5,1,published_after_gate_recheck,23.720651865005493,4.923547152429819,1.0
1000,readset,continuous,550,275.0,1,published_after_gate_recheck,20.647676195949316,4.524298012256622,1.0
1000,readset,continuous,551,275.5,1,published_after_gate_recheck,17.74386875331402,4.569742828607559,1.0
1000,global,continuous,552,276.0,1,published_after_gate_recheck,20.18016017973423,4.965977277606726,1.0
1000,predicate,continuous,553,276.5,1,published_after_gate_recheck,21.408955100923777,7.832705043256283,1.0
1000,readset,discrete,554,277.0,1,published_after_gate_recheck,18.79699481651187,4.545176867395639,1.0
1000,readset,continuous,555,277.5,1,published_after_gate_recheck,18.503523897379637,4.893790930509567,1.0
1000,predicate,continuous,556,278.0,1,published_after_gate_recheck,20.50629211589694,4.835141822695732,1.0
1000,global,discrete,557,278.5,1,published_after_gate_recheck,17.418469302356243,4.626709967851639,1.0
1000,global,discrete,558,279.0,1,published_after_gate_recheck,20.615285728126764,4.805626347661018,1.0
1000,readset,discrete,559,279.5,1,published_after_gate_recheck,19.611802883446217,5.638477858155966,1.0
1000,global,discrete,560,280.0,1,published_after_gate_recheck,19.294547848403454,4.350891802459955,1.0
1000,readset,continuous,561,280.5,1,published_after_gate_recheck,18.206296022981405,4.720326047390699,1.0
1000,global,continuous,562,281.0,1,published_after_gate_recheck,18.549060449004173,4.190081264823675,1.0
1000,predicate,continuous,563,281.5,1,published_after_gate_recheck,17.400294076651335,4.563240800052881,1.0
1000,predicate,discrete,564,282.0,1,published_after_gate_recheck,19.980214070528746,4.764388781040907,1.0
1000,predicate,continuous,565,282.5,1,published_after_gate_recheck,17.316116020083427,4.3865591287612915,1.0
1000,readset,continuous,566,283.0,1,published_after_gate_recheck,18.966833129525185,4.309223964810371,1.0
1000,global,discrete,567,283.5,1,published_after_gate_recheck,18.113953061401844,4.443095996975899,1.0
1000,predicate,discrete,568,284.0,1,published_after_gate_recheck,19.706521183252335,4.668397828936577,1.0
1000,readset,discrete,569,284.5,1,published_after_gate_recheck,17.60764280334115,4.837334621697664,1.0
1000,predicate,continuous,570,285.0,1,published_after_gate_recheck,19.017507787793875,4.47983480989933,1.0
1000,predicate,continuous,571,285.5,1,published_after_gate_recheck,17.588638234883547,4.357204772531986,1.0
1000,readset,discrete,572,286.0,1,published_after_gate_recheck,20.86239866912365,5.1077320240437984,1.0
1000,predicate,continuous,573,286.5,1,published_after_gate_recheck,17.02421810477972,4.367424175143242,1.0
1000,predicate,discrete,574,287.0,1,published_after_gate_recheck,18.844093196094036,3.946193028241396,1.0
1000,predicate,discrete,575,287.5,1,published_after_gate_recheck,17.422577366232872,4.5654247514903545,1.0
1000,global,discrete,576,288.0,1,published_after_gate_recheck,19.940068945288658,4.765850957483053,1.0
1000,global,continuous,577,288.5,1,published_after_gate_recheck,18.245610874146223,4.617913160473108,1.0
1000,global,discrete,578,289.0,1,published_after_gate_recheck,20.132901147007942,4.883581772446632,1.0
1000,readset,discrete,579,289.5,1,published_after_gate_recheck,17.15817116200924,4.54120896756649,1.0
1000,readset,discrete,580,290.0,1,published_after_gate_recheck,19.086418207734823,4.2703719809651375,1.0
1000,global,discrete,581,290.5,1,published_after_gate_recheck,19.41594621166587,4.882108885794878,1.0
1000,readset,continuous,582,291.001,1,published_after_gate_recheck,19.56920325756073,5.523383151739836,1.0
1000,global,continuous,583,291.5,1,published_after_gate_recheck,19.170966930687428,5.186629947274923,1.0
1000,readset,continuous,584,292.0,1,published_after_gate_recheck,19.824552349746227,4.7095660120248795,1.0
1000,readset,continuous,585,292.5,1,published_after_gate_recheck,17.42968987673521,4.346514120697975,1.0
1000,readset,continuous,586,293.0,1,published_after_gate_recheck,20.129274111241102,4.337237682193518,1.0
1000,global,discrete,587,293.5,1,published_after_gate_recheck,18.05161638185382,4.8713888972997665,1.0
1000,readset,discrete,588,294.0,1,published_after_gate_recheck,19.258840940892696,4.36209375038743,1.0
1000,readset,discrete,589,294.503,1,published_after_gate_recheck,18.82115099579096,4.963802173733711,1.0
1000,readset,discrete,590,295.0,1,published_after_gate_recheck,20.732956938445568,5.164389032870531,1.0
1000,predicate,discrete,591,295.5,1,published_after_gate_recheck,19.87057877704501,4.802299197763205,1.0
1000,global,discrete,592,296.0,1,published_after_gate_recheck,20.620084833353758,4.853606224060059,1.0
1000,predicate,discrete,593,296.5,1,published_after_gate_recheck,17.933323979377747,4.892759025096893,1.0
1000,readset,discrete,594,297.0,1,published_after_gate_recheck,19.937624223530293,4.638212267309427,1.0
1000,predicate,discrete,595,297.5,1,published_after_gate_recheck,17.941138707101345,4.4142622500658035,1.0
1000,readset,discrete,596,298.0,1,published_after_gate_recheck,19.23955511301756,4.462340846657753,1.0
1000,predicate,discrete,597,298.5,1,published_after_gate_recheck,23.247253615409136,5.068940110504627,1.0
1000,predicate,discrete,598,299.0,1,published_after_gate_recheck,24.485937785357237,4.47585666552186,1.0
1000,readset,continuous,599,299.5,1,published_after_gate_recheck,19.122314639389515,4.953943658620119,1.0
100,predicate,discrete,0,0.001,1,published_after_gate_recheck,17.299475148320198,4.729642998427153,10.0
100,predicate,discrete,1,0.5,1,published_after_gate_recheck,20.59633983299136,4.902777727693319,10.0
100,readset,discrete,2,1.0,1,published_after_gate_recheck,20.91167215257883,4.530739970505238,10.0
100,global,discrete,3,1.5,1,published_after_gate_recheck,20.479009952396154,4.839509259909391,10.0
100,predicate,continuous,4,2.0,1,published_after_gate_recheck,20.44202107936144,4.676904994994402,10.0
100,predicate,continuous,5,2.5,1,published_after_gate_recheck,19.52648302540183,4.765821620821953,10.0
100,global,continuous,6,3.0,1,published_after_gate_recheck,21.32592909038067,5.141344852745533,10.0
100,readset,discrete,7,3.5,1,published_after_gate_recheck,19.97906295582652,4.39994502812624,10.0
100,predicate,continuous,8,4.0,1,published_after_gate_recheck,18.034643959254026,4.55380417406559,10.0
100,predicate,continuous,9,4.5,1,published_after_gate_recheck,20.125847775489092,4.919598810374737,10.0
100,predicate,continuous,10,5.0,1,published_after_gate_recheck,18.703419249504805,4.381308797746897,10.0
100,readset,continuous,11,5.5,1,published_after_gate_recheck,19.028909970074892,4.564983770251274,10.0
100,readset,continuous,12,6.0,1,published_after_gate_recheck,20.179899875074625,4.4575221836566925,10.0
100,readset,discrete,13,6.5,1,published_after_gate_recheck,19.52934917062521,4.802730865776539,10.0
100,predicate,continuous,14,7.0,1,published_after_gate_recheck,19.187377765774727,4.801447968930006,10.0
100,global,discrete,15,7.5,1,published_after_gate_recheck,18.663153052330017,4.5098308473825455,10.0
100,readset,discrete,16,8.0,1,published_after_gate_recheck,23.007012903690338,5.162825807929039,10.0
100,readset,continuous,17,8.5,1,published_after_gate_recheck,19.916635937988758,4.785618279129267,10.0
100,readset,continuous,18,9.0,1,published_after_gate_recheck,19.154945854097605,4.551418125629425,10.0
100,predicate,continuous,19,9.5,1,published_after_gate_recheck,18.889647908508778,4.681854043155909,10.0
100,readset,discrete,20,10.0,1,published_after_gate_recheck,20.81426978111267,4.481537267565727,10.0
100,predicate,continuous,21,10.5,1,published_after_gate_recheck,20.973979029804468,4.949276335537434,10.0
100,readset,discrete,22,11.0,1,published_after_gate_recheck,20.266321022063494,4.905653186142445,10.0
100,global,continuous,23,11.5,1,published_after_gate_recheck,19.62465699762106,4.489542916417122,10.0
100,global,continuous,24,12.0,1,published_after_gate_recheck,18.588954117149115,4.791729152202606,10.0
100,predicate,discrete,25,12.5,1,published_after_gate_recheck,18.55568215250969,4.421105142682791,10.0
100,predicate,discrete,26,13.0,1,published_after_gate_recheck,18.127158284187317,4.154563881456852,10.0
100,predicate,continuous,27,13.5,1,published_after_gate_recheck,18.348032142966986,4.240074194967747,10.0
100,global,continuous,28,14.0,1,published_after_gate_recheck,20.13214910402894,4.4922069646418095,10.0
100,global,discrete,29,14.5,1,published_after_gate_recheck,19.251137040555477,4.085274878889322,10.0
100,readset,discrete,30,15.0,1,published_after_gate_recheck,18.66533700376749,4.3586972169578075,10.0
100,readset,discrete,31,15.5,1,published_after_gate_recheck,19.119940232485533,4.297662992030382,10.0
100,readset,continuous,32,16.0,1,published_after_gate_recheck,18.97047972306609,4.4615911319851875,10.0
100,global,discrete,33,16.5,1,published_after_gate_recheck,20.202542189508677,5.147998221218586,10.0
100,readset,discrete,34,17.0,1,published_after_gate_recheck,19.283536821603775,5.040365736931562,10.0
100,readset,discrete,35,17.5,1,published_after_gate_recheck,20.27819398790598,4.206281155347824,10.0
100,global,discrete,36,18.0,1,published_after_gate_recheck,21.730878856033087,5.324419122189283,10.0
100,readset,discrete,37,18.5,1,published_after_gate_recheck,19.141289871186018,4.016335122287273,10.0
100,predicate,discrete,38,19.0,1,published_after_gate_recheck,20.24174528196454,4.611610900610685,10.0
100,global,discrete,39,19.5,1,published_after_gate_recheck,19.750694278627634,4.627701826393604,10.0
100,predicate,continuous,40,20.0,1,published_after_gate_recheck,19.377814140170813,4.548933822661638,10.0
100,predicate,discrete,41,20.5,1,published_after_gate_recheck,17.605850007385015,3.627836238592863,10.0
100,predicate,discrete,42,21.0,1,published_after_gate_recheck,20.997283048927784,4.098189063370228,10.0
100,predicate,discrete,43,21.5,1,published_after_gate_recheck,18.650690093636513,4.178699105978012,10.0
100,readset,discrete,44,22.0,1,published_after_gate_recheck,22.246547043323517,5.240131169557571,10.0
100,readset,discrete,45,22.5,1,published_after_gate_recheck,19.90495389327407,5.059352144598961,10.0
100,readset,discrete,46,23.0,1,published_after_gate_recheck,19.359720405191183,4.431344103068113,10.0
100,readset,discrete,47,23.5,1,published_after_gate_recheck,19.574773963540792,4.10798704251647,10.0
100,global,discrete,48,24.001,1,published_after_gate_recheck,18.987150862812996,4.590201657265425,10.0
100,readset,continuous,49,24.5,1,published_after_gate_recheck,18.97091092541814,4.6087573282420635,10.0
100,global,continuous,50,25.0,1,published_after_gate_recheck,20.38823999464512,5.427572876214981,10.0
100,predicate,discrete,51,25.5,1,published_after_gate_recheck,19.46252305060625,4.310416057705879,10.0
100,readset,discrete,52,26.0,1,published_after_gate_recheck,19.937013275921345,5.030227359384298,10.0
100,predicate,continuous,53,26.5,1,published_after_gate_recheck,19.677215721458197,4.808932077139616,10.0
100,predicate,continuous,54,27.0,1,published_after_gate_recheck,20.041509065777063,4.716909024864435,10.0
100,predicate,continuous,55,27.5,1,published_after_gate_recheck,21.161059848964214,5.097213201224804,10.0
100,predicate,discrete,56,28.0,1,published_after_gate_recheck,20.45559696853161,4.674740135669708,10.0
100,global,continuous,57,28.5,1,published_after_gate_recheck,20.810070913285017,4.877651110291481,10.0
100,predicate,discrete,58,29.0,1,published_after_gate_recheck,19.57389200106263,4.379184916615486,10.0
100,predicate,discrete,59,29.5,1,published_after_gate_recheck,21.365784108638763,4.399414174258709,10.0
100,predicate,continuous,60,30.0,1,published_after_gate_recheck,28.23855821043253,5.390223115682602,10.0
100,predicate,discrete,61,30.5,1,published_after_gate_recheck,17.382770776748657,4.273818340152502,10.0
100,global,continuous,62,31.0,1,published_after_gate_recheck,19.084563944488764,4.637380130589008,10.0
100,predicate,discrete,63,31.5,1,published_after_gate_recheck,18.878567032516003,4.810976330190897,10.0
100,readset,discrete,64,32.0,1,published_after_gate_recheck,19.11963988095522,4.50147595256567,10.0
100,global,continuous,65,32.5,1,published_after_gate_recheck,20.160982850939035,4.642440006136894,10.0
100,predicate,discrete,66,33.0,1,published_after_gate_recheck,18.5829633846879,4.325154237449169,10.0
100,global,discrete,67,33.5,1,published_after_gate_recheck,22.758958395570517,6.936112884432077,10.0
100,global,discrete,68,34.0,1,published_after_gate_recheck,17.576363869011402,4.602464847266674,10.0
100,global,continuous,69,34.5,1,published_after_gate_recheck,19.08016623929143,4.425301682204008,10.0
100,global,continuous,70,35.0,1,published_after_gate_recheck,18.885651137679815,4.317259881645441,10.0
100,predicate,discrete,71,35.5,1,published_after_gate_recheck,22.653929889202118,4.607834853231907,10.0
100,predicate,discrete,72,36.0,1,published_after_gate_recheck,19.09781899303198,4.618133883923292,10.0
100,readset,discrete,73,36.5,1,published_after_gate_recheck,21.65734115988016,4.670913331210613,10.0
100,predicate,continuous,74,37.0,1,published_after_gate_recheck,19.78812413290143,4.213475156575441,10.0
100,global,continuous,75,37.5,1,published_after_gate_recheck,21.20627462863922,4.978389013558626,10.0
100,predicate,discrete,76,38.0,1,published_after_gate_recheck,20.864143036305904,4.463283810764551,10.0
100,readset,continuous,77,38.5,1,published_after_gate_recheck,24.615952279418707,5.383980926126242,10.0
100,readset,discrete,78,39.0,1,published_after_gate_recheck,19.10291938111186,4.695469047874212,10.0
100,global,discrete,79,39.5,1,published_after_gate_recheck,22.008830215781927,4.725004080682993,10.0
100,readset,discrete,80,40.0,1,published_after_gate_recheck,20.043373107910156,5.2824500016868114,10.0
100,global,discrete,81,40.5,1,published_after_gate_recheck,19.95910471305251,4.5868149027228355,10.0
100,predicate,continuous,82,41.0,1,published_after_gate_recheck,19.99907987192273,4.784216172993183,10.0
100,global,discrete,83,41.5,1,published_after_gate_recheck,24.88040830940008,5.459944251924753,10.0
100,predicate,discrete,84,42.0,1,published_after_gate_recheck,19.15665902197361,4.714715760201216,10.0
100,global,continuous,85,42.5,1,published_after_gate_recheck,18.778169061988592,4.367384128272533,10.0
100,readset,continuous,86,43.0,1,published_after_gate_recheck,18.73668096959591,4.502247087657452,10.0
100,global,continuous,87,43.5,1,published_after_gate_recheck,22.61231280863285,4.1800932958722115,10.0
100,global,continuous,88,44.0,1,published_after_gate_recheck,17.685890197753906,4.454497247934341,10.0
100,global,continuous,89,44.5,1,published_after_gate_recheck,20.216908771544695,4.7775632701814175,10.0
100,global,discrete,90,45.0,1,published_after_gate_recheck,21.32446737959981,4.966326989233494,10.0
100,readset,discrete,91,45.5,1,published_after_gate_recheck,17.884483095258474,4.460378084331751,10.0
100,predicate,discrete,92,46.0,1,published_after_gate_recheck,19.44625284522772,4.562379792332649,10.0
100,readset,discrete,93,46.5,1,published_after_gate_recheck,19.842136185616255,4.353758413344622,10.0
100,predicate,continuous,94,47.0,1,published_after_gate_recheck,19.20848712325096,4.560455679893494,10.0
100,predicate,discrete,95,47.5,1,published_after_gate_recheck,19.47222137823701,4.844117909669876,10.0
100,global,continuous,96,48.0,1,published_after_gate_recheck,17.43875676766038,4.247698932886124,10.0
100,global,discrete,97,48.5,1,published_after_gate_recheck,19.097588025033474,4.281382076442242,10.0
100,global,continuous,98,49.0,1,published_after_gate_recheck,19.756013993173838,4.618153907358646,10.0
100,readset,continuous,99,49.5,1,published_after_gate_recheck,20.24394879117608,5.217267666012049,10.0
100,predicate,continuous,100,50.0,1,published_after_gate_recheck,20.17944911494851,4.698505159467459,10.0
100,readset,discrete,101,50.5,1,published_after_gate_recheck,20.041069015860558,4.561828915029764,10.0
100,predicate,continuous,102,51.0,1,published_after_gate_recheck,19.390437752008438,4.897658247500658,10.0
100,global,continuous,103,51.5,1,published_after_gate_recheck,17.81581388786435,3.856044262647629,10.0
100,readset,continuous,104,52.0,1,published_after_gate_recheck,18.024866934865713,4.982718266546726,10.0
100,global,continuous,105,52.5,1,published_after_gate_recheck,19.462933763861656,4.813010338693857,10.0
100,readset,continuous,106,53.0,1,published_after_gate_recheck,18.928881734609604,4.150326829403639,10.0
100,global,discrete,107,53.5,1,published_after_gate_recheck,23.198322393000126,4.828498233109713,10.0
100,readset,discrete,108,54.0,1,published_after_gate_recheck,18.988744355738163,4.355111159384251,10.0
100,predicate,continuous,109,54.5,1,published_after_gate_recheck,20.292700733989477,4.550647921860218,10.0
100,predicate,discrete,110,55.0,1,published_after_gate_recheck,18.78960058093071,4.966817796230316,10.0
100,readset,discrete,111,55.5,1,published_after_gate_recheck,19.069775938987732,4.6720849350094795,10.0
100,predicate,discrete,112,56.0,1,published_after_gate_recheck,24.7890567407012,4.88211028277874,10.0
100,readset,discrete,113,56.501,1,published_after_gate_recheck,17.672354821115732,4.317729733884335,10.0
100,predicate,continuous,114,57.0,1,published_after_gate_recheck,18.94133584573865,4.898951388895512,10.0
100,global,discrete,115,57.5,1,published_after_gate_recheck,19.82953166589141,4.789956845343113,10.0
100,predicate,continuous,116,58.0,1,published_after_gate_recheck,21.018472034484148,5.022112280130386,10.0
100,predicate,discrete,117,58.5,1,published_after_gate_recheck,19.98111605644226,4.991563968360424,10.0
100,global,continuous,118,59.0,1,published_after_gate_recheck,24.117194581776857,4.349329974502325,10.0
100,global,discrete,119,59.5,1,published_after_gate_recheck,20.554882939904928,4.708193242549896,10.0
100,readset,discrete,120,60.0,1,published_after_gate_recheck,20.6256159581244,4.93010925129056,10.0
100,readset,continuous,121,60.5,1,published_after_gate_recheck,20.637257024645805,4.3258750811219215,10.0
100,global,discrete,122,61.0,1,published_after_gate_recheck,19.679080229252577,4.847753793001175,10.0
100,predicate,discrete,123,61.5,1,published_after_gate_recheck,18.11446389183402,4.690761212259531,10.0
100,readset,continuous,124,62.0,1,published_after_gate_recheck,20.105098839849234,4.515801556408405,10.0
100,global,discrete,125,62.5,1,published_after_gate_recheck,19.794796127825975,4.343057982623577,10.0
100,predicate,continuous,126,63.0,1,published_after_gate_recheck,19.390949048101902,4.429059103131294,10.0
100,global,discrete,127,63.5,1,published_after_gate_recheck,20.063881762325764,4.5598647557199,10.0
100,predicate,discrete,128,64.0,1,published_after_gate_recheck,18.93749786540866,4.109519999474287,10.0
100,readset,discrete,129,64.5,1,published_after_gate_recheck,20.664058160036802,4.712410736829042,10.0
100,predicate,continuous,130,65.0,1,published_after_gate_recheck,19.47734085842967,4.582426976412535,10.0
100,readset,discrete,131,65.5,1,published_after_gate_recheck,19.547733012586832,4.550356883555651,10.0
100,readset,discrete,132,66.0,1,published_after_gate_recheck,22.011446300894022,4.64308075606823,10.0
100,predicate,discrete,133,66.5,1,published_after_gate_recheck,21.171779837459326,4.823048133403063,10.0
100,global,continuous,134,67.0,1,published_after_gate_recheck,18.806924112141132,4.8592472448945045,10.0
100,global,discrete,135,67.5,1,published_after_gate_recheck,19.865720067173243,4.501285031437874,10.0
100,readset,discrete,136,68.0,1,published_after_gate_recheck,19.837296102195978,4.554925952106714,10.0
100,global,discrete,137,68.5,1,published_after_gate_recheck,19.768196623772383,4.364657681435347,10.0
100,global,discrete,138,69.0,1,published_after_gate_recheck,19.209378864616156,5.10790292173624,10.0
100,readset,continuous,139,69.5,1,published_after_gate_recheck,20.846239291131496,4.651797004044056,10.0
100,predicate,discrete,140,70.0,1,published_after_gate_recheck,22.18712493777275,5.343794822692871,10.0
100,global,discrete,141,70.501,1,published_after_gate_recheck,21.74691902473569,5.503325257450342,10.0
100,global,discrete,142,71.0,1,published_after_gate_recheck,21.19869040325284,4.591664299368858,10.0
100,predicate,discrete,143,71.5,1,published_after_gate_recheck,24.169323965907097,4.945739172399044,10.0
100,readset,discrete,144,72.0,1,published_after_gate_recheck,21.28933137282729,5.066525656729937,10.0
100,global,continuous,145,72.5,1,published_after_gate_recheck,19.639514852315187,4.363236017525196,10.0
100,readset,discrete,146,73.0,1,published_after_gate_recheck,18.798768054693937,4.46527823805809,10.0
100,predicate,discrete,147,73.5,1,published_after_gate_recheck,19.74018383771181,4.3487283401191235,10.0
100,predicate,continuous,148,74.0,1,published_after_gate_recheck,22.354599088430405,5.138298962265253,10.0
100,predicate,discrete,149,74.5,1,published_after_gate_recheck,18.39813683182001,4.632261116057634,10.0
100,readset,discrete,150,75.0,1,published_after_gate_recheck,18.44829088076949,4.512165207415819,10.0
100,predicate,continuous,151,75.501,1,published_after_gate_recheck,20.349586848169565,4.6172430738806725,10.0
100,global,discrete,152,76.0,1,published_after_gate_recheck,18.208018969744444,4.4115157797932625,10.0
100,readset,continuous,153,76.5,1,published_after_gate_recheck,22.158550564199686,4.985413048416376,10.0
100,global,continuous,154,77.0,1,published_after_gate_recheck,17.536188941448927,3.588633146136999,10.0
100,readset,continuous,155,77.5,1,published_after_gate_recheck,19.69029987230897,4.590191878378391,10.0
100,global,discrete,156,78.0,1,published_after_gate_recheck,19.711981061846018,4.5139379799366,10.0
100,global,continuous,157,78.5,1,published_after_gate_recheck,19.111785106360912,4.315605852752924,10.0
100,predicate,continuous,158,79.0,1,published_after_gate_recheck,19.160175696015358,4.684749059379101,10.0
100,global,discrete,159,79.5,1,published_after_gate_recheck,19.103769678622484,4.368424881249666,10.0
100,predicate,discrete,160,80.0,1,published_after_gate_recheck,20.06438234820962,4.359920043498278,10.0
100,readset,discrete,161,80.5,1,published_after_gate_recheck,19.23813298344612,4.631068091839552,10.0
100,readset,discrete,162,81.0,1,published_after_gate_recheck,21.954729221761227,4.844107665121555,10.0
100,readset,continuous,163,81.5,1,published_after_gate_recheck,20.457981154322624,4.569563083350658,10.0
100,global,discrete,164,82.0,1,published_after_gate_recheck,18.555842339992523,4.100853577256203,10.0
100,global,discrete,165,82.501,1,published_after_gate_recheck,19.395036157220602,4.915682133287191,10.0
100,readset,discrete,166,83.001,1,published_after_gate_recheck,18.151402939110994,4.754779860377312,10.0
100,readset,continuous,167,83.5,1,published_after_gate_recheck,19.634155090898275,4.449828062206507,10.0
100,readset,discrete,168,84.0,1,published_after_gate_recheck,18.932429142296314,4.56748902797699,10.0
100,predicate,continuous,169,84.5,1,published_after_gate_recheck,29.402791988104582,5.572405178099871,10.0
100,predicate,continuous,170,85.0,1,published_after_gate_recheck,17.40080490708351,4.392661154270172,10.0
100,readset,discrete,171,85.5,1,published_after_gate_recheck,20.53692890331149,4.805616103112698,10.0
100,readset,discrete,172,86.0,1,published_after_gate_recheck,19.862583838403225,4.211721941828728,10.0
100,readset,continuous,173,86.5,1,published_after_gate_recheck,22.16025535017252,4.430301953107119,10.0
100,readset,discrete,174,87.0,1,published_after_gate_recheck,19.77975806221366,4.507757257670164,10.0
100,predicate,discrete,175,87.5,1,published_after_gate_recheck,21.285454276949167,5.942558869719505,10.0
100,global,discrete,176,88.0,1,published_after_gate_recheck,18.581329844892025,4.435741808265448,10.0
100,global,discrete,177,88.5,1,published_after_gate_recheck,20.844185259193182,5.2438280545175076,10.0
100,global,continuous,178,89.0,1,published_after_gate_recheck,19.370670896023512,4.453625064343214,10.0
100,global,continuous,179,89.5,1,published_after_gate_recheck,17.13505620136857,4.523877054452896,10.0
100,global,continuous,180,90.0,1,published_after_gate_recheck,20.68212116137147,4.708343185484409,10.0
100,predicate,continuous,181,90.5,1,published_after_gate_recheck,20.34090179949999,5.035997834056616,10.0
100,predicate,discrete,182,91.0,1,published_after_gate_recheck,24.958845227956772,5.040275864303112,10.0
100,global,continuous,183,91.5,1,published_after_gate_recheck,19.059297163039446,4.8908656463027,10.0
100,readset,continuous,184,92.0,1,published_after_gate_recheck,19.614288117736578,4.5747230760753155,10.0
100,global,discrete,185,92.5,1,published_after_gate_recheck,21.124871913343668,4.885836038738489,10.0
100,global,continuous,186,93.0,1,published_after_gate_recheck,19.3906188942492,4.622763022780418,10.0
100,global,continuous,187,93.5,1,published_after_gate_recheck,18.84183892980218,4.415303003042936,10.0
100,readset,continuous,188,94.0,1,published_after_gate_recheck,19.90735763683915,4.696561023592949,10.0
100,global,continuous,189,94.5,1,published_after_gate_recheck,21.634618751704693,5.013075191527605,10.0
100,global,continuous,190,95.0,1,published_after_gate_recheck,21.818063221871853,5.238298326730728,10.0
100,predicate,discrete,191,95.5,1,published_after_gate_recheck,20.142478868365288,4.528495948761702,10.0
100,global,discrete,192,96.0,1,published_after_gate_recheck,19.147682934999466,4.143923986703157,10.0
100,global,continuous,193,96.501,1,published_after_gate_recheck,19.61580105125904,4.718171898275614,10.0
100,predicate,continuous,194,97.0,1,published_after_gate_recheck,18.79103295505047,4.41743666306138,10.0
100,readset,continuous,195,97.5,1,published_after_gate_recheck,18.867236096411943,4.560115747153759,10.0
100,readset,discrete,196,98.0,1,published_after_gate_recheck,18.529682885855436,4.332157783210278,10.0
100,readset,continuous,197,98.5,1,published_after_gate_recheck,20.290707238018513,4.619607236236334,10.0
100,readset,discrete,198,99.0,1,published_after_gate_recheck,19.84946895390749,4.940447863191366,10.0
100,global,discrete,199,99.5,1,published_after_gate_recheck,20.785805769264698,4.544044844806194,10.0
100,readset,discrete,200,100.0,1,published_after_gate_recheck,19.259282387793064,4.809112288057804,10.0
100,readset,continuous,201,100.5,1,published_after_gate_recheck,18.798978999257088,4.425723105669022,10.0
100,global,discrete,202,101.0,1,published_after_gate_recheck,20.05843073129654,4.305105656385422,10.0
100,predicate,continuous,203,101.5,1,published_after_gate_recheck,19.305109046399593,4.3985918164253235,10.0
100,global,discrete,204,102.0,1,published_after_gate_recheck,19.935480784624815,4.544596187770367,10.0
100,global,continuous,205,102.5,1,published_after_gate_recheck,19.149266183376312,4.575103987008333,10.0
100,global,continuous,206,103.0,1,published_after_gate_recheck,19.466309808194637,4.657167010009289,10.0
100,predicate,continuous,207,103.5,1,published_after_gate_recheck,19.697123672813177,4.40548500046134,10.0
100,readset,discrete,208,104.0,1,published_after_gate_recheck,19.65869078412652,4.392941016703844,10.0
100,readset,discrete,209,104.5,1,published_after_gate_recheck,22.17605384066701,6.146651692688465,10.0
100,readset,continuous,210,105.0,1,published_after_gate_recheck,20.72072308510542,4.865488037467003,10.0
100,predicate,continuous,211,105.5,1,published_after_gate_recheck,19.475596956908703,4.652479197829962,10.0
100,readset,discrete,212,106.0,1,published_after_gate_recheck,19.638463854789734,5.134884268045425,10.0
100,global,continuous,213,106.5,1,published_after_gate_recheck,24.202735628932714,4.538885783404112,10.0
100,global,discrete,214,107.0,1,published_after_gate_recheck,18.696997314691544,4.05487697571516,10.0
100,global,continuous,215,107.5,1,published_after_gate_recheck,20.23356966674328,4.47170902043581,10.0
100,global,discrete,216,108.001,1,published_after_gate_recheck,19.868916366249323,5.738795734941959,10.0
100,predicate,discrete,217,108.5,1,published_after_gate_recheck,19.812529906630516,4.396116826683283,10.0
100,global,continuous,218,109.0,1,published_after_gate_recheck,19.24693863838911,4.742987919598818,10.0
100,global,continuous,219,109.5,1,published_after_gate_recheck,21.42814127728343,5.473228171467781,10.0
100,global,discrete,220,110.0,1,published_after_gate_recheck,19.989100750535727,4.341284744441509,10.0
100,readset,continuous,221,110.5,1,published_after_gate_recheck,21.238395012915134,4.773224703967571,10.0
100,global,continuous,222,111.0,1,published_after_gate_recheck,20.219362806528807,5.146404728293419,10.0
100,readset,continuous,223,111.5,1,published_after_gate_recheck,20.181322004646063,4.648270551115274,10.0
100,predicate,discrete,224,112.001,1,published_after_gate_recheck,17.074062023311853,4.117024131119251,10.0
100,global,discrete,225,112.5,1,published_after_gate_recheck,19.866551738232374,4.571225959807634,10.0
100,predicate,continuous,226,113.0,1,published_after_gate_recheck,22.494120988994837,6.853066850453615,10.0
100,readset,discrete,227,113.5,1,published_after_gate_recheck,19.34517314657569,4.963691812008619,10.0
100,predicate,discrete,228,114.0,1,published_after_gate_recheck,18.10033805668354,4.160875920206308,10.0
100,global,continuous,229,114.5,1,published_after_gate_recheck,21.067503839731216,5.366867873817682,10.0
100,global,discrete,230,115.0,1,published_after_gate_recheck,19.49956314638257,4.923757165670395,10.0
100,readset,discrete,231,115.5,1,published_after_gate_recheck,22.288596257567406,4.686802625656128,10.0
100,readset,discrete,232,116.0,1,published_after_gate_recheck,19.11686360836029,4.4782208278775215,10.0
100,readset,continuous,233,116.5,1,published_after_gate_recheck,20.455206278711557,4.43753506988287,10.0
100,global,continuous,234,117.0,1,published_after_gate_recheck,19.07025696709752,4.443346057087183,10.0
100,global,continuous,235,117.5,1,published_after_gate_recheck,19.89485416561365,4.86882496625185,10.0
100,readset,discrete,236,118.0,1,published_after_gate_recheck,18.98985682055354,4.459096118807793,10.0
100,predicate,continuous,237,118.5,1,published_after_gate_recheck,18.559338059276342,4.413801245391369,10.0
100,global,continuous,238,119.0,1,published_after_gate_recheck,22.447092924267054,4.763697274029255,10.0
100,predicate,discrete,239,119.5,1,published_after_gate_recheck,19.159344024956226,4.131060093641281,10.0
100,predicate,continuous,240,120.0,1,published_after_gate_recheck,18.998391926288605,4.224464762955904,10.0
100,global,continuous,241,120.5,1,published_after_gate_recheck,18.42926535755396,4.535067826509476,10.0
100,global,continuous,242,121.0,1,published_after_gate_recheck,19.28727515041828,5.032251123338938,10.0
100,predicate,continuous,243,121.5,1,published_after_gate_recheck,18.686227034777403,4.338178783655167,10.0
100,readset,discrete,244,122.0,1,published_after_gate_recheck,20.6106873229146,4.915732890367508,10.0
100,global,discrete,245,122.5,1,published_after_gate_recheck,18.54877918958664,4.631209187209606,10.0
100,predicate,discrete,246,123.0,1,published_after_gate_recheck,19.1295281983912,4.5361896045506,10.0
100,global,discrete,247,123.5,1,published_after_gate_recheck,19.199189264327288,4.637811332941055,10.0
100,global,continuous,248,124.0,1,published_after_gate_recheck,19.8650979436934,5.0149280577898026,10.0
100,global,continuous,249,124.5,1,published_after_gate_recheck,17.299995757639408,4.730836022645235,10.0
100,readset,continuous,250,125.0,1,published_after_gate_recheck,22.416205145418644,5.169529002159834,10.0
100,readset,discrete,251,125.5,1,published_after_gate_recheck,20.436651073396206,5.07772620767355,10.0
100,global,continuous,252,126.0,1,published_after_gate_recheck,19.153103232383728,3.843300975859165,10.0
100,predicate,continuous,253,126.5,1,published_after_gate_recheck,20.085472147911787,3.9763799868524075,10.0
100,global,discrete,254,127.002,1,published_after_gate_recheck,24.296171963214874,6.124570965766907,10.0
100,readset,continuous,255,127.5,1,published_after_gate_recheck,19.894163124263287,4.763467237353325,10.0
100,readset,continuous,256,128.0,1,published_after_gate_recheck,19.580154214054346,5.021761171519756,10.0
100,readset,discrete,257,128.5,1,published_after_gate_recheck,19.76457005366683,4.880255088210106,10.0
100,global,continuous,258,129.0,1,published_after_gate_recheck,18.65140115842223,4.128896165639162,10.0
100,global,continuous,259,129.5,1,published_after_gate_recheck,18.95451033487916,4.2769042775034904,10.0
100,readset,continuous,260,130.0,1,published_after_gate_recheck,19.772935193032026,4.647469148039818,10.0
100,global,continuous,261,130.5,1,published_after_gate_recheck,24.702984374016523,5.157776642590761,10.0
100,readset,discrete,262,131.0,1,published_after_gate_recheck,19.566597882658243,4.735585302114487,10.0
100,readset,discrete,263,131.5,1,published_after_gate_recheck,20.927321631461382,4.936070181429386,10.0
100,global,continuous,264,132.0,1,published_after_gate_recheck,18.852728884667158,4.470346961170435,10.0
100,readset,continuous,265,132.5,1,published_after_gate_recheck,17.094049602746964,3.9401818066835403,10.0
100,predicate,continuous,266,133.002,1,published_after_gate_recheck,18.124894239008427,5.281698890030384,10.0
100,readset,continuous,267,133.5,1,published_after_gate_recheck,18.678752705454826,4.69358591362834,10.0
100,predicate,discrete,268,134.0,1,published_after_gate_recheck,19.12756497040391,5.1735867746174335,10.0
100,predicate,discrete,269,134.5,1,published_after_gate_recheck,20.58814512565732,4.837525077164173,10.0
100,global,discrete,270,135.0,1,published_after_gate_recheck,19.099592231214046,4.511823877692223,10.0
100,readset,continuous,271,135.5,1,published_after_gate_recheck,19.254654180258512,4.28933696821332,10.0
100,predicate,continuous,272,136.0,1,published_after_gate_recheck,18.04529409855604,4.733180161565542,10.0
100,predicate,continuous,273,136.5,1,published_after_gate_recheck,18.272019922733307,4.024730995297432,10.0
100,predicate,continuous,274,137.0,1,published_after_gate_recheck,18.48115213215351,4.466659855097532,10.0
100,predicate,discrete,275,137.5,1,published_after_gate_recheck,18.339897971600294,4.100642632693052,10.0
100,global,discrete,276,138.0,1,published_after_gate_recheck,18.09622999280691,4.5358287170529366,10.0
100,global,discrete,277,138.5,1,published_after_gate_recheck,26.345977559685707,6.1238291673362255,10.0
100,global,discrete,278,139.0,1,published_after_gate_recheck,20.65708488225937,4.901166073977947,10.0
100,readset,continuous,279,139.5,1,published_after_gate_recheck,18.074378836899996,4.570535384118557,10.0
100,predicate,continuous,280,140.0,1,published_after_gate_recheck,20.849013701081276,4.634595010429621,10.0
100,global,discrete,281,140.5,1,published_after_gate_recheck,19.90125561133027,4.601232707500458,10.0
100,predicate,continuous,282,141.0,1,published_after_gate_recheck,19.32862214744091,4.313222132623196,10.0
100,readset,discrete,283,141.5,1,published_after_gate_recheck,20.232016686350107,4.46944497525692,10.0
100,global,discrete,284,142.0,1,published_after_gate_recheck,22.172417026013136,4.295749124139547,10.0
100,readset,continuous,285,142.5,1,published_after_gate_recheck,20.49093274399638,5.103304050862789,10.0
100,readset,continuous,286,143.0,1,published_after_gate_recheck,18.335278145968914,4.426654893904924,10.0
100,readset,discrete,287,143.5,1,published_after_gate_recheck,19.052573945373297,4.594580270349979,10.0
100,predicate,discrete,288,144.0,1,published_after_gate_recheck,17.889131791889668,4.19309688732028,10.0
100,readset,continuous,289,144.5,1,published_after_gate_recheck,19.982087891548872,4.981334786862135,10.0
100,readset,discrete,290,145.0,1,published_after_gate_recheck,20.063379779458046,4.910130985081196,10.0
100,readset,discrete,291,145.5,1,published_after_gate_recheck,18.686897587031126,4.416175186634064,10.0
100,predicate,continuous,292,146.0,1,published_after_gate_recheck,19.925440661609173,4.7061690129339695,10.0
100,predicate,continuous,293,146.5,1,published_after_gate_recheck,20.630093291401863,4.49285889044404,10.0
100,predicate,continuous,294,147.0,1,published_after_gate_recheck,19.07652895897627,4.652038216590881,10.0
100,global,discrete,295,147.5,1,published_after_gate_recheck,20.573386922478676,4.086537286639214,10.0
100,predicate,discrete,296,148.0,1,published_after_gate_recheck,21.216042805463076,4.562980029731989,10.0
100,predicate,continuous,297,148.5,1,published_after_gate_recheck,22.05900475382805,4.947101231664419,10.0
100,global,discrete,298,149.0,1,published_after_gate_recheck,20.236454904079437,5.409679375588894,10.0
100,global,discrete,299,149.5,1,published_after_gate_recheck,18.588422797620296,4.311949014663696,10.0
100,readset,continuous,300,150.0,1,published_after_gate_recheck,19.17790900915861,4.0545957162976265,10.0
100,readset,discrete,301,150.5,1,published_after_gate_recheck,20.011213142424822,5.008765961974859,10.0
100,readset,discrete,302,151.0,1,published_after_gate_recheck,19.867653027176857,4.568269941955805,10.0
100,global,discrete,303,151.5,1,published_after_gate_recheck,18.691295757889748,4.48586605489254,10.0
100,predicate,discrete,304,152.0,1,published_after_gate_recheck,19.64593678712845,4.9658361822366714,10.0
100,predicate,continuous,305,152.5,1,published_after_gate_recheck,18.272379878908396,4.5036692172288895,10.0
100,readset,discrete,306,153.0,1,published_after_gate_recheck,20.70225914940238,5.197640974074602,10.0
100,predicate,continuous,307,153.5,1,published_after_gate_recheck,18.80740374326706,4.110261797904968,10.0
100,global,discrete,308,154.001,1,published_after_gate_recheck,19.261535722762346,4.676052834838629,10.0
100,global,discrete,309,154.5,1,published_after_gate_recheck,20.25150414556265,4.729954060167074,10.0
100,readset,discrete,310,155.0,1,published_after_gate_recheck,19.311079289764166,4.265822935849428,10.0
100,predicate,continuous,311,155.5,1,published_after_gate_recheck,21.5177689678967,4.773966036736965,10.0
100,predicate,discrete,312,156.0,1,published_after_gate_recheck,19.64707998558879,4.9127573147416115,10.0
100,global,discrete,313,156.5,1,published_after_gate_recheck,20.836900919675827,4.891536198556423,10.0
100,global,discrete,314,157.0,1,published_after_gate_recheck,19.074155017733574,4.215408116579056,10.0
100,readset,continuous,315,157.5,1,published_after_gate_recheck,19.986264873296022,4.808050114661455,10.0
100,predicate,discrete,316,158.0,1,published_after_gate_recheck,19.440150819718838,4.951839800924063,10.0
100,global,discrete,317,158.5,1,published_after_gate_recheck,22.24711701273918,4.837295040488243,10.0
100,global,discrete,318,159.0,1,published_after_gate_recheck,20.216558128595352,4.438637290149927,10.0
100,predicate,continuous,319,159.5,1,published_after_gate_recheck,28.80424913018942,7.551397196948528,10.0
100,predicate,discrete,320,160.0,1,published_after_gate_recheck,19.388813991099596,4.072780720889568,10.0
100,readset,continuous,321,160.5,1,published_after_gate_recheck,20.05914319306612,4.432284738868475,10.0
100,predicate,continuous,322,161.0,1,published_after_gate_recheck,19.958583172410727,4.6592410653829575,10.0
100,readset,continuous,323,161.5,1,published_after_gate_recheck,20.541186910122633,4.610589239746332,10.0
100,predicate,discrete,324,162.0,1,published_after_gate_recheck,23.383229039609432,4.88964281976223,10.0
100,global,continuous,325,162.5,1,published_after_gate_recheck,20.484901033341885,4.757715854793787,10.0
100,predicate,continuous,326,163.0,1,published_after_gate_recheck,20.37660777568817,5.080129951238632,10.0
100,global,discrete,327,163.5,1,published_after_gate_recheck,19.08092712983489,4.126731771975756,10.0
100,global,continuous,328,164.0,1,published_after_gate_recheck,19.12113232538104,4.678636789321899,10.0
100,readset,continuous,329,164.5,1,published_after_gate_recheck,19.901847932487726,4.93832491338253,10.0
100,predicate,continuous,330,165.0,1,published_after_gate_recheck,19.617995247244835,4.739801865071058,10.0
100,readset,continuous,331,165.5,1,published_after_gate_recheck,21.02950308471918,4.609727766364813,10.0
100,global,discrete,332,166.0,1,published_after_gate_recheck,17.866868991404772,3.722753841429949,10.0
100,global,discrete,333,166.5,1,published_after_gate_recheck,22.650423925369978,5.027311854064465,10.0
100,global,discrete,334,167.0,1,published_after_gate_recheck,19.980726297944784,4.834829829633236,10.0
100,predicate,continuous,335,167.5,1,published_after_gate_recheck,17.595991026610136,4.742836579680443,10.0
100,readset,continuous,336,168.0,1,published_after_gate_recheck,18.73975805938244,4.093500319868326,10.0
100,predicate,continuous,337,168.5,1,published_after_gate_recheck,19.4452409632504,4.8182690516114235,10.0
100,readset,continuous,338,169.0,1,published_after_gate_recheck,20.46323986724019,4.883612040430307,10.0
100,readset,continuous,339,169.5,1,published_after_gate_recheck,18.957296386361122,4.391268361359835,10.0
100,readset,continuous,340,170.0,1,published_after_gate_recheck,19.501947332173586,4.657548386603594,10.0
100,predicate,discrete,341,170.5,1,published_after_gate_recheck,19.644964952021837,4.4475640170276165,10.0
100,predicate,continuous,342,171.0,1,published_after_gate_recheck,19.529828801751137,4.6106199733912945,10.0
100,predicate,continuous,343,171.5,1,published_after_gate_recheck,20.079229958355427,4.98180603608489,10.0
100,global,discrete,344,172.0,1,published_after_gate_recheck,20.74459893628955,5.037399940192699,10.0
100,predicate,discrete,345,172.5,1,published_after_gate_recheck,20.44886304065585,4.75667417049408,10.0
100,predicate,continuous,346,173.0,1,published_after_gate_recheck,18.86832807213068,4.459084942936897,10.0
100,global,discrete,347,173.5,1,published_after_gate_recheck,18.71436880901456,4.503518808633089,10.0
100,readset,continuous,348,174.001,1,published_after_gate_recheck,19.855210091918707,4.858455155044794,10.0
100,global,discrete,349,174.5,1,published_after_gate_recheck,18.395681865513325,4.430581815540791,10.0
100,global,continuous,350,175.0,1,published_after_gate_recheck,19.476498942822218,4.165845923125744,10.0
100,predicate,discrete,351,175.5,1,published_after_gate_recheck,19.238132052123547,4.899532068520784,10.0
100,readset,continuous,352,176.0,1,published_after_gate_recheck,19.9634931050241,5.011552013456821,10.0
100,predicate,continuous,353,176.5,1,published_after_gate_recheck,18.58878368511796,4.504191223531961,10.0
100,predicate,continuous,354,177.0,1,published_after_gate_recheck,18.645540345460176,4.028498195111752,10.0
100,readset,discrete,355,177.5,1,published_after_gate_recheck,23.954811971634626,5.303279031068087,10.0
100,predicate,continuous,356,178.0,1,published_after_gate_recheck,19.01791011914611,4.3557919561862946,10.0
100,predicate,continuous,357,178.5,1,published_after_gate_recheck,19.54206172376871,4.411766771227121,10.0
100,global,discrete,358,179.0,1,published_after_gate_recheck,18.738884944468737,4.559252876788378,10.0
100,readset,discrete,359,179.5,1,published_after_gate_recheck,19.390557892620564,4.77407593280077,10.0
100,predicate,discrete,360,180.0,1,published_after_gate_recheck,19.73562501370907,4.90372022613883,10.0
100,readset,continuous,361,180.5,1,published_after_gate_recheck,19.345553126186132,4.303683992475271,10.0
100,predicate,continuous,362,181.0,1,published_after_gate_recheck,20.10513935238123,4.340904299169779,10.0
100,readset,continuous,363,181.5,1,published_after_gate_recheck,19.433268811553717,4.52717300504446,10.0
100,predicate,discrete,364,182.0,1,published_after_gate_recheck,19.15961503982544,4.635757766664028,10.0
100,global,discrete,365,182.5,1,published_after_gate_recheck,22.856831084936857,4.977799020707607,10.0
100,readset,continuous,366,183.0,1,published_after_gate_recheck,17.49136531725526,4.80575580149889,10.0
100,global,continuous,367,183.5,1,published_after_gate_recheck,18.501299899071455,4.309786017984152,10.0
100,global,continuous,368,184.0,1,published_after_gate_recheck,19.863154739141464,4.641858860850334,10.0
100,predicate,discrete,369,184.5,1,published_after_gate_recheck,18.755686935037374,4.377683158963919,10.0
100,predicate,continuous,370,185.0,1,published_after_gate_recheck,19.283397123217583,4.725624807178974,10.0
100,readset,discrete,371,185.5,1,published_after_gate_recheck,19.480506889522076,4.579361062496901,10.0
100,readset,continuous,372,186.0,1,published_after_gate_recheck,19.35817813500762,4.566196817904711,10.0
100,global,continuous,373,186.5,1,published_after_gate_recheck,18.81846459582448,4.397280048578978,10.0
100,predicate,continuous,374,187.0,1,published_after_gate_recheck,18.74970691278577,4.406917840242386,10.0
100,global,continuous,375,187.5,1,published_after_gate_recheck,19.300528801977634,4.704475868493319,10.0
100,predicate,discrete,376,188.0,1,published_after_gate_recheck,18.605544697493315,4.686662927269936,10.0
100,predicate,continuous,377,188.5,1,published_after_gate_recheck,19.244885072112083,4.4632540084421635,10.0
100,predicate,discrete,378,189.0,1,published_after_gate_recheck,18.365504685789347,4.42562298849225,10.0
100,predicate,discrete,379,189.5,1,published_after_gate_recheck,20.153129007667303,4.855329170823097,10.0
100,global,discrete,380,190.0,1,published_after_gate_recheck,19.458585884422064,4.680339712649584,10.0
100,readset,discrete,381,190.5,1,published_after_gate_recheck,19.344252068549395,4.503869917243719,10.0
100,global,discrete,382,191.0,1,published_after_gate_recheck,24.391560815274715,6.343040149658918,10.0
100,global,discrete,383,191.5,1,published_after_gate_recheck,20.20297199487686,4.571946803480387,10.0
100,predicate,discrete,384,192.0,1,published_after_gate_recheck,18.134301993995905,4.468122962862253,10.0
100,global,continuous,385,192.5,1,published_after_gate_recheck,18.892382737249136,4.325956106185913,10.0
100,global,continuous,386,193.0,1,published_after_gate_recheck,19.582688342779875,4.857692867517471,10.0
100,global,discrete,387,193.5,1,published_after_gate_recheck,20.190670154988766,4.54344367608428,10.0
100,global,continuous,388,194.0,1,published_after_gate_recheck,20.065224263817072,4.980754107236862,10.0
100,global,continuous,389,194.5,1,published_after_gate_recheck,19.924900960177183,4.987586755305529,10.0
100,predicate,continuous,390,195.0,1,published_after_gate_recheck,20.83275420591235,5.138619802892208,10.0
100,readset,continuous,391,195.5,1,published_after_gate_recheck,21.603759843856096,4.874845966696739,10.0
100,predicate,discrete,392,196.0,1,published_after_gate_recheck,19.435042049735785,4.223814234137535,10.0
100,predicate,discrete,393,196.5,1,published_after_gate_recheck,18.758362159132957,4.576014820486307,10.0
100,predicate,continuous,394,197.0,1,published_after_gate_recheck,19.447986036539078,4.4154031202197075,10.0
100,readset,discrete,395,197.5,1,published_after_gate_recheck,17.921673133969307,4.206642042845488,10.0
100,readset,continuous,396,198.0,1,published_after_gate_recheck,19.54415626823902,4.243169911205769,10.0
100,predicate,discrete,397,198.5,1,published_after_gate_recheck,19.01619601994753,4.578880034387112,10.0
100,readset,discrete,398,199.0,1,published_after_gate_recheck,18.785213120281696,4.325034096837044,10.0
100,global,continuous,399,199.5,1,published_after_gate_recheck,18.215343821793795,3.893914632499218,10.0
100,global,continuous,400,200.0,1,published_after_gate_recheck,18.22261791676283,4.047633148729801,10.0
100,predicate,continuous,401,200.5,1,published_after_gate_recheck,20.77534608542919,5.028804298490286,10.0
100,readset,continuous,402,201.0,1,published_after_gate_recheck,18.973685801029205,4.159273114055395,10.0
100,readset,discrete,403,201.5,1,published_after_gate_recheck,20.772479940205812,5.751540884375572,10.0
100,predicate,continuous,404,202.0,1,published_after_gate_recheck,19.46495706215501,4.453905858099461,10.0
100,predicate,discrete,405,202.5,1,published_after_gate_recheck,19.01992317289114,4.58245724439621,10.0
100,predicate,continuous,406,203.0,1,published_after_gate_recheck,19.352467264980078,4.631880205124617,10.0
100,predicate,discrete,407,203.5,1,published_after_gate_recheck,22.04034011811018,4.818701185286045,10.0
100,predicate,continuous,408,204.0,1,published_after_gate_recheck,19.06427601352334,4.481908865272999,10.0
100,global,continuous,409,204.5,1,published_after_gate_recheck,23.1111878529191,4.980953875929117,10.0
100,predicate,discrete,410,205.0,1,published_after_gate_recheck,17.27731293067336,4.0839118883013725,10.0
100,predicate,continuous,411,205.5,1,published_after_gate_recheck,21.397884003818035,4.224183969199657,10.0
100,global,continuous,412,206.0,1,published_after_gate_recheck,20.763053093105555,4.748820327222347,10.0
100,global,discrete,413,206.5,1,published_after_gate_recheck,25.10819397866726,5.319399293512106,10.0
100,predicate,continuous,414,207.0,1,published_after_gate_recheck,20.445907954126596,4.911885131150484,10.0
100,global,continuous,415,207.5,1,published_after_gate_recheck,19.13976762443781,4.391037859022617,10.0
100,predicate,continuous,416,208.0,1,published_after_gate_recheck,23.62698595970869,4.503379110246897,10.0
100,predicate,discrete,417,208.5,1,published_after_gate_recheck,21.528468932956457,4.731898196041584,10.0
100,readset,discrete,418,209.0,1,published_after_gate_recheck,18.51614797487855,4.188196733593941,10.0
100,readset,discrete,419,209.5,1,published_after_gate_recheck,18.732403870671988,4.537152126431465,10.0
100,global,discrete,420,210.0,1,published_after_gate_recheck,18.47608294337988,5.015218630433083,10.0
100,readset,discrete,421,210.501,1,published_after_gate_recheck,19.73438309505582,4.7363960184156895,10.0
100,readset,continuous,422,211.0,1,published_after_gate_recheck,19.220279064029455,4.702601581811905,10.0
100,predicate,continuous,423,211.5,1,published_after_gate_recheck,21.439101081341505,5.6178998202085495,10.0
100,global,discrete,424,212.0,1,published_after_gate_recheck,20.832133013755083,5.082986317574978,10.0
100,global,continuous,425,212.5,1,published_after_gate_recheck,20.37386316806078,5.126156844198704,10.0
100,readset,continuous,426,213.0,1,published_after_gate_recheck,20.771189127117395,4.816186148673296,10.0
100,predicate,discrete,427,213.5,1,published_after_gate_recheck,19.31060804054141,4.242518916726112,10.0
100,global,continuous,428,214.0,1,published_after_gate_recheck,20.042612217366695,4.9323528073728085,10.0
100,predicate,discrete,429,214.5,1,published_after_gate_recheck,19.677606876939535,4.486067220568657,10.0
100,readset,discrete,430,215.0,1,published_after_gate_recheck,21.062735933810472,4.707602318376303,10.0
100,global,continuous,431,215.5,1,published_after_gate_recheck,18.023683689534664,4.861911293119192,10.0
100,readset,discrete,432,216.0,1,published_after_gate_recheck,18.63277703523636,4.466730169951916,10.0
100,readset,continuous,433,216.5,1,published_after_gate_recheck,20.964500959962606,5.174878053367138,10.0
100,global,continuous,434,217.0,1,published_after_gate_recheck,20.929244812577963,4.977787844836712,10.0
100,readset,discrete,435,217.5,1,published_after_gate_recheck,20.120227243751287,4.807419143617153,10.0
100,predicate,discrete,436,218.001,1,published_after_gate_recheck,20.400132052600384,4.818790126591921,10.0
100,readset,continuous,437,218.5,1,published_after_gate_recheck,21.13629411906004,5.30979223549366,10.0
100,predicate,continuous,438,219.0,1,published_after_gate_recheck,19.06963624060154,4.898631013929844,10.0
100,predicate,discrete,439,219.5,1,published_after_gate_recheck,19.688997883349657,4.487368743866682,10.0
100,readset,continuous,440,220.0,1,published_after_gate_recheck,22.08376070484519,4.2817131616175175,10.0
100,readset,continuous,441,220.5,1,published_after_gate_recheck,19.409985281527042,4.509309772402048,10.0
100,global,continuous,442,221.0,1,published_after_gate_recheck,19.709595944732428,4.903790075331926,10.0
100,global,discrete,443,221.5,1,published_after_gate_recheck,19.78480815887451,4.458514973521233,10.0
100,predicate,discrete,444,222.0,1,published_after_gate_recheck,19.49791982769966,4.97931195423007,10.0
100,predicate,discrete,445,222.5,1,published_after_gate_recheck,19.34579387307167,4.742617253214121,10.0
100,global,continuous,446,223.0,1,published_after_gate_recheck,19.688166212290525,4.772422835230827,10.0
100,readset,discrete,447,223.5,1,published_after_gate_recheck,20.273013971745968,4.630096256732941,10.0
100,readset,discrete,448,224.0,1,published_after_gate_recheck,20.086464006453753,4.541640169918537,10.0
100,global,discrete,449,224.5,1,published_after_gate_recheck,19.344952888786793,4.730544984340668,10.0
100,predicate,discrete,450,225.0,1,published_after_gate_recheck,18.410829827189445,4.160224925726652,10.0
100,readset,continuous,451,225.5,1,published_after_gate_recheck,20.08114382624626,4.527634009718895,10.0
100,predicate,continuous,452,226.0,1,published_after_gate_recheck,20.26824513450265,4.838977940380573,10.0
100,readset,continuous,453,226.5,1,published_after_gate_recheck,18.39429885149002,4.6731471084058285,10.0
100,global,continuous,454,227.0,1,published_after_gate_recheck,23.452648892998695,5.996330175548792,10.0
100,readset,continuous,455,227.5,1,published_after_gate_recheck,20.774023607373238,5.079339258372784,10.0
100,readset,discrete,456,228.0,1,published_after_gate_recheck,20.407435949891806,5.018836352974176,10.0
100,global,continuous,457,228.5,1,published_after_gate_recheck,18.805451225489378,4.331826698035002,10.0
100,predicate,discrete,458,229.0,1,published_after_gate_recheck,20.068380050361156,4.829389974474907,10.0
100,global,continuous,459,229.5,1,published_after_gate_recheck,19.500334281474352,4.705748055130243,10.0
100,predicate,discrete,460,230.0,1,published_after_gate_recheck,20.151676144450903,5.040707066655159,10.0
100,predicate,discrete,461,230.5,1,published_after_gate_recheck,19.28155403584242,4.826836287975311,10.0
100,readset,discrete,462,231.0,1,published_after_gate_recheck,17.942591104656458,4.5373328030109406,10.0
100,global,continuous,463,231.5,1,published_after_gate_recheck,19.911424722522497,4.890074022114277,10.0
100,global,continuous,464,232.0,1,published_after_gate_recheck,18.606777768582106,4.437864758074284,10.0
100,predicate,discrete,465,232.5,1,published_after_gate_recheck,18.61583488062024,4.413149319589138,10.0
100,global,discrete,466,233.0,1,published_after_gate_recheck,18.210033886134624,4.282273817807436,10.0
100,global,discrete,467,233.5,1,published_after_gate_recheck,26.18784038349986,4.938986152410507,10.0
100,readset,continuous,468,234.0,1,published_after_gate_recheck,18.155381083488464,4.191664047539234,10.0
100,predicate,continuous,469,234.5,1,published_after_gate_recheck,20.370525773614645,4.582538269460201,10.0
100,predicate,continuous,470,235.0,1,published_after_gate_recheck,19.2868341691792,4.289498087018728,10.0
100,predicate,discrete,471,235.5,1,published_after_gate_recheck,18.86039273813367,4.733460023999214,10.0
100,readset,discrete,472,236.0,1,published_after_gate_recheck,19.00061732158065,4.64787008240819,10.0
100,readset,discrete,473,236.5,1,published_after_gate_recheck,16.796370968222618,4.569933749735355,10.0
100,readset,continuous,474,237.0,1,published_after_gate_recheck,18.01738189533353,4.293293692171574,10.0
100,predicate,discrete,475,237.5,1,published_after_gate_recheck,17.901454586535692,4.452983848750591,10.0
100,global,discrete,476,238.0,1,published_after_gate_recheck,18.620964605361223,4.679068922996521,10.0
100,readset,continuous,477,238.5,1,published_after_gate_recheck,20.0370610691607,4.693325143307447,10.0
100,global,discrete,478,239.0,1,published_after_gate_recheck,18.409146927297115,4.148493055254221,10.0
100,global,discrete,479,239.5,1,published_after_gate_recheck,19.061910919845104,4.658909980207682,10.0
100,readset,discrete,480,240.0,1,published_after_gate_recheck,19.47349403053522,4.458895418792963,10.0
100,readset,continuous,481,240.5,1,published_after_gate_recheck,18.790693022310734,4.330975003540516,10.0
100,readset,continuous,482,241.0,1,published_after_gate_recheck,20.125947892665863,4.006326198577881,10.0
100,global,continuous,483,241.5,1,published_after_gate_recheck,19.83282808214426,4.670812748372555,10.0
100,global,continuous,484,242.0,1,published_after_gate_recheck,20.132470410317183,4.503218922764063,10.0
100,readset,continuous,485,242.5,1,published_after_gate_recheck,19.09454260021448,4.95926383882761,10.0
100,predicate,continuous,486,243.0,1,published_after_gate_recheck,19.682627171278,4.839369095861912,10.0
100,predicate,discrete,487,243.5,1,published_after_gate_recheck,18.814888317137957,4.299365915358067,10.0
100,readset,continuous,488,244.0,1,published_after_gate_recheck,19.25472402945161,4.635796882212162,10.0
100,readset,continuous,489,244.5,1,published_after_gate_recheck,19.142613280564547,4.000504966825247,10.0
100,readset,continuous,490,245.0,1,published_after_gate_recheck,22.440541069954634,5.237625911831856,10.0
100,readset,continuous,491,245.5,1,published_after_gate_recheck,19.565747119486332,5.189545918256044,10.0
100,global,continuous,492,246.0,1,published_after_gate_recheck,18.089227378368378,4.274139180779457,10.0
100,predicate,discrete,493,246.5,1,published_after_gate_recheck,19.715507980436087,5.167133640497923,10.0
100,readset,continuous,494,247.0,1,published_after_gate_recheck,22.145817056298256,4.539376124739647,10.0
100,global,discrete,495,247.5,1,published_after_gate_recheck,19.068293273448944,4.189400002360344,10.0
100,global,continuous,496,248.0,1,published_after_gate_recheck,20.153740420937538,4.947501700371504,10.0
100,readset,discrete,497,248.5,1,published_after_gate_recheck,18.156932666897774,4.459545947611332,10.0
100,predicate,discrete,498,249.0,1,published_after_gate_recheck,20.87272983044386,4.494702909141779,10.0
100,global,continuous,499,249.5,1,published_after_gate_recheck,19.742418080568314,4.3562729842960835,10.0
100,readset,discrete,500,250.0,1,published_after_gate_recheck,19.15450533851981,4.686501808464527,10.0
100,readset,continuous,501,250.5,1,published_after_gate_recheck,20.382840186357498,4.2214286513626575,10.0
100,predicate,continuous,502,251.0,1,published_after_gate_recheck,20.827745087444782,5.369382910430431,10.0
100,global,discrete,503,251.5,1,published_after_gate_recheck,19.82631580904126,4.464816767722368,10.0
100,global,continuous,504,252.0,1,published_after_gate_recheck,20.871938206255436,4.9888500943779945,10.0
100,global,discrete,505,252.5,1,published_after_gate_recheck,22.560765966773033,5.192631855607033,10.0
100,readset,continuous,506,253.0,1,published_after_gate_recheck,21.031877025961876,4.7898259945213795,10.0
100,global,continuous,507,253.5,1,published_after_gate_recheck,19.641868770122528,5.060152616351843,10.0
100,predicate,discrete,508,254.0,1,published_after_gate_recheck,17.560123931616545,3.9974902756512165,10.0
100,global,continuous,509,254.5,1,published_after_gate_recheck,18.372877966612577,4.420483019202948,10.0
100,predicate,discrete,510,255.0,1,published_after_gate_recheck,25.284456089138985,5.676039028912783,10.0
100,global,discrete,511,255.5,1,published_after_gate_recheck,19.50125489383936,4.51531121507287,10.0
100,predicate,discrete,512,256.0,1,published_after_gate_recheck,19.51216720044613,5.122780799865723,10.0
100,readset,continuous,513,256.5,1,published_after_gate_recheck,19.854538142681122,4.986845888197422,10.0
100,readset,continuous,514,257.0,1,published_after_gate_recheck,18.821740988641977,4.2521473951637745,10.0
100,readset,discrete,515,257.5,1,published_after_gate_recheck,18.87017162516713,4.430643282830715,10.0
100,predicate,continuous,516,258.0,1,published_after_gate_recheck,20.787478890269995,4.537752829492092,10.0
100,readset,discrete,517,258.5,1,published_after_gate_recheck,20.594806876033545,4.839599132537842,10.0
100,predicate,discrete,518,259.0,1,published_after_gate_recheck,21.07189316302538,5.173095036298037,10.0
100,predicate,discrete,519,259.5,1,published_after_gate_recheck,18.42165971174836,4.421876277774572,10.0
100,global,discrete,520,260.0,1,published_after_gate_recheck,19.189180806279182,4.468914121389389,10.0
100,readset,continuous,521,260.5,1,published_after_gate_recheck,19.756315276026726,4.721527919173241,10.0
100,predicate,continuous,522,261.0,1,published_after_gate_recheck,19.477241206914186,4.6083964407444,10.0
100,predicate,continuous,523,261.5,1,published_after_gate_recheck,18.973676022142172,4.627882037311792,10.0
100,readset,discrete,524,262.0,1,published_after_gate_recheck,16.030073165893555,4.138113930821419,10.0
100,predicate,continuous,525,262.5,1,published_after_gate_recheck,19.639264792203903,5.0490619614720345,10.0
100,predicate,discrete,526,263.0,1,published_after_gate_recheck,18.60130811110139,4.816887434571981,10.0
100,readset,discrete,527,263.5,1,published_after_gate_recheck,21.013231948018074,5.123252049088478,10.0
100,global,discrete,528,264.0,1,published_after_gate_recheck,18.901831936091185,4.243660718202591,10.0
100,readset,discrete,529,264.5,1,published_after_gate_recheck,21.157753188163042,4.935690201818943,10.0
100,predicate,continuous,530,265.0,1,published_after_gate_recheck,18.437139224261045,4.648560658097267,10.0
100,readset,continuous,531,265.5,1,published_after_gate_recheck,20.32212493941188,4.198065958917141,10.0
100,readset,continuous,532,266.0,1,published_after_gate_recheck,21.747159771621227,5.286026746034622,10.0
100,global,discrete,533,266.5,1,published_after_gate_recheck,17.903217114508152,4.107004962861538,10.0
100,global,discrete,534,267.0,1,published_after_gate_recheck,19.078553188592196,4.317510407418013,10.0
100,readset,discrete,535,267.5,1,published_after_gate_recheck,21.740135736763477,4.666804801672697,10.0
100,global,continuous,536,268.0,1,published_after_gate_recheck,19.30685108527541,4.746344871819019,10.0
100,global,discrete,537,268.5,1,published_after_gate_recheck,20.656483713537455,4.529256839305162,10.0
100,predicate,discrete,538,269.0,1,published_after_gate_recheck,21.11805882304907,5.21465390920639,10.0
100,readset,continuous,539,269.5,1,published_after_gate_recheck,19.358688965439796,4.586955066770315,10.0
100,readset,continuous,540,270.0,1,published_after_gate_recheck,18.670476973056793,4.48696780949831,10.0
100,predicate,discrete,541,270.5,1,published_after_gate_recheck,23.06123496964574,4.584169946610928,10.0
100,predicate,continuous,542,271.0,1,published_after_gate_recheck,18.15690379589796,4.290909972041845,10.0
100,predicate,continuous,543,271.5,1,published_after_gate_recheck,18.964569084346294,4.744410049170256,10.0
100,global,discrete,544,272.0,1,published_after_gate_recheck,19.301000982522964,4.744801204651594,10.0
100,global,continuous,545,272.5,1,published_after_gate_recheck,19.18858988210559,4.449546802788973,10.0
100,predicate,discrete,546,273.0,1,published_after_gate_recheck,18.98641139268875,4.46335319429636,10.0
100,readset,continuous,547,273.502,1,published_after_gate_recheck,19.66851018369198,5.454183090478182,10.0
100,global,discrete,548,274.0,1,published_after_gate_recheck,19.644885789602995,4.815143998712301,10.0
100,predicate,discrete,549,274.5,1,published_after_gate_recheck,19.12653259932995,4.8331269063055515,10.0
100,readset,discrete,550,275.0,1,published_after_gate_recheck,18.755836877971888,4.753428045660257,10.0
100,global,continuous,551,275.5,1,published_after_gate_recheck,20.848292857408524,4.851361736655235,10.0
100,predicate,continuous,552,276.0,1,published_after_gate_recheck,21.742149721831083,4.5836991630494595,10.0
100,predicate,discrete,553,276.5,1,published_after_gate_recheck,19.54710204154253,5.299753043800592,10.0
100,readset,discrete,554,277.0,1,published_after_gate_recheck,21.268632262945175,5.620234180241823,10.0
100,readset,continuous,555,277.5,1,published_after_gate_recheck,19.390599336475134,4.366010893136263,10.0
100,predicate,continuous,556,278.0,1,published_after_gate_recheck,19.149717409163713,4.348839167505503,10.0
100,readset,continuous,557,278.5,1,published_after_gate_recheck,18.709780648350716,4.220407921820879,10.0
100,predicate,continuous,558,279.0,1,published_after_gate_recheck,19.256977830082178,4.866539966315031,10.0
100,readset,continuous,559,279.5,1,published_after_gate_recheck,21.16120094433427,5.061464849859476,10.0
100,predicate,discrete,560,280.0,1,published_after_gate_recheck,21.967824082821608,4.591494332998991,10.0
100,global,continuous,561,280.5,1,published_after_gate_recheck,20.054304040968418,4.675691947340965,10.0
100,readset,continuous,562,281.0,1,published_after_gate_recheck,18.872906919568777,4.200289957225323,10.0
100,global,continuous,563,281.5,1,published_after_gate_recheck,21.584102883934975,5.247213877737522,10.0
100,predicate,discrete,564,282.0,1,published_after_gate_recheck,20.856769289821386,5.054792854934931,10.0
100,readset,continuous,565,282.5,1,published_after_gate_recheck,20.841960795223713,3.8809911347925663,10.0
100,predicate,continuous,566,283.0,1,published_after_gate_recheck,19.406759180128574,4.267876967787743,10.0
100,readset,discrete,567,283.5,1,published_after_gate_recheck,19.241509027779102,4.865016788244247,10.0
100,predicate,continuous,568,284.0,1,published_after_gate_recheck,18.822532147169113,4.4383760541677475,10.0
100,predicate,discrete,569,284.5,1,published_after_gate_recheck,18.296045251190662,4.6083759516477585,10.0
100,predicate,discrete,570,285.0,1,published_after_gate_recheck,27.39656763151288,6.440411787480116,10.0
100,readset,continuous,571,285.502,1,published_after_gate_recheck,17.77248317375779,4.083360079675913,10.0
100,readset,continuous,572,286.0,1,published_after_gate_recheck,19.72354296594858,4.737127106636763,10.0
100,global,continuous,573,286.5,1,published_after_gate_recheck,21.409085020422935,4.76265512406826,10.0
100,global,continuous,574,287.0,1,published_after_gate_recheck,18.5207761824131,4.753016866743565,10.0
100,predicate,continuous,575,287.5,1,published_after_gate_recheck,20.260219927877188,5.002815742045641,10.0
100,readset,discrete,576,288.0,1,published_after_gate_recheck,19.82973190024495,4.849286749958992,10.0
100,readset,continuous,577,288.5,1,published_after_gate_recheck,23.058127611875534,4.785547964274883,10.0
100,readset,continuous,578,289.0,1,published_after_gate_recheck,17.51057105138898,4.087449051439762,10.0
100,predicate,discrete,579,289.5,1,published_after_gate_recheck,19.65541485697031,4.154423717409372,10.0
100,readset,continuous,580,290.0,1,published_after_gate_recheck,20.35696106031537,4.598888102918863,10.0
100,predicate,continuous,581,290.5,1,published_after_gate_recheck,19.469416234642267,4.4163246639072895,10.0
100,global,continuous,582,291.0,1,published_after_gate_recheck,19.368276931345463,4.024659749120474,10.0
100,global,continuous,583,291.5,1,published_after_gate_recheck,18.268913961946964,4.545528441667557,10.0
100,global,continuous,584,292.0,1,published_after_gate_recheck,21.54809609055519,5.243356805294752,10.0
100,global,discrete,585,292.5,1,published_after_gate_recheck,18.939202185720205,4.506164230406284,10.0
100,global,discrete,586,293.0,1,published_after_gate_recheck,19.19449120759964,4.633301869034767,10.0
100,global,continuous,587,293.5,1,published_after_gate_recheck,19.359220284968615,4.586895927786827,10.0
100,global,discrete,588,294.0,1,published_after_gate_recheck,18.103623762726784,4.381891340017319,10.0
100,readset,discrete,589,294.5,1,published_after_gate_recheck,19.390327855944633,4.488210193812847,10.0
100,readset,continuous,590,295.0,1,published_after_gate_recheck,17.963501159101725,4.33699693530798,10.0
100,predicate,continuous,591,295.5,1,published_after_gate_recheck,19.087709952145815,4.6877446584403515,10.0
100,readset,continuous,592,296.0,1,published_after_gate_recheck,19.61941784247756,4.897007253021002,10.0
100,readset,discrete,593,296.5,1,published_after_gate_recheck,20.63198806717992,5.268785171210766,10.0
100,global,discrete,594,297.0,1,published_after_gate_recheck,19.382554106414318,4.7520361840724945,10.0
100,global,discrete,595,297.5,1,published_after_gate_recheck,22.620979230850935,4.996262956410646,10.0
100,readset,discrete,596,298.0,1,published_after_gate_recheck,19.178108777850866,4.633072763681412,10.0
100,predicate,discrete,597,298.5,1,published_after_gate_recheck,18.891001120209694,4.683847073465586,10.0
100,global,continuous,598,299.0,1,published_after_gate_recheck,20.218731835484505,4.4698757119476795,10.0
100,readset,discrete,599,299.5,1,published_after_gate_recheck,18.86808779090643,4.573049955070019,10.0
10,readset,continuous,0,0.002,0,read_set_version_changed_at_gate,22.140377201139927,8.50409409031272,77.0
10,readset,continuous,1,0.5,1,published_after_gate_recheck,18.79135426133871,4.926943685859442,77.0
10,predicate,discrete,2,1.0,1,published_after_gate_recheck,19.399825017899275,4.924729000777006,77.0
10,global,discrete,3,1.5,1,published_after_gate_recheck,19.347236957401037,4.7889454290270805,77.0
10,predicate,continuous,4,2.0,1,published_after_gate_recheck,18.799749668687582,4.073773045092821,77.0
10,predicate,discrete,5,2.5,1,published_after_gate_recheck,17.567919101566076,4.551068879663944,77.0
10,global,discrete,6,3.0,1,published_after_gate_recheck,19.91594396531582,5.5507938377559185,77.0
10,global,continuous,7,3.5,0,context_version_changed_at_publish,24.261055048555136,10.110126808285713,77.0
10,global,continuous,8,4.0,0,context_version_changed_at_publish,24.002940859645605,7.184968795627356,77.0
10,predicate,continuous,9,4.5,1,published_after_gate_recheck,23.80201406776905,9.125439915806055,77.0
10,readset,discrete,10,5.0,1,published_after_gate_recheck,17.8255932405591,4.452703054994345,77.0
10,global,continuous,11,5.5,0,context_version_changed_at_publish,24.37298558652401,9.307782165706158,77.0
10,readset,discrete,12,6.0,1,published_after_gate_recheck,23.466584738343954,8.20237910374999,77.0
10,predicate,discrete,13,6.5,1,published_after_gate_recheck,17.83887716010213,4.713483154773712,77.0
10,predicate,continuous,14,7.0,1,published_after_gate_recheck,25.17792582511902,10.025509167462587,77.0
10,predicate,continuous,15,7.5,1,published_after_gate_recheck,19.0567122772336,5.028934683650732,77.0
10,global,continuous,16,8.0,1,published_after_gate_recheck,20.926660858094692,4.807168152183294,77.0
10,global,continuous,17,8.5,1,published_after_gate_recheck,19.007740076631308,5.101250018924475,77.0
10,readset,discrete,18,9.0,1,published_after_gate_recheck,21.79568028077483,5.884008947759867,77.0
10,readset,continuous,19,9.5,1,published_after_gate_recheck,17.88197783753276,4.353708121925592,77.0
10,predicate,discrete,20,10.0,1,published_after_gate_recheck,18.277580849826336,4.793243017047644,77.0
10,global,discrete,21,10.5,1,published_after_gate_recheck,18.04350083693862,4.510961938649416,77.0
10,readset,discrete,22,11.001,1,published_after_gate_recheck,25.44971462339163,9.17635578662157,77.0
10,predicate,continuous,23,11.5,1,published_after_gate_recheck,18.517550081014633,4.97467303648591,77.0
10,global,continuous,24,12.0,0,context_version_changed_at_publish,22.3005972802639,7.842001970857382,77.0
10,readset,continuous,25,12.5,1,published_after_gate_recheck,17.983258236199617,4.237600136548281,77.0
10,readset,discrete,26,13.0,1,published_after_gate_recheck,24.728872813284397,9.307933039963245,77.0
10,predicate,discrete,27,13.5,1,published_after_gate_recheck,24.501316249370575,7.022485136985779,77.0
10,global,discrete,28,14.0,0,context_version_changed_at_publish,24.463095236569643,9.461009874939919,77.0
10,readset,continuous,29,14.5,0,read_set_version_changed_at_gate,29.42176815122366,13.027951121330261,77.0
10,readset,continuous,30,15.001,1,published_after_gate_recheck,18.099666107445955,4.370149224996567,77.0
10,readset,continuous,31,15.5,1,published_after_gate_recheck,16.883975826203823,4.642179235816002,77.0
10,global,continuous,32,16.0,0,context_version_changed_at_publish,24.145448580384254,9.886438027024269,77.0
10,readset,discrete,33,16.5,1,published_after_gate_recheck,25.66063217818737,7.4371229857206345,77.0
10,predicate,discrete,34,17.0,1,published_after_gate_recheck,18.10333365574479,4.845982417464256,77.0
10,global,continuous,35,17.5,1,published_after_gate_recheck,18.50323285907507,4.0745544247329235,77.0
10,readset,discrete,36,18.0,1,published_after_gate_recheck,17.583157867193222,4.654532298445702,77.0
10,predicate,continuous,37,18.5,1,published_after_gate_recheck,24.004583712667227,9.219066239893436,77.0
10,global,continuous,38,19.0,1,published_after_gate_recheck,19.00239009410143,4.758847877383232,77.0
10,global,discrete,39,19.5,0,context_version_changed_at_publish,24.019673001021147,8.508622646331787,77.0
10,readset,discrete,40,20.0,1,published_after_gate_recheck,23.914295248687267,9.32456273585558,77.0
10,predicate,discrete,41,20.5,1,published_after_gate_recheck,18.56812508776784,4.5894598588347435,77.0
10,predicate,discrete,42,21.0,1,published_after_gate_recheck,19.727209117263556,5.5997963063418865,77.0
10,predicate,discrete,43,21.5,1,published_after_gate_recheck,20.13475401327014,5.624933168292046,77.0
10,readset,discrete,44,22.0,1,published_after_gate_recheck,19.500053022056818,4.914809949696064,77.0
10,global,continuous,45,22.5,1,published_after_gate_recheck,17.456919886171818,4.739582072943449,77.0
10,predicate,continuous,46,23.0,1,published_after_gate_recheck,24.24844168126583,9.260924998670816,77.0
10,predicate,discrete,47,23.5,1,published_after_gate_recheck,24.584913160651922,9.736355859786272,77.0
10,readset,discrete,48,24.0,1,published_after_gate_recheck,19.586856942623854,4.325195215642452,77.0
10,global,continuous,49,24.5,0,context_version_changed_at_publish,23.145052138715982,9.134697262197733,77.0
10,readset,continuous,50,25.0,0,read_set_version_changed_at_gate,23.655619006603956,9.810145013034344,77.0
10,readset,continuous,51,25.5,1,published_after_gate_recheck,19.085306208580732,4.996703937649727,77.0
10,global,discrete,52,26.0,1,published_after_gate_recheck,18.947657197713852,4.87494608387351,77.0
10,global,discrete,53,26.5,0,context_version_changed_at_publish,24.666476994752884,8.064119145274162,77.0
10,readset,discrete,54,27.0,1,published_after_gate_recheck,24.58949200809002,9.043736848980188,77.0
10,predicate,continuous,55,27.5,1,published_after_gate_recheck,24.408351629972458,9.830311872065067,77.0
10,global,continuous,56,28.0,0,context_version_changed_at_publish,22.27319637313485,7.68842501565814,77.0
10,global,discrete,57,28.5,0,context_version_changed_at_publish,24.9684932641685,7.551448419690132,77.0
10,readset,continuous,58,29.0,1,published_after_gate_recheck,16.584533732384443,4.491457249969244,77.0
10,global,continuous,59,29.5,0,context_version_changed_at_publish,22.45988603681326,6.108609959483147,77.0
10,readset,discrete,60,30.0,1,published_after_gate_recheck,17.0324151404202,4.2494721710681915,77.0
10,predicate,discrete,61,30.5,1,published_after_gate_recheck,22.85709185525775,7.238709833472967,77.0
10,global,continuous,62,31.0,0,context_version_changed_at_publish,22.41388102993369,8.506077341735363,77.0
10,predicate,discrete,63,31.501,1,published_after_gate_recheck,17.076737247407436,4.453004337847233,77.0
10,predicate,discrete,64,32.0,1,published_after_gate_recheck,17.74248667061329,4.593087360262871,77.0
10,readset,discrete,65,32.5,1,published_after_gate_recheck,17.6835460588336,4.358846694231033,77.0
10,global,discrete,66,33.0,0,context_version_changed_at_publish,23.45733717083931,9.269349742680788,77.0
10,predicate,discrete,67,33.5,1,published_after_gate_recheck,24.60610307753086,9.48216998949647,77.0
10,global,discrete,68,34.0,1,published_after_gate_recheck,19.815896172076464,5.208622198551893,77.0
10,global,continuous,69,34.5,1,published_after_gate_recheck,18.84432276710868,4.663810133934021,77.0
10,predicate,continuous,70,35.0,1,published_after_gate_recheck,23.849984630942345,9.290118701756,77.0
10,readset,discrete,71,35.5,1,published_after_gate_recheck,18.781084567308426,4.779256880283356,77.0
10,readset,continuous,72,36.0,0,read_set_version_changed_at_gate,25.05661826580763,7.921530865132809,77.0
10,predicate,continuous,73,36.5,1,published_after_gate_recheck,23.254386615008116,9.000586345791817,77.0
10,readset,discrete,74,37.0,1,published_after_gate_recheck,19.113488029688597,4.638271871954203,77.0
10,readset,discrete,75,37.5,1,published_after_gate_recheck,18.11563689261675,4.423779901117086,77.0
10,predicate,continuous,76,38.0,1,published_after_gate_recheck,24.286624044179916,8.875782135874033,77.0
10,readset,discrete,77,38.5,1,published_after_gate_recheck,16.91907225176692,4.559364169836044,77.0
10,predicate,discrete,78,39.0,1,published_after_gate_recheck,17.497677356004715,4.897778853774071,77.0
10,readset,continuous,79,39.5,0,read_set_version_changed_at_gate,23.573705926537514,9.737448766827583,77.0
10,global,discrete,80,40.0,1,published_after_gate_recheck,18.672370817512274,4.623764660209417,77.0
10,predicate,discrete,81,40.5,1,published_after_gate_recheck,23.99594895541668,9.75461071357131,77.0
10,predicate,discrete,82,41.0,1,published_after_gate_recheck,23.690355010330677,8.744786027818918,77.0
10,global,discrete,83,41.5,0,context_version_changed_at_publish,23.549852427095175,8.686366025358438,77.0
10,readset,continuous,84,42.0,0,read_set_version_changed_at_gate,24.48981534689665,10.232436936348677,77.0
10,global,continuous,85,42.5,0,context_version_changed_at_publish,23.948129266500473,8.629901334643364,77.0
10,readset,discrete,86,43.0,1,published_after_gate_recheck,24.745824746787548,10.50588022917509,77.0
10,global,discrete,87,43.5,0,context_version_changed_at_publish,23.21222797036171,8.558966685086489,77.0
10,global,discrete,88,44.0,0,context_version_changed_at_publish,23.50224182009697,9.362965822219849,77.0
10,readset,continuous,89,44.5,1,published_after_gate_recheck,20.890080835670233,4.8756771720945835,77.0
10,readset,continuous,90,45.0,1,published_after_gate_recheck,18.31392804160714,4.599490202963352,77.0
10,global,continuous,91,45.501,0,context_version_changed_at_publish,24.101727176457644,9.092236869037151,77.0
10,readset,continuous,92,46.0,0,read_set_version_changed_at_gate,27.182807214558125,9.076016955077648,77.0
10,predicate,discrete,93,46.5,1,published_after_gate_recheck,19.79515701532364,5.539532285183668,77.0
10,global,continuous,94,47.0,1,published_after_gate_recheck,18.496391363441944,4.470187239348888,77.0
10,predicate,discrete,95,47.5,1,published_after_gate_recheck,26.340747717767954,10.110498405992985,77.0
10,global,continuous,96,48.0,0,context_version_changed_at_publish,25.393320247530937,10.457588825374842,77.0
10,readset,discrete,97,48.5,1,published_after_gate_recheck,18.996307626366615,4.194158129394054,77.0
10,predicate,continuous,98,49.0,1,published_after_gate_recheck,23.694793228060007,8.56916606426239,77.0
10,global,discrete,99,49.5,0,context_version_changed_at_publish,24.154126178473234,10.053450707346201,77.0
10,readset,discrete,100,50.0,1,published_after_gate_recheck,22.655053064227104,7.646406069397926,77.0
10,global,continuous,101,50.5,0,context_version_changed_at_publish,28.205957263708115,9.008110035210848,77.0
10,global,discrete,102,51.0,1,published_after_gate_recheck,17.777021043002605,4.531731829047203,77.0
10,global,continuous,103,51.5,0,context_version_changed_at_publish,25.601389817893505,9.162880014628172,77.0
10,predicate,continuous,104,52.0,1,published_after_gate_recheck,19.09941202029586,5.121298134326935,77.0
10,global,continuous,105,52.5,0,context_version_changed_at_publish,27.35428884625435,11.461893562227488,77.0
10,predicate,discrete,106,53.0,1,published_after_gate_recheck,24.10936076194048,7.871968671679497,77.0
10,readset,discrete,107,53.5,1,published_after_gate_recheck,24.56427412107587,9.044719394296408,77.0
10,predicate,continuous,108,54.0,1,published_after_gate_recheck,23.745879996567965,8.706744760274887,77.0
10,readset,continuous,109,54.5,0,read_set_version_changed_at_gate,23.27118907123804,8.819425944238901,77.0
10,predicate,continuous,110,55.0,1,published_after_gate_recheck,20.882918033748865,5.20480377599597,77.0
10,predicate,continuous,111,55.5,1,published_after_gate_recheck,19.05157184228301,5.09356614202261,77.0
10,predicate,continuous,112,56.0,1,published_after_gate_recheck,20.372250117361546,5.448983050882816,77.0
10,global,discrete,113,56.5,1,published_after_gate_recheck,18.602841068059206,4.528145305812359,77.0
10,readset,discrete,114,57.0,1,published_after_gate_recheck,19.391159061342478,4.919039085507393,77.0
10,readset,discrete,115,57.5,1,published_after_gate_recheck,23.49675167351961,8.690944872796535,77.0
10,readset,discrete,116,58.0,1,published_after_gate_recheck,28.834344819188118,9.494992904365063,77.0
10,predicate,discrete,117,58.5,1,published_after_gate_recheck,22.571535781025887,7.710124831646681,77.0
10,readset,discrete,118,59.0,1,published_after_gate_recheck,23.954451084136963,8.959359023720026,77.0
10,global,discrete,119,59.5,0,context_version_changed_at_publish,22.89445186033845,8.357901126146317,77.0
10,predicate,discrete,120,60.0,1,published_after_gate_recheck,18.68450315669179,4.948904272168875,77.0
10,readset,continuous,121,60.5,1,published_after_gate_recheck,18.916740082204342,4.813190083950758,77.0
10,predicate,continuous,122,61.0,1,published_after_gate_recheck,19.13655223324895,4.847384057939053,77.0
10,readset,discrete,123,61.5,1,published_after_gate_recheck,18.52079713717103,4.261875990778208,77.0
10,predicate,continuous,124,62.0,1,published_after_gate_recheck,17.860126681625843,4.491356201469898,77.0
10,readset,discrete,125,62.5,1,published_after_gate_recheck,17.75742508471012,4.538193810731173,77.0
10,predicate,continuous,126,63.0,1,published_after_gate_recheck,18.528860993683338,4.810094833374023,77.0
10,global,continuous,127,63.5,1,published_after_gate_recheck,19.767104648053646,4.687133245170116,77.0
10,global,continuous,128,64.0,1,published_after_gate_recheck,19.720696844160557,4.749009385704994,77.0
10,global,discrete,129,64.5,1,published_after_gate_recheck,16.928298864513636,4.620218183845282,77.0
10,global,discrete,130,65.0,0,context_version_changed_at_publish,23.024647030979395,9.554696269333363,77.0
10,global,discrete,131,65.5,1,published_after_gate_recheck,17.965043894946575,4.1802432388067245,77.0
10,global,continuous,132,66.0,1,published_after_gate_recheck,19.339662976562977,5.0344751216471195,77.0
10,readset,discrete,133,66.5,1,published_after_gate_recheck,24.2229038849473,7.851310074329376,77.0
10,predicate,discrete,134,67.0,1,published_after_gate_recheck,25.254960171878338,10.11014822870493,77.0
10,global,continuous,135,67.5,1,published_after_gate_recheck,17.54424488171935,4.047693684697151,77.0
10,readset,discrete,136,68.0,1,published_after_gate_recheck,16.626251861453056,4.541359841823578,77.0
10,readset,discrete,137,68.5,1,published_after_gate_recheck,17.708081752061844,4.611772019416094,77.0
10,global,discrete,138,69.0,1,published_after_gate_recheck,17.868722788989544,4.192045424133539,77.0
10,predicate,discrete,139,69.5,1,published_after_gate_recheck,17.531851772218943,4.452513996511698,77.0
10,global,discrete,140,70.0,1,published_after_gate_recheck,17.403480131179094,3.987050149589777,77.0
10,readset,discrete,141,70.5,1,published_after_gate_recheck,19.40503576770425,5.0601232796907425,77.0
10,readset,continuous,142,71.0,1,published_after_gate_recheck,18.635381013154984,4.439468961209059,77.0
10,global,discrete,143,71.5,1,published_after_gate_recheck,18.918192014098167,4.792951978743076,77.0
10,readset,discrete,144,72.0,1,published_after_gate_recheck,25.647467002272606,8.13577277585864,77.0
10,readset,continuous,145,72.5,1,published_after_gate_recheck,18.313568085432053,4.541770089417696,77.0
10,predicate,continuous,146,73.0,1,published_after_gate_recheck,18.859111238270998,5.253706127405167,77.0
10,global,discrete,147,73.5,1,published_after_gate_recheck,18.49929615855217,4.510601982474327,77.0
10,global,continuous,148,74.0,0,context_version_changed_at_publish,23.767740931361914,9.878682903945446,77.0
10,readset,discrete,149,74.5,1,published_after_gate_recheck,23.515106178820133,8.215804118663073,77.0
10,readset,continuous,150,75.0,0,read_set_version_changed_at_gate,24.17456265538931,9.923427365720272,77.0
10,readset,continuous,151,75.5,0,read_set_version_changed_at_gate,24.096205830574036,9.63777070865035,77.0
10,predicate,discrete,152,76.0,1,published_after_gate_recheck,18.51265085861087,4.486436955630779,77.0
10,predicate,continuous,153,76.501,1,published_after_gate_recheck,23.676668759435415,9.925611782819033,77.0
10,global,discrete,154,77.0,0,context_version_changed_at_publish,24.07992584630847,9.036504197865725,77.0
10,readset,continuous,155,77.5,0,read_set_version_changed_at_gate,23.205786012113094,8.581088855862617,77.0
10,predicate,discrete,156,78.0,1,published_after_gate_recheck,18.85849004611373,4.60006995126605,77.0
10,readset,continuous,157,78.5,1,published_after_gate_recheck,18.480471335351467,4.543874878436327,77.0
10,predicate,continuous,158,79.0,1,published_after_gate_recheck,18.252603709697723,4.848245996981859,77.0
10,readset,continuous,159,79.5,1,published_after_gate_recheck,18.114204052835703,4.575605038553476,77.0
10,readset,continuous,160,80.0,1,published_after_gate_recheck,19.144706893712282,4.829409997910261,77.0
10,predicate,continuous,161,80.5,1,published_after_gate_recheck,24.701932910829782,8.91862204298377,77.0
10,predicate,continuous,162,81.0,1,published_after_gate_recheck,23.988323751837015,9.494060650467873,77.0
10,global,discrete,163,81.5,1,published_after_gate_recheck,18.79833685234189,4.798342008143663,77.0
10,predicate,continuous,164,82.0,1,published_after_gate_recheck,19.06604878604412,4.926673136651516,77.0
10,predicate,discrete,165,82.5,1,published_after_gate_recheck,23.33170175552368,9.01820883154869,77.0
10,global,discrete,166,83.0,1,published_after_gate_recheck,18.81551928818226,4.656356293708086,77.0
10,readset,continuous,167,83.5,0,read_set_version_changed_at_gate,21.824355237185955,6.912918761372566,77.0
10,predicate,continuous,168,84.0,1,published_after_gate_recheck,23.499045986682177,9.588407818228006,77.0
10,readset,discrete,169,84.5,1,published_after_gate_recheck,23.647054098546505,9.31198988109827,77.0
10,global,continuous,170,85.0,1,published_after_gate_recheck,19.90426192060113,5.293230060487986,77.0
10,predicate,discrete,171,85.5,1,published_after_gate_recheck,17.79771037399769,4.05986700206995,77.0
10,predicate,discrete,172,86.0,1,published_after_gate_recheck,18.178282771259546,4.240827169269323,77.0
10,predicate,continuous,173,86.5,1,published_after_gate_recheck,17.893889918923378,4.935990087687969,77.0
10,global,continuous,174,87.0,0,context_version_changed_at_publish,23.116729222238064,9.093730710446835,77.0
10,global,discrete,175,87.5,0,context_version_changed_at_publish,24.160697124898434,9.449257981032133,77.0
10,predicate,discrete,176,88.001,1,published_after_gate_recheck,22.856370080262423,8.468267042189837,77.0
10,global,discrete,177,88.5,0,context_version_changed_at_publish,23.22125481441617,8.921828120946884,77.0
10,predicate,continuous,178,89.0,1,published_after_gate_recheck,24.970937054604292,9.440340101718903,77.0
10,predicate,discrete,179,89.5,1,published_after_gate_recheck,25.665811263024807,8.415969088673592,77.0
10,global,discrete,180,90.0,0,context_version_changed_at_publish,22.34479086473584,7.233841810375452,77.0
10,global,continuous,181,90.5,1,published_after_gate_recheck,18.498854711651802,4.656305070966482,77.0
10,readset,continuous,182,91.0,0,read_set_version_changed_at_gate,22.772022988647223,7.911141961812973,77.0
10,global,continuous,183,91.5,0,context_version_changed_at_publish,23.710813373327255,9.194999933242798,77.0
10,global,discrete,184,92.0,1,published_after_gate_recheck,18.335890024900436,4.390648100525141,77.0
10,readset,continuous,185,92.5,0,read_set_version_changed_at_gate,23.334858007729053,8.840244729071856,77.0
10,readset,continuous,186,93.0,1,published_after_gate_recheck,17.772101797163486,4.470025654882193,77.0
10,predicate,continuous,187,93.5,1,published_after_gate_recheck,24.615369737148285,7.726945914328098,77.0
10,predicate,continuous,188,94.0,1,published_after_gate_recheck,18.225071020424366,4.5289467088878155,77.0
10,readset,continuous,189,94.5,1,published_after_gate_recheck,18.238295800983906,4.697863012552261,77.0
10,global,continuous,190,95.0,0,context_version_changed_at_publish,24.307653307914734,10.187732987105846,77.0
10,predicate,discrete,191,95.501,1,published_after_gate_recheck,23.36104679852724,6.42230873927474,77.0
10,readset,continuous,192,96.0,0,read_set_version_changed_at_gate,23.962064180523157,9.262366686016321,77.0
10,readset,continuous,193,96.5,0,read_set_version_changed_at_gate,24.852746166288853,8.234248030930758,77.0
10,global,continuous,194,97.0,0,context_version_changed_at_publish,22.8984490968287,8.571851998567581,77.0
10,predicate,discrete,195,97.5,1,published_after_gate_recheck,23.2520317658782,9.352575987577438,77.0
10,readset,discrete,196,98.0,1,published_after_gate_recheck,18.602059222757816,4.810414742678404,77.0
10,predicate,continuous,197,98.5,1,published_after_gate_recheck,18.627476878464222,4.535829648375511,77.0
10,predicate,discrete,198,99.0,1,published_after_gate_recheck,23.913393262773752,10.239179711788893,77.0
10,predicate,continuous,199,99.5,1,published_after_gate_recheck,24.275503121316433,8.247614372521639,77.0
10,predicate,continuous,200,100.0,1,published_after_gate_recheck,23.51778093725443,9.099271148443222,77.0
10,global,continuous,201,100.501,0,context_version_changed_at_publish,22.9261820204556,9.139305911958218,77.0
10,predicate,continuous,202,101.0,1,published_after_gate_recheck,23.501469753682613,8.68305005133152,77.0
10,readset,continuous,203,101.5,0,read_set_version_changed_at_gate,23.241693153977394,9.011045098304749,77.0
10,readset,continuous,204,102.001,0,read_set_version_changed_at_gate,23.563886992633343,7.786417845636606,77.0
10,readset,continuous,205,102.5,0,read_set_version_changed_at_gate,24.01114720851183,9.259190876036882,77.0
10,predicate,discrete,206,103.0,1,published_after_gate_recheck,19.312242045998573,5.551233887672424,77.0
10,predicate,continuous,207,103.5,1,published_after_gate_recheck,23.442210163921118,8.807983715087175,77.0
10,readset,discrete,208,104.0,1,published_after_gate_recheck,27.381409890949726,7.108175661414862,77.0
10,readset,continuous,209,104.5,0,read_set_version_changed_at_gate,23.0397148989141,8.593641687184572,77.0
10,predicate,continuous,210,105.0,1,published_after_gate_recheck,24.483321700245142,10.306985583156347,77.0
10,predicate,discrete,211,105.5,1,published_after_gate_recheck,18.120294902473688,4.5473710633814335,77.0
10,global,continuous,212,106.003,0,context_version_changed_at_publish,21.082683000713587,7.668105885386467,77.0
10,global,discrete,213,106.5,1,published_after_gate_recheck,17.550555989146233,4.325895104557276,77.0
10,readset,continuous,214,107.0,0,read_set_version_changed_at_gate,22.74941885843873,8.5478569380939,77.0
10,global,discrete,215,107.5,0,context_version_changed_at_publish,23.683962877839804,8.950692135840654,77.0
10,predicate,discrete,216,108.0,1,published_after_gate_recheck,23.322423920035362,9.21013904735446,77.0
10,readset,continuous,217,108.5,1,published_after_gate_recheck,27.4100243113935,12.161144986748695,77.0
10,readset,continuous,218,109.0,1,published_after_gate_recheck,23.15522124990821,8.617798332124949,77.0
10,global,continuous,219,109.501,0,context_version_changed_at_publish,24.102347902953625,8.131104055792093,77.0
10,readset,continuous,220,110.0,1,published_after_gate_recheck,24.495115038007498,10.466926731169224,77.0
10,readset,continuous,221,110.5,1,published_after_gate_recheck,18.221945967525244,4.7599198296666145,77.0
10,readset,continuous,222,111.0,1,published_after_gate_recheck,18.21876037865877,4.725344944745302,77.0
10,global,continuous,223,111.5,0,context_version_changed_at_publish,22.50075386837125,7.9355379566550255,77.0
10,predicate,discrete,224,112.0,1,published_after_gate_recheck,31.292858067899942,10.855745989829302,77.0
10,predicate,continuous,225,112.5,1,published_after_gate_recheck,19.29385680705309,5.217568948864937,77.0
10,global,continuous,226,113.0,1,published_after_gate_recheck,18.540152814239264,4.716708790510893,77.0
10,global,continuous,227,113.5,0,context_version_changed_at_publish,25.142449885606766,9.545779321342707,77.0
10,readset,continuous,228,114.0,0,read_set_version_changed_at_gate,22.433917969465256,7.838144898414612,77.0
10,readset,continuous,229,114.5,0,read_set_version_changed_at_gate,24.442396126687527,9.484865237027407,77.0
10,predicate,continuous,230,115.0,1,published_after_gate_recheck,24.302504025399685,8.898414205759764,77.0
10,global,continuous,231,115.5,0,context_version_changed_at_publish,23.49326526746154,7.945597171783447,77.0
10,global,continuous,232,116.0,1,published_after_gate_recheck,19.359970930963755,4.788774065673351,77.0
10,predicate,continuous,233,116.5,1,published_after_gate_recheck,26.33633930236101,8.406180888414383,77.0
10,readset,continuous,234,117.0,0,read_set_version_changed_at_gate,23.395641706883907,8.305081166327,77.0
10,predicate,discrete,235,117.5,1,published_after_gate_recheck,24.770190007984638,9.277544915676117,77.0
10,global,continuous,236,118.0,0,context_version_changed_at_publish,24.0557799115777,8.73421598225832,77.0
10,global,discrete,237,118.5,1,published_after_gate_recheck,17.96448277309537,4.504822194576263,77.0
10,readset,continuous,238,119.001,1,published_after_gate_recheck,24.380188900977373,10.607731062918901,77.0
10,global,discrete,239,119.5,0,context_version_changed_at_publish,24.585144128650427,9.084293153136969,77.0
10,readset,continuous,240,120.0,0,read_set_version_changed_at_gate,26.287668384611607,11.899905279278755,77.0
10,readset,discrete,241,120.5,1,published_after_gate_recheck,25.74943844228983,10.022352915257215,77.0
10,global,continuous,242,121.0,0,context_version_changed_at_publish,23.82528828456998,8.172593079507351,77.0
10,predicate,continuous,243,121.5,1,published_after_gate_recheck,16.857735812664032,4.426554311066866,77.0
10,global,continuous,244,122.0,0,context_version_changed_at_publish,22.21595775336027,7.516301237046719,77.0
10,readset,continuous,245,122.5,0,read_set_version_changed_at_gate,22.650333121418953,7.798179984092712,77.0
10,predicate,continuous,246,123.0,1,published_after_gate_recheck,23.53309979662299,9.889794047921896,77.0
10,readset,discrete,247,123.5,1,published_after_gate_recheck,18.5704599134624,4.743839614093304,77.0
10,global,discrete,248,124.0,0,context_version_changed_at_publish,24.74202774465084,9.417648892849684,77.0
10,predicate,continuous,249,124.5,1,published_after_gate_recheck,23.861106019467115,9.771722834557295,77.0
10,predicate,discrete,250,125.0,1,published_after_gate_recheck,24.266035296022892,9.289797861129045,77.0
10,predicate,continuous,251,125.5,1,published_after_gate_recheck,23.48556090146303,9.073072113096714,77.0
10,predicate,discrete,252,126.0,1,published_after_gate_recheck,18.605935852974653,4.597084131091833,77.0
10,predicate,discrete,253,126.5,1,published_after_gate_recheck,18.695264123380184,4.9642641097307205,77.0
10,readset,discrete,254,127.0,1,published_after_gate_recheck,23.756208829581738,9.649583138525486,77.0
10,predicate,continuous,255,127.5,1,published_after_gate_recheck,26.71549003571272,7.550766225904226,77.0
10,readset,continuous,256,128.0,1,published_after_gate_recheck,19.379527308046818,4.874966107308865,77.0
10,global,discrete,257,128.5,1,published_after_gate_recheck,18.53593485429883,4.265873227268457,77.0
10,global,continuous,258,129.0,1,published_after_gate_recheck,18.12760904431343,4.29478706791997,77.0
10,global,continuous,259,129.501,1,published_after_gate_recheck,18.742493353784084,4.151127766817808,77.0
10,global,continuous,260,130.0,1,published_after_gate_recheck,16.716029960662127,4.335533827543259,77.0
10,readset,continuous,261,130.5,1,published_after_gate_recheck,19.11232713609934,4.373335279524326,77.0
10,global,discrete,262,131.0,1,published_after_gate_recheck,19.80844186618924,5.960852839052677,77.0
10,predicate,discrete,263,131.5,1,published_after_gate_recheck,18.893945962190628,4.430792294442654,77.0
10,global,continuous,264,132.0,1,published_after_gate_recheck,16.216462943702936,4.128845874220133,77.0
10,predicate,discrete,265,132.5,1,published_after_gate_recheck,19.30514769628644,4.447474144399166,77.0
10,global,continuous,266,133.0,1,published_after_gate_recheck,18.197921104729176,4.4114659540355206,77.0
10,predicate,continuous,267,133.5,1,published_after_gate_recheck,17.861089203506708,4.159603733569384,77.0
10,readset,continuous,268,134.0,1,published_after_gate_recheck,17.824819777160883,4.872992169111967,77.0
10,predicate,continuous,269,134.5,1,published_after_gate_recheck,20.43156186118722,5.450685974210501,77.0
10,readset,discrete,270,135.0,1,published_after_gate_recheck,18.229701090604067,4.257306922227144,77.0
10,readset,continuous,271,135.5,1,published_after_gate_recheck,18.20908160880208,4.287343006581068,77.0
10,predicate,discrete,272,136.0,1,published_after_gate_recheck,17.524308059364557,4.262878093868494,77.0
10,readset,discrete,273,136.5,1,published_after_gate_recheck,18.81608087569475,4.686751868575811,77.0
10,readset,continuous,274,137.0,1,published_after_gate_recheck,18.124532885849476,4.4731320813298225,77.0
10,global,discrete,275,137.5,1,published_after_gate_recheck,26.873918250203133,8.150411304086447,77.0
10,predicate,discrete,276,138.0,1,published_after_gate_recheck,17.645495012402534,4.461049102246761,77.0
10,predicate,continuous,277,138.5,1,published_after_gate_recheck,19.05658096075058,4.1479929350316525,77.0
10,readset,discrete,278,139.0,1,published_after_gate_recheck,18.49430613219738,4.451029933989048,77.0
10,predicate,discrete,279,139.5,1,published_after_gate_recheck,18.370875623077154,4.496035166084766,77.0
10,predicate,continuous,280,140.0,1,published_after_gate_recheck,17.513797152787447,4.872621037065983,77.0
10,global,discrete,281,140.5,1,published_after_gate_recheck,19.650024827569723,5.190075840801001,77.0
10,global,discrete,282,141.0,1,published_after_gate_recheck,18.601468298584223,4.796729888767004,77.0
10,predicate,discrete,283,141.501,1,published_after_gate_recheck,20.03345498815179,4.908889066427946,77.0
10,readset,continuous,284,142.0,1,published_after_gate_recheck,19.080056343227625,4.908137954771519,77.0
10,predicate,continuous,285,142.501,1,published_after_gate_recheck,24.087711237370968,9.647259023040533,77.0
10,readset,continuous,286,143.0,1,published_after_gate_recheck,19.519809633493423,4.807059187442064,77.0
10,predicate,continuous,287,143.5,1,published_after_gate_recheck,18.485700245946646,4.253880120813847,77.0
10,predicate,continuous,288,144.0,1,published_after_gate_recheck,18.592932261526585,4.647128749638796,77.0
10,global,continuous,289,144.5,1,published_after_gate_recheck,19.249854143708944,4.125379957258701,77.0
10,readset,continuous,290,145.0,1,published_after_gate_recheck,18.253163900226355,3.9764102548360825,77.0
10,global,continuous,291,145.5,1,published_after_gate_recheck,17.76299485936761,4.04332485049963,77.0
10,readset,discrete,292,146.0,1,published_after_gate_recheck,18.018914852291346,4.283436108380556,77.0
10,predicate,continuous,293,146.5,1,published_after_gate_recheck,19.65567609295249,5.263775121420622,77.0
10,predicate,continuous,294,147.0,1,published_after_gate_recheck,19.021044950932264,4.6439021825790405,77.0
10,readset,discrete,295,147.5,1,published_after_gate_recheck,18.750046845525503,5.037199705839157,77.0
10,predicate,continuous,296,148.0,1,published_after_gate_recheck,19.48048733174801,4.674199968576431,77.0
10,global,continuous,297,148.5,1,published_after_gate_recheck,18.731562420725822,4.351052921265364,77.0
10,readset,discrete,298,149.0,1,published_after_gate_recheck,19.57684801891446,4.5761349610984325,77.0
10,readset,continuous,299,149.5,1,published_after_gate_recheck,18.883035983890295,4.768215119838715,77.0
10,global,continuous,300,150.0,1,published_after_gate_recheck,19.293976947665215,4.723742138594389,77.0
10,readset,discrete,301,150.5,1,published_after_gate_recheck,20.455014891922474,5.127669777721167,77.0
10,predicate,continuous,302,151.0,1,published_after_gate_recheck,22.259130142629147,5.567234009504318,77.0
10,global,continuous,303,151.501,1,published_after_gate_recheck,21.518660709261894,4.679108038544655,77.0
10,global,continuous,304,152.0,1,published_after_gate_recheck,18.98010913282633,5.230492912232876,77.0
10,predicate,discrete,305,152.5,1,published_after_gate_recheck,17.573068849742413,4.457663279026747,77.0
10,global,discrete,306,153.0,1,published_after_gate_recheck,18.261299934238195,4.385337699204683,77.0
10,global,discrete,307,153.5,1,published_after_gate_recheck,21.110363770276308,7.077387999743223,77.0
10,predicate,continuous,308,154.0,1,published_after_gate_recheck,25.027414318174124,5.51399402320385,77.0
10,predicate,continuous,309,154.5,1,published_after_gate_recheck,19.938265904784203,4.794714972376823,77.0
10,readset,discrete,310,155.0,1,published_after_gate_recheck,19.046633038669825,4.6831960789859295,77.0
10,global,continuous,311,155.5,0,context_version_changed_at_publish,21.518840920180082,7.332717068493366,77.0
10,predicate,discrete,312,156.0,1,published_after_gate_recheck,19.456591922789812,5.008747335523367,77.0
10,readset,discrete,313,156.5,1,published_after_gate_recheck,18.77777883782983,4.757103975862265,77.0
10,readset,continuous,314,157.0,1,published_after_gate_recheck,19.369309302419424,4.711438901722431,77.0
10,global,discrete,315,157.5,1,published_after_gate_recheck,19.154655281454325,4.5030382461845875,77.0
10,predicate,continuous,316,158.001,1,published_after_gate_recheck,23.689243011176586,4.4887010008096695,77.0
10,readset,continuous,317,158.5,1,published_after_gate_recheck,17.940607853233814,4.54678013920784,77.0
10,readset,continuous,318,159.0,1,published_after_gate_recheck,19.27682524546981,4.630016162991524,77.0
10,global,discrete,319,159.5,1,published_after_gate_recheck,19.620920065790415,4.8802862875163555,77.0
10,predicate,continuous,320,160.0,1,published_after_gate_recheck,18.568094819784164,4.550728015601635,77.0
10,global,continuous,321,160.5,1,published_after_gate_recheck,20.518093835562468,5.545855034142733,77.0
10,readset,continuous,322,161.0,1,published_after_gate_recheck,19.082600250840187,4.958992823958397,77.0
10,global,discrete,323,161.5,1,published_after_gate_recheck,18.108322750777006,4.527974873781204,77.0
10,predicate,discrete,324,162.0,1,published_after_gate_recheck,18.634209875017405,4.759509116411209,77.0
10,predicate,discrete,325,162.5,1,published_after_gate_recheck,18.58581881970167,4.6037170104682446,77.0
10,readset,continuous,326,163.0,0,read_set_version_changed_at_gate,21.917718928307295,8.101079147309065,77.0
10,predicate,discrete,327,163.5,1,published_after_gate_recheck,19.858335610479116,4.623713903129101,77.0
10,global,continuous,328,164.0,1,published_after_gate_recheck,18.77434179186821,4.607233218848705,77.0
10,global,continuous,329,164.5,1,published_after_gate_recheck,19.967660773545504,5.121046677231789,77.0
10,predicate,discrete,330,165.0,1,published_after_gate_recheck,19.057983998209238,4.670553375035524,77.0
10,predicate,continuous,331,165.5,1,published_after_gate_recheck,18.722765147686005,4.4880397617816925,77.0
10,predicate,discrete,332,166.0,1,published_after_gate_recheck,19.71650030463934,5.246813874691725,77.0
10,readset,discrete,333,166.5,1,published_after_gate_recheck,20.751402247697115,4.58399998024106,77.0
10,predicate,discrete,334,167.0,1,published_after_gate_recheck,20.52192110568285,4.9138180911540985,77.0
10,predicate,discrete,335,167.5,1,published_after_gate_recheck,19.133936148136854,4.34564333409071,77.0
10,predicate,continuous,336,168.0,1,published_after_gate_recheck,21.25738002359867,4.905292298644781,77.0
10,readset,discrete,337,168.5,1,published_after_gate_recheck,17.443746328353882,4.371190909296274,77.0
10,readset,discrete,338,169.0,1,published_after_gate_recheck,17.08682579919696,4.257107153534889,77.0
10,global,discrete,339,169.5,1,published_after_gate_recheck,17.25986087694764,4.101104103028774,77.0
10,readset,discrete,340,170.0,1,published_after_gate_recheck,17.561457119882107,4.366412293165922,77.0
10,readset,discrete,341,170.5,1,published_after_gate_recheck,20.736102014780045,5.409238860011101,77.0
10,readset,discrete,342,171.0,1,published_after_gate_recheck,18.21804791688919,4.22288291156292,77.0
10,global,continuous,343,171.5,1,published_after_gate_recheck,17.87133701145649,4.342568106949329,77.0
10,readset,continuous,344,172.0,1,published_after_gate_recheck,17.765830270946026,4.451001062989235,77.0
10,global,discrete,345,172.5,1,published_after_gate_recheck,20.686829928308725,5.003216210752726,77.0
10,global,continuous,346,173.0,1,published_after_gate_recheck,18.560610711574554,4.517075140029192,77.0
10,predicate,continuous,347,173.5,1,published_after_gate_recheck,18.35069665685296,4.598888102918863,77.0
10,predicate,continuous,348,174.0,1,published_after_gate_recheck,19.046813249588013,4.558822140097618,77.0
10,global,continuous,349,174.5,1,published_after_gate_recheck,23.323186207562685,4.7842953354120255,77.0
10,readset,discrete,350,175.0,1,published_after_gate_recheck,17.283425200730562,4.356904421001673,77.0
10,global,continuous,351,175.5,1,published_after_gate_recheck,18.584677018225193,4.321567248553038,77.0
10,predicate,discrete,352,176.0,1,published_after_gate_recheck,18.618179950863123,4.343106877058744,77.0
10,readset,continuous,353,176.5,1,published_after_gate_recheck,17.911222763359547,4.355442244559526,77.0
10,global,continuous,354,177.0,1,published_after_gate_recheck,18.20616563782096,4.580894019454718,77.0
10,global,discrete,355,177.5,1,published_after_gate_recheck,18.952937331050634,4.535810090601444,77.0
10,global,discrete,356,178.0,1,published_after_gate_recheck,23.753443267196417,5.188613664358854,77.0
10,readset,continuous,357,178.5,1,published_after_gate_recheck,20.877658389508724,4.834719933569431,77.0
10,global,discrete,358,179.0,1,published_after_gate_recheck,19.39608808606863,4.477339796721935,77.0
10,predicate,continuous,359,179.5,1,published_after_gate_recheck,17.792189959436655,3.8730669766664505,77.0
10,predicate,discrete,360,180.0,1,published_after_gate_recheck,23.379832971841097,8.273541927337646,77.0
10,predicate,discrete,361,180.5,1,published_after_gate_recheck,19.74053494632244,5.052248947322369,77.0
10,predicate,discrete,362,181.0,1,published_after_gate_recheck,18.671879079192877,4.47235070168972,77.0
10,readset,discrete,363,181.5,1,published_after_gate_recheck,18.47039209678769,4.602605011314154,77.0
10,readset,discrete,364,182.0,1,published_after_gate_recheck,16.889536287635565,4.389445297420025,77.0
10,readset,discrete,365,182.5,1,published_after_gate_recheck,17.920469865202904,3.8703810423612595,77.0
10,readset,continuous,366,183.0,1,published_after_gate_recheck,23.299050983041525,5.373981781303883,77.0
10,predicate,discrete,367,183.5,1,published_after_gate_recheck,17.90951006114483,4.1249287314713,77.0
10,global,discrete,368,184.0,1,published_after_gate_recheck,18.67603836581111,4.362795036286116,77.0
10,readset,discrete,369,184.5,1,published_after_gate_recheck,19.057684112340212,4.55779954791069,77.0
10,global,discrete,370,185.0,1,published_after_gate_recheck,19.54824384301901,4.827416967600584,77.0
10,readset,discrete,371,185.5,1,published_after_gate_recheck,18.4814534150064,4.427987150847912,77.0
10,predicate,discrete,372,186.001,1,published_after_gate_recheck,20.750118885189295,4.54553822055459,77.0
10,global,continuous,373,186.5,1,published_after_gate_recheck,24.46631994098425,4.849908873438835,77.0
10,global,continuous,374,187.0,1,published_after_gate_recheck,17.860727850347757,4.753327928483486,77.0
10,predicate,discrete,375,187.5,1,published_after_gate_recheck,18.75930419191718,4.735785070806742,77.0
10,readset,discrete,376,188.0,1,published_after_gate_recheck,19.026796333491802,4.680772311985493,77.0
10,readset,continuous,377,188.5,1,published_after_gate_recheck,18.724629189819098,5.049322731792927,77.0
10,global,discrete,378,189.0,1,published_after_gate_recheck,18.266398925334215,4.212493076920509,77.0
10,readset,discrete,379,189.5,1,published_after_gate_recheck,18.644539173692465,4.96866088360548,77.0
10,global,discrete,380,190.0,1,published_after_gate_recheck,19.649934954941273,4.831565078347921,77.0
10,predicate,continuous,381,190.5,1,published_after_gate_recheck,19.87798186019063,5.048791877925396,77.0
10,predicate,continuous,382,191.0,1,published_after_gate_recheck,19.323392305523157,4.41091600805521,77.0
10,global,discrete,383,191.5,1,published_after_gate_recheck,21.973153110593557,6.4988830126821995,77.0
10,readset,continuous,384,192.0,1,published_after_gate_recheck,17.145426012575626,4.381310194730759,77.0
10,predicate,discrete,385,192.5,1,published_after_gate_recheck,17.264419235289097,3.900487907230854,77.0
10,readset,continuous,386,193.0,1,published_after_gate_recheck,18.25855439528823,4.649143200367689,77.0
10,global,discrete,387,193.5,1,published_after_gate_recheck,18.5886537656188,4.173350054770708,77.0
10,predicate,discrete,388,194.0,1,published_after_gate_recheck,17.18812622129917,4.362775012850761,77.0
10,readset,discrete,389,194.5,1,published_after_gate_recheck,20.392238162457943,4.82945004478097,77.0
10,predicate,discrete,390,195.0,1,published_after_gate_recheck,18.105987925082445,4.183398559689522,77.0
10,predicate,discrete,391,195.5,1,published_after_gate_recheck,19.114269874989986,4.530699923634529,77.0
10,global,discrete,392,196.0,1,published_after_gate_recheck,19.189119804650545,4.800816997885704,77.0
10,global,discrete,393,196.501,1,published_after_gate_recheck,19.22287279739976,4.936842247843742,77.0
10,readset,discrete,394,197.0,1,published_after_gate_recheck,18.87344801798463,4.505102057009935,77.0
10,readset,continuous,395,197.5,1,published_after_gate_recheck,18.098413944244385,4.324954003095627,77.0
10,global,discrete,396,198.0,1,published_after_gate_recheck,17.792961094528437,4.295299295336008,77.0
10,readset,continuous,397,198.5,1,published_after_gate_recheck,19.140217918902636,4.646627232432365,77.0
10,predicate,discrete,398,199.0,1,published_after_gate_recheck,19.248651806265116,4.766311962157488,77.0
10,readset,discrete,399,199.5,1,published_after_gate_recheck,17.599829006940126,4.334531258791685,77.0
10,predicate,discrete,400,200.001,1,published_after_gate_recheck,19.993428606539965,4.389575216919184,77.0
10,readset,discrete,401,200.5,1,published_after_gate_recheck,18.373209051787853,5.1223100163042545,77.0
10,global,discrete,402,201.0,1,published_after_gate_recheck,18.62500188872218,4.488450940698385,77.0
10,predicate,discrete,403,201.5,1,published_after_gate_recheck,18.26159982010722,4.611792974174023,77.0
10,readset,discrete,404,202.0,1,published_after_gate_recheck,19.761343952268362,4.949065390974283,77.0
10,readset,discrete,405,202.5,1,published_after_gate_recheck,19.29529896005988,4.590341821312904,77.0
10,global,discrete,406,203.0,1,published_after_gate_recheck,19.544196780771017,4.483371041715145,77.0
10,predicate,discrete,407,203.5,1,published_after_gate_recheck,18.750207033008337,4.240476060658693,77.0
10,predicate,continuous,408,204.0,1,published_after_gate_recheck,18.013425171375275,4.2741489596664906,77.0
10,readset,discrete,409,204.5,1,published_after_gate_recheck,17.63903209939599,3.938348963856697,77.0
10,readset,discrete,410,205.0,1,published_after_gate_recheck,18.25039880350232,4.569873213768005,77.0
10,global,continuous,411,205.5,1,published_after_gate_recheck,16.99340110644698,4.174141213297844,77.0
10,readset,continuous,412,206.0,1,published_after_gate_recheck,18.61972315236926,4.264529794454575,77.0
10,readset,discrete,413,206.5,1,published_after_gate_recheck,22.40012399852276,4.534838255494833,77.0
10,global,discrete,414,207.001,1,published_after_gate_recheck,19.28208488970995,4.719704855233431,77.0
10,readset,continuous,415,207.5,1,published_after_gate_recheck,18.453930970281363,4.645626060664654,77.0
10,predicate,discrete,416,208.0,1,published_after_gate_recheck,18.406052142381668,4.586344119161367,77.0
10,predicate,continuous,417,208.5,1,published_after_gate_recheck,18.32542009651661,4.519838839769363,77.0
10,readset,discrete,418,209.0,1,published_after_gate_recheck,18.61599599942565,4.539826884865761,77.0
10,readset,discrete,419,209.5,1,published_after_gate_recheck,19.515994004905224,4.490994848310947,77.0
10,readset,discrete,420,210.0,1,published_after_gate_recheck,19.849970005452633,4.905483219772577,77.0
10,predicate,continuous,421,210.5,1,published_after_gate_recheck,18.38333811610937,5.0864629447460175,77.0
10,readset,discrete,422,211.0,1,published_after_gate_recheck,19.373625982552767,4.794726148247719,77.0
10,readset,discrete,423,211.5,1,published_after_gate_recheck,19.412729889154434,4.921292886137962,77.0
10,predicate,continuous,424,212.0,1,published_after_gate_recheck,19.496558234095573,4.619265906512737,77.0
10,readset,continuous,425,212.5,1,published_after_gate_recheck,19.961028825491667,4.928766749799252,77.0
10,readset,continuous,426,213.0,1,published_after_gate_recheck,18.090580124408007,4.410495050251484,77.0
10,predicate,discrete,427,213.5,1,published_after_gate_recheck,17.82980002462864,4.307079594582319,77.0
10,predicate,discrete,428,214.0,1,published_after_gate_recheck,16.347758937627077,4.358577076345682,77.0
10,global,continuous,429,214.5,1,published_after_gate_recheck,19.15646903216839,4.577658139169216,77.0
10,predicate,discrete,430,215.0,1,published_after_gate_recheck,18.95595295354724,4.7187828458845615,77.0
10,readset,discrete,431,215.5,1,published_after_gate_recheck,21.376464050263166,4.550427198410034,77.0
10,readset,continuous,432,216.0,1,published_after_gate_recheck,21.084635984152555,6.14265538752079,77.0
10,readset,discrete,433,216.5,1,published_after_gate_recheck,19.07378388568759,4.841984249651432,77.0
10,predicate,discrete,434,217.0,1,published_after_gate_recheck,18.738826271146536,4.694057162851095,77.0
10,global,continuous,435,217.5,1,published_after_gate_recheck,17.701038159430027,4.151197616010904,77.0
10,global,discrete,436,218.0,1,published_after_gate_recheck,17.920510843396187,4.726246930658817,77.0
10,global,continuous,437,218.501,1,published_after_gate_recheck,18.879719078540802,4.379296209663153,77.0
10,global,continuous,438,219.0,1,published_after_gate_recheck,19.027647096663713,4.482700023800135,77.0
10,global,continuous,439,219.5,1,published_after_gate_recheck,16.522838734090328,4.4607981108129025,77.0
10,predicate,discrete,440,220.0,1,published_after_gate_recheck,18.61847983673215,5.080291070044041,77.0
10,global,discrete,441,220.5,1,published_after_gate_recheck,19.91723570972681,5.073888693004847,77.0
10,predicate,continuous,442,221.0,1,published_after_gate_recheck,19.388354383409023,4.73184697329998,77.0
10,predicate,discrete,443,221.5,1,published_after_gate_recheck,28.70690682902932,5.009518936276436,77.0
10,readset,discrete,444,222.0,1,published_after_gate_recheck,19.150828011333942,4.533436149358749,77.0
10,predicate,continuous,445,222.5,1,published_after_gate_recheck,20.271841902285814,4.834470339119434,77.0
10,readset,continuous,446,223.0,1,published_after_gate_recheck,18.39127391576767,4.34637488797307,77.0
10,global,discrete,447,223.5,1,published_after_gate_recheck,19.83707584440708,4.809532780200243,77.0
10,global,discrete,448,224.0,1,published_after_gate_recheck,18.956633750349283,4.505313001573086,77.0
10,global,continuous,449,224.5,1,published_after_gate_recheck,19.662588834762573,4.609999246895313,77.0
10,global,continuous,450,225.0,1,published_after_gate_recheck,18.777748104184866,4.684808664023876,77.0
10,global,continuous,451,225.5,1,published_after_gate_recheck,17.099821008741856,4.718882963061333,77.0
10,global,discrete,452,226.0,1,published_after_gate_recheck,18.739746883511543,4.939026199281216,77.0
10,predicate,continuous,453,226.5,1,published_after_gate_recheck,19.792342092841864,4.449027124792337,77.0
10,predicate,continuous,454,227.0,1,published_after_gate_recheck,19.344571977853775,4.659691825509071,77.0
10,global,continuous,455,227.5,1,published_after_gate_recheck,20.859193988144398,5.266200285404921,77.0
10,predicate,discrete,456,228.0,1,published_after_gate_recheck,19.844138994812965,4.795345943421125,77.0
10,readset,discrete,457,228.5,1,published_after_gate_recheck,18.37911084294319,4.355511162430048,77.0
10,global,continuous,458,229.0,1,published_after_gate_recheck,18.553799018263817,4.562570247799158,77.0
10,predicate,discrete,459,229.5,1,published_after_gate_recheck,20.00348875299096,4.92602214217186,77.0
10,readset,discrete,460,230.0,1,published_after_gate_recheck,18.159268889576197,4.219566006213427,77.0
10,global,discrete,461,230.5,1,published_after_gate_recheck,19.41174827516079,4.383704159408808,77.0
10,readset,continuous,462,231.0,0,read_set_version_changed_at_gate,18.09025928378105,6.069086026400328,77.0
10,readset,continuous,463,231.5,1,published_after_gate_recheck,18.25158204883337,4.698514007031918,77.0
10,readset,discrete,464,232.0,1,published_after_gate_recheck,19.2665858194232,4.6782768331468105,77.0
10,predicate,continuous,465,232.5,1,published_after_gate_recheck,18.78749579191208,4.4038123451173306,77.0
10,readset,continuous,466,233.0,1,published_after_gate_recheck,19.55131022259593,4.957871045917273,77.0
10,global,discrete,467,233.5,1,published_after_gate_recheck,20.01111302524805,4.907446913421154,77.0
10,global,discrete,468,234.0,1,published_after_gate_recheck,18.158115912228823,4.44420799612999,77.0
10,predicate,discrete,469,234.5,1,published_after_gate_recheck,18.583203200250864,4.422146826982498,77.0
10,predicate,discrete,470,235.0,1,published_after_gate_recheck,18.411862663924694,4.008289892226458,77.0
10,readset,discrete,471,235.5,1,published_after_gate_recheck,19.5541949942708,4.3944548815488815,77.0
10,global,continuous,472,236.0,1,published_after_gate_recheck,19.404193852096796,4.571676719933748,77.0
10,global,discrete,473,236.5,1,published_after_gate_recheck,23.83475610986352,4.625978879630566,77.0
10,global,continuous,474,237.0,1,published_after_gate_recheck,18.319479189813137,4.326758440583944,77.0
10,predicate,continuous,475,237.5,1,published_after_gate_recheck,18.54014303535223,4.435691051185131,77.0
10,global,continuous,476,238.0,1,published_after_gate_recheck,19.960056990385056,4.668187815696001,77.0
10,readset,continuous,477,238.503,1,published_after_gate_recheck,18.50920543074608,4.864496644586325,77.0
10,predicate,discrete,478,239.0,1,published_after_gate_recheck,17.018287908285856,4.584089852869511,77.0
10,global,continuous,479,239.5,1,published_after_gate_recheck,19.299206789582968,4.551467951387167,77.0
10,global,discrete,480,240.0,0,context_version_changed_at_publish,24.973853025585413,8.090879302471876,77.0
10,global,discrete,481,240.5,1,published_after_gate_recheck,19.3624054081738,4.631840158253908,77.0
10,readset,continuous,482,241.0,1,published_after_gate_recheck,18.785432912409306,4.198155831545591,77.0
10,readset,continuous,483,241.5,1,published_after_gate_recheck,17.31996424496174,4.050279036164284,77.0
10,readset,continuous,484,242.0,1,published_after_gate_recheck,17.959153279662132,4.31828061118722,77.0
10,predicate,continuous,485,242.5,1,published_after_gate_recheck,19.054207019507885,4.64084604755044,77.0
10,readset,discrete,486,243.0,1,published_after_gate_recheck,18.590247258543968,4.6381112188100815,77.0
10,readset,discrete,487,243.5,1,published_after_gate_recheck,19.24844179302454,4.869495052844286,77.0
10,predicate,continuous,488,244.0,1,published_after_gate_recheck,18.4680069796741,4.270883277058601,77.0
10,readset,discrete,489,244.5,1,published_after_gate_recheck,19.021205138415098,4.267846699804068,77.0
10,readset,continuous,490,245.0,1,published_after_gate_recheck,22.171454969793558,4.996464122086763,77.0
10,readset,discrete,491,245.5,1,published_after_gate_recheck,18.855865113437176,4.391668830066919,77.0
10,predicate,discrete,492,246.0,1,published_after_gate_recheck,18.98640999570489,4.400365054607391,77.0
10,readset,discrete,493,246.5,1,published_after_gate_recheck,19.247600808739662,4.422526806592941,77.0
10,predicate,continuous,494,247.0,1,published_after_gate_recheck,18.04047590121627,4.297052044421434,77.0
10,readset,discrete,495,247.5,1,published_after_gate_recheck,18.081061076372862,4.1584717109799385,77.0
10,readset,continuous,496,248.0,1,published_after_gate_recheck,19.820404704660177,4.848776385188103,77.0
10,readset,discrete,497,248.5,1,published_after_gate_recheck,18.572122789919376,4.452082794159651,77.0
10,global,continuous,498,249.0,1,published_after_gate_recheck,19.538566004484892,5.405891221016645,77.0
10,predicate,continuous,499,249.5,1,published_after_gate_recheck,18.72368762269616,4.673818126320839,77.0
10,predicate,continuous,500,250.0,1,published_after_gate_recheck,20.438434090465307,4.53444616869092,77.0
10,global,continuous,501,250.5,1,published_after_gate_recheck,19.571376964449883,4.756873939186335,77.0
10,global,continuous,502,251.0,1,published_after_gate_recheck,20.571252796798944,4.814822692424059,77.0
10,global,continuous,503,251.5,1,published_after_gate_recheck,18.824697006493807,4.670863039791584,77.0
10,global,discrete,504,252.0,1,published_after_gate_recheck,18.688751850277185,4.5286063104867935,77.0
10,readset,discrete,505,252.5,1,published_after_gate_recheck,19.13239434361458,5.261099897325039,77.0
10,global,discrete,506,253.0,1,published_after_gate_recheck,19.0895339474082,4.703473765403032,77.0
10,predicate,continuous,507,253.5,1,published_after_gate_recheck,19.3737568333745,4.585121758282185,77.0
10,readset,discrete,508,254.0,1,published_after_gate_recheck,18.751519732177258,4.804103169590235,77.0
10,global,continuous,509,254.5,1,published_after_gate_recheck,18.460143357515335,4.6736979857087135,77.0
10,readset,continuous,510,255.0,1,published_after_gate_recheck,17.70741119980812,4.6211001463234425,77.0
10,readset,continuous,511,255.5,1,published_after_gate_recheck,21.3032360188663,5.269345827400684,77.0
10,global,discrete,512,256.001,1,published_after_gate_recheck,17.95622706413269,4.261374939233065,77.0
10,predicate,continuous,513,256.5,1,published_after_gate_recheck,20.342773757874966,4.526892211288214,77.0
10,predicate,continuous,514,257.0,1,published_after_gate_recheck,20.02687193453312,5.859903991222382,77.0
10,global,discrete,515,257.5,1,published_after_gate_recheck,19.054988864809275,4.733068868517876,77.0
10,predicate,continuous,516,258.0,1,published_after_gate_recheck,18.51434400305152,4.568260163068771,77.0
10,global,continuous,517,258.5,1,published_after_gate_recheck,18.46476225182414,4.709805827587843,77.0
10,readset,continuous,518,259.0,1,published_after_gate_recheck,24.05337570235133,6.546151824295521,77.0
10,predicate,continuous,519,259.5,1,published_after_gate_recheck,21.507218945771456,6.122988183051348,77.0
10,predicate,discrete,520,260.0,1,published_after_gate_recheck,18.563667312264442,4.747066181153059,77.0
10,predicate,discrete,521,260.5,1,published_after_gate_recheck,17.971986904740334,4.362544976174831,77.0
10,readset,continuous,522,261.0,1,published_after_gate_recheck,16.978522762656212,4.6081459149718285,77.0
10,global,discrete,523,261.5,1,published_after_gate_recheck,18.116347026079893,4.239865113049746,77.0
10,global,continuous,524,262.0,1,published_after_gate_recheck,21.612938027828932,3.9108069613575935,77.0
10,global,continuous,525,262.5,1,published_after_gate_recheck,18.77518417313695,4.742637742310762,77.0
10,predicate,discrete,526,263.0,1,published_after_gate_recheck,19.227121956646442,5.086722783744335,77.0
10,predicate,continuous,527,263.5,1,published_after_gate_recheck,17.640694975852966,4.151098430156708,77.0
10,global,discrete,528,264.0,1,published_after_gate_recheck,18.48140312358737,4.170204047113657,77.0
10,readset,discrete,529,264.5,1,published_after_gate_recheck,17.413418740034103,3.9714397862553596,77.0
10,predicate,continuous,530,265.0,1,published_after_gate_recheck,18.70398037135601,4.457372240722179,77.0
10,readset,continuous,531,265.5,1,published_after_gate_recheck,19.775088876485825,4.568822216242552,77.0
10,global,discrete,532,266.0,1,published_after_gate_recheck,18.83290195837617,4.206300713121891,77.0
10,predicate,discrete,533,266.5,1,published_after_gate_recheck,19.219307228922844,4.639594815671444,77.0
10,global,discrete,534,267.0,1,published_after_gate_recheck,17.823318019509315,4.564834292978048,77.0
10,readset,discrete,535,267.5,1,published_after_gate_recheck,16.60196715965867,4.141539800912142,77.0
10,global,discrete,536,268.0,1,published_after_gate_recheck,17.728219740092754,4.791079089045525,77.0
10,predicate,continuous,537,268.5,1,published_after_gate_recheck,18.008004873991013,4.505152348428965,77.0
10,readset,continuous,538,269.0,1,published_after_gate_recheck,19.2401260137558,4.061750136315823,77.0
10,global,discrete,539,269.5,1,published_after_gate_recheck,17.728019040077925,4.319243133068085,77.0
10,global,continuous,540,270.0,1,published_after_gate_recheck,18.80153315141797,4.322358872741461,77.0
10,global,discrete,541,270.5,1,published_after_gate_recheck,19.779327791184187,4.922674968838692,77.0
10,global,discrete,542,271.0,1,published_after_gate_recheck,19.6438729763031,4.70646983012557,77.0
10,predicate,continuous,543,271.5,1,published_after_gate_recheck,18.05524295195937,4.861239809542894,77.0
10,predicate,continuous,544,272.0,1,published_after_gate_recheck,21.610042080283165,4.658409859985113,77.0
10,predicate,discrete,545,272.5,1,published_after_gate_recheck,18.932919949293137,4.289267119020224,77.0
10,readset,continuous,546,273.0,1,published_after_gate_recheck,19.505274016410112,4.905943758785725,77.0
10,predicate,continuous,547,273.5,1,published_after_gate_recheck,18.775674980133772,4.703453741967678,77.0
10,predicate,discrete,548,274.0,1,published_after_gate_recheck,18.939021043479443,4.665162414312363,77.0
10,predicate,discrete,549,274.5,1,published_after_gate_recheck,18.340317998081446,4.617853090167046,77.0
10,global,continuous,550,275.001,1,published_after_gate_recheck,18.51779082790017,4.384366329759359,77.0
10,predicate,discrete,551,275.5,1,published_after_gate_recheck,17.742025200277567,4.198327194899321,77.0
10,global,discrete,552,276.0,1,published_after_gate_recheck,19.16253101080656,4.743730183690786,77.0
10,readset,continuous,553,276.5,1,published_after_gate_recheck,18.399679102003574,4.182667937129736,77.0
10,global,discrete,554,277.0,1,published_after_gate_recheck,16.834181733429432,3.9783543907105923,77.0
10,predicate,continuous,555,277.5,1,published_after_gate_recheck,17.34290597960353,3.8989451713860035,77.0
10,predicate,continuous,556,278.0,1,published_after_gate_recheck,18.475281074643135,4.1666473262012005,77.0
10,predicate,discrete,557,278.5,1,published_after_gate_recheck,20.455867052078247,4.869184922426939,77.0
10,predicate,discrete,558,279.0,1,published_after_gate_recheck,19.261586014181376,5.220895167440176,77.0
10,readset,continuous,559,279.5,1,published_after_gate_recheck,19.555968698114157,4.85001876950264,77.0
10,predicate,continuous,560,280.0,1,published_after_gate_recheck,19.03180591762066,4.475967958569527,77.0
10,readset,continuous,561,280.5,1,published_after_gate_recheck,18.882895819842815,4.335763864219189,77.0
10,readset,discrete,562,281.0,1,published_after_gate_recheck,17.647798638790846,4.186965059489012,77.0
10,readset,continuous,563,281.5,1,published_after_gate_recheck,18.70305882766843,4.8309736885130405,77.0
10,global,discrete,564,282.0,1,published_after_gate_recheck,19.6979446336627,5.441098008304834,77.0
10,global,discrete,565,282.5,1,published_after_gate_recheck,19.8942543938756,4.911093041300774,77.0
10,global,discrete,566,283.0,1,published_after_gate_recheck,19.06258286908269,4.487269092351198,77.0
10,readset,discrete,567,283.5,1,published_after_gate_recheck,17.676913179457188,4.2992462404072285,77.0
10,global,continuous,568,284.0,1,published_after_gate_recheck,19.35043279081583,4.870506934821606,77.0
10,predicate,discrete,569,284.5,1,published_after_gate_recheck,17.336043994873762,3.8248561322689056,77.0
10,global,continuous,570,285.0,1,published_after_gate_recheck,19.02151620015502,4.731306340545416,77.0
10,predicate,discrete,571,285.5,1,published_after_gate_recheck,18.62794766202569,4.466370213776827,77.0
10,global,continuous,572,286.0,1,published_after_gate_recheck,19.557661842554808,4.821395967155695,77.0
10,global,continuous,573,286.5,1,published_after_gate_recheck,19.71521694213152,5.912733264267445,77.0
10,readset,continuous,574,287.0,1,published_after_gate_recheck,19.20694299042225,4.852444399148226,77.0
10,global,discrete,575,287.5,1,published_after_gate_recheck,18.206547014415264,4.491737112402916,77.0
10,global,discrete,576,288.0,1,published_after_gate_recheck,17.528163734823465,4.7855679877102375,77.0
10,global,discrete,577,288.5,1,published_after_gate_recheck,18.085579853504896,4.333851393312216,77.0
10,global,discrete,578,289.0,1,published_after_gate_recheck,18.152376171201468,4.479733761399984,77.0
10,global,continuous,579,289.5,1,published_after_gate_recheck,19.022968132048845,4.386429209262133,77.0
10,global,discrete,580,290.0,1,published_after_gate_recheck,17.898438964039087,4.13685105741024,77.0
10,readset,discrete,581,290.5,1,published_after_gate_recheck,18.481924198567867,4.756052978336811,77.0
10,readset,discrete,582,291.0,1,published_after_gate_recheck,19.511705730110407,4.535479005426168,77.0
10,predicate,discrete,583,291.5,1,published_after_gate_recheck,18.952256068587303,4.822556860744953,77.0
10,predicate,continuous,584,292.0,1,published_after_gate_recheck,19.293866120278835,4.293073900043964,77.0
10,global,continuous,585,292.5,1,published_after_gate_recheck,17.882409039884806,3.997799940407276,77.0
10,global,continuous,586,293.0,1,published_after_gate_recheck,18.038711976259947,4.242167808115482,77.0
10,global,continuous,587,293.5,1,published_after_gate_recheck,18.424776382744312,4.465306643396616,77.0
10,global,discrete,588,294.0,1,published_after_gate_recheck,18.417792860418558,4.608465824276209,77.0
10,predicate,continuous,589,294.5,1,published_after_gate_recheck,19.63681122288108,4.754029680043459,77.0
10,global,discrete,590,295.001,1,published_after_gate_recheck,20.453020930290222,5.748273804783821,77.0
10,predicate,continuous,591,295.5,1,published_after_gate_recheck,18.196688033640385,4.413329996168613,77.0
10,readset,discrete,592,296.0,1,published_after_gate_recheck,18.357160035520792,4.521332681179047,77.0
10,predicate,discrete,593,296.5,1,published_after_gate_recheck,17.966505605727434,4.554264713078737,77.0
10,readset,discrete,594,297.0,1,published_after_gate_recheck,19.687124993652105,5.352240987122059,77.0
10,readset,continuous,595,297.5,1,published_after_gate_recheck,17.821854911744595,3.9403815753757954,77.0
10,global,discrete,596,298.0,1,published_after_gate_recheck,19.517155829817057,4.459606017917395,77.0
10,global,continuous,597,298.5,1,published_after_gate_recheck,18.598061986267567,4.64929174631834,77.0
10,predicate,discrete,598,299.0,1,published_after_gate_recheck,17.735993955284357,4.143203143030405,77.0
10,predicate,continuous,599,299.5,1,published_after_gate_recheck,19.170735962688923,4.35011088848114,77.0
