version_scope,pattern,target_rate_hz,run,gateway_released,outcome,reason,e2e_latency_ms,validation_to_gate_ms,achieved_rate_hz,goodput_ips
global,unrelated,0,0,1,EXECUTE,published_after_gate_recheck,50.46757776290178,17.183226067572832,0.0,20.535802742402925
global,unrelated,0,1,1,EXECUTE,published_after_gate_recheck,47.56469186395407,14.27289703860879,0.0,20.535802742402925
global,unrelated,0,2,1,EXECUTE,published_after_gate_recheck,47.060476150363684,10.992781724780798,0.0,20.535802742402925
global,unrelated,0,3,1,EXECUTE,published_after_gate_recheck,42.40975109860301,10.284132789820433,0.0,20.535802742402925
global,unrelated,0,4,1,EXECUTE,published_after_gate_recheck,49.45379588752985,11.706310790032148,0.0,20.535802742402925
global,unrelated,0,5,1,EXECUTE,published_after_gate_recheck,48.07751439511776,15.243055764585733,0.0,20.535802742402925
global,unrelated,0,6,1,EXECUTE,published_after_gate_recheck,52.989969961345196,14.465257059782743,0.0,20.535802742402925
global,unrelated,0,7,1,EXECUTE,published_after_gate_recheck,53.24940616264939,16.777966171503067,0.0,20.535802742402925
global,unrelated,0,8,1,EXECUTE,published_after_gate_recheck,42.37917298451066,14.294757042080164,0.0,20.535802742402925
global,unrelated,0,9,1,EXECUTE,published_after_gate_recheck,45.39379896596074,11.636439710855484,0.0,20.535802742402925
global,unrelated,0,10,1,EXECUTE,published_after_gate_recheck,54.27586194127798,16.751667018979788,0.0,20.535802742402925
global,unrelated,0,11,1,EXECUTE,published_after_gate_recheck,45.18892476335168,13.186778407543898,0.0,20.535802742402925
global,unrelated,0,12,1,EXECUTE,published_after_gate_recheck,47.73626383394003,11.578190606087446,0.0,20.535802742402925
global,unrelated,0,13,1,EXECUTE,published_after_gate_recheck,40.62737710773945,11.326679028570652,0.0,20.535802742402925
global,unrelated,0,14,1,EXECUTE,published_after_gate_recheck,50.544220954179764,15.731201972812414,0.0,20.535802742402925
global,unrelated,0,15,1,EXECUTE,published_after_gate_recheck,47.21455508843064,16.439680941402912,0.0,20.535802742402925
global,unrelated,0,16,1,EXECUTE,published_after_gate_recheck,46.77837714552879,13.747620861977339,0.0,20.535802742402925
global,unrelated,0,17,1,EXECUTE,published_after_gate_recheck,48.13897889107466,10.395693127065897,0.0,20.535802742402925
global,unrelated,0,18,1,EXECUTE,published_after_gate_recheck,44.51912781223655,13.285202905535698,0.0,20.535802742402925
global,unrelated,0,19,1,EXECUTE,published_after_gate_recheck,56.23891483992338,13.908632099628448,0.0,20.535802742402925
global,unrelated,0,20,1,EXECUTE,published_after_gate_recheck,38.375483360141516,10.51346305757761,0.0,20.535802742402925
global,unrelated,0,21,1,EXECUTE,published_after_gate_recheck,47.047060914337635,11.993349064141512,0.0,20.535802742402925
global,unrelated,0,22,1,EXECUTE,published_after_gate_recheck,50.099316984415054,10.816853027790785,0.0,20.535802742402925
global,unrelated,0,23,1,EXECUTE,published_after_gate_recheck,44.50014280155301,11.559376027435064,0.0,20.535802742402925
global,unrelated,0,24,1,EXECUTE,published_after_gate_recheck,54.860498290508986,13.831909280270338,0.0,20.535802742402925
global,unrelated,0,25,1,EXECUTE,published_after_gate_recheck,60.28157891705632,19.375759176909924,0.0,20.535802742402925
global,unrelated,0,26,1,EXECUTE,published_after_gate_recheck,46.487961895763874,13.512108940631151,0.0,20.535802742402925
global,unrelated,0,27,1,EXECUTE,published_after_gate_recheck,48.07936726137996,12.406955007463694,0.0,20.535802742402925
global,unrelated,0,28,1,EXECUTE,published_after_gate_recheck,48.06701419875026,13.605343643575907,0.0,20.535802742402925
global,unrelated,0,29,1,EXECUTE,published_after_gate_recheck,52.381087094545364,12.664268724620342,0.0,20.535802742402925
global,unrelated,0,30,1,EXECUTE,published_after_gate_recheck,44.357245322316885,14.662768226116896,0.0,20.535802742402925
global,unrelated,0,31,1,EXECUTE,published_after_gate_recheck,40.53138708695769,8.279502857476473,0.0,20.535802742402925
global,unrelated,0,32,1,EXECUTE,published_after_gate_recheck,60.070402920246124,19.712490029633045,0.0,20.535802742402925
global,unrelated,0,33,1,EXECUTE,published_after_gate_recheck,48.66744112223387,11.37599116191268,0.0,20.535802742402925
global,unrelated,0,34,1,EXECUTE,published_after_gate_recheck,52.35436698421836,13.035503681749105,0.0,20.535802742402925
global,unrelated,0,35,1,EXECUTE,published_after_gate_recheck,49.66451087966561,15.192721970379353,0.0,20.535802742402925
global,unrelated,0,36,1,EXECUTE,published_after_gate_recheck,43.0821031332016,13.33495695143938,0.0,20.535802742402925
global,unrelated,0,37,1,EXECUTE,published_after_gate_recheck,55.970882065594196,14.48793988674879,0.0,20.535802742402925
global,unrelated,0,38,1,EXECUTE,published_after_gate_recheck,46.4814892038703,14.945217873901129,0.0,20.535802742402925
global,unrelated,0,39,1,EXECUTE,published_after_gate_recheck,49.97695796191692,12.62562582269311,0.0,20.535802742402925
global,unrelated,0,40,1,EXECUTE,published_after_gate_recheck,44.599689077585936,12.744649313390255,0.0,20.535802742402925
global,unrelated,0,41,1,EXECUTE,published_after_gate_recheck,51.84422992169857,18.740566913038492,0.0,20.535802742402925
global,unrelated,0,42,1,EXECUTE,published_after_gate_recheck,48.00779279321432,9.203225839883089,0.0,20.535802742402925
global,unrelated,0,43,1,EXECUTE,published_after_gate_recheck,43.81020786240697,14.173859730362892,0.0,20.535802742402925
global,unrelated,0,44,1,EXECUTE,published_after_gate_recheck,50.171080976724625,14.284166973084211,0.0,20.535802742402925
global,unrelated,0,45,1,EXECUTE,published_after_gate_recheck,50.68000592291355,13.345817103981972,0.0,20.535802742402925
global,unrelated,0,46,1,EXECUTE,published_after_gate_recheck,48.39272517710924,13.226992916315794,0.0,20.535802742402925
global,unrelated,0,47,1,EXECUTE,published_after_gate_recheck,45.208611991256475,15.672472305595875,0.0,20.535802742402925
global,unrelated,0,48,1,EXECUTE,published_after_gate_recheck,53.541413974016905,13.58421379700303,0.0,20.535802742402925
global,unrelated,0,49,1,EXECUTE,published_after_gate_recheck,47.446370124816895,10.966863948851824,0.0,20.535802742402925
global,unrelated,0,50,1,EXECUTE,published_after_gate_recheck,47.86839196458459,12.089109979569912,0.0,20.535802742402925
global,unrelated,0,51,1,EXECUTE,published_after_gate_recheck,49.50646357610822,12.97001214697957,0.0,20.535802742402925
global,unrelated,0,52,1,EXECUTE,published_after_gate_recheck,51.01822968572378,11.239356361329556,0.0,20.535802742402925
global,unrelated,0,53,1,EXECUTE,published_after_gate_recheck,54.011094849556684,11.990624945610762,0.0,20.535802742402925
global,unrelated,0,54,1,EXECUTE,published_after_gate_recheck,50.8073247037828,16.385167837142944,0.0,20.535802742402925
global,unrelated,0,55,1,EXECUTE,published_after_gate_recheck,41.53259610757232,11.56612765043974,0.0,20.535802742402925
global,unrelated,0,56,1,EXECUTE,published_after_gate_recheck,43.08745311573148,9.644022211432457,0.0,20.535802742402925
global,unrelated,0,57,1,EXECUTE,published_after_gate_recheck,53.13368933275342,14.686242211610079,0.0,20.535802742402925
global,unrelated,0,58,1,EXECUTE,published_after_gate_recheck,48.05911937728524,16.65134821087122,0.0,20.535802742402925
global,unrelated,0,59,1,EXECUTE,published_after_gate_recheck,48.48628072068095,11.548735201358795,0.0,20.535802742402925
global,unrelated,0,60,1,EXECUTE,published_after_gate_recheck,45.78025406226516,14.567378908395767,0.0,20.535802742402925
global,unrelated,0,61,1,EXECUTE,published_after_gate_recheck,46.79248295724392,15.112121123820543,0.0,20.535802742402925
global,unrelated,0,62,1,EXECUTE,published_after_gate_recheck,45.906021259725094,12.465254869312048,0.0,20.535802742402925
global,unrelated,0,63,1,EXECUTE,published_after_gate_recheck,47.40506270900369,14.198295772075653,0.0,20.535802742402925
global,unrelated,0,64,1,EXECUTE,published_after_gate_recheck,58.92567476257682,17.79538532719016,0.0,20.535802742402925
global,unrelated,0,65,1,EXECUTE,published_after_gate_recheck,52.57756635546684,14.596092980355024,0.0,20.535802742402925
global,unrelated,0,66,1,EXECUTE,published_after_gate_recheck,52.89093405008316,13.438941910862923,0.0,20.535802742402925
global,unrelated,0,67,1,EXECUTE,published_after_gate_recheck,45.516999904066324,10.222848039120436,0.0,20.535802742402925
global,unrelated,0,68,1,EXECUTE,published_after_gate_recheck,52.11112089455128,15.867388341575861,0.0,20.535802742402925
global,unrelated,0,69,1,EXECUTE,published_after_gate_recheck,58.893044013530016,19.26516182720661,0.0,20.535802742402925
global,unrelated,0,70,1,EXECUTE,published_after_gate_recheck,52.72250808775425,17.9878449998796,0.0,20.535802742402925
global,unrelated,0,71,1,EXECUTE,published_after_gate_recheck,45.514936093240976,15.396153088659048,0.0,20.535802742402925
global,unrelated,0,72,1,EXECUTE,published_after_gate_recheck,48.27134823426604,17.509627621620893,0.0,20.535802742402925
global,unrelated,0,73,1,EXECUTE,published_after_gate_recheck,44.75034214556217,7.654179353266954,0.0,20.535802742402925
global,unrelated,0,74,1,EXECUTE,published_after_gate_recheck,51.89699027687311,13.625621795654297,0.0,20.535802742402925
global,unrelated,0,75,1,EXECUTE,published_after_gate_recheck,46.81170918047428,15.828373841941357,0.0,20.535802742402925
global,unrelated,0,76,1,EXECUTE,published_after_gate_recheck,47.98677284270525,18.93777772784233,0.0,20.535802742402925
global,unrelated,0,77,1,EXECUTE,published_after_gate_recheck,47.29408398270607,12.4977957457304,0.0,20.535802742402925
global,unrelated,0,78,1,EXECUTE,published_after_gate_recheck,46.59125488251448,13.901750091463327,0.0,20.535802742402925
global,unrelated,0,79,1,EXECUTE,published_after_gate_recheck,49.04227377846837,15.074910130351782,0.0,20.535802742402925
global,unrelated,0,80,1,EXECUTE,published_after_gate_recheck,47.00230713933706,11.033358983695507,0.0,20.535802742402925
global,unrelated,0,81,1,EXECUTE,published_after_gate_recheck,47.67453810200095,13.244197238236666,0.0,20.535802742402925
global,unrelated,0,82,1,EXECUTE,published_after_gate_recheck,44.47106784209609,11.409143917262554,0.0,20.535802742402925
global,unrelated,0,83,1,EXECUTE,published_after_gate_recheck,50.12688832357526,14.730995055288076,0.0,20.535802742402925
global,unrelated,0,84,1,EXECUTE,published_after_gate_recheck,44.508748687803745,11.551190167665482,0.0,20.535802742402925
global,unrelated,0,85,1,EXECUTE,published_after_gate_recheck,46.678568702191114,9.995571803301573,0.0,20.535802742402925
global,unrelated,0,86,1,EXECUTE,published_after_gate_recheck,52.64681577682495,15.468989964574575,0.0,20.535802742402925
global,unrelated,0,87,1,EXECUTE,published_after_gate_recheck,45.318217016756535,11.139167007058859,0.0,20.535802742402925
global,unrelated,0,88,1,EXECUTE,published_after_gate_recheck,40.286808740347624,9.238371159881353,0.0,20.535802742402925
global,unrelated,0,89,1,EXECUTE,published_after_gate_recheck,45.220103580504656,14.130579307675362,0.0,20.535802742402925
global,unrelated,0,90,1,EXECUTE,published_after_gate_recheck,46.91132577136159,14.187606051564217,0.0,20.535802742402925
global,unrelated,0,91,1,EXECUTE,published_after_gate_recheck,55.8976149186492,16.517726704478264,0.0,20.535802742402925
global,unrelated,0,92,1,EXECUTE,published_after_gate_recheck,50.36574695259333,14.57066461443901,0.0,20.535802742402925
global,unrelated,0,93,1,EXECUTE,published_after_gate_recheck,43.70107315480709,11.420714668929577,0.0,20.535802742402925
global,unrelated,0,94,1,EXECUTE,published_after_gate_recheck,55.77793996781111,14.715455938130617,0.0,20.535802742402925
global,unrelated,0,95,1,EXECUTE,published_after_gate_recheck,36.44135408103466,10.238517075777054,0.0,20.535802742402925
global,unrelated,0,96,1,EXECUTE,published_after_gate_recheck,47.980922274291515,13.668993022292852,0.0,20.535802742402925
global,unrelated,0,97,1,EXECUTE,published_after_gate_recheck,51.353489980101585,12.204705737531185,0.0,20.535802742402925
global,unrelated,0,98,1,EXECUTE,published_after_gate_recheck,53.71342692524195,11.065570171922445,0.0,20.535802742402925
global,unrelated,0,99,1,EXECUTE,published_after_gate_recheck,52.403208799660206,14.877690002322197,0.0,20.535802742402925
readset,unrelated,0,0,1,EXECUTE,published_after_gate_recheck,43.85641496628523,11.991234961897135,0.0,20.560821633769326
readset,unrelated,0,1,1,EXECUTE,published_after_gate_recheck,59.36903692781925,21.598869934678078,0.0,20.560821633769326
readset,unrelated,0,2,1,EXECUTE,published_after_gate_recheck,50.505578983575106,15.577794052660465,0.0,20.560821633769326
readset,unrelated,0,3,1,EXECUTE,published_after_gate_recheck,54.41327020525932,12.508807238191366,0.0,20.560821633769326
readset,unrelated,0,4,1,EXECUTE,published_after_gate_recheck,45.837551821023226,7.906201761215925,0.0,20.560821633769326
readset,unrelated,0,5,1,EXECUTE,published_after_gate_recheck,44.43285707384348,13.776935636997223,0.0,20.560821633769326
readset,unrelated,0,6,1,EXECUTE,published_after_gate_recheck,55.23972027003765,15.17781289294362,0.0,20.560821633769326
readset,unrelated,0,7,1,EXECUTE,published_after_gate_recheck,39.220428094267845,7.69340293481946,0.0,20.560821633769326
readset,unrelated,0,8,1,EXECUTE,published_after_gate_recheck,45.192101038992405,11.043897829949856,0.0,20.560821633769326
readset,unrelated,0,9,1,EXECUTE,published_after_gate_recheck,50.27599772438407,15.69919241592288,0.0,20.560821633769326
readset,unrelated,0,10,1,EXECUTE,published_after_gate_recheck,52.96174716204405,16.7100690305233,0.0,20.560821633769326
readset,unrelated,0,11,1,EXECUTE,published_after_gate_recheck,48.8573769107461,14.593247324228287,0.0,20.560821633769326
readset,unrelated,0,12,1,EXECUTE,published_after_gate_recheck,47.458672896027565,14.144215267151594,0.0,20.560821633769326
readset,unrelated,0,13,1,EXECUTE,published_after_gate_recheck,49.22886425629258,13.580616563558578,0.0,20.560821633769326
readset,unrelated,0,14,1,EXECUTE,published_after_gate_recheck,44.921081978827715,10.291516780853271,0.0,20.560821633769326
readset,unrelated,0,15,1,EXECUTE,published_after_gate_recheck,52.43700183928013,18.115364015102386,0.0,20.560821633769326
readset,unrelated,0,16,1,EXECUTE,published_after_gate_recheck,51.4575052075088,14.50878893956542,0.0,20.560821633769326
readset,unrelated,0,17,1,EXECUTE,published_after_gate_recheck,39.58385996520519,12.415091041475534,0.0,20.560821633769326
readset,unrelated,0,18,1,EXECUTE,published_after_gate_recheck,46.88228061422706,13.710179831832647,0.0,20.560821633769326
readset,unrelated,0,19,1,EXECUTE,published_after_gate_recheck,44.39000738784671,15.335619915276766,0.0,20.560821633769326
readset,unrelated,0,20,1,EXECUTE,published_after_gate_recheck,49.86377526074648,12.644882313907146,0.0,20.560821633769326
readset,unrelated,0,21,1,EXECUTE,published_after_gate_recheck,46.959095634520054,12.72341888397932,0.0,20.560821633769326
readset,unrelated,0,22,1,EXECUTE,published_after_gate_recheck,42.09759458899498,9.818628896027803,0.0,20.560821633769326
readset,unrelated,0,23,1,EXECUTE,published_after_gate_recheck,51.37144261971116,15.025497879832983,0.0,20.560821633769326
readset,unrelated,0,24,1,EXECUTE,published_after_gate_recheck,44.41158706322312,14.113927725702524,0.0,20.560821633769326
readset,unrelated,0,25,1,EXECUTE,published_after_gate_recheck,50.210223998874426,17.15812925249338,0.0,20.560821633769326
readset,unrelated,0,26,1,EXECUTE,published_after_gate_recheck,49.177618231624365,13.897241093218327,0.0,20.560821633769326
readset,unrelated,0,27,1,EXECUTE,published_after_gate_recheck,52.05533606931567,16.277215909212828,0.0,20.560821633769326
readset,unrelated,0,28,1,EXECUTE,published_after_gate_recheck,48.85643534362316,13.799537904560566,0.0,20.560821633769326
readset,unrelated,0,29,1,EXECUTE,published_after_gate_recheck,49.065828789025545,12.977135367691517,0.0,20.560821633769326
readset,unrelated,0,30,1,EXECUTE,published_after_gate_recheck,49.057221971452236,13.943448197096586,0.0,20.560821633769326
readset,unrelated,0,31,1,EXECUTE,published_after_gate_recheck,42.896934784948826,13.833471108227968,0.0,20.560821633769326
readset,unrelated,0,32,1,EXECUTE,published_after_gate_recheck,47.881396021693945,13.829814735800028,0.0,20.560821633769326
readset,unrelated,0,33,1,EXECUTE,published_after_gate_recheck,49.44847570732236,12.050437275320292,0.0,20.560821633769326
readset,unrelated,0,34,1,EXECUTE,published_after_gate_recheck,49.03851682320237,14.996955171227455,0.0,20.560821633769326
readset,unrelated,0,35,1,EXECUTE,published_after_gate_recheck,47.72380040958524,15.74077969416976,0.0,20.560821633769326
readset,unrelated,0,36,1,EXECUTE,published_after_gate_recheck,54.71076816320419,13.488954864442348,0.0,20.560821633769326
readset,unrelated,0,37,1,EXECUTE,published_after_gate_recheck,55.962196085602045,16.451432835310698,0.0,20.560821633769326
readset,unrelated,0,38,1,EXECUTE,published_after_gate_recheck,45.06867891177535,9.422277100384235,0.0,20.560821633769326
readset,unrelated,0,39,1,EXECUTE,published_after_gate_recheck,44.42380927503109,13.324355706572533,0.0,20.560821633769326
readset,unrelated,0,40,1,EXECUTE,published_after_gate_recheck,46.558874659240246,13.887262903153896,0.0,20.560821633769326
readset,unrelated,0,41,1,EXECUTE,published_after_gate_recheck,52.563009317964315,12.982404790818691,0.0,20.560821633769326
readset,unrelated,0,42,1,EXECUTE,published_after_gate_recheck,49.15112815797329,15.461955685168505,0.0,20.560821633769326
readset,unrelated,0,43,1,EXECUTE,published_after_gate_recheck,52.13897302746773,16.698686871677637,0.0,20.560821633769326
readset,unrelated,0,44,1,EXECUTE,published_after_gate_recheck,42.98187419772148,16.148234251886606,0.0,20.560821633769326
readset,unrelated,0,45,1,EXECUTE,published_after_gate_recheck,50.72440020740032,13.109833933413029,0.0,20.560821633769326
readset,unrelated,0,46,1,EXECUTE,published_after_gate_recheck,47.818637918680906,13.512018136680126,0.0,20.560821633769326
readset,unrelated,0,47,1,EXECUTE,published_after_gate_recheck,46.81433364748955,12.777842115610838,0.0,20.560821633769326
readset,unrelated,0,48,1,EXECUTE,published_after_gate_recheck,48.56263427063823,13.602778781205416,0.0,20.560821633769326
readset,unrelated,0,49,1,EXECUTE,published_after_gate_recheck,48.89929573982954,14.915401116013527,0.0,20.560821633769326
readset,unrelated,0,50,1,EXECUTE,published_after_gate_recheck,40.14018317684531,12.32778700068593,0.0,20.560821633769326
readset,unrelated,0,51,1,EXECUTE,published_after_gate_recheck,46.172460075467825,13.818323146551847,0.0,20.560821633769326
readset,unrelated,0,52,1,EXECUTE,published_after_gate_recheck,51.25565594062209,14.813148882240057,0.0,20.560821633769326
readset,unrelated,0,53,1,EXECUTE,published_after_gate_recheck,46.84134479612112,11.709496844559908,0.0,20.560821633769326
readset,unrelated,0,54,1,EXECUTE,published_after_gate_recheck,52.24343901500106,14.099289663136005,0.0,20.560821633769326
readset,unrelated,0,55,1,EXECUTE,published_after_gate_recheck,49.08266011625528,17.78314122930169,0.0,20.560821633769326
readset,unrelated,0,56,1,EXECUTE,published_after_gate_recheck,48.647301737219095,16.887019854038954,0.0,20.560821633769326
readset,unrelated,0,57,1,EXECUTE,published_after_gate_recheck,44.612913858145475,13.27303983271122,0.0,20.560821633769326
readset,unrelated,0,58,1,EXECUTE,published_after_gate_recheck,46.40641901642084,14.859816990792751,0.0,20.560821633769326
readset,unrelated,0,59,1,EXECUTE,published_after_gate_recheck,48.1792651116848,13.918421696871519,0.0,20.560821633769326
readset,unrelated,0,60,1,EXECUTE,published_after_gate_recheck,53.49926510825753,18.40680092573166,0.0,20.560821633769326
readset,unrelated,0,61,1,EXECUTE,published_after_gate_recheck,45.18458712846041,12.943372130393982,0.0,20.560821633769326
readset,unrelated,0,62,1,EXECUTE,published_after_gate_recheck,41.40868270769715,10.875912848860025,0.0,20.560821633769326
readset,unrelated,0,63,1,EXECUTE,published_after_gate_recheck,49.67905813828111,12.999176047742367,0.0,20.560821633769326
readset,unrelated,0,64,1,EXECUTE,published_after_gate_recheck,44.134296011179686,13.173283077776432,0.0,20.560821633769326
readset,unrelated,0,65,1,EXECUTE,published_after_gate_recheck,42.47710667550564,14.4025101326406,0.0,20.560821633769326
readset,unrelated,0,66,1,EXECUTE,published_after_gate_recheck,46.27746716141701,16.3284819573164,0.0,20.560821633769326
readset,unrelated,0,67,1,EXECUTE,published_after_gate_recheck,43.26154896989465,8.763270452618599,0.0,20.560821633769326
readset,unrelated,0,68,1,EXECUTE,published_after_gate_recheck,54.47542620822787,16.824262216687202,0.0,20.560821633769326
readset,unrelated,0,69,1,EXECUTE,published_after_gate_recheck,49.560355953872204,17.015972174704075,0.0,20.560821633769326
readset,unrelated,0,70,1,EXECUTE,published_after_gate_recheck,45.78604502603412,12.79872003942728,0.0,20.560821633769326
readset,unrelated,0,71,1,EXECUTE,published_after_gate_recheck,41.88920371234417,10.543128941208124,0.0,20.560821633769326
readset,unrelated,0,72,1,EXECUTE,published_after_gate_recheck,53.25601855292916,16.80154912173748,0.0,20.560821633769326
readset,unrelated,0,73,1,EXECUTE,published_after_gate_recheck,49.73679594695568,13.448288664221764,0.0,20.560821633769326
readset,unrelated,0,74,1,EXECUTE,published_after_gate_recheck,48.76036522909999,13.43277981504798,0.0,20.560821633769326
readset,unrelated,0,75,1,EXECUTE,published_after_gate_recheck,46.7523168772459,12.202943209558725,0.0,20.560821633769326
readset,unrelated,0,76,1,EXECUTE,published_after_gate_recheck,52.391917910426855,17.63565419241786,0.0,20.560821633769326
readset,unrelated,0,77,1,EXECUTE,published_after_gate_recheck,54.99048205092549,18.499163910746574,0.0,20.560821633769326
readset,unrelated,0,78,1,EXECUTE,published_after_gate_recheck,51.365792751312256,15.16716368496418,0.0,20.560821633769326
readset,unrelated,0,79,1,EXECUTE,published_after_gate_recheck,57.25301709026098,18.023601733148098,0.0,20.560821633769326
readset,unrelated,0,80,1,EXECUTE,published_after_gate_recheck,51.01577565073967,11.281162966042757,0.0,20.560821633769326
readset,unrelated,0,81,1,EXECUTE,published_after_gate_recheck,60.23361859843135,17.403689678758383,0.0,20.560821633769326
readset,unrelated,0,82,1,EXECUTE,published_after_gate_recheck,48.91150817275047,12.87798909470439,0.0,20.560821633769326
readset,unrelated,0,83,1,EXECUTE,published_after_gate_recheck,53.29096410423517,15.963977668434381,0.0,20.560821633769326
readset,unrelated,0,84,1,EXECUTE,published_after_gate_recheck,44.52551994472742,13.753211125731468,0.0,20.560821633769326
readset,unrelated,0,85,1,EXECUTE,published_after_gate_recheck,49.970564898103476,12.780735734850168,0.0,20.560821633769326
readset,unrelated,0,86,1,EXECUTE,published_after_gate_recheck,47.455576714128256,14.479042030870914,0.0,20.560821633769326
readset,unrelated,0,87,1,EXECUTE,published_after_gate_recheck,55.608772207051516,17.12227100506425,0.0,20.560821633769326
readset,unrelated,0,88,1,EXECUTE,published_after_gate_recheck,50.92819221317768,13.988242018967867,0.0,20.560821633769326
readset,unrelated,0,89,1,EXECUTE,published_after_gate_recheck,52.9332528822124,16.212495043873787,0.0,20.560821633769326
readset,unrelated,0,90,1,EXECUTE,published_after_gate_recheck,43.49212208762765,12.356910854578018,0.0,20.560821633769326
readset,unrelated,0,91,1,EXECUTE,published_after_gate_recheck,45.90535908937454,13.894156087189913,0.0,20.560821633769326
readset,unrelated,0,92,1,EXECUTE,published_after_gate_recheck,47.002536710351706,14.303293079137802,0.0,20.560821633769326
readset,unrelated,0,93,1,EXECUTE,published_after_gate_recheck,55.2869183011353,14.264701399952173,0.0,20.560821633769326
readset,unrelated,0,94,1,EXECUTE,published_after_gate_recheck,40.22817825898528,13.017260003834963,0.0,20.560821633769326
readset,unrelated,0,95,1,EXECUTE,published_after_gate_recheck,52.06920159980655,14.794234186410904,0.0,20.560821633769326
readset,unrelated,0,96,1,EXECUTE,published_after_gate_recheck,37.88398066535592,10.7998913154006,0.0,20.560821633769326
readset,unrelated,0,97,1,EXECUTE,published_after_gate_recheck,51.35189602151513,14.942442998290062,0.0,20.560821633769326
readset,unrelated,0,98,1,EXECUTE,published_after_gate_recheck,43.1088418699801,13.281506020575762,0.0,20.560821633769326
readset,unrelated,0,99,1,EXECUTE,published_after_gate_recheck,53.08437580242753,15.74261300265789,0.0,20.560821633769326
global,related_same,0,0,1,EXECUTE,published_after_gate_recheck,56.98583601042628,17.855477053672075,0.0,20.673837190159865
global,related_same,0,1,1,EXECUTE,published_after_gate_recheck,37.21209987998009,8.342350367456675,0.0,20.673837190159865
global,related_same,0,2,1,EXECUTE,published_after_gate_recheck,46.57845199108124,12.935686856508255,0.0,20.673837190159865
global,related_same,0,3,1,EXECUTE,published_after_gate_recheck,49.1238571703434,13.506889343261719,0.0,20.673837190159865
global,related_same,0,4,1,EXECUTE,published_after_gate_recheck,50.54841982200742,10.837501846253872,0.0,20.673837190159865
global,related_same,0,5,1,EXECUTE,published_after_gate_recheck,52.22682794556022,12.399432249367237,0.0,20.673837190159865
global,related_same,0,6,1,EXECUTE,published_after_gate_recheck,49.47998467832804,11.9186588563025,0.0,20.673837190159865
global,related_same,0,7,1,EXECUTE,published_after_gate_recheck,44.48227910324931,13.858078047633171,0.0,20.673837190159865
global,related_same,0,8,1,EXECUTE,published_after_gate_recheck,45.21779902279377,10.874269995838404,0.0,20.673837190159865
global,related_same,0,9,1,EXECUTE,published_after_gate_recheck,51.791440695524216,11.859278194606304,0.0,20.673837190159865
global,related_same,0,10,1,EXECUTE,published_after_gate_recheck,45.82869494333863,11.084544006735086,0.0,20.673837190159865
global,related_same,0,11,1,EXECUTE,published_after_gate_recheck,44.73825916647911,12.57309690117836,0.0,20.673837190159865
global,related_same,0,12,1,EXECUTE,published_after_gate_recheck,45.641022734344006,13.151462189853191,0.0,20.673837190159865
global,related_same,0,13,1,EXECUTE,published_after_gate_recheck,46.546580735594034,13.669794891029596,0.0,20.673837190159865
global,related_same,0,14,1,EXECUTE,published_after_gate_recheck,50.29783910140395,12.592544313520193,0.0,20.673837190159865
global,related_same,0,15,1,EXECUTE,published_after_gate_recheck,54.06206101179123,13.190434779971838,0.0,20.673837190159865
global,related_same,0,16,1,EXECUTE,published_after_gate_recheck,45.83236202597618,13.295231852680445,0.0,20.673837190159865
global,related_same,0,17,1,EXECUTE,published_after_gate_recheck,45.83905404433608,13.912850059568882,0.0,20.673837190159865
global,related_same,0,18,1,EXECUTE,published_after_gate_recheck,43.488784693181515,12.403239030390978,0.0,20.673837190159865
global,related_same,0,19,1,EXECUTE,published_after_gate_recheck,48.52623492479324,13.071833178400993,0.0,20.673837190159865
global,related_same,0,20,1,EXECUTE,published_after_gate_recheck,49.192845821380615,12.95824022963643,0.0,20.673837190159865
global,related_same,0,21,1,EXECUTE,published_after_gate_recheck,55.20376190543175,14.57379013299942,0.0,20.673837190159865
global,related_same,0,22,1,EXECUTE,published_after_gate_recheck,55.644240230321884,15.764565207064152,0.0,20.673837190159865
global,related_same,0,23,1,EXECUTE,published_after_gate_recheck,47.40435117855668,12.524376157671213,0.0,20.673837190159865
global,related_same,0,24,1,EXECUTE,published_after_gate_recheck,43.05022209882736,9.432506281882524,0.0,20.673837190159865
global,related_same,0,25,1,EXECUTE,published_after_gate_recheck,46.16340296342969,13.68317985907197,0.0,20.673837190159865
global,related_same,0,26,1,EXECUTE,published_after_gate_recheck,49.44969806820154,12.855337001383305,0.0,20.673837190159865
global,related_same,0,27,1,EXECUTE,published_after_gate_recheck,52.20081890001893,12.525528203696012,0.0,20.673837190159865
global,related_same,0,28,1,EXECUTE,published_after_gate_recheck,48.83773997426033,14.520581346005201,0.0,20.673837190159865
global,related_same,0,29,1,EXECUTE,published_after_gate_recheck,44.66086393222213,14.021554961800575,0.0,20.673837190159865
global,related_same,0,30,1,EXECUTE,published_after_gate_recheck,47.70811088383198,11.177838779985905,0.0,20.673837190159865
global,related_same,0,31,1,EXECUTE,published_after_gate_recheck,46.89718037843704,13.371625915169716,0.0,20.673837190159865
global,related_same,0,32,1,EXECUTE,published_after_gate_recheck,45.858419965952635,12.253046035766602,0.0,20.673837190159865
global,related_same,0,33,1,EXECUTE,published_after_gate_recheck,47.86839196458459,13.737482018768787,0.0,20.673837190159865
global,related_same,0,34,1,EXECUTE,published_after_gate_recheck,46.38445796445012,11.351144406944513,0.0,20.673837190159865
global,related_same,0,35,1,EXECUTE,published_after_gate_recheck,51.16259213536978,13.592469971626997,0.0,20.673837190159865
global,related_same,0,36,1,EXECUTE,published_after_gate_recheck,47.88492200896144,11.202536057680845,0.0,20.673837190159865
global,related_same,0,37,1,EXECUTE,published_after_gate_recheck,52.85307299345732,12.181613128632307,0.0,20.673837190159865
global,related_same,0,38,1,EXECUTE,published_after_gate_recheck,47.81912872567773,15.528220683336258,0.0,20.673837190159865
global,related_same,0,39,1,EXECUTE,published_after_gate_recheck,42.73576335981488,12.9410270601511,0.0,20.673837190159865
global,related_same,0,40,1,EXECUTE,published_after_gate_recheck,50.9433806873858,17.6573246717453,0.0,20.673837190159865
global,related_same,0,41,1,EXECUTE,published_after_gate_recheck,42.83188283443451,11.930631939321756,0.0,20.673837190159865
global,related_same,0,42,1,EXECUTE,published_after_gate_recheck,55.596979800611734,17.50066177919507,0.0,20.673837190159865
global,related_same,0,43,1,EXECUTE,published_after_gate_recheck,48.60750772058964,17.547528725117445,0.0,20.673837190159865
global,related_same,0,44,1,EXECUTE,published_after_gate_recheck,52.02485900372267,11.848919093608856,0.0,20.673837190159865
global,related_same,0,45,1,EXECUTE,published_after_gate_recheck,49.99475087970495,14.749540016055107,0.0,20.673837190159865
global,related_same,0,46,1,EXECUTE,published_after_gate_recheck,47.962077893316746,15.304580796509981,0.0,20.673837190159865
global,related_same,0,47,1,EXECUTE,published_after_gate_recheck,56.26131733879447,14.84568975865841,0.0,20.673837190159865
global,related_same,0,48,1,EXECUTE,published_after_gate_recheck,45.14412023127079,13.594854157418013,0.0,20.673837190159865
global,related_same,0,49,1,EXECUTE,published_after_gate_recheck,51.407279912382364,16.617514193058014,0.0,20.673837190159865
global,related_same,0,50,1,EXECUTE,published_after_gate_recheck,43.92441222444177,12.947729788720608,0.0,20.673837190159865
global,related_same,0,51,1,EXECUTE,published_after_gate_recheck,46.14759283140302,16.31347369402647,0.0,20.673837190159865
global,related_same,0,52,1,EXECUTE,published_after_gate_recheck,46.87730222940445,14.633432030677795,0.0,20.673837190159865
global,related_same,0,53,1,EXECUTE,published_after_gate_recheck,44.033647049218416,11.099842842668295,0.0,20.673837190159865
global,related_same,0,54,1,EXECUTE,published_after_gate_recheck,43.017211370170116,14.483862090855837,0.0,20.673837190159865
global,related_same,0,55,1,EXECUTE,published_after_gate_recheck,54.10115420818329,9.659671690315008,0.0,20.673837190159865
global,related_same,0,56,1,EXECUTE,published_after_gate_recheck,51.61334667354822,14.517685864120722,0.0,20.673837190159865
global,related_same,0,57,1,EXECUTE,published_after_gate_recheck,46.19484208524227,13.133388943970203,0.0,20.673837190159865
global,related_same,0,58,1,EXECUTE,published_after_gate_recheck,51.129970233887434,16.040741931647062,0.0,20.673837190159865
global,related_same,0,59,1,EXECUTE,published_after_gate_recheck,48.538317903876305,15.961413737386465,0.0,20.673837190159865
global,related_same,0,60,1,EXECUTE,published_after_gate_recheck,50.98866485059261,15.127759892493486,0.0,20.673837190159865
global,related_same,0,61,1,EXECUTE,published_after_gate_recheck,47.46866086497903,13.666478917002678,0.0,20.673837190159865
global,related_same,0,62,1,EXECUTE,published_after_gate_recheck,51.2840892188251,11.311962269246578,0.0,20.673837190159865
global,related_same,0,63,1,EXECUTE,published_after_gate_recheck,51.10077606514096,13.89823341742158,0.0,20.673837190159865
global,related_same,0,64,1,EXECUTE,published_after_gate_recheck,49.62097993120551,16.099251806735992,0.0,20.673837190159865
global,related_same,0,65,1,EXECUTE,published_after_gate_recheck,45.65879702568054,11.104481760412455,0.0,20.673837190159865
global,related_same,0,66,1,EXECUTE,published_after_gate_recheck,48.19656675681472,12.911892961710691,0.0,20.673837190159865
global,related_same,0,67,1,EXECUTE,published_after_gate_recheck,45.68350315093994,10.630012024194002,0.0,20.673837190159865
global,related_same,0,68,1,EXECUTE,published_after_gate_recheck,51.39746190980077,14.346112962812185,0.0,20.673837190159865
global,related_same,0,69,1,EXECUTE,published_after_gate_recheck,47.973689157515764,6.751516368240118,0.0,20.673837190159865
global,related_same,0,70,1,EXECUTE,published_after_gate_recheck,49.05065009370446,11.007779743522406,0.0,20.673837190159865
global,related_same,0,71,1,EXECUTE,published_after_gate_recheck,43.89366460964084,8.314827922731638,0.0,20.673837190159865
global,related_same,0,72,1,EXECUTE,published_after_gate_recheck,47.75010980665684,12.88458239287138,0.0,20.673837190159865
global,related_same,0,73,1,EXECUTE,published_after_gate_recheck,46.74050584435463,13.517799787223339,0.0,20.673837190159865
global,related_same,0,74,1,EXECUTE,published_after_gate_recheck,50.043031107634306,16.11539302393794,0.0,20.673837190159865
global,related_same,0,75,1,EXECUTE,published_after_gate_recheck,48.19450434297323,12.332627084106207,0.0,20.673837190159865
global,related_same,0,76,1,EXECUTE,published_after_gate_recheck,46.52345785871148,13.962785247713327,0.0,20.673837190159865
global,related_same,0,77,1,EXECUTE,published_after_gate_recheck,50.904958974570036,15.189544763416052,0.0,20.673837190159865
global,related_same,0,78,1,EXECUTE,published_after_gate_recheck,48.98589802905917,11.070008389651775,0.0,20.673837190159865
global,related_same,0,79,1,EXECUTE,published_after_gate_recheck,44.92450878024101,12.156947050243616,0.0,20.673837190159865
global,related_same,0,80,1,EXECUTE,published_after_gate_recheck,43.66366285830736,10.409137699753046,0.0,20.673837190159865
global,related_same,0,81,1,EXECUTE,published_after_gate_recheck,53.014855831861496,16.108188778162003,0.0,20.673837190159865
global,related_same,0,82,1,EXECUTE,published_after_gate_recheck,45.01224309206009,15.121657866984606,0.0,20.673837190159865
global,related_same,0,83,1,EXECUTE,published_after_gate_recheck,46.12013231962919,14.165113680064678,0.0,20.673837190159865
global,related_same,0,84,1,EXECUTE,published_after_gate_recheck,40.939191821962595,11.360371951013803,0.0,20.673837190159865
global,related_same,0,85,1,EXECUTE,published_after_gate_recheck,52.3703177459538,11.997187044471502,0.0,20.673837190159865
global,related_same,0,86,1,EXECUTE,published_after_gate_recheck,40.25562992319465,14.560936950147152,0.0,20.673837190159865
global,related_same,0,87,1,EXECUTE,published_after_gate_recheck,50.17736321315169,13.163214083760977,0.0,20.673837190159865
global,related_same,0,88,1,EXECUTE,published_after_gate_recheck,51.76313826814294,18.42469535768032,0.0,20.673837190159865
global,related_same,0,89,1,EXECUTE,published_after_gate_recheck,52.87586571648717,14.151819050312042,0.0,20.673837190159865
global,related_same,0,90,1,EXECUTE,published_after_gate_recheck,52.872939966619015,15.899628400802612,0.0,20.673837190159865
global,related_same,0,91,1,EXECUTE,published_after_gate_recheck,41.544448118656874,12.482116930186749,0.0,20.673837190159865
global,related_same,0,92,1,EXECUTE,published_after_gate_recheck,50.78764772042632,12.820151168853045,0.0,20.673837190159865
global,related_same,0,93,1,EXECUTE,published_after_gate_recheck,52.325533237308264,14.58597369492054,0.0,20.673837190159865
global,related_same,0,94,1,EXECUTE,published_after_gate_recheck,51.35498335584998,14.398792292922735,0.0,20.673837190159865
global,related_same,0,95,1,EXECUTE,published_after_gate_recheck,53.19709796458483,13.056955300271511,0.0,20.673837190159865
global,related_same,0,96,1,EXECUTE,published_after_gate_recheck,48.17055817693472,12.900552246719599,0.0,20.673837190159865
global,related_same,0,97,1,EXECUTE,published_after_gate_recheck,40.117922239005566,9.207122959196568,0.0,20.673837190159865
global,related_same,0,98,1,EXECUTE,published_after_gate_recheck,47.698894049972296,16.374920029193163,0.0,20.673837190159865
global,related_same,0,99,1,EXECUTE,published_after_gate_recheck,45.63531186431646,10.933249723166227,0.0,20.673837190159865
readset,related_same,0,0,1,EXECUTE,published_after_gate_recheck,44.09653600305319,12.887055985629559,0.0,20.757633939908537
readset,related_same,0,1,1,EXECUTE,published_after_gate_recheck,47.467047814279795,12.831742875277996,0.0,20.757633939908537
readset,related_same,0,2,1,EXECUTE,published_after_gate_recheck,46.57729994505644,14.488008804619312,0.0,20.757633939908537
readset,related_same,0,3,1,EXECUTE,published_after_gate_recheck,47.5093680433929,9.518516715615988,0.0,20.757633939908537
readset,related_same,0,4,1,EXECUTE,published_after_gate_recheck,42.94470464810729,11.522747110575438,0.0,20.757633939908537
readset,related_same,0,5,1,EXECUTE,published_after_gate_recheck,48.03450312465429,11.242881882935762,0.0,20.757633939908537
readset,related_same,0,6,1,EXECUTE,published_after_gate_recheck,49.01677602902055,15.719910617917776,0.0,20.757633939908537
readset,related_same,0,7,1,EXECUTE,published_after_gate_recheck,45.526337809860706,12.357523199170828,0.0,20.757633939908537
readset,related_same,0,8,1,EXECUTE,published_after_gate_recheck,49.33056514710188,15.538871753960848,0.0,20.757633939908537
readset,related_same,0,9,1,EXECUTE,published_after_gate_recheck,46.99699580669403,9.573500137776136,0.0,20.757633939908537
readset,related_same,0,10,1,EXECUTE,published_after_gate_recheck,52.47153714299202,17.612120136618614,0.0,20.757633939908537
readset,related_same,0,11,1,EXECUTE,published_after_gate_recheck,46.738771721720695,12.656724080443382,0.0,20.757633939908537
readset,related_same,0,12,1,EXECUTE,published_after_gate_recheck,49.11467898637056,10.847090277820826,0.0,20.757633939908537
readset,related_same,0,13,1,EXECUTE,published_after_gate_recheck,50.64559215679765,15.769222751259804,0.0,20.757633939908537
readset,related_same,0,14,1,EXECUTE,published_after_gate_recheck,56.544608902186155,18.42530630528927,0.0,20.757633939908537
readset,related_same,0,15,1,EXECUTE,published_after_gate_recheck,46.75955232232809,9.199228137731552,0.0,20.757633939908537
readset,related_same,0,16,1,EXECUTE,published_after_gate_recheck,59.28739393129945,20.020979922264814,0.0,20.757633939908537
readset,related_same,0,17,1,EXECUTE,published_after_gate_recheck,52.74721374735236,16.750094015151262,0.0,20.757633939908537
readset,related_same,0,18,1,EXECUTE,published_after_gate_recheck,56.13125301897526,16.097549814730883,0.0,20.757633939908537
readset,related_same,0,19,1,EXECUTE,published_after_gate_recheck,45.23511091247201,11.3755501806736,0.0,20.757633939908537
readset,related_same,0,20,1,EXECUTE,published_after_gate_recheck,52.58992966264486,12.430169153958559,0.0,20.757633939908537
readset,related_same,0,21,1,EXECUTE,published_after_gate_recheck,53.62367816269398,15.471003949642181,0.0,20.757633939908537
readset,related_same,0,22,1,EXECUTE,published_after_gate_recheck,52.4369222112,15.11217001825571,0.0,20.757633939908537
readset,related_same,0,23,1,EXECUTE,published_after_gate_recheck,42.22049564123154,8.95484909415245,0.0,20.757633939908537
readset,related_same,0,24,1,EXECUTE,published_after_gate_recheck,36.435232963413,7.7108358964324,0.0,20.757633939908537
readset,related_same,0,25,1,EXECUTE,published_after_gate_recheck,51.19749717414379,14.091705903410912,0.0,20.757633939908537
readset,related_same,0,26,1,EXECUTE,published_after_gate_recheck,44.451440684497356,11.244034394621849,0.0,20.757633939908537
readset,related_same,0,27,1,EXECUTE,published_after_gate_recheck,50.47457106411457,12.001415248960257,0.0,20.757633939908537
readset,related_same,0,28,1,EXECUTE,published_after_gate_recheck,51.675654016435146,10.301806032657623,0.0,20.757633939908537
readset,related_same,0,29,1,EXECUTE,published_after_gate_recheck,50.057629123330116,17.98877725377679,0.0,20.757633939908537
readset,related_same,0,30,1,EXECUTE,published_after_gate_recheck,39.02897937223315,13.579977210611105,0.0,20.757633939908537
readset,related_same,0,31,1,EXECUTE,published_after_gate_recheck,56.154265999794006,10.318267159163952,0.0,20.757633939908537
readset,related_same,0,32,1,EXECUTE,published_after_gate_recheck,43.83006505668163,14.363977126777172,0.0,20.757633939908537
readset,related_same,0,33,1,EXECUTE,published_after_gate_recheck,47.978198155760765,10.907301679253578,0.0,20.757633939908537
readset,related_same,0,34,1,EXECUTE,published_after_gate_recheck,43.809216003865004,13.760424684733152,0.0,20.757633939908537
readset,related_same,0,35,1,EXECUTE,published_after_gate_recheck,43.38941862806678,14.832927379757166,0.0,20.757633939908537
readset,related_same,0,36,1,EXECUTE,published_after_gate_recheck,47.80847020447254,17.298772931098938,0.0,20.757633939908537
readset,related_same,0,37,1,EXECUTE,published_after_gate_recheck,43.2353001087904,12.71700719371438,0.0,20.757633939908537
readset,related_same,0,38,1,EXECUTE,published_after_gate_recheck,45.4331929795444,8.617086336016655,0.0,20.757633939908537
readset,related_same,0,39,1,EXECUTE,published_after_gate_recheck,51.99176725000143,14.193827752023935,0.0,20.757633939908537
readset,related_same,0,40,1,EXECUTE,published_after_gate_recheck,48.91183879226446,15.782338101416826,0.0,20.757633939908537
readset,related_same,0,41,1,EXECUTE,published_after_gate_recheck,49.22176990658045,17.865946982055902,0.0,20.757633939908537
readset,related_same,0,42,1,EXECUTE,published_after_gate_recheck,55.76089769601822,14.016865752637386,0.0,20.757633939908537
readset,related_same,0,43,1,EXECUTE,published_after_gate_recheck,47.98886785283685,10.5173010379076,0.0,20.757633939908537
readset,related_same,0,44,1,EXECUTE,published_after_gate_recheck,45.12243019416928,11.299267876893282,0.0,20.757633939908537
readset,related_same,0,45,1,EXECUTE,published_after_gate_recheck,58.58613783493638,14.740854036062956,0.0,20.757633939908537
readset,related_same,0,46,1,EXECUTE,published_after_gate_recheck,45.71368917822838,11.790408752858639,0.0,20.757633939908537
readset,related_same,0,47,1,EXECUTE,published_after_gate_recheck,44.77604990825057,12.0685207657516,0.0,20.757633939908537
readset,related_same,0,48,1,EXECUTE,published_after_gate_recheck,43.75809011980891,14.745142310857773,0.0,20.757633939908537
readset,related_same,0,49,1,EXECUTE,published_after_gate_recheck,46.77952919155359,16.31988724693656,0.0,20.757633939908537
readset,related_same,0,50,1,EXECUTE,published_after_gate_recheck,43.11908222734928,12.796224560588598,0.0,20.757633939908537
readset,related_same,0,51,1,EXECUTE,published_after_gate_recheck,39.61088974028826,8.72121099382639,0.0,20.757633939908537
readset,related_same,0,52,1,EXECUTE,published_after_gate_recheck,50.38826912641525,13.024022802710533,0.0,20.757633939908537
readset,related_same,0,53,1,EXECUTE,published_after_gate_recheck,49.26432063803077,13.92513420432806,0.0,20.757633939908537
readset,related_same,0,54,1,EXECUTE,published_after_gate_recheck,59.24905091524124,16.629676800221205,0.0,20.757633939908537
readset,related_same,0,55,1,EXECUTE,published_after_gate_recheck,55.515697691589594,14.952190220355988,0.0,20.757633939908537
readset,related_same,0,56,1,EXECUTE,published_after_gate_recheck,50.4749920219183,17.553479876369238,0.0,20.757633939908537
readset,related_same,0,57,1,EXECUTE,published_after_gate_recheck,51.82033497840166,16.410314943641424,0.0,20.757633939908537
readset,related_same,0,58,1,EXECUTE,published_after_gate_recheck,46.40060802921653,10.70343004539609,0.0,20.757633939908537
readset,related_same,0,59,1,EXECUTE,published_after_gate_recheck,44.348177034407854,11.065028142184019,0.0,20.757633939908537
readset,related_same,0,60,1,EXECUTE,published_after_gate_recheck,46.429974026978016,15.885351225733757,0.0,20.757633939908537
readset,related_same,0,61,1,EXECUTE,published_after_gate_recheck,50.90164206922054,14.87772073596716,0.0,20.757633939908537
readset,related_same,0,62,1,EXECUTE,published_after_gate_recheck,50.45096715912223,16.344782896339893,0.0,20.757633939908537
readset,related_same,0,63,1,EXECUTE,published_after_gate_recheck,42.01044188812375,13.30791600048542,0.0,20.757633939908537
readset,related_same,0,64,1,EXECUTE,published_after_gate_recheck,48.34247101098299,13.636853080242872,0.0,20.757633939908537
readset,related_same,0,65,1,EXECUTE,published_after_gate_recheck,40.912732016295195,6.849519908428192,0.0,20.757633939908537
readset,related_same,0,66,1,EXECUTE,published_after_gate_recheck,42.9645418189466,12.108436319977045,0.0,20.757633939908537
readset,related_same,0,67,1,EXECUTE,published_after_gate_recheck,56.60416977480054,17.137710005044937,0.0,20.757633939908537
readset,related_same,0,68,1,EXECUTE,published_after_gate_recheck,46.37463903054595,15.511489938944578,0.0,20.757633939908537
readset,related_same,0,69,1,EXECUTE,published_after_gate_recheck,47.19516774639487,13.358660973608494,0.0,20.757633939908537
readset,related_same,0,70,1,EXECUTE,published_after_gate_recheck,43.18330204114318,11.804505717009306,0.0,20.757633939908537
readset,related_same,0,71,1,EXECUTE,published_after_gate_recheck,50.77560571953654,13.074798043817282,0.0,20.757633939908537
readset,related_same,0,72,1,EXECUTE,published_after_gate_recheck,41.2939079105854,9.185150731354952,0.0,20.757633939908537
readset,related_same,0,73,1,EXECUTE,published_after_gate_recheck,41.76987102255225,11.382563039660454,0.0,20.757633939908537
readset,related_same,0,74,1,EXECUTE,published_after_gate_recheck,43.231082148849964,12.706446927040815,0.0,20.757633939908537
readset,related_same,0,75,1,EXECUTE,published_after_gate_recheck,52.19328496605158,12.521571014076471,0.0,20.757633939908537
readset,related_same,0,76,1,EXECUTE,published_after_gate_recheck,49.05856400728226,13.055092189460993,0.0,20.757633939908537
readset,related_same,0,77,1,EXECUTE,published_after_gate_recheck,49.85731188207865,9.878471959382296,0.0,20.757633939908537
readset,related_same,0,78,1,EXECUTE,published_after_gate_recheck,47.80018329620361,12.772982008755207,0.0,20.757633939908537
readset,related_same,0,79,1,EXECUTE,published_after_gate_recheck,42.24517196416855,13.571059796959162,0.0,20.757633939908537
readset,related_same,0,80,1,EXECUTE,published_after_gate_recheck,48.091630917042494,11.716641020029783,0.0,20.757633939908537
readset,related_same,0,81,1,EXECUTE,published_after_gate_recheck,50.33490899950266,15.222407877445221,0.0,20.757633939908537
readset,related_same,0,82,1,EXECUTE,published_after_gate_recheck,44.104982167482376,14.555084984749556,0.0,20.757633939908537
readset,related_same,0,83,1,EXECUTE,published_after_gate_recheck,48.06928941980004,13.19741876795888,0.0,20.757633939908537
readset,related_same,0,84,1,EXECUTE,published_after_gate_recheck,52.94309090822935,15.691979322582483,0.0,20.757633939908537
readset,related_same,0,85,1,EXECUTE,published_after_gate_recheck,46.430172864347696,13.158314861357212,0.0,20.757633939908537
readset,related_same,0,86,1,EXECUTE,published_after_gate_recheck,53.82527690380812,16.36257627978921,0.0,20.757633939908537
readset,related_same,0,87,1,EXECUTE,published_after_gate_recheck,50.35071773454547,12.859663926064968,0.0,20.757633939908537
readset,related_same,0,88,1,EXECUTE,published_after_gate_recheck,47.662213910371065,11.388193815946579,0.0,20.757633939908537
readset,related_same,0,89,1,EXECUTE,published_after_gate_recheck,39.41096505150199,6.386221386492252,0.0,20.757633939908537
readset,related_same,0,90,1,EXECUTE,published_after_gate_recheck,50.438692793250084,15.50230197608471,0.0,20.757633939908537
readset,related_same,0,91,1,EXECUTE,published_after_gate_recheck,50.34323409199715,14.436442870646715,0.0,20.757633939908537
readset,related_same,0,92,1,EXECUTE,published_after_gate_recheck,48.236001282930374,14.835681766271591,0.0,20.757633939908537
readset,related_same,0,93,1,EXECUTE,published_after_gate_recheck,39.763446897268295,9.988858830183744,0.0,20.757633939908537
readset,related_same,0,94,1,EXECUTE,published_after_gate_recheck,49.692533910274506,14.135257806628942,0.0,20.757633939908537
readset,related_same,0,95,1,EXECUTE,published_after_gate_recheck,46.25102784484625,11.979814153164625,0.0,20.757633939908537
readset,related_same,0,96,1,EXECUTE,published_after_gate_recheck,50.96833687275648,15.80410823225975,0.0,20.757633939908537
readset,related_same,0,97,1,EXECUTE,published_after_gate_recheck,48.89427591115236,14.819321688264608,0.0,20.757633939908537
readset,related_same,0,98,1,EXECUTE,published_after_gate_recheck,48.95175388082862,13.193642254918814,0.0,20.757633939908537
readset,related_same,0,99,1,EXECUTE,published_after_gate_recheck,51.13403778523207,13.492391910403967,0.0,20.757633939908537
global,unrelated,20,0,1,EXECUTE,published_after_gate_recheck,54.483260959386826,12.348505668342113,20.069158488749217,18.808691616259395
global,unrelated,20,1,1,EXECUTE,published_after_gate_recheck,48.35520405322313,12.748667038977146,20.069158488749217,18.808691616259395
global,unrelated,20,2,1,EXECUTE,published_after_gate_recheck,63.78780584782362,16.288416925817728,20.069158488749217,18.808691616259395
global,unrelated,20,3,1,EXECUTE,published_after_gate_recheck,52.884500939399004,17.618031706660986,20.069158488749217,18.808691616259395
global,unrelated,20,4,1,EXECUTE,published_after_gate_recheck,50.30312901362777,16.160798259079456,20.069158488749217,18.808691616259395
global,unrelated,20,5,1,EXECUTE,published_after_gate_recheck,48.92211779952049,13.129220809787512,20.069158488749217,18.808691616259395
global,unrelated,20,6,1,EXECUTE,published_after_gate_recheck,49.492438323795795,11.057233903557062,20.069158488749217,18.808691616259395
global,unrelated,20,7,1,EXECUTE,published_after_gate_recheck,48.82661905139685,13.896049000322819,20.069158488749217,18.808691616259395
global,unrelated,20,8,1,EXECUTE,published_after_gate_recheck,49.02710486203432,12.780846562236547,20.069158488749217,18.808691616259395
global,unrelated,20,9,1,EXECUTE,published_after_gate_recheck,56.970697827637196,15.735450200736523,20.069158488749217,18.808691616259395
global,unrelated,20,10,1,EXECUTE,published_after_gate_recheck,52.51141171902418,13.712173793464899,20.069158488749217,18.808691616259395
global,unrelated,20,11,0,REVOKE,context_version_changed_at_publish,64.26469096913934,29.503188095986843,20.069158488749217,18.808691616259395
global,unrelated,20,12,0,REVOKE,context_version_changed_at_publish,46.37670377269387,18.3569579385221,20.069158488749217,18.808691616259395
global,unrelated,20,13,0,REVOKE,context_version_changed_at_publish,54.046792443841696,18.127568066120148,20.069158488749217,18.808691616259395
global,unrelated,20,14,1,EXECUTE,published_after_gate_recheck,65.24373823776841,12.324280571192503,20.069158488749217,18.808691616259395
global,unrelated,20,15,1,EXECUTE,published_after_gate_recheck,49.39802177250385,18.6938289552927,20.069158488749217,18.808691616259395
global,unrelated,20,16,1,EXECUTE,published_after_gate_recheck,61.860810965299606,15.111560001969337,20.069158488749217,18.808691616259395
global,unrelated,20,17,1,EXECUTE,published_after_gate_recheck,52.328959573060274,15.236032661050558,20.069158488749217,18.808691616259395
global,unrelated,20,18,1,EXECUTE,published_after_gate_recheck,46.07380507513881,13.309579342603683,20.069158488749217,18.808691616259395
global,unrelated,20,19,1,EXECUTE,published_after_gate_recheck,50.114805810153484,12.357112020254135,20.069158488749217,18.808691616259395
global,unrelated,20,20,1,EXECUTE,published_after_gate_recheck,50.094186794012785,14.067741110920906,20.069158488749217,18.808691616259395
global,unrelated,20,21,1,EXECUTE,published_after_gate_recheck,52.73250723257661,15.806863084435463,20.069158488749217,18.808691616259395
global,unrelated,20,22,1,EXECUTE,published_after_gate_recheck,48.44417190179229,14.620088040828705,20.069158488749217,18.808691616259395
global,unrelated,20,23,1,EXECUTE,published_after_gate_recheck,46.46181175485253,16.88455604016781,20.069158488749217,18.808691616259395
global,unrelated,20,24,1,EXECUTE,published_after_gate_recheck,52.715804893523455,16.934098210185766,20.069158488749217,18.808691616259395
global,unrelated,20,25,1,EXECUTE,published_after_gate_recheck,46.198178082704544,11.371723841875792,20.069158488749217,18.808691616259395
global,unrelated,20,26,1,EXECUTE,published_after_gate_recheck,47.19329485669732,15.053740702569485,20.069158488749217,18.808691616259395
global,unrelated,20,27,1,EXECUTE,published_after_gate_recheck,51.45396804437041,13.390680775046349,20.069158488749217,18.808691616259395
global,unrelated,20,28,1,EXECUTE,published_after_gate_recheck,54.51736506074667,14.166226144880056,20.069158488749217,18.808691616259395
global,unrelated,20,29,1,EXECUTE,published_after_gate_recheck,43.352500069886446,6.972560193389654,20.069158488749217,18.808691616259395
global,unrelated,20,30,1,EXECUTE,published_after_gate_recheck,49.19474013149738,12.113234959542751,20.069158488749217,18.808691616259395
global,unrelated,20,31,1,EXECUTE,published_after_gate_recheck,49.58601435646415,13.157835230231285,20.069158488749217,18.808691616259395
global,unrelated,20,32,1,EXECUTE,published_after_gate_recheck,54.23829099163413,17.37825060263276,20.069158488749217,18.808691616259395
global,unrelated,20,33,1,EXECUTE,published_after_gate_recheck,48.649015836417675,13.706843834370375,20.069158488749217,18.808691616259395
global,unrelated,20,34,1,EXECUTE,published_after_gate_recheck,52.25635413080454,13.617676217108965,20.069158488749217,18.808691616259395
global,unrelated,20,35,1,EXECUTE,published_after_gate_recheck,49.664391204714775,16.938666813075542,20.069158488749217,18.808691616259395
global,unrelated,20,36,1,EXECUTE,published_after_gate_recheck,45.45913124457002,11.445371899753809,20.069158488749217,18.808691616259395
global,unrelated,20,37,1,EXECUTE,published_after_gate_recheck,43.03252976387739,13.439102098345757,20.069158488749217,18.808691616259395
global,unrelated,20,38,1,EXECUTE,published_after_gate_recheck,57.160583790391684,14.994079247117043,20.069158488749217,18.808691616259395
global,unrelated,20,39,1,EXECUTE,published_after_gate_recheck,52.48383013531566,15.848030801862478,20.069158488749217,18.808691616259395
global,unrelated,20,40,1,EXECUTE,published_after_gate_recheck,46.53908824548125,9.71896294504404,20.069158488749217,18.808691616259395
global,unrelated,20,41,1,EXECUTE,published_after_gate_recheck,51.32991494610906,11.555368080735207,20.069158488749217,18.808691616259395
global,unrelated,20,42,1,EXECUTE,published_after_gate_recheck,49.59231521934271,14.717259909957647,20.069158488749217,18.808691616259395
global,unrelated,20,43,1,EXECUTE,published_after_gate_recheck,44.02625421062112,11.452995706349611,20.069158488749217,18.808691616259395
global,unrelated,20,44,1,EXECUTE,published_after_gate_recheck,53.046836983412504,13.213769067078829,20.069158488749217,18.808691616259395
global,unrelated,20,45,1,EXECUTE,published_after_gate_recheck,50.81999907270074,15.325080137699842,20.069158488749217,18.808691616259395
global,unrelated,20,46,1,EXECUTE,published_after_gate_recheck,54.195070173591375,13.879447244107723,20.069158488749217,18.808691616259395
global,unrelated,20,47,1,EXECUTE,published_after_gate_recheck,46.57766968011856,12.58656196296215,20.069158488749217,18.808691616259395
global,unrelated,20,48,1,EXECUTE,published_after_gate_recheck,49.215809907764196,9.962831158190966,20.069158488749217,18.808691616259395
global,unrelated,20,49,1,EXECUTE,published_after_gate_recheck,54.22412510961294,15.996288973838091,20.069158488749217,18.808691616259395
global,unrelated,20,50,1,EXECUTE,published_after_gate_recheck,55.16657279804349,16.767246183007956,20.069158488749217,18.808691616259395
global,unrelated,20,51,1,EXECUTE,published_after_gate_recheck,50.88957026600838,12.482917867600918,20.069158488749217,18.808691616259395
global,unrelated,20,52,1,EXECUTE,published_after_gate_recheck,39.36666203662753,11.30963722243905,20.069158488749217,18.808691616259395
global,unrelated,20,53,1,EXECUTE,published_after_gate_recheck,51.193700172007084,15.94560407102108,20.069158488749217,18.808691616259395
global,unrelated,20,54,1,EXECUTE,published_after_gate_recheck,52.610588259994984,15.171803068369627,20.069158488749217,18.808691616259395
global,unrelated,20,55,1,EXECUTE,published_after_gate_recheck,48.84097632020712,13.817692175507545,20.069158488749217,18.808691616259395
global,unrelated,20,56,1,EXECUTE,published_after_gate_recheck,46.1402996443212,15.66810393705964,20.069158488749217,18.808691616259395
global,unrelated,20,57,1,EXECUTE,published_after_gate_recheck,52.24010208621621,12.412125710397959,20.069158488749217,18.808691616259395
global,unrelated,20,58,1,EXECUTE,published_after_gate_recheck,50.99921487271786,14.686532318592072,20.069158488749217,18.808691616259395
global,unrelated,20,59,1,EXECUTE,published_after_gate_recheck,51.64719093590975,14.392841141670942,20.069158488749217,18.808691616259395
global,unrelated,20,60,1,EXECUTE,published_after_gate_recheck,50.382657907903194,13.569566886872053,20.069158488749217,18.808691616259395
global,unrelated,20,61,1,EXECUTE,published_after_gate_recheck,42.52691101282835,11.681774631142616,20.069158488749217,18.808691616259395
global,unrelated,20,62,1,EXECUTE,published_after_gate_recheck,46.94896610453725,11.728213168680668,20.069158488749217,18.808691616259395
global,unrelated,20,63,1,EXECUTE,published_after_gate_recheck,59.75966015830636,14.31553578004241,20.069158488749217,18.808691616259395
global,unrelated,20,64,1,EXECUTE,published_after_gate_recheck,55.54002430289984,12.48520240187645,20.069158488749217,18.808691616259395
global,unrelated,20,65,1,EXECUTE,published_after_gate_recheck,48.93263801932335,16.509140841662884,20.069158488749217,18.808691616259395
global,unrelated,20,66,1,EXECUTE,published_after_gate_recheck,56.721460074186325,16.51590410619974,20.069158488749217,18.808691616259395
global,unrelated,20,67,1,EXECUTE,published_after_gate_recheck,47.57502116262913,17.850718926638365,20.069158488749217,18.808691616259395
global,unrelated,20,68,1,EXECUTE,published_after_gate_recheck,55.83636974915862,16.961209010332823,20.069158488749217,18.808691616259395
global,unrelated,20,69,1,EXECUTE,published_after_gate_recheck,50.65271491184831,13.272710144519806,20.069158488749217,18.808691616259395
global,unrelated,20,70,0,REVOKE,context_version_changed_at_publish,62.973770312964916,28.021869249641895,20.069158488749217,18.808691616259395
global,unrelated,20,71,1,EXECUTE,published_after_gate_recheck,63.38212499395013,12.596440967172384,20.069158488749217,18.808691616259395
global,unrelated,20,72,1,EXECUTE,published_after_gate_recheck,45.56155391037464,11.536141857504845,20.069158488749217,18.808691616259395
global,unrelated,20,73,1,EXECUTE,published_after_gate_recheck,51.61388777196407,13.639327604323626,20.069158488749217,18.808691616259395
global,unrelated,20,74,1,EXECUTE,published_after_gate_recheck,57.95733770355582,15.817995183169842,20.069158488749217,18.808691616259395
global,unrelated,20,75,1,EXECUTE,published_after_gate_recheck,51.50164803490043,15.05412207916379,20.069158488749217,18.808691616259395
global,unrelated,20,76,1,EXECUTE,published_after_gate_recheck,50.064400769770145,8.037758059799671,20.069158488749217,18.808691616259395
global,unrelated,20,77,1,EXECUTE,published_after_gate_recheck,51.70795414596796,13.457957189530134,20.069158488749217,18.808691616259395
global,unrelated,20,78,1,EXECUTE,published_after_gate_recheck,50.880853086709976,11.372274719178677,20.069158488749217,18.808691616259395
global,unrelated,20,79,1,EXECUTE,published_after_gate_recheck,47.9169231839478,15.026640146970749,20.069158488749217,18.808691616259395
global,unrelated,20,80,1,EXECUTE,published_after_gate_recheck,51.71572929248214,12.831381987780333,20.069158488749217,18.808691616259395
global,unrelated,20,81,1,EXECUTE,published_after_gate_recheck,46.89207999035716,13.456043787300587,20.069158488749217,18.808691616259395
global,unrelated,20,82,1,EXECUTE,published_after_gate_recheck,45.9041059948504,12.228481005877256,20.069158488749217,18.808691616259395
global,unrelated,20,83,1,EXECUTE,published_after_gate_recheck,46.996946446597576,13.05672386661172,20.069158488749217,18.808691616259395
global,unrelated,20,84,1,EXECUTE,published_after_gate_recheck,44.852604158222675,13.431346975266933,20.069158488749217,18.808691616259395
global,unrelated,20,85,1,EXECUTE,published_after_gate_recheck,52.534716203808784,12.291909661144018,20.069158488749217,18.808691616259395
global,unrelated,20,86,1,EXECUTE,published_after_gate_recheck,50.215073861181736,13.738964218646288,20.069158488749217,18.808691616259395
global,unrelated,20,87,1,EXECUTE,published_after_gate_recheck,44.04662223532796,10.482594836503267,20.069158488749217,18.808691616259395
global,unrelated,20,88,1,EXECUTE,published_after_gate_recheck,63.73778264969587,16.856913920491934,20.069158488749217,18.808691616259395
global,unrelated,20,89,1,EXECUTE,published_after_gate_recheck,49.99930877238512,16.06798404827714,20.069158488749217,18.808691616259395
global,unrelated,20,90,1,EXECUTE,published_after_gate_recheck,50.050404854118824,14.996403828263283,20.069158488749217,18.808691616259395
global,unrelated,20,91,1,EXECUTE,published_after_gate_recheck,47.74049110710621,15.469401143491268,20.069158488749217,18.808691616259395
global,unrelated,20,92,1,EXECUTE,published_after_gate_recheck,40.084409061819315,10.56303596124053,20.069158488749217,18.808691616259395
global,unrelated,20,93,1,EXECUTE,published_after_gate_recheck,60.66115107387304,14.996223151683807,20.069158488749217,18.808691616259395
global,unrelated,20,94,1,EXECUTE,published_after_gate_recheck,49.74221717566252,14.331786427646875,20.069158488749217,18.808691616259395
global,unrelated,20,95,1,EXECUTE,published_after_gate_recheck,44.297322165220976,12.315022759139538,20.069158488749217,18.808691616259395
global,unrelated,20,96,1,EXECUTE,published_after_gate_recheck,54.68308599665761,13.895637821406126,20.069158488749217,18.808691616259395
global,unrelated,20,97,1,EXECUTE,published_after_gate_recheck,42.70357172936201,10.347472038120031,20.069158488749217,18.808691616259395
global,unrelated,20,98,1,EXECUTE,published_after_gate_recheck,49.595290794968605,13.464549090713263,20.069158488749217,18.808691616259395
global,unrelated,20,99,1,EXECUTE,published_after_gate_recheck,50.21216766908765,13.032499235123396,20.069158488749217,18.808691616259395
readset,unrelated,20,0,1,EXECUTE,published_after_gate_recheck,61.08020665124059,13.933980837464333,20.106406551860896,19.736178509208575
readset,unrelated,20,1,1,EXECUTE,published_after_gate_recheck,39.44390686228871,7.572035305202007,20.106406551860896,19.736178509208575
readset,unrelated,20,2,1,EXECUTE,published_after_gate_recheck,65.521408803761,13.236961793154478,20.106406551860896,19.736178509208575
readset,unrelated,20,3,1,EXECUTE,published_after_gate_recheck,46.06705158948898,13.952093664556742,20.106406551860896,19.736178509208575
readset,unrelated,20,4,1,EXECUTE,published_after_gate_recheck,50.02181092277169,13.929130975157022,20.106406551860896,19.736178509208575
readset,unrelated,20,5,1,EXECUTE,published_after_gate_recheck,49.7176512144506,12.269458267837763,20.106406551860896,19.736178509208575
readset,unrelated,20,6,1,EXECUTE,published_after_gate_recheck,43.13111398369074,9.697322268038988,20.106406551860896,19.736178509208575
readset,unrelated,20,7,1,EXECUTE,published_after_gate_recheck,52.87138698622584,13.3243459276855,20.106406551860896,19.736178509208575
readset,unrelated,20,8,1,EXECUTE,published_after_gate_recheck,52.957729902118444,12.579099275171757,20.106406551860896,19.736178509208575
readset,unrelated,20,9,1,EXECUTE,published_after_gate_recheck,46.56104929745197,9.871209040284157,20.106406551860896,19.736178509208575
readset,unrelated,20,10,1,EXECUTE,published_after_gate_recheck,56.75072502344847,14.448696281760931,20.106406551860896,19.736178509208575
readset,unrelated,20,11,1,EXECUTE,published_after_gate_recheck,55.67446583881974,18.721881788223982,20.106406551860896,19.736178509208575
readset,unrelated,20,12,1,EXECUTE,published_after_gate_recheck,66.04423001408577,25.13260906562209,20.106406551860896,19.736178509208575
readset,unrelated,20,13,1,EXECUTE,published_after_gate_recheck,65.53374184295535,28.20332022383809,20.106406551860896,19.736178509208575
readset,unrelated,20,14,1,EXECUTE,published_after_gate_recheck,49.06433494761586,13.881771825253963,20.106406551860896,19.736178509208575
readset,unrelated,20,15,1,EXECUTE,published_after_gate_recheck,47.416763845831156,10.354995727539062,20.106406551860896,19.736178509208575
readset,unrelated,20,16,1,EXECUTE,published_after_gate_recheck,54.74878987297416,15.304510947316885,20.106406551860896,19.736178509208575
readset,unrelated,20,17,1,EXECUTE,published_after_gate_recheck,55.08521106094122,15.779573004692793,20.106406551860896,19.736178509208575
readset,unrelated,20,18,1,EXECUTE,published_after_gate_recheck,48.518982250243425,14.821905642747879,20.106406551860896,19.736178509208575
readset,unrelated,20,19,1,EXECUTE,published_after_gate_recheck,43.25322387740016,8.089685812592506,20.106406551860896,19.736178509208575
readset,unrelated,20,20,1,EXECUTE,published_after_gate_recheck,51.05283483862877,17.16063404455781,20.106406551860896,19.736178509208575
readset,unrelated,20,21,1,EXECUTE,published_after_gate_recheck,48.90268202871084,14.168530236929655,20.106406551860896,19.736178509208575
readset,unrelated,20,22,1,EXECUTE,published_after_gate_recheck,60.88495999574661,14.786139130592346,20.106406551860896,19.736178509208575
readset,unrelated,20,23,1,EXECUTE,published_after_gate_recheck,43.37114514783025,11.220771353691816,20.106406551860896,19.736178509208575
readset,unrelated,20,24,1,EXECUTE,published_after_gate_recheck,60.451306868344545,18.231933005154133,20.106406551860896,19.736178509208575
readset,unrelated,20,25,1,EXECUTE,published_after_gate_recheck,47.283885069191456,12.797277886420488,20.106406551860896,19.736178509208575
readset,unrelated,20,26,1,EXECUTE,published_after_gate_recheck,51.328402012586594,16.04332821443677,20.106406551860896,19.736178509208575
readset,unrelated,20,27,1,EXECUTE,published_after_gate_recheck,41.67673597112298,13.6739332228899,20.106406551860896,19.736178509208575
readset,unrelated,20,28,1,EXECUTE,published_after_gate_recheck,52.49957926571369,11.782574001699686,20.106406551860896,19.736178509208575
readset,unrelated,20,29,1,EXECUTE,published_after_gate_recheck,51.54977785423398,15.93054598197341,20.106406551860896,19.736178509208575
readset,unrelated,20,30,1,EXECUTE,published_after_gate_recheck,50.45776907354593,10.51664026454091,20.106406551860896,19.736178509208575
readset,unrelated,20,31,1,EXECUTE,published_after_gate_recheck,42.773212771862745,10.784191079437733,20.106406551860896,19.736178509208575
readset,unrelated,20,32,1,EXECUTE,published_after_gate_recheck,60.76729018241167,15.251591801643372,20.106406551860896,19.736178509208575
readset,unrelated,20,33,1,EXECUTE,published_after_gate_recheck,45.821872074157,10.664546862244606,20.106406551860896,19.736178509208575
readset,unrelated,20,34,1,EXECUTE,published_after_gate_recheck,36.047084257006645,9.043867234140635,20.106406551860896,19.736178509208575
readset,unrelated,20,35,1,EXECUTE,published_after_gate_recheck,60.33081095665693,14.855709858238697,20.106406551860896,19.736178509208575
readset,unrelated,20,36,1,EXECUTE,published_after_gate_recheck,48.138347920030355,14.012226834893227,20.106406551860896,19.736178509208575
readset,unrelated,20,37,1,EXECUTE,published_after_gate_recheck,50.13185692951083,13.009334914386272,20.106406551860896,19.736178509208575
readset,unrelated,20,38,1,EXECUTE,published_after_gate_recheck,59.18325809761882,13.734154868870974,20.106406551860896,19.736178509208575
readset,unrelated,20,39,1,EXECUTE,published_after_gate_recheck,51.440431736409664,15.171290840953588,20.106406551860896,19.736178509208575
readset,unrelated,20,40,1,EXECUTE,published_after_gate_recheck,45.53176835179329,11.860189959406853,20.106406551860896,19.736178509208575
readset,unrelated,20,41,1,EXECUTE,published_after_gate_recheck,44.12096133455634,9.835811797529459,20.106406551860896,19.736178509208575
readset,unrelated,20,42,1,EXECUTE,published_after_gate_recheck,59.57695655524731,14.310355763882399,20.106406551860896,19.736178509208575
readset,unrelated,20,43,1,EXECUTE,published_after_gate_recheck,51.732540130615234,12.734880670905113,20.106406551860896,19.736178509208575
readset,unrelated,20,44,1,EXECUTE,published_after_gate_recheck,53.039733320474625,17.19649089500308,20.106406551860896,19.736178509208575
readset,unrelated,20,45,1,EXECUTE,published_after_gate_recheck,54.34013158082962,18.607026897370815,20.106406551860896,19.736178509208575
readset,unrelated,20,46,1,EXECUTE,published_after_gate_recheck,43.15387737005949,15.909526962786913,20.106406551860896,19.736178509208575
readset,unrelated,20,47,1,EXECUTE,published_after_gate_recheck,40.90309515595436,10.39751572534442,20.106406551860896,19.736178509208575
readset,unrelated,20,48,1,EXECUTE,published_after_gate_recheck,43.84724795818329,9.277824778109789,20.106406551860896,19.736178509208575
readset,unrelated,20,49,1,EXECUTE,published_after_gate_recheck,62.65671504661441,17.10877614095807,20.106406551860896,19.736178509208575
readset,unrelated,20,50,1,EXECUTE,published_after_gate_recheck,48.1114168651402,13.196767307817936,20.106406551860896,19.736178509208575
readset,unrelated,20,51,1,EXECUTE,published_after_gate_recheck,55.33327627927065,15.180659014731646,20.106406551860896,19.736178509208575
readset,unrelated,20,52,1,EXECUTE,published_after_gate_recheck,45.46065395697951,8.758360985666513,20.106406551860896,19.736178509208575
readset,unrelated,20,53,1,EXECUTE,published_after_gate_recheck,43.6096522025764,9.008480235934258,20.106406551860896,19.736178509208575
readset,unrelated,20,54,1,EXECUTE,published_after_gate_recheck,51.00560700520873,11.239524930715561,20.106406551860896,19.736178509208575
readset,unrelated,20,55,1,EXECUTE,published_after_gate_recheck,51.372524816542864,13.96692218258977,20.106406551860896,19.736178509208575
readset,unrelated,20,56,1,EXECUTE,published_after_gate_recheck,46.33187875151634,10.807895101606846,20.106406551860896,19.736178509208575
readset,unrelated,20,57,1,EXECUTE,published_after_gate_recheck,46.02449294179678,14.723231084644794,20.106406551860896,19.736178509208575
readset,unrelated,20,58,1,EXECUTE,published_after_gate_recheck,53.590366151183844,16.722902189940214,20.106406551860896,19.736178509208575
readset,unrelated,20,59,1,EXECUTE,published_after_gate_recheck,43.07458829134703,11.612555012106895,20.106406551860896,19.736178509208575
readset,unrelated,20,60,1,EXECUTE,published_after_gate_recheck,45.85026577115059,9.22428397461772,20.106406551860896,19.736178509208575
readset,unrelated,20,61,1,EXECUTE,published_after_gate_recheck,57.11365584284067,14.172516763210297,20.106406551860896,19.736178509208575
readset,unrelated,20,62,1,EXECUTE,published_after_gate_recheck,57.57151497527957,11.879506055265665,20.106406551860896,19.736178509208575
readset,unrelated,20,63,1,EXECUTE,published_after_gate_recheck,46.80606909096241,13.424703851342201,20.106406551860896,19.736178509208575
readset,unrelated,20,64,1,EXECUTE,published_after_gate_recheck,43.928810860961676,6.622544024139643,20.106406551860896,19.736178509208575
readset,unrelated,20,65,1,EXECUTE,published_after_gate_recheck,48.33696084097028,12.798078823834658,20.106406551860896,19.736178509208575
readset,unrelated,20,66,1,EXECUTE,published_after_gate_recheck,63.21590393781662,14.711860101670027,20.106406551860896,19.736178509208575
readset,unrelated,20,67,1,EXECUTE,published_after_gate_recheck,46.72327311709523,13.721320778131485,20.106406551860896,19.736178509208575
readset,unrelated,20,68,1,EXECUTE,published_after_gate_recheck,44.7879028506577,15.233578160405159,20.106406551860896,19.736178509208575
readset,unrelated,20,69,1,EXECUTE,published_after_gate_recheck,58.52971225976944,16.616002190858126,20.106406551860896,19.736178509208575
readset,unrelated,20,70,1,EXECUTE,published_after_gate_recheck,50.29785027727485,15.023254323750734,20.106406551860896,19.736178509208575
readset,unrelated,20,71,1,EXECUTE,published_after_gate_recheck,55.472115986049175,19.131391309201717,20.106406551860896,19.736178509208575
readset,unrelated,20,72,1,EXECUTE,published_after_gate_recheck,42.08127502351999,13.323293998837471,20.106406551860896,19.736178509208575
readset,unrelated,20,73,1,EXECUTE,published_after_gate_recheck,46.8910476192832,13.743512332439423,20.106406551860896,19.736178509208575
readset,unrelated,20,74,1,EXECUTE,published_after_gate_recheck,52.090983372181654,14.669058844447136,20.106406551860896,19.736178509208575
readset,unrelated,20,75,1,EXECUTE,published_after_gate_recheck,44.545839074999094,11.614779010415077,20.106406551860896,19.736178509208575
readset,unrelated,20,76,1,EXECUTE,published_after_gate_recheck,39.76106224581599,11.712863110005856,20.106406551860896,19.736178509208575
readset,unrelated,20,77,1,EXECUTE,published_after_gate_recheck,65.57319639250636,16.806167550385,20.106406551860896,19.736178509208575
readset,unrelated,20,78,1,EXECUTE,published_after_gate_recheck,48.30575222149491,11.946662329137325,20.106406551860896,19.736178509208575
readset,unrelated,20,79,1,EXECUTE,published_after_gate_recheck,46.10402137041092,11.452434118837118,20.106406551860896,19.736178509208575
readset,unrelated,20,80,1,EXECUTE,published_after_gate_recheck,49.288284964859486,12.326623778790236,20.106406551860896,19.736178509208575
readset,unrelated,20,81,1,EXECUTE,published_after_gate_recheck,50.263003911823034,14.371681958436966,20.106406551860896,19.736178509208575
readset,unrelated,20,82,1,EXECUTE,published_after_gate_recheck,43.328613974153996,7.7048842795193195,20.106406551860896,19.736178509208575
readset,unrelated,20,83,1,EXECUTE,published_after_gate_recheck,52.585531026124954,10.999664664268494,20.106406551860896,19.736178509208575
readset,unrelated,20,84,1,EXECUTE,published_after_gate_recheck,58.83170897141099,14.243180863559246,20.106406551860896,19.736178509208575
readset,unrelated,20,85,1,EXECUTE,published_after_gate_recheck,54.51010214164853,14.05656011775136,20.106406551860896,19.736178509208575
readset,unrelated,20,86,1,EXECUTE,published_after_gate_recheck,44.68001006171107,12.07423210144043,20.106406551860896,19.736178509208575
readset,unrelated,20,87,1,EXECUTE,published_after_gate_recheck,54.22323336824775,12.544373981654644,20.106406551860896,19.736178509208575
readset,unrelated,20,88,1,EXECUTE,published_after_gate_recheck,45.96447013318539,12.422464787960052,20.106406551860896,19.736178509208575
readset,unrelated,20,89,1,EXECUTE,published_after_gate_recheck,51.20549211278558,16.79886505007744,20.106406551860896,19.736178509208575
readset,unrelated,20,90,1,EXECUTE,published_after_gate_recheck,42.675789911299944,10.682851076126099,20.106406551860896,19.736178509208575
readset,unrelated,20,91,1,EXECUTE,published_after_gate_recheck,54.33902097865939,19.20898724347353,20.106406551860896,19.736178509208575
readset,unrelated,20,92,1,EXECUTE,published_after_gate_recheck,51.73189006745815,15.600145794451237,20.106406551860896,19.736178509208575
readset,unrelated,20,93,1,EXECUTE,published_after_gate_recheck,43.49948512390256,11.661045718938112,20.106406551860896,19.736178509208575
readset,unrelated,20,94,1,EXECUTE,published_after_gate_recheck,57.25880805402994,15.402335207909346,20.106406551860896,19.736178509208575
readset,unrelated,20,95,1,EXECUTE,published_after_gate_recheck,49.023067113012075,18.88264436274767,20.106406551860896,19.736178509208575
readset,unrelated,20,96,1,EXECUTE,published_after_gate_recheck,52.648600190877914,18.568504601716995,20.106406551860896,19.736178509208575
readset,unrelated,20,97,1,EXECUTE,published_after_gate_recheck,47.459433786571026,11.668941006064415,20.106406551860896,19.736178509208575
readset,unrelated,20,98,1,EXECUTE,published_after_gate_recheck,52.207652013748884,16.344842966645956,20.106406551860896,19.736178509208575
readset,unrelated,20,99,1,EXECUTE,published_after_gate_recheck,52.24290816113353,11.823751963675022,20.106406551860896,19.736178509208575
global,related_same,20,0,1,EXECUTE,published_after_gate_recheck,54.733098950237036,12.758986093103886,20.1049759100175,18.793890683457377
global,related_same,20,1,1,EXECUTE,published_after_gate_recheck,53.86588256806135,12.679887935519218,20.1049759100175,18.793890683457377
global,related_same,20,2,1,EXECUTE,published_after_gate_recheck,48.36335079744458,13.896158896386623,20.1049759100175,18.793890683457377
global,related_same,20,3,1,EXECUTE,published_after_gate_recheck,52.72277910262346,15.33412653952837,20.1049759100175,18.793890683457377
global,related_same,20,4,1,EXECUTE,published_after_gate_recheck,54.04661176726222,16.67450089007616,20.1049759100175,18.793890683457377
global,related_same,20,5,1,EXECUTE,published_after_gate_recheck,48.49650897085667,11.050240136682987,20.1049759100175,18.793890683457377
global,related_same,20,6,1,EXECUTE,published_after_gate_recheck,48.49026771262288,12.834918219596148,20.1049759100175,18.793890683457377
global,related_same,20,7,1,EXECUTE,published_after_gate_recheck,51.00584775209427,15.47919912263751,20.1049759100175,18.793890683457377
global,related_same,20,8,1,EXECUTE,published_after_gate_recheck,48.11274027451873,13.511608354747295,20.1049759100175,18.793890683457377
global,related_same,20,9,1,EXECUTE,published_after_gate_recheck,52.24136495962739,16.847075894474983,20.1049759100175,18.793890683457377
global,related_same,20,10,1,EXECUTE,published_after_gate_recheck,47.72420087829232,11.591276153922081,20.1049759100175,18.793890683457377
global,related_same,20,11,1,EXECUTE,published_after_gate_recheck,58.65479679778218,15.062578022480011,20.1049759100175,18.793890683457377
global,related_same,20,12,1,EXECUTE,published_after_gate_recheck,58.37507313117385,17.298311926424503,20.1049759100175,18.793890683457377
global,related_same,20,13,1,EXECUTE,published_after_gate_recheck,40.54769827052951,10.353873949497938,20.1049759100175,18.793890683457377
global,related_same,20,14,1,EXECUTE,published_after_gate_recheck,55.29342079535127,18.305801786482334,20.1049759100175,18.793890683457377
global,related_same,20,15,1,EXECUTE,published_after_gate_recheck,48.51497383788228,16.839892137795687,20.1049759100175,18.793890683457377
global,related_same,20,16,1,EXECUTE,published_after_gate_recheck,46.9188098795712,13.039111625403166,20.1049759100175,18.793890683457377
global,related_same,20,17,1,EXECUTE,published_after_gate_recheck,47.12087893858552,10.67102886736393,20.1049759100175,18.793890683457377
global,related_same,20,18,1,EXECUTE,published_after_gate_recheck,52.39556496962905,15.05922107025981,20.1049759100175,18.793890683457377
global,related_same,20,19,1,EXECUTE,published_after_gate_recheck,50.147967878729105,14.644752722233534,20.1049759100175,18.793890683457377
global,related_same,20,20,1,EXECUTE,published_after_gate_recheck,37.419379223138094,9.425031021237373,20.1049759100175,18.793890683457377
global,related_same,20,21,1,EXECUTE,published_after_gate_recheck,46.29812482744455,10.352531913667917,20.1049759100175,18.793890683457377
global,related_same,20,22,1,EXECUTE,published_after_gate_recheck,56.600794196128845,16.994952224195004,20.1049759100175,18.793890683457377
global,related_same,20,23,1,EXECUTE,published_after_gate_recheck,50.085190217942,14.225357212126255,20.1049759100175,18.793890683457377
global,related_same,20,24,1,EXECUTE,published_after_gate_recheck,49.86478667706251,12.870484963059425,20.1049759100175,18.793890683457377
global,related_same,20,25,1,EXECUTE,published_after_gate_recheck,49.76789513602853,11.776271741837263,20.1049759100175,18.793890683457377
global,related_same,20,26,1,EXECUTE,published_after_gate_recheck,51.170195918530226,12.248148210346699,20.1049759100175,18.793890683457377
global,related_same,20,27,1,EXECUTE,published_after_gate_recheck,44.683456886559725,12.07316992804408,20.1049759100175,18.793890683457377
global,related_same,20,28,1,EXECUTE,published_after_gate_recheck,46.25550610944629,11.817148886620998,20.1049759100175,18.793890683457377
global,related_same,20,29,1,EXECUTE,published_after_gate_recheck,41.812160052359104,9.337717667222023,20.1049759100175,18.793890683457377
global,related_same,20,30,1,EXECUTE,published_after_gate_recheck,61.28502218052745,12.674677651375532,20.1049759100175,18.793890683457377
global,related_same,20,31,1,EXECUTE,published_after_gate_recheck,53.76288900151849,18.463166896253824,20.1049759100175,18.793890683457377
global,related_same,20,32,1,EXECUTE,published_after_gate_recheck,45.28095666319132,15.652243047952652,20.1049759100175,18.793890683457377
global,related_same,20,33,1,EXECUTE,published_after_gate_recheck,49.40544627606869,11.460058856755495,20.1049759100175,18.793890683457377
global,related_same,20,34,1,EXECUTE,published_after_gate_recheck,48.12938114628196,14.063873793929815,20.1049759100175,18.793890683457377
global,related_same,20,35,1,EXECUTE,published_after_gate_recheck,63.1861980073154,17.94739905744791,20.1049759100175,18.793890683457377
global,related_same,20,36,1,EXECUTE,published_after_gate_recheck,53.95523086190224,14.935438986867666,20.1049759100175,18.793890683457377
global,related_same,20,37,1,EXECUTE,published_after_gate_recheck,56.2907918356359,16.059197951108217,20.1049759100175,18.793890683457377
global,related_same,20,38,0,REVOKE,context_version_changed_at_publish,61.96285178884864,26.491158176213503,20.1049759100175,18.793890683457377
global,related_same,20,39,0,REVOKE,context_version_changed_at_publish,57.12385522201657,22.656924091279507,20.1049759100175,18.793890683457377
global,related_same,20,40,1,EXECUTE,published_after_gate_recheck,66.97578821331263,10.762741323560476,20.1049759100175,18.793890683457377
global,related_same,20,41,1,EXECUTE,published_after_gate_recheck,58.79230471327901,16.72985590994358,20.1049759100175,18.793890683457377
global,related_same,20,42,1,EXECUTE,published_after_gate_recheck,41.834351141005754,13.1900436244905,20.1049759100175,18.793890683457377
global,related_same,20,43,1,EXECUTE,published_after_gate_recheck,51.96413490921259,13.143097050487995,20.1049759100175,18.793890683457377
global,related_same,20,44,1,EXECUTE,published_after_gate_recheck,47.64775699004531,12.320073321461678,20.1049759100175,18.793890683457377
global,related_same,20,45,1,EXECUTE,published_after_gate_recheck,41.95531830191612,9.250874165445566,20.1049759100175,18.793890683457377
global,related_same,20,46,1,EXECUTE,published_after_gate_recheck,43.60743798315525,13.655346818268299,20.1049759100175,18.793890683457377
global,related_same,20,47,1,EXECUTE,published_after_gate_recheck,50.11076806113124,13.628858141601086,20.1049759100175,18.793890683457377
global,related_same,20,48,1,EXECUTE,published_after_gate_recheck,55.25768408551812,14.187655877321959,20.1049759100175,18.793890683457377
global,related_same,20,49,1,EXECUTE,published_after_gate_recheck,51.50750791653991,11.761724948883057,20.1049759100175,18.793890683457377
global,related_same,20,50,1,EXECUTE,published_after_gate_recheck,51.67270824313164,13.081340119242668,20.1049759100175,18.793890683457377
global,related_same,20,51,1,EXECUTE,published_after_gate_recheck,48.14219521358609,12.188324704766273,20.1049759100175,18.793890683457377
global,related_same,20,52,1,EXECUTE,published_after_gate_recheck,48.25909389182925,16.131943091750145,20.1049759100175,18.793890683457377
global,related_same,20,53,1,EXECUTE,published_after_gate_recheck,52.98938788473606,16.49178797379136,20.1049759100175,18.793890683457377
global,related_same,20,54,1,EXECUTE,published_after_gate_recheck,57.98570066690445,18.031517043709755,20.1049759100175,18.793890683457377
global,related_same,20,55,1,EXECUTE,published_after_gate_recheck,43.263222090899944,7.840338628739119,20.1049759100175,18.793890683457377
global,related_same,20,56,1,EXECUTE,published_after_gate_recheck,59.545488096773624,15.843141824007034,20.1049759100175,18.793890683457377
global,related_same,20,57,1,EXECUTE,published_after_gate_recheck,48.6088409088552,11.94707304239273,20.1049759100175,18.793890683457377
global,related_same,20,58,1,EXECUTE,published_after_gate_recheck,54.01055375114083,17.871146090328693,20.1049759100175,18.793890683457377
global,related_same,20,59,1,EXECUTE,published_after_gate_recheck,41.40902403742075,11.255004908889532,20.1049759100175,18.793890683457377
global,related_same,20,60,1,EXECUTE,published_after_gate_recheck,50.62743695452809,15.041548293083906,20.1049759100175,18.793890683457377
global,related_same,20,61,1,EXECUTE,published_after_gate_recheck,46.92066414281726,12.154893018305302,20.1049759100175,18.793890683457377
global,related_same,20,62,1,EXECUTE,published_after_gate_recheck,42.859855107963085,10.813174769282341,20.1049759100175,18.793890683457377
global,related_same,20,63,1,EXECUTE,published_after_gate_recheck,59.28810499608517,17.393932212144136,20.1049759100175,18.793890683457377
global,related_same,20,64,1,EXECUTE,published_after_gate_recheck,43.72391663491726,12.136007193475962,20.1049759100175,18.793890683457377
global,related_same,20,65,1,EXECUTE,published_after_gate_recheck,48.28940099105239,10.416041128337383,20.1049759100175,18.793890683457377
global,related_same,20,66,1,EXECUTE,published_after_gate_recheck,42.53846174106002,11.935321148484945,20.1049759100175,18.793890683457377
global,related_same,20,67,1,EXECUTE,published_after_gate_recheck,55.03024673089385,11.510483920574188,20.1049759100175,18.793890683457377
global,related_same,20,68,1,EXECUTE,published_after_gate_recheck,57.28959525004029,13.649166096001863,20.1049759100175,18.793890683457377
global,related_same,20,69,1,EXECUTE,published_after_gate_recheck,54.94746193289757,16.247129999101162,20.1049759100175,18.793890683457377
global,related_same,20,70,1,EXECUTE,published_after_gate_recheck,55.58310495689511,14.846181962639093,20.1049759100175,18.793890683457377
global,related_same,20,71,1,EXECUTE,published_after_gate_recheck,50.85034528747201,10.278873145580292,20.1049759100175,18.793890683457377
global,related_same,20,72,1,EXECUTE,published_after_gate_recheck,44.9466397985816,12.679706793278456,20.1049759100175,18.793890683457377
global,related_same,20,73,1,EXECUTE,published_after_gate_recheck,48.162342980504036,13.930113054811954,20.1049759100175,18.793890683457377
global,related_same,20,74,1,EXECUTE,published_after_gate_recheck,45.94243923202157,12.956526596099138,20.1049759100175,18.793890683457377
global,related_same,20,75,1,EXECUTE,published_after_gate_recheck,40.50065902993083,13.348741922527552,20.1049759100175,18.793890683457377
global,related_same,20,76,1,EXECUTE,published_after_gate_recheck,53.23020089417696,13.879138045012951,20.1049759100175,18.793890683457377
global,related_same,20,77,1,EXECUTE,published_after_gate_recheck,56.21047085151076,14.015031978487968,20.1049759100175,18.793890683457377
global,related_same,20,78,1,EXECUTE,published_after_gate_recheck,37.86690905690193,9.437263943254948,20.1049759100175,18.793890683457377
global,related_same,20,79,1,EXECUTE,published_after_gate_recheck,57.25057329982519,16.005205921828747,20.1049759100175,18.793890683457377
global,related_same,20,80,1,EXECUTE,published_after_gate_recheck,46.187007799744606,12.185510713607073,20.1049759100175,18.793890683457377
global,related_same,20,81,1,EXECUTE,published_after_gate_recheck,51.35850887745619,14.73803911358118,20.1049759100175,18.793890683457377
global,related_same,20,82,1,EXECUTE,published_after_gate_recheck,43.0774437263608,12.46610563248396,20.1049759100175,18.793890683457377
global,related_same,20,83,1,EXECUTE,published_after_gate_recheck,60.66006887704134,15.064151026308537,20.1049759100175,18.793890683457377
global,related_same,20,84,1,EXECUTE,published_after_gate_recheck,54.971877951174974,15.511509962379932,20.1049759100175,18.793890683457377
global,related_same,20,85,1,EXECUTE,published_after_gate_recheck,51.806529983878136,14.205370098352432,20.1049759100175,18.793890683457377
global,related_same,20,86,1,EXECUTE,published_after_gate_recheck,55.39726605638862,17.88103487342596,20.1049759100175,18.793890683457377
global,related_same,20,87,1,EXECUTE,published_after_gate_recheck,43.394648004323244,13.851636089384556,20.1049759100175,18.793890683457377
global,related_same,20,88,1,EXECUTE,published_after_gate_recheck,50.905989948660135,12.339659035205841,20.1049759100175,18.793890683457377
global,related_same,20,89,1,EXECUTE,published_after_gate_recheck,42.28856414556503,10.159729979932308,20.1049759100175,18.793890683457377
global,related_same,20,90,1,EXECUTE,published_after_gate_recheck,50.46627530828118,12.554403394460678,20.1049759100175,18.793890683457377
global,related_same,20,91,1,EXECUTE,published_after_gate_recheck,54.01193676516414,13.753442093729973,20.1049759100175,18.793890683457377
global,related_same,20,92,1,EXECUTE,published_after_gate_recheck,60.311646200716496,15.08577074855566,20.1049759100175,18.793890683457377
global,related_same,20,93,1,EXECUTE,published_after_gate_recheck,47.12902382016182,12.930057011544704,20.1049759100175,18.793890683457377
global,related_same,20,94,0,REVOKE,context_version_changed_at_publish,62.13315203785896,25.899458210915327,20.1049759100175,18.793890683457377
global,related_same,20,95,0,REVOKE,context_version_changed_at_publish,61.36647425591946,21.738131064921618,20.1049759100175,18.793890683457377
global,related_same,20,96,1,EXECUTE,published_after_gate_recheck,74.36398835852742,20.988774951547384,20.1049759100175,18.793890683457377
global,related_same,20,97,1,EXECUTE,published_after_gate_recheck,45.9370375610888,13.971129897981882,20.1049759100175,18.793890683457377
global,related_same,20,98,1,EXECUTE,published_after_gate_recheck,44.901295099407434,12.652786914259195,20.1049759100175,18.793890683457377
global,related_same,20,99,1,EXECUTE,published_after_gate_recheck,46.73906276002526,12.201079167425632,20.1049759100175,18.793890683457377
readset,related_same,20,0,1,EXECUTE,published_after_gate_recheck,49.38784195110202,12.312007136642933,20.077954087380796,19.516371202124528
readset,related_same,20,1,1,EXECUTE,published_after_gate_recheck,56.29325704649091,10.577983688563108,20.077954087380796,19.516371202124528
readset,related_same,20,2,1,EXECUTE,published_after_gate_recheck,51.402391865849495,13.123228680342436,20.077954087380796,19.516371202124528
readset,related_same,20,3,1,EXECUTE,published_after_gate_recheck,55.1493507809937,16.667678020894527,20.077954087380796,19.516371202124528
readset,related_same,20,4,1,EXECUTE,published_after_gate_recheck,56.230898946523666,16.860179603099823,20.077954087380796,19.516371202124528
readset,related_same,20,5,1,EXECUTE,published_after_gate_recheck,39.76637218147516,8.719027042388916,20.077954087380796,19.516371202124528
readset,related_same,20,6,1,EXECUTE,published_after_gate_recheck,57.608464267104864,17.451158724725246,20.077954087380796,19.516371202124528
readset,related_same,20,7,1,EXECUTE,published_after_gate_recheck,46.89203016459942,14.068222139030695,20.077954087380796,19.516371202124528
readset,related_same,20,8,1,EXECUTE,published_after_gate_recheck,45.40563095360994,11.404865887016058,20.077954087380796,19.516371202124528
readset,related_same,20,9,1,EXECUTE,published_after_gate_recheck,55.35618867725134,15.354335308074951,20.077954087380796,19.516371202124528
readset,related_same,20,10,1,EXECUTE,published_after_gate_recheck,47.85161977633834,12.2233210131526,20.077954087380796,19.516371202124528
readset,related_same,20,11,1,EXECUTE,published_after_gate_recheck,48.96525992080569,13.628948014229536,20.077954087380796,19.516371202124528
readset,related_same,20,12,1,EXECUTE,published_after_gate_recheck,51.89855210483074,8.314377162605524,20.077954087380796,19.516371202124528
readset,related_same,20,13,1,EXECUTE,published_after_gate_recheck,42.822756338864565,12.243007775396109,20.077954087380796,19.516371202124528
readset,related_same,20,14,1,EXECUTE,published_after_gate_recheck,44.13682082667947,9.15916170924902,20.077954087380796,19.516371202124528
readset,related_same,20,15,1,EXECUTE,published_after_gate_recheck,48.716702964156866,13.762839138507843,20.077954087380796,19.516371202124528
readset,related_same,20,16,1,EXECUTE,published_after_gate_recheck,59.476749040186405,15.005872119218111,20.077954087380796,19.516371202124528
readset,related_same,20,17,1,EXECUTE,published_after_gate_recheck,50.78539391979575,12.685628142207861,20.077954087380796,19.516371202124528
readset,related_same,20,18,1,EXECUTE,published_after_gate_recheck,49.37106091529131,12.071867007762194,20.077954087380796,19.516371202124528
readset,related_same,20,19,1,EXECUTE,published_after_gate_recheck,53.126394748687744,14.33340972289443,20.077954087380796,19.516371202124528
readset,related_same,20,20,1,EXECUTE,published_after_gate_recheck,56.19975086301565,15.344245824962854,20.077954087380796,19.516371202124528
readset,related_same,20,21,1,EXECUTE,published_after_gate_recheck,48.81670093163848,14.148192014545202,20.077954087380796,19.516371202124528
readset,related_same,20,22,1,EXECUTE,published_after_gate_recheck,39.21253280714154,7.106991950422525,20.077954087380796,19.516371202124528
readset,related_same,20,23,1,EXECUTE,published_after_gate_recheck,42.77389496564865,12.615175917744637,20.077954087380796,19.516371202124528
readset,related_same,20,24,1,EXECUTE,published_after_gate_recheck,52.59952787309885,8.840073831379414,20.077954087380796,19.516371202124528
readset,related_same,20,25,1,EXECUTE,published_after_gate_recheck,51.79515900090337,14.22610878944397,20.077954087380796,19.516371202124528
readset,related_same,20,26,1,EXECUTE,published_after_gate_recheck,52.0503968000412,18.315800931304693,20.077954087380796,19.516371202124528
readset,related_same,20,27,1,EXECUTE,published_after_gate_recheck,44.29422691464424,10.677570942789316,20.077954087380796,19.516371202124528
readset,related_same,20,28,1,EXECUTE,published_after_gate_recheck,58.823454193770885,12.293984182178974,20.077954087380796,19.516371202124528
readset,related_same,20,29,1,EXECUTE,published_after_gate_recheck,45.03896413370967,9.891826659440994,20.077954087380796,19.516371202124528
readset,related_same,20,30,1,EXECUTE,published_after_gate_recheck,55.296897888183594,14.153953175991774,20.077954087380796,19.516371202124528
readset,related_same,20,31,1,EXECUTE,published_after_gate_recheck,48.72507881373167,10.409098118543625,20.077954087380796,19.516371202124528
readset,related_same,20,32,1,EXECUTE,published_after_gate_recheck,49.67321781441569,14.452503062784672,20.077954087380796,19.516371202124528
readset,related_same,20,33,1,EXECUTE,published_after_gate_recheck,45.04666803404689,12.258667964488268,20.077954087380796,19.516371202124528
readset,related_same,20,34,1,EXECUTE,published_after_gate_recheck,55.99860427901149,13.831257820129395,20.077954087380796,19.516371202124528
readset,related_same,20,35,1,EXECUTE,published_after_gate_recheck,45.70240806788206,13.570768758654594,20.077954087380796,19.516371202124528
readset,related_same,20,36,1,EXECUTE,published_after_gate_recheck,45.52382277324796,12.976453639566898,20.077954087380796,19.516371202124528
readset,related_same,20,37,1,EXECUTE,published_after_gate_recheck,54.47082780301571,15.586290042847395,20.077954087380796,19.516371202124528
readset,related_same,20,38,1,EXECUTE,published_after_gate_recheck,51.82833084836602,11.759550776332617,20.077954087380796,19.516371202124528
readset,related_same,20,39,1,EXECUTE,published_after_gate_recheck,48.242584336549044,15.489156823605299,20.077954087380796,19.516371202124528
readset,related_same,20,40,1,EXECUTE,published_after_gate_recheck,46.17459373548627,12.74404814466834,20.077954087380796,19.516371202124528
readset,related_same,20,41,1,EXECUTE,published_after_gate_recheck,59.69986692070961,15.407764818519354,20.077954087380796,19.516371202124528
readset,related_same,20,42,1,EXECUTE,published_after_gate_recheck,41.8163170106709,8.959949016571045,20.077954087380796,19.516371202124528
readset,related_same,20,43,1,EXECUTE,published_after_gate_recheck,57.03660100698471,15.554980840533972,20.077954087380796,19.516371202124528
readset,related_same,20,44,1,EXECUTE,published_after_gate_recheck,46.12720478326082,12.299614027142525,20.077954087380796,19.516371202124528
readset,related_same,20,45,1,EXECUTE,published_after_gate_recheck,48.030244652181864,12.121479958295822,20.077954087380796,19.516371202124528
readset,related_same,20,46,1,EXECUTE,published_after_gate_recheck,44.2924527451396,8.693329058587551,20.077954087380796,19.516371202124528
readset,related_same,20,47,1,EXECUTE,published_after_gate_recheck,61.51575408875942,15.56351687759161,20.077954087380796,19.516371202124528
readset,related_same,20,48,1,EXECUTE,published_after_gate_recheck,59.87032828852534,17.986904364079237,20.077954087380796,19.516371202124528
readset,related_same,20,49,1,EXECUTE,published_after_gate_recheck,45.27015797793865,14.372271951287985,20.077954087380796,19.516371202124528
readset,related_same,20,50,1,EXECUTE,published_after_gate_recheck,51.65868205949664,15.996720176190138,20.077954087380796,19.516371202124528
readset,related_same,20,51,1,EXECUTE,published_after_gate_recheck,53.36083518341184,11.827979236841202,20.077954087380796,19.516371202124528
readset,related_same,20,52,1,EXECUTE,published_after_gate_recheck,48.18076686933637,11.578430887311697,20.077954087380796,19.516371202124528
readset,related_same,20,53,1,EXECUTE,published_after_gate_recheck,42.945445980876684,15.496250707656145,20.077954087380796,19.516371202124528
readset,related_same,20,54,1,EXECUTE,published_after_gate_recheck,60.57682307437062,21.500816103070974,20.077954087380796,19.516371202124528
readset,related_same,20,55,1,EXECUTE,published_after_gate_recheck,70.61794959008694,22.195528727024794,20.077954087380796,19.516371202124528
readset,related_same,20,56,1,EXECUTE,published_after_gate_recheck,59.954254887998104,11.902689933776855,20.077954087380796,19.516371202124528
readset,related_same,20,57,1,EXECUTE,published_after_gate_recheck,56.62074079737067,12.542399112135172,20.077954087380796,19.516371202124528
readset,related_same,20,58,1,EXECUTE,published_after_gate_recheck,43.299651239067316,9.87999513745308,20.077954087380796,19.516371202124528
readset,related_same,20,59,1,EXECUTE,published_after_gate_recheck,45.09969661012292,12.330843135714531,20.077954087380796,19.516371202124528
readset,related_same,20,60,1,EXECUTE,published_after_gate_recheck,70.38051495328546,18.251720815896988,20.077954087380796,19.516371202124528
readset,related_same,20,61,1,EXECUTE,published_after_gate_recheck,45.13440188020468,12.173367198556662,20.077954087380796,19.516371202124528
readset,related_same,20,62,1,EXECUTE,published_after_gate_recheck,51.245716866105795,14.7652099840343,20.077954087380796,19.516371202124528
readset,related_same,20,63,1,EXECUTE,published_after_gate_recheck,51.5721901319921,15.044102910906076,20.077954087380796,19.516371202124528
readset,related_same,20,64,1,EXECUTE,published_after_gate_recheck,57.99033073708415,19.453355111181736,20.077954087380796,19.516371202124528
readset,related_same,20,65,1,EXECUTE,published_after_gate_recheck,51.73686891794205,13.950902037322521,20.077954087380796,19.516371202124528
readset,related_same,20,66,1,EXECUTE,published_after_gate_recheck,72.17096304520965,35.63269693404436,20.077954087380796,19.516371202124528
readset,related_same,20,67,1,EXECUTE,published_after_gate_recheck,54.75418921560049,15.683192294090986,20.077954087380796,19.516371202124528
readset,related_same,20,68,1,EXECUTE,published_after_gate_recheck,48.08749258518219,10.633639059960842,20.077954087380796,19.516371202124528
readset,related_same,20,69,1,EXECUTE,published_after_gate_recheck,51.40808271244168,14.724343083798885,20.077954087380796,19.516371202124528
readset,related_same,20,70,1,EXECUTE,published_after_gate_recheck,49.306970089673996,17.361721023917198,20.077954087380796,19.516371202124528
readset,related_same,20,71,1,EXECUTE,published_after_gate_recheck,55.59744080528617,12.215477414429188,20.077954087380796,19.516371202124528
readset,related_same,20,72,1,EXECUTE,published_after_gate_recheck,49.974632915109396,13.430675957351923,20.077954087380796,19.516371202124528
readset,related_same,20,73,1,EXECUTE,published_after_gate_recheck,56.30814470350742,13.463978189975023,20.077954087380796,19.516371202124528
readset,related_same,20,74,1,EXECUTE,published_after_gate_recheck,48.2124681584537,13.570548966526985,20.077954087380796,19.516371202124528
readset,related_same,20,75,1,EXECUTE,published_after_gate_recheck,59.093259274959564,16.747298184782267,20.077954087380796,19.516371202124528
readset,related_same,20,76,1,EXECUTE,published_after_gate_recheck,38.29021193087101,12.107434216886759,20.077954087380796,19.516371202124528
readset,related_same,20,77,1,EXECUTE,published_after_gate_recheck,48.319829162210226,14.063743874430656,20.077954087380796,19.516371202124528
readset,related_same,20,78,1,EXECUTE,published_after_gate_recheck,48.41702105477452,12.208833824843168,20.077954087380796,19.516371202124528
readset,related_same,20,79,1,EXECUTE,published_after_gate_recheck,51.062784157693386,11.815926991403103,20.077954087380796,19.516371202124528
readset,related_same,20,80,1,EXECUTE,published_after_gate_recheck,44.00462377816439,12.130716815590858,20.077954087380796,19.516371202124528
readset,related_same,20,81,1,EXECUTE,published_after_gate_recheck,48.85924095287919,12.917713727802038,20.077954087380796,19.516371202124528
readset,related_same,20,82,1,EXECUTE,published_after_gate_recheck,55.15202600508928,16.801208723336458,20.077954087380796,19.516371202124528
readset,related_same,20,83,1,EXECUTE,published_after_gate_recheck,50.971992779523134,13.331590220332146,20.077954087380796,19.516371202124528
readset,related_same,20,84,1,EXECUTE,published_after_gate_recheck,49.727809615433216,14.21173196285963,20.077954087380796,19.516371202124528
readset,related_same,20,85,1,EXECUTE,published_after_gate_recheck,45.026150066405535,11.733192019164562,20.077954087380796,19.516371202124528
readset,related_same,20,86,1,EXECUTE,published_after_gate_recheck,46.41114780679345,12.080592568963766,20.077954087380796,19.516371202124528
readset,related_same,20,87,1,EXECUTE,published_after_gate_recheck,56.4390798099339,14.68767412006855,20.077954087380796,19.516371202124528
readset,related_same,20,88,1,EXECUTE,published_after_gate_recheck,52.241865545511246,14.742216095328331,20.077954087380796,19.516371202124528
readset,related_same,20,89,1,EXECUTE,published_after_gate_recheck,45.242836233228445,12.63427222147584,20.077954087380796,19.516371202124528
readset,related_same,20,90,1,EXECUTE,published_after_gate_recheck,49.59387890994549,16.395248007029295,20.077954087380796,19.516371202124528
readset,related_same,20,91,1,EXECUTE,published_after_gate_recheck,58.50350297987461,14.649402815848589,20.077954087380796,19.516371202124528
readset,related_same,20,92,1,EXECUTE,published_after_gate_recheck,53.30868810415268,13.316230848431587,20.077954087380796,19.516371202124528
readset,related_same,20,93,1,EXECUTE,published_after_gate_recheck,51.415886264294386,16.493081115186214,20.077954087380796,19.516371202124528
readset,related_same,20,94,1,EXECUTE,published_after_gate_recheck,46.54151201248169,8.82634799927473,20.077954087380796,19.516371202124528
readset,related_same,20,95,1,EXECUTE,published_after_gate_recheck,53.44253918156028,13.120093382894993,20.077954087380796,19.516371202124528
readset,related_same,20,96,1,EXECUTE,published_after_gate_recheck,47.29236103594303,14.924678020179272,20.077954087380796,19.516371202124528
readset,related_same,20,97,1,EXECUTE,published_after_gate_recheck,49.7475266456604,14.610400423407555,20.077954087380796,19.516371202124528
readset,related_same,20,98,1,EXECUTE,published_after_gate_recheck,52.50405799597502,15.78461192548275,20.077954087380796,19.516371202124528
readset,related_same,20,99,1,EXECUTE,published_after_gate_recheck,53.206986747682095,18.202939070761204,20.077954087380796,19.516371202124528
global,unrelated,100,0,0,REVOKE,context_version_changed_at_publish,294.79613015428185,34.60568096488714,56.1692690993128,0.045552600224449465
global,unrelated,100,1,0,REVOKE,context_version_changed_at_publish,589.9451626464725,527.1836617030203,56.1692690993128,0.045552600224449465
global,unrelated,100,2,0,REVOKE,context_version_changed_at_publish,394.5333189330995,69.0785520710051,56.1692690993128,0.045552600224449465
global,unrelated,100,3,0,REVOKE,context_version_changed_at_publish,98.43114670366049,30.85511503741145,56.1692690993128,0.045552600224449465
global,unrelated,100,4,0,REVOKE,context_version_changed_at_publish,367.8064178675413,44.090154115110636,56.1692690993128,0.045552600224449465
global,unrelated,100,5,0,REVOKE,context_version_changed_at_publish,81.59316005185246,28.076021000742912,56.1692690993128,0.045552600224449465
global,unrelated,100,6,0,REVOKE,context_version_changed_at_publish,84.42195691168308,33.18076767027378,56.1692690993128,0.045552600224449465
global,unrelated,100,7,0,REVOKE,context_version_changed_at_publish,97.53674967214465,40.67967599257827,56.1692690993128,0.045552600224449465
global,unrelated,100,8,0,REVOKE,context_version_changed_at_publish,98.37486315518618,39.6968019194901,56.1692690993128,0.045552600224449465
global,unrelated,100,9,0,REVOKE,context_version_changed_at_publish,141.6404489427805,38.00469730049372,56.1692690993128,0.045552600224449465
global,unrelated,100,10,0,REVOKE,context_version_changed_at_publish,257.5466502457857,41.05014121159911,56.1692690993128,0.045552600224449465
global,unrelated,100,11,0,REVOKE,context_version_changed_at_publish,267.88306096568704,74.24016483128071,56.1692690993128,0.045552600224449465
global,unrelated,100,12,0,REVOKE,context_version_changed_at_publish,171.47590080276132,106.55442671850324,56.1692690993128,0.045552600224449465
global,unrelated,100,13,0,REVOKE,context_version_changed_at_publish,1043.2435953989625,41.826636996120214,56.1692690993128,0.045552600224449465
global,unrelated,100,14,0,REVOKE,context_version_changed_at_publish,491.6475862264633,189.63229190558195,56.1692690993128,0.045552600224449465
global,unrelated,100,15,0,REVOKE,context_version_changed_at_publish,998.8001980818808,331.14250702783465,56.1692690993128,0.045552600224449465
global,unrelated,100,16,0,REVOKE,context_version_changed_at_publish,90.78242816030979,36.80874314159155,56.1692690993128,0.045552600224449465
global,unrelated,100,17,0,REVOKE,context_version_changed_at_publish,150.72833700105548,38.33688097074628,56.1692690993128,0.045552600224449465
global,unrelated,100,18,0,REVOKE,context_version_changed_at_publish,107.57535230368376,45.13463284820318,56.1692690993128,0.045552600224449465
global,unrelated,100,19,0,REVOKE,context_version_changed_at_publish,95.54404113441706,39.84279604628682,56.1692690993128,0.045552600224449465
global,unrelated,100,20,0,REVOKE,context_version_changed_at_publish,326.575790066272,34.76200392469764,56.1692690993128,0.045552600224449465
global,unrelated,100,21,0,REVOKE,context_version_changed_at_publish,212.56295032799244,93.99142814800143,56.1692690993128,0.045552600224449465
global,unrelated,100,22,0,REVOKE,context_version_changed_at_publish,127.65101483091712,36.87985707074404,56.1692690993128,0.045552600224449465
global,unrelated,100,23,0,REVOKE,context_version_changed_at_publish,95.12943401932716,40.44814081862569,56.1692690993128,0.045552600224449465
global,unrelated,100,24,0,REVOKE,context_version_changed_at_publish,321.01935613900423,35.24153307080269,56.1692690993128,0.045552600224449465
global,unrelated,100,25,0,REVOKE,context_version_changed_at_publish,114.16445393115282,47.009930945932865,56.1692690993128,0.045552600224449465
global,unrelated,100,26,0,REVOKE,context_version_changed_at_publish,439.83531557023525,278.37996277958155,56.1692690993128,0.045552600224449465
global,unrelated,100,27,0,REVOKE,context_version_changed_at_publish,405.2971410565078,39.4640751183033,56.1692690993128,0.045552600224449465
global,unrelated,100,28,0,REVOKE,context_version_changed_at_publish,150.59626987203956,92.07553416490555,56.1692690993128,0.045552600224449465
global,unrelated,100,29,0,REVOKE,context_version_changed_at_publish,126.15174194797873,69.17994329705834,56.1692690993128,0.045552600224449465
global,unrelated,100,30,0,REVOKE,context_version_changed_at_publish,214.77989992126822,155.21492389962077,56.1692690993128,0.045552600224449465
global,unrelated,100,31,0,REVOKE,context_version_changed_at_publish,362.59926902130246,275.96691623330116,56.1692690993128,0.045552600224449465
global,unrelated,100,32,0,REVOKE,context_version_changed_at_publish,244.1884190775454,37.91463794186711,56.1692690993128,0.045552600224449465
global,unrelated,100,33,0,REVOKE,context_version_changed_at_publish,179.29053120315075,62.371359672397375,56.1692690993128,0.045552600224449465
global,unrelated,100,34,0,REVOKE,context_version_changed_at_publish,122.68825387582183,42.702830862253904,56.1692690993128,0.045552600224449465
global,unrelated,100,35,0,REVOKE,context_version_changed_at_publish,267.5093300640583,42.87644615396857,56.1692690993128,0.045552600224449465
global,unrelated,100,36,0,REVOKE,context_version_changed_at_publish,635.205992963165,37.90801577270031,56.1692690993128,0.045552600224449465
global,unrelated,100,37,0,REVOKE,context_version_changed_at_publish,93.68150774389505,37.71135723218322,56.1692690993128,0.045552600224449465
global,unrelated,100,38,0,REVOKE,context_version_changed_at_publish,389.6895912475884,319.93189500644803,56.1692690993128,0.045552600224449465
global,unrelated,100,39,0,REVOKE,context_version_changed_at_publish,168.87080296874046,45.92875298112631,56.1692690993128,0.045552600224449465
global,unrelated,100,40,0,REVOKE,context_version_changed_at_publish,107.32399113476276,39.33933097869158,56.1692690993128,0.045552600224449465
global,unrelated,100,41,0,REVOKE,context_version_changed_at_publish,110.14194693416357,58.58552688732743,56.1692690993128,0.045552600224449465
global,unrelated,100,42,0,REVOKE,context_version_changed_at_publish,513.8048427179456,46.806057915091515,56.1692690993128,0.045552600224449465
global,unrelated,100,43,0,REVOKE,context_version_changed_at_publish,94.22081895172596,39.05773302540183,56.1692690993128,0.045552600224449465
global,unrelated,100,44,0,REVOKE,context_version_changed_at_publish,115.72428001090884,36.33312229067087,56.1692690993128,0.045552600224449465
global,unrelated,100,45,0,REVOKE,context_version_changed_at_publish,87.62908261269331,34.65052414685488,56.1692690993128,0.045552600224449465
global,unrelated,100,46,0,REVOKE,context_version_changed_at_publish,88.29334937036037,33.08560885488987,56.1692690993128,0.045552600224449465
global,unrelated,100,47,0,REVOKE,context_version_changed_at_publish,262.4330669641495,195.45394275337458,56.1692690993128,0.045552600224449465
global,unrelated,100,48,0,REVOKE,context_version_changed_at_publish,97.51575998961926,30.89751396328211,56.1692690993128,0.045552600224449465
global,unrelated,100,49,0,REVOKE,context_version_changed_at_publish,95.14516312628984,41.625360026955605,56.1692690993128,0.045552600224449465
global,unrelated,100,50,0,REVOKE,context_version_changed_at_publish,92.31982287019491,40.705883875489235,56.1692690993128,0.045552600224449465
global,unrelated,100,51,0,REVOKE,context_version_changed_at_publish,284.0086128562689,37.77557797729969,56.1692690993128,0.045552600224449465
global,unrelated,100,52,0,REVOKE,context_version_changed_at_publish,110.74039991945028,45.393689069896936,56.1692690993128,0.045552600224449465
global,unrelated,100,53,0,REVOKE,context_version_changed_at_publish,102.45275218039751,39.73775776103139,56.1692690993128,0.045552600224449465
global,unrelated,100,54,0,REVOKE,context_version_changed_at_publish,125.66400691866875,37.81354892998934,56.1692690993128,0.045552600224449465
global,unrelated,100,55,0,REVOKE,context_version_changed_at_publish,155.19745228812099,34.85209308564663,56.1692690993128,0.045552600224449465
global,unrelated,100,56,0,REVOKE,context_version_changed_at_publish,89.15547700598836,39.18574331328273,56.1692690993128,0.045552600224449465
global,unrelated,100,57,0,REVOKE,context_version_changed_at_publish,95.71209689602256,35.56120302528143,56.1692690993128,0.045552600224449465
global,unrelated,100,58,0,REVOKE,context_version_changed_at_publish,92.3238811083138,36.59923980012536,56.1692690993128,0.045552600224449465
global,unrelated,100,59,0,REVOKE,context_version_changed_at_publish,267.7708310075104,47.97747591510415,56.1692690993128,0.045552600224449465
global,unrelated,100,60,0,REVOKE,context_version_changed_at_publish,509.15493024513125,372.3619347438216,56.1692690993128,0.045552600224449465
global,unrelated,100,61,0,REVOKE,context_version_changed_at_publish,244.42477291449904,189.84119407832623,56.1692690993128,0.045552600224449465
global,unrelated,100,62,0,REVOKE,context_version_changed_at_publish,93.84028520435095,43.22693403810263,56.1692690993128,0.045552600224449465
global,unrelated,100,63,0,REVOKE,context_version_changed_at_publish,126.29264686256647,36.361212842166424,56.1692690993128,0.045552600224449465
global,unrelated,100,64,0,REVOKE,context_version_changed_at_publish,97.29662025347352,34.793272614479065,56.1692690993128,0.045552600224449465
global,unrelated,100,65,0,REVOKE,context_version_changed_at_publish,294.1526132635772,37.451960146427155,56.1692690993128,0.045552600224449465
global,unrelated,100,66,0,REVOKE,context_version_changed_at_publish,448.53032706305385,32.823808025568724,56.1692690993128,0.045552600224449465
global,unrelated,100,67,0,REVOKE,context_version_changed_at_publish,108.01771190017462,35.763241816312075,56.1692690993128,0.045552600224449465
global,unrelated,100,68,0,REVOKE,context_version_changed_at_publish,84.42170592024922,32.97707485035062,56.1692690993128,0.045552600224449465
global,unrelated,100,69,0,REVOKE,context_version_changed_at_publish,139.92738537490368,35.468499176204205,56.1692690993128,0.045552600224449465
global,unrelated,100,70,0,REVOKE,context_version_changed_at_publish,152.3200343362987,38.81013859063387,56.1692690993128,0.045552600224449465
global,unrelated,100,71,0,REVOKE,context_version_changed_at_publish,403.7630339153111,212.4265138991177,56.1692690993128,0.045552600224449465
global,unrelated,100,72,0,REVOKE,context_version_changed_at_publish,123.65983705967665,40.72404932230711,56.1692690993128,0.045552600224449465
global,unrelated,100,73,0,REVOKE,context_version_changed_at_publish,398.61791115254164,299.71769312396646,56.1692690993128,0.045552600224449465
global,unrelated,100,74,0,REVOKE,context_version_changed_at_publish,191.06562109664083,137.2179831378162,56.1692690993128,0.045552600224449465
global,unrelated,100,75,0,REVOKE,context_version_changed_at_publish,106.22358694672585,40.47744581475854,56.1692690993128,0.045552600224449465
global,unrelated,100,76,0,REVOKE,context_version_changed_at_publish,91.91891085356474,35.669957753270864,56.1692690993128,0.045552600224449465
global,unrelated,100,77,0,REVOKE,context_version_changed_at_publish,194.49808029457927,99.35622289776802,56.1692690993128,0.045552600224449465
global,unrelated,100,78,0,REVOKE,context_version_changed_at_publish,135.33495971933007,41.44347785040736,56.1692690993128,0.045552600224449465
global,unrelated,100,79,0,REVOKE,context_version_changed_at_publish,217.62550761923194,166.6181366890669,56.1692690993128,0.045552600224449465
global,unrelated,100,80,0,REVOKE,context_version_changed_at_publish,312.28440813720226,196.40195230022073,56.1692690993128,0.045552600224449465
global,unrelated,100,81,0,REVOKE,context_version_changed_at_publish,164.06891401857138,43.99364301934838,56.1692690993128,0.045552600224449465
global,unrelated,100,82,0,REVOKE,context_version_changed_at_publish,166.99291998520494,69.47090802714229,56.1692690993128,0.045552600224449465
global,unrelated,100,83,0,REVOKE,context_version_changed_at_publish,142.26737432181835,70.12642780318856,56.1692690993128,0.045552600224449465
global,unrelated,100,84,0,REVOKE,context_version_changed_at_publish,435.7668119482696,39.321166928857565,56.1692690993128,0.045552600224449465
global,unrelated,100,85,0,REVOKE,context_version_changed_at_publish,119.11991005763412,35.62645614147186,56.1692690993128,0.045552600224449465
global,unrelated,100,86,0,REVOKE,context_version_changed_at_publish,126.74476392567158,35.17730301246047,56.1692690993128,0.045552600224449465
global,unrelated,100,87,0,REVOKE,context_version_changed_at_publish,438.5887971147895,36.07188118621707,56.1692690993128,0.045552600224449465
global,unrelated,100,88,0,REVOKE,context_version_changed_at_publish,97.34332701191306,45.426450204104185,56.1692690993128,0.045552600224449465
global,unrelated,100,89,0,REVOKE,context_version_changed_at_publish,154.28453916683793,88.52602494880557,56.1692690993128,0.045552600224449465
global,unrelated,100,90,0,REVOKE,context_version_changed_at_publish,103.58026763424277,33.34253095090389,56.1692690993128,0.045552600224449465
global,unrelated,100,91,0,REVOKE,context_version_changed_at_publish,93.68553524836898,35.37639556452632,56.1692690993128,0.045552600224449465
global,unrelated,100,92,0,REVOKE,context_version_changed_at_publish,303.0953900888562,44.92993885651231,56.1692690993128,0.045552600224449465
global,unrelated,100,93,0,REVOKE,context_version_changed_at_publish,108.2371543161571,48.414996825158596,56.1692690993128,0.045552600224449465
global,unrelated,100,94,1,EXECUTE,published_after_gate_recheck,101.13791562616825,20.42231336236,56.1692690993128,0.045552600224449465
global,unrelated,100,95,0,REVOKE,context_version_changed_at_publish,85.35001706331968,34.010975155979395,56.1692690993128,0.045552600224449465
global,unrelated,100,96,0,REVOKE,context_version_changed_at_publish,135.72989078238606,89.37255386263132,56.1692690993128,0.045552600224449465
global,unrelated,100,97,0,REVOKE,context_version_changed_at_publish,162.89397096261382,58.449081145226955,56.1692690993128,0.045552600224449465
global,unrelated,100,98,0,REVOKE,context_version_changed_at_publish,97.71293122321367,42.299994733184576,56.1692690993128,0.045552600224449465
global,unrelated,100,99,0,REVOKE,context_version_changed_at_publish,520.0128490105271,37.407818250358105,56.1692690993128,0.045552600224449465
readset,unrelated,100,0,1,EXECUTE,published_after_gate_recheck,194.05739288777113,42.88364993408322,56.3387248363088,4.393826955883799
readset,unrelated,100,1,1,EXECUTE,published_after_gate_recheck,133.05633515119553,42.81416907906532,56.3387248363088,4.393826955883799
readset,unrelated,100,2,1,EXECUTE,published_after_gate_recheck,87.64364989474416,34.1157210059464,56.3387248363088,4.393826955883799
readset,unrelated,100,3,1,EXECUTE,published_after_gate_recheck,128.93730774521828,38.74194994568825,56.3387248363088,4.393826955883799
readset,unrelated,100,4,1,EXECUTE,published_after_gate_recheck,93.0019118823111,33.01722090691328,56.3387248363088,4.393826955883799
readset,unrelated,100,5,1,EXECUTE,published_after_gate_recheck,127.14952323585749,63.62076289951801,56.3387248363088,4.393826955883799
readset,unrelated,100,6,1,EXECUTE,published_after_gate_recheck,246.86119379475713,176.94359784945846,56.3387248363088,4.393826955883799
readset,unrelated,100,7,1,EXECUTE,published_after_gate_recheck,93.53166585788131,37.511441856622696,56.3387248363088,4.393826955883799
readset,unrelated,100,8,1,EXECUTE,published_after_gate_recheck,1024.7160671278834,34.24773924052715,56.3387248363088,4.393826955883799
readset,unrelated,100,9,1,EXECUTE,published_after_gate_recheck,162.72619599476457,31.462204176932573,56.3387248363088,4.393826955883799
readset,unrelated,100,10,1,EXECUTE,published_after_gate_recheck,392.30544911697507,38.03678788244724,56.3387248363088,4.393826955883799
readset,unrelated,100,11,1,EXECUTE,published_after_gate_recheck,298.4758638776839,113.08155208826065,56.3387248363088,4.393826955883799
readset,unrelated,100,12,1,EXECUTE,published_after_gate_recheck,102.73826820775867,38.177351001650095,56.3387248363088,4.393826955883799
readset,unrelated,100,13,1,EXECUTE,published_after_gate_recheck,138.09176161885262,35.399300046265125,56.3387248363088,4.393826955883799
readset,unrelated,100,14,1,EXECUTE,published_after_gate_recheck,96.0395010188222,43.91851229593158,56.3387248363088,4.393826955883799
readset,unrelated,100,15,1,EXECUTE,published_after_gate_recheck,610.7373689301312,73.51179886609316,56.3387248363088,4.393826955883799
readset,unrelated,100,16,1,EXECUTE,published_after_gate_recheck,73.63567175343633,27.16360939666629,56.3387248363088,4.393826955883799
readset,unrelated,100,17,1,EXECUTE,published_after_gate_recheck,100.18802434206009,30.3135490976274,56.3387248363088,4.393826955883799
readset,unrelated,100,18,1,EXECUTE,published_after_gate_recheck,88.52325100451708,40.47862812876701,56.3387248363088,4.393826955883799
readset,unrelated,100,19,1,EXECUTE,published_after_gate_recheck,193.36417317390442,98.98426523432136,56.3387248363088,4.393826955883799
readset,unrelated,100,20,1,EXECUTE,published_after_gate_recheck,93.4924129396677,44.57013355568051,56.3387248363088,4.393826955883799
readset,unrelated,100,21,1,EXECUTE,published_after_gate_recheck,110.5864611454308,44.68182381242514,56.3387248363088,4.393826955883799
readset,unrelated,100,22,1,EXECUTE,published_after_gate_recheck,302.86021903157234,186.6556080058217,56.3387248363088,4.393826955883799
readset,unrelated,100,23,1,EXECUTE,published_after_gate_recheck,210.23566415533423,104.7094059176743,56.3387248363088,4.393826955883799
readset,unrelated,100,24,1,EXECUTE,published_after_gate_recheck,258.6626638658345,35.91589909046888,56.3387248363088,4.393826955883799
readset,unrelated,100,25,1,EXECUTE,published_after_gate_recheck,840.8247949555516,43.77315891906619,56.3387248363088,4.393826955883799
readset,unrelated,100,26,1,EXECUTE,published_after_gate_recheck,422.79045889154077,312.01112596318126,56.3387248363088,4.393826955883799
readset,unrelated,100,27,1,EXECUTE,published_after_gate_recheck,414.68003299087286,219.81194894760847,56.3387248363088,4.393826955883799
readset,unrelated,100,28,1,EXECUTE,published_after_gate_recheck,135.90004993602633,52.875455003231764,56.3387248363088,4.393826955883799
readset,unrelated,100,29,1,EXECUTE,published_after_gate_recheck,549.7591532766819,405.30459489673376,56.3387248363088,4.393826955883799
readset,unrelated,100,30,1,EXECUTE,published_after_gate_recheck,92.51242503523827,33.76055508852005,56.3387248363088,4.393826955883799
readset,unrelated,100,31,1,EXECUTE,published_after_gate_recheck,79.49025416746736,33.46308693289757,56.3387248363088,4.393826955883799
readset,unrelated,100,32,1,EXECUTE,published_after_gate_recheck,108.14428981393576,40.75359366834164,56.3387248363088,4.393826955883799
readset,unrelated,100,33,1,EXECUTE,published_after_gate_recheck,230.9154998511076,101.55606968328357,56.3387248363088,4.393826955883799
readset,unrelated,100,34,1,EXECUTE,published_after_gate_recheck,97.9027058929205,32.93486637994647,56.3387248363088,4.393826955883799
readset,unrelated,100,35,1,EXECUTE,published_after_gate_recheck,119.5830786600709,27.36888499930501,56.3387248363088,4.393826955883799
readset,unrelated,100,36,1,EXECUTE,published_after_gate_recheck,523.1720148585737,246.0683360695839,56.3387248363088,4.393826955883799
readset,unrelated,100,37,1,EXECUTE,published_after_gate_recheck,98.01262291148305,41.2009940482676,56.3387248363088,4.393826955883799
readset,unrelated,100,38,1,EXECUTE,published_after_gate_recheck,284.6089289523661,35.01614136621356,56.3387248363088,4.393826955883799
readset,unrelated,100,39,1,EXECUTE,published_after_gate_recheck,98.25735120102763,43.65798272192478,56.3387248363088,4.393826955883799
readset,unrelated,100,40,1,EXECUTE,published_after_gate_recheck,101.74456425011158,41.094113141298294,56.3387248363088,4.393826955883799
readset,unrelated,100,41,1,EXECUTE,published_after_gate_recheck,300.1296860165894,33.730078022927046,56.3387248363088,4.393826955883799
readset,unrelated,100,42,1,EXECUTE,published_after_gate_recheck,132.99178425222635,40.28882225975394,56.3387248363088,4.393826955883799
readset,unrelated,100,43,1,EXECUTE,published_after_gate_recheck,133.64488864317536,51.65074719116092,56.3387248363088,4.393826955883799
readset,unrelated,100,44,1,EXECUTE,published_after_gate_recheck,226.69200599193573,80.5849377065897,56.3387248363088,4.393826955883799
readset,unrelated,100,45,1,EXECUTE,published_after_gate_recheck,206.75703790038824,135.34031994640827,56.3387248363088,4.393826955883799
readset,unrelated,100,46,1,EXECUTE,published_after_gate_recheck,265.0025370530784,35.75763199478388,56.3387248363088,4.393826955883799
readset,unrelated,100,47,1,EXECUTE,published_after_gate_recheck,380.8459513820708,260.5499140918255,56.3387248363088,4.393826955883799
readset,unrelated,100,48,1,EXECUTE,published_after_gate_recheck,92.06102788448334,39.69183191657066,56.3387248363088,4.393826955883799
readset,unrelated,100,49,1,EXECUTE,published_after_gate_recheck,150.70757921785116,84.03920801356435,56.3387248363088,4.393826955883799
readset,unrelated,100,50,1,EXECUTE,published_after_gate_recheck,95.5894566141069,32.127141021192074,56.3387248363088,4.393826955883799
readset,unrelated,100,51,1,EXECUTE,published_after_gate_recheck,102.87012532353401,36.310658790171146,56.3387248363088,4.393826955883799
readset,unrelated,100,52,1,EXECUTE,published_after_gate_recheck,402.67213713377714,78.61595368012786,56.3387248363088,4.393826955883799
readset,unrelated,100,53,1,EXECUTE,published_after_gate_recheck,303.75617975369096,243.0518278852105,56.3387248363088,4.393826955883799
readset,unrelated,100,54,1,EXECUTE,published_after_gate_recheck,305.25192618370056,110.61125807464123,56.3387248363088,4.393826955883799
readset,unrelated,100,55,1,EXECUTE,published_after_gate_recheck,101.11311916261911,57.731324806809425,56.3387248363088,4.393826955883799
readset,unrelated,100,56,1,EXECUTE,published_after_gate_recheck,296.0028047673404,44.42927893251181,56.3387248363088,4.393826955883799
readset,unrelated,100,57,1,EXECUTE,published_after_gate_recheck,103.3258200623095,37.27936698123813,56.3387248363088,4.393826955883799
readset,unrelated,100,58,1,EXECUTE,published_after_gate_recheck,105.54025508463383,47.364586032927036,56.3387248363088,4.393826955883799
readset,unrelated,100,59,1,EXECUTE,published_after_gate_recheck,261.07042096555233,37.15663589537144,56.3387248363088,4.393826955883799
readset,unrelated,100,60,1,EXECUTE,published_after_gate_recheck,98.63060200586915,36.201003938913345,56.3387248363088,4.393826955883799
readset,unrelated,100,61,1,EXECUTE,published_after_gate_recheck,259.6712759695947,75.02083899453282,56.3387248363088,4.393826955883799
readset,unrelated,100,62,1,EXECUTE,published_after_gate_recheck,89.80359183624387,32.554331701248884,56.3387248363088,4.393826955883799
readset,unrelated,100,63,1,EXECUTE,published_after_gate_recheck,342.0225568115711,70.83513773977757,56.3387248363088,4.393826955883799
readset,unrelated,100,64,1,EXECUTE,published_after_gate_recheck,157.45995612815022,41.51791799813509,56.3387248363088,4.393826955883799
readset,unrelated,100,65,1,EXECUTE,published_after_gate_recheck,99.8487169854343,33.12665596604347,56.3387248363088,4.393826955883799
readset,unrelated,100,66,1,EXECUTE,published_after_gate_recheck,290.48186680302024,136.11946208402514,56.3387248363088,4.393826955883799
readset,unrelated,100,67,1,EXECUTE,published_after_gate_recheck,255.07339090108871,31.55193105340004,56.3387248363088,4.393826955883799
readset,unrelated,100,68,1,EXECUTE,published_after_gate_recheck,157.79286110773683,39.81044515967369,56.3387248363088,4.393826955883799
readset,unrelated,100,69,1,EXECUTE,published_after_gate_recheck,178.6469342187047,68.21911968290806,56.3387248363088,4.393826955883799
readset,unrelated,100,70,1,EXECUTE,published_after_gate_recheck,106.00062925368547,40.21122679114342,56.3387248363088,4.393826955883799
readset,unrelated,100,71,1,EXECUTE,published_after_gate_recheck,167.4510696902871,84.10132490098476,56.3387248363088,4.393826955883799
readset,unrelated,100,72,1,EXECUTE,published_after_gate_recheck,96.82185808196664,33.90994528308511,56.3387248363088,4.393826955883799
readset,unrelated,100,73,1,EXECUTE,published_after_gate_recheck,120.91914610937238,34.31374300271273,56.3387248363088,4.393826955883799
readset,unrelated,100,74,1,EXECUTE,published_after_gate_recheck,180.8586730621755,73.04564397782087,56.3387248363088,4.393826955883799
readset,unrelated,100,75,1,EXECUTE,published_after_gate_recheck,345.8055038936436,268.0899896658957,56.3387248363088,4.393826955883799
readset,unrelated,100,76,1,EXECUTE,published_after_gate_recheck,218.48858706653118,152.90296729654074,56.3387248363088,4.393826955883799
readset,unrelated,100,77,1,EXECUTE,published_after_gate_recheck,724.0091781131923,41.35730676352978,56.3387248363088,4.393826955883799
readset,unrelated,100,78,1,EXECUTE,published_after_gate_recheck,95.66509816795588,43.486400973051786,56.3387248363088,4.393826955883799
readset,unrelated,100,79,1,EXECUTE,published_after_gate_recheck,165.264748968184,43.12954097986221,56.3387248363088,4.393826955883799
readset,unrelated,100,80,1,EXECUTE,published_after_gate_recheck,93.16596994176507,29.39871186390519,56.3387248363088,4.393826955883799
readset,unrelated,100,81,1,EXECUTE,published_after_gate_recheck,937.7204030752182,39.403320755809546,56.3387248363088,4.393826955883799
readset,unrelated,100,82,1,EXECUTE,published_after_gate_recheck,327.7383600361645,69.24232933670282,56.3387248363088,4.393826955883799
readset,unrelated,100,83,1,EXECUTE,published_after_gate_recheck,849.3980588391423,542.7040080539882,56.3387248363088,4.393826955883799
readset,unrelated,100,84,1,EXECUTE,published_after_gate_recheck,93.37259782478213,36.44427005201578,56.3387248363088,4.393826955883799
readset,unrelated,100,85,1,EXECUTE,published_after_gate_recheck,466.4274319075048,109.19695487245917,56.3387248363088,4.393826955883799
readset,unrelated,100,86,1,EXECUTE,published_after_gate_recheck,183.99740103632212,36.4259360358119,56.3387248363088,4.393826955883799
readset,unrelated,100,87,1,EXECUTE,published_after_gate_recheck,279.0197031572461,137.01321789994836,56.3387248363088,4.393826955883799
readset,unrelated,100,88,1,EXECUTE,published_after_gate_recheck,184.44660305976868,36.36297723278403,56.3387248363088,4.393826955883799
readset,unrelated,100,89,1,EXECUTE,published_after_gate_recheck,98.06071314960718,42.825540993362665,56.3387248363088,4.393826955883799
readset,unrelated,100,90,1,EXECUTE,published_after_gate_recheck,90.61933308839798,34.486187156289816,56.3387248363088,4.393826955883799
readset,unrelated,100,91,1,EXECUTE,published_after_gate_recheck,216.4469570852816,34.20829586684704,56.3387248363088,4.393826955883799
readset,unrelated,100,92,1,EXECUTE,published_after_gate_recheck,187.742677051574,132.8025688417256,56.3387248363088,4.393826955883799
readset,unrelated,100,93,1,EXECUTE,published_after_gate_recheck,202.9010341502726,39.54130923375487,56.3387248363088,4.393826955883799
readset,unrelated,100,94,1,EXECUTE,published_after_gate_recheck,108.44559501856565,37.48060390353203,56.3387248363088,4.393826955883799
readset,unrelated,100,95,1,EXECUTE,published_after_gate_recheck,89.23644898459315,33.268671948462725,56.3387248363088,4.393826955883799
readset,unrelated,100,96,1,EXECUTE,published_after_gate_recheck,98.31368690356612,41.42992291599512,56.3387248363088,4.393826955883799
readset,unrelated,100,97,1,EXECUTE,published_after_gate_recheck,250.68849371746182,62.19117110595107,56.3387248363088,4.393826955883799
readset,unrelated,100,98,1,EXECUTE,published_after_gate_recheck,139.30094987154007,41.9108048081398,56.3387248363088,4.393826955883799
readset,unrelated,100,99,1,EXECUTE,published_after_gate_recheck,172.35363693907857,46.24489601701498,56.3387248363088,4.393826955883799
global,related_same,100,0,0,REVOKE,context_version_changed_at_publish,427.8523148968816,237.37203190103173,56.19574026726187,0.0
global,related_same,100,1,0,REVOKE,context_version_changed_at_publish,148.1924601830542,59.84238535165787,56.19574026726187,0.0
global,related_same,100,2,0,REVOKE,context_version_changed_at_publish,107.28499665856361,41.91257804632187,56.19574026726187,0.0
global,related_same,100,3,0,REVOKE,context_version_changed_at_publish,249.74048603326082,75.55004302412271,56.19574026726187,0.0
global,related_same,100,4,0,REVOKE,context_version_changed_at_publish,108.76640677452087,37.987975869327784,56.19574026726187,0.0
global,related_same,100,5,0,REVOKE,context_version_changed_at_publish,124.68792498111725,33.50434498861432,56.19574026726187,0.0
global,related_same,100,6,0,REVOKE,context_version_changed_at_publish,155.27680097147822,95.90180264785886,56.19574026726187,0.0
global,related_same,100,7,0,REVOKE,context_version_changed_at_publish,197.54602806642652,146.26950304955244,56.19574026726187,0.0
global,related_same,100,8,0,REVOKE,context_version_changed_at_publish,131.33829226717353,34.53625086694956,56.19574026726187,0.0
global,related_same,100,9,0,REVOKE,context_version_changed_at_publish,102.96511370688677,42.075523640960455,56.19574026726187,0.0
global,related_same,100,10,0,REVOKE,context_version_changed_at_publish,583.8221861049533,40.280627086758614,56.19574026726187,0.0
global,related_same,100,11,0,REVOKE,context_version_changed_at_publish,369.44120517000556,36.820103880017996,56.19574026726187,0.0
global,related_same,100,12,0,REVOKE,context_version_changed_at_publish,226.4058692380786,37.46417257934809,56.19574026726187,0.0
global,related_same,100,13,0,REVOKE,context_version_changed_at_publish,84.09249782562256,32.60120004415512,56.19574026726187,0.0
global,related_same,100,14,0,REVOKE,context_version_changed_at_publish,149.6880860067904,92.99144288524985,56.19574026726187,0.0
global,related_same,100,15,0,REVOKE,context_version_changed_at_publish,192.97461211681366,123.20110714063048,56.19574026726187,0.0
global,related_same,100,16,0,REVOKE,context_version_changed_at_publish,116.05288600549102,37.957759108394384,56.19574026726187,0.0
global,related_same,100,17,0,REVOKE,context_version_changed_at_publish,131.879567168653,43.792004231363535,56.19574026726187,0.0
global,related_same,100,18,0,REVOKE,context_version_changed_at_publish,72.12005835026503,40.408066008239985,56.19574026726187,0.0
global,related_same,100,19,0,REVOKE,context_version_changed_at_publish,101.05711407959461,37.96265833079815,56.19574026726187,0.0
global,related_same,100,20,0,REVOKE,context_version_changed_at_publish,294.01589604094625,229.8565129749477,56.19574026726187,0.0
global,related_same,100,21,0,REVOKE,context_version_changed_at_publish,127.50620301812887,43.09970512986183,56.19574026726187,0.0
global,related_same,100,22,0,REVOKE,context_version_changed_at_publish,124.93014987558126,30.82596929743886,56.19574026726187,0.0
global,related_same,100,23,0,REVOKE,context_version_changed_at_publish,103.82139030843973,42.73167531937361,56.19574026726187,0.0
global,related_same,100,24,0,REVOKE,context_version_changed_at_publish,95.5212484113872,37.784213200211525,56.19574026726187,0.0
global,related_same,100,25,0,REVOKE,context_version_changed_at_publish,436.00998912006617,39.10912899300456,56.19574026726187,0.0
global,related_same,100,26,0,REVOKE,context_version_changed_at_publish,208.61727837473154,95.18353594467044,56.19574026726187,0.0
global,related_same,100,27,0,REVOKE,context_version_changed_at_publish,317.22083035856485,40.089859161525965,56.19574026726187,0.0
global,related_same,100,28,0,REVOKE,context_version_changed_at_publish,683.9801827445626,317.4919579178095,56.19574026726187,0.0
global,related_same,100,29,0,REVOKE,context_version_changed_at_publish,145.82217391580343,36.89093701541424,56.19574026726187,0.0
global,related_same,100,30,0,REVOKE,context_version_changed_at_publish,194.77972900494933,38.38642314076424,56.19574026726187,0.0
global,related_same,100,31,0,REVOKE,context_version_changed_at_publish,215.12664994224906,44.201972894370556,56.19574026726187,0.0
global,related_same,100,32,0,REVOKE,context_version_changed_at_publish,147.6258779875934,35.485521890223026,56.19574026726187,0.0
global,related_same,100,33,0,REVOKE,context_version_changed_at_publish,200.9427798911929,33.54378882795572,56.19574026726187,0.0
global,related_same,100,34,0,REVOKE,context_version_changed_at_publish,350.0542649999261,186.6793017834425,56.19574026726187,0.0
global,related_same,100,35,0,REVOKE,context_version_changed_at_publish,265.79362200573087,46.37773521244526,56.19574026726187,0.0
global,related_same,100,36,0,REVOKE,context_version_changed_at_publish,111.38036986812949,34.00037484243512,56.19574026726187,0.0
global,related_same,100,37,0,REVOKE,context_version_changed_at_publish,130.8776680380106,41.057955008000135,56.19574026726187,0.0
global,related_same,100,38,0,REVOKE,context_version_changed_at_publish,150.38270968943834,83.56725284829736,56.19574026726187,0.0
global,related_same,100,39,0,REVOKE,context_version_changed_at_publish,138.65824369713664,78.81441712379456,56.19574026726187,0.0
global,related_same,100,40,0,REVOKE,context_version_changed_at_publish,464.8394831456244,39.0796042047441,56.19574026726187,0.0
global,related_same,100,41,0,REVOKE,context_version_changed_at_publish,89.86708195880055,33.481841906905174,56.19574026726187,0.0
global,related_same,100,42,0,REVOKE,context_version_changed_at_publish,146.0619131103158,37.89476118981838,56.19574026726187,0.0
global,related_same,100,43,0,REVOKE,context_version_changed_at_publish,428.8511089980602,35.94747791066766,56.19574026726187,0.0
global,related_same,100,44,0,REVOKE,context_version_changed_at_publish,103.14033273607492,37.94328169897199,56.19574026726187,0.0
global,related_same,100,45,0,REVOKE,context_version_changed_at_publish,120.39105501025915,44.801427982747555,56.19574026726187,0.0
global,related_same,100,46,0,REVOKE,context_version_changed_at_publish,373.99584986269474,44.432946015149355,56.19574026726187,0.0
global,related_same,100,47,0,REVOKE,context_version_changed_at_publish,418.48813742399216,35.477085039019585,56.19574026726187,0.0
global,related_same,100,48,0,REVOKE,context_version_changed_at_publish,203.47694400697947,45.19885266199708,56.19574026726187,0.0
global,related_same,100,49,0,REVOKE,context_version_changed_at_publish,246.68277008458972,29.963361099362373,56.19574026726187,0.0
global,related_same,100,50,0,REVOKE,context_version_changed_at_publish,436.76928291097283,171.36457189917564,56.19574026726187,0.0
global,related_same,100,51,0,REVOKE,context_version_changed_at_publish,88.56221428140998,35.057047847658396,56.19574026726187,0.0
global,related_same,100,52,0,REVOKE,context_version_changed_at_publish,95.20422434434295,39.95747119188309,56.19574026726187,0.0
global,related_same,100,53,0,REVOKE,context_version_changed_at_publish,105.22685572504997,31.42862068489194,56.19574026726187,0.0
global,related_same,100,54,0,REVOKE,context_version_changed_at_publish,233.42320416122675,36.98576521128416,56.19574026726187,0.0
global,related_same,100,55,0,REVOKE,context_version_changed_at_publish,242.45839472860098,186.76451174542308,56.19574026726187,0.0
global,related_same,100,56,0,REVOKE,context_version_changed_at_publish,168.53116592392325,60.511460062116385,56.19574026726187,0.0
global,related_same,100,57,0,REVOKE,context_version_changed_at_publish,291.65010806173086,38.597408682107925,56.19574026726187,0.0
global,related_same,100,58,0,REVOKE,context_version_changed_at_publish,599.9010298401117,36.30620054900646,56.19574026726187,0.0
global,related_same,100,59,0,REVOKE,context_version_changed_at_publish,94.81590520590544,38.18343300372362,56.19574026726187,0.0
global,related_same,100,60,0,REVOKE,context_version_changed_at_publish,110.36042682826519,46.48010665550828,56.19574026726187,0.0
global,related_same,100,61,0,REVOKE,context_version_changed_at_publish,113.32280421629548,39.59685377776623,56.19574026726187,0.0
global,related_same,100,62,0,REVOKE,context_version_changed_at_publish,89.39188020303845,36.105012986809015,56.19574026726187,0.0
global,related_same,100,63,0,REVOKE,context_version_changed_at_publish,99.92603212594986,38.49705122411251,56.19574026726187,0.0
global,related_same,100,64,0,REVOKE,context_version_changed_at_publish,97.06349205225706,28.00897601991892,56.19574026726187,0.0
global,related_same,100,65,0,REVOKE,context_version_changed_at_publish,282.2587797418237,225.24683503434062,56.19574026726187,0.0
global,related_same,100,66,0,REVOKE,context_version_changed_at_publish,77.98299705609679,38.96209271624684,56.19574026726187,0.0
global,related_same,100,67,0,REVOKE,context_version_changed_at_publish,302.49447328969836,103.95401902496815,56.19574026726187,0.0
global,related_same,100,68,0,REVOKE,context_version_changed_at_publish,224.41965295001864,44.79388287290931,56.19574026726187,0.0
global,related_same,100,69,0,REVOKE,context_version_changed_at_publish,386.1683062277734,37.8665579482913,56.19574026726187,0.0
global,related_same,100,70,0,REVOKE,context_version_changed_at_publish,114.68718387186527,29.261756222695112,56.19574026726187,0.0
global,related_same,100,71,0,REVOKE,context_version_changed_at_publish,119.17684692889452,36.85908764600754,56.19574026726187,0.0
global,related_same,100,72,0,REVOKE,context_version_changed_at_publish,414.79208413511515,353.3121971413493,56.19574026726187,0.0
global,related_same,100,73,0,REVOKE,context_version_changed_at_publish,371.0174919106066,275.96058417111635,56.19574026726187,0.0
global,related_same,100,74,0,REVOKE,context_version_changed_at_publish,109.52353803440928,43.369051069021225,56.19574026726187,0.0
global,related_same,100,75,0,REVOKE,context_version_changed_at_publish,104.71691004931927,42.267764918506145,56.19574026726187,0.0
global,related_same,100,76,0,REVOKE,context_version_changed_at_publish,78.43359187245369,43.07137196883559,56.19574026726187,0.0
global,related_same,100,77,0,REVOKE,context_version_changed_at_publish,93.21668511256576,40.03357421606779,56.19574026726187,0.0
global,related_same,100,78,0,REVOKE,context_version_changed_at_publish,116.12304765731096,33.723436295986176,56.19574026726187,0.0
global,related_same,100,79,0,REVOKE,context_version_changed_at_publish,464.0757297165692,45.88834708556533,56.19574026726187,0.0
global,related_same,100,80,0,REVOKE,context_version_changed_at_publish,101.78444907069206,42.189117055386305,56.19574026726187,0.0
global,related_same,100,81,0,REVOKE,context_version_changed_at_publish,186.9125897064805,35.57605063542724,56.19574026726187,0.0
global,related_same,100,82,0,REVOKE,context_version_changed_at_publish,144.371482077986,85.49281628802419,56.19574026726187,0.0
global,related_same,100,83,0,REVOKE,context_version_changed_at_publish,104.46992702782154,33.60302001237869,56.19574026726187,0.0
global,related_same,100,84,0,REVOKE,context_version_changed_at_publish,371.5785448439419,36.18668718263507,56.19574026726187,0.0
global,related_same,100,85,0,REVOKE,context_version_changed_at_publish,106.98148887604475,36.09696822240949,56.19574026726187,0.0
global,related_same,100,86,0,REVOKE,context_version_changed_at_publish,96.76995128393173,35.39034305140376,56.19574026726187,0.0
global,related_same,100,87,0,REVOKE,context_version_changed_at_publish,344.8424572125077,102.55812015384436,56.19574026726187,0.0
global,related_same,100,88,0,REVOKE,context_version_changed_at_publish,159.3738771043718,38.44109596684575,56.19574026726187,0.0
global,related_same,100,89,0,REVOKE,context_version_changed_at_publish,186.82379415258765,114.81906194239855,56.19574026726187,0.0
global,related_same,100,90,0,REVOKE,context_version_changed_at_publish,98.6188999377191,34.5649141818285,56.19574026726187,0.0
global,related_same,100,91,0,REVOKE,context_version_changed_at_publish,93.97480823099613,24.335443042218685,56.19574026726187,0.0
global,related_same,100,92,0,REVOKE,context_version_changed_at_publish,375.7453220896423,36.52116423472762,56.19574026726187,0.0
global,related_same,100,93,0,REVOKE,context_version_changed_at_publish,88.82356435060501,41.765442583709955,56.19574026726187,0.0
global,related_same,100,94,0,REVOKE,context_version_changed_at_publish,122.73454060778022,66.40561716631055,56.19574026726187,0.0
global,related_same,100,95,0,REVOKE,context_version_changed_at_publish,88.47258612513542,39.03624229133129,56.19574026726187,0.0
global,related_same,100,96,0,REVOKE,context_version_changed_at_publish,191.9480562210083,96.11080540344119,56.19574026726187,0.0
global,related_same,100,97,0,REVOKE,context_version_changed_at_publish,280.5467378348112,231.8712119013071,56.19574026726187,0.0
global,related_same,100,98,0,REVOKE,context_version_changed_at_publish,99.50157580897212,39.77032005786896,56.19574026726187,0.0
global,related_same,100,99,0,REVOKE,context_version_changed_at_publish,330.93158109113574,36.08994511887431,56.19574026726187,0.0
readset,related_same,100,0,1,EXECUTE,published_after_gate_recheck,92.02337684109807,35.57712398469448,56.75967659440337,4.880833506750554
readset,related_same,100,1,1,EXECUTE,published_after_gate_recheck,93.93694577738643,43.15078118816018,56.75967659440337,4.880833506750554
readset,related_same,100,2,1,EXECUTE,published_after_gate_recheck,179.07537706196308,55.77468406409025,56.75967659440337,4.880833506750554
readset,related_same,100,3,1,EXECUTE,published_after_gate_recheck,94.97655788436532,38.969866931438446,56.75967659440337,4.880833506750554
readset,related_same,100,4,1,EXECUTE,published_after_gate_recheck,459.292015992105,42.799181304872036,56.75967659440337,4.880833506750554
readset,related_same,100,5,1,EXECUTE,published_after_gate_recheck,260.6675950810313,38.81316399201751,56.75967659440337,4.880833506750554
readset,related_same,100,6,1,EXECUTE,published_after_gate_recheck,92.50597190111876,35.76825186610222,56.75967659440337,4.880833506750554
readset,related_same,100,7,1,EXECUTE,published_after_gate_recheck,89.80110799893737,34.66010233387351,56.75967659440337,4.880833506750554
readset,related_same,100,8,1,EXECUTE,published_after_gate_recheck,125.62978314235806,74.1454572416842,56.75967659440337,4.880833506750554
readset,related_same,100,9,1,EXECUTE,published_after_gate_recheck,97.52995800226927,34.7581566311419,56.75967659440337,4.880833506750554
readset,related_same,100,10,1,EXECUTE,published_after_gate_recheck,96.67690610513091,31.5064056776464,56.75967659440337,4.880833506750554
readset,related_same,100,11,1,EXECUTE,published_after_gate_recheck,106.59895977005363,37.731916178017855,56.75967659440337,4.880833506750554
readset,related_same,100,12,1,EXECUTE,published_after_gate_recheck,148.52716820314527,31.63910610601306,56.75967659440337,4.880833506750554
readset,related_same,100,13,1,EXECUTE,published_after_gate_recheck,294.1376147791743,229.41995412111282,56.75967659440337,4.880833506750554
readset,related_same,100,14,1,EXECUTE,published_after_gate_recheck,143.97529931738973,40.49445781856775,56.75967659440337,4.880833506750554
readset,related_same,100,15,1,EXECUTE,published_after_gate_recheck,146.1720811203122,28.775302227586508,56.75967659440337,4.880833506750554
readset,related_same,100,16,1,EXECUTE,published_after_gate_recheck,124.37472818419337,39.78126961737871,56.75967659440337,4.880833506750554
readset,related_same,100,17,1,EXECUTE,published_after_gate_recheck,114.80578733608127,62.25357763469219,56.75967659440337,4.880833506750554
readset,related_same,100,18,1,EXECUTE,published_after_gate_recheck,255.9355371631682,32.75452787056565,56.75967659440337,4.880833506750554
readset,related_same,100,19,1,EXECUTE,published_after_gate_recheck,94.96896294876933,34.26240710541606,56.75967659440337,4.880833506750554
readset,related_same,100,20,1,EXECUTE,published_after_gate_recheck,188.39186523109674,39.442434906959534,56.75967659440337,4.880833506750554
readset,related_same,100,21,1,EXECUTE,published_after_gate_recheck,309.7940068691969,251.15794502198696,56.75967659440337,4.880833506750554
readset,related_same,100,22,1,EXECUTE,published_after_gate_recheck,370.9131870418787,310.98782597109675,56.75967659440337,4.880833506750554
readset,related_same,100,23,1,EXECUTE,published_after_gate_recheck,125.18628966063261,43.44224836677313,56.75967659440337,4.880833506750554
readset,related_same,100,24,1,EXECUTE,published_after_gate_recheck,87.96370076015592,37.49989019706845,56.75967659440337,4.880833506750554
readset,related_same,100,25,1,EXECUTE,published_after_gate_recheck,128.2450989820063,78.96543014794588,56.75967659440337,4.880833506750554
readset,related_same,100,26,1,EXECUTE,published_after_gate_recheck,96.13668359816074,35.57675192132592,56.75967659440337,4.880833506750554
readset,related_same,100,27,1,EXECUTE,published_after_gate_recheck,179.96064806357026,70.48361795023084,56.75967659440337,4.880833506750554
readset,related_same,100,28,1,EXECUTE,published_after_gate_recheck,119.46799280121922,38.463628385216,56.75967659440337,4.880833506750554
readset,related_same,100,29,1,EXECUTE,published_after_gate_recheck,124.8926897533238,59.23435464501381,56.75967659440337,4.880833506750554
readset,related_same,100,30,1,EXECUTE,published_after_gate_recheck,256.6478638909757,44.75038219243288,56.75967659440337,4.880833506750554
readset,related_same,100,31,1,EXECUTE,published_after_gate_recheck,306.8231730721891,236.50291189551353,56.75967659440337,4.880833506750554
readset,related_same,100,32,1,EXECUTE,published_after_gate_recheck,100.75224190950394,40.902663953602314,56.75967659440337,4.880833506750554
readset,related_same,100,33,1,EXECUTE,published_after_gate_recheck,106.94965813308954,40.26312427595258,56.75967659440337,4.880833506750554
readset,related_same,100,34,1,EXECUTE,published_after_gate_recheck,92.87203894928098,45.240342151373625,56.75967659440337,4.880833506750554
readset,related_same,100,35,1,EXECUTE,published_after_gate_recheck,283.79430063068867,227.42309793829918,56.75967659440337,4.880833506750554
readset,related_same,100,36,1,EXECUTE,published_after_gate_recheck,193.9787957817316,139.0774012543261,56.75967659440337,4.880833506750554
readset,related_same,100,37,1,EXECUTE,published_after_gate_recheck,829.2859778739512,26.94561006501317,56.75967659440337,4.880833506750554
readset,related_same,100,38,1,EXECUTE,published_after_gate_recheck,108.18009683862329,45.38584407418966,56.75967659440337,4.880833506750554
readset,related_same,100,39,1,EXECUTE,published_after_gate_recheck,656.0366107150912,37.48527308925986,56.75967659440337,4.880833506750554
readset,related_same,100,40,1,EXECUTE,published_after_gate_recheck,93.45311904326081,44.833337888121605,56.75967659440337,4.880833506750554
readset,related_same,100,41,1,EXECUTE,published_after_gate_recheck,100.10130098089576,39.08901195973158,56.75967659440337,4.880833506750554
readset,related_same,100,42,1,EXECUTE,published_after_gate_recheck,374.2514094337821,43.42241073027253,56.75967659440337,4.880833506750554
readset,related_same,100,43,1,EXECUTE,published_after_gate_recheck,184.55265183001757,37.615657318383455,56.75967659440337,4.880833506750554
readset,related_same,100,44,1,EXECUTE,published_after_gate_recheck,142.93094025924802,39.511144161224365,56.75967659440337,4.880833506750554
readset,related_same,100,45,1,EXECUTE,published_after_gate_recheck,249.03692584484816,72.74772506207228,56.75967659440337,4.880833506750554
readset,related_same,100,46,1,EXECUTE,published_after_gate_recheck,136.44485222175717,40.821722242981195,56.75967659440337,4.880833506750554
readset,related_same,100,47,1,EXECUTE,published_after_gate_recheck,116.47634068503976,67.27574998512864,56.75967659440337,4.880833506750554
readset,related_same,100,48,1,EXECUTE,published_after_gate_recheck,84.65555496513844,35.565692000091076,56.75967659440337,4.880833506750554
readset,related_same,100,49,1,EXECUTE,published_after_gate_recheck,249.58214908838272,44.57006370648742,56.75967659440337,4.880833506750554
readset,related_same,100,50,1,EXECUTE,published_after_gate_recheck,319.484606385231,254.52450988814235,56.75967659440337,4.880833506750554
readset,related_same,100,51,1,EXECUTE,published_after_gate_recheck,107.17088403180242,39.100653026252985,56.75967659440337,4.880833506750554
readset,related_same,100,52,1,EXECUTE,published_after_gate_recheck,143.19558627903461,41.022769175469875,56.75967659440337,4.880833506750554
readset,related_same,100,53,1,EXECUTE,published_after_gate_recheck,423.911040648818,373.11939569190145,56.75967659440337,4.880833506750554
readset,related_same,100,54,1,EXECUTE,published_after_gate_recheck,90.90048121288419,38.033842109143734,56.75967659440337,4.880833506750554
readset,related_same,100,55,1,EXECUTE,published_after_gate_recheck,109.4913468696177,40.964790154248476,56.75967659440337,4.880833506750554
readset,related_same,100,56,1,EXECUTE,published_after_gate_recheck,252.08772905170918,196.49086892604828,56.75967659440337,4.880833506750554
readset,related_same,100,57,1,EXECUTE,published_after_gate_recheck,146.8887752853334,68.02850216627121,56.75967659440337,4.880833506750554
readset,related_same,100,58,1,EXECUTE,published_after_gate_recheck,275.36229183897376,38.34717022255063,56.75967659440337,4.880833506750554
readset,related_same,100,59,1,EXECUTE,published_after_gate_recheck,116.09760019928217,36.07288282364607,56.75967659440337,4.880833506750554
readset,related_same,100,60,1,EXECUTE,published_after_gate_recheck,271.5725931338966,163.0493220873177,56.75967659440337,4.880833506750554
readset,related_same,100,61,1,EXECUTE,published_after_gate_recheck,191.0154870711267,41.64875391870737,56.75967659440337,4.880833506750554
readset,related_same,100,62,1,EXECUTE,published_after_gate_recheck,115.81609211862087,46.57491482794285,56.75967659440337,4.880833506750554
readset,related_same,100,63,1,EXECUTE,published_after_gate_recheck,402.3040160536766,181.9161567837,56.75967659440337,4.880833506750554
readset,related_same,100,64,1,EXECUTE,published_after_gate_recheck,231.2143798917532,156.53585316613317,56.75967659440337,4.880833506750554
readset,related_same,100,65,1,EXECUTE,published_after_gate_recheck,559.0669349767268,209.66401137411594,56.75967659440337,4.880833506750554
readset,related_same,100,66,1,EXECUTE,published_after_gate_recheck,202.43871677666903,134.32712899520993,56.75967659440337,4.880833506750554
readset,related_same,100,67,1,EXECUTE,published_after_gate_recheck,218.52774964645505,36.046803928911686,56.75967659440337,4.880833506750554
readset,related_same,100,68,1,EXECUTE,published_after_gate_recheck,128.90802323818207,39.24622619524598,56.75967659440337,4.880833506750554
readset,related_same,100,69,1,EXECUTE,published_after_gate_recheck,339.06414732337,40.57726310566068,56.75967659440337,4.880833506750554
readset,related_same,100,70,1,EXECUTE,published_after_gate_recheck,110.18022894859314,40.66368564963341,56.75967659440337,4.880833506750554
readset,related_same,100,71,1,EXECUTE,published_after_gate_recheck,94.90469191223383,42.46683791279793,56.75967659440337,4.880833506750554
readset,related_same,100,72,1,EXECUTE,published_after_gate_recheck,265.1698109693825,42.68492665141821,56.75967659440337,4.880833506750554
readset,related_same,100,73,1,EXECUTE,published_after_gate_recheck,170.08092300966382,102.78769116848707,56.75967659440337,4.880833506750554
readset,related_same,100,74,1,EXECUTE,published_after_gate_recheck,90.99951572716236,41.352227330207825,56.75967659440337,4.880833506750554
readset,related_same,100,75,1,EXECUTE,published_after_gate_recheck,102.2693277336657,51.22625082731247,56.75967659440337,4.880833506750554
readset,related_same,100,76,1,EXECUTE,published_after_gate_recheck,182.24315997213125,35.88863788172603,56.75967659440337,4.880833506750554
readset,related_same,100,77,1,EXECUTE,published_after_gate_recheck,546.3220048695803,42.983508203178644,56.75967659440337,4.880833506750554
readset,related_same,100,78,1,EXECUTE,published_after_gate_recheck,136.3711841404438,79.4659280218184,56.75967659440337,4.880833506750554
readset,related_same,100,79,1,EXECUTE,published_after_gate_recheck,107.83237498253584,42.03386604785919,56.75967659440337,4.880833506750554
readset,related_same,100,80,1,EXECUTE,published_after_gate_recheck,233.3375229500234,40.89250462129712,56.75967659440337,4.880833506750554
readset,related_same,100,81,1,EXECUTE,published_after_gate_recheck,261.8150166235864,178.60460421070457,56.75967659440337,4.880833506750554
readset,related_same,100,82,1,EXECUTE,published_after_gate_recheck,281.4838467165828,159.2060918919742,56.75967659440337,4.880833506750554
readset,related_same,100,83,1,EXECUTE,published_after_gate_recheck,266.4543208666146,42.24617499858141,56.75967659440337,4.880833506750554
readset,related_same,100,84,1,EXECUTE,published_after_gate_recheck,194.89948404952884,131.0619139112532,56.75967659440337,4.880833506750554
readset,related_same,100,85,1,EXECUTE,published_after_gate_recheck,88.89740286394954,36.35018365457654,56.75967659440337,4.880833506750554
readset,related_same,100,86,1,EXECUTE,published_after_gate_recheck,526.5353759750724,33.184644766151905,56.75967659440337,4.880833506750554
readset,related_same,100,87,1,EXECUTE,published_after_gate_recheck,129.86052921041846,73.05911974981427,56.75967659440337,4.880833506750554
readset,related_same,100,88,1,EXECUTE,published_after_gate_recheck,100.94943176954985,44.52313622459769,56.75967659440337,4.880833506750554
readset,related_same,100,89,1,EXECUTE,published_after_gate_recheck,96.2725579738617,40.764424949884415,56.75967659440337,4.880833506750554
readset,related_same,100,90,1,EXECUTE,published_after_gate_recheck,204.47251200675964,37.46015531942248,56.75967659440337,4.880833506750554
readset,related_same,100,91,1,EXECUTE,published_after_gate_recheck,232.42190573364496,175.00391881912947,56.75967659440337,4.880833506750554
readset,related_same,100,92,1,EXECUTE,published_after_gate_recheck,115.88176479563117,44.80817075818777,56.75967659440337,4.880833506750554
readset,related_same,100,93,1,EXECUTE,published_after_gate_recheck,115.81081198528409,40.81172402948141,56.75967659440337,4.880833506750554
readset,related_same,100,94,1,EXECUTE,published_after_gate_recheck,345.3996330499649,294.36767706647515,56.75967659440337,4.880833506750554
readset,related_same,100,95,1,EXECUTE,published_after_gate_recheck,158.93986308947206,41.576537769287825,56.75967659440337,4.880833506750554
readset,related_same,100,96,1,EXECUTE,published_after_gate_recheck,389.5167773589492,119.87441591918468,56.75967659440337,4.880833506750554
readset,related_same,100,97,1,EXECUTE,published_after_gate_recheck,318.5479692183435,37.80375001952052,56.75967659440337,4.880833506750554
readset,related_same,100,98,1,EXECUTE,published_after_gate_recheck,228.79737615585327,30.87605396285653,56.75967659440337,4.880833506750554
readset,related_same,100,99,1,EXECUTE,published_after_gate_recheck,225.03348486497998,38.25422516092658,56.75967659440337,4.880833506750554
global,unrelated,500,0,0,REVOKE,context_version_changed_at_publish,112.6870010048151,45.728086959570646,56.13322846411957,0.0
global,unrelated,500,1,0,REVOKE,context_version_changed_at_publish,123.94941970705986,36.83095518499613,56.13322846411957,0.0
global,unrelated,500,2,0,REVOKE,context_version_changed_at_publish,88.03322073072195,35.100087989121675,56.13322846411957,0.0
global,unrelated,500,3,0,REVOKE,context_version_changed_at_publish,159.26846908405423,39.23680819571018,56.13322846411957,0.0
global,unrelated,500,4,0,REVOKE,context_version_changed_at_publish,101.66152799502015,36.11946105957031,56.13322846411957,0.0
global,unrelated,500,5,0,REVOKE,context_version_changed_at_publish,419.4616638123989,235.69188034161925,56.13322846411957,0.0
global,unrelated,500,6,0,REVOKE,context_version_changed_at_publish,233.14313916489482,44.65320007875562,56.13322846411957,0.0
global,unrelated,500,7,0,REVOKE,context_version_changed_at_publish,84.99098382890224,33.989896066486835,56.13322846411957,0.0
global,unrelated,500,8,0,REVOKE,context_version_changed_at_publish,359.7059207968414,41.10935237258673,56.13322846411957,0.0
global,unrelated,500,9,0,REVOKE,context_version_changed_at_publish,127.78069823980331,42.47776931151748,56.13322846411957,0.0
global,unrelated,500,10,0,REVOKE,context_version_changed_at_publish,667.1220366843045,37.41206508129835,56.13322846411957,0.0
global,unrelated,500,11,0,REVOKE,context_version_changed_at_publish,133.44983290880919,51.58756813034415,56.13322846411957,0.0
global,unrelated,500,12,0,REVOKE,context_version_changed_at_publish,83.06234609335661,42.22733806818724,56.13322846411957,0.0
global,unrelated,500,13,0,REVOKE,context_version_changed_at_publish,559.1711304150522,36.52039309963584,56.13322846411957,0.0
global,unrelated,500,14,0,REVOKE,context_version_changed_at_publish,468.7537457793951,41.45701415836811,56.13322846411957,0.0
global,unrelated,500,15,0,REVOKE,context_version_changed_at_publish,93.49504765123129,31.934138853102922,56.13322846411957,0.0
global,unrelated,500,16,0,REVOKE,context_version_changed_at_publish,98.13382010906935,39.442094042897224,56.13322846411957,0.0
global,unrelated,500,17,0,REVOKE,context_version_changed_at_publish,101.94288520142436,40.359343867748976,56.13322846411957,0.0
global,unrelated,500,18,0,REVOKE,context_version_changed_at_publish,283.6661599576473,40.58902570977807,56.13322846411957,0.0
global,unrelated,500,19,0,REVOKE,context_version_changed_at_publish,157.44948666542768,98.957234993577,56.13322846411957,0.0
global,unrelated,500,20,0,REVOKE,context_version_changed_at_publish,161.12204594537616,33.959328196942806,56.13322846411957,0.0
global,unrelated,500,21,0,REVOKE,context_version_changed_at_publish,357.9070568084717,138.54883890599012,56.13322846411957,0.0
global,unrelated,500,22,0,REVOKE,context_version_changed_at_publish,91.5301013737917,39.224626030772924,56.13322846411957,0.0
global,unrelated,500,23,0,REVOKE,context_version_changed_at_publish,299.44012220948935,105.3410111926496,56.13322846411957,0.0
global,unrelated,500,24,0,REVOKE,context_version_changed_at_publish,180.1849389448762,39.82312884181738,56.13322846411957,0.0
global,unrelated,500,25,0,REVOKE,context_version_changed_at_publish,173.57559921219945,42.93822264298797,56.13322846411957,0.0
global,unrelated,500,26,0,REVOKE,context_version_changed_at_publish,307.872261852026,183.2447391934693,56.13322846411957,0.0
global,unrelated,500,27,0,REVOKE,context_version_changed_at_publish,152.6644299738109,33.75614667311311,56.13322846411957,0.0
global,unrelated,500,28,0,REVOKE,context_version_changed_at_publish,148.48325587809086,32.236435916274786,56.13322846411957,0.0
global,unrelated,500,29,0,REVOKE,context_version_changed_at_publish,367.83287813887,47.13840177282691,56.13322846411957,0.0
global,unrelated,500,30,0,REVOKE,context_version_changed_at_publish,617.8978416137397,360.9057520516217,56.13322846411957,0.0
global,unrelated,500,31,0,REVOKE,context_version_changed_at_publish,216.74120891839266,30.80182382836938,56.13322846411957,0.0
global,unrelated,500,32,0,REVOKE,context_version_changed_at_publish,241.9384582899511,45.00361671671271,56.13322846411957,0.0
global,unrelated,500,33,0,REVOKE,context_version_changed_at_publish,99.4236902333796,45.435336884111166,56.13322846411957,0.0
global,unrelated,500,34,0,REVOKE,context_version_changed_at_publish,93.06367812678218,39.567950181663036,56.13322846411957,0.0
global,unrelated,500,35,0,REVOKE,context_version_changed_at_publish,290.856609120965,168.74033911153674,56.13322846411957,0.0
global,unrelated,500,36,0,REVOKE,context_version_changed_at_publish,83.23830598965287,39.86369492486119,56.13322846411957,0.0
global,unrelated,500,37,0,REVOKE,context_version_changed_at_publish,174.92042295634747,100.01552989706397,56.13322846411957,0.0
global,unrelated,500,38,0,REVOKE,context_version_changed_at_publish,122.13122006505728,39.48918171226978,56.13322846411957,0.0
global,unrelated,500,39,0,REVOKE,context_version_changed_at_publish,308.2893528044224,206.20054379105568,56.13322846411957,0.0
global,unrelated,500,40,0,REVOKE,context_version_changed_at_publish,93.94006198272109,45.19999586045742,56.13322846411957,0.0
global,unrelated,500,41,0,REVOKE,context_version_changed_at_publish,163.67661906406283,40.69324117153883,56.13322846411957,0.0
global,unrelated,500,42,0,REVOKE,context_version_changed_at_publish,96.37391800060868,33.895006868988276,56.13322846411957,0.0
global,unrelated,500,43,0,REVOKE,context_version_changed_at_publish,97.926942165941,42.19090100377798,56.13322846411957,0.0
global,unrelated,500,44,0,REVOKE,context_version_changed_at_publish,88.18338299170136,39.98473193496466,56.13322846411957,0.0
global,unrelated,500,45,0,REVOKE,context_version_changed_at_publish,364.94466895237565,141.16352517157793,56.13322846411957,0.0
global,unrelated,500,46,0,REVOKE,context_version_changed_at_publish,70.6273578107357,37.71600499749184,56.13322846411957,0.0
global,unrelated,500,47,0,REVOKE,context_version_changed_at_publish,543.3138618245721,181.41935393214226,56.13322846411957,0.0
global,unrelated,500,48,0,REVOKE,context_version_changed_at_publish,142.91092287749052,84.1085989959538,56.13322846411957,0.0
global,unrelated,500,49,0,REVOKE,context_version_changed_at_publish,273.0473787523806,211.95077197626233,56.13322846411957,0.0
global,unrelated,500,50,0,REVOKE,context_version_changed_at_publish,120.38517417386174,61.569053679704666,56.13322846411957,0.0
global,unrelated,500,51,0,REVOKE,context_version_changed_at_publish,105.77615676447749,42.94999502599239,56.13322846411957,0.0
global,unrelated,500,52,0,REVOKE,context_version_changed_at_publish,162.23491402342916,37.71546483039856,56.13322846411957,0.0
global,unrelated,500,53,0,REVOKE,context_version_changed_at_publish,240.55159697309136,36.179674323648214,56.13322846411957,0.0
global,unrelated,500,54,0,REVOKE,context_version_changed_at_publish,211.96604007855058,35.03297222778201,56.13322846411957,0.0
global,unrelated,500,55,0,REVOKE,context_version_changed_at_publish,98.22712512686849,41.02168697863817,56.13322846411957,0.0
global,unrelated,500,56,0,REVOKE,context_version_changed_at_publish,101.0966575704515,40.97649175673723,56.13322846411957,0.0
global,unrelated,500,57,0,REVOKE,context_version_changed_at_publish,102.62219002470374,45.633237808942795,56.13322846411957,0.0
global,unrelated,500,58,0,REVOKE,context_version_changed_at_publish,155.42982798069715,35.12723883613944,56.13322846411957,0.0
global,unrelated,500,59,0,REVOKE,context_version_changed_at_publish,163.6756770312786,39.74462067708373,56.13322846411957,0.0
global,unrelated,500,60,0,REVOKE,context_version_changed_at_publish,206.23357594013214,36.19603393599391,56.13322846411957,0.0
global,unrelated,500,61,0,REVOKE,context_version_changed_at_publish,98.92844129353762,33.4239536896348,56.13322846411957,0.0
global,unrelated,500,62,0,REVOKE,context_version_changed_at_publish,153.69508368894458,92.47129689902067,56.13322846411957,0.0
global,unrelated,500,63,0,REVOKE,context_version_changed_at_publish,102.76731196790934,42.394623160362244,56.13322846411957,0.0
global,unrelated,500,64,0,REVOKE,context_version_changed_at_publish,96.28272708505392,31.624047085642815,56.13322846411957,0.0
global,unrelated,500,65,0,REVOKE,context_version_changed_at_publish,95.90501897037029,36.35959094390273,56.13322846411957,0.0
global,unrelated,500,66,0,REVOKE,context_version_changed_at_publish,103.63390762358904,36.402410827577114,56.13322846411957,0.0
global,unrelated,500,67,0,REVOKE,context_version_changed_at_publish,97.14987501502037,39.38253177329898,56.13322846411957,0.0
global,unrelated,500,68,0,REVOKE,context_version_changed_at_publish,760.2430628612638,34.96993379667401,56.13322846411957,0.0
global,unrelated,500,69,0,REVOKE,context_version_changed_at_publish,104.81183789670467,41.07231227681041,56.13322846411957,0.0
global,unrelated,500,70,0,REVOKE,context_version_changed_at_publish,100.75757279992104,37.832134403288364,56.13322846411957,0.0
global,unrelated,500,71,0,REVOKE,context_version_changed_at_publish,217.77861518785357,106.82623786851764,56.13322846411957,0.0
global,unrelated,500,72,0,REVOKE,context_version_changed_at_publish,108.58684917911887,40.83420615643263,56.13322846411957,0.0
global,unrelated,500,73,0,REVOKE,context_version_changed_at_publish,124.15761966258287,42.31982305645943,56.13322846411957,0.0
global,unrelated,500,74,0,REVOKE,context_version_changed_at_publish,223.98033877834678,39.201571606099606,56.13322846411957,0.0
global,unrelated,500,75,0,REVOKE,context_version_changed_at_publish,96.37196501716971,39.23632716760039,56.13322846411957,0.0
global,unrelated,500,76,0,REVOKE,context_version_changed_at_publish,120.92271214351058,75.86568500846624,56.13322846411957,0.0
global,unrelated,500,77,0,REVOKE,context_version_changed_at_publish,107.4424427933991,46.36124474927783,56.13322846411957,0.0
global,unrelated,500,78,0,REVOKE,context_version_changed_at_publish,93.01953529939055,34.53532885760069,56.13322846411957,0.0
global,unrelated,500,79,0,REVOKE,context_version_changed_at_publish,478.9476110599935,74.98021284118295,56.13322846411957,0.0
global,unrelated,500,80,0,REVOKE,context_version_changed_at_publish,114.71674032509327,43.05534204468131,56.13322846411957,0.0
global,unrelated,500,81,0,REVOKE,context_version_changed_at_publish,95.51785187795758,37.24097507074475,56.13322846411957,0.0
global,unrelated,500,82,0,REVOKE,context_version_changed_at_publish,93.13512267544866,35.484869964420795,56.13322846411957,0.0
global,unrelated,500,83,0,REVOKE,context_version_changed_at_publish,419.4368477910757,40.574698243290186,56.13322846411957,0.0
global,unrelated,500,84,0,REVOKE,context_version_changed_at_publish,249.28453005850315,183.44400310888886,56.13322846411957,0.0
global,unrelated,500,85,0,REVOKE,context_version_changed_at_publish,243.22004290297627,189.07821318134665,56.13322846411957,0.0
global,unrelated,500,86,0,REVOKE,context_version_changed_at_publish,378.82212409749627,36.952012218534946,56.13322846411957,0.0
global,unrelated,500,87,0,REVOKE,context_version_changed_at_publish,132.10136303678155,70.68926375359297,56.13322846411957,0.0
global,unrelated,500,88,0,REVOKE,context_version_changed_at_publish,99.776451010257,43.72387705370784,56.13322846411957,0.0
global,unrelated,500,89,0,REVOKE,context_version_changed_at_publish,127.56109610199928,63.224499113857746,56.13322846411957,0.0
global,unrelated,500,90,0,REVOKE,context_version_changed_at_publish,218.04984379559755,150.51208203658462,56.13322846411957,0.0
global,unrelated,500,91,0,REVOKE,context_version_changed_at_publish,97.1202990040183,41.75846930593252,56.13322846411957,0.0
global,unrelated,500,92,0,REVOKE,context_version_changed_at_publish,78.5950948484242,34.44792376831174,56.13322846411957,0.0
global,unrelated,500,93,0,REVOKE,context_version_changed_at_publish,101.32829332724214,31.432338058948517,56.13322846411957,0.0
global,unrelated,500,94,0,REVOKE,context_version_changed_at_publish,325.84967697039247,99.475156981498,56.13322846411957,0.0
global,unrelated,500,95,0,REVOKE,context_version_changed_at_publish,92.84274419769645,35.42058914899826,56.13322846411957,0.0
global,unrelated,500,96,0,REVOKE,context_version_changed_at_publish,89.29793396964669,37.172996904700994,56.13322846411957,0.0
global,unrelated,500,97,0,REVOKE,context_version_changed_at_publish,189.19092416763306,30.681188218295574,56.13322846411957,0.0
global,unrelated,500,98,0,REVOKE,context_version_changed_at_publish,477.6386949233711,38.25124027207494,56.13322846411957,0.0
global,unrelated,500,99,0,REVOKE,context_version_changed_at_publish,138.0519769154489,45.43215082958341,56.13322846411957,0.0
readset,unrelated,500,0,1,EXECUTE,published_after_gate_recheck,250.40218699723482,39.57838984206319,56.31984429957121,4.55401981944035
readset,unrelated,500,1,1,EXECUTE,published_after_gate_recheck,592.4671441316605,71.37395907193422,56.31984429957121,4.55401981944035
readset,unrelated,500,2,1,EXECUTE,published_after_gate_recheck,100.23964010179043,39.24295073375106,56.31984429957121,4.55401981944035
readset,unrelated,500,3,1,EXECUTE,published_after_gate_recheck,260.108205024153,37.56688488647342,56.31984429957121,4.55401981944035
readset,unrelated,500,4,1,EXECUTE,published_after_gate_recheck,132.84426694735885,43.56596013531089,56.31984429957121,4.55401981944035
readset,unrelated,500,5,1,EXECUTE,published_after_gate_recheck,224.8817696236074,38.44720683991909,56.31984429957121,4.55401981944035
readset,unrelated,500,6,1,EXECUTE,published_after_gate_recheck,234.60520198568702,31.074516009539366,56.31984429957121,4.55401981944035
readset,unrelated,500,7,1,EXECUTE,published_after_gate_recheck,83.37033400312066,22.765978705137968,56.31984429957121,4.55401981944035
readset,unrelated,500,8,1,EXECUTE,published_after_gate_recheck,153.49977696314454,89.5555573515594,56.31984429957121,4.55401981944035
readset,unrelated,500,9,1,EXECUTE,published_after_gate_recheck,96.69263614341617,35.005951300263405,56.31984429957121,4.55401981944035
readset,unrelated,500,10,1,EXECUTE,published_after_gate_recheck,94.75713595747948,31.857796013355255,56.31984429957121,4.55401981944035
readset,unrelated,500,11,1,EXECUTE,published_after_gate_recheck,113.50107891485095,47.01052326709032,56.31984429957121,4.55401981944035
readset,unrelated,500,12,1,EXECUTE,published_after_gate_recheck,436.6473751142621,48.48441714420915,56.31984429957121,4.55401981944035
readset,unrelated,500,13,1,EXECUTE,published_after_gate_recheck,201.44797815009952,37.29161014780402,56.31984429957121,4.55401981944035
readset,unrelated,500,14,1,EXECUTE,published_after_gate_recheck,104.02099415659904,35.81064101308584,56.31984429957121,4.55401981944035
readset,unrelated,500,15,1,EXECUTE,published_after_gate_recheck,296.29688477143645,48.16999705508351,56.31984429957121,4.55401981944035
readset,unrelated,500,16,1,EXECUTE,published_after_gate_recheck,222.40403201431036,173.44864085316658,56.31984429957121,4.55401981944035
readset,unrelated,500,17,1,EXECUTE,published_after_gate_recheck,188.1491090171039,38.28162606805563,56.31984429957121,4.55401981944035
readset,unrelated,500,18,1,EXECUTE,published_after_gate_recheck,655.9072779491544,70.39636513218284,56.31984429957121,4.55401981944035
readset,unrelated,500,19,1,EXECUTE,published_after_gate_recheck,507.4135330505669,430.7993343099952,56.31984429957121,4.55401981944035
readset,unrelated,500,20,1,EXECUTE,published_after_gate_recheck,215.65728588029742,29.852844309061766,56.31984429957121,4.55401981944035
readset,unrelated,500,21,1,EXECUTE,published_after_gate_recheck,107.22066694870591,39.76431814953685,56.31984429957121,4.55401981944035
readset,unrelated,500,22,1,EXECUTE,published_after_gate_recheck,110.07387889549136,36.86823509633541,56.31984429957121,4.55401981944035
readset,unrelated,500,23,1,EXECUTE,published_after_gate_recheck,134.01661720126867,35.490480717271566,56.31984429957121,4.55401981944035
readset,unrelated,500,24,1,EXECUTE,published_after_gate_recheck,98.64982822909951,40.53671797737479,56.31984429957121,4.55401981944035
readset,unrelated,500,25,1,EXECUTE,published_after_gate_recheck,99.99192506074905,45.538149774074554,56.31984429957121,4.55401981944035
readset,unrelated,500,26,1,EXECUTE,published_after_gate_recheck,103.34595805034041,41.554867289960384,56.31984429957121,4.55401981944035
readset,unrelated,500,27,1,EXECUTE,published_after_gate_recheck,92.52865379676223,41.98914207518101,56.31984429957121,4.55401981944035
readset,unrelated,500,28,1,EXECUTE,published_after_gate_recheck,99.06477574259043,37.57156524807215,56.31984429957121,4.55401981944035
readset,unrelated,500,29,1,EXECUTE,published_after_gate_recheck,123.00136080011725,36.98679804801941,56.31984429957121,4.55401981944035
readset,unrelated,500,30,1,EXECUTE,published_after_gate_recheck,148.08689197525382,67.31124687939882,56.31984429957121,4.55401981944035
readset,unrelated,500,31,1,EXECUTE,published_after_gate_recheck,110.60016695410013,52.83090192824602,56.31984429957121,4.55401981944035
readset,unrelated,500,32,1,EXECUTE,published_after_gate_recheck,149.64158879593015,77.77689024806023,56.31984429957121,4.55401981944035
readset,unrelated,500,33,1,EXECUTE,published_after_gate_recheck,89.92130309343338,22.83627074211836,56.31984429957121,4.55401981944035
readset,unrelated,500,34,1,EXECUTE,published_after_gate_recheck,1684.1092547401786,1125.5932338535786,56.31984429957121,4.55401981944035
readset,unrelated,500,35,1,EXECUTE,published_after_gate_recheck,259.9774799309671,98.07141311466694,56.31984429957121,4.55401981944035
readset,unrelated,500,36,1,EXECUTE,published_after_gate_recheck,78.87837709859014,28.73040921986103,56.31984429957121,4.55401981944035
readset,unrelated,500,37,1,EXECUTE,published_after_gate_recheck,408.3185186609626,37.46852092444897,56.31984429957121,4.55401981944035
readset,unrelated,500,38,1,EXECUTE,published_after_gate_recheck,127.60105077177286,49.5941499248147,56.31984429957121,4.55401981944035
readset,unrelated,500,39,1,EXECUTE,published_after_gate_recheck,100.36517586559057,44.02891872450709,56.31984429957121,4.55401981944035
readset,unrelated,500,40,1,EXECUTE,published_after_gate_recheck,113.52922208607197,39.4505700096488,56.31984429957121,4.55401981944035
readset,unrelated,500,41,1,EXECUTE,published_after_gate_recheck,130.34747308120131,36.23423585668206,56.31984429957121,4.55401981944035
readset,unrelated,500,42,1,EXECUTE,published_after_gate_recheck,94.7952470742166,36.63264308124781,56.31984429957121,4.55401981944035
readset,unrelated,500,43,1,EXECUTE,published_after_gate_recheck,94.24641774967313,24.92092177271843,56.31984429957121,4.55401981944035
readset,unrelated,500,44,1,EXECUTE,published_after_gate_recheck,101.00590763613582,41.007430758327246,56.31984429957121,4.55401981944035
readset,unrelated,500,45,1,EXECUTE,published_after_gate_recheck,98.43795094639063,41.814183816313744,56.31984429957121,4.55401981944035
readset,unrelated,500,46,1,EXECUTE,published_after_gate_recheck,104.19055307283998,36.90249985083938,56.31984429957121,4.55401981944035
readset,unrelated,500,47,1,EXECUTE,published_after_gate_recheck,97.03302476555109,43.574065901339054,56.31984429957121,4.55401981944035
readset,unrelated,500,48,1,EXECUTE,published_after_gate_recheck,705.3387719206512,276.7972652800381,56.31984429957121,4.55401981944035
readset,unrelated,500,49,1,EXECUTE,published_after_gate_recheck,176.5228291042149,53.764323238283396,56.31984429957121,4.55401981944035
readset,unrelated,500,50,1,EXECUTE,published_after_gate_recheck,130.1014213822782,31.087050214409828,56.31984429957121,4.55401981944035
readset,unrelated,500,51,1,EXECUTE,published_after_gate_recheck,148.72800465673208,68.18144908174872,56.31984429957121,4.55401981944035
readset,unrelated,500,52,1,EXECUTE,published_after_gate_recheck,358.3700363524258,45.17536889761686,56.31984429957121,4.55401981944035
readset,unrelated,500,53,1,EXECUTE,published_after_gate_recheck,202.20134174451232,101.59067483618855,56.31984429957121,4.55401981944035
readset,unrelated,500,54,1,EXECUTE,published_after_gate_recheck,178.97678166627884,126.17479497566819,56.31984429957121,4.55401981944035
readset,unrelated,500,55,1,EXECUTE,published_after_gate_recheck,103.88437798246741,23.29645399004221,56.31984429957121,4.55401981944035
readset,unrelated,500,56,1,EXECUTE,published_after_gate_recheck,81.60861767828465,34.4837112352252,56.31984429957121,4.55401981944035
readset,unrelated,500,57,1,EXECUTE,published_after_gate_recheck,459.9767099134624,35.48459988087416,56.31984429957121,4.55401981944035
readset,unrelated,500,58,1,EXECUTE,published_after_gate_recheck,105.54542392492294,40.42475717142224,56.31984429957121,4.55401981944035
readset,unrelated,500,59,1,EXECUTE,published_after_gate_recheck,100.43684113770723,37.325543351471424,56.31984429957121,4.55401981944035
readset,unrelated,500,60,1,EXECUTE,published_after_gate_recheck,124.47389494627714,42.953141033649445,56.31984429957121,4.55401981944035
readset,unrelated,500,61,1,EXECUTE,published_after_gate_recheck,233.3129672333598,44.08177826553583,56.31984429957121,4.55401981944035
readset,unrelated,500,62,1,EXECUTE,published_after_gate_recheck,100.93255992978811,40.108845103532076,56.31984429957121,4.55401981944035
readset,unrelated,500,63,1,EXECUTE,published_after_gate_recheck,186.88678089529276,118.10348415747285,56.31984429957121,4.55401981944035
readset,unrelated,500,64,1,EXECUTE,published_after_gate_recheck,229.07469607889652,37.362142000347376,56.31984429957121,4.55401981944035
readset,unrelated,500,65,1,EXECUTE,published_after_gate_recheck,97.81780699267983,37.70160861313343,56.31984429957121,4.55401981944035
readset,unrelated,500,66,1,EXECUTE,published_after_gate_recheck,502.53923796117306,42.78686875477433,56.31984429957121,4.55401981944035
readset,unrelated,500,67,1,EXECUTE,published_after_gate_recheck,440.3380476869643,42.134043760597706,56.31984429957121,4.55401981944035
readset,unrelated,500,68,1,EXECUTE,published_after_gate_recheck,259.5251421444118,43.75053709372878,56.31984429957121,4.55401981944035
readset,unrelated,500,69,1,EXECUTE,published_after_gate_recheck,285.5598940514028,32.03087020665407,56.31984429957121,4.55401981944035
readset,unrelated,500,70,1,EXECUTE,published_after_gate_recheck,94.57139717414975,39.63871207088232,56.31984429957121,4.55401981944035
readset,unrelated,500,71,1,EXECUTE,published_after_gate_recheck,124.59048302844167,34.32186786085367,56.31984429957121,4.55401981944035
readset,unrelated,500,72,1,EXECUTE,published_after_gate_recheck,500.9857136756182,242.62397410348058,56.31984429957121,4.55401981944035
readset,unrelated,500,73,1,EXECUTE,published_after_gate_recheck,98.57892524451017,44.57558412104845,56.31984429957121,4.55401981944035
readset,unrelated,500,74,1,EXECUTE,published_after_gate_recheck,87.017014157027,46.27119563519955,56.31984429957121,4.55401981944035
readset,unrelated,500,75,1,EXECUTE,published_after_gate_recheck,102.25387895479798,41.214028373360634,56.31984429957121,4.55401981944035
readset,unrelated,500,76,1,EXECUTE,published_after_gate_recheck,419.0204259939492,56.466811802238226,56.31984429957121,4.55401981944035
readset,unrelated,500,77,1,EXECUTE,published_after_gate_recheck,99.71546800807118,39.630657993257046,56.31984429957121,4.55401981944035
readset,unrelated,500,78,1,EXECUTE,published_after_gate_recheck,98.49087009206414,41.80116904899478,56.31984429957121,4.55401981944035
readset,unrelated,500,79,1,EXECUTE,published_after_gate_recheck,429.0675250813365,34.82019295915961,56.31984429957121,4.55401981944035
readset,unrelated,500,80,1,EXECUTE,published_after_gate_recheck,202.35504023730755,89.45077983662486,56.31984429957121,4.55401981944035
readset,unrelated,500,81,1,EXECUTE,published_after_gate_recheck,103.23878703638911,42.214264161884785,56.31984429957121,4.55401981944035
readset,unrelated,500,82,1,EXECUTE,published_after_gate_recheck,420.29418470337987,364.7264800965786,56.31984429957121,4.55401981944035
readset,unrelated,500,83,1,EXECUTE,published_after_gate_recheck,117.89039289578795,35.8351469039917,56.31984429957121,4.55401981944035
readset,unrelated,500,84,1,EXECUTE,published_after_gate_recheck,116.99204798787832,34.053283743560314,56.31984429957121,4.55401981944035
readset,unrelated,500,85,1,EXECUTE,published_after_gate_recheck,222.22361294552684,34.39504513517022,56.31984429957121,4.55401981944035
readset,unrelated,500,86,1,EXECUTE,published_after_gate_recheck,99.74704729393125,37.95622568577528,56.31984429957121,4.55401981944035
readset,unrelated,500,87,1,EXECUTE,published_after_gate_recheck,672.1150339581072,403.21442391723394,56.31984429957121,4.55401981944035
readset,unrelated,500,88,1,EXECUTE,published_after_gate_recheck,98.67556625977159,27.916351798921824,56.31984429957121,4.55401981944035
readset,unrelated,500,89,1,EXECUTE,published_after_gate_recheck,439.4839759916067,175.13106716796756,56.31984429957121,4.55401981944035
readset,unrelated,500,90,1,EXECUTE,published_after_gate_recheck,584.7172453068197,43.43137796968222,56.31984429957121,4.55401981944035
readset,unrelated,500,91,1,EXECUTE,published_after_gate_recheck,146.42796013504267,37.034757900983095,56.31984429957121,4.55401981944035
readset,unrelated,500,92,1,EXECUTE,published_after_gate_recheck,257.45521765202284,92.87300007417798,56.31984429957121,4.55401981944035
readset,unrelated,500,93,1,EXECUTE,published_after_gate_recheck,93.2715181261301,36.79986670613289,56.31984429957121,4.55401981944035
readset,unrelated,500,94,1,EXECUTE,published_after_gate_recheck,210.27063019573689,161.4355449564755,56.31984429957121,4.55401981944035
readset,unrelated,500,95,1,EXECUTE,published_after_gate_recheck,90.18326411023736,43.439351953566074,56.31984429957121,4.55401981944035
readset,unrelated,500,96,1,EXECUTE,published_after_gate_recheck,183.04375186562538,77.20946567133069,56.31984429957121,4.55401981944035
readset,unrelated,500,97,1,EXECUTE,published_after_gate_recheck,111.93075310438871,39.97471323236823,56.31984429957121,4.55401981944035
readset,unrelated,500,98,1,EXECUTE,published_after_gate_recheck,293.2731630280614,50.44186906889081,56.31984429957121,4.55401981944035
readset,unrelated,500,99,1,EXECUTE,published_after_gate_recheck,92.75296609848738,41.33882187306881,56.31984429957121,4.55401981944035
global,related_same,500,0,0,REVOKE,context_version_changed_at_publish,192.81233800575137,34.00380210950971,56.154752629680885,0.0
global,related_same,500,1,0,REVOKE,context_version_changed_at_publish,99.69287505373359,36.822719033807516,56.154752629680885,0.0
global,related_same,500,2,0,REVOKE,context_version_changed_at_publish,508.30305088311434,430.0714381970465,56.154752629680885,0.0
global,related_same,500,3,0,REVOKE,context_version_changed_at_publish,121.28232698887587,40.93035589903593,56.154752629680885,0.0
global,related_same,500,4,0,REVOKE,context_version_changed_at_publish,93.12119707465172,34.437866415828466,56.154752629680885,0.0
global,related_same,500,5,0,REVOKE,context_version_changed_at_publish,245.83917669951916,38.651770912110806,56.154752629680885,0.0
global,related_same,500,6,0,REVOKE,context_version_changed_at_publish,302.200079895556,206.4848579466343,56.154752629680885,0.0
global,related_same,500,7,0,REVOKE,context_version_changed_at_publish,295.63417192548513,144.1357103176415,56.154752629680885,0.0
global,related_same,500,8,0,REVOKE,context_version_changed_at_publish,297.7020009420812,37.94393315911293,56.154752629680885,0.0
global,related_same,500,9,0,REVOKE,context_version_changed_at_publish,112.67304560169578,44.670221861451864,56.154752629680885,0.0
global,related_same,500,10,0,REVOKE,context_version_changed_at_publish,117.33844829723239,51.010316237807274,56.154752629680885,0.0
global,related_same,500,11,0,REVOKE,context_version_changed_at_publish,92.49554201960564,45.727614779025316,56.154752629680885,0.0
global,related_same,500,12,0,REVOKE,context_version_changed_at_publish,254.80424519628286,190.72018330916762,56.154752629680885,0.0
global,related_same,500,13,0,REVOKE,context_version_changed_at_publish,140.23794792592525,67.48490175232291,56.154752629680885,0.0
global,related_same,500,14,0,REVOKE,context_version_changed_at_publish,279.7177229076624,105.95185728743672,56.154752629680885,0.0
global,related_same,500,15,0,REVOKE,context_version_changed_at_publish,72.75833515450358,34.65104615315795,56.154752629680885,0.0
global,related_same,500,16,0,REVOKE,context_version_changed_at_publish,238.50935511291027,157.44940610602498,56.154752629680885,0.0
global,related_same,500,17,0,REVOKE,context_version_changed_at_publish,100.75018787756562,38.95379789173603,56.154752629680885,0.0
global,related_same,500,18,0,REVOKE,context_version_changed_at_publish,481.3865660689771,41.41981387510896,56.154752629680885,0.0
global,related_same,500,19,0,REVOKE,context_version_changed_at_publish,435.12006010860205,372.3892751149833,56.154752629680885,0.0
global,related_same,500,20,0,REVOKE,context_version_changed_at_publish,472.92693611234426,42.50573180615902,56.154752629680885,0.0
global,related_same,500,21,0,REVOKE,context_version_changed_at_publish,70.57477906346321,33.818614203482866,56.154752629680885,0.0
global,related_same,500,22,0,REVOKE,context_version_changed_at_publish,629.5921411365271,40.05241813138127,56.154752629680885,0.0
global,related_same,500,23,0,REVOKE,context_version_changed_at_publish,87.75899605825543,39.196382742375135,56.154752629680885,0.0
global,related_same,500,24,0,REVOKE,context_version_changed_at_publish,93.8744000159204,41.7246762663126,56.154752629680885,0.0
global,related_same,500,25,0,REVOKE,context_version_changed_at_publish,93.91546715050936,36.21205361559987,56.154752629680885,0.0
global,related_same,500,26,0,REVOKE,context_version_changed_at_publish,261.00207306444645,40.23966984823346,56.154752629680885,0.0
global,related_same,500,27,0,REVOKE,context_version_changed_at_publish,169.19186618179083,39.81051500886679,56.154752629680885,0.0
global,related_same,500,28,0,REVOKE,context_version_changed_at_publish,323.0556449852884,43.88507874682546,56.154752629680885,0.0
global,related_same,500,29,0,REVOKE,context_version_changed_at_publish,257.24177761003375,34.05718179419637,56.154752629680885,0.0
global,related_same,500,30,0,REVOKE,context_version_changed_at_publish,219.614848960191,40.31921923160553,56.154752629680885,0.0
global,related_same,500,31,0,REVOKE,context_version_changed_at_publish,330.1041289232671,40.459813084453344,56.154752629680885,0.0
global,related_same,500,32,0,REVOKE,context_version_changed_at_publish,639.0288840048015,36.17889201268554,56.154752629680885,0.0
global,related_same,500,33,0,REVOKE,context_version_changed_at_publish,102.34580235555768,33.97899493575096,56.154752629680885,0.0
global,related_same,500,34,0,REVOKE,context_version_changed_at_publish,192.59444903582335,38.748713210225105,56.154752629680885,0.0
global,related_same,500,35,0,REVOKE,context_version_changed_at_publish,168.74208208173513,77.8978168964386,56.154752629680885,0.0
global,related_same,500,36,0,REVOKE,context_version_changed_at_publish,136.8168704211712,74.49302030727267,56.154752629680885,0.0
global,related_same,500,37,0,REVOKE,context_version_changed_at_publish,98.24951691552997,44.45790313184261,56.154752629680885,0.0
global,related_same,500,38,0,REVOKE,context_version_changed_at_publish,332.2468181140721,146.25287195667624,56.154752629680885,0.0
global,related_same,500,39,0,REVOKE,context_version_changed_at_publish,316.54530204832554,42.82187391072512,56.154752629680885,0.0
global,related_same,500,40,0,REVOKE,context_version_changed_at_publish,156.82506514713168,37.628702353686094,56.154752629680885,0.0
global,related_same,500,41,0,REVOKE,context_version_changed_at_publish,133.02534632384777,74.96688794344664,56.154752629680885,0.0
global,related_same,500,42,0,REVOKE,context_version_changed_at_publish,239.30547898635268,49.873542971909046,56.154752629680885,0.0
global,related_same,500,43,0,REVOKE,context_version_changed_at_publish,109.5826979726553,43.18869300186634,56.154752629680885,0.0
global,related_same,500,44,0,REVOKE,context_version_changed_at_publish,793.3730660006404,40.757630951702595,56.154752629680885,0.0
global,related_same,500,45,0,REVOKE,context_version_changed_at_publish,194.6234847418964,76.04384887963533,56.154752629680885,0.0
global,related_same,500,46,0,REVOKE,context_version_changed_at_publish,152.3644272238016,94.30574905127287,56.154752629680885,0.0
global,related_same,500,47,0,REVOKE,context_version_changed_at_publish,322.3936939612031,196.19460264220834,56.154752629680885,0.0
global,related_same,500,48,0,REVOKE,context_version_changed_at_publish,340.7530062831938,70.99442603066564,56.154752629680885,0.0
global,related_same,500,49,0,REVOKE,context_version_changed_at_publish,102.4422631599009,33.91974372789264,56.154752629680885,0.0
global,related_same,500,50,0,REVOKE,context_version_changed_at_publish,159.09705683588982,50.57397671043873,56.154752629680885,0.0
global,related_same,500,51,0,REVOKE,context_version_changed_at_publish,250.46334089711308,186.3000812008977,56.154752629680885,0.0
global,related_same,500,52,0,REVOKE,context_version_changed_at_publish,642.390551045537,413.7775809504092,56.154752629680885,0.0
global,related_same,500,53,0,REVOKE,context_version_changed_at_publish,79.31778114289045,33.561311196535826,56.154752629680885,0.0
global,related_same,500,54,0,REVOKE,context_version_changed_at_publish,90.65469028428197,35.39304807782173,56.154752629680885,0.0
global,related_same,500,55,0,REVOKE,context_version_changed_at_publish,262.4879302456975,41.917548049241304,56.154752629680885,0.0
global,related_same,500,56,0,REVOKE,context_version_changed_at_publish,278.8585009984672,30.883377883583307,56.154752629680885,0.0
global,related_same,500,57,0,REVOKE,context_version_changed_at_publish,91.46882593631744,34.29353516548872,56.154752629680885,0.0
global,related_same,500,58,0,REVOKE,context_version_changed_at_publish,97.59654197841883,36.39831393957138,56.154752629680885,0.0
global,related_same,500,59,0,REVOKE,context_version_changed_at_publish,90.92468488961458,37.107053212821484,56.154752629680885,0.0
global,related_same,500,60,0,REVOKE,context_version_changed_at_publish,118.82858304306865,46.29070172086358,56.154752629680885,0.0
global,related_same,500,61,0,REVOKE,context_version_changed_at_publish,225.19036987796426,43.21883898228407,56.154752629680885,0.0
global,related_same,500,62,0,REVOKE,context_version_changed_at_publish,88.8692899607122,34.04847485944629,56.154752629680885,0.0
global,related_same,500,63,0,REVOKE,context_version_changed_at_publish,199.54260298982263,49.30463619530201,56.154752629680885,0.0
global,related_same,500,64,0,REVOKE,context_version_changed_at_publish,92.15360088273883,33.33784220740199,56.154752629680885,0.0
global,related_same,500,65,0,REVOKE,context_version_changed_at_publish,476.8714657984674,44.17769704014063,56.154752629680885,0.0
global,related_same,500,66,0,REVOKE,context_version_changed_at_publish,468.3220568113029,40.53514404222369,56.154752629680885,0.0
global,related_same,500,67,0,REVOKE,context_version_changed_at_publish,127.05881427973509,34.27071217447519,56.154752629680885,0.0
global,related_same,500,68,0,REVOKE,context_version_changed_at_publish,306.3419898971915,34.31147802621126,56.154752629680885,0.0
global,related_same,500,69,0,REVOKE,context_version_changed_at_publish,85.66414704546332,34.425712656229734,56.154752629680885,0.0
global,related_same,500,70,0,REVOKE,context_version_changed_at_publish,194.68792574480176,69.54007688909769,56.154752629680885,0.0
global,related_same,500,71,0,REVOKE,context_version_changed_at_publish,161.2587128765881,64.26413962617517,56.154752629680885,0.0
global,related_same,500,72,0,REVOKE,context_version_changed_at_publish,725.526574999094,79.9070568755269,56.154752629680885,0.0
global,related_same,500,73,0,REVOKE,context_version_changed_at_publish,244.5806860923767,37.627930752933025,56.154752629680885,0.0
global,related_same,500,74,0,REVOKE,context_version_changed_at_publish,192.73942103609443,133.99714045226574,56.154752629680885,0.0
global,related_same,500,75,0,REVOKE,context_version_changed_at_publish,91.72328421846032,40.76716909185052,56.154752629680885,0.0
global,related_same,500,76,0,REVOKE,context_version_changed_at_publish,208.9078025892377,32.68656972795725,56.154752629680885,0.0
global,related_same,500,77,0,REVOKE,context_version_changed_at_publish,120.43234333395958,58.236473239958286,56.154752629680885,0.0
global,related_same,500,78,0,REVOKE,context_version_changed_at_publish,127.17220606282353,74.59879806265235,56.154752629680885,0.0
global,related_same,500,79,0,REVOKE,context_version_changed_at_publish,629.8331930302083,46.87537904828787,56.154752629680885,0.0
global,related_same,500,80,0,REVOKE,context_version_changed_at_publish,274.4030631147325,71.03829784318805,56.154752629680885,0.0
global,related_same,500,81,0,REVOKE,context_version_changed_at_publish,223.42110006138682,32.25586283951998,56.154752629680885,0.0
global,related_same,500,82,0,REVOKE,context_version_changed_at_publish,183.48906701430678,41.626171208918095,56.154752629680885,0.0
global,related_same,500,83,0,REVOKE,context_version_changed_at_publish,367.8566128946841,37.609626073390245,56.154752629680885,0.0
global,related_same,500,84,0,REVOKE,context_version_changed_at_publish,120.81132270395756,74.84233472496271,56.154752629680885,0.0
global,related_same,500,85,0,REVOKE,context_version_changed_at_publish,390.5793512240052,74.52421775087714,56.154752629680885,0.0
global,related_same,500,86,0,REVOKE,context_version_changed_at_publish,106.27081617712975,40.68447416648269,56.154752629680885,0.0
global,related_same,500,87,0,REVOKE,context_version_changed_at_publish,198.8515672273934,41.18346096947789,56.154752629680885,0.0
global,related_same,500,88,0,REVOKE,context_version_changed_at_publish,101.63322510197759,42.02648205682635,56.154752629680885,0.0
global,related_same,500,89,0,REVOKE,context_version_changed_at_publish,577.629217877984,35.49157176166773,56.154752629680885,0.0
global,related_same,500,90,0,REVOKE,context_version_changed_at_publish,93.26160000637174,38.337551057338715,56.154752629680885,0.0
global,related_same,500,91,0,REVOKE,context_version_changed_at_publish,281.89594903960824,172.56740806624293,56.154752629680885,0.0
global,related_same,500,92,0,REVOKE,context_version_changed_at_publish,399.88808427006006,304.8562933690846,56.154752629680885,0.0
global,related_same,500,93,0,REVOKE,context_version_changed_at_publish,171.80869542062283,79.27858689799905,56.154752629680885,0.0
global,related_same,500,94,0,REVOKE,context_version_changed_at_publish,132.2010112926364,45.20037677139044,56.154752629680885,0.0
global,related_same,500,95,0,REVOKE,context_version_changed_at_publish,121.41387304291129,38.42368256300688,56.154752629680885,0.0
global,related_same,500,96,0,REVOKE,context_version_changed_at_publish,319.00283182039857,38.52016385644674,56.154752629680885,0.0
global,related_same,500,97,0,REVOKE,context_version_changed_at_publish,95.38077469915152,35.65279534086585,56.154752629680885,0.0
global,related_same,500,98,0,REVOKE,context_version_changed_at_publish,577.2174447774887,160.10476788505912,56.154752629680885,0.0
global,related_same,500,99,0,REVOKE,context_version_changed_at_publish,90.79080494120717,40.33052083104849,56.154752629680885,0.0
readset,related_same,500,0,1,EXECUTE,published_after_gate_recheck,261.17327297106385,36.47848404943943,56.12002966534256,4.623350805085094
readset,related_same,500,1,1,EXECUTE,published_after_gate_recheck,140.4703943990171,40.3819871135056,56.12002966534256,4.623350805085094
readset,related_same,500,2,1,EXECUTE,published_after_gate_recheck,86.24514704570174,35.841620061546564,56.12002966534256,4.623350805085094
readset,related_same,500,3,1,EXECUTE,published_after_gate_recheck,150.82334633916616,30.04062594845891,56.12002966534256,4.623350805085094
readset,related_same,500,4,1,EXECUTE,published_after_gate_recheck,286.02739004418254,31.611303333193064,56.12002966534256,4.623350805085094
readset,related_same,500,5,1,EXECUTE,published_after_gate_recheck,115.12964498251677,44.604898896068335,56.12002966534256,4.623350805085094
readset,related_same,500,6,1,EXECUTE,published_after_gate_recheck,175.274807959795,65.57925837114453,56.12002966534256,4.623350805085094
readset,related_same,500,7,1,EXECUTE,published_after_gate_recheck,115.80030201002955,43.014736380428076,56.12002966534256,4.623350805085094
readset,related_same,500,8,1,EXECUTE,published_after_gate_recheck,132.43247522041202,41.03550314903259,56.12002966534256,4.623350805085094
readset,related_same,500,9,1,EXECUTE,published_after_gate_recheck,211.75089571624994,38.34530618041754,56.12002966534256,4.623350805085094
readset,related_same,500,10,1,EXECUTE,published_after_gate_recheck,87.52021891996264,41.772536002099514,56.12002966534256,4.623350805085094
readset,related_same,500,11,1,EXECUTE,published_after_gate_recheck,104.29312475025654,34.36474781483412,56.12002966534256,4.623350805085094
readset,related_same,500,12,1,EXECUTE,published_after_gate_recheck,98.9009402692318,35.79147532582283,56.12002966534256,4.623350805085094
readset,related_same,500,13,1,EXECUTE,published_after_gate_recheck,137.61264272034168,45.339507050812244,56.12002966534256,4.623350805085094
readset,related_same,500,14,1,EXECUTE,published_after_gate_recheck,272.68604189157486,210.2104970254004,56.12002966534256,4.623350805085094
readset,related_same,500,15,1,EXECUTE,published_after_gate_recheck,691.9833570718765,349.9437980353832,56.12002966534256,4.623350805085094
readset,related_same,500,16,1,EXECUTE,published_after_gate_recheck,328.13139725476503,40.414087008684874,56.12002966534256,4.623350805085094
readset,related_same,500,17,1,EXECUTE,published_after_gate_recheck,375.8075889199972,37.00675489380956,56.12002966534256,4.623350805085094
readset,related_same,500,18,1,EXECUTE,published_after_gate_recheck,287.700308021158,71.9201429747045,56.12002966534256,4.623350805085094
readset,related_same,500,19,1,EXECUTE,published_after_gate_recheck,298.7144417129457,41.01951327174902,56.12002966534256,4.623350805085094
readset,related_same,500,20,1,EXECUTE,published_after_gate_recheck,383.0596529878676,49.805665854364634,56.12002966534256,4.623350805085094
readset,related_same,500,21,1,EXECUTE,published_after_gate_recheck,160.73305578902364,41.59587435424328,56.12002966534256,4.623350805085094
readset,related_same,500,22,1,EXECUTE,published_after_gate_recheck,116.65116902440786,47.757774125784636,56.12002966534256,4.623350805085094
readset,related_same,500,23,1,EXECUTE,published_after_gate_recheck,108.79026213660836,41.85917787253857,56.12002966534256,4.623350805085094
readset,related_same,500,24,1,EXECUTE,published_after_gate_recheck,232.20890574157238,178.8464980199933,56.12002966534256,4.623350805085094
readset,related_same,500,25,1,EXECUTE,published_after_gate_recheck,105.18709197640419,39.93747290223837,56.12002966534256,4.623350805085094
readset,related_same,500,26,1,EXECUTE,published_after_gate_recheck,136.94185484200716,36.302474327385426,56.12002966534256,4.623350805085094
readset,related_same,500,27,1,EXECUTE,published_after_gate_recheck,145.93551587313414,45.16645334661007,56.12002966534256,4.623350805085094
readset,related_same,500,28,1,EXECUTE,published_after_gate_recheck,164.59846822544932,111.38470890000463,56.12002966534256,4.623350805085094
readset,related_same,500,29,1,EXECUTE,published_after_gate_recheck,168.93100691959262,93.67226995527744,56.12002966534256,4.623350805085094
readset,related_same,500,30,1,EXECUTE,published_after_gate_recheck,277.82968105748296,41.477091144770384,56.12002966534256,4.623350805085094
readset,related_same,500,31,1,EXECUTE,published_after_gate_recheck,127.27719312533736,30.80884786322713,56.12002966534256,4.623350805085094
readset,related_same,500,32,1,EXECUTE,published_after_gate_recheck,160.54451325908303,67.49157514423132,56.12002966534256,4.623350805085094
readset,related_same,500,33,1,EXECUTE,published_after_gate_recheck,474.641612265259,39.20182306319475,56.12002966534256,4.623350805085094
readset,related_same,500,34,1,EXECUTE,published_after_gate_recheck,185.14384189620614,38.3263798430562,56.12002966534256,4.623350805085094
readset,related_same,500,35,1,EXECUTE,published_after_gate_recheck,476.7001736909151,40.68055795505643,56.12002966534256,4.623350805085094
readset,related_same,500,36,1,EXECUTE,published_after_gate_recheck,335.8597159385681,76.25126792117953,56.12002966534256,4.623350805085094
readset,related_same,500,37,1,EXECUTE,published_after_gate_recheck,118.05595410987735,50.97601190209389,56.12002966534256,4.623350805085094
readset,related_same,500,38,1,EXECUTE,published_after_gate_recheck,250.2807485871017,185.6305249966681,56.12002966534256,4.623350805085094
readset,related_same,500,39,1,EXECUTE,published_after_gate_recheck,133.7219742126763,73.79107316955924,56.12002966534256,4.623350805085094
readset,related_same,500,40,1,EXECUTE,published_after_gate_recheck,84.52271530404687,36.510675214231014,56.12002966534256,4.623350805085094
readset,related_same,500,41,1,EXECUTE,published_after_gate_recheck,713.0642347037792,325.0299501232803,56.12002966534256,4.623350805085094
readset,related_same,500,42,1,EXECUTE,published_after_gate_recheck,257.607523817569,44.49455300346017,56.12002966534256,4.623350805085094
readset,related_same,500,43,1,EXECUTE,published_after_gate_recheck,117.20821354538202,42.748525738716125,56.12002966534256,4.623350805085094
readset,related_same,500,44,1,EXECUTE,published_after_gate_recheck,256.0970108024776,71.18644705042243,56.12002966534256,4.623350805085094
readset,related_same,500,45,1,EXECUTE,published_after_gate_recheck,144.21264501288533,71.80713070556521,56.12002966534256,4.623350805085094
readset,related_same,500,46,1,EXECUTE,published_after_gate_recheck,99.66447111219168,38.127677980810404,56.12002966534256,4.623350805085094
readset,related_same,500,47,1,EXECUTE,published_after_gate_recheck,98.07067131623626,48.2770181261003,56.12002966534256,4.623350805085094
readset,related_same,500,48,1,EXECUTE,published_after_gate_recheck,282.9646337777376,226.11752897500992,56.12002966534256,4.623350805085094
readset,related_same,500,49,1,EXECUTE,published_after_gate_recheck,166.36506281793118,45.127449091523886,56.12002966534256,4.623350805085094
readset,related_same,500,50,1,EXECUTE,published_after_gate_recheck,97.6772541180253,39.33448204770684,56.12002966534256,4.623350805085094
readset,related_same,500,51,1,EXECUTE,published_after_gate_recheck,547.1114460378885,316.90414529293776,56.12002966534256,4.623350805085094
readset,related_same,500,52,1,EXECUTE,published_after_gate_recheck,129.05907724052668,43.792535085231066,56.12002966534256,4.623350805085094
readset,related_same,500,53,1,EXECUTE,published_after_gate_recheck,124.69049030914903,71.8721728771925,56.12002966534256,4.623350805085094
readset,related_same,500,54,1,EXECUTE,published_after_gate_recheck,287.1977458707988,130.94506412744522,56.12002966534256,4.623350805085094
readset,related_same,500,55,1,EXECUTE,published_after_gate_recheck,304.0540376678109,35.96561215817928,56.12002966534256,4.623350805085094
readset,related_same,500,56,1,EXECUTE,published_after_gate_recheck,124.3328689597547,37.203805055469275,56.12002966534256,4.623350805085094
readset,related_same,500,57,1,EXECUTE,published_after_gate_recheck,327.12950790300965,59.37742302194238,56.12002966534256,4.623350805085094
readset,related_same,500,58,1,EXECUTE,published_after_gate_recheck,92.7434479817748,47.38141829147935,56.12002966534256,4.623350805085094
readset,related_same,500,59,1,EXECUTE,published_after_gate_recheck,285.7539067044854,168.61734818667173,56.12002966534256,4.623350805085094
readset,related_same,500,60,1,EXECUTE,published_after_gate_recheck,97.3183298483491,35.57405713945627,56.12002966534256,4.623350805085094
readset,related_same,500,61,1,EXECUTE,published_after_gate_recheck,253.50350514054298,58.30285605043173,56.12002966534256,4.623350805085094
readset,related_same,500,62,1,EXECUTE,published_after_gate_recheck,161.83518385514617,42.56463190540671,56.12002966534256,4.623350805085094
readset,related_same,500,63,1,EXECUTE,published_after_gate_recheck,95.02263413742185,36.911155097186565,56.12002966534256,4.623350805085094
readset,related_same,500,64,1,EXECUTE,published_after_gate_recheck,113.86104486882687,49.02141401544213,56.12002966534256,4.623350805085094
readset,related_same,500,65,1,EXECUTE,published_after_gate_recheck,90.00647300854325,37.48565400019288,56.12002966534256,4.623350805085094
readset,related_same,500,66,1,EXECUTE,published_after_gate_recheck,293.22060476988554,47.67505917698145,56.12002966534256,4.623350805085094
readset,related_same,500,67,1,EXECUTE,published_after_gate_recheck,285.98351683467627,32.105900812894106,56.12002966534256,4.623350805085094
readset,related_same,500,68,1,EXECUTE,published_after_gate_recheck,92.09342813119292,35.15246603637934,56.12002966534256,4.623350805085094
readset,related_same,500,69,1,EXECUTE,published_after_gate_recheck,102.34384797513485,36.84126492589712,56.12002966534256,4.623350805085094
readset,related_same,500,70,1,EXECUTE,published_after_gate_recheck,165.06705759093165,93.30104431137443,56.12002966534256,4.623350805085094
readset,related_same,500,71,1,EXECUTE,published_after_gate_recheck,102.15143673121929,35.67221201956272,56.12002966534256,4.623350805085094
readset,related_same,500,72,1,EXECUTE,published_after_gate_recheck,235.11375626549125,179.53114211559296,56.12002966534256,4.623350805085094
readset,related_same,500,73,1,EXECUTE,published_after_gate_recheck,199.45173291489482,36.377133801579475,56.12002966534256,4.623350805085094
readset,related_same,500,74,1,EXECUTE,published_after_gate_recheck,176.0676852427423,75.6016499362886,56.12002966534256,4.623350805085094
readset,related_same,500,75,1,EXECUTE,published_after_gate_recheck,111.59622482955456,55.11194979771972,56.12002966534256,4.623350805085094
readset,related_same,500,76,1,EXECUTE,published_after_gate_recheck,94.80384271591902,43.52169716730714,56.12002966534256,4.623350805085094
readset,related_same,500,77,1,EXECUTE,published_after_gate_recheck,522.8515649214387,40.787889156490564,56.12002966534256,4.623350805085094
readset,related_same,500,78,1,EXECUTE,published_after_gate_recheck,111.355344299227,57.22878081724048,56.12002966534256,4.623350805085094
readset,related_same,500,79,1,EXECUTE,published_after_gate_recheck,173.2918480411172,32.62744937092066,56.12002966534256,4.623350805085094
readset,related_same,500,80,1,EXECUTE,published_after_gate_recheck,81.503891851753,35.25180323049426,56.12002966534256,4.623350805085094
readset,related_same,500,81,1,EXECUTE,published_after_gate_recheck,525.0119171105325,332.12951803579926,56.12002966534256,4.623350805085094
readset,related_same,500,82,1,EXECUTE,published_after_gate_recheck,90.5568958260119,42.18243481591344,56.12002966534256,4.623350805085094
readset,related_same,500,83,1,EXECUTE,published_after_gate_recheck,272.77016872540116,165.88613437488675,56.12002966534256,4.623350805085094
readset,related_same,500,84,1,EXECUTE,published_after_gate_recheck,291.1299420520663,37.97203581780195,56.12002966534256,4.623350805085094
readset,related_same,500,85,1,EXECUTE,published_after_gate_recheck,157.4913547374308,38.43364166095853,56.12002966534256,4.623350805085094
readset,related_same,500,86,1,EXECUTE,published_after_gate_recheck,546.7545869760215,320.9551749750972,56.12002966534256,4.623350805085094
readset,related_same,500,87,1,EXECUTE,published_after_gate_recheck,622.9941030032933,35.90469714254141,56.12002966534256,4.623350805085094
readset,related_same,500,88,1,EXECUTE,published_after_gate_recheck,206.5214361064136,32.39853028208017,56.12002966534256,4.623350805085094
readset,related_same,500,89,1,EXECUTE,published_after_gate_recheck,98.70927967131138,40.775536093860865,56.12002966534256,4.623350805085094
readset,related_same,500,90,1,EXECUTE,published_after_gate_recheck,401.11663891002536,35.953789949417114,56.12002966534256,4.623350805085094
readset,related_same,500,91,1,EXECUTE,published_after_gate_recheck,388.4319821372628,64.5771180279553,56.12002966534256,4.623350805085094
readset,related_same,500,92,1,EXECUTE,published_after_gate_recheck,161.11081605777144,40.31752608716488,56.12002966534256,4.623350805085094
readset,related_same,500,93,1,EXECUTE,published_after_gate_recheck,102.81337890774012,35.804328974336386,56.12002966534256,4.623350805085094
readset,related_same,500,94,1,EXECUTE,published_after_gate_recheck,130.16508100554347,40.844735223799944,56.12002966534256,4.623350805085094
readset,related_same,500,95,1,EXECUTE,published_after_gate_recheck,168.13204810023308,28.722953982651234,56.12002966534256,4.623350805085094
readset,related_same,500,96,1,EXECUTE,published_after_gate_recheck,209.84996110200882,40.631324984133244,56.12002966534256,4.623350805085094
readset,related_same,500,97,1,EXECUTE,published_after_gate_recheck,113.74758183956146,41.12851805984974,56.12002966534256,4.623350805085094
readset,related_same,500,98,1,EXECUTE,published_after_gate_recheck,113.92286093905568,48.15806495025754,56.12002966534256,4.623350805085094
readset,related_same,500,99,1,EXECUTE,published_after_gate_recheck,295.2945460565388,35.92310193926096,56.12002966534256,4.623350805085094
