version_scope,pattern,target_rate_hz,run,gateway_released,outcome,reason,e2e_latency_ms,validation_to_gate_ms,achieved_rate_hz,goodput_ips
global,unrelated,0,0,1,EXECUTE,published_after_gate_recheck,16.910403966903687,4.578880034387112,0.0,62.52811358549421
global,unrelated,0,1,1,EXECUTE,published_after_gate_recheck,15.207690186798573,4.073592368513346,0.0,62.52811358549421
global,unrelated,0,2,1,EXECUTE,published_after_gate_recheck,14.783814083784819,3.932436928153038,0.0,62.52811358549421
global,unrelated,0,3,1,EXECUTE,published_after_gate_recheck,14.86488664522767,4.324944224208593,0.0,62.52811358549421
global,unrelated,0,4,1,EXECUTE,published_after_gate_recheck,15.93869086354971,4.413810092955828,0.0,62.52811358549421
global,unrelated,0,5,1,EXECUTE,published_after_gate_recheck,14.0671799890697,4.063502885401249,0.0,62.52811358549421
global,unrelated,0,6,1,EXECUTE,published_after_gate_recheck,14.719033148139715,4.4503891840577126,0.0,62.52811358549421
global,unrelated,0,7,1,EXECUTE,published_after_gate_recheck,15.39487112313509,4.481788258999586,0.0,62.52811358549421
global,unrelated,0,8,1,EXECUTE,published_after_gate_recheck,15.990827698260546,4.536841996014118,0.0,62.52811358549421
global,unrelated,0,9,1,EXECUTE,published_after_gate_recheck,14.74666502326727,4.133944865316153,0.0,62.52811358549421
global,unrelated,0,10,1,EXECUTE,published_after_gate_recheck,14.709103852510452,4.493389278650284,0.0,62.52811358549421
global,unrelated,0,11,1,EXECUTE,published_after_gate_recheck,14.550586696714163,4.141620360314846,0.0,62.52811358549421
global,unrelated,0,12,1,EXECUTE,published_after_gate_recheck,15.442159958183765,4.716749303042889,0.0,62.52811358549421
global,unrelated,0,13,1,EXECUTE,published_after_gate_recheck,15.511309262365103,4.472190048545599,0.0,62.52811358549421
global,unrelated,0,14,1,EXECUTE,published_after_gate_recheck,15.277370810508728,4.470215644687414,0.0,62.52811358549421
global,unrelated,0,15,1,EXECUTE,published_after_gate_recheck,14.507025014609098,4.245094023644924,0.0,62.52811358549421
global,unrelated,0,16,1,EXECUTE,published_after_gate_recheck,14.671132899820805,4.170424304902554,0.0,62.52811358549421
global,unrelated,0,17,1,EXECUTE,published_after_gate_recheck,15.226274263113737,4.15001530200243,0.0,62.52811358549421
global,unrelated,0,18,1,EXECUTE,published_after_gate_recheck,14.934055972844362,4.403040278702974,0.0,62.52811358549421
global,unrelated,0,19,1,EXECUTE,published_after_gate_recheck,14.534556772559881,4.285268951207399,0.0,62.52811358549421
global,unrelated,0,20,1,EXECUTE,published_after_gate_recheck,13.990976847708225,3.7594931200146675,0.0,62.52811358549421
global,unrelated,0,21,1,EXECUTE,published_after_gate_recheck,14.683175832033157,4.280830733478069,0.0,62.52811358549421
global,unrelated,0,22,1,EXECUTE,published_after_gate_recheck,17.259408719837666,6.666004657745361,0.0,62.52811358549421
global,unrelated,0,23,1,EXECUTE,published_after_gate_recheck,13.274652883410454,3.592139109969139,0.0,62.52811358549421
global,unrelated,0,24,1,EXECUTE,published_after_gate_recheck,16.441273968666792,3.880169242620468,0.0,62.52811358549421
global,unrelated,0,25,1,EXECUTE,published_after_gate_recheck,16.462895087897778,5.2362727001309395,0.0,62.52811358549421
global,unrelated,0,26,1,EXECUTE,published_after_gate_recheck,15.914826188236475,4.587847273796797,0.0,62.52811358549421
global,unrelated,0,27,1,EXECUTE,published_after_gate_recheck,17.242087051272392,4.22329269349575,0.0,62.52811358549421
global,unrelated,0,28,1,EXECUTE,published_after_gate_recheck,15.734857879579067,4.375949036329985,0.0,62.52811358549421
global,unrelated,0,29,1,EXECUTE,published_after_gate_recheck,16.345033887773752,5.139993038028479,0.0,62.52811358549421
global,unrelated,0,30,1,EXECUTE,published_after_gate_recheck,17.447622027248144,4.768907092511654,0.0,62.52811358549421
global,unrelated,0,31,1,EXECUTE,published_after_gate_recheck,16.238383948802948,4.7453916631639,0.0,62.52811358549421
global,unrelated,0,32,1,EXECUTE,published_after_gate_recheck,15.698781237006187,4.427897278219461,0.0,62.52811358549421
global,unrelated,0,33,1,EXECUTE,published_after_gate_recheck,16.227783169597387,4.908839240670204,0.0,62.52811358549421
global,unrelated,0,34,1,EXECUTE,published_after_gate_recheck,16.247129999101162,4.740413744002581,0.0,62.52811358549421
global,unrelated,0,35,1,EXECUTE,published_after_gate_recheck,14.04354628175497,3.994313068687916,0.0,62.52811358549421
global,unrelated,0,36,1,EXECUTE,published_after_gate_recheck,15.819237101823092,4.49540326371789,0.0,62.52811358549421
global,unrelated,0,37,1,EXECUTE,published_after_gate_recheck,15.819767955690622,4.5020561665296555,0.0,62.52811358549421
global,unrelated,0,38,1,EXECUTE,published_after_gate_recheck,14.559463132172823,4.282252863049507,0.0,62.52811358549421
global,unrelated,0,39,1,EXECUTE,published_after_gate_recheck,14.90003289654851,4.117975011467934,0.0,62.52811358549421
global,unrelated,0,40,1,EXECUTE,published_after_gate_recheck,17.189066857099533,4.589258693158627,0.0,62.52811358549421
global,unrelated,0,41,1,EXECUTE,published_after_gate_recheck,14.812699053436518,3.954407759010792,0.0,62.52811358549421
global,unrelated,0,42,1,EXECUTE,published_after_gate_recheck,14.94701998308301,4.196152091026306,0.0,62.52811358549421
global,unrelated,0,43,1,EXECUTE,published_after_gate_recheck,14.935117680579424,3.9061177521944046,0.0,62.52811358549421
global,unrelated,0,44,1,EXECUTE,published_after_gate_recheck,14.934716746211052,3.9822710677981377,0.0,62.52811358549421
global,unrelated,0,45,1,EXECUTE,published_after_gate_recheck,15.745618846267462,4.496455192565918,0.0,62.52811358549421
global,unrelated,0,46,1,EXECUTE,published_after_gate_recheck,16.53742417693138,4.7981212846934795,0.0,62.52811358549421
global,unrelated,0,47,1,EXECUTE,published_after_gate_recheck,15.62898000702262,4.474795423448086,0.0,62.52811358549421
global,unrelated,0,48,1,EXECUTE,published_after_gate_recheck,15.10555762797594,4.041661974042654,0.0,62.52811358549421
global,unrelated,0,49,1,EXECUTE,published_after_gate_recheck,15.635913237929344,4.2300657369196415,0.0,62.52811358549421
global,unrelated,0,50,1,EXECUTE,published_after_gate_recheck,16.746567096561193,4.573130048811436,0.0,62.52811358549421
global,unrelated,0,51,1,EXECUTE,published_after_gate_recheck,18.02222989499569,5.559500306844711,0.0,62.52811358549421
global,unrelated,0,52,1,EXECUTE,published_after_gate_recheck,15.672931913286448,4.0131378918886185,0.0,62.52811358549421
global,unrelated,0,53,1,EXECUTE,published_after_gate_recheck,14.457141980528831,3.9370059967041016,0.0,62.52811358549421
global,unrelated,0,54,1,EXECUTE,published_after_gate_recheck,14.715146273374557,3.925735130906105,0.0,62.52811358549421
global,unrelated,0,55,1,EXECUTE,published_after_gate_recheck,14.591373037546873,4.426293075084686,0.0,62.52811358549421
global,unrelated,0,56,1,EXECUTE,published_after_gate_recheck,16.437648329883814,4.922014195472002,0.0,62.52811358549421
global,unrelated,0,57,1,EXECUTE,published_after_gate_recheck,15.046838205307722,4.214347340166569,0.0,62.52811358549421
global,unrelated,0,58,1,EXECUTE,published_after_gate_recheck,14.590321108698845,4.036703146994114,0.0,62.52811358549421
global,unrelated,0,59,1,EXECUTE,published_after_gate_recheck,14.50145523995161,3.8230419158935547,0.0,62.52811358549421
global,unrelated,0,60,1,EXECUTE,published_after_gate_recheck,14.479022938758135,4.1248188354074955,0.0,62.52811358549421
global,unrelated,0,61,1,EXECUTE,published_after_gate_recheck,19.87621793523431,5.6224483996629715,0.0,62.52811358549421
global,unrelated,0,62,1,EXECUTE,published_after_gate_recheck,16.79027918726206,4.0799337439239025,0.0,62.52811358549421
global,unrelated,0,63,1,EXECUTE,published_after_gate_recheck,17.06340117380023,5.043922923505306,0.0,62.52811358549421
global,unrelated,0,64,1,EXECUTE,published_after_gate_recheck,18.777756951749325,5.25160226970911,0.0,62.52811358549421
global,unrelated,0,65,1,EXECUTE,published_after_gate_recheck,15.200546011328697,4.039217252284288,0.0,62.52811358549421
global,unrelated,0,66,1,EXECUTE,published_after_gate_recheck,17.054565250873566,4.6215602196753025,0.0,62.52811358549421
global,unrelated,0,67,1,EXECUTE,published_after_gate_recheck,15.606667846441269,4.706208128482103,0.0,62.52811358549421
global,unrelated,0,68,1,EXECUTE,published_after_gate_recheck,17.155745066702366,4.718773066997528,0.0,62.52811358549421
global,unrelated,0,69,1,EXECUTE,published_after_gate_recheck,15.670467168092728,4.523916635662317,0.0,62.52811358549421
global,unrelated,0,70,1,EXECUTE,published_after_gate_recheck,14.984582085162401,3.955661319196224,0.0,62.52811358549421
global,unrelated,0,71,1,EXECUTE,published_after_gate_recheck,16.01996272802353,4.85162204131484,0.0,62.52811358549421
global,unrelated,0,72,1,EXECUTE,published_after_gate_recheck,17.001313623040915,4.716267809271812,0.0,62.52811358549421
global,unrelated,0,73,1,EXECUTE,published_after_gate_recheck,17.033895011991262,4.316727630794048,0.0,62.52811358549421
global,unrelated,0,74,1,EXECUTE,published_after_gate_recheck,15.166182070970535,4.358877893537283,0.0,62.52811358549421
global,unrelated,0,75,1,EXECUTE,published_after_gate_recheck,18.179175443947315,5.317786242812872,0.0,62.52811358549421
global,unrelated,0,76,1,EXECUTE,published_after_gate_recheck,16.547472681850195,3.8376390002667904,0.0,62.52811358549421
global,unrelated,0,77,1,EXECUTE,published_after_gate_recheck,19.1532620228827,5.263855215162039,0.0,62.52811358549421
global,unrelated,0,78,1,EXECUTE,published_after_gate_recheck,17.969421111047268,4.957009106874466,0.0,62.52811358549421
global,unrelated,0,79,1,EXECUTE,published_after_gate_recheck,17.430009320378304,4.473252221941948,0.0,62.52811358549421
global,unrelated,0,80,1,EXECUTE,published_after_gate_recheck,17.426622100174427,4.700588993728161,0.0,62.52811358549421
global,unrelated,0,81,1,EXECUTE,published_after_gate_recheck,19.41530266776681,5.4308888502418995,0.0,62.52811358549421
global,unrelated,0,82,1,EXECUTE,published_after_gate_recheck,16.623404808342457,4.347445908933878,0.0,62.52811358549421
global,unrelated,0,83,1,EXECUTE,published_after_gate_recheck,15.45451208949089,4.545107018202543,0.0,62.52811358549421
global,unrelated,0,84,1,EXECUTE,published_after_gate_recheck,15.714250039309263,4.695609211921692,0.0,62.52811358549421
global,unrelated,0,85,1,EXECUTE,published_after_gate_recheck,15.299152117222548,4.189599771052599,0.0,62.52811358549421
global,unrelated,0,86,1,EXECUTE,published_after_gate_recheck,16.28325693309307,4.393091890960932,0.0,62.52811358549421
global,unrelated,0,87,1,EXECUTE,published_after_gate_recheck,17.18347566202283,4.7100260853767395,0.0,62.52811358549421
global,unrelated,0,88,1,EXECUTE,published_after_gate_recheck,16.598127782344818,4.543453920632601,0.0,62.52811358549421
global,unrelated,0,89,1,EXECUTE,published_after_gate_recheck,16.646299045532942,5.02740079537034,0.0,62.52811358549421
global,unrelated,0,90,1,EXECUTE,published_after_gate_recheck,15.46348026022315,4.268537741154432,0.0,62.52811358549421
global,unrelated,0,91,1,EXECUTE,published_after_gate_recheck,15.933772083371878,4.4160946272313595,0.0,62.52811358549421
global,unrelated,0,92,1,EXECUTE,published_after_gate_recheck,16.819152981042862,5.6931497529149055,0.0,62.52811358549421
global,unrelated,0,93,1,EXECUTE,published_after_gate_recheck,15.556835103780031,3.893895074725151,0.0,62.52811358549421
global,unrelated,0,94,1,EXECUTE,published_after_gate_recheck,15.475962776690722,4.492348060011864,0.0,62.52811358549421
global,unrelated,0,95,1,EXECUTE,published_after_gate_recheck,17.415591049939394,4.874914884567261,0.0,62.52811358549421
global,unrelated,0,96,1,EXECUTE,published_after_gate_recheck,16.356345266103745,4.69914497807622,0.0,62.52811358549421
global,unrelated,0,97,1,EXECUTE,published_after_gate_recheck,16.53320575132966,4.763727076351643,0.0,62.52811358549421
global,unrelated,0,98,1,EXECUTE,published_after_gate_recheck,16.004453878849745,4.4449386186897755,0.0,62.52811358549421
global,unrelated,0,99,1,EXECUTE,published_after_gate_recheck,16.48140884935856,4.574111197143793,0.0,62.52811358549421
readset,unrelated,0,0,1,EXECUTE,published_after_gate_recheck,17.501001711934805,5.247725173830986,0.0,63.42002832166005
readset,unrelated,0,1,1,EXECUTE,published_after_gate_recheck,17.519065644592047,4.55223023891449,0.0,63.42002832166005
readset,unrelated,0,2,1,EXECUTE,published_after_gate_recheck,15.214242041110992,3.843149170279503,0.0,63.42002832166005
readset,unrelated,0,3,1,EXECUTE,published_after_gate_recheck,17.346412409096956,4.912566859275103,0.0,63.42002832166005
readset,unrelated,0,4,1,EXECUTE,published_after_gate_recheck,15.790752600878477,4.066838882863522,0.0,63.42002832166005
readset,unrelated,0,5,1,EXECUTE,published_after_gate_recheck,15.256550628691912,4.09156596288085,0.0,63.42002832166005
readset,unrelated,0,6,1,EXECUTE,published_after_gate_recheck,15.715020708739758,4.613043740391731,0.0,63.42002832166005
readset,unrelated,0,7,1,EXECUTE,published_after_gate_recheck,17.479392234236002,4.82167536392808,0.0,63.42002832166005
readset,unrelated,0,8,1,EXECUTE,published_after_gate_recheck,15.868959948420525,4.525721073150635,0.0,63.42002832166005
readset,unrelated,0,9,1,EXECUTE,published_after_gate_recheck,14.904380775988102,3.883996047079563,0.0,63.42002832166005
readset,unrelated,0,10,1,EXECUTE,published_after_gate_recheck,14.611871913075447,4.1775573045015335,0.0,63.42002832166005
readset,unrelated,0,11,1,EXECUTE,published_after_gate_recheck,15.678883995860815,4.273167345672846,0.0,63.42002832166005
readset,unrelated,0,12,1,EXECUTE,published_after_gate_recheck,14.634144026786089,3.988812677562237,0.0,63.42002832166005
readset,unrelated,0,13,1,EXECUTE,published_after_gate_recheck,14.897727873176336,3.914203029125929,0.0,63.42002832166005
readset,unrelated,0,14,1,EXECUTE,published_after_gate_recheck,14.660392887890339,4.106955137103796,0.0,63.42002832166005
readset,unrelated,0,15,1,EXECUTE,published_after_gate_recheck,14.948853757232428,3.986068069934845,0.0,63.42002832166005
readset,unrelated,0,16,1,EXECUTE,published_after_gate_recheck,14.025803189724684,3.8587688468396664,0.0,63.42002832166005
readset,unrelated,0,17,1,EXECUTE,published_after_gate_recheck,14.467602130025625,4.299967084079981,0.0,63.42002832166005
readset,unrelated,0,18,1,EXECUTE,published_after_gate_recheck,14.99871676787734,4.022405948489904,0.0,63.42002832166005
readset,unrelated,0,19,1,EXECUTE,published_after_gate_recheck,14.910342171788216,3.9954157546162605,0.0,63.42002832166005
readset,unrelated,0,20,1,EXECUTE,published_after_gate_recheck,15.442981384694576,4.399552941322327,0.0,63.42002832166005
readset,unrelated,0,21,1,EXECUTE,published_after_gate_recheck,15.450756065547466,4.067911766469479,0.0,63.42002832166005
readset,unrelated,0,22,1,EXECUTE,published_after_gate_recheck,15.248275827616453,4.162278957664967,0.0,63.42002832166005
readset,unrelated,0,23,1,EXECUTE,published_after_gate_recheck,16.22091978788376,4.336845595389605,0.0,63.42002832166005
readset,unrelated,0,24,1,EXECUTE,published_after_gate_recheck,17.777489963918924,4.320785868912935,0.0,63.42002832166005
readset,unrelated,0,25,1,EXECUTE,published_after_gate_recheck,23.553066421300173,5.6756772100925446,0.0,63.42002832166005
readset,unrelated,0,26,1,EXECUTE,published_after_gate_recheck,17.98291690647602,4.796869121491909,0.0,63.42002832166005
readset,unrelated,0,27,1,EXECUTE,published_after_gate_recheck,19.09011323004961,4.495283123105764,0.0,63.42002832166005
readset,unrelated,0,28,1,EXECUTE,published_after_gate_recheck,17.686770763248205,4.844768904149532,0.0,63.42002832166005
readset,unrelated,0,29,1,EXECUTE,published_after_gate_recheck,15.649929642677307,4.189218860119581,0.0,63.42002832166005
readset,unrelated,0,30,1,EXECUTE,published_after_gate_recheck,16.361745074391365,4.71600703895092,0.0,63.42002832166005
readset,unrelated,0,31,1,EXECUTE,published_after_gate_recheck,19.4470533169806,5.765627138316631,0.0,63.42002832166005
readset,unrelated,0,32,1,EXECUTE,published_after_gate_recheck,17.3377962782979,4.451941698789597,0.0,63.42002832166005
readset,unrelated,0,33,1,EXECUTE,published_after_gate_recheck,15.146374236792326,4.150235094130039,0.0,63.42002832166005
readset,unrelated,0,34,1,EXECUTE,published_after_gate_recheck,14.67952923849225,4.170313011854887,0.0,63.42002832166005
readset,unrelated,0,35,1,EXECUTE,published_after_gate_recheck,15.787518117576838,4.476748872548342,0.0,63.42002832166005
readset,unrelated,0,36,1,EXECUTE,published_after_gate_recheck,15.583555214107037,4.322709050029516,0.0,63.42002832166005
readset,unrelated,0,37,1,EXECUTE,published_after_gate_recheck,14.554524328559637,3.72660206630826,0.0,63.42002832166005
readset,unrelated,0,38,1,EXECUTE,published_after_gate_recheck,16.031935811042786,5.095839966088533,0.0,63.42002832166005
readset,unrelated,0,39,1,EXECUTE,published_after_gate_recheck,15.521279070526361,4.42793732509017,0.0,63.42002832166005
readset,unrelated,0,40,1,EXECUTE,published_after_gate_recheck,15.01539908349514,3.9149951189756393,0.0,63.42002832166005
readset,unrelated,0,41,1,EXECUTE,published_after_gate_recheck,15.878077130764723,4.149765241891146,0.0,63.42002832166005
readset,unrelated,0,42,1,EXECUTE,published_after_gate_recheck,14.792641159147024,3.738794010132551,0.0,63.42002832166005
readset,unrelated,0,43,1,EXECUTE,published_after_gate_recheck,15.09613124653697,4.126380663365126,0.0,63.42002832166005
readset,unrelated,0,44,1,EXECUTE,published_after_gate_recheck,15.66780311986804,4.550066310912371,0.0,63.42002832166005
readset,unrelated,0,45,1,EXECUTE,published_after_gate_recheck,15.512272249907255,4.35782503336668,0.0,63.42002832166005
readset,unrelated,0,46,1,EXECUTE,published_after_gate_recheck,16.200812067836523,4.40742913633585,0.0,63.42002832166005
readset,unrelated,0,47,1,EXECUTE,published_after_gate_recheck,14.729151967912912,3.8467468693852425,0.0,63.42002832166005
readset,unrelated,0,48,1,EXECUTE,published_after_gate_recheck,17.58032012730837,5.4839979857206345,0.0,63.42002832166005
readset,unrelated,0,49,1,EXECUTE,published_after_gate_recheck,15.357240103185177,3.8785957731306553,0.0,63.42002832166005
readset,unrelated,0,50,1,EXECUTE,published_after_gate_recheck,15.136787202209234,4.172448068857193,0.0,63.42002832166005
readset,unrelated,0,51,1,EXECUTE,published_after_gate_recheck,15.33291395753622,4.092067014425993,0.0,63.42002832166005
readset,unrelated,0,52,1,EXECUTE,published_after_gate_recheck,14.96821129694581,3.925624303519726,0.0,63.42002832166005
readset,unrelated,0,53,1,EXECUTE,published_after_gate_recheck,16.1421331577003,4.369206726551056,0.0,63.42002832166005
readset,unrelated,0,54,1,EXECUTE,published_after_gate_recheck,14.600900933146477,3.9932820945978165,0.0,63.42002832166005
readset,unrelated,0,55,1,EXECUTE,published_after_gate_recheck,17.130536027252674,4.51428908854723,0.0,63.42002832166005
readset,unrelated,0,56,1,EXECUTE,published_after_gate_recheck,15.23671392351389,3.764251247048378,0.0,63.42002832166005
readset,unrelated,0,57,1,EXECUTE,published_after_gate_recheck,15.417092945426702,4.231187980622053,0.0,63.42002832166005
readset,unrelated,0,58,1,EXECUTE,published_after_gate_recheck,15.203061047941446,4.3746973387897015,0.0,63.42002832166005
readset,unrelated,0,59,1,EXECUTE,published_after_gate_recheck,14.731687027961016,4.3734838254749775,0.0,63.42002832166005
readset,unrelated,0,60,1,EXECUTE,published_after_gate_recheck,16.523268073797226,4.776760935783386,0.0,63.42002832166005
readset,unrelated,0,61,1,EXECUTE,published_after_gate_recheck,17.149442341178656,4.859585780650377,0.0,63.42002832166005
readset,unrelated,0,62,1,EXECUTE,published_after_gate_recheck,16.830825246870518,3.9856168441474438,0.0,63.42002832166005
readset,unrelated,0,63,1,EXECUTE,published_after_gate_recheck,15.635160729289055,4.447183106094599,0.0,63.42002832166005
readset,unrelated,0,64,1,EXECUTE,published_after_gate_recheck,15.066524967551231,4.3295021168887615,0.0,63.42002832166005
readset,unrelated,0,65,1,EXECUTE,published_after_gate_recheck,14.604608062654734,4.290278069674969,0.0,63.42002832166005
readset,unrelated,0,66,1,EXECUTE,published_after_gate_recheck,14.51800623908639,3.960500005632639,0.0,63.42002832166005
readset,unrelated,0,67,1,EXECUTE,published_after_gate_recheck,15.119885094463825,4.00724820792675,0.0,63.42002832166005
readset,unrelated,0,68,1,EXECUTE,published_after_gate_recheck,15.14062425121665,4.370429087430239,0.0,63.42002832166005
readset,unrelated,0,69,1,EXECUTE,published_after_gate_recheck,15.14526316896081,4.150596912950277,0.0,63.42002832166005
readset,unrelated,0,70,1,EXECUTE,published_after_gate_recheck,15.50310431048274,4.508438054472208,0.0,63.42002832166005
readset,unrelated,0,71,1,EXECUTE,published_after_gate_recheck,15.205044765025377,4.52844612300396,0.0,63.42002832166005
readset,unrelated,0,72,1,EXECUTE,published_after_gate_recheck,16.966880299150944,4.868153017014265,0.0,63.42002832166005
readset,unrelated,0,73,1,EXECUTE,published_after_gate_recheck,14.692433178424835,4.094982985407114,0.0,63.42002832166005
readset,unrelated,0,74,1,EXECUTE,published_after_gate_recheck,15.373682137578726,4.4281380251049995,0.0,63.42002832166005
readset,unrelated,0,75,1,EXECUTE,published_after_gate_recheck,16.315828077495098,5.1035950891673565,0.0,63.42002832166005
readset,unrelated,0,76,1,EXECUTE,published_after_gate_recheck,14.487469103187323,4.276922903954983,0.0,63.42002832166005
readset,unrelated,0,77,1,EXECUTE,published_after_gate_recheck,14.511212706565857,4.346034023910761,0.0,63.42002832166005
readset,unrelated,0,78,1,EXECUTE,published_after_gate_recheck,14.721828047186136,4.244151990860701,0.0,63.42002832166005
readset,unrelated,0,79,1,EXECUTE,published_after_gate_recheck,14.947331044822931,4.43999981507659,0.0,63.42002832166005
readset,unrelated,0,80,1,EXECUTE,published_after_gate_recheck,15.04173781722784,4.295518156141043,0.0,63.42002832166005
readset,unrelated,0,81,1,EXECUTE,published_after_gate_recheck,15.074300114065409,4.091925919055939,0.0,63.42002832166005
readset,unrelated,0,82,1,EXECUTE,published_after_gate_recheck,15.21768793463707,4.374886862933636,0.0,63.42002832166005
readset,unrelated,0,83,1,EXECUTE,published_after_gate_recheck,14.816314913332462,4.339690785855055,0.0,63.42002832166005
readset,unrelated,0,84,1,EXECUTE,published_after_gate_recheck,16.452094074338675,4.625166766345501,0.0,63.42002832166005
readset,unrelated,0,85,1,EXECUTE,published_after_gate_recheck,15.60140773653984,4.316677805036306,0.0,63.42002832166005
readset,unrelated,0,86,1,EXECUTE,published_after_gate_recheck,15.907152090221643,4.616972059011459,0.0,63.42002832166005
readset,unrelated,0,87,1,EXECUTE,published_after_gate_recheck,15.407625120133162,4.663577768951654,0.0,63.42002832166005
readset,unrelated,0,88,1,EXECUTE,published_after_gate_recheck,15.030908398330212,4.182846751064062,0.0,63.42002832166005
readset,unrelated,0,89,1,EXECUTE,published_after_gate_recheck,14.6378711797297,4.340052139014006,0.0,63.42002832166005
readset,unrelated,0,90,1,EXECUTE,published_after_gate_recheck,15.659598167985678,4.4703069142997265,0.0,63.42002832166005
readset,unrelated,0,91,1,EXECUTE,published_after_gate_recheck,14.739491045475006,4.493510350584984,0.0,63.42002832166005
readset,unrelated,0,92,1,EXECUTE,published_after_gate_recheck,15.154600609093904,4.294577054679394,0.0,63.42002832166005
readset,unrelated,0,93,1,EXECUTE,published_after_gate_recheck,15.57077094912529,4.139196127653122,0.0,63.42002832166005
readset,unrelated,0,94,1,EXECUTE,published_after_gate_recheck,15.101330820471048,4.516824148595333,0.0,63.42002832166005
readset,unrelated,0,95,1,EXECUTE,published_after_gate_recheck,15.785813797265291,4.396968986839056,0.0,63.42002832166005
readset,unrelated,0,96,1,EXECUTE,published_after_gate_recheck,14.93194280192256,4.174571018666029,0.0,63.42002832166005
readset,unrelated,0,97,1,EXECUTE,published_after_gate_recheck,15.098655596375465,4.716057796031237,0.0,63.42002832166005
readset,unrelated,0,98,1,EXECUTE,published_after_gate_recheck,15.015979763120413,4.12356574088335,0.0,63.42002832166005
readset,unrelated,0,99,1,EXECUTE,published_after_gate_recheck,15.720411203801632,4.364356864243746,0.0,63.42002832166005
global,related_same,0,0,1,EXECUTE,published_after_gate_recheck,17.841861117631197,4.69584995880723,0.0,62.626763618853154
global,related_same,0,1,1,EXECUTE,published_after_gate_recheck,15.466434881091118,4.2008101008832455,0.0,62.626763618853154
global,related_same,0,2,1,EXECUTE,published_after_gate_recheck,15.216095373034477,4.060206934809685,0.0,62.626763618853154
global,related_same,0,3,1,EXECUTE,published_after_gate_recheck,15.419886913150549,4.805485252290964,0.0,62.626763618853154
global,related_same,0,4,1,EXECUTE,published_after_gate_recheck,15.071894973516464,4.335522651672363,0.0,62.626763618853154
global,related_same,0,5,1,EXECUTE,published_after_gate_recheck,14.571486972272396,3.8747387006878853,0.0,62.626763618853154
global,related_same,0,6,1,EXECUTE,published_after_gate_recheck,16.037266235798597,3.840514924377203,0.0,62.626763618853154
global,related_same,0,7,1,EXECUTE,published_after_gate_recheck,20.026920828968287,5.095259286463261,0.0,62.626763618853154
global,related_same,0,8,1,EXECUTE,published_after_gate_recheck,16.358128283172846,4.542753100395203,0.0,62.626763618853154
global,related_same,0,9,1,EXECUTE,published_after_gate_recheck,15.37439227104187,4.212311934679747,0.0,62.626763618853154
global,related_same,0,10,1,EXECUTE,published_after_gate_recheck,15.195075888186693,3.8074329495429993,0.0,62.626763618853154
global,related_same,0,11,1,EXECUTE,published_after_gate_recheck,15.870582778006792,4.525821190327406,0.0,62.626763618853154
global,related_same,0,12,1,EXECUTE,published_after_gate_recheck,16.047926153987646,4.436503164470196,0.0,62.626763618853154
global,related_same,0,13,1,EXECUTE,published_after_gate_recheck,16.467412933707237,3.992520272731781,0.0,62.626763618853154
global,related_same,0,14,1,EXECUTE,published_after_gate_recheck,16.158513259142637,4.42532217130065,0.0,62.626763618853154
global,related_same,0,15,1,EXECUTE,published_after_gate_recheck,15.749335754662752,4.575172904878855,0.0,62.626763618853154
global,related_same,0,16,1,EXECUTE,published_after_gate_recheck,15.012513846158981,4.1529107838869095,0.0,62.626763618853154
global,related_same,0,17,1,EXECUTE,published_after_gate_recheck,15.395472291857004,4.310736898332834,0.0,62.626763618853154
global,related_same,0,18,1,EXECUTE,published_after_gate_recheck,15.142797958105803,4.045499954372644,0.0,62.626763618853154
global,related_same,0,19,1,EXECUTE,published_after_gate_recheck,14.963341411203146,3.7930957041680813,0.0,62.626763618853154
global,related_same,0,20,1,EXECUTE,published_after_gate_recheck,16.156690195202827,4.37184190377593,0.0,62.626763618853154
global,related_same,0,21,1,EXECUTE,published_after_gate_recheck,15.770685859024525,4.475596360862255,0.0,62.626763618853154
global,related_same,0,22,1,EXECUTE,published_after_gate_recheck,15.730380080640316,4.527874290943146,0.0,62.626763618853154
global,related_same,0,23,1,EXECUTE,published_after_gate_recheck,15.553748700767756,4.616812337189913,0.0,62.626763618853154
global,related_same,0,24,1,EXECUTE,published_after_gate_recheck,14.467290136963129,3.6900932900607586,0.0,62.626763618853154
global,related_same,0,25,1,EXECUTE,published_after_gate_recheck,15.116238035261631,4.43274574354291,0.0,62.626763618853154
global,related_same,0,26,1,EXECUTE,published_after_gate_recheck,15.373751055449247,4.203084856271744,0.0,62.626763618853154
global,related_same,0,27,1,EXECUTE,published_after_gate_recheck,14.795076102018356,4.277975764125586,0.0,62.626763618853154
global,related_same,0,28,1,EXECUTE,published_after_gate_recheck,14.578259084373713,3.636021167039871,0.0,62.626763618853154
global,related_same,0,29,1,EXECUTE,published_after_gate_recheck,17.128041945397854,5.513492971658707,0.0,62.626763618853154
global,related_same,0,30,1,EXECUTE,published_after_gate_recheck,16.2071050144732,4.421805031597614,0.0,62.626763618853154
global,related_same,0,31,1,EXECUTE,published_after_gate_recheck,15.346139203757048,4.317769780755043,0.0,62.626763618853154
global,related_same,0,32,1,EXECUTE,published_after_gate_recheck,16.271055210381746,4.647798836231232,0.0,62.626763618853154
global,related_same,0,33,1,EXECUTE,published_after_gate_recheck,17.54678785800934,5.110516678541899,0.0,62.626763618853154
global,related_same,0,34,1,EXECUTE,published_after_gate_recheck,16.69928804039955,5.092864390462637,0.0,62.626763618853154
global,related_same,0,35,1,EXECUTE,published_after_gate_recheck,15.586860943585634,4.229184240102768,0.0,62.626763618853154
global,related_same,0,36,1,EXECUTE,published_after_gate_recheck,15.667262021452188,3.9984919130802155,0.0,62.626763618853154
global,related_same,0,37,1,EXECUTE,published_after_gate_recheck,15.973547007888556,4.624796099960804,0.0,62.626763618853154
global,related_same,0,38,1,EXECUTE,published_after_gate_recheck,15.531526878476143,4.6416777186095715,0.0,62.626763618853154
global,related_same,0,39,1,EXECUTE,published_after_gate_recheck,15.812072902917862,4.6767438761889935,0.0,62.626763618853154
global,related_same,0,40,1,EXECUTE,published_after_gate_recheck,15.882154926657677,4.3059480376541615,0.0,62.626763618853154
global,related_same,0,41,1,EXECUTE,published_after_gate_recheck,17.780356109142303,5.09388605132699,0.0,62.626763618853154
global,related_same,0,42,1,EXECUTE,published_after_gate_recheck,15.942578669637442,4.3347119353711605,0.0,62.626763618853154
global,related_same,0,43,1,EXECUTE,published_after_gate_recheck,15.203110873699188,4.574873019009829,0.0,62.626763618853154
global,related_same,0,44,1,EXECUTE,published_after_gate_recheck,14.915782026946545,4.3457429856061935,0.0,62.626763618853154
global,related_same,0,45,1,EXECUTE,published_after_gate_recheck,14.854687731713057,4.551528953015804,0.0,62.626763618853154
global,related_same,0,46,1,EXECUTE,published_after_gate_recheck,17.651463858783245,4.563430789858103,0.0,62.626763618853154
global,related_same,0,47,1,EXECUTE,published_after_gate_recheck,16.27081399783492,4.601291846483946,0.0,62.626763618853154
global,related_same,0,48,1,EXECUTE,published_after_gate_recheck,14.878351707011461,4.205268807709217,0.0,62.626763618853154
global,related_same,0,49,1,EXECUTE,published_after_gate_recheck,17.424338962882757,4.619607236236334,0.0,62.626763618853154
global,related_same,0,50,1,EXECUTE,published_after_gate_recheck,17.37908273935318,4.7055380418896675,0.0,62.626763618853154
global,related_same,0,51,1,EXECUTE,published_after_gate_recheck,16.792042180895805,4.377181641757488,0.0,62.626763618853154
global,related_same,0,52,1,EXECUTE,published_after_gate_recheck,14.41697683185339,3.8280109874904156,0.0,62.626763618853154
global,related_same,0,53,1,EXECUTE,published_after_gate_recheck,14.524197205901146,3.8672047667205334,0.0,62.626763618853154
global,related_same,0,54,1,EXECUTE,published_after_gate_recheck,15.852038282901049,4.282633773982525,0.0,62.626763618853154
global,related_same,0,55,1,EXECUTE,published_after_gate_recheck,14.772333204746246,4.484533332288265,0.0,62.626763618853154
global,related_same,0,56,1,EXECUTE,published_after_gate_recheck,16.32941421121359,4.45572892203927,0.0,62.626763618853154
global,related_same,0,57,1,EXECUTE,published_after_gate_recheck,15.785322990268469,4.095503594726324,0.0,62.626763618853154
global,related_same,0,58,1,EXECUTE,published_after_gate_recheck,16.479494981467724,4.333340097218752,0.0,62.626763618853154
global,related_same,0,59,1,EXECUTE,published_after_gate_recheck,15.790742821991444,4.2287129908800125,0.0,62.626763618853154
global,related_same,0,60,1,EXECUTE,published_after_gate_recheck,16.14776300266385,4.469584673643112,0.0,62.626763618853154
global,related_same,0,61,1,EXECUTE,published_after_gate_recheck,14.124246779829264,3.7412578240036964,0.0,62.626763618853154
global,related_same,0,62,1,EXECUTE,published_after_gate_recheck,15.616998076438904,4.118315875530243,0.0,62.626763618853154
global,related_same,0,63,1,EXECUTE,published_after_gate_recheck,16.097669955343008,4.72552515566349,0.0,62.626763618853154
global,related_same,0,64,1,EXECUTE,published_after_gate_recheck,15.50122071057558,4.413900896906853,0.0,62.626763618853154
global,related_same,0,65,1,EXECUTE,published_after_gate_recheck,16.198638826608658,4.453415051102638,0.0,62.626763618853154
global,related_same,0,66,1,EXECUTE,published_after_gate_recheck,15.378050040453672,4.338198807090521,0.0,62.626763618853154
global,related_same,0,67,1,EXECUTE,published_after_gate_recheck,15.306574758142233,3.6086603067815304,0.0,62.626763618853154
global,related_same,0,68,1,EXECUTE,published_after_gate_recheck,15.256531070917845,4.268147051334381,0.0,62.626763618853154
global,related_same,0,69,1,EXECUTE,published_after_gate_recheck,15.028002671897411,4.0513500571250916,0.0,62.626763618853154
global,related_same,0,70,1,EXECUTE,published_after_gate_recheck,15.74274292215705,4.545728210359812,0.0,62.626763618853154
global,related_same,0,71,1,EXECUTE,published_after_gate_recheck,15.6002058647573,4.414311610162258,0.0,62.626763618853154
global,related_same,0,72,1,EXECUTE,published_after_gate_recheck,16.87344489619136,5.067416001111269,0.0,62.626763618853154
global,related_same,0,73,1,EXECUTE,published_after_gate_recheck,15.87667502462864,4.654331132769585,0.0,62.626763618853154
global,related_same,0,74,1,EXECUTE,published_after_gate_recheck,14.990161173045635,3.9222980849444866,0.0,62.626763618853154
global,related_same,0,75,1,EXECUTE,published_after_gate_recheck,17.086204141378403,5.0130849704146385,0.0,62.626763618853154
global,related_same,0,76,1,EXECUTE,published_after_gate_recheck,15.846278052777052,4.651205148547888,0.0,62.626763618853154
global,related_same,0,77,1,EXECUTE,published_after_gate_recheck,15.827293042093515,4.12754388526082,0.0,62.626763618853154
global,related_same,0,78,1,EXECUTE,published_after_gate_recheck,15.183464158326387,4.388191737234592,0.0,62.626763618853154
global,related_same,0,79,1,EXECUTE,published_after_gate_recheck,15.836718957871199,4.193087108433247,0.0,62.626763618853154
global,related_same,0,80,1,EXECUTE,published_after_gate_recheck,16.482681967318058,4.889222793281078,0.0,62.626763618853154
global,related_same,0,81,1,EXECUTE,published_after_gate_recheck,14.39844211563468,3.978163003921509,0.0,62.626763618853154
global,related_same,0,82,1,EXECUTE,published_after_gate_recheck,14.957270119339228,4.528947174549103,0.0,62.626763618853154
global,related_same,0,83,1,EXECUTE,published_after_gate_recheck,15.555772930383682,4.140809178352356,0.0,62.626763618853154
global,related_same,0,84,1,EXECUTE,published_after_gate_recheck,14.32620594277978,4.077759105712175,0.0,62.626763618853154
global,related_same,0,85,1,EXECUTE,published_after_gate_recheck,16.09414303675294,4.573219921439886,0.0,62.626763618853154
global,related_same,0,86,1,EXECUTE,published_after_gate_recheck,14.970635063946247,4.249081946909428,0.0,62.626763618853154
global,related_same,0,87,1,EXECUTE,published_after_gate_recheck,15.014757867902517,4.293735139071941,0.0,62.626763618853154
global,related_same,0,88,1,EXECUTE,published_after_gate_recheck,16.52505062520504,4.305216018110514,0.0,62.626763618853154
global,related_same,0,89,1,EXECUTE,published_after_gate_recheck,16.821557190269232,4.343528766185045,0.0,62.626763618853154
global,related_same,0,90,1,EXECUTE,published_after_gate_recheck,16.084345057606697,4.635775927454233,0.0,62.626763618853154
global,related_same,0,91,1,EXECUTE,published_after_gate_recheck,18.785682041198015,5.8580199256539345,0.0,62.626763618853154
global,related_same,0,92,1,EXECUTE,published_after_gate_recheck,17.33554108068347,4.968860652297735,0.0,62.626763618853154
global,related_same,0,93,1,EXECUTE,published_after_gate_recheck,15.791375190019608,4.447804763913155,0.0,62.626763618853154
global,related_same,0,94,1,EXECUTE,published_after_gate_recheck,16.53531100600958,4.687383770942688,0.0,62.626763618853154
global,related_same,0,95,1,EXECUTE,published_after_gate_recheck,18.975568003952503,5.099837202578783,0.0,62.626763618853154
global,related_same,0,96,1,EXECUTE,published_after_gate_recheck,16.58542500808835,4.092478193342686,0.0,62.626763618853154
global,related_same,0,97,1,EXECUTE,published_after_gate_recheck,16.88938494771719,4.345903173089027,0.0,62.626763618853154
global,related_same,0,98,1,EXECUTE,published_after_gate_recheck,15.984115656465292,4.139927215874195,0.0,62.626763618853154
global,related_same,0,99,1,EXECUTE,published_after_gate_recheck,15.724610071629286,4.089912865310907,0.0,62.626763618853154
readset,related_same,0,0,1,EXECUTE,published_after_gate_recheck,16.14965731278062,4.603285808116198,0.0,62.34608796203367
readset,related_same,0,1,1,EXECUTE,published_after_gate_recheck,16.503560822457075,4.2865220457315445,0.0,62.34608796203367
readset,related_same,0,2,1,EXECUTE,published_after_gate_recheck,17.25606294348836,4.075505305081606,0.0,62.34608796203367
readset,related_same,0,3,1,EXECUTE,published_after_gate_recheck,15.8329326659441,4.103908780962229,0.0,62.34608796203367
readset,related_same,0,4,1,EXECUTE,published_after_gate_recheck,17.21247984096408,4.544073715806007,0.0,62.34608796203367
readset,related_same,0,5,1,EXECUTE,published_after_gate_recheck,17.373031936585903,4.644864238798618,0.0,62.34608796203367
readset,related_same,0,6,1,EXECUTE,published_after_gate_recheck,16.129098366945982,4.332727752625942,0.0,62.34608796203367
readset,related_same,0,7,1,EXECUTE,published_after_gate_recheck,16.262638848274946,4.458855371922255,0.0,62.34608796203367
readset,related_same,0,8,1,EXECUTE,published_after_gate_recheck,16.965957824140787,4.768054932355881,0.0,62.34608796203367
readset,related_same,0,9,1,EXECUTE,published_after_gate_recheck,14.985432848334312,4.127111751586199,0.0,62.34608796203367
readset,related_same,0,10,1,EXECUTE,published_after_gate_recheck,16.01671800017357,4.7060176730155945,0.0,62.34608796203367
readset,related_same,0,11,1,EXECUTE,published_after_gate_recheck,17.595198936760426,5.4821050725877285,0.0,62.34608796203367
readset,related_same,0,12,1,EXECUTE,published_after_gate_recheck,17.644700594246387,5.661261267960072,0.0,62.34608796203367
readset,related_same,0,13,1,EXECUTE,published_after_gate_recheck,16.45957911387086,4.248750861734152,0.0,62.34608796203367
readset,related_same,0,14,1,EXECUTE,published_after_gate_recheck,16.48968504741788,4.646526649594307,0.0,62.34608796203367
readset,related_same,0,15,1,EXECUTE,published_after_gate_recheck,17.616488970816135,4.363445565104485,0.0,62.34608796203367
readset,related_same,0,16,1,EXECUTE,published_after_gate_recheck,17.224272713065147,4.245724994689226,0.0,62.34608796203367
readset,related_same,0,17,1,EXECUTE,published_after_gate_recheck,16.71061897650361,4.685550928115845,0.0,62.34608796203367
readset,related_same,0,18,1,EXECUTE,published_after_gate_recheck,17.406394239515066,4.92686266079545,0.0,62.34608796203367
readset,related_same,0,19,1,EXECUTE,published_after_gate_recheck,17.580349929630756,4.918357357382774,0.0,62.34608796203367
readset,related_same,0,20,1,EXECUTE,published_after_gate_recheck,16.745884902775288,4.753467161208391,0.0,62.34608796203367
readset,related_same,0,21,1,EXECUTE,published_after_gate_recheck,16.65994431823492,5.22339902818203,0.0,62.34608796203367
readset,related_same,0,22,1,EXECUTE,published_after_gate_recheck,17.220855690538883,4.801477771252394,0.0,62.34608796203367
readset,related_same,0,23,1,EXECUTE,published_after_gate_recheck,18.207316752523184,5.132689140737057,0.0,62.34608796203367
readset,related_same,0,24,1,EXECUTE,published_after_gate_recheck,18.058357760310173,4.4702463783323765,0.0,62.34608796203367
readset,related_same,0,25,1,EXECUTE,published_after_gate_recheck,15.55629400536418,4.70544770359993,0.0,62.34608796203367
readset,related_same,0,26,1,EXECUTE,published_after_gate_recheck,15.201017260551453,4.584410227835178,0.0,62.34608796203367
readset,related_same,0,27,1,EXECUTE,published_after_gate_recheck,17.40107499063015,4.910733085125685,0.0,62.34608796203367
readset,related_same,0,28,1,EXECUTE,published_after_gate_recheck,17.16804690659046,5.605737213045359,0.0,62.34608796203367
readset,related_same,0,29,1,EXECUTE,published_after_gate_recheck,16.878583934158087,4.7625042498111725,0.0,62.34608796203367
readset,related_same,0,30,1,EXECUTE,published_after_gate_recheck,16.67056418955326,4.354950040578842,0.0,62.34608796203367
readset,related_same,0,31,1,EXECUTE,published_after_gate_recheck,15.621024649590254,4.428938031196594,0.0,62.34608796203367
readset,related_same,0,32,1,EXECUTE,published_after_gate_recheck,15.713728964328766,4.721727687865496,0.0,62.34608796203367
readset,related_same,0,33,1,EXECUTE,published_after_gate_recheck,15.571622177958488,4.2660231702029705,0.0,62.34608796203367
readset,related_same,0,34,1,EXECUTE,published_after_gate_recheck,15.542939305305481,4.354578908532858,0.0,62.34608796203367
readset,related_same,0,35,1,EXECUTE,published_after_gate_recheck,14.675301034003496,4.295728635042906,0.0,62.34608796203367
readset,related_same,0,36,1,EXECUTE,published_after_gate_recheck,14.912446029484272,3.8085253909230232,0.0,62.34608796203367
readset,related_same,0,37,1,EXECUTE,published_after_gate_recheck,15.532820019870996,4.4818781316280365,0.0,62.34608796203367
readset,related_same,0,38,1,EXECUTE,published_after_gate_recheck,15.461375936865807,4.577386658638716,0.0,62.34608796203367
readset,related_same,0,39,1,EXECUTE,published_after_gate_recheck,15.047729946672916,4.143363330513239,0.0,62.34608796203367
readset,related_same,0,40,1,EXECUTE,published_after_gate_recheck,16.55896520242095,4.608044866472483,0.0,62.34608796203367
readset,related_same,0,41,1,EXECUTE,published_after_gate_recheck,16.113939229398966,4.568289965391159,0.0,62.34608796203367
readset,related_same,0,42,1,EXECUTE,published_after_gate_recheck,15.977473929524422,4.057031124830246,0.0,62.34608796203367
readset,related_same,0,43,1,EXECUTE,published_after_gate_recheck,15.601438004523516,4.691130947321653,0.0,62.34608796203367
readset,related_same,0,44,1,EXECUTE,published_after_gate_recheck,16.25682832673192,4.630365874618292,0.0,62.34608796203367
readset,related_same,0,45,1,EXECUTE,published_after_gate_recheck,15.358001925051212,4.164773039519787,0.0,62.34608796203367
readset,related_same,0,46,1,EXECUTE,published_after_gate_recheck,15.200306195765734,4.385627340525389,0.0,62.34608796203367
readset,related_same,0,47,1,EXECUTE,published_after_gate_recheck,15.242544934153557,4.087117034941912,0.0,62.34608796203367
readset,related_same,0,48,1,EXECUTE,published_after_gate_recheck,16.93907706066966,4.710325971245766,0.0,62.34608796203367
readset,related_same,0,49,1,EXECUTE,published_after_gate_recheck,15.57476818561554,4.3000271543860435,0.0,62.34608796203367
readset,related_same,0,50,1,EXECUTE,published_after_gate_recheck,15.874991193413734,4.905172158032656,0.0,62.34608796203367
readset,related_same,0,51,1,EXECUTE,published_after_gate_recheck,17.251715064048767,4.332628101110458,0.0,62.34608796203367
readset,related_same,0,52,1,EXECUTE,published_after_gate_recheck,20.6030011177063,6.184341851621866,0.0,62.34608796203367
readset,related_same,0,53,1,EXECUTE,published_after_gate_recheck,17.077898140996695,4.937984049320221,0.0,62.34608796203367
readset,related_same,0,54,1,EXECUTE,published_after_gate_recheck,17.063020262867212,4.8521533608436584,0.0,62.34608796203367
readset,related_same,0,55,1,EXECUTE,published_after_gate_recheck,17.787309363484383,5.156733561307192,0.0,62.34608796203367
readset,related_same,0,56,1,EXECUTE,published_after_gate_recheck,15.676749870181084,4.177336115390062,0.0,62.34608796203367
readset,related_same,0,57,1,EXECUTE,published_after_gate_recheck,15.105408150702715,4.355390090495348,0.0,62.34608796203367
readset,related_same,0,58,1,EXECUTE,published_after_gate_recheck,15.175628941506147,4.363746847957373,0.0,62.34608796203367
readset,related_same,0,59,1,EXECUTE,published_after_gate_recheck,15.363181941211224,4.633774049580097,0.0,62.34608796203367
readset,related_same,0,60,1,EXECUTE,published_after_gate_recheck,15.256380662322044,4.27982909604907,0.0,62.34608796203367
readset,related_same,0,61,1,EXECUTE,published_after_gate_recheck,15.082906000316143,4.178598988801241,0.0,62.34608796203367
readset,related_same,0,62,1,EXECUTE,published_after_gate_recheck,16.216001007705927,4.433527123183012,0.0,62.34608796203367
readset,related_same,0,63,1,EXECUTE,published_after_gate_recheck,15.534903854131699,4.005253780633211,0.0,62.34608796203367
readset,related_same,0,64,1,EXECUTE,published_after_gate_recheck,14.555295929312706,4.072730895131826,0.0,62.34608796203367
readset,related_same,0,65,1,EXECUTE,published_after_gate_recheck,14.70678998157382,4.37516812235117,0.0,62.34608796203367
readset,related_same,0,66,1,EXECUTE,published_after_gate_recheck,16.58490300178528,4.973611328750849,0.0,62.34608796203367
readset,related_same,0,67,1,EXECUTE,published_after_gate_recheck,15.514996368438005,4.266664851456881,0.0,62.34608796203367
readset,related_same,0,68,1,EXECUTE,published_after_gate_recheck,20.04049625247717,6.125111132860184,0.0,62.34608796203367
readset,related_same,0,69,1,EXECUTE,published_after_gate_recheck,17.960614059120417,4.980172961950302,0.0,62.34608796203367
readset,related_same,0,70,1,EXECUTE,published_after_gate_recheck,15.583895146846771,4.22764103859663,0.0,62.34608796203367
readset,related_same,0,71,1,EXECUTE,published_after_gate_recheck,14.892498031258583,4.022366367280483,0.0,62.34608796203367
readset,related_same,0,72,1,EXECUTE,published_after_gate_recheck,15.27202082797885,4.2452639900147915,0.0,62.34608796203367
readset,related_same,0,73,1,EXECUTE,published_after_gate_recheck,15.529734082520008,4.602203145623207,0.0,62.34608796203367
readset,related_same,0,74,1,EXECUTE,published_after_gate_recheck,15.358052216470242,3.984134178608656,0.0,62.34608796203367
readset,related_same,0,75,1,EXECUTE,published_after_gate_recheck,15.366807579994202,4.48012538254261,0.0,62.34608796203367
readset,related_same,0,76,1,EXECUTE,published_after_gate_recheck,15.345368068665266,4.056710284203291,0.0,62.34608796203367
readset,related_same,0,77,1,EXECUTE,published_after_gate_recheck,15.122619923204184,4.0929289534688,0.0,62.34608796203367
readset,related_same,0,78,1,EXECUTE,published_after_gate_recheck,15.205986332148314,4.0773688815534115,0.0,62.34608796203367
readset,related_same,0,79,1,EXECUTE,published_after_gate_recheck,15.978947281837463,4.288646392524242,0.0,62.34608796203367
readset,related_same,0,80,1,EXECUTE,published_after_gate_recheck,14.244553167372942,3.844231367111206,0.0,62.34608796203367
readset,related_same,0,81,1,EXECUTE,published_after_gate_recheck,14.878321904689074,4.3899063020944595,0.0,62.34608796203367
readset,related_same,0,82,1,EXECUTE,published_after_gate_recheck,14.976105187088251,4.067429807037115,0.0,62.34608796203367
readset,related_same,0,83,1,EXECUTE,published_after_gate_recheck,15.198231674730778,4.208995960652828,0.0,62.34608796203367
readset,related_same,0,84,1,EXECUTE,published_after_gate_recheck,14.618003740906715,3.9837341755628586,0.0,62.34608796203367
readset,related_same,0,85,1,EXECUTE,published_after_gate_recheck,14.558201190084219,4.252267070114613,0.0,62.34608796203367
readset,related_same,0,86,1,EXECUTE,published_after_gate_recheck,14.169692061841488,4.128816071897745,0.0,62.34608796203367
readset,related_same,0,87,1,EXECUTE,published_after_gate_recheck,13.961371965706348,4.11366717889905,0.0,62.34608796203367
readset,related_same,0,88,1,EXECUTE,published_after_gate_recheck,16.133958008140326,4.553902894258499,0.0,62.34608796203367
readset,related_same,0,89,1,EXECUTE,published_after_gate_recheck,15.765536110848188,4.748337902128696,0.0,62.34608796203367
readset,related_same,0,90,1,EXECUTE,published_after_gate_recheck,14.202172867953777,4.06963424757123,0.0,62.34608796203367
readset,related_same,0,91,1,EXECUTE,published_after_gate_recheck,14.670532196760178,4.089933354407549,0.0,62.34608796203367
readset,related_same,0,92,1,EXECUTE,published_after_gate_recheck,14.988457784056664,3.9180098101496696,0.0,62.34608796203367
readset,related_same,0,93,1,EXECUTE,published_after_gate_recheck,14.30721115320921,4.280310124158859,0.0,62.34608796203367
readset,related_same,0,94,1,EXECUTE,published_after_gate_recheck,14.655434060841799,4.255424253642559,0.0,62.34608796203367
readset,related_same,0,95,1,EXECUTE,published_after_gate_recheck,15.325591433793306,4.368816036731005,0.0,62.34608796203367
readset,related_same,0,96,1,EXECUTE,published_after_gate_recheck,15.523711685091257,4.413450136780739,0.0,62.34608796203367
readset,related_same,0,97,1,EXECUTE,published_after_gate_recheck,15.07507124915719,4.436814226210117,0.0,62.34608796203367
readset,related_same,0,98,1,EXECUTE,published_after_gate_recheck,15.020678751170635,4.116051830351353,0.0,62.34608796203367
readset,related_same,0,99,1,EXECUTE,published_after_gate_recheck,14.284928794950247,4.124677740037441,0.0,62.34608796203367
global,unrelated,20,0,1,EXECUTE,published_after_gate_recheck,22.549462970346212,4.240274894982576,20.051078128684313,54.93058884303549
global,unrelated,20,1,1,EXECUTE,published_after_gate_recheck,20.955553278326988,5.730400327593088,20.051078128684313,54.93058884303549
global,unrelated,20,2,0,REVOKE,context_version_changed_at_publish,19.32398183271289,7.729601114988327,20.051078128684313,54.93058884303549
global,unrelated,20,3,1,EXECUTE,published_after_gate_recheck,15.237565618008375,4.169382154941559,20.051078128684313,54.93058884303549
global,unrelated,20,4,1,EXECUTE,published_after_gate_recheck,14.634864870458841,4.340222105383873,20.051078128684313,54.93058884303549
global,unrelated,20,5,0,REVOKE,context_version_changed_at_publish,20.627587102353573,9.04810382053256,20.051078128684313,54.93058884303549
global,unrelated,20,6,1,EXECUTE,published_after_gate_recheck,16.16387302055955,4.374186042696238,20.051078128684313,54.93058884303549
global,unrelated,20,7,1,EXECUTE,published_after_gate_recheck,17.550684977322817,4.497718065977097,20.051078128684313,54.93058884303549
global,unrelated,20,8,1,EXECUTE,published_after_gate_recheck,24.641658179461956,4.838177002966404,20.051078128684313,54.93058884303549
global,unrelated,20,9,1,EXECUTE,published_after_gate_recheck,17.09676394239068,4.083099775016308,20.051078128684313,54.93058884303549
global,unrelated,20,10,1,EXECUTE,published_after_gate_recheck,16.294549219310284,4.505292046815157,20.051078128684313,54.93058884303549
global,unrelated,20,11,1,EXECUTE,published_after_gate_recheck,15.133339911699295,3.8232519291341305,20.051078128684313,54.93058884303549
global,unrelated,20,12,1,EXECUTE,published_after_gate_recheck,18.469349015504122,6.009564269334078,20.051078128684313,54.93058884303549
global,unrelated,20,13,1,EXECUTE,published_after_gate_recheck,16.339163295924664,4.436712712049484,20.051078128684313,54.93058884303549
global,unrelated,20,14,1,EXECUTE,published_after_gate_recheck,14.836031943559647,4.101164173334837,20.051078128684313,54.93058884303549
global,unrelated,20,15,1,EXECUTE,published_after_gate_recheck,15.985407866537571,4.298644606024027,20.051078128684313,54.93058884303549
global,unrelated,20,16,1,EXECUTE,published_after_gate_recheck,15.152305830270052,3.8880337961018085,20.051078128684313,54.93058884303549
global,unrelated,20,17,1,EXECUTE,published_after_gate_recheck,18.318746238946915,5.782538093626499,20.051078128684313,54.93058884303549
global,unrelated,20,18,1,EXECUTE,published_after_gate_recheck,19.90358019247651,4.97773801907897,20.051078128684313,54.93058884303549
global,unrelated,20,19,1,EXECUTE,published_after_gate_recheck,16.417219303548336,4.940208047628403,20.051078128684313,54.93058884303549
global,unrelated,20,20,1,EXECUTE,published_after_gate_recheck,15.226585790514946,4.427705891430378,20.051078128684313,54.93058884303549
global,unrelated,20,21,1,EXECUTE,published_after_gate_recheck,15.47600282356143,4.47724899277091,20.051078128684313,54.93058884303549
global,unrelated,20,22,1,EXECUTE,published_after_gate_recheck,15.905087813735008,4.219254944473505,20.051078128684313,54.93058884303549
global,unrelated,20,23,1,EXECUTE,published_after_gate_recheck,16.0745563916862,4.53160097822547,20.051078128684313,54.93058884303549
global,unrelated,20,24,1,EXECUTE,published_after_gate_recheck,15.178985893726349,4.464144818484783,20.051078128684313,54.93058884303549
global,unrelated,20,25,1,EXECUTE,published_after_gate_recheck,18.977962899953127,4.767423961311579,20.051078128684313,54.93058884303549
global,unrelated,20,26,1,EXECUTE,published_after_gate_recheck,16.070066951215267,4.334591329097748,20.051078128684313,54.93058884303549
global,unrelated,20,27,1,EXECUTE,published_after_gate_recheck,15.009697992354631,4.280350171029568,20.051078128684313,54.93058884303549
global,unrelated,20,28,1,EXECUTE,published_after_gate_recheck,16.854568850249052,4.704446066170931,20.051078128684313,54.93058884303549
global,unrelated,20,29,1,EXECUTE,published_after_gate_recheck,22.037532180547714,6.3128420151770115,20.051078128684313,54.93058884303549
global,unrelated,20,30,1,EXECUTE,published_after_gate_recheck,15.94728697091341,4.3473560363054276,20.051078128684313,54.93058884303549
global,unrelated,20,31,1,EXECUTE,published_after_gate_recheck,16.10219804570079,4.294605925679207,20.051078128684313,54.93058884303549
global,unrelated,20,32,1,EXECUTE,published_after_gate_recheck,15.59786219149828,4.376580938696861,20.051078128684313,54.93058884303549
global,unrelated,20,33,1,EXECUTE,published_after_gate_recheck,15.696135815232992,4.312570672482252,20.051078128684313,54.93058884303549
global,unrelated,20,34,1,EXECUTE,published_after_gate_recheck,17.137129325419664,4.922815132886171,20.051078128684313,54.93058884303549
global,unrelated,20,35,1,EXECUTE,published_after_gate_recheck,17.521300353109837,4.893400240689516,20.051078128684313,54.93058884303549
global,unrelated,20,36,1,EXECUTE,published_after_gate_recheck,15.6832211650908,4.109329078346491,20.051078128684313,54.93058884303549
global,unrelated,20,37,1,EXECUTE,published_after_gate_recheck,17.94982375577092,4.975824151188135,20.051078128684313,54.93058884303549
global,unrelated,20,38,1,EXECUTE,published_after_gate_recheck,18.24948564171791,4.720967262983322,20.051078128684313,54.93058884303549
global,unrelated,20,39,1,EXECUTE,published_after_gate_recheck,18.1575040332973,5.153729114681482,20.051078128684313,54.93058884303549
global,unrelated,20,40,0,REVOKE,context_version_changed_at_publish,22.31301972642541,8.882342837750912,20.051078128684313,54.93058884303549
global,unrelated,20,41,1,EXECUTE,published_after_gate_recheck,16.593219246715307,4.478941671550274,20.051078128684313,54.93058884303549
global,unrelated,20,42,1,EXECUTE,published_after_gate_recheck,15.743314754217863,4.164142068475485,20.051078128684313,54.93058884303549
global,unrelated,20,43,1,EXECUTE,published_after_gate_recheck,20.996900741010904,4.216901026666164,20.051078128684313,54.93058884303549
global,unrelated,20,44,1,EXECUTE,published_after_gate_recheck,15.607109293341637,4.3992833234369755,20.051078128684313,54.93058884303549
global,unrelated,20,45,1,EXECUTE,published_after_gate_recheck,15.364074148237705,4.365349654108286,20.051078128684313,54.93058884303549
global,unrelated,20,46,1,EXECUTE,published_after_gate_recheck,18.268192186951637,5.253366194665432,20.051078128684313,54.93058884303549
global,unrelated,20,47,1,EXECUTE,published_after_gate_recheck,16.732800751924515,4.21992689371109,20.051078128684313,54.93058884303549
global,unrelated,20,48,1,EXECUTE,published_after_gate_recheck,18.501849845051765,4.8494781367480755,20.051078128684313,54.93058884303549
global,unrelated,20,49,1,EXECUTE,published_after_gate_recheck,17.001464031636715,4.7477371990680695,20.051078128684313,54.93058884303549
global,unrelated,20,50,1,EXECUTE,published_after_gate_recheck,14.831704087555408,4.0611689910292625,20.051078128684313,54.93058884303549
global,unrelated,20,51,1,EXECUTE,published_after_gate_recheck,15.46038268133998,4.164413083344698,20.051078128684313,54.93058884303549
global,unrelated,20,52,1,EXECUTE,published_after_gate_recheck,16.328271944075823,5.122008733451366,20.051078128684313,54.93058884303549
global,unrelated,20,53,1,EXECUTE,published_after_gate_recheck,16.357858199626207,5.265288054943085,20.051078128684313,54.93058884303549
global,unrelated,20,54,1,EXECUTE,published_after_gate_recheck,14.619295950978994,3.8316678255796432,20.051078128684313,54.93058884303549
global,unrelated,20,55,1,EXECUTE,published_after_gate_recheck,20.49978682771325,5.376125685870647,20.051078128684313,54.93058884303549
global,unrelated,20,56,1,EXECUTE,published_after_gate_recheck,17.973307985812426,4.325744695961475,20.051078128684313,54.93058884303549
global,unrelated,20,57,1,EXECUTE,published_after_gate_recheck,16.854969784617424,4.109499976038933,20.051078128684313,54.93058884303549
global,unrelated,20,58,1,EXECUTE,published_after_gate_recheck,15.832871664315462,4.396507982164621,20.051078128684313,54.93058884303549
global,unrelated,20,59,1,EXECUTE,published_after_gate_recheck,16.9040123000741,4.654201213270426,20.051078128684313,54.93058884303549
global,unrelated,20,60,1,EXECUTE,published_after_gate_recheck,17.518585082143545,4.8658582381904125,20.051078128684313,54.93058884303549
global,unrelated,20,61,1,EXECUTE,published_after_gate_recheck,16.460370272397995,4.4274660758674145,20.051078128684313,54.93058884303549
global,unrelated,20,62,1,EXECUTE,published_after_gate_recheck,15.757380984723568,4.2758216150105,20.051078128684313,54.93058884303549
global,unrelated,20,63,1,EXECUTE,published_after_gate_recheck,16.132465098053217,4.380298312753439,20.051078128684313,54.93058884303549
global,unrelated,20,64,1,EXECUTE,published_after_gate_recheck,16.427577938884497,4.767202772200108,20.051078128684313,54.93058884303549
global,unrelated,20,65,1,EXECUTE,published_after_gate_recheck,15.95068397000432,4.441222175955772,20.051078128684313,54.93058884303549
global,unrelated,20,66,1,EXECUTE,published_after_gate_recheck,16.03462127968669,4.573881160467863,20.051078128684313,54.93058884303549
global,unrelated,20,67,1,EXECUTE,published_after_gate_recheck,16.738490667194128,4.703484009951353,20.051078128684313,54.93058884303549
global,unrelated,20,68,1,EXECUTE,published_after_gate_recheck,15.832331962883472,4.463512916117907,20.051078128684313,54.93058884303549
global,unrelated,20,69,1,EXECUTE,published_after_gate_recheck,15.345458406955004,4.466438665986061,20.051078128684313,54.93058884303549
global,unrelated,20,70,1,EXECUTE,published_after_gate_recheck,17.58711412549019,4.60610119625926,20.051078128684313,54.93058884303549
global,unrelated,20,71,1,EXECUTE,published_after_gate_recheck,16.071910969913006,4.1266619227826595,20.051078128684313,54.93058884303549
global,unrelated,20,72,1,EXECUTE,published_after_gate_recheck,16.983591951429844,4.49578370898962,20.051078128684313,54.93058884303549
global,unrelated,20,73,1,EXECUTE,published_after_gate_recheck,15.80851711332798,4.347125068306923,20.051078128684313,54.93058884303549
global,unrelated,20,74,1,EXECUTE,published_after_gate_recheck,16.39134017750621,4.17812867090106,20.051078128684313,54.93058884303549
global,unrelated,20,75,1,EXECUTE,published_after_gate_recheck,15.648936852812767,3.970789723098278,20.051078128684313,54.93058884303549
global,unrelated,20,76,1,EXECUTE,published_after_gate_recheck,18.35055509582162,4.592446144670248,20.051078128684313,54.93058884303549
global,unrelated,20,77,1,EXECUTE,published_after_gate_recheck,16.035411972552538,4.5196283608675,20.051078128684313,54.93058884303549
global,unrelated,20,78,1,EXECUTE,published_after_gate_recheck,16.09012484550476,4.382973071187735,20.051078128684313,54.93058884303549
global,unrelated,20,79,1,EXECUTE,published_after_gate_recheck,17.26802485063672,4.348298069089651,20.051078128684313,54.93058884303549
global,unrelated,20,80,1,EXECUTE,published_after_gate_recheck,15.336671844124794,4.582967609167099,20.051078128684313,54.93058884303549
global,unrelated,20,81,1,EXECUTE,published_after_gate_recheck,14.901896007359028,3.62990889698267,20.051078128684313,54.93058884303549
global,unrelated,20,82,1,EXECUTE,published_after_gate_recheck,18.421368673443794,4.434749949723482,20.051078128684313,54.93058884303549
global,unrelated,20,83,1,EXECUTE,published_after_gate_recheck,16.204049345105886,4.75110299885273,20.051078128684313,54.93058884303549
global,unrelated,20,84,1,EXECUTE,published_after_gate_recheck,14.683315996080637,3.9954660460352898,20.051078128684313,54.93058884303549
global,unrelated,20,85,1,EXECUTE,published_after_gate_recheck,19.097167067229748,4.4743940234184265,20.051078128684313,54.93058884303549
global,unrelated,20,86,1,EXECUTE,published_after_gate_recheck,14.79090703651309,4.266504198312759,20.051078128684313,54.93058884303549
global,unrelated,20,87,1,EXECUTE,published_after_gate_recheck,14.409753028303385,4.025212023407221,20.051078128684313,54.93058884303549
global,unrelated,20,88,0,REVOKE,context_version_changed_at_publish,18.0710107088089,7.006493862718344,20.051078128684313,54.93058884303549
global,unrelated,20,89,1,EXECUTE,published_after_gate_recheck,15.421531163156033,4.328970797359943,20.051078128684313,54.93058884303549
global,unrelated,20,90,1,EXECUTE,published_after_gate_recheck,14.081116765737534,3.873937763273716,20.051078128684313,54.93058884303549
global,unrelated,20,91,0,REVOKE,context_version_changed_at_publish,19.95160896331072,8.73479712754488,20.051078128684313,54.93058884303549
global,unrelated,20,92,1,EXECUTE,published_after_gate_recheck,15.649768989533186,4.070807248353958,20.051078128684313,54.93058884303549
global,unrelated,20,93,1,EXECUTE,published_after_gate_recheck,15.435247216373682,4.121562000364065,20.051078128684313,54.93058884303549
global,unrelated,20,94,0,REVOKE,context_version_changed_at_publish,17.90091209113598,6.534599233418703,20.051078128684313,54.93058884303549
global,unrelated,20,95,1,EXECUTE,published_after_gate_recheck,16.310008242726326,4.758806899189949,20.051078128684313,54.93058884303549
global,unrelated,20,96,1,EXECUTE,published_after_gate_recheck,16.394596081227064,4.507254809141159,20.051078128684313,54.93058884303549
global,unrelated,20,97,0,REVOKE,context_version_changed_at_publish,17.61311199516058,6.672728341072798,20.051078128684313,54.93058884303549
global,unrelated,20,98,1,EXECUTE,published_after_gate_recheck,13.670315034687519,3.4560738131403923,20.051078128684313,54.93058884303549
global,unrelated,20,99,1,EXECUTE,published_after_gate_recheck,15.250270254909992,4.260352347046137,20.051078128684313,54.93058884303549
readset,unrelated,20,0,1,EXECUTE,published_after_gate_recheck,18.240829929709435,4.1385842487216,20.143335981551097,57.64087323299853
readset,unrelated,20,1,1,EXECUTE,published_after_gate_recheck,16.800176817923784,4.3784440495073795,20.143335981551097,57.64087323299853
readset,unrelated,20,2,1,EXECUTE,published_after_gate_recheck,14.874575193971395,3.782456275075674,20.143335981551097,57.64087323299853
readset,unrelated,20,3,1,EXECUTE,published_after_gate_recheck,17.51305488869548,3.8456451147794724,20.143335981551097,57.64087323299853
readset,unrelated,20,4,1,EXECUTE,published_after_gate_recheck,16.283106990158558,4.456910770386457,20.143335981551097,57.64087323299853
readset,unrelated,20,5,1,EXECUTE,published_after_gate_recheck,15.929793938994408,3.98821197450161,20.143335981551097,57.64087323299853
readset,unrelated,20,6,1,EXECUTE,published_after_gate_recheck,17.27766264230013,4.19877702370286,20.143335981551097,57.64087323299853
readset,unrelated,20,7,1,EXECUTE,published_after_gate_recheck,15.111579559743404,3.8136239163577557,20.143335981551097,57.64087323299853
readset,unrelated,20,8,1,EXECUTE,published_after_gate_recheck,15.211325604468584,4.0828390046954155,20.143335981551097,57.64087323299853
readset,unrelated,20,9,1,EXECUTE,published_after_gate_recheck,20.31676471233368,4.21652989462018,20.143335981551097,57.64087323299853
readset,unrelated,20,10,1,EXECUTE,published_after_gate_recheck,16.82296022772789,4.605880007147789,20.143335981551097,57.64087323299853
readset,unrelated,20,11,1,EXECUTE,published_after_gate_recheck,16.0175790078938,4.240384791046381,20.143335981551097,57.64087323299853
readset,unrelated,20,12,1,EXECUTE,published_after_gate_recheck,21.763798780739307,5.005861166864634,20.143335981551097,57.64087323299853
readset,unrelated,20,13,1,EXECUTE,published_after_gate_recheck,19.96166817843914,4.827806726098061,20.143335981551097,57.64087323299853
readset,unrelated,20,14,1,EXECUTE,published_after_gate_recheck,22.595399990677834,8.816811256110668,20.143335981551097,57.64087323299853
readset,unrelated,20,15,1,EXECUTE,published_after_gate_recheck,17.063020262867212,4.476247821003199,20.143335981551097,57.64087323299853
readset,unrelated,20,16,1,EXECUTE,published_after_gate_recheck,18.039653077721596,5.2779121324419975,20.143335981551097,57.64087323299853
readset,unrelated,20,17,1,EXECUTE,published_after_gate_recheck,17.48255779966712,4.618234001100063,20.143335981551097,57.64087323299853
readset,unrelated,20,18,1,EXECUTE,published_after_gate_recheck,15.540613792836666,3.9769508875906467,20.143335981551097,57.64087323299853
readset,unrelated,20,19,1,EXECUTE,published_after_gate_recheck,17.93136028572917,4.917966201901436,20.143335981551097,57.64087323299853
readset,unrelated,20,20,1,EXECUTE,published_after_gate_recheck,17.042872961610556,4.861039109528065,20.143335981551097,57.64087323299853
readset,unrelated,20,21,1,EXECUTE,published_after_gate_recheck,15.5520960688591,3.982891794294119,20.143335981551097,57.64087323299853
readset,unrelated,20,22,1,EXECUTE,published_after_gate_recheck,17.48767727985978,4.512856248766184,20.143335981551097,57.64087323299853
readset,unrelated,20,23,1,EXECUTE,published_after_gate_recheck,15.210594981908798,4.683717153966427,20.143335981551097,57.64087323299853
readset,unrelated,20,24,1,EXECUTE,published_after_gate_recheck,14.859796967357397,4.08054469153285,20.143335981551097,57.64087323299853
readset,unrelated,20,25,1,EXECUTE,published_after_gate_recheck,14.872931875288486,4.209778271615505,20.143335981551097,57.64087323299853
readset,unrelated,20,26,1,EXECUTE,published_after_gate_recheck,22.729802411049604,4.981704987585545,20.143335981551097,57.64087323299853
readset,unrelated,20,27,1,EXECUTE,published_after_gate_recheck,18.231633119285107,5.1819211803376675,20.143335981551097,57.64087323299853
readset,unrelated,20,28,1,EXECUTE,published_after_gate_recheck,17.348806839436293,5.157636012881994,20.143335981551097,57.64087323299853
readset,unrelated,20,29,1,EXECUTE,published_after_gate_recheck,14.865708071738482,4.234274383634329,20.143335981551097,57.64087323299853
readset,unrelated,20,30,1,EXECUTE,published_after_gate_recheck,15.356338582932949,4.412667825818062,20.143335981551097,57.64087323299853
readset,unrelated,20,31,1,EXECUTE,published_after_gate_recheck,16.891489271074533,4.91752615198493,20.143335981551097,57.64087323299853
readset,unrelated,20,32,1,EXECUTE,published_after_gate_recheck,16.05622237548232,3.892602864652872,20.143335981551097,57.64087323299853
readset,unrelated,20,33,1,EXECUTE,published_after_gate_recheck,14.656655956059694,4.062851890921593,20.143335981551097,57.64087323299853
readset,unrelated,20,34,1,EXECUTE,published_after_gate_recheck,14.668778982013464,4.549114033579826,20.143335981551097,57.64087323299853
readset,unrelated,20,35,1,EXECUTE,published_after_gate_recheck,18.323855940252542,4.108197055757046,20.143335981551097,57.64087323299853
readset,unrelated,20,36,1,EXECUTE,published_after_gate_recheck,17.35841389745474,5.04146795719862,20.143335981551097,57.64087323299853
readset,unrelated,20,37,1,EXECUTE,published_after_gate_recheck,19.082900136709213,4.995621740818024,20.143335981551097,57.64087323299853
readset,unrelated,20,38,1,EXECUTE,published_after_gate_recheck,18.269352614879608,4.651736933737993,20.143335981551097,57.64087323299853
readset,unrelated,20,39,1,EXECUTE,published_after_gate_recheck,16.131563112139702,4.698534961789846,20.143335981551097,57.64087323299853
readset,unrelated,20,40,1,EXECUTE,published_after_gate_recheck,17.018998041749,4.796277731657028,20.143335981551097,57.64087323299853
readset,unrelated,20,41,1,EXECUTE,published_after_gate_recheck,17.35226297751069,4.406316205859184,20.143335981551097,57.64087323299853
readset,unrelated,20,42,1,EXECUTE,published_after_gate_recheck,17.54573592916131,5.076413974165916,20.143335981551097,57.64087323299853
readset,unrelated,20,43,1,EXECUTE,published_after_gate_recheck,17.52816280350089,4.82275802642107,20.143335981551097,57.64087323299853
readset,unrelated,20,44,1,EXECUTE,published_after_gate_recheck,16.647360753268003,4.938635043799877,20.143335981551097,57.64087323299853
readset,unrelated,20,45,1,EXECUTE,published_after_gate_recheck,17.892847303301096,5.008837208151817,20.143335981551097,57.64087323299853
readset,unrelated,20,46,1,EXECUTE,published_after_gate_recheck,19.844918977469206,7.631787098944187,20.143335981551097,57.64087323299853
readset,unrelated,20,47,1,EXECUTE,published_after_gate_recheck,15.786855947226286,4.144725855439901,20.143335981551097,57.64087323299853
readset,unrelated,20,48,1,EXECUTE,published_after_gate_recheck,16.356034204363823,4.547500982880592,20.143335981551097,57.64087323299853
readset,unrelated,20,49,1,EXECUTE,published_after_gate_recheck,19.224554765969515,6.594891659915447,20.143335981551097,57.64087323299853
readset,unrelated,20,50,1,EXECUTE,published_after_gate_recheck,16.118017956614494,4.108857829123735,20.143335981551097,57.64087323299853
readset,unrelated,20,51,1,EXECUTE,published_after_gate_recheck,16.37578196823597,4.092858172953129,20.143335981551097,57.64087323299853
readset,unrelated,20,52,1,EXECUTE,published_after_gate_recheck,20.213390700519085,4.471307620406151,20.143335981551097,57.64087323299853
readset,unrelated,20,53,1,EXECUTE,published_after_gate_recheck,19.253950100392103,4.8730820417404175,20.143335981551097,57.64087323299853
readset,unrelated,20,54,1,EXECUTE,published_after_gate_recheck,16.967892181128263,4.662637133151293,20.143335981551097,57.64087323299853
readset,unrelated,20,55,1,EXECUTE,published_after_gate_recheck,15.540002845227718,4.276973661035299,20.143335981551097,57.64087323299853
readset,unrelated,20,56,1,EXECUTE,published_after_gate_recheck,15.317996963858604,4.169632215052843,20.143335981551097,57.64087323299853
readset,unrelated,20,57,1,EXECUTE,published_after_gate_recheck,17.54689821973443,4.5404075644910336,20.143335981551097,57.64087323299853
readset,unrelated,20,58,1,EXECUTE,published_after_gate_recheck,14.78311326354742,4.097085911780596,20.143335981551097,57.64087323299853
readset,unrelated,20,59,1,EXECUTE,published_after_gate_recheck,17.502014059573412,5.8212801814079285,20.143335981551097,57.64087323299853
readset,unrelated,20,60,1,EXECUTE,published_after_gate_recheck,19.421044271439314,5.336963105946779,20.143335981551097,57.64087323299853
readset,unrelated,20,61,1,EXECUTE,published_after_gate_recheck,17.885563895106316,4.2961291037499905,20.143335981551097,57.64087323299853
readset,unrelated,20,62,1,EXECUTE,published_after_gate_recheck,18.399658147245646,5.906339734792709,20.143335981551097,57.64087323299853
readset,unrelated,20,63,1,EXECUTE,published_after_gate_recheck,23.196165915578604,9.858574718236923,20.143335981551097,57.64087323299853
readset,unrelated,20,64,1,EXECUTE,published_after_gate_recheck,20.58340422809124,4.956558812409639,20.143335981551097,57.64087323299853
readset,unrelated,20,65,1,EXECUTE,published_after_gate_recheck,22.422163747251034,6.213625892996788,20.143335981551097,57.64087323299853
readset,unrelated,20,66,1,EXECUTE,published_after_gate_recheck,19.23501491546631,5.1658907905220985,20.143335981551097,57.64087323299853
readset,unrelated,20,67,1,EXECUTE,published_after_gate_recheck,20.525244995951653,5.305733066052198,20.143335981551097,57.64087323299853
readset,unrelated,20,68,1,EXECUTE,published_after_gate_recheck,23.9514228887856,5.760878324508667,20.143335981551097,57.64087323299853
readset,unrelated,20,69,1,EXECUTE,published_after_gate_recheck,17.137110233306885,4.416766110807657,20.143335981551097,57.64087323299853
readset,unrelated,20,70,1,EXECUTE,published_after_gate_recheck,15.91709116473794,4.314023070037365,20.143335981551097,57.64087323299853
readset,unrelated,20,71,1,EXECUTE,published_after_gate_recheck,14.92109289392829,4.297170788049698,20.143335981551097,57.64087323299853
readset,unrelated,20,72,1,EXECUTE,published_after_gate_recheck,14.899951871484518,4.559304099529982,20.143335981551097,57.64087323299853
readset,unrelated,20,73,1,EXECUTE,published_after_gate_recheck,16.55173161998391,4.6853795647621155,20.143335981551097,57.64087323299853
readset,unrelated,20,74,1,EXECUTE,published_after_gate_recheck,16.25690795481205,4.339901730418205,20.143335981551097,57.64087323299853
readset,unrelated,20,75,1,EXECUTE,published_after_gate_recheck,14.666774775832891,4.111523274332285,20.143335981551097,57.64087323299853
readset,unrelated,20,76,1,EXECUTE,published_after_gate_recheck,16.470458824187517,5.365876946598291,20.143335981551097,57.64087323299853
readset,unrelated,20,77,1,EXECUTE,published_after_gate_recheck,18.334094900637865,4.391898866742849,20.143335981551097,57.64087323299853
readset,unrelated,20,78,1,EXECUTE,published_after_gate_recheck,14.499480836093426,3.6744829267263412,20.143335981551097,57.64087323299853
readset,unrelated,20,79,1,EXECUTE,published_after_gate_recheck,15.627897810190916,4.652848932892084,20.143335981551097,57.64087323299853
readset,unrelated,20,80,1,EXECUTE,published_after_gate_recheck,18.341498915106058,4.344230052083731,20.143335981551097,57.64087323299853
readset,unrelated,20,81,1,EXECUTE,published_after_gate_recheck,19.43377824500203,5.196908954530954,20.143335981551097,57.64087323299853
readset,unrelated,20,82,1,EXECUTE,published_after_gate_recheck,17.014057841151953,4.851100035011768,20.143335981551097,57.64087323299853
readset,unrelated,20,83,1,EXECUTE,published_after_gate_recheck,16.47538784891367,4.678897559642792,20.143335981551097,57.64087323299853
readset,unrelated,20,84,1,EXECUTE,published_after_gate_recheck,15.033002011477947,4.425001330673695,20.143335981551097,57.64087323299853
readset,unrelated,20,85,1,EXECUTE,published_after_gate_recheck,16.804635990411043,4.820723086595535,20.143335981551097,57.64087323299853
readset,unrelated,20,86,1,EXECUTE,published_after_gate_recheck,16.375630628317595,4.38993563875556,20.143335981551097,57.64087323299853
readset,unrelated,20,87,1,EXECUTE,published_after_gate_recheck,14.692322816699743,4.124777857214212,20.143335981551097,57.64087323299853
readset,unrelated,20,88,1,EXECUTE,published_after_gate_recheck,15.802635811269283,4.3675340712070465,20.143335981551097,57.64087323299853
readset,unrelated,20,89,1,EXECUTE,published_after_gate_recheck,18.85093515738845,4.532012157142162,20.143335981551097,57.64087323299853
readset,unrelated,20,90,1,EXECUTE,published_after_gate_recheck,15.866545028984547,4.641047213226557,20.143335981551097,57.64087323299853
readset,unrelated,20,91,1,EXECUTE,published_after_gate_recheck,14.824782032519579,3.855322953313589,20.143335981551097,57.64087323299853
readset,unrelated,20,92,1,EXECUTE,published_after_gate_recheck,17.95845991000533,4.1007730178534985,20.143335981551097,57.64087323299853
readset,unrelated,20,93,1,EXECUTE,published_after_gate_recheck,15.785413794219494,4.6570757403969765,20.143335981551097,57.64087323299853
readset,unrelated,20,94,1,EXECUTE,published_after_gate_recheck,15.15906909480691,4.1636209934949875,20.143335981551097,57.64087323299853
readset,unrelated,20,95,1,EXECUTE,published_after_gate_recheck,18.109885044395924,4.343097098171711,20.143335981551097,57.64087323299853
readset,unrelated,20,96,1,EXECUTE,published_after_gate_recheck,16.058977227658033,4.528826102614403,20.143335981551097,57.64087323299853
readset,unrelated,20,97,1,EXECUTE,published_after_gate_recheck,16.10424229875207,4.426624160259962,20.143335981551097,57.64087323299853
readset,unrelated,20,98,1,EXECUTE,published_after_gate_recheck,20.239930134266615,4.7478568740189075,20.143335981551097,57.64087323299853
readset,unrelated,20,99,1,EXECUTE,published_after_gate_recheck,15.547397080808878,4.1386038064956665,20.143335981551097,57.64087323299853
global,related_same,20,0,1,EXECUTE,published_after_gate_recheck,20.295283757150173,4.072169773280621,20.409991978700777,57.83181337859367
global,related_same,20,1,1,EXECUTE,published_after_gate_recheck,16.07077894732356,3.979865927249193,20.409991978700777,57.83181337859367
global,related_same,20,2,1,EXECUTE,published_after_gate_recheck,16.361243091523647,3.9616920985281467,20.409991978700777,57.83181337859367
global,related_same,20,3,1,EXECUTE,published_after_gate_recheck,17.546107061207294,4.684248007833958,20.409991978700777,57.83181337859367
global,related_same,20,4,1,EXECUTE,published_after_gate_recheck,16.21274510398507,4.651044961065054,20.409991978700777,57.83181337859367
global,related_same,20,5,1,EXECUTE,published_after_gate_recheck,15.741220209747553,4.628113005310297,20.409991978700777,57.83181337859367
global,related_same,20,6,1,EXECUTE,published_after_gate_recheck,16.343069728463888,4.13942476734519,20.409991978700777,57.83181337859367
global,related_same,20,7,1,EXECUTE,published_after_gate_recheck,16.54940703883767,4.816785920411348,20.409991978700777,57.83181337859367
global,related_same,20,8,1,EXECUTE,published_after_gate_recheck,15.427601989358664,4.334892146289349,20.409991978700777,57.83181337859367
global,related_same,20,9,1,EXECUTE,published_after_gate_recheck,17.193856183439493,4.0747541934251785,20.409991978700777,57.83181337859367
global,related_same,20,10,1,EXECUTE,published_after_gate_recheck,15.649497974663973,4.219877067953348,20.409991978700777,57.83181337859367
global,related_same,20,11,1,EXECUTE,published_after_gate_recheck,14.773636125028133,4.100271966308355,20.409991978700777,57.83181337859367
global,related_same,20,12,1,EXECUTE,published_after_gate_recheck,17.172586172819138,3.7032379768788815,20.409991978700777,57.83181337859367
global,related_same,20,13,1,EXECUTE,published_after_gate_recheck,15.073197893798351,4.285259172320366,20.409991978700777,57.83181337859367
global,related_same,20,14,1,EXECUTE,published_after_gate_recheck,14.874364249408245,4.160915967077017,20.409991978700777,57.83181337859367
global,related_same,20,15,0,REVOKE,context_version_changed_at_publish,18.189143389463425,6.114310119301081,20.409991978700777,57.83181337859367
global,related_same,20,16,1,EXECUTE,published_after_gate_recheck,16.244935803115368,4.519518930464983,20.409991978700777,57.83181337859367
global,related_same,20,17,1,EXECUTE,published_after_gate_recheck,15.9687171690166,4.420922603458166,20.409991978700777,57.83181337859367
global,related_same,20,18,0,REVOKE,context_version_changed_at_publish,18.999473191797733,5.346409976482391,20.409991978700777,57.83181337859367
global,related_same,20,19,1,EXECUTE,published_after_gate_recheck,15.779382083564997,4.849366843700409,20.409991978700777,57.83181337859367
global,related_same,20,20,1,EXECUTE,published_after_gate_recheck,16.125682275742292,4.817798268049955,20.409991978700777,57.83181337859367
global,related_same,20,21,1,EXECUTE,published_after_gate_recheck,20.33329615369439,4.85396571457386,20.409991978700777,57.83181337859367
global,related_same,20,22,1,EXECUTE,published_after_gate_recheck,15.732593834400177,4.432155285030603,20.409991978700777,57.83181337859367
global,related_same,20,23,1,EXECUTE,published_after_gate_recheck,16.222914215177298,4.34218579903245,20.409991978700777,57.83181337859367
global,related_same,20,24,1,EXECUTE,published_after_gate_recheck,17.410662956535816,4.224234726279974,20.409991978700777,57.83181337859367
global,related_same,20,25,1,EXECUTE,published_after_gate_recheck,16.504101920872927,4.549485165625811,20.409991978700777,57.83181337859367
global,related_same,20,26,1,EXECUTE,published_after_gate_recheck,14.576005283743143,3.9872401393949986,20.409991978700777,57.83181337859367
global,related_same,20,27,1,EXECUTE,published_after_gate_recheck,18.0450021289289,4.048353992402554,20.409991978700777,57.83181337859367
global,related_same,20,28,1,EXECUTE,published_after_gate_recheck,15.423364005982876,4.177747759968042,20.409991978700777,57.83181337859367
global,related_same,20,29,1,EXECUTE,published_after_gate_recheck,16.317001078277826,4.8876190558075905,20.409991978700777,57.83181337859367
global,related_same,20,30,1,EXECUTE,published_after_gate_recheck,19.01122508570552,4.4217463582754135,20.409991978700777,57.83181337859367
global,related_same,20,31,1,EXECUTE,published_after_gate_recheck,15.9037159755826,4.350891802459955,20.409991978700777,57.83181337859367
global,related_same,20,32,1,EXECUTE,published_after_gate_recheck,15.455354005098343,3.937375731766224,20.409991978700777,57.83181337859367
global,related_same,20,33,1,EXECUTE,published_after_gate_recheck,18.835826311260462,4.789816215634346,20.409991978700777,57.83181337859367
global,related_same,20,34,1,EXECUTE,published_after_gate_recheck,15.918152872473001,4.391568712890148,20.409991978700777,57.83181337859367
global,related_same,20,35,1,EXECUTE,published_after_gate_recheck,16.416717786341906,4.248118959367275,20.409991978700777,57.83181337859367
global,related_same,20,36,1,EXECUTE,published_after_gate_recheck,15.93419210985303,4.340612795203924,20.409991978700777,57.83181337859367
global,related_same,20,37,1,EXECUTE,published_after_gate_recheck,16.113508958369493,4.717340227216482,20.409991978700777,57.83181337859367
global,related_same,20,38,1,EXECUTE,published_after_gate_recheck,17.187653575092554,4.484803881496191,20.409991978700777,57.83181337859367
global,related_same,20,39,1,EXECUTE,published_after_gate_recheck,18.461083993315697,4.373114090412855,20.409991978700777,57.83181337859367
global,related_same,20,40,1,EXECUTE,published_after_gate_recheck,15.252253971993923,4.402188118547201,20.409991978700777,57.83181337859367
global,related_same,20,41,1,EXECUTE,published_after_gate_recheck,15.820309054106474,4.667547065764666,20.409991978700777,57.83181337859367
global,related_same,20,42,1,EXECUTE,published_after_gate_recheck,17.782109323889017,4.307580646127462,20.409991978700777,57.83181337859367
global,related_same,20,43,1,EXECUTE,published_after_gate_recheck,14.562509953975677,4.185792990028858,20.409991978700777,57.83181337859367
global,related_same,20,44,1,EXECUTE,published_after_gate_recheck,14.609598089009523,4.630137234926224,20.409991978700777,57.83181337859367
global,related_same,20,45,1,EXECUTE,published_after_gate_recheck,19.355922006070614,4.41540265455842,20.409991978700777,57.83181337859367
global,related_same,20,46,1,EXECUTE,published_after_gate_recheck,14.830111060291529,4.069905262440443,20.409991978700777,57.83181337859367
global,related_same,20,47,1,EXECUTE,published_after_gate_recheck,16.23381394892931,4.289106000214815,20.409991978700777,57.83181337859367
global,related_same,20,48,1,EXECUTE,published_after_gate_recheck,21.38340473175049,5.009808111935854,20.409991978700777,57.83181337859367
global,related_same,20,49,1,EXECUTE,published_after_gate_recheck,17.73823704570532,4.905513022094965,20.409991978700777,57.83181337859367
global,related_same,20,50,1,EXECUTE,published_after_gate_recheck,16.090536024421453,4.289628006517887,20.409991978700777,57.83181337859367
global,related_same,20,51,1,EXECUTE,published_after_gate_recheck,16.969143878668547,4.478923045098782,20.409991978700777,57.83181337859367
global,related_same,20,52,1,EXECUTE,published_after_gate_recheck,16.22618082910776,4.29522804915905,20.409991978700777,57.83181337859367
global,related_same,20,53,1,EXECUTE,published_after_gate_recheck,16.918980050832033,4.9896398559212685,20.409991978700777,57.83181337859367
global,related_same,20,54,1,EXECUTE,published_after_gate_recheck,16.069145873188972,4.291329998522997,20.409991978700777,57.83181337859367
global,related_same,20,55,1,EXECUTE,published_after_gate_recheck,14.81663715094328,4.192364867776632,20.409991978700777,57.83181337859367
global,related_same,20,56,1,EXECUTE,published_after_gate_recheck,16.173942014575005,4.865627735853195,20.409991978700777,57.83181337859367
global,related_same,20,57,1,EXECUTE,published_after_gate_recheck,18.05775612592697,4.816266242414713,20.409991978700777,57.83181337859367
global,related_same,20,58,1,EXECUTE,published_after_gate_recheck,16.576817724853754,4.55899303779006,20.409991978700777,57.83181337859367
global,related_same,20,59,1,EXECUTE,published_after_gate_recheck,14.995711855590343,4.0733907371759415,20.409991978700777,57.83181337859367
global,related_same,20,60,1,EXECUTE,published_after_gate_recheck,17.88361929357052,4.180602729320526,20.409991978700777,57.83181337859367
global,related_same,20,61,1,EXECUTE,published_after_gate_recheck,15.719009097665548,4.925160203129053,20.409991978700777,57.83181337859367
global,related_same,20,62,1,EXECUTE,published_after_gate_recheck,15.56137390434742,4.807750228792429,20.409991978700777,57.83181337859367
global,related_same,20,63,1,EXECUTE,published_after_gate_recheck,17.878780607134104,4.838777706027031,20.409991978700777,57.83181337859367
global,related_same,20,64,1,EXECUTE,published_after_gate_recheck,15.596709214150906,4.419220145791769,20.409991978700777,57.83181337859367
global,related_same,20,65,1,EXECUTE,published_after_gate_recheck,14.44699289277196,4.068573005497456,20.409991978700777,57.83181337859367
global,related_same,20,66,1,EXECUTE,published_after_gate_recheck,19.646998029202223,4.97817900031805,20.409991978700777,57.83181337859367
global,related_same,20,67,1,EXECUTE,published_after_gate_recheck,15.095058362931013,4.515131004154682,20.409991978700777,57.83181337859367
global,related_same,20,68,1,EXECUTE,published_after_gate_recheck,15.362660866230726,4.426103085279465,20.409991978700777,57.83181337859367
global,related_same,20,69,1,EXECUTE,published_after_gate_recheck,17.32074422761798,4.111332818865776,20.409991978700777,57.83181337859367
global,related_same,20,70,1,EXECUTE,published_after_gate_recheck,14.928875956684351,4.218053072690964,20.409991978700777,57.83181337859367
global,related_same,20,71,1,EXECUTE,published_after_gate_recheck,14.732127077877522,4.2120423167943954,20.409991978700777,57.83181337859367
global,related_same,20,72,0,REVOKE,context_version_changed_at_publish,17.206438817083836,6.367364898324013,20.409991978700777,57.83181337859367
global,related_same,20,73,1,EXECUTE,published_after_gate_recheck,15.350057277828455,4.463172983378172,20.409991978700777,57.83181337859367
global,related_same,20,74,1,EXECUTE,published_after_gate_recheck,13.696826063096523,3.777467180043459,20.409991978700777,57.83181337859367
global,related_same,20,75,0,REVOKE,context_version_changed_at_publish,18.764472100883722,8.449400775134563,20.409991978700777,57.83181337859367
global,related_same,20,76,1,EXECUTE,published_after_gate_recheck,15.936155803501606,4.316487815231085,20.409991978700777,57.83181337859367
global,related_same,20,77,1,EXECUTE,published_after_gate_recheck,14.377090614289045,4.046369809657335,20.409991978700777,57.83181337859367
global,related_same,20,78,1,EXECUTE,published_after_gate_recheck,14.61628032848239,4.255703184753656,20.409991978700777,57.83181337859367
global,related_same,20,79,1,EXECUTE,published_after_gate_recheck,15.093556139618158,4.353947937488556,20.409991978700777,57.83181337859367
global,related_same,20,80,1,EXECUTE,published_after_gate_recheck,15.103655401617289,4.472449887543917,20.409991978700777,57.83181337859367
global,related_same,20,81,1,EXECUTE,published_after_gate_recheck,16.632511746138334,4.588969051837921,20.409991978700777,57.83181337859367
global,related_same,20,82,1,EXECUTE,published_after_gate_recheck,14.63069673627615,4.175833892077208,20.409991978700777,57.83181337859367
global,related_same,20,83,1,EXECUTE,published_after_gate_recheck,14.64819023385644,4.348227754235268,20.409991978700777,57.83181337859367
global,related_same,20,84,1,EXECUTE,published_after_gate_recheck,16.160717699676752,4.778153728693724,20.409991978700777,57.83181337859367
global,related_same,20,85,1,EXECUTE,published_after_gate_recheck,19.01117479428649,4.580363165587187,20.409991978700777,57.83181337859367
global,related_same,20,86,1,EXECUTE,published_after_gate_recheck,15.371878165751696,4.487268161028624,20.409991978700777,57.83181337859367
global,related_same,20,87,1,EXECUTE,published_after_gate_recheck,15.863008797168732,4.367283079773188,20.409991978700777,57.83181337859367
global,related_same,20,88,1,EXECUTE,published_after_gate_recheck,18.05583294481039,4.387079738080502,20.409991978700777,57.83181337859367
global,related_same,20,89,1,EXECUTE,published_after_gate_recheck,14.793702866882086,4.05159080401063,20.409991978700777,57.83181337859367
global,related_same,20,90,1,EXECUTE,published_after_gate_recheck,16.982619185000658,4.97028511017561,20.409991978700777,57.83181337859367
global,related_same,20,91,1,EXECUTE,published_after_gate_recheck,18.30654265359044,4.2343828827142715,20.409991978700777,57.83181337859367
global,related_same,20,92,1,EXECUTE,published_after_gate_recheck,16.03492209687829,4.684017039835453,20.409991978700777,57.83181337859367
global,related_same,20,93,1,EXECUTE,published_after_gate_recheck,15.40563115850091,4.302140790969133,20.409991978700777,57.83181337859367
global,related_same,20,94,1,EXECUTE,published_after_gate_recheck,19.180512987077236,4.64739790186286,20.409991978700777,57.83181337859367
global,related_same,20,95,1,EXECUTE,published_after_gate_recheck,18.187108915299177,5.016359966248274,20.409991978700777,57.83181337859367
global,related_same,20,96,1,EXECUTE,published_after_gate_recheck,16.280031763017178,4.528696183115244,20.409991978700777,57.83181337859367
global,related_same,20,97,1,EXECUTE,published_after_gate_recheck,18.56476766988635,4.843916743993759,20.409991978700777,57.83181337859367
global,related_same,20,98,1,EXECUTE,published_after_gate_recheck,17.662284895777702,5.053650122135878,20.409991978700777,57.83181337859367
global,related_same,20,99,1,EXECUTE,published_after_gate_recheck,19.30967578664422,5.054602865129709,20.409991978700777,57.83181337859367
readset,related_same,20,0,1,EXECUTE,published_after_gate_recheck,18.932747654616833,4.502416588366032,20.37241799732687,60.128827796689706
readset,related_same,20,1,1,EXECUTE,published_after_gate_recheck,15.044013038277626,4.150806926190853,20.37241799732687,60.128827796689706
readset,related_same,20,2,1,EXECUTE,published_after_gate_recheck,16.248732805252075,4.656785633414984,20.37241799732687,60.128827796689706
readset,related_same,20,3,1,EXECUTE,published_after_gate_recheck,17.163919750601053,4.46727080270648,20.37241799732687,60.128827796689706
readset,related_same,20,4,1,EXECUTE,published_after_gate_recheck,15.760636888444424,4.592775832861662,20.37241799732687,60.128827796689706
readset,related_same,20,5,1,EXECUTE,published_after_gate_recheck,14.665071852505207,4.379715770483017,20.37241799732687,60.128827796689706
readset,related_same,20,6,1,EXECUTE,published_after_gate_recheck,19.62601812556386,4.811225924640894,20.37241799732687,60.128827796689706
readset,related_same,20,7,1,EXECUTE,published_after_gate_recheck,15.268484130501747,4.6117110177874565,20.37241799732687,60.128827796689706
readset,related_same,20,8,1,EXECUTE,published_after_gate_recheck,14.550516847521067,3.9026420563459396,20.37241799732687,60.128827796689706
readset,related_same,20,9,1,EXECUTE,published_after_gate_recheck,20.078897941857576,4.329001996666193,20.37241799732687,60.128827796689706
readset,related_same,20,10,1,EXECUTE,published_after_gate_recheck,15.25141205638647,4.234174266457558,20.37241799732687,60.128827796689706
readset,related_same,20,11,1,EXECUTE,published_after_gate_recheck,15.172804240137339,4.503307864069939,20.37241799732687,60.128827796689706
readset,related_same,20,12,1,EXECUTE,published_after_gate_recheck,17.87677686661482,4.454687237739563,20.37241799732687,60.128827796689706
readset,related_same,20,13,1,EXECUTE,published_after_gate_recheck,15.3981470502913,4.06302185729146,20.37241799732687,60.128827796689706
readset,related_same,20,14,1,EXECUTE,published_after_gate_recheck,15.367850195616484,4.544805735349655,20.37241799732687,60.128827796689706
readset,related_same,20,15,1,EXECUTE,published_after_gate_recheck,17.259879037737846,6.256948225200176,20.37241799732687,60.128827796689706
readset,related_same,20,16,1,EXECUTE,published_after_gate_recheck,15.093374997377396,3.9231288246810436,20.37241799732687,60.128827796689706
readset,related_same,20,17,1,EXECUTE,published_after_gate_recheck,15.873128082603216,4.227560944855213,20.37241799732687,60.128827796689706
readset,related_same,20,18,1,EXECUTE,published_after_gate_recheck,17.527300864458084,6.035692989826202,20.37241799732687,60.128827796689706
readset,related_same,20,19,1,EXECUTE,published_after_gate_recheck,15.23695420473814,4.376781173050404,20.37241799732687,60.128827796689706
readset,related_same,20,20,1,EXECUTE,published_after_gate_recheck,16.513600014150143,4.8381369560956955,20.37241799732687,60.128827796689706
readset,related_same,20,21,1,EXECUTE,published_after_gate_recheck,18.39059079065919,6.891297642141581,20.37241799732687,60.128827796689706
readset,related_same,20,22,1,EXECUTE,published_after_gate_recheck,16.385738737881184,4.1632503271102905,20.37241799732687,60.128827796689706
readset,related_same,20,23,1,EXECUTE,published_after_gate_recheck,17.526018898934126,4.8194206319749355,20.37241799732687,60.128827796689706
readset,related_same,20,24,1,EXECUTE,published_after_gate_recheck,19.798112101852894,4.499470815062523,20.37241799732687,60.128827796689706
readset,related_same,20,25,1,EXECUTE,published_after_gate_recheck,15.68555599078536,4.060166887938976,20.37241799732687,60.128827796689706
readset,related_same,20,26,1,EXECUTE,published_after_gate_recheck,16.354802064597607,4.797269124537706,20.37241799732687,60.128827796689706
readset,related_same,20,27,1,EXECUTE,published_after_gate_recheck,17.979479860514402,3.9840242825448513,20.37241799732687,60.128827796689706
readset,related_same,20,28,1,EXECUTE,published_after_gate_recheck,17.529815901070833,5.108783952891827,20.37241799732687,60.128827796689706
readset,related_same,20,29,1,EXECUTE,published_after_gate_recheck,15.97730303183198,4.232330247759819,20.37241799732687,60.128827796689706
readset,related_same,20,30,1,EXECUTE,published_after_gate_recheck,16.534277703613043,4.568871110677719,20.37241799732687,60.128827796689706
readset,related_same,20,31,1,EXECUTE,published_after_gate_recheck,15.021370258182287,4.0025291964411736,20.37241799732687,60.128827796689706
readset,related_same,20,32,1,EXECUTE,published_after_gate_recheck,14.977447222918272,4.041843116283417,20.37241799732687,60.128827796689706
readset,related_same,20,33,1,EXECUTE,published_after_gate_recheck,19.004613161087036,4.242979921400547,20.37241799732687,60.128827796689706
readset,related_same,20,34,1,EXECUTE,published_after_gate_recheck,16.22560014948249,4.472680855542421,20.37241799732687,60.128827796689706
readset,related_same,20,35,1,EXECUTE,published_after_gate_recheck,16.06647064909339,4.240164067596197,20.37241799732687,60.128827796689706
readset,related_same,20,36,1,EXECUTE,published_after_gate_recheck,19.630857277661562,4.61164116859436,20.37241799732687,60.128827796689706
readset,related_same,20,37,1,EXECUTE,published_after_gate_recheck,15.19808080047369,4.373866133391857,20.37241799732687,60.128827796689706
readset,related_same,20,38,1,EXECUTE,published_after_gate_recheck,14.967319089919329,3.8461261428892612,20.37241799732687,60.128827796689706
readset,related_same,20,39,1,EXECUTE,published_after_gate_recheck,19.778073765337467,4.6218098141252995,20.37241799732687,60.128827796689706
readset,related_same,20,40,1,EXECUTE,published_after_gate_recheck,15.905939042568207,4.534136038273573,20.37241799732687,60.128827796689706
readset,related_same,20,41,1,EXECUTE,published_after_gate_recheck,16.308364924043417,4.6372190117836,20.37241799732687,60.128827796689706
readset,related_same,20,42,1,EXECUTE,published_after_gate_recheck,15.944651793688536,4.1447351686656475,20.37241799732687,60.128827796689706
readset,related_same,20,43,1,EXECUTE,published_after_gate_recheck,15.910828951746225,4.235955886542797,20.37241799732687,60.128827796689706
readset,related_same,20,44,1,EXECUTE,published_after_gate_recheck,15.793388709425926,4.194379318505526,20.37241799732687,60.128827796689706
readset,related_same,20,45,1,EXECUTE,published_after_gate_recheck,18.38539121672511,4.501855932176113,20.37241799732687,60.128827796689706
readset,related_same,20,46,1,EXECUTE,published_after_gate_recheck,17.385304905474186,4.794613923877478,20.37241799732687,60.128827796689706
readset,related_same,20,47,1,EXECUTE,published_after_gate_recheck,15.356448944658041,4.679718986153603,20.37241799732687,60.128827796689706
readset,related_same,20,48,1,EXECUTE,published_after_gate_recheck,21.439120173454285,5.063768941909075,20.37241799732687,60.128827796689706
readset,related_same,20,49,1,EXECUTE,published_after_gate_recheck,16.17129798978567,4.395686089992523,20.37241799732687,60.128827796689706
readset,related_same,20,50,1,EXECUTE,published_after_gate_recheck,15.18250210210681,4.556547850370407,20.37241799732687,60.128827796689706
readset,related_same,20,51,1,EXECUTE,published_after_gate_recheck,15.621085185557604,4.256825894117355,20.37241799732687,60.128827796689706
readset,related_same,20,52,1,EXECUTE,published_after_gate_recheck,14.839808922261,4.512535873800516,20.37241799732687,60.128827796689706
readset,related_same,20,53,1,EXECUTE,published_after_gate_recheck,15.103654935956001,4.574150778353214,20.37241799732687,60.128827796689706
readset,related_same,20,54,1,EXECUTE,published_after_gate_recheck,18.942816182971,4.602363798767328,20.37241799732687,60.128827796689706
readset,related_same,20,55,1,EXECUTE,published_after_gate_recheck,16.260686330497265,4.508537705987692,20.37241799732687,60.128827796689706
readset,related_same,20,56,1,EXECUTE,published_after_gate_recheck,16.4541476406157,4.832284990698099,20.37241799732687,60.128827796689706
readset,related_same,20,57,1,EXECUTE,published_after_gate_recheck,15.894948970526457,4.13023866713047,20.37241799732687,60.128827796689706
readset,related_same,20,58,1,EXECUTE,published_after_gate_recheck,15.772278886288404,4.297713283449411,20.37241799732687,60.128827796689706
readset,related_same,20,59,1,EXECUTE,published_after_gate_recheck,15.32626198604703,3.8945158012211323,20.37241799732687,60.128827796689706
readset,related_same,20,60,1,EXECUTE,published_after_gate_recheck,19.71517503261566,4.589349962770939,20.37241799732687,60.128827796689706
readset,related_same,20,61,1,EXECUTE,published_after_gate_recheck,16.36840682476759,4.216569941490889,20.37241799732687,60.128827796689706
readset,related_same,20,62,1,EXECUTE,published_after_gate_recheck,16.571518033742905,4.2753806337714195,20.37241799732687,60.128827796689706
readset,related_same,20,63,1,EXECUTE,published_after_gate_recheck,18.780452199280262,4.714313894510269,20.37241799732687,60.128827796689706
readset,related_same,20,64,1,EXECUTE,published_after_gate_recheck,15.428523998707533,4.527122713625431,20.37241799732687,60.128827796689706
readset,related_same,20,65,1,EXECUTE,published_after_gate_recheck,15.133380889892578,4.116543103009462,20.37241799732687,60.128827796689706
readset,related_same,20,66,1,EXECUTE,published_after_gate_recheck,16.433298587799072,4.774066153913736,20.37241799732687,60.128827796689706
readset,related_same,20,67,1,EXECUTE,published_after_gate_recheck,15.412022825330496,4.388654138892889,20.37241799732687,60.128827796689706
readset,related_same,20,68,1,EXECUTE,published_after_gate_recheck,16.181928105652332,4.641097038984299,20.37241799732687,60.128827796689706
readset,related_same,20,69,1,EXECUTE,published_after_gate_recheck,18.708778079599142,4.319303203374147,20.37241799732687,60.128827796689706
readset,related_same,20,70,1,EXECUTE,published_after_gate_recheck,15.137978829443455,4.274177830666304,20.37241799732687,60.128827796689706
readset,related_same,20,71,1,EXECUTE,published_after_gate_recheck,15.134132001549006,4.314474295824766,20.37241799732687,60.128827796689706
readset,related_same,20,72,1,EXECUTE,published_after_gate_recheck,18.468657042831182,4.50703501701355,20.37241799732687,60.128827796689706
readset,related_same,20,73,1,EXECUTE,published_after_gate_recheck,14.261203818023205,4.279277753084898,20.37241799732687,60.128827796689706
readset,related_same,20,74,1,EXECUTE,published_after_gate_recheck,15.472526662051678,4.623172804713249,20.37241799732687,60.128827796689706
readset,related_same,20,75,1,EXECUTE,published_after_gate_recheck,20.215253811329603,4.321297165006399,20.37241799732687,60.128827796689706
readset,related_same,20,76,1,EXECUTE,published_after_gate_recheck,15.020929742604494,3.9572836831212044,20.37241799732687,60.128827796689706
readset,related_same,20,77,1,EXECUTE,published_after_gate_recheck,14.336084015667439,4.180281888693571,20.37241799732687,60.128827796689706
readset,related_same,20,78,1,EXECUTE,published_after_gate_recheck,17.90975918993354,6.768988911062479,20.37241799732687,60.128827796689706
readset,related_same,20,79,1,EXECUTE,published_after_gate_recheck,14.85950592905283,4.542371723800898,20.37241799732687,60.128827796689706
readset,related_same,20,80,1,EXECUTE,published_after_gate_recheck,14.106954913586378,4.062179941684008,20.37241799732687,60.128827796689706
readset,related_same,20,81,1,EXECUTE,published_after_gate_recheck,20.64147312194109,8.305320981889963,20.37241799732687,60.128827796689706
readset,related_same,20,82,1,EXECUTE,published_after_gate_recheck,15.305131673812866,4.109800327569246,20.37241799732687,60.128827796689706
readset,related_same,20,83,1,EXECUTE,published_after_gate_recheck,15.117099974304438,4.397829994559288,20.37241799732687,60.128827796689706
readset,related_same,20,84,1,EXECUTE,published_after_gate_recheck,17.641985788941383,6.805918179452419,20.37241799732687,60.128827796689706
readset,related_same,20,85,1,EXECUTE,published_after_gate_recheck,15.67355403676629,4.242999944835901,20.37241799732687,60.128827796689706
readset,related_same,20,86,1,EXECUTE,published_after_gate_recheck,16.478414181619883,4.703383892774582,20.37241799732687,60.128827796689706
readset,related_same,20,87,1,EXECUTE,published_after_gate_recheck,17.294814810156822,6.627382710576057,20.37241799732687,60.128827796689706
readset,related_same,20,88,1,EXECUTE,published_after_gate_recheck,16.039941925555468,4.544155206531286,20.37241799732687,60.128827796689706
readset,related_same,20,89,1,EXECUTE,published_after_gate_recheck,17.250773031264544,4.307230934500694,20.37241799732687,60.128827796689706
readset,related_same,20,90,1,EXECUTE,published_after_gate_recheck,17.936960328370333,6.215520203113556,20.37241799732687,60.128827796689706
readset,related_same,20,91,1,EXECUTE,published_after_gate_recheck,14.819392003118992,4.1100699454545975,20.37241799732687,60.128827796689706
readset,related_same,20,92,1,EXECUTE,published_after_gate_recheck,14.51339665800333,4.204187076538801,20.37241799732687,60.128827796689706
readset,related_same,20,93,1,EXECUTE,published_after_gate_recheck,19.996463786810637,7.978959009051323,20.37241799732687,60.128827796689706
readset,related_same,20,94,1,EXECUTE,published_after_gate_recheck,14.050908852368593,3.9994330145418644,20.37241799732687,60.128827796689706
readset,related_same,20,95,1,EXECUTE,published_after_gate_recheck,14.81426227837801,4.224003758281469,20.37241799732687,60.128827796689706
readset,related_same,20,96,1,EXECUTE,published_after_gate_recheck,19.721558317542076,8.47581122070551,20.37241799732687,60.128827796689706
readset,related_same,20,97,1,EXECUTE,published_after_gate_recheck,15.723155811429024,4.473131615668535,20.37241799732687,60.128827796689706
readset,related_same,20,98,1,EXECUTE,published_after_gate_recheck,14.807779807597399,4.241167102009058,20.37241799732687,60.128827796689706
readset,related_same,20,99,1,EXECUTE,published_after_gate_recheck,19.55831190571189,8.227815851569176,20.37241799732687,60.128827796689706
global,unrelated,100,0,1,EXECUTE,published_after_gate_recheck,18.763861153274775,5.122500006109476,100.03750115650297,13.970334496150597
global,unrelated,100,1,1,EXECUTE,published_after_gate_recheck,19.299255684018135,4.549074452370405,100.03750115650297,13.970334496150597
global,unrelated,100,2,1,EXECUTE,published_after_gate_recheck,20.877506118267775,4.531512036919594,100.03750115650297,13.970334496150597
global,unrelated,100,3,0,REVOKE,context_version_changed_at_publish,24.644253309816122,10.13454282656312,100.03750115650297,13.970334496150597
global,unrelated,100,4,0,REVOKE,context_version_changed_at_publish,19.10561276599765,7.642968092113733,100.03750115650297,13.970334496150597
global,unrelated,100,5,0,REVOKE,context_version_changed_at_publish,20.039444789290428,8.724377024918795,100.03750115650297,13.970334496150597
global,unrelated,100,6,0,REVOKE,context_version_changed_at_publish,20.893617067486048,8.955259807407856,100.03750115650297,13.970334496150597
global,unrelated,100,7,0,REVOKE,context_version_changed_at_publish,19.564333371818066,6.710749119520187,100.03750115650297,13.970334496150597
global,unrelated,100,8,0,REVOKE,context_version_changed_at_publish,19.233071245253086,7.731535006314516,100.03750115650297,13.970334496150597
global,unrelated,100,9,0,REVOKE,context_version_changed_at_publish,19.877570681273937,8.199051022529602,100.03750115650297,13.970334496150597
global,unrelated,100,10,0,REVOKE,context_version_changed_at_publish,19.73493304103613,9.08099627122283,100.03750115650297,13.970334496150597
global,unrelated,100,11,1,EXECUTE,published_after_gate_recheck,14.646497089415789,4.01333998888731,100.03750115650297,13.970334496150597
global,unrelated,100,12,0,REVOKE,context_version_changed_at_publish,16.94955723360181,6.432488095015287,100.03750115650297,13.970334496150597
global,unrelated,100,13,0,REVOKE,context_version_changed_at_publish,17.869574017822742,6.709917914122343,100.03750115650297,13.970334496150597
global,unrelated,100,14,0,REVOKE,context_version_changed_at_publish,19.61637008935213,8.308777119964361,100.03750115650297,13.970334496150597
global,unrelated,100,15,1,EXECUTE,published_after_gate_recheck,15.251121018081903,4.298293963074684,100.03750115650297,13.970334496150597
global,unrelated,100,16,0,REVOKE,context_version_changed_at_publish,24.66466184705496,8.631383068859577,100.03750115650297,13.970334496150597
global,unrelated,100,17,1,EXECUTE,published_after_gate_recheck,16.108911018818617,4.486727062612772,100.03750115650297,13.970334496150597
global,unrelated,100,18,0,REVOKE,context_version_changed_at_publish,23.994263261556625,9.029399137943983,100.03750115650297,13.970334496150597
global,unrelated,100,19,1,EXECUTE,published_after_gate_recheck,14.618495013564825,4.152970854192972,100.03750115650297,13.970334496150597
global,unrelated,100,20,0,REVOKE,context_version_changed_at_publish,16.638925299048424,5.608732346445322,100.03750115650297,13.970334496150597
global,unrelated,100,21,0,REVOKE,context_version_changed_at_publish,19.045439083129168,8.257932029664516,100.03750115650297,13.970334496150597
global,unrelated,100,22,1,EXECUTE,published_after_gate_recheck,14.73055500537157,4.319763742387295,100.03750115650297,13.970334496150597
global,unrelated,100,23,1,EXECUTE,published_after_gate_recheck,19.434859044849873,4.758576862514019,100.03750115650297,13.970334496150597
global,unrelated,100,24,1,EXECUTE,published_after_gate_recheck,20.524163730442524,4.411556292325258,100.03750115650297,13.970334496150597
global,unrelated,100,25,1,EXECUTE,published_after_gate_recheck,19.256274681538343,4.702331032603979,100.03750115650297,13.970334496150597
global,unrelated,100,26,0,REVOKE,context_version_changed_at_publish,17.38160802051425,6.190694402903318,100.03750115650297,13.970334496150597
global,unrelated,100,27,0,REVOKE,context_version_changed_at_publish,18.06761510670185,7.30337155982852,100.03750115650297,13.970334496150597
global,unrelated,100,28,1,EXECUTE,published_after_gate_recheck,14.625137206166983,4.295487888157368,100.03750115650297,13.970334496150597
global,unrelated,100,29,0,REVOKE,context_version_changed_at_publish,17.222580034285784,6.056833080947399,100.03750115650297,13.970334496150597
global,unrelated,100,30,0,REVOKE,context_version_changed_at_publish,18.385992851108313,7.573707960546017,100.03750115650297,13.970334496150597
global,unrelated,100,31,1,EXECUTE,published_after_gate_recheck,15.362931415438652,4.660282749682665,100.03750115650297,13.970334496150597
global,unrelated,100,32,1,EXECUTE,published_after_gate_recheck,16.603898722678423,4.103558138012886,100.03750115650297,13.970334496150597
global,unrelated,100,33,0,REVOKE,context_version_changed_at_publish,17.360829282552004,6.921644788235426,100.03750115650297,13.970334496150597
global,unrelated,100,34,0,REVOKE,context_version_changed_at_publish,19.101073034107685,8.325397968292236,100.03750115650297,13.970334496150597
global,unrelated,100,35,1,EXECUTE,published_after_gate_recheck,15.463089104741812,4.41058399155736,100.03750115650297,13.970334496150597
global,unrelated,100,36,0,REVOKE,context_version_changed_at_publish,17.62491464614868,6.292445119470358,100.03750115650297,13.970334496150597
global,unrelated,100,37,0,REVOKE,context_version_changed_at_publish,21.728262770920992,10.338404681533575,100.03750115650297,13.970334496150597
global,unrelated,100,38,0,REVOKE,context_version_changed_at_publish,17.33495993539691,6.0485368594527245,100.03750115650297,13.970334496150597
global,unrelated,100,39,0,REVOKE,context_version_changed_at_publish,18.639818765223026,6.626681890338659,100.03750115650297,13.970334496150597
global,unrelated,100,40,1,EXECUTE,published_after_gate_recheck,15.826490242034197,4.418028052896261,100.03750115650297,13.970334496150597
global,unrelated,100,41,0,REVOKE,context_version_changed_at_publish,24.071027990430593,9.0406509116292,100.03750115650297,13.970334496150597
global,unrelated,100,42,1,EXECUTE,published_after_gate_recheck,15.313107054680586,4.291670862585306,100.03750115650297,13.970334496150597
global,unrelated,100,43,1,EXECUTE,published_after_gate_recheck,21.01937308907509,5.390362814068794,100.03750115650297,13.970334496150597
global,unrelated,100,44,1,EXECUTE,published_after_gate_recheck,18.057496286928654,4.12724306806922,100.03750115650297,13.970334496150597
global,unrelated,100,45,1,EXECUTE,published_after_gate_recheck,19.639413338154554,4.039277788251638,100.03750115650297,13.970334496150597
global,unrelated,100,46,0,REVOKE,context_version_changed_at_publish,16.822208650410175,5.487043876200914,100.03750115650297,13.970334496150597
global,unrelated,100,47,0,REVOKE,context_version_changed_at_publish,18.468888010829687,7.069361861795187,100.03750115650297,13.970334496150597
global,unrelated,100,48,0,REVOKE,context_version_changed_at_publish,20.054591819643974,8.28243838623166,100.03750115650297,13.970334496150597
global,unrelated,100,49,0,REVOKE,context_version_changed_at_publish,19.390235655009747,8.479488082230091,100.03750115650297,13.970334496150597
global,unrelated,100,50,0,REVOKE,context_version_changed_at_publish,21.35857893154025,7.993194740265608,100.03750115650297,13.970334496150597
global,unrelated,100,51,0,REVOKE,context_version_changed_at_publish,19.03725415468216,7.156907115131617,100.03750115650297,13.970334496150597
global,unrelated,100,52,1,EXECUTE,published_after_gate_recheck,15.371647197753191,4.16248943656683,100.03750115650297,13.970334496150597
global,unrelated,100,53,1,EXECUTE,published_after_gate_recheck,18.192910123616457,4.3026721104979515,100.03750115650297,13.970334496150597
global,unrelated,100,54,0,REVOKE,context_version_changed_at_publish,17.781377770006657,5.997460801154375,100.03750115650297,13.970334496150597
global,unrelated,100,55,0,REVOKE,context_version_changed_at_publish,19.454315770417452,8.458878844976425,100.03750115650297,13.970334496150597
global,unrelated,100,56,0,REVOKE,context_version_changed_at_publish,18.778959289193153,7.8882090747356415,100.03750115650297,13.970334496150597
global,unrelated,100,57,0,REVOKE,context_version_changed_at_publish,19.75715486332774,8.974566124379635,100.03750115650297,13.970334496150597
global,unrelated,100,58,1,EXECUTE,published_after_gate_recheck,14.845820609480143,4.525530152022839,100.03750115650297,13.970334496150597
global,unrelated,100,59,0,REVOKE,context_version_changed_at_publish,27.188496198505163,11.377755086869001,100.03750115650297,13.970334496150597
global,unrelated,100,60,0,REVOKE,context_version_changed_at_publish,17.729459796100855,6.9686430506408215,100.03750115650297,13.970334496150597
global,unrelated,100,61,1,EXECUTE,published_after_gate_recheck,16.147953923791647,4.553953185677528,100.03750115650297,13.970334496150597
global,unrelated,100,62,0,REVOKE,context_version_changed_at_publish,24.00975301861763,8.776575326919556,100.03750115650297,13.970334496150597
global,unrelated,100,63,0,REVOKE,context_version_changed_at_publish,21.196103654801846,9.346833918243647,100.03750115650297,13.970334496150597
global,unrelated,100,64,0,REVOKE,context_version_changed_at_publish,18.491460010409355,7.688453886657953,100.03750115650297,13.970334496150597
global,unrelated,100,65,0,REVOKE,context_version_changed_at_publish,22.45147991925478,8.877003099769354,100.03750115650297,13.970334496150597
global,unrelated,100,66,0,REVOKE,context_version_changed_at_publish,18.81397608667612,6.35726610198617,100.03750115650297,13.970334496150597
global,unrelated,100,67,0,REVOKE,context_version_changed_at_publish,19.99701512977481,8.776513859629631,100.03750115650297,13.970334496150597
global,unrelated,100,68,0,REVOKE,context_version_changed_at_publish,19.264020025730133,8.346186950802803,100.03750115650297,13.970334496150597
global,unrelated,100,69,0,REVOKE,context_version_changed_at_publish,20.25048015639186,8.147334679961205,100.03750115650297,13.970334496150597
global,unrelated,100,70,0,REVOKE,context_version_changed_at_publish,18.937075976282358,7.272773887962103,100.03750115650297,13.970334496150597
global,unrelated,100,71,1,EXECUTE,published_after_gate_recheck,15.511630102992058,4.285580012947321,100.03750115650297,13.970334496150597
global,unrelated,100,72,0,REVOKE,context_version_changed_at_publish,26.41399297863245,10.850516147911549,100.03750115650297,13.970334496150597
global,unrelated,100,73,0,REVOKE,context_version_changed_at_publish,19.079382997006178,6.8072304129600525,100.03750115650297,13.970334496150597
global,unrelated,100,74,0,REVOKE,context_version_changed_at_publish,19.47253104299307,7.738127373158932,100.03750115650297,13.970334496150597
global,unrelated,100,75,0,REVOKE,context_version_changed_at_publish,20.331723149865866,9.035559836775064,100.03750115650297,13.970334496150597
global,unrelated,100,76,0,REVOKE,context_version_changed_at_publish,18.87347688898444,6.750132888555527,100.03750115650297,13.970334496150597
global,unrelated,100,77,0,REVOKE,context_version_changed_at_publish,21.12787589430809,9.916563984006643,100.03750115650297,13.970334496150597
global,unrelated,100,78,0,REVOKE,context_version_changed_at_publish,19.43241525441408,7.937571033835411,100.03750115650297,13.970334496150597
global,unrelated,100,79,0,REVOKE,context_version_changed_at_publish,20.097303204238415,8.010437712073326,100.03750115650297,13.970334496150597
global,unrelated,100,80,0,REVOKE,context_version_changed_at_publish,21.076528821140528,8.171339053660631,100.03750115650297,13.970334496150597
global,unrelated,100,81,0,REVOKE,context_version_changed_at_publish,18.431597389280796,6.205009762197733,100.03750115650297,13.970334496150597
global,unrelated,100,82,1,EXECUTE,published_after_gate_recheck,16.766123939305544,4.9871462397277355,100.03750115650297,13.970334496150597
global,unrelated,100,83,0,REVOKE,context_version_changed_at_publish,23.34465505555272,7.958981208503246,100.03750115650297,13.970334496150597
global,unrelated,100,84,0,REVOKE,context_version_changed_at_publish,19.939116202294827,8.740377146750689,100.03750115650297,13.970334496150597
global,unrelated,100,85,0,REVOKE,context_version_changed_at_publish,23.94171478226781,8.153907023370266,100.03750115650297,13.970334496150597
global,unrelated,100,86,0,REVOKE,context_version_changed_at_publish,26.550218928605318,9.266814216971397,100.03750115650297,13.970334496150597
global,unrelated,100,87,0,REVOKE,context_version_changed_at_publish,17.62196933850646,7.227257825434208,100.03750115650297,13.970334496150597
global,unrelated,100,88,1,EXECUTE,published_after_gate_recheck,15.988314989954233,4.377922974526882,100.03750115650297,13.970334496150597
global,unrelated,100,89,0,REVOKE,context_version_changed_at_publish,23.13237590715289,8.300411980599165,100.03750115650297,13.970334496150597
global,unrelated,100,90,0,REVOKE,context_version_changed_at_publish,21.379457786679268,9.427946992218494,100.03750115650297,13.970334496150597
global,unrelated,100,91,0,REVOKE,context_version_changed_at_publish,19.255774095654488,8.307995740324259,100.03750115650297,13.970334496150597
global,unrelated,100,92,0,REVOKE,context_version_changed_at_publish,22.9142471216619,9.233130607753992,100.03750115650297,13.970334496150597
global,unrelated,100,93,0,REVOKE,context_version_changed_at_publish,18.730298150330782,6.2760040163993835,100.03750115650297,13.970334496150597
global,unrelated,100,94,0,REVOKE,context_version_changed_at_publish,18.816519994288683,7.498097140341997,100.03750115650297,13.970334496150597
global,unrelated,100,95,0,REVOKE,context_version_changed_at_publish,20.86765831336379,8.673470932990313,100.03750115650297,13.970334496150597
global,unrelated,100,96,0,REVOKE,context_version_changed_at_publish,18.839152064174414,8.233435917645693,100.03750115650297,13.970334496150597
global,unrelated,100,97,0,REVOKE,context_version_changed_at_publish,22.315694950520992,10.172574315220118,100.03750115650297,13.970334496150597
global,unrelated,100,98,0,REVOKE,context_version_changed_at_publish,19.24720825627446,6.114241201430559,100.03750115650297,13.970334496150597
global,unrelated,100,99,0,REVOKE,context_version_changed_at_publish,18.004416022449732,6.123526953160763,100.03750115650297,13.970334496150597
readset,unrelated,100,0,1,EXECUTE,published_after_gate_recheck,24.166286922991276,9.753318037837744,100.06435461656645,51.19005480080474
readset,unrelated,100,1,1,EXECUTE,published_after_gate_recheck,19.434629008173943,6.830202881246805,100.06435461656645,51.19005480080474
readset,unrelated,100,2,1,EXECUTE,published_after_gate_recheck,21.006738767027855,8.630480617284775,100.06435461656645,51.19005480080474
readset,unrelated,100,3,1,EXECUTE,published_after_gate_recheck,19.65902093797922,6.980615667998791,100.06435461656645,51.19005480080474
readset,unrelated,100,4,1,EXECUTE,published_after_gate_recheck,20.79368894919753,6.848317105323076,100.06435461656645,51.19005480080474
readset,unrelated,100,5,1,EXECUTE,published_after_gate_recheck,20.785954780876637,7.480673957616091,100.06435461656645,51.19005480080474
readset,unrelated,100,6,1,EXECUTE,published_after_gate_recheck,24.500663857907057,5.384180694818497,100.06435461656645,51.19005480080474
readset,unrelated,100,7,1,EXECUTE,published_after_gate_recheck,23.57686124742031,9.41906962543726,100.06435461656645,51.19005480080474
readset,unrelated,100,8,1,EXECUTE,published_after_gate_recheck,22.038495168089867,7.644660770893097,100.06435461656645,51.19005480080474
readset,unrelated,100,9,1,EXECUTE,published_after_gate_recheck,27.777120005339384,9.131219703704119,100.06435461656645,51.19005480080474
readset,unrelated,100,10,1,EXECUTE,published_after_gate_recheck,22.523003164678812,8.811961859464645,100.06435461656645,51.19005480080474
readset,unrelated,100,11,1,EXECUTE,published_after_gate_recheck,19.23643797636032,4.219916183501482,100.06435461656645,51.19005480080474
readset,unrelated,100,12,1,EXECUTE,published_after_gate_recheck,18.645017873495817,6.272417027503252,100.06435461656645,51.19005480080474
readset,unrelated,100,13,1,EXECUTE,published_after_gate_recheck,18.753721844404936,6.76728505641222,100.06435461656645,51.19005480080474
readset,unrelated,100,14,1,EXECUTE,published_after_gate_recheck,20.893346052616835,6.856361869722605,100.06435461656645,51.19005480080474
readset,unrelated,100,15,1,EXECUTE,published_after_gate_recheck,18.21553288027644,6.294277962297201,100.06435461656645,51.19005480080474
readset,unrelated,100,16,1,EXECUTE,published_after_gate_recheck,19.73582385107875,8.655006997287273,100.06435461656645,51.19005480080474
readset,unrelated,100,17,1,EXECUTE,published_after_gate_recheck,19.29941540583968,7.661432959139347,100.06435461656645,51.19005480080474
readset,unrelated,100,18,1,EXECUTE,published_after_gate_recheck,15.928572043776512,5.040246061980724,100.06435461656645,51.19005480080474
readset,unrelated,100,19,1,EXECUTE,published_after_gate_recheck,26.868936140090227,11.581858154386282,100.06435461656645,51.19005480080474
readset,unrelated,100,20,1,EXECUTE,published_after_gate_recheck,18.792153801769018,6.629216950386763,100.06435461656645,51.19005480080474
readset,unrelated,100,21,1,EXECUTE,published_after_gate_recheck,18.431727774441242,7.01947882771492,100.06435461656645,51.19005480080474
readset,unrelated,100,22,1,EXECUTE,published_after_gate_recheck,20.952556747943163,8.798354770988226,100.06435461656645,51.19005480080474
readset,unrelated,100,23,1,EXECUTE,published_after_gate_recheck,20.806313026696444,7.646364625543356,100.06435461656645,51.19005480080474
readset,unrelated,100,24,1,EXECUTE,published_after_gate_recheck,19.701529759913683,6.781511940062046,100.06435461656645,51.19005480080474
readset,unrelated,100,25,1,EXECUTE,published_after_gate_recheck,18.3572880923748,6.142602767795324,100.06435461656645,51.19005480080474
readset,unrelated,100,26,1,EXECUTE,published_after_gate_recheck,20.55370807647705,9.63327195495367,100.06435461656645,51.19005480080474
readset,unrelated,100,27,1,EXECUTE,published_after_gate_recheck,20.336591638624668,6.567319855093956,100.06435461656645,51.19005480080474
readset,unrelated,100,28,1,EXECUTE,published_after_gate_recheck,20.015640184283257,7.593925576657057,100.06435461656645,51.19005480080474
readset,unrelated,100,29,1,EXECUTE,published_after_gate_recheck,18.854381050914526,6.968652829527855,100.06435461656645,51.19005480080474
readset,unrelated,100,30,1,EXECUTE,published_after_gate_recheck,19.238270819187164,7.444365881383419,100.06435461656645,51.19005480080474
readset,unrelated,100,31,1,EXECUTE,published_after_gate_recheck,22.037703078240156,8.819285314530134,100.06435461656645,51.19005480080474
readset,unrelated,100,32,1,EXECUTE,published_after_gate_recheck,18.65855325013399,7.637768983840942,100.06435461656645,51.19005480080474
readset,unrelated,100,33,1,EXECUTE,published_after_gate_recheck,20.301896147429943,8.669544011354446,100.06435461656645,51.19005480080474
readset,unrelated,100,34,1,EXECUTE,published_after_gate_recheck,19.300587940961123,8.431506808847189,100.06435461656645,51.19005480080474
readset,unrelated,100,35,1,EXECUTE,published_after_gate_recheck,20.372708793729544,9.362774901092052,100.06435461656645,51.19005480080474
readset,unrelated,100,36,1,EXECUTE,published_after_gate_recheck,17.794623039662838,7.2294920682907104,100.06435461656645,51.19005480080474
readset,unrelated,100,37,1,EXECUTE,published_after_gate_recheck,15.154128894209862,4.284447990357876,100.06435461656645,51.19005480080474
readset,unrelated,100,38,1,EXECUTE,published_after_gate_recheck,16.48685010150075,6.0419440269470215,100.06435461656645,51.19005480080474
readset,unrelated,100,39,1,EXECUTE,published_after_gate_recheck,17.97700487077236,7.424929179251194,100.06435461656645,51.19005480080474
readset,unrelated,100,40,1,EXECUTE,published_after_gate_recheck,14.282565098255873,3.760694991797209,100.06435461656645,51.19005480080474
readset,unrelated,100,41,1,EXECUTE,published_after_gate_recheck,17.75152189657092,7.11259339004755,100.06435461656645,51.19005480080474
readset,unrelated,100,42,1,EXECUTE,published_after_gate_recheck,19.845230039209127,6.595342885702848,100.06435461656645,51.19005480080474
readset,unrelated,100,43,1,EXECUTE,published_after_gate_recheck,15.231424011290073,4.540707916021347,100.06435461656645,51.19005480080474
readset,unrelated,100,44,1,EXECUTE,published_after_gate_recheck,17.856188118457794,3.952744882553816,100.06435461656645,51.19005480080474
readset,unrelated,100,45,1,EXECUTE,published_after_gate_recheck,16.132214106619358,5.986711010336876,100.06435461656645,51.19005480080474
readset,unrelated,100,46,1,EXECUTE,published_after_gate_recheck,18.939680885523558,8.389167953282595,100.06435461656645,51.19005480080474
readset,unrelated,100,47,1,EXECUTE,published_after_gate_recheck,14.545287005603313,3.8830935955047607,100.06435461656645,51.19005480080474
readset,unrelated,100,48,1,EXECUTE,published_after_gate_recheck,16.730295959860086,6.277437321841717,100.06435461656645,51.19005480080474
readset,unrelated,100,49,1,EXECUTE,published_after_gate_recheck,13.947054743766785,4.197604954242706,100.06435461656645,51.19005480080474
readset,unrelated,100,50,1,EXECUTE,published_after_gate_recheck,19.837094005197287,3.804988693445921,100.06435461656645,51.19005480080474
readset,unrelated,100,51,1,EXECUTE,published_after_gate_recheck,19.531551282852888,4.353577271103859,100.06435461656645,51.19005480080474
readset,unrelated,100,52,1,EXECUTE,published_after_gate_recheck,17.093908973038197,6.604350171983242,100.06435461656645,51.19005480080474
readset,unrelated,100,53,1,EXECUTE,published_after_gate_recheck,19.30254092440009,7.216156926006079,100.06435461656645,51.19005480080474
readset,unrelated,100,54,1,EXECUTE,published_after_gate_recheck,19.234715029597282,8.516007103025913,100.06435461656645,51.19005480080474
readset,unrelated,100,55,1,EXECUTE,published_after_gate_recheck,20.326592959463596,8.026708383113146,100.06435461656645,51.19005480080474
readset,unrelated,100,56,1,EXECUTE,published_after_gate_recheck,14.668317046016455,4.152520094066858,100.06435461656645,51.19005480080474
readset,unrelated,100,57,1,EXECUTE,published_after_gate_recheck,19.669711124151945,4.380807746201754,100.06435461656645,51.19005480080474
readset,unrelated,100,58,1,EXECUTE,published_after_gate_recheck,22.568027954548597,5.393258295953274,100.06435461656645,51.19005480080474
readset,unrelated,100,59,1,EXECUTE,published_after_gate_recheck,21.878484170883894,7.4103521183133125,100.06435461656645,51.19005480080474
readset,unrelated,100,60,1,EXECUTE,published_after_gate_recheck,20.091822370886803,8.34548706188798,100.06435461656645,51.19005480080474
readset,unrelated,100,61,1,EXECUTE,published_after_gate_recheck,21.491688676178455,8.696924895048141,100.06435461656645,51.19005480080474
readset,unrelated,100,62,1,EXECUTE,published_after_gate_recheck,20.3743320889771,8.336259052157402,100.06435461656645,51.19005480080474
readset,unrelated,100,63,1,EXECUTE,published_after_gate_recheck,19.513406790792942,6.486177910119295,100.06435461656645,51.19005480080474
readset,unrelated,100,64,1,EXECUTE,published_after_gate_recheck,19.200009759515524,8.14821571111679,100.06435461656645,51.19005480080474
readset,unrelated,100,65,1,EXECUTE,published_after_gate_recheck,18.422490917146206,6.864858791232109,100.06435461656645,51.19005480080474
readset,unrelated,100,66,1,EXECUTE,published_after_gate_recheck,16.18103589862585,3.9931717328727245,100.06435461656645,51.19005480080474
readset,unrelated,100,67,1,EXECUTE,published_after_gate_recheck,18.640178721398115,6.990713998675346,100.06435461656645,51.19005480080474
readset,unrelated,100,68,1,EXECUTE,published_after_gate_recheck,18.779220059514046,6.568172015249729,100.06435461656645,51.19005480080474
readset,unrelated,100,69,1,EXECUTE,published_after_gate_recheck,17.68641034141183,6.336738355457783,100.06435461656645,51.19005480080474
readset,unrelated,100,70,1,EXECUTE,published_after_gate_recheck,20.67594788968563,8.94588278606534,100.06435461656645,51.19005480080474
readset,unrelated,100,71,1,EXECUTE,published_after_gate_recheck,19.187365658581257,7.174849975854158,100.06435461656645,51.19005480080474
readset,unrelated,100,72,1,EXECUTE,published_after_gate_recheck,18.733673729002476,8.247502148151398,100.06435461656645,51.19005480080474
readset,unrelated,100,73,1,EXECUTE,published_after_gate_recheck,15.798687934875488,4.29000798612833,100.06435461656645,51.19005480080474
readset,unrelated,100,74,1,EXECUTE,published_after_gate_recheck,19.32116597890854,4.425072111189365,100.06435461656645,51.19005480080474
readset,unrelated,100,75,1,EXECUTE,published_after_gate_recheck,20.724960137158632,4.888912197202444,100.06435461656645,51.19005480080474
readset,unrelated,100,76,1,EXECUTE,published_after_gate_recheck,19.93302395567298,4.797570873051882,100.06435461656645,51.19005480080474
readset,unrelated,100,77,1,EXECUTE,published_after_gate_recheck,19.194448832422495,4.3772319331765175,100.06435461656645,51.19005480080474
readset,unrelated,100,78,1,EXECUTE,published_after_gate_recheck,20.049432758241892,4.519869107753038,100.06435461656645,51.19005480080474
readset,unrelated,100,79,1,EXECUTE,published_after_gate_recheck,20.202400162816048,4.468293394893408,100.06435461656645,51.19005480080474
readset,unrelated,100,80,1,EXECUTE,published_after_gate_recheck,18.737380858510733,4.350901581346989,100.06435461656645,51.19005480080474
readset,unrelated,100,81,1,EXECUTE,published_after_gate_recheck,17.43356604129076,6.867974065244198,100.06435461656645,51.19005480080474
readset,unrelated,100,82,1,EXECUTE,published_after_gate_recheck,17.740421928465366,6.593058351427317,100.06435461656645,51.19005480080474
readset,unrelated,100,83,1,EXECUTE,published_after_gate_recheck,20.48509009182453,8.469950407743454,100.06435461656645,51.19005480080474
readset,unrelated,100,84,1,EXECUTE,published_after_gate_recheck,18.951794132590294,7.797989062964916,100.06435461656645,51.19005480080474
readset,unrelated,100,85,1,EXECUTE,published_after_gate_recheck,15.239289030432701,4.249993246048689,100.06435461656645,51.19005480080474
readset,unrelated,100,86,1,EXECUTE,published_after_gate_recheck,24.72108695656061,8.453288115561008,100.06435461656645,51.19005480080474
readset,unrelated,100,87,1,EXECUTE,published_after_gate_recheck,15.833814162760973,4.44904575124383,100.06435461656645,51.19005480080474
readset,unrelated,100,88,1,EXECUTE,published_after_gate_recheck,25.10665124282241,7.321525830775499,100.06435461656645,51.19005480080474
readset,unrelated,100,89,1,EXECUTE,published_after_gate_recheck,20.521919708698988,8.493374101817608,100.06435461656645,51.19005480080474
readset,unrelated,100,90,1,EXECUTE,published_after_gate_recheck,18.728123977780342,7.6012699864804745,100.06435461656645,51.19005480080474
readset,unrelated,100,91,1,EXECUTE,published_after_gate_recheck,20.697178319096565,9.205268695950508,100.06435461656645,51.19005480080474
readset,unrelated,100,92,1,EXECUTE,published_after_gate_recheck,20.277931820601225,7.653959095478058,100.06435461656645,51.19005480080474
readset,unrelated,100,93,1,EXECUTE,published_after_gate_recheck,21.01073693484068,8.242813870310783,100.06435461656645,51.19005480080474
readset,unrelated,100,94,1,EXECUTE,published_after_gate_recheck,18.487111665308475,6.239044945687056,100.06435461656645,51.19005480080474
readset,unrelated,100,95,1,EXECUTE,published_after_gate_recheck,20.469259936362505,8.895187173038721,100.06435461656645,51.19005480080474
readset,unrelated,100,96,1,EXECUTE,published_after_gate_recheck,18.76320969313383,7.260130252689123,100.06435461656645,51.19005480080474
readset,unrelated,100,97,1,EXECUTE,published_after_gate_recheck,21.97929285466671,10.371447075158358,100.06435461656645,51.19005480080474
readset,unrelated,100,98,1,EXECUTE,published_after_gate_recheck,18.37368868291378,6.257699802517891,100.06435461656645,51.19005480080474
readset,unrelated,100,99,1,EXECUTE,published_after_gate_recheck,20.356027875095606,8.193560875952244,100.06435461656645,51.19005480080474
global,related_same,100,0,0,REVOKE,context_version_changed_at_publish,24.26636405289173,9.512295015156269,100.0585961017526,14.541280107692659
global,related_same,100,1,0,REVOKE,context_version_changed_at_publish,21.22100070118904,6.9028702564537525,100.0585961017526,14.541280107692659
global,related_same,100,2,0,REVOKE,context_version_changed_at_publish,18.9486276358366,6.770091131329536,100.0585961017526,14.541280107692659
global,related_same,100,3,0,REVOKE,context_version_changed_at_publish,19.676873926073313,7.617340888828039,100.0585961017526,14.541280107692659
global,related_same,100,4,0,REVOKE,context_version_changed_at_publish,19.77925607934594,7.919047027826309,100.0585961017526,14.541280107692659
global,related_same,100,5,0,REVOKE,context_version_changed_at_publish,19.28867492824793,8.835024666041136,100.0585961017526,14.541280107692659
global,related_same,100,6,0,REVOKE,context_version_changed_at_publish,19.141329918056726,7.127221208065748,100.0585961017526,14.541280107692659
global,related_same,100,7,1,EXECUTE,published_after_gate_recheck,15.381696168333292,4.10386873409152,100.0585961017526,14.541280107692659
global,related_same,100,8,1,EXECUTE,published_after_gate_recheck,18.391543067991734,4.162418656051159,100.0585961017526,14.541280107692659
global,related_same,100,9,0,REVOKE,context_version_changed_at_publish,17.38622598350048,6.819041911512613,100.0585961017526,14.541280107692659
global,related_same,100,10,0,REVOKE,context_version_changed_at_publish,18.271448090672493,7.885452825576067,100.0585961017526,14.541280107692659
global,related_same,100,11,1,EXECUTE,published_after_gate_recheck,15.47663426026702,4.665553104132414,100.0585961017526,14.541280107692659
global,related_same,100,12,1,EXECUTE,published_after_gate_recheck,18.562813755124807,4.171145148575306,100.0585961017526,14.541280107692659
global,related_same,100,13,0,REVOKE,context_version_changed_at_publish,16.771723981946707,6.335115060210228,100.0585961017526,14.541280107692659
global,related_same,100,14,0,REVOKE,context_version_changed_at_publish,18.858468625694513,6.959677208214998,100.0585961017526,14.541280107692659
global,related_same,100,15,0,REVOKE,context_version_changed_at_publish,19.376249983906746,8.768959902226925,100.0585961017526,14.541280107692659
global,related_same,100,16,1,EXECUTE,published_after_gate_recheck,15.31457994133234,4.215509165078402,100.0585961017526,14.541280107692659
global,related_same,100,17,1,EXECUTE,published_after_gate_recheck,19.046480767428875,4.030331037938595,100.0585961017526,14.541280107692659
global,related_same,100,18,0,REVOKE,context_version_changed_at_publish,19.199277739971876,6.764260120689869,100.0585961017526,14.541280107692659
global,related_same,100,19,0,REVOKE,context_version_changed_at_publish,16.97953324764967,6.235869135707617,100.0585961017526,14.541280107692659
global,related_same,100,20,1,EXECUTE,published_after_gate_recheck,14.357835054397583,4.446591716259718,100.0585961017526,14.541280107692659
global,related_same,100,21,0,REVOKE,context_version_changed_at_publish,17.887196969240904,6.948133930563927,100.0585961017526,14.541280107692659
global,related_same,100,22,0,REVOKE,context_version_changed_at_publish,16.309216152876616,5.811341572552919,100.0585961017526,14.541280107692659
global,related_same,100,23,1,EXECUTE,published_after_gate_recheck,15.175378881394863,4.3351431377232075,100.0585961017526,14.541280107692659
global,related_same,100,24,0,REVOKE,context_version_changed_at_publish,16.542884055525064,6.7271399311721325,100.0585961017526,14.541280107692659
global,related_same,100,25,0,REVOKE,context_version_changed_at_publish,18.79384694620967,8.94138403236866,100.0585961017526,14.541280107692659
global,related_same,100,26,0,REVOKE,context_version_changed_at_publish,19.33002332225442,8.22546100243926,100.0585961017526,14.541280107692659
global,related_same,100,27,0,REVOKE,context_version_changed_at_publish,19.959382712841034,8.931214921176434,100.0585961017526,14.541280107692659
global,related_same,100,28,1,EXECUTE,published_after_gate_recheck,14.634844847023487,4.3224189430475235,100.0585961017526,14.541280107692659
global,related_same,100,29,0,REVOKE,context_version_changed_at_publish,16.532294917851686,6.248162128031254,100.0585961017526,14.541280107692659
global,related_same,100,30,0,REVOKE,context_version_changed_at_publish,19.474323838949203,8.408735040575266,100.0585961017526,14.541280107692659
global,related_same,100,31,0,REVOKE,context_version_changed_at_publish,19.680471159517765,8.872004225850105,100.0585961017526,14.541280107692659
global,related_same,100,32,1,EXECUTE,published_after_gate_recheck,14.482710044831038,4.1529107838869095,100.0585961017526,14.541280107692659
global,related_same,100,33,1,EXECUTE,published_after_gate_recheck,19.83121270313859,4.193516913801432,100.0585961017526,14.541280107692659
global,related_same,100,34,0,REVOKE,context_version_changed_at_publish,16.789086163043976,5.756189115345478,100.0585961017526,14.541280107692659
global,related_same,100,35,0,REVOKE,context_version_changed_at_publish,18.59801961109042,5.794229917228222,100.0585961017526,14.541280107692659
global,related_same,100,36,0,REVOKE,context_version_changed_at_publish,22.15932123363018,7.490050978958607,100.0585961017526,14.541280107692659
global,related_same,100,37,0,REVOKE,context_version_changed_at_publish,17.98262493684888,6.08105817809701,100.0585961017526,14.541280107692659
global,related_same,100,38,0,REVOKE,context_version_changed_at_publish,21.303514949977398,9.223663713783026,100.0585961017526,14.541280107692659
global,related_same,100,39,0,REVOKE,context_version_changed_at_publish,19.546258728951216,7.290085777640343,100.0585961017526,14.541280107692659
global,related_same,100,40,0,REVOKE,context_version_changed_at_publish,21.86619071289897,9.151538368314505,100.0585961017526,14.541280107692659
global,related_same,100,41,0,REVOKE,context_version_changed_at_publish,19.878072198480368,5.997430998831987,100.0585961017526,14.541280107692659
global,related_same,100,42,0,REVOKE,context_version_changed_at_publish,18.525745254009962,5.8063929900527,100.0585961017526,14.541280107692659
global,related_same,100,43,0,REVOKE,context_version_changed_at_publish,18.031336832791567,6.283056922256947,100.0585961017526,14.541280107692659
global,related_same,100,44,0,REVOKE,context_version_changed_at_publish,19.794415216892958,9.179170243442059,100.0585961017526,14.541280107692659
global,related_same,100,45,0,REVOKE,context_version_changed_at_publish,20.733235869556665,8.542385883629322,100.0585961017526,14.541280107692659
global,related_same,100,46,0,REVOKE,context_version_changed_at_publish,19.321356900036335,8.070371113717556,100.0585961017526,14.541280107692659
global,related_same,100,47,1,EXECUTE,published_after_gate_recheck,15.606848988682032,4.106523934751749,100.0585961017526,14.541280107692659
global,related_same,100,48,1,EXECUTE,published_after_gate_recheck,19.814691971987486,5.07882796227932,100.0585961017526,14.541280107692659
global,related_same,100,49,0,REVOKE,context_version_changed_at_publish,24.651085026562214,8.238414768129587,100.0585961017526,14.541280107692659
global,related_same,100,50,0,REVOKE,context_version_changed_at_publish,19.596633967012167,8.634558878839016,100.0585961017526,14.541280107692659
global,related_same,100,51,0,REVOKE,context_version_changed_at_publish,18.510656896978617,7.795694284141064,100.0585961017526,14.541280107692659
global,related_same,100,52,1,EXECUTE,published_after_gate_recheck,15.242213848978281,4.239292815327644,100.0585961017526,14.541280107692659
global,related_same,100,53,0,REVOKE,context_version_changed_at_publish,16.82967320084572,6.556760985404253,100.0585961017526,14.541280107692659
global,related_same,100,54,0,REVOKE,context_version_changed_at_publish,18.971489742398262,7.419608999043703,100.0585961017526,14.541280107692659
global,related_same,100,55,0,REVOKE,context_version_changed_at_publish,19.351845141500235,7.974329870194197,100.0585961017526,14.541280107692659
global,related_same,100,56,0,REVOKE,context_version_changed_at_publish,22.50970806926489,9.165634866803885,100.0585961017526,14.541280107692659
global,related_same,100,57,0,REVOKE,context_version_changed_at_publish,19.306588917970657,6.944728083908558,100.0585961017526,14.541280107692659
global,related_same,100,58,0,REVOKE,context_version_changed_at_publish,19.0441170707345,7.643458899110556,100.0585961017526,14.541280107692659
global,related_same,100,59,1,EXECUTE,published_after_gate_recheck,15.82763297483325,4.395907279103994,100.0585961017526,14.541280107692659
global,related_same,100,60,1,EXECUTE,published_after_gate_recheck,18.73570866882801,4.465757869184017,100.0585961017526,14.541280107692659
global,related_same,100,61,1,EXECUTE,published_after_gate_recheck,19.701329991221428,4.2002396658062935,100.0585961017526,14.541280107692659
global,related_same,100,62,1,EXECUTE,published_after_gate_recheck,19.398021046072245,4.874665290117264,100.0585961017526,14.541280107692659
global,related_same,100,63,0,REVOKE,context_version_changed_at_publish,17.126549035310745,6.170184817165136,100.0585961017526,14.541280107692659
global,related_same,100,64,0,REVOKE,context_version_changed_at_publish,18.73826328665018,7.866106927394867,100.0585961017526,14.541280107692659
global,related_same,100,65,0,REVOKE,context_version_changed_at_publish,19.69572901725769,8.81084892898798,100.0585961017526,14.541280107692659
global,related_same,100,66,0,REVOKE,context_version_changed_at_publish,19.808351062238216,8.604302071034908,100.0585961017526,14.541280107692659
global,related_same,100,67,0,REVOKE,context_version_changed_at_publish,19.634344149380922,8.59281001612544,100.0585961017526,14.541280107692659
global,related_same,100,68,0,REVOKE,context_version_changed_at_publish,19.221749622374773,8.672680240124464,100.0585961017526,14.541280107692659
global,related_same,100,69,1,EXECUTE,published_after_gate_recheck,15.637626871466637,4.651054739952087,100.0585961017526,14.541280107692659
global,related_same,100,70,0,REVOKE,context_version_changed_at_publish,17.774695996195078,6.698475684970617,100.0585961017526,14.541280107692659
global,related_same,100,71,0,REVOKE,context_version_changed_at_publish,17.05103786662221,6.66425283998251,100.0585961017526,14.541280107692659
global,related_same,100,72,1,EXECUTE,published_after_gate_recheck,14.569963328540325,4.413089249283075,100.0585961017526,14.541280107692659
global,related_same,100,73,0,REVOKE,context_version_changed_at_publish,16.523879021406174,5.851387046277523,100.0585961017526,14.541280107692659
global,related_same,100,74,0,REVOKE,context_version_changed_at_publish,18.781153950840235,8.499876130372286,100.0585961017526,14.541280107692659
global,related_same,100,75,0,REVOKE,context_version_changed_at_publish,19.944627303630114,7.166344206780195,100.0585961017526,14.541280107692659
global,related_same,100,76,1,EXECUTE,published_after_gate_recheck,14.947591815143824,4.675381351262331,100.0585961017526,14.541280107692659
global,related_same,100,77,0,REVOKE,context_version_changed_at_publish,24.002989754080772,8.243444841355085,100.0585961017526,14.541280107692659
global,related_same,100,78,1,EXECUTE,published_after_gate_recheck,15.407334081828594,4.110331181436777,100.0585961017526,14.541280107692659
global,related_same,100,79,0,REVOKE,context_version_changed_at_publish,17.164921388030052,5.853922106325626,100.0585961017526,14.541280107692659
global,related_same,100,80,0,REVOKE,context_version_changed_at_publish,18.78441870212555,7.844566833227873,100.0585961017526,14.541280107692659
global,related_same,100,81,0,REVOKE,context_version_changed_at_publish,20.93138685449958,9.68935713171959,100.0585961017526,14.541280107692659
global,related_same,100,82,0,REVOKE,context_version_changed_at_publish,18.03654618561268,6.816468201577663,100.0585961017526,14.541280107692659
global,related_same,100,83,0,REVOKE,context_version_changed_at_publish,20.76512575149536,9.329070802778006,100.0585961017526,14.541280107692659
global,related_same,100,84,0,REVOKE,context_version_changed_at_publish,19.199568778276443,7.965432945638895,100.0585961017526,14.541280107692659
global,related_same,100,85,0,REVOKE,context_version_changed_at_publish,21.085516083985567,9.365370031446218,100.0585961017526,14.541280107692659
global,related_same,100,86,0,REVOKE,context_version_changed_at_publish,19.515551161020994,8.545652031898499,100.0585961017526,14.541280107692659
global,related_same,100,87,0,REVOKE,context_version_changed_at_publish,19.82093369588256,8.754473645240068,100.0585961017526,14.541280107692659
global,related_same,100,88,0,REVOKE,context_version_changed_at_publish,21.17489418014884,9.59373777732253,100.0585961017526,14.541280107692659
global,related_same,100,89,0,REVOKE,context_version_changed_at_publish,18.970748875290155,7.550054229795933,100.0585961017526,14.541280107692659
global,related_same,100,90,0,REVOKE,context_version_changed_at_publish,19.209216814488173,8.8535794056952,100.0585961017526,14.541280107692659
global,related_same,100,91,1,EXECUTE,published_after_gate_recheck,15.010199043899775,4.061238840222359,100.0585961017526,14.541280107692659
global,related_same,100,92,1,EXECUTE,published_after_gate_recheck,18.158546183258295,3.862215206027031,100.0585961017526,14.541280107692659
global,related_same,100,93,0,REVOKE,context_version_changed_at_publish,18.449812196195126,6.515252869576216,100.0585961017526,14.541280107692659
global,related_same,100,94,0,REVOKE,context_version_changed_at_publish,17.41257729008794,6.568242330104113,100.0585961017526,14.541280107692659
global,related_same,100,95,1,EXECUTE,published_after_gate_recheck,15.059702098369598,4.21731173992157,100.0585961017526,14.541280107692659
global,related_same,100,96,0,REVOKE,context_version_changed_at_publish,18.15180340781808,6.683137267827988,100.0585961017526,14.541280107692659
global,related_same,100,97,0,REVOKE,context_version_changed_at_publish,17.398358788341284,6.772024091333151,100.0585961017526,14.541280107692659
global,related_same,100,98,1,EXECUTE,published_after_gate_recheck,14.391078148037195,3.8388920947909355,100.0585961017526,14.541280107692659
global,related_same,100,99,1,EXECUTE,published_after_gate_recheck,19.804634153842926,4.215137101709843,100.0585961017526,14.541280107692659
readset,related_same,100,0,1,EXECUTE,published_after_gate_recheck,18.062415067106485,5.220032762736082,99.94453986934765,52.14843734566692
readset,related_same,100,1,1,EXECUTE,published_after_gate_recheck,19.95111769065261,4.728000145405531,99.94453986934765,52.14843734566692
readset,related_same,100,2,1,EXECUTE,published_after_gate_recheck,18.86899769306183,4.359547980129719,99.94453986934765,52.14843734566692
readset,related_same,100,3,1,EXECUTE,published_after_gate_recheck,17.77059817686677,6.729093845933676,99.94453986934765,52.14843734566692
readset,related_same,100,4,1,EXECUTE,published_after_gate_recheck,17.87355076521635,6.070188246667385,99.94453986934765,52.14843734566692
readset,related_same,100,5,1,EXECUTE,published_after_gate_recheck,15.337293036282063,4.2855688370764256,99.94453986934765,52.14843734566692
readset,related_same,100,6,1,EXECUTE,published_after_gate_recheck,23.68853986263275,8.559397887438536,99.94453986934765,52.14843734566692
readset,related_same,100,7,1,EXECUTE,published_after_gate_recheck,15.057939104735851,4.325705114752054,99.94453986934765,52.14843734566692
readset,related_same,100,8,1,EXECUTE,published_after_gate_recheck,25.928501971065998,8.609180804342031,99.94453986934765,52.14843734566692
readset,related_same,100,9,1,EXECUTE,published_after_gate_recheck,21.71850437298417,9.47740999981761,99.94453986934765,52.14843734566692
readset,related_same,100,10,1,EXECUTE,published_after_gate_recheck,18.16681120544672,6.5612588077783585,99.94453986934765,52.14843734566692
readset,related_same,100,11,1,EXECUTE,published_after_gate_recheck,21.177528891712427,8.189294021576643,99.94453986934765,52.14843734566692
readset,related_same,100,12,1,EXECUTE,published_after_gate_recheck,20.35201108083129,7.317426614463329,99.94453986934765,52.14843734566692
readset,related_same,100,13,1,EXECUTE,published_after_gate_recheck,18.71202327311039,7.292560767382383,99.94453986934765,52.14843734566692
readset,related_same,100,14,1,EXECUTE,published_after_gate_recheck,21.055149845778942,6.8484582006931305,99.94453986934765,52.14843734566692
readset,related_same,100,15,1,EXECUTE,published_after_gate_recheck,18.597007729113102,6.947904825210571,99.94453986934765,52.14843734566692
readset,related_same,100,16,1,EXECUTE,published_after_gate_recheck,25.72197513654828,12.267914600670338,99.94453986934765,52.14843734566692
readset,related_same,100,17,1,EXECUTE,published_after_gate_recheck,24.94597900658846,8.633346296846867,99.94453986934765,52.14843734566692
readset,related_same,100,18,1,EXECUTE,published_after_gate_recheck,19.236988853663206,7.836481090635061,99.94453986934765,52.14843734566692
readset,related_same,100,19,1,EXECUTE,published_after_gate_recheck,19.860768225044012,8.27947212383151,99.94453986934765,52.14843734566692
readset,related_same,100,20,1,EXECUTE,published_after_gate_recheck,19.068372901529074,7.8915138728916645,99.94453986934765,52.14843734566692
readset,related_same,100,21,1,EXECUTE,published_after_gate_recheck,14.964924193918705,4.5212311670184135,99.94453986934765,52.14843734566692
readset,related_same,100,22,1,EXECUTE,published_after_gate_recheck,18.57756171375513,4.4504390098154545,99.94453986934765,52.14843734566692
readset,related_same,100,23,1,EXECUTE,published_after_gate_recheck,17.481576185673475,6.325627211481333,99.94453986934765,52.14843734566692
readset,related_same,100,24,1,EXECUTE,published_after_gate_recheck,17.59306387975812,6.792382802814245,99.94453986934765,52.14843734566692
readset,related_same,100,25,1,EXECUTE,published_after_gate_recheck,21.807750687003136,9.513468015938997,99.94453986934765,52.14843734566692
readset,related_same,100,26,1,EXECUTE,published_after_gate_recheck,17.808950040489435,7.699775043874979,99.94453986934765,52.14843734566692
readset,related_same,100,27,1,EXECUTE,published_after_gate_recheck,16.03872887790203,4.692161921411753,99.94453986934765,52.14843734566692
readset,related_same,100,28,1,EXECUTE,published_after_gate_recheck,16.65744883939624,6.577940192073584,99.94453986934765,52.14843734566692
readset,related_same,100,29,1,EXECUTE,published_after_gate_recheck,18.05345807224512,6.0716611333191395,99.94453986934765,52.14843734566692
readset,related_same,100,30,1,EXECUTE,published_after_gate_recheck,15.551243908703327,4.645735025405884,99.94453986934765,52.14843734566692
readset,related_same,100,31,1,EXECUTE,published_after_gate_recheck,17.26745394989848,4.2301956564188,99.94453986934765,52.14843734566692
readset,related_same,100,32,1,EXECUTE,published_after_gate_recheck,17.264377791434526,6.545839831233025,99.94453986934765,52.14843734566692
readset,related_same,100,33,1,EXECUTE,published_after_gate_recheck,18.645368050783873,7.624404039233923,99.94453986934765,52.14843734566692
readset,related_same,100,34,1,EXECUTE,published_after_gate_recheck,16.536252107471228,4.81927115470171,99.94453986934765,52.14843734566692
readset,related_same,100,35,1,EXECUTE,published_after_gate_recheck,24.848525878041983,8.034633006900549,99.94453986934765,52.14843734566692
readset,related_same,100,36,1,EXECUTE,published_after_gate_recheck,21.165908314287663,9.430852252990007,99.94453986934765,52.14843734566692
readset,related_same,100,37,1,EXECUTE,published_after_gate_recheck,19.90335900336504,7.726955693215132,99.94453986934765,52.14843734566692
readset,related_same,100,38,1,EXECUTE,published_after_gate_recheck,19.615097902715206,7.230904884636402,99.94453986934765,52.14843734566692
readset,related_same,100,39,1,EXECUTE,published_after_gate_recheck,18.097381107509136,7.521260064095259,99.94453986934765,52.14843734566692
readset,related_same,100,40,1,EXECUTE,published_after_gate_recheck,15.662382822483778,4.574862774461508,99.94453986934765,52.14843734566692
readset,related_same,100,41,1,EXECUTE,published_after_gate_recheck,23.339624982327223,7.934235036373138,99.94453986934765,52.14843734566692
readset,related_same,100,42,1,EXECUTE,published_after_gate_recheck,15.601046849042177,4.436844028532505,99.94453986934765,52.14843734566692
readset,related_same,100,43,1,EXECUTE,published_after_gate_recheck,16.847244929522276,6.472503300756216,99.94453986934765,52.14843734566692
readset,related_same,100,44,1,EXECUTE,published_after_gate_recheck,18.347650300711393,6.7368377931416035,99.94453986934765,52.14843734566692
readset,related_same,100,45,1,EXECUTE,published_after_gate_recheck,20.347341895103455,8.902892004698515,99.94453986934765,52.14843734566692
readset,related_same,100,46,1,EXECUTE,published_after_gate_recheck,20.54501324892044,9.379345923662186,99.94453986934765,52.14843734566692
readset,related_same,100,47,1,EXECUTE,published_after_gate_recheck,19.6594619192183,8.918080013245344,99.94453986934765,52.14843734566692
readset,related_same,100,48,1,EXECUTE,published_after_gate_recheck,18.671007361263037,8.083574939519167,99.94453986934765,52.14843734566692
readset,related_same,100,49,1,EXECUTE,published_after_gate_recheck,15.14230715110898,4.542721901088953,99.94453986934765,52.14843734566692
readset,related_same,100,50,1,EXECUTE,published_after_gate_recheck,18.360304180532694,7.305625826120377,99.94453986934765,52.14843734566692
readset,related_same,100,51,1,EXECUTE,published_after_gate_recheck,19.60445800796151,5.876333918422461,99.94453986934765,52.14843734566692
readset,related_same,100,52,1,EXECUTE,published_after_gate_recheck,17.73362886160612,5.748615134507418,99.94453986934765,52.14843734566692
readset,related_same,100,53,1,EXECUTE,published_after_gate_recheck,16.542332712560892,4.760921932756901,99.94453986934765,52.14843734566692
readset,related_same,100,54,1,EXECUTE,published_after_gate_recheck,23.08216318488121,7.624784018844366,99.94453986934765,52.14843734566692
readset,related_same,100,55,1,EXECUTE,published_after_gate_recheck,22.470605093985796,8.994834031909704,99.94453986934765,52.14843734566692
readset,related_same,100,56,1,EXECUTE,published_after_gate_recheck,19.159172661602497,6.222934927791357,99.94453986934765,52.14843734566692
readset,related_same,100,57,1,EXECUTE,published_after_gate_recheck,20.068608690053225,7.825231179594994,99.94453986934765,52.14843734566692
readset,related_same,100,58,1,EXECUTE,published_after_gate_recheck,18.17791210487485,5.9866211377084255,99.94453986934765,52.14843734566692
readset,related_same,100,59,1,EXECUTE,published_after_gate_recheck,19.671613816171885,9.038005955517292,99.94453986934765,52.14843734566692
readset,related_same,100,60,1,EXECUTE,published_after_gate_recheck,19.590281881392002,7.532611023634672,99.94453986934765,52.14843734566692
readset,related_same,100,61,1,EXECUTE,published_after_gate_recheck,16.100314911454916,4.620017018169165,99.94453986934765,52.14843734566692
readset,related_same,100,62,1,EXECUTE,published_after_gate_recheck,22.8213625960052,8.074047043919563,99.94453986934765,52.14843734566692
readset,related_same,100,63,1,EXECUTE,published_after_gate_recheck,22.643739823251963,10.500679723918438,99.94453986934765,52.14843734566692
readset,related_same,100,64,1,EXECUTE,published_after_gate_recheck,20.337303169071674,6.426075007766485,99.94453986934765,52.14843734566692
readset,related_same,100,65,1,EXECUTE,published_after_gate_recheck,18.838581163436174,6.557201035320759,99.94453986934765,52.14843734566692
readset,related_same,100,66,1,EXECUTE,published_after_gate_recheck,20.83332324400544,6.7851790226995945,99.94453986934765,52.14843734566692
readset,related_same,100,67,1,EXECUTE,published_after_gate_recheck,19.00476310402155,6.944278255105019,99.94453986934765,52.14843734566692
readset,related_same,100,68,1,EXECUTE,published_after_gate_recheck,18.541724886745214,7.052150089293718,99.94453986934765,52.14843734566692
readset,related_same,100,69,1,EXECUTE,published_after_gate_recheck,20.770365837961435,9.228783193975687,99.94453986934765,52.14843734566692
readset,related_same,100,70,1,EXECUTE,published_after_gate_recheck,18.495768308639526,6.266887299716473,99.94453986934765,52.14843734566692
readset,related_same,100,71,1,EXECUTE,published_after_gate_recheck,21.757327020168304,9.568802081048489,99.94453986934765,52.14843734566692
readset,related_same,100,72,1,EXECUTE,published_after_gate_recheck,20.36826079711318,8.416949771344662,99.94453986934765,52.14843734566692
readset,related_same,100,73,1,EXECUTE,published_after_gate_recheck,19.047322683036327,7.546566892415285,99.94453986934765,52.14843734566692
readset,related_same,100,74,1,EXECUTE,published_after_gate_recheck,21.054166834801435,7.956596091389656,99.94453986934765,52.14843734566692
readset,related_same,100,75,1,EXECUTE,published_after_gate_recheck,19.27909767255187,7.50914728268981,99.94453986934765,52.14843734566692
readset,related_same,100,76,1,EXECUTE,published_after_gate_recheck,18.078644759953022,7.135096006095409,99.94453986934765,52.14843734566692
readset,related_same,100,77,1,EXECUTE,published_after_gate_recheck,16.5080688893795,4.5626601204276085,99.94453986934765,52.14843734566692
readset,related_same,100,78,1,EXECUTE,published_after_gate_recheck,24.078201036900282,9.131971281021833,99.94453986934765,52.14843734566692
readset,related_same,100,79,1,EXECUTE,published_after_gate_recheck,15.2277871966362,4.234915133565664,99.94453986934765,52.14843734566692
readset,related_same,100,80,1,EXECUTE,published_after_gate_recheck,19.48745921254158,7.544573862105608,99.94453986934765,52.14843734566692
readset,related_same,100,81,1,EXECUTE,published_after_gate_recheck,19.530149176716805,4.247318021953106,99.94453986934765,52.14843734566692
readset,related_same,100,82,1,EXECUTE,published_after_gate_recheck,25.715062394738197,8.827150333672762,99.94453986934765,52.14843734566692
readset,related_same,100,83,1,EXECUTE,published_after_gate_recheck,15.015298966318369,4.466699901968241,99.94453986934765,52.14843734566692
readset,related_same,100,84,1,EXECUTE,published_after_gate_recheck,24.846984073519707,9.11095179617405,99.94453986934765,52.14843734566692
readset,related_same,100,85,1,EXECUTE,published_after_gate_recheck,14.91233566775918,4.105232190340757,99.94453986934765,52.14843734566692
readset,related_same,100,86,1,EXECUTE,published_after_gate_recheck,17.050667200237513,6.1811660416424274,99.94453986934765,52.14843734566692
readset,related_same,100,87,1,EXECUTE,published_after_gate_recheck,17.153149005025625,5.975701380521059,99.94453986934765,52.14843734566692
readset,related_same,100,88,1,EXECUTE,published_after_gate_recheck,15.366287436336279,4.184810910373926,99.94453986934765,52.14843734566692
readset,related_same,100,89,1,EXECUTE,published_after_gate_recheck,19.877411425113678,4.743458237498999,99.94453986934765,52.14843734566692
readset,related_same,100,90,1,EXECUTE,published_after_gate_recheck,17.951056361198425,6.639205850660801,99.94453986934765,52.14843734566692
readset,related_same,100,91,1,EXECUTE,published_after_gate_recheck,19.1878667101264,7.607221137732267,99.94453986934765,52.14843734566692
readset,related_same,100,92,1,EXECUTE,published_after_gate_recheck,18.808173947036266,7.021812722086906,99.94453986934765,52.14843734566692
readset,related_same,100,93,1,EXECUTE,published_after_gate_recheck,20.33738372847438,6.651238072663546,99.94453986934765,52.14843734566692
readset,related_same,100,94,1,EXECUTE,published_after_gate_recheck,19.52206389978528,6.6666072234511375,99.94453986934765,52.14843734566692
readset,related_same,100,95,1,EXECUTE,published_after_gate_recheck,18.855562899261713,7.764706388115883,99.94453986934765,52.14843734566692
readset,related_same,100,96,1,EXECUTE,published_after_gate_recheck,14.864455908536911,4.038325976580381,99.94453986934765,52.14843734566692
readset,related_same,100,97,1,EXECUTE,published_after_gate_recheck,17.68717123195529,6.930171046406031,99.94453986934765,52.14843734566692
readset,related_same,100,98,1,EXECUTE,published_after_gate_recheck,16.996616031974554,6.230317987501621,99.94453986934765,52.14843734566692
readset,related_same,100,99,1,EXECUTE,published_after_gate_recheck,15.26840403676033,3.8219699636101723,99.94453986934765,52.14843734566692
global,unrelated,500,0,0,REVOKE,context_version_changed_at_publish,2244.4862271659076,372.4558907561004,200.49496676406352,0.0
global,unrelated,500,1,0,REVOKE,context_version_changed_at_publish,445.64051600173116,318.3164237998426,200.49496676406352,0.0
global,unrelated,500,2,0,REVOKE,context_version_changed_at_publish,79.04222421348095,12.720813974738121,200.49496676406352,0.0
global,unrelated,500,3,0,REVOKE,context_version_changed_at_publish,278.2588261179626,163.14040264114738,200.49496676406352,0.0
global,unrelated,500,4,0,REVOKE,context_version_changed_at_publish,38.54900784790516,12.29091826826334,200.49496676406352,0.0
global,unrelated,500,5,0,REVOKE,context_version_changed_at_publish,147.25976111367345,10.816982947289944,200.49496676406352,0.0
global,unrelated,500,6,0,REVOKE,context_version_changed_at_publish,30.63540207222104,11.294488795101643,200.49496676406352,0.0
global,unrelated,500,7,0,REVOKE,context_version_changed_at_publish,81.58935187384486,11.28417905420065,200.49496676406352,0.0
global,unrelated,500,8,0,REVOKE,context_version_changed_at_publish,29.486456885933876,11.899131815880537,200.49496676406352,0.0
global,unrelated,500,9,0,REVOKE,context_version_changed_at_publish,149.32163897901773,11.407651007175446,200.49496676406352,0.0
global,unrelated,500,10,0,REVOKE,context_version_changed_at_publish,125.06655603647232,10.222508106380701,200.49496676406352,0.0
global,unrelated,500,11,0,REVOKE,context_version_changed_at_publish,27.72757690399885,10.560612194240093,200.49496676406352,0.0
global,unrelated,500,12,0,REVOKE,context_version_changed_at_publish,38.76704815775156,11.961880140006542,200.49496676406352,0.0
global,unrelated,500,13,0,REVOKE,context_version_changed_at_publish,119.11326786503196,11.399534996598959,200.49496676406352,0.0
global,unrelated,500,14,0,REVOKE,context_version_changed_at_publish,354.04382925480604,104.51504122465849,200.49496676406352,0.0
global,unrelated,500,15,0,REVOKE,context_version_changed_at_publish,56.14813417196274,29.858524911105633,200.49496676406352,0.0
global,unrelated,500,16,0,REVOKE,context_version_changed_at_publish,404.86686397343874,10.587943252176046,200.49496676406352,0.0
global,unrelated,500,17,0,REVOKE,context_version_changed_at_publish,29.068692587316036,11.625860817730427,200.49496676406352,0.0
global,unrelated,500,18,0,REVOKE,context_version_changed_at_publish,749.1397429257631,10.751841124147177,200.49496676406352,0.0
global,unrelated,500,19,0,REVOKE,context_version_changed_at_publish,165.11054895818233,40.30895000323653,200.49496676406352,0.0
global,unrelated,500,20,0,REVOKE,context_version_changed_at_publish,70.10592985898256,20.77788906171918,200.49496676406352,0.0
global,unrelated,500,21,0,REVOKE,context_version_changed_at_publish,62.286389991641045,11.993960943073034,200.49496676406352,0.0
global,unrelated,500,22,0,REVOKE,context_version_changed_at_publish,195.09707298129797,12.908065225929022,200.49496676406352,0.0
global,unrelated,500,23,0,REVOKE,context_version_changed_at_publish,293.638959992677,41.88637901097536,200.49496676406352,0.0
global,unrelated,500,24,0,REVOKE,context_version_changed_at_publish,376.7210119403899,11.951410677284002,200.49496676406352,0.0
global,unrelated,500,25,0,REVOKE,context_version_changed_at_publish,29.060056898742914,11.027647648006678,200.49496676406352,0.0
global,unrelated,500,26,0,REVOKE,context_version_changed_at_publish,27.909557800740004,11.202745605260134,200.49496676406352,0.0
global,unrelated,500,27,0,REVOKE,context_version_changed_at_publish,412.49848110601306,27.032864280045033,200.49496676406352,0.0
global,unrelated,500,28,0,REVOKE,context_version_changed_at_publish,120.83830405026674,61.75621505826712,200.49496676406352,0.0
global,unrelated,500,29,0,REVOKE,context_version_changed_at_publish,208.7326548062265,12.127631343901157,200.49496676406352,0.0
global,unrelated,500,30,0,REVOKE,context_version_changed_at_publish,43.11676695942879,12.713260017335415,200.49496676406352,0.0
global,unrelated,500,31,0,REVOKE,context_version_changed_at_publish,346.3741010054946,297.50188579782844,200.49496676406352,0.0
global,unrelated,500,32,0,REVOKE,context_version_changed_at_publish,230.88679602369666,11.744112242013216,200.49496676406352,0.0
global,unrelated,500,33,0,REVOKE,context_version_changed_at_publish,49.163572024554014,10.579537134617567,200.49496676406352,0.0
global,unrelated,500,34,0,REVOKE,context_version_changed_at_publish,173.25921589508653,12.439555954188108,200.49496676406352,0.0
global,unrelated,500,35,0,REVOKE,context_version_changed_at_publish,60.79778727144003,14.432776253670454,200.49496676406352,0.0
global,unrelated,500,36,0,REVOKE,context_version_changed_at_publish,46.2758126668632,20.485080778598785,200.49496676406352,0.0
global,unrelated,500,37,0,REVOKE,context_version_changed_at_publish,142.1738499775529,23.907039780169725,200.49496676406352,0.0
global,unrelated,500,38,0,REVOKE,context_version_changed_at_publish,212.94094994664192,10.48606215044856,200.49496676406352,0.0
global,unrelated,500,39,0,REVOKE,context_version_changed_at_publish,117.32961237430573,59.623573906719685,200.49496676406352,0.0
global,unrelated,500,40,0,REVOKE,context_version_changed_at_publish,617.9541382007301,12.640082743018866,200.49496676406352,0.0
global,unrelated,500,41,0,REVOKE,context_version_changed_at_publish,41.68788716197014,11.882200837135315,200.49496676406352,0.0
global,unrelated,500,42,0,REVOKE,context_version_changed_at_publish,75.60551725327969,11.608908884227276,200.49496676406352,0.0
global,unrelated,500,43,0,REVOKE,context_version_changed_at_publish,144.4751969538629,58.47661290317774,200.49496676406352,0.0
global,unrelated,500,44,0,REVOKE,context_version_changed_at_publish,77.40672584623098,11.43604377284646,200.49496676406352,0.0
global,unrelated,500,45,0,REVOKE,context_version_changed_at_publish,31.06130100786686,11.398083064705133,200.49496676406352,0.0
global,unrelated,500,46,0,REVOKE,context_version_changed_at_publish,196.8050580471754,11.227142065763474,200.49496676406352,0.0
global,unrelated,500,47,0,REVOKE,context_version_changed_at_publish,276.8482700921595,70.42682077735662,200.49496676406352,0.0
global,unrelated,500,48,0,REVOKE,context_version_changed_at_publish,203.480611089617,13.091980945318937,200.49496676406352,0.0
global,unrelated,500,49,0,REVOKE,context_version_changed_at_publish,151.53667517006397,89.51552212238312,200.49496676406352,0.0
global,unrelated,500,50,0,REVOKE,context_version_changed_at_publish,635.9308329410851,11.772745754569769,200.49496676406352,0.0
global,unrelated,500,51,0,REVOKE,context_version_changed_at_publish,1769.7263830341399,1188.7173252180219,200.49496676406352,0.0
global,unrelated,500,52,0,REVOKE,context_version_changed_at_publish,30.903706327080727,10.996549855917692,200.49496676406352,0.0
global,unrelated,500,53,0,REVOKE,context_version_changed_at_publish,256.7473710514605,10.316413827240467,200.49496676406352,0.0
global,unrelated,500,54,0,REVOKE,context_version_changed_at_publish,70.19885396584868,11.480787768959999,200.49496676406352,0.0
global,unrelated,500,55,0,REVOKE,context_version_changed_at_publish,60.320411808788776,10.789190884679556,200.49496676406352,0.0
global,unrelated,500,56,0,REVOKE,context_version_changed_at_publish,129.39775176346302,24.783223867416382,200.49496676406352,0.0
global,unrelated,500,57,0,REVOKE,context_version_changed_at_publish,40.34940619021654,12.661423068493605,200.49496676406352,0.0
global,unrelated,500,58,0,REVOKE,context_version_changed_at_publish,286.97269409894943,11.818911880254745,200.49496676406352,0.0
global,unrelated,500,59,0,REVOKE,context_version_changed_at_publish,805.2005544304848,11.207005009055138,200.49496676406352,0.0
global,unrelated,500,60,0,REVOKE,context_version_changed_at_publish,85.33338690176606,10.983385145664215,200.49496676406352,0.0
global,unrelated,500,61,0,REVOKE,context_version_changed_at_publish,486.8746208958328,355.5448860861361,200.49496676406352,0.0
global,unrelated,500,62,0,REVOKE,context_version_changed_at_publish,131.71118218451738,10.399340186268091,200.49496676406352,0.0
global,unrelated,500,63,0,REVOKE,context_version_changed_at_publish,505.6770648807287,11.231870856136084,200.49496676406352,0.0
global,unrelated,500,64,0,REVOKE,context_version_changed_at_publish,360.41041277348995,83.2316130399704,200.49496676406352,0.0
global,unrelated,500,65,0,REVOKE,context_version_changed_at_publish,30.128601007163525,11.887792032212019,200.49496676406352,0.0
global,unrelated,500,66,0,REVOKE,context_version_changed_at_publish,140.74354572221637,100.13231914490461,200.49496676406352,0.0
global,unrelated,500,67,0,REVOKE,context_version_changed_at_publish,49.625087063759565,11.925683356821537,200.49496676406352,0.0
global,unrelated,500,68,0,REVOKE,context_version_changed_at_publish,65.37205912172794,11.102799326181412,200.49496676406352,0.0
global,unrelated,500,69,0,REVOKE,context_version_changed_at_publish,352.32874285429716,11.351426132023335,200.49496676406352,0.0
global,unrelated,500,70,0,REVOKE,context_version_changed_at_publish,31.232863198965788,11.914592236280441,200.49496676406352,0.0
global,unrelated,500,71,0,REVOKE,context_version_changed_at_publish,81.76657510921359,11.976527981460094,200.49496676406352,0.0
global,unrelated,500,72,0,REVOKE,context_version_changed_at_publish,81.07193186879158,12.804000172764063,200.49496676406352,0.0
global,unrelated,500,73,0,REVOKE,context_version_changed_at_publish,215.61167016625404,12.134184129536152,200.49496676406352,0.0
global,unrelated,500,74,0,REVOKE,context_version_changed_at_publish,73.81930481642485,12.87763798609376,200.49496676406352,0.0
global,unrelated,500,75,0,REVOKE,context_version_changed_at_publish,476.54266795143485,10.955682955682278,200.49496676406352,0.0
global,unrelated,500,76,0,REVOKE,context_version_changed_at_publish,209.65227019041777,12.297659646719694,200.49496676406352,0.0
global,unrelated,500,77,0,REVOKE,context_version_changed_at_publish,129.1474220342934,11.14964671432972,200.49496676406352,0.0
global,unrelated,500,78,0,REVOKE,context_version_changed_at_publish,305.62139907851815,11.618616990745068,200.49496676406352,0.0
global,unrelated,500,79,0,REVOKE,context_version_changed_at_publish,188.09658102691174,10.611547157168388,200.49496676406352,0.0
global,unrelated,500,80,0,REVOKE,context_version_changed_at_publish,49.76786486804485,11.628925800323486,200.49496676406352,0.0
global,unrelated,500,81,0,REVOKE,context_version_changed_at_publish,552.1895932033658,78.3475199714303,200.49496676406352,0.0
global,unrelated,500,82,0,REVOKE,context_version_changed_at_publish,41.07651021331549,12.186652049422264,200.49496676406352,0.0
global,unrelated,500,83,0,REVOKE,context_version_changed_at_publish,156.12603444606066,11.760301887989044,200.49496676406352,0.0
global,unrelated,500,84,0,REVOKE,context_version_changed_at_publish,77.55570486187935,11.024531908333302,200.49496676406352,0.0
global,unrelated,500,85,0,REVOKE,context_version_changed_at_publish,176.31679214537144,48.93031297251582,200.49496676406352,0.0
global,unrelated,500,86,0,REVOKE,context_version_changed_at_publish,82.33262738212943,11.697223875671625,200.49496676406352,0.0
global,unrelated,500,87,0,REVOKE,context_version_changed_at_publish,36.86484834179282,11.70210400596261,200.49496676406352,0.0
global,unrelated,500,88,0,REVOKE,context_version_changed_at_publish,132.04397587105632,10.959799867123365,200.49496676406352,0.0
global,unrelated,500,89,0,REVOKE,context_version_changed_at_publish,37.53907373175025,10.87505230680108,200.49496676406352,0.0
global,unrelated,500,90,0,REVOKE,context_version_changed_at_publish,60.08619163185358,12.334540020674467,200.49496676406352,0.0
global,unrelated,500,91,0,REVOKE,context_version_changed_at_publish,37.43997821584344,10.940524749457836,200.49496676406352,0.0
global,unrelated,500,92,0,REVOKE,context_version_changed_at_publish,392.13920710608363,11.754291132092476,200.49496676406352,0.0
global,unrelated,500,93,0,REVOKE,context_version_changed_at_publish,640.1583831757307,11.264893226325512,200.49496676406352,0.0
global,unrelated,500,94,0,REVOKE,context_version_changed_at_publish,266.11070707440376,11.654593981802464,200.49496676406352,0.0
global,unrelated,500,95,0,REVOKE,context_version_changed_at_publish,740.994602907449,559.0697596780956,200.49496676406352,0.0
global,unrelated,500,96,0,REVOKE,context_version_changed_at_publish,26.514712255448103,10.385673958808184,200.49496676406352,0.0
global,unrelated,500,97,0,REVOKE,context_version_changed_at_publish,479.93098478764296,10.894788894802332,200.49496676406352,0.0
global,unrelated,500,98,0,REVOKE,context_version_changed_at_publish,115.27798231691122,10.474429931491613,200.49496676406352,0.0
global,unrelated,500,99,0,REVOKE,context_version_changed_at_publish,56.567119900137186,12.11235299706459,200.49496676406352,0.0
readset,unrelated,500,0,1,EXECUTE,published_after_gate_recheck,388.5623561218381,12.49162433668971,195.26217062632253,6.221510202264471
readset,unrelated,500,1,1,EXECUTE,published_after_gate_recheck,59.8427951335907,11.011987924575806,195.26217062632253,6.221510202264471
readset,unrelated,500,2,1,EXECUTE,published_after_gate_recheck,108.8054496794939,12.70247995853424,195.26217062632253,6.221510202264471
readset,unrelated,500,3,1,EXECUTE,published_after_gate_recheck,58.78272606059909,11.642391327768564,195.26217062632253,6.221510202264471
readset,unrelated,500,4,1,EXECUTE,published_after_gate_recheck,47.11104091256857,11.031664907932281,195.26217062632253,6.221510202264471
readset,unrelated,500,5,1,EXECUTE,published_after_gate_recheck,367.38181207329035,106.91192699596286,195.26217062632253,6.221510202264471
readset,unrelated,500,6,1,EXECUTE,published_after_gate_recheck,197.02007109299302,12.097564991563559,195.26217062632253,6.221510202264471
readset,unrelated,500,7,1,EXECUTE,published_after_gate_recheck,85.41809534654021,13.676305767148733,195.26217062632253,6.221510202264471
readset,unrelated,500,8,1,EXECUTE,published_after_gate_recheck,84.0356620028615,12.213131878525019,195.26217062632253,6.221510202264471
readset,unrelated,500,9,1,EXECUTE,published_after_gate_recheck,191.88429601490498,11.751777026802301,195.26217062632253,6.221510202264471
readset,unrelated,500,10,1,EXECUTE,published_after_gate_recheck,62.8086500801146,11.263119988143444,195.26217062632253,6.221510202264471
readset,unrelated,500,11,1,EXECUTE,published_after_gate_recheck,160.21864162757993,11.296342127025127,195.26217062632253,6.221510202264471
readset,unrelated,500,12,1,EXECUTE,published_after_gate_recheck,122.27379577234387,20.102954003959894,195.26217062632253,6.221510202264471
readset,unrelated,500,13,1,EXECUTE,published_after_gate_recheck,303.54380095377564,40.14369985088706,195.26217062632253,6.221510202264471
readset,unrelated,500,14,1,EXECUTE,published_after_gate_recheck,209.77993914857507,11.035582982003689,195.26217062632253,6.221510202264471
readset,unrelated,500,15,1,EXECUTE,published_after_gate_recheck,49.00064459070563,20.545302890241146,195.26217062632253,6.221510202264471
readset,unrelated,500,16,1,EXECUTE,published_after_gate_recheck,155.28198005631566,29.173229355365038,195.26217062632253,6.221510202264471
readset,unrelated,500,17,1,EXECUTE,published_after_gate_recheck,85.53132694214582,13.197148218750954,195.26217062632253,6.221510202264471
readset,unrelated,500,18,1,EXECUTE,published_after_gate_recheck,41.95950599387288,12.54223007708788,195.26217062632253,6.221510202264471
readset,unrelated,500,19,1,EXECUTE,published_after_gate_recheck,364.77823834866285,11.476199142634869,195.26217062632253,6.221510202264471
readset,unrelated,500,20,1,EXECUTE,published_after_gate_recheck,405.0880689173937,22.312208078801632,195.26217062632253,6.221510202264471
readset,unrelated,500,21,1,EXECUTE,published_after_gate_recheck,132.7673029154539,11.676264926791191,195.26217062632253,6.221510202264471
readset,unrelated,500,22,1,EXECUTE,published_after_gate_recheck,116.49197014048696,23.086830973625183,195.26217062632253,6.221510202264471
readset,unrelated,500,23,1,EXECUTE,published_after_gate_recheck,78.57245206832886,21.31658000871539,195.26217062632253,6.221510202264471
readset,unrelated,500,24,1,EXECUTE,published_after_gate_recheck,78.15445819869637,11.289889924228191,195.26217062632253,6.221510202264471
readset,unrelated,500,25,1,EXECUTE,published_after_gate_recheck,128.2549281604588,21.42089605331421,195.26217062632253,6.221510202264471
readset,unrelated,500,26,1,EXECUTE,published_after_gate_recheck,77.91369641199708,11.919972021132708,195.26217062632253,6.221510202264471
readset,unrelated,500,27,1,EXECUTE,published_after_gate_recheck,67.35419807955623,21.568512078374624,195.26217062632253,6.221510202264471
readset,unrelated,500,28,1,EXECUTE,published_after_gate_recheck,60.898947063833475,22.891114000231028,195.26217062632253,6.221510202264471
readset,unrelated,500,29,1,EXECUTE,published_after_gate_recheck,95.22393113002181,11.906526982784271,195.26217062632253,6.221510202264471
readset,unrelated,500,30,1,EXECUTE,published_after_gate_recheck,173.3522000722587,21.82589564472437,195.26217062632253,6.221510202264471
readset,unrelated,500,31,1,EXECUTE,published_after_gate_recheck,143.89498811215162,105.67294340580702,195.26217062632253,6.221510202264471
readset,unrelated,500,32,1,EXECUTE,published_after_gate_recheck,78.48395593464375,10.970019735395908,195.26217062632253,6.221510202264471
readset,unrelated,500,33,1,EXECUTE,published_after_gate_recheck,692.0740678906441,392.25435303524137,195.26217062632253,6.221510202264471
readset,unrelated,500,34,1,EXECUTE,published_after_gate_recheck,161.85017302632332,12.10135268047452,195.26217062632253,6.221510202264471
readset,unrelated,500,35,1,EXECUTE,published_after_gate_recheck,203.2290897332132,12.21450511366129,195.26217062632253,6.221510202264471
readset,unrelated,500,36,1,EXECUTE,published_after_gate_recheck,63.51594673469663,13.384668622165918,195.26217062632253,6.221510202264471
readset,unrelated,500,37,1,EXECUTE,published_after_gate_recheck,396.8050801195204,44.798803050071,195.26217062632253,6.221510202264471
readset,unrelated,500,38,1,EXECUTE,published_after_gate_recheck,100.35136016085744,23.01864279434085,195.26217062632253,6.221510202264471
readset,unrelated,500,39,1,EXECUTE,published_after_gate_recheck,51.85940908268094,11.631240136921406,195.26217062632253,6.221510202264471
readset,unrelated,500,40,1,EXECUTE,published_after_gate_recheck,209.80341313406825,95.463449601084,195.26217062632253,6.221510202264471
readset,unrelated,500,41,1,EXECUTE,published_after_gate_recheck,222.24381240084767,12.605316936969757,195.26217062632253,6.221510202264471
readset,unrelated,500,42,1,EXECUTE,published_after_gate_recheck,85.62432182952762,10.877416003495455,195.26217062632253,6.221510202264471
readset,unrelated,500,43,1,EXECUTE,published_after_gate_recheck,53.8173820823431,11.80422492325306,195.26217062632253,6.221510202264471
readset,unrelated,500,44,1,EXECUTE,published_after_gate_recheck,88.26310327276587,11.387954000383615,195.26217062632253,6.221510202264471
readset,unrelated,500,45,1,EXECUTE,published_after_gate_recheck,46.48936493322253,10.962766129523516,195.26217062632253,6.221510202264471
readset,unrelated,500,46,1,EXECUTE,published_after_gate_recheck,365.8530041575432,11.183649767190218,195.26217062632253,6.221510202264471
readset,unrelated,500,47,1,EXECUTE,published_after_gate_recheck,36.96949500590563,11.334884911775589,195.26217062632253,6.221510202264471
readset,unrelated,500,48,1,EXECUTE,published_after_gate_recheck,138.10242200270295,14.744771178811789,195.26217062632253,6.221510202264471
readset,unrelated,500,49,1,EXECUTE,published_after_gate_recheck,46.92694544792175,10.831070132553577,195.26217062632253,6.221510202264471
readset,unrelated,500,50,1,EXECUTE,published_after_gate_recheck,281.96223406121135,11.787704192101955,195.26217062632253,6.221510202264471
readset,unrelated,500,51,1,EXECUTE,published_after_gate_recheck,47.90753498673439,11.396289803087711,195.26217062632253,6.221510202264471
readset,unrelated,500,52,1,EXECUTE,published_after_gate_recheck,117.68198292702436,11.79945608600974,195.26217062632253,6.221510202264471
readset,unrelated,500,53,1,EXECUTE,published_after_gate_recheck,1463.8796928338706,349.96381495147943,195.26217062632253,6.221510202264471
readset,unrelated,500,54,1,EXECUTE,published_after_gate_recheck,30.16792517155409,12.492856942117214,195.26217062632253,6.221510202264471
readset,unrelated,500,55,1,EXECUTE,published_after_gate_recheck,265.65368892624974,11.249454226344824,195.26217062632253,6.221510202264471
readset,unrelated,500,56,1,EXECUTE,published_after_gate_recheck,104.64593581855297,11.656838934868574,195.26217062632253,6.221510202264471
readset,unrelated,500,57,1,EXECUTE,published_after_gate_recheck,134.28648188710213,10.457728989422321,195.26217062632253,6.221510202264471
readset,unrelated,500,58,1,EXECUTE,published_after_gate_recheck,39.49151607230306,12.128603179007769,195.26217062632253,6.221510202264471
readset,unrelated,500,59,1,EXECUTE,published_after_gate_recheck,174.23391481861472,62.02717311680317,195.26217062632253,6.221510202264471
readset,unrelated,500,60,1,EXECUTE,published_after_gate_recheck,157.61918481439352,50.29169796034694,195.26217062632253,6.221510202264471
readset,unrelated,500,61,1,EXECUTE,published_after_gate_recheck,154.98874010518193,126.60070415586233,195.26217062632253,6.221510202264471
readset,unrelated,500,62,1,EXECUTE,published_after_gate_recheck,56.944898795336485,20.160732325166464,195.26217062632253,6.221510202264471
readset,unrelated,500,63,1,EXECUTE,published_after_gate_recheck,156.857926864177,70.46899991109967,195.26217062632253,6.221510202264471
readset,unrelated,500,64,1,EXECUTE,published_after_gate_recheck,34.34110386297107,11.82379201054573,195.26217062632253,6.221510202264471
readset,unrelated,500,65,1,EXECUTE,published_after_gate_recheck,174.0351812914014,11.048656888306141,195.26217062632253,6.221510202264471
readset,unrelated,500,66,1,EXECUTE,published_after_gate_recheck,61.56011717393994,12.118774000555277,195.26217062632253,6.221510202264471
readset,unrelated,500,67,1,EXECUTE,published_after_gate_recheck,39.00400176644325,11.08977384865284,195.26217062632253,6.221510202264471
readset,unrelated,500,68,1,EXECUTE,published_after_gate_recheck,35.27282224968076,11.686993762850761,195.26217062632253,6.221510202264471
readset,unrelated,500,69,1,EXECUTE,published_after_gate_recheck,221.03519411757588,11.635818984359503,195.26217062632253,6.221510202264471
readset,unrelated,500,70,1,EXECUTE,published_after_gate_recheck,408.0188567750156,78.7601750344038,195.26217062632253,6.221510202264471
readset,unrelated,500,71,1,EXECUTE,published_after_gate_recheck,108.67547569796443,12.553139589726925,195.26217062632253,6.221510202264471
readset,unrelated,500,72,1,EXECUTE,published_after_gate_recheck,32.295387238264084,11.82404300197959,195.26217062632253,6.221510202264471
readset,unrelated,500,73,1,EXECUTE,published_after_gate_recheck,100.52660899236798,11.111685074865818,195.26217062632253,6.221510202264471
readset,unrelated,500,74,1,EXECUTE,published_after_gate_recheck,59.9177461117506,13.080989941954613,195.26217062632253,6.221510202264471
readset,unrelated,500,75,1,EXECUTE,published_after_gate_recheck,42.55228862166405,12.829117011278868,195.26217062632253,6.221510202264471
readset,unrelated,500,76,1,EXECUTE,published_after_gate_recheck,71.59763807430863,12.849787250161171,195.26217062632253,6.221510202264471
readset,unrelated,500,77,1,EXECUTE,published_after_gate_recheck,72.27641111239791,12.064181733876467,195.26217062632253,6.221510202264471
readset,unrelated,500,78,1,EXECUTE,published_after_gate_recheck,39.54362403601408,11.634585913270712,195.26217062632253,6.221510202264471
readset,unrelated,500,79,1,EXECUTE,published_after_gate_recheck,294.81287207454443,192.59958900511265,195.26217062632253,6.221510202264471
readset,unrelated,500,80,1,EXECUTE,published_after_gate_recheck,28.478926979005337,11.143354699015617,195.26217062632253,6.221510202264471
readset,unrelated,500,81,1,EXECUTE,published_after_gate_recheck,91.43407084047794,12.1352463029325,195.26217062632253,6.221510202264471
readset,unrelated,500,82,1,EXECUTE,published_after_gate_recheck,131.35320972651243,12.365077156573534,195.26217062632253,6.221510202264471
readset,unrelated,500,83,1,EXECUTE,published_after_gate_recheck,115.9240840934217,11.55969686806202,195.26217062632253,6.221510202264471
readset,unrelated,500,84,1,EXECUTE,published_after_gate_recheck,265.8176268450916,124.09090576693416,195.26217062632253,6.221510202264471
readset,unrelated,500,85,1,EXECUTE,published_after_gate_recheck,37.93756105005741,11.562812142074108,195.26217062632253,6.221510202264471
readset,unrelated,500,86,1,EXECUTE,published_after_gate_recheck,212.21381472423673,128.03128780797124,195.26217062632253,6.221510202264471
readset,unrelated,500,87,1,EXECUTE,published_after_gate_recheck,120.93224003911018,10.697618126869202,195.26217062632253,6.221510202264471
readset,unrelated,500,88,1,EXECUTE,published_after_gate_recheck,188.80453892052174,130.37200924009085,195.26217062632253,6.221510202264471
readset,unrelated,500,89,1,EXECUTE,published_after_gate_recheck,217.41901012137532,10.646983049809933,195.26217062632253,6.221510202264471
readset,unrelated,500,90,1,EXECUTE,published_after_gate_recheck,73.63885687664151,11.612284928560257,195.26217062632253,6.221510202264471
readset,unrelated,500,91,1,EXECUTE,published_after_gate_recheck,64.29522857069969,12.394292280077934,195.26217062632253,6.221510202264471
readset,unrelated,500,92,1,EXECUTE,published_after_gate_recheck,31.09512524679303,11.761093977838755,195.26217062632253,6.221510202264471
readset,unrelated,500,93,1,EXECUTE,published_after_gate_recheck,39.686653297394514,12.671552132815123,195.26217062632253,6.221510202264471
readset,unrelated,500,94,1,EXECUTE,published_after_gate_recheck,357.70837403833866,258.32696398720145,195.26217062632253,6.221510202264471
readset,unrelated,500,95,1,EXECUTE,published_after_gate_recheck,179.00517489761114,12.101673055440187,195.26217062632253,6.221510202264471
readset,unrelated,500,96,1,EXECUTE,published_after_gate_recheck,746.6382412239909,10.842159856110811,195.26217062632253,6.221510202264471
readset,unrelated,500,97,1,EXECUTE,published_after_gate_recheck,30.626064632087946,11.327952146530151,195.26217062632253,6.221510202264471
readset,unrelated,500,98,1,EXECUTE,published_after_gate_recheck,355.8227773755789,10.472317226231098,195.26217062632253,6.221510202264471
readset,unrelated,500,99,1,EXECUTE,published_after_gate_recheck,45.91781226918101,13.792414218187332,195.26217062632253,6.221510202264471
global,related_same,500,0,0,REVOKE,context_version_changed_at_publish,156.87384689226747,10.19713981077075,202.61275433637093,0.0
global,related_same,500,1,0,REVOKE,context_version_changed_at_publish,194.08795097842813,11.338571086525917,202.61275433637093,0.0
global,related_same,500,2,0,REVOKE,context_version_changed_at_publish,65.13120699673891,11.225418653339148,202.61275433637093,0.0
global,related_same,500,3,0,REVOKE,context_version_changed_at_publish,94.63877324014902,9.893038775771856,202.61275433637093,0.0
global,related_same,500,4,0,REVOKE,context_version_changed_at_publish,96.37867799028754,10.822744108736515,202.61275433637093,0.0
global,related_same,500,5,0,REVOKE,context_version_changed_at_publish,29.36845598742366,11.47562824189663,202.61275433637093,0.0
global,related_same,500,6,0,REVOKE,context_version_changed_at_publish,474.55089213326573,244.15813339874148,202.61275433637093,0.0
global,related_same,500,7,0,REVOKE,context_version_changed_at_publish,134.68729378655553,36.05478908866644,202.61275433637093,0.0
global,related_same,500,8,0,REVOKE,context_version_changed_at_publish,62.11351603269577,13.490817975252867,202.61275433637093,0.0
global,related_same,500,9,0,REVOKE,context_version_changed_at_publish,52.04996559768915,10.768320877104998,202.61275433637093,0.0
global,related_same,500,10,0,REVOKE,context_version_changed_at_publish,68.98084934800863,11.903009843081236,202.61275433637093,0.0
global,related_same,500,11,0,REVOKE,context_version_changed_at_publish,330.14695905148983,11.276365257799625,202.61275433637093,0.0
global,related_same,500,12,0,REVOKE,context_version_changed_at_publish,49.54210063442588,11.903330218046904,202.61275433637093,0.0
global,related_same,500,13,0,REVOKE,context_version_changed_at_publish,119.65291015803814,10.84371330216527,202.61275433637093,0.0
global,related_same,500,14,0,REVOKE,context_version_changed_at_publish,477.6970739476383,451.04390289634466,202.61275433637093,0.0
global,related_same,500,15,0,REVOKE,context_version_changed_at_publish,29.595310799777508,12.044815812259912,202.61275433637093,0.0
global,related_same,500,16,0,REVOKE,context_version_changed_at_publish,52.65268683433533,11.62602985277772,202.61275433637093,0.0
global,related_same,500,17,0,REVOKE,context_version_changed_at_publish,169.90100592374802,11.97730004787445,202.61275433637093,0.0
global,related_same,500,18,0,REVOKE,context_version_changed_at_publish,123.95559204742312,11.480286717414856,202.61275433637093,0.0
global,related_same,500,19,0,REVOKE,context_version_changed_at_publish,88.46787689253688,11.353869922459126,202.61275433637093,0.0
global,related_same,500,20,0,REVOKE,context_version_changed_at_publish,77.53762090578675,10.407936293631792,202.61275433637093,0.0
global,related_same,500,21,0,REVOKE,context_version_changed_at_publish,345.0221451930702,10.518853086978197,202.61275433637093,0.0
global,related_same,500,22,0,REVOKE,context_version_changed_at_publish,424.7713549993932,174.5323850773275,202.61275433637093,0.0
global,related_same,500,23,0,REVOKE,context_version_changed_at_publish,116.21679272502661,12.299755122512579,202.61275433637093,0.0
global,related_same,500,24,0,REVOKE,context_version_changed_at_publish,208.89231376349926,11.164916213601828,202.61275433637093,0.0
global,related_same,500,25,0,REVOKE,context_version_changed_at_publish,175.9596518240869,11.374428868293762,202.61275433637093,0.0
global,related_same,500,26,0,REVOKE,context_version_changed_at_publish,464.67808028683066,12.186081148684025,202.61275433637093,0.0
global,related_same,500,27,0,REVOKE,context_version_changed_at_publish,1516.7737817391753,899.4223750196397,202.61275433637093,0.0
global,related_same,500,28,0,REVOKE,context_version_changed_at_publish,63.38519137352705,11.559635866433382,202.61275433637093,0.0
global,related_same,500,29,0,REVOKE,context_version_changed_at_publish,362.0688351802528,11.204990092664957,202.61275433637093,0.0
global,related_same,500,30,0,REVOKE,context_version_changed_at_publish,695.4530267976224,383.7802456691861,202.61275433637093,0.0
global,related_same,500,31,0,REVOKE,context_version_changed_at_publish,729.3739221058786,10.874751023948193,202.61275433637093,0.0
global,related_same,500,32,0,REVOKE,context_version_changed_at_publish,336.0047680325806,39.42417958751321,202.61275433637093,0.0
global,related_same,500,33,0,REVOKE,context_version_changed_at_publish,691.3459012284875,182.06338305026293,202.61275433637093,0.0
global,related_same,500,34,0,REVOKE,context_version_changed_at_publish,100.5430887453258,12.99864612519741,202.61275433637093,0.0
global,related_same,500,35,0,REVOKE,context_version_changed_at_publish,79.8522331751883,12.529254890978336,202.61275433637093,0.0
global,related_same,500,36,0,REVOKE,context_version_changed_at_publish,128.57925612479448,60.6353422626853,202.61275433637093,0.0
global,related_same,500,37,0,REVOKE,context_version_changed_at_publish,186.0929522663355,11.240116320550442,202.61275433637093,0.0
global,related_same,500,38,0,REVOKE,context_version_changed_at_publish,101.26359108835459,13.173643965274096,202.61275433637093,0.0
global,related_same,500,39,0,REVOKE,context_version_changed_at_publish,321.12219883129,269.2764149978757,202.61275433637093,0.0
global,related_same,500,40,0,REVOKE,context_version_changed_at_publish,81.97624795138836,58.70588310062885,202.61275433637093,0.0
global,related_same,500,41,0,REVOKE,context_version_changed_at_publish,147.6149270310998,12.30074604973197,202.61275433637093,0.0
global,related_same,500,42,0,REVOKE,context_version_changed_at_publish,271.1820197291672,15.039474703371525,202.61275433637093,0.0
global,related_same,500,43,0,REVOKE,context_version_changed_at_publish,116.14043964073062,95.7818478345871,202.61275433637093,0.0
global,related_same,500,44,0,REVOKE,context_version_changed_at_publish,86.7863423191011,11.434351094067097,202.61275433637093,0.0
global,related_same,500,45,0,REVOKE,context_version_changed_at_publish,72.9089267551899,11.635828297585249,202.61275433637093,0.0
global,related_same,500,46,0,REVOKE,context_version_changed_at_publish,118.99071792140603,20.407746080309153,202.61275433637093,0.0
global,related_same,500,47,0,REVOKE,context_version_changed_at_publish,337.61525014415383,89.96004611253738,202.61275433637093,0.0
global,related_same,500,48,0,REVOKE,context_version_changed_at_publish,114.5432242192328,11.96291297674179,202.61275433637093,0.0
global,related_same,500,49,0,REVOKE,context_version_changed_at_publish,141.77720481529832,11.343610007315874,202.61275433637093,0.0
global,related_same,500,50,0,REVOKE,context_version_changed_at_publish,192.05555832013488,20.6765690818429,202.61275433637093,0.0
global,related_same,500,51,0,REVOKE,context_version_changed_at_publish,502.6087388396263,72.88202783092856,202.61275433637093,0.0
global,related_same,500,52,0,REVOKE,context_version_changed_at_publish,625.7243338041008,609.8595918156207,202.61275433637093,0.0
global,related_same,500,53,0,REVOKE,context_version_changed_at_publish,217.13479701429605,11.04934886097908,202.61275433637093,0.0
global,related_same,500,54,0,REVOKE,context_version_changed_at_publish,1262.4035007320344,10.916410014033318,202.61275433637093,0.0
global,related_same,500,55,0,REVOKE,context_version_changed_at_publish,173.23168367147446,10.550533421337605,202.61275433637093,0.0
global,related_same,500,56,0,REVOKE,context_version_changed_at_publish,699.7879790142179,10.91789174824953,202.61275433637093,0.0
global,related_same,500,57,0,REVOKE,context_version_changed_at_publish,847.9601419530809,11.667157988995314,202.61275433637093,0.0
global,related_same,500,58,0,REVOKE,context_version_changed_at_publish,391.7450779117644,12.407747097313404,202.61275433637093,0.0
global,related_same,500,59,0,REVOKE,context_version_changed_at_publish,74.61794372648001,11.490455828607082,202.61275433637093,0.0
global,related_same,500,60,0,REVOKE,context_version_changed_at_publish,97.11160184815526,10.295174084603786,202.61275433637093,0.0
global,related_same,500,61,0,REVOKE,context_version_changed_at_publish,28.510475996881723,11.827718932181597,202.61275433637093,0.0
global,related_same,500,62,0,REVOKE,context_version_changed_at_publish,404.6303513459861,40.11937417089939,202.61275433637093,0.0
global,related_same,500,63,0,REVOKE,context_version_changed_at_publish,275.8946209214628,12.955775018781424,202.61275433637093,0.0
global,related_same,500,64,0,REVOKE,context_version_changed_at_publish,30.0924233160913,11.496287304908037,202.61275433637093,0.0
global,related_same,500,65,0,REVOKE,context_version_changed_at_publish,425.1646427437663,11.18489308282733,202.61275433637093,0.0
global,related_same,500,66,0,REVOKE,context_version_changed_at_publish,401.3538430444896,10.962255764752626,202.61275433637093,0.0
global,related_same,500,67,0,REVOKE,context_version_changed_at_publish,231.216954998672,15.920396894216537,202.61275433637093,0.0
global,related_same,500,68,0,REVOKE,context_version_changed_at_publish,500.2077640965581,280.511031858623,202.61275433637093,0.0
global,related_same,500,69,0,REVOKE,context_version_changed_at_publish,227.56495513021946,13.56088137254119,202.61275433637093,0.0
global,related_same,500,70,0,REVOKE,context_version_changed_at_publish,94.49584502726793,11.644426267594099,202.61275433637093,0.0
global,related_same,500,71,0,REVOKE,context_version_changed_at_publish,423.31085493788123,10.747612919658422,202.61275433637093,0.0
global,related_same,500,72,0,REVOKE,context_version_changed_at_publish,54.672586265951395,11.014232877641916,202.61275433637093,0.0
global,related_same,500,73,0,REVOKE,context_version_changed_at_publish,581.0017948970199,215.2780438773334,202.61275433637093,0.0
global,related_same,500,74,0,REVOKE,context_version_changed_at_publish,183.11344226822257,13.356777839362621,202.61275433637093,0.0
global,related_same,500,75,0,REVOKE,context_version_changed_at_publish,624.7215638868511,11.492089368402958,202.61275433637093,0.0
global,related_same,500,76,0,REVOKE,context_version_changed_at_publish,29.03764508664608,11.465849820524454,202.61275433637093,0.0
global,related_same,500,77,0,REVOKE,context_version_changed_at_publish,36.17121698334813,10.840015951544046,202.61275433637093,0.0
global,related_same,500,78,0,REVOKE,context_version_changed_at_publish,809.8522610962391,10.462197009474039,202.61275433637093,0.0
global,related_same,500,79,0,REVOKE,context_version_changed_at_publish,29.15676822885871,10.813306085765362,202.61275433637093,0.0
global,related_same,500,80,0,REVOKE,context_version_changed_at_publish,375.4927068948746,86.59834880381823,202.61275433637093,0.0
global,related_same,500,81,0,REVOKE,context_version_changed_at_publish,158.81403675302863,10.443903040140867,202.61275433637093,0.0
global,related_same,500,82,0,REVOKE,context_version_changed_at_publish,56.27500219270587,11.759130749851465,202.61275433637093,0.0
global,related_same,500,83,0,REVOKE,context_version_changed_at_publish,35.47368897125125,10.36832109093666,202.61275433637093,0.0
global,related_same,500,84,0,REVOKE,context_version_changed_at_publish,142.95226009562612,9.99260600656271,202.61275433637093,0.0
global,related_same,500,85,0,REVOKE,context_version_changed_at_publish,285.52581928670406,10.856116190552711,202.61275433637093,0.0
global,related_same,500,86,0,REVOKE,context_version_changed_at_publish,917.0109811238945,47.12244309484959,202.61275433637093,0.0
global,related_same,500,87,0,REVOKE,context_version_changed_at_publish,123.36548510938883,13.46493000164628,202.61275433637093,0.0
global,related_same,500,88,0,REVOKE,context_version_changed_at_publish,866.5903508663177,11.092017870396376,202.61275433637093,0.0
global,related_same,500,89,0,REVOKE,context_version_changed_at_publish,36.242099944502115,10.860804934054613,202.61275433637093,0.0
global,related_same,500,90,0,REVOKE,context_version_changed_at_publish,44.88978395238519,10.990948881953955,202.61275433637093,0.0
global,related_same,500,91,0,REVOKE,context_version_changed_at_publish,35.9285119920969,10.912701953202486,202.61275433637093,0.0
global,related_same,500,92,0,REVOKE,context_version_changed_at_publish,27.53237122669816,10.995347052812576,202.61275433637093,0.0
global,related_same,500,93,0,REVOKE,context_version_changed_at_publish,103.44567522406578,11.713735293596983,202.61275433637093,0.0
global,related_same,500,94,0,REVOKE,context_version_changed_at_publish,29.438998084515333,12.645031791180372,202.61275433637093,0.0
global,related_same,500,95,0,REVOKE,context_version_changed_at_publish,252.84077133983374,105.11307371780276,202.61275433637093,0.0
global,related_same,500,96,0,REVOKE,context_version_changed_at_publish,59.451031032949686,11.388896033167839,202.61275433637093,0.0
global,related_same,500,97,0,REVOKE,context_version_changed_at_publish,101.51166561990976,12.528253253549337,202.61275433637093,0.0
global,related_same,500,98,0,REVOKE,context_version_changed_at_publish,267.06593902781606,115.41854683309793,202.61275433637093,0.0
global,related_same,500,99,0,REVOKE,context_version_changed_at_publish,511.0646220855415,11.280612088739872,202.61275433637093,0.0
readset,related_same,500,0,1,EXECUTE,published_after_gate_recheck,29.627881944179535,11.236669961363077,201.7785773145101,3.9322670072479466
readset,related_same,500,1,1,EXECUTE,published_after_gate_recheck,88.4762117639184,10.901051107794046,201.7785773145101,3.9322670072479466
readset,related_same,500,2,1,EXECUTE,published_after_gate_recheck,625.2939482219517,173.21831965819,201.7785773145101,3.9322670072479466
readset,related_same,500,3,1,EXECUTE,published_after_gate_recheck,164.0692362561822,11.019492987543344,201.7785773145101,3.9322670072479466
readset,related_same,500,4,1,EXECUTE,published_after_gate_recheck,168.29143604263663,10.707186069339514,201.7785773145101,3.9322670072479466
readset,related_same,500,5,1,EXECUTE,published_after_gate_recheck,403.0001522041857,11.774138081818819,201.7785773145101,3.9322670072479466
readset,related_same,500,6,1,EXECUTE,published_after_gate_recheck,359.89864403381944,12.816083151847124,201.7785773145101,3.9322670072479466
readset,related_same,500,7,1,EXECUTE,published_after_gate_recheck,52.93767200782895,12.271190993487835,201.7785773145101,3.9322670072479466
readset,related_same,500,8,1,EXECUTE,published_after_gate_recheck,68.05507186800241,11.564295273274183,201.7785773145101,3.9322670072479466
readset,related_same,500,9,1,EXECUTE,published_after_gate_recheck,131.31568999961019,12.69538700580597,201.7785773145101,3.9322670072479466
readset,related_same,500,10,1,EXECUTE,published_after_gate_recheck,82.36010791733861,38.22065331041813,201.7785773145101,3.9322670072479466
readset,related_same,500,11,1,EXECUTE,published_after_gate_recheck,610.6130457483232,10.450405068695545,201.7785773145101,3.9322670072479466
readset,related_same,500,12,1,EXECUTE,published_after_gate_recheck,701.0712968185544,126.48881413042545,201.7785773145101,3.9322670072479466
readset,related_same,500,13,1,EXECUTE,published_after_gate_recheck,1524.7592022642493,18.570699263364077,201.7785773145101,3.9322670072479466
readset,related_same,500,14,1,EXECUTE,published_after_gate_recheck,499.00156212970614,334.09826178103685,201.7785773145101,3.9322670072479466
readset,related_same,500,15,1,EXECUTE,published_after_gate_recheck,78.28282006084919,41.5878901258111,201.7785773145101,3.9322670072479466
readset,related_same,500,16,1,EXECUTE,published_after_gate_recheck,128.2907440327108,12.312547769397497,201.7785773145101,3.9322670072479466
readset,related_same,500,17,1,EXECUTE,published_after_gate_recheck,183.84494492784142,11.759411077946424,201.7785773145101,3.9322670072479466
readset,related_same,500,18,1,EXECUTE,published_after_gate_recheck,37.6796368509531,11.219908948987722,201.7785773145101,3.9322670072479466
readset,related_same,500,19,1,EXECUTE,published_after_gate_recheck,117.25708609446883,11.266195215284824,201.7785773145101,3.9322670072479466
readset,related_same,500,20,1,EXECUTE,published_after_gate_recheck,438.4001730941236,331.51764003559947,201.7785773145101,3.9322670072479466
readset,related_same,500,21,1,EXECUTE,published_after_gate_recheck,194.1599859856069,48.94695384427905,201.7785773145101,3.9322670072479466
readset,related_same,500,22,1,EXECUTE,published_after_gate_recheck,369.3877346813679,12.612520717084408,201.7785773145101,3.9322670072479466
readset,related_same,500,23,1,EXECUTE,published_after_gate_recheck,390.96942311152816,13.28209787607193,201.7785773145101,3.9322670072479466
readset,related_same,500,24,1,EXECUTE,published_after_gate_recheck,185.6959080323577,11.677907779812813,201.7785773145101,3.9322670072479466
readset,related_same,500,25,1,EXECUTE,published_after_gate_recheck,73.59967287629843,11.060629971325397,201.7785773145101,3.9322670072479466
readset,related_same,500,26,1,EXECUTE,published_after_gate_recheck,444.2269438877702,10.944072157144547,201.7785773145101,3.9322670072479466
readset,related_same,500,27,1,EXECUTE,published_after_gate_recheck,897.4878159351647,549.4724549353123,201.7785773145101,3.9322670072479466
readset,related_same,500,28,1,EXECUTE,published_after_gate_recheck,204.88438475877047,138.59993498772383,201.7785773145101,3.9322670072479466
readset,related_same,500,29,1,EXECUTE,published_after_gate_recheck,138.41677084565163,65.79101504758,201.7785773145101,3.9322670072479466
readset,related_same,500,30,1,EXECUTE,published_after_gate_recheck,160.89383885264397,103.60446292907,201.7785773145101,3.9322670072479466
readset,related_same,500,31,1,EXECUTE,published_after_gate_recheck,238.79329906776547,67.10315681993961,201.7785773145101,3.9322670072479466
readset,related_same,500,32,1,EXECUTE,published_after_gate_recheck,37.71217865869403,12.069222051650286,201.7785773145101,3.9322670072479466
readset,related_same,500,33,1,EXECUTE,published_after_gate_recheck,100.11172108352184,11.65936328470707,201.7785773145101,3.9322670072479466
readset,related_same,500,34,1,EXECUTE,published_after_gate_recheck,120.34402694553137,20.065483171492815,201.7785773145101,3.9322670072479466
readset,related_same,500,35,1,EXECUTE,published_after_gate_recheck,196.43730903044343,11.30037009716034,201.7785773145101,3.9322670072479466
readset,related_same,500,36,1,EXECUTE,published_after_gate_recheck,506.8672578781843,311.0409858636558,201.7785773145101,3.9322670072479466
readset,related_same,500,37,1,EXECUTE,published_after_gate_recheck,75.56032203137875,11.060339864343405,201.7785773145101,3.9322670072479466
readset,related_same,500,38,1,EXECUTE,published_after_gate_recheck,32.75976795703173,11.575065087527037,201.7785773145101,3.9322670072479466
readset,related_same,500,39,1,EXECUTE,published_after_gate_recheck,192.9787201806903,11.350423097610474,201.7785773145101,3.9322670072479466
readset,related_same,500,40,1,EXECUTE,published_after_gate_recheck,84.58689600229263,13.86953005567193,201.7785773145101,3.9322670072479466
readset,related_same,500,41,1,EXECUTE,published_after_gate_recheck,51.14641087129712,12.07300927489996,201.7785773145101,3.9322670072479466
readset,related_same,500,42,1,EXECUTE,published_after_gate_recheck,40.65167298540473,12.250902596861124,201.7785773145101,3.9322670072479466
readset,related_same,500,43,1,EXECUTE,published_after_gate_recheck,295.3805266879499,12.450406793504953,201.7785773145101,3.9322670072479466
readset,related_same,500,44,1,EXECUTE,published_after_gate_recheck,634.6334679983556,422.30699211359024,201.7785773145101,3.9322670072479466
readset,related_same,500,45,1,EXECUTE,published_after_gate_recheck,210.11287439614534,44.51708495616913,201.7785773145101,3.9322670072479466
readset,related_same,500,46,1,EXECUTE,published_after_gate_recheck,185.0568992085755,11.817389633506536,201.7785773145101,3.9322670072479466
readset,related_same,500,47,1,EXECUTE,published_after_gate_recheck,203.1831629574299,11.11075421795249,201.7785773145101,3.9322670072479466
readset,related_same,500,48,1,EXECUTE,published_after_gate_recheck,329.04068380594254,11.384636629372835,201.7785773145101,3.9322670072479466
readset,related_same,500,49,1,EXECUTE,published_after_gate_recheck,842.8630190901458,10.49318490549922,201.7785773145101,3.9322670072479466
readset,related_same,500,50,1,EXECUTE,published_after_gate_recheck,292.39870328456163,194.35830926522613,201.7785773145101,3.9322670072479466
readset,related_same,500,51,1,EXECUTE,published_after_gate_recheck,41.47780314087868,12.344677932560444,201.7785773145101,3.9322670072479466
readset,related_same,500,52,1,EXECUTE,published_after_gate_recheck,76.35985128581524,11.785478796809912,201.7785773145101,3.9322670072479466
readset,related_same,500,53,1,EXECUTE,published_after_gate_recheck,48.51297102868557,10.515416972339153,201.7785773145101,3.9322670072479466
readset,related_same,500,54,1,EXECUTE,published_after_gate_recheck,143.89221323654056,87.60045003145933,201.7785773145101,3.9322670072479466
readset,related_same,500,55,1,EXECUTE,published_after_gate_recheck,77.23354967311025,11.833961121737957,201.7785773145101,3.9322670072479466
readset,related_same,500,56,1,EXECUTE,published_after_gate_recheck,35.48861667513847,10.564139112830162,201.7785773145101,3.9322670072479466
readset,related_same,500,57,1,EXECUTE,published_after_gate_recheck,893.4653298929334,338.40794721618295,201.7785773145101,3.9322670072479466
readset,related_same,500,58,1,EXECUTE,published_after_gate_recheck,74.31467482820153,11.218685656785965,201.7785773145101,3.9322670072479466
readset,related_same,500,59,1,EXECUTE,published_after_gate_recheck,76.45894819870591,11.639013886451721,201.7785773145101,3.9322670072479466
readset,related_same,500,60,1,EXECUTE,published_after_gate_recheck,29.35467939823866,11.444509960711002,201.7785773145101,3.9322670072479466
readset,related_same,500,61,1,EXECUTE,published_after_gate_recheck,51.72682972624898,11.687095277011395,201.7785773145101,3.9322670072479466
readset,related_same,500,62,1,EXECUTE,published_after_gate_recheck,323.0973742902279,21.054768934845924,201.7785773145101,3.9322670072479466
readset,related_same,500,63,1,EXECUTE,published_after_gate_recheck,470.6356767565012,10.858981870114803,201.7785773145101,3.9322670072479466
readset,related_same,500,64,1,EXECUTE,published_after_gate_recheck,110.12297170236707,10.75349422171712,201.7785773145101,3.9322670072479466
readset,related_same,500,65,1,EXECUTE,published_after_gate_recheck,296.1878417991102,12.514285743236542,201.7785773145101,3.9322670072479466
readset,related_same,500,66,1,EXECUTE,published_after_gate_recheck,510.7564041391015,31.729445327073336,201.7785773145101,3.9322670072479466
readset,related_same,500,67,1,EXECUTE,published_after_gate_recheck,184.55980578437448,12.023385614156723,201.7785773145101,3.9322670072479466
readset,related_same,500,68,1,EXECUTE,published_after_gate_recheck,110.32624309882522,11.165666859596968,201.7785773145101,3.9322670072479466
readset,related_same,500,69,1,EXECUTE,published_after_gate_recheck,233.44728909432888,12.82432908192277,201.7785773145101,3.9322670072479466
readset,related_same,500,70,1,EXECUTE,published_after_gate_recheck,252.74936016649008,11.442104820162058,201.7785773145101,3.9322670072479466
readset,related_same,500,71,1,EXECUTE,published_after_gate_recheck,336.71772573143244,11.256036814302206,201.7785773145101,3.9322670072479466
readset,related_same,500,72,1,EXECUTE,published_after_gate_recheck,30.5781252682209,11.159145273268223,201.7785773145101,3.9322670072479466
readset,related_same,500,73,1,EXECUTE,published_after_gate_recheck,31.374830286949873,11.46946707740426,201.7785773145101,3.9322670072479466
readset,related_same,500,74,1,EXECUTE,published_after_gate_recheck,1863.874085713178,483.2057082094252,201.7785773145101,3.9322670072479466
readset,related_same,500,75,1,EXECUTE,published_after_gate_recheck,28.484777081757784,11.37032127007842,201.7785773145101,3.9322670072479466
readset,related_same,500,76,1,EXECUTE,published_after_gate_recheck,336.97613095864654,10.598453227430582,201.7785773145101,3.9322670072479466
readset,related_same,500,77,1,EXECUTE,published_after_gate_recheck,28.48430583253503,10.642775800079107,201.7785773145101,3.9322670072479466
readset,related_same,500,78,1,EXECUTE,published_after_gate_recheck,198.42752208933234,11.18937088176608,201.7785773145101,3.9322670072479466
readset,related_same,500,79,1,EXECUTE,published_after_gate_recheck,257.4610197916627,28.650628868490458,201.7785773145101,3.9322670072479466
readset,related_same,500,80,1,EXECUTE,published_after_gate_recheck,259.73100820556283,10.686236899346113,201.7785773145101,3.9322670072479466
readset,related_same,500,81,1,EXECUTE,published_after_gate_recheck,138.36366217583418,74.32546513155103,201.7785773145101,3.9322670072479466
readset,related_same,500,82,1,EXECUTE,published_after_gate_recheck,48.208910040557384,11.215751059353352,201.7785773145101,3.9322670072479466
readset,related_same,500,83,1,EXECUTE,published_after_gate_recheck,56.54928693547845,10.735759977251291,201.7785773145101,3.9322670072479466
readset,related_same,500,84,1,EXECUTE,published_after_gate_recheck,51.577660255134106,12.382259126752615,201.7785773145101,3.9322670072479466
readset,related_same,500,85,1,EXECUTE,published_after_gate_recheck,187.53150012344122,21.5553380548954,201.7785773145101,3.9322670072479466
readset,related_same,500,86,1,EXECUTE,published_after_gate_recheck,43.53166604414582,13.333845417946577,201.7785773145101,3.9322670072479466
readset,related_same,500,87,1,EXECUTE,published_after_gate_recheck,135.8576100319624,11.559545993804932,201.7785773145101,3.9322670072479466
readset,related_same,500,88,1,EXECUTE,published_after_gate_recheck,122.13970627635717,11.559635866433382,201.7785773145101,3.9322670072479466
readset,related_same,500,89,1,EXECUTE,published_after_gate_recheck,74.49958194047213,10.459481738507748,201.7785773145101,3.9322670072479466
readset,related_same,500,90,1,EXECUTE,published_after_gate_recheck,196.40832394361496,11.69545017182827,201.7785773145101,3.9322670072479466
readset,related_same,500,91,1,EXECUTE,published_after_gate_recheck,128.80823528394103,19.98827885836363,201.7785773145101,3.9322670072479466
readset,related_same,500,92,1,EXECUTE,published_after_gate_recheck,213.42840371653438,52.2147249430418,201.7785773145101,3.9322670072479466
readset,related_same,500,93,1,EXECUTE,published_after_gate_recheck,237.40963265299797,11.31073897704482,201.7785773145101,3.9322670072479466
readset,related_same,500,94,1,EXECUTE,published_after_gate_recheck,509.5701590180397,11.239905841648579,201.7785773145101,3.9322670072479466
readset,related_same,500,95,1,EXECUTE,published_after_gate_recheck,731.8276050500572,180.7141019962728,201.7785773145101,3.9322670072479466
readset,related_same,500,96,1,EXECUTE,published_after_gate_recheck,45.737653970718384,10.880150832235813,201.7785773145101,3.9322670072479466
readset,related_same,500,97,1,EXECUTE,published_after_gate_recheck,77.0658659748733,10.154328774660826,201.7785773145101,3.9322670072479466
readset,related_same,500,98,1,EXECUTE,published_after_gate_recheck,43.44245791435242,11.34990295395255,201.7785773145101,3.9322670072479466
readset,related_same,500,99,1,EXECUTE,published_after_gate_recheck,740.2531621046364,10.898925829678774,201.7785773145101,3.9322670072479466
