run,mode,inject,inject_offset_ms,publish_delay_ms,injection_window,gateway_released,gate_blocked,stale_publish,potential_stale_publish,post_release_invalidation,injection_version,check_version,version_order,stale_exact,position_vs_middleware,residual_lo_ms,residual_hi_ms,t_middleware_ms,store_io_lo_ms,store_io_hi_ms,injection_store_lo_ms,injection_store_hi_ms,commit_status,commit_age_ms,outcome,reason,validation_to_gate_ms,validation_to_publish_ms,recheck_to_publish_ms,t_validate_end_ms,t_injection_start_ms,t_injection_end_ms,t_recheck_start_ms,t_recheck_end_ms,t_publish_end_ms
0,xair,1,0.0,50.0,before_recheck,0,1,0,0,0,2,2,before_check,0,,,,,58.74152621254325,59.85901225358248,11.187589261680841,12.265621218830347,,,REVOKE,read_set_version_changed_at_gate,55.407170206308365,,,5.448061041533947,5.776347126811743,14.601843897253275,56.26811599358916,60.85523124784231,
1,xair,0,,50.0,control,1,0,0,0,0,,3,control,0,,1.0440289042890072,2.0598149858415127,58.80853161215782,56.74871662631631,57.764502707868814,,,,,EXECUTE,published_after_gate_recheck,54.51649893075228,54.53267879784107,0.016179867088794708,4.291641991585493,,,54.40755467861891,58.80814092233777,58.824320789426565
2,xair,1,0.0,50.0,before_recheck,0,1,0,0,0,5,5,before_check,0,,,,,58.785959146916866,60.05678419023752,10.951797012239695,12.168209068477154,,,REVOKE,read_set_version_changed_at_gate,55.3323901258409,,,5.7485150173306465,5.940665025264025,14.100294094532728,56.20255321264267,61.08090514317155,
3,xair,0,,50.0,control,1,0,0,0,0,,6,control,0,,1.0848850943148136,2.287621144205332,61.01222615689039,58.72460501268506,59.92734106257558,,,,,EXECUTE,published_after_gate_recheck,55.43044442310929,55.44273741543293,0.012292992323637009,5.581521894782782,,,55.69013115018606,61.011966317892075,61.02425931021571
4,xair,1,0.0,50.0,before_recheck,0,1,0,0,0,8,8,before_check,0,,,,,57.9448607750237,59.041609056293964,9.799263905733824,10.777629911899567,,,REVOKE,read_set_version_changed_at_gate,55.28283817693591,,,4.8560998402535915,5.088064819574356,12.822054792195559,55.46120181679726,60.1389380171895,
5,xair,1,0.0,50.0,before_recheck,0,1,0,0,0,10,10,before_check,0,,,,,58.171456679701805,59.52256079763174,9.64245991781354,11.32601872086525,,,REVOKE,read_set_version_changed_at_gate,55.77783612534404,,,4.863634705543518,5.022071767598391,13.429284561425447,55.31464656814933,60.641470830887556,
6,xair,0,,50.0,control,1,0,0,0,0,,11,control,0,,0.985969789326191,2.4899006821215153,59.7421838901937,57.252283208072186,58.75621410086751,,,,,EXECUTE,published_after_gate_recheck,55.235137697309256,55.24610774591565,0.010970048606395721,4.506916273385286,,,54.614614229649305,59.74205397069454,59.75302401930094
7,xair,1,0.0,50.0,before_recheck,0,1,0,0,0,13,13,before_check,0,,,,,56.875033769756556,58.21050005033612,8.764543104916811,9.78074036538601,,,REVOKE,read_set_version_changed_at_gate,55.01845106482506,,,4.13087010383606,4.219005350023508,11.857265140861273,54.39744610339403,59.14932116866112,
8,xair,1,0.0,50.0,before_recheck,0,1,0,0,0,15,15,before_check,0,,,,,57.406912092119455,58.66882996633649,9.656857699155807,10.85430383682251,,,REVOKE,read_set_version_changed_at_gate,54.72720507532358,,,4.82603395357728,4.922214895486832,12.97100493684411,55.097128730267286,59.55323902890086,
9,xair,1,0.0,50.0,before_recheck,0,1,0,0,0,17,17,before_check,0,,,,,57.80907720327377,59.327015187591314,9.914691094309092,11.163364164531231,,,REVOKE,read_set_version_changed_at_gate,55.28040276840329,,,5.010851193219423,5.140984896570444,13.313869014382362,55.33148907124996,60.291253961622715,
10,xair,1,0.0,50.0,before_recheck,0,1,0,0,0,19,19,before_check,0,,,,,57.4797592125833,58.48853196948767,10.004790034145117,11.263953056186438,,,REVOKE,read_set_version_changed_at_gate,54.60927402600646,,,4.864306189119816,4.989811219274998,13.239419087767601,55.17864227294922,59.473580215126276,
11,xair,1,0.0,50.0,before_recheck,0,1,0,0,0,21,21,before_check,0,,,,,56.94831162691116,58.27190540730953,9.158511646091938,10.409107897430658,,,REVOKE,read_set_version_changed_at_gate,55.1816769875586,,,3.9788447320461273,4.056610632687807,12.506372760981321,54.22959057614207,59.16052171960473,
12,xair,0,,50.0,control,1,0,0,0,0,,22,control,0,,1.002321019768715,2.388691995292902,59.22093568369746,56.83224368840456,58.21861466392875,,,,,EXECUTE,published_after_gate_recheck,54.86529413610697,54.87660504877567,0.011310912668704987,4.355501849204302,,,54.445486050099134,59.22079598531127,59.232106897979975
13,xair,0,,50.0,control,1,0,0,0,0,,23,control,0,,0.974058173596859,2.239752095192671,59.20159025117755,56.96183815598488,58.22753207758069,,,,,EXECUTE,published_after_gate_recheck,54.38700597733259,54.395521990954876,0.008516013622283936,4.814412910491228,,,54.89943828433752,59.20141888782382,59.209934901446104
14,xair,1,0.0,50.0,before_recheck,0,1,0,0,0,25,25,before_check,0,,,,,58.40397300198674,59.57902781665325,10.268335230648518,11.612406000494957,,,REVOKE,read_set_version_changed_at_gate,55.783526971936226,,,4.962630104273558,5.154591053724289,13.747813180088997,55.49583723768592,60.746157076209784,
15,xair,1,0.0,50.0,before_recheck,0,1,0,0,0,27,27,before_check,0,,,,,57.43454396724701,58.79000714048743,9.198087267577648,10.429978370666504,,,REVOKE,read_set_version_changed_at_gate,54.942027665674686,,,4.9425833858549595,5.056306254118681,12.374576181173325,55.2919851616025,59.884611051529646,
16,xair,1,0.0,50.0,before_recheck,0,1,0,0,0,29,29,before_check,0,,,,,57.582632172852755,58.7742580100894,12.634083162993193,13.857327867299318,,,REVOKE,read_set_version_changed_at_gate,54.979567881673574,,,4.643131047487259,4.74237697198987,16.06955798342824,54.92437491193414,59.62269892916083,
17,xair,1,0.0,50.0,before_recheck,0,1,0,0,0,31,31,before_check,0,,,,,57.528459932655096,58.65626595914364,11.211884673684835,12.727097608149052,,,REVOKE,read_set_version_changed_at_gate,54.88693481311202,,,4.785156808793545,4.967278800904751,14.697383623570204,55.321639869362116,59.672091621905565,
18,xair,0,,50.0,control,1,0,0,0,0,,32,control,0,,1.2755231000483036,2.528103068470955,60.45612320303917,57.928020134568214,59.180600102990866,,,,,EXECUTE,published_after_gate_recheck,55.74818002060056,55.760623421519995,0.012443400919437408,4.707792773842812,,,54.83733210712671,60.45597279444337,60.468416195362806
19,xair,1,0.0,50.0,before_recheck,0,1,0,0,0,34,34,before_check,0,,,,,58.11383854597807,59.38094574958086,10.16723457723856,11.365443002432585,,,REVOKE,read_set_version_changed_at_gate,55.334114003926516,,,5.077465903013945,5.249338690191507,13.161873910576105,55.45346764847636,60.41157990694046,
20,xair,1,0.0,50.0,before_recheck,0,1,0,0,0,36,36,before_check,0,,,,,57.818594854325056,59.109766967594624,9.93927801027894,11.115123983472586,,,REVOKE,read_set_version_changed_at_gate,55.16008706763387,,,4.900543950498104,5.151315126568079,12.924106791615486,55.48335378989577,60.06063101813197,
21,xair,1,0.0,50.0,before_recheck,0,1,0,0,0,38,38,before_check,0,,,,,58.149876073002815,59.61441295221448,9.869436267763376,10.816893074661493,,,REVOKE,read_set_version_changed_at_gate,55.974965915083885,,,4.720746073871851,4.950688220560551,12.93798303231597,55.312853306531906,60.695711988955736,
22,xair,0,,50.0,control,1,0,0,0,0,,39,control,0,,1.1994601227343082,2.479000948369503,60.6790310703218,58.200030121952295,59.47957094758749,,,,,EXECUTE,published_after_gate_recheck,55.49742002040148,55.51815824583173,0.020738225430250168,5.181401036679745,,,55.318895261734724,60.67882105708122,60.69955928251147
23,xair,1,0.0,50.0,before_recheck,0,1,0,0,0,41,41,before_check,0,,,,,58.884914964437485,59.990359004586935,10.276930872350931,11.50577561929822,,,REVOKE,read_set_version_changed_at_gate,56.04245234280825,,,5.1703196950256824,5.442129913717508,13.636933639645576,55.79404579475522,61.21277203783393,
24,xair,1,0.0,50.0,before_recheck,0,1,0,0,0,43,43,before_check,0,,,,,58.7946861051023,60.086490120738745,9.721308946609497,10.982966050505638,,,REVOKE,read_set_version_changed_at_gate,56.22341204434633,,,5.019788164645433,5.210795905441046,12.878342065960169,55.45563204213977,61.243200208991766,
25,xair,0,,50.0,control,1,0,0,0,0,,44,control,0,,1.55238201841712,2.7943220920860767,61.25871790573001,58.46439581364393,59.70633588731289,,,,,EXECUTE,published_after_gate_recheck,56.279527954757214,56.30156863480806,0.022040680050849915,4.978800192475319,,,55.085756815969944,61.25832814723253,61.28036882728338
26,xair,1,0.0,50.0,before_recheck,0,1,0,0,0,46,46,before_check,0,,,,,57.488445192575455,58.80815116688609,9.12407785654068,10.234280955046415,,,REVOKE,read_set_version_changed_at_gate,54.797306191176176,,,4.7356849536299706,4.861780907958746,12.35157297924161,55.06343487650156,59.53299114480615,
27,xair,1,0.0,50.0,before_recheck,0,1,0,0,0,48,48,before_check,0,,,,,56.987776421010494,58.07726038619876,9.470017161220312,10.456708259880543,,,REVOKE,read_set_version_changed_at_gate,54.345299024134874,,,4.5677293092012405,4.6491422690451145,12.612102087587118,54.83839334920049,58.913028333336115,
28,xair,1,0.0,50.0,before_recheck,0,1,0,0,0,50,50,before_check,0,,,,,57.339346036314964,58.529247995465994,9.309506043791771,10.279806330800056,,,REVOKE,read_set_version_changed_at_gate,54.75340411067009,,,4.676474258303642,4.759339150041342,12.112034019082785,54.93709910660982,59.42987836897373,
29,xair,1,0.0,50.0,before_recheck,0,1,0,0,0,52,52,before_check,0,,,,,57.875881902873516,59.18018892407417,9.577709250152111,10.629663243889809,,,REVOKE,read_set_version_changed_at_gate,55.358368903398514,,,4.901946987956762,5.014216993004084,12.862050905823708,55.27669610455632,60.260315891355276,
30,xair,1,0.0,50.0,before_recheck,0,1,0,0,0,54,54,before_check,0,,,,,57.4378096498549,58.815153781324625,9.388763923197985,10.631876066327095,,,REVOKE,read_set_version_changed_at_gate,55.15893409028649,,,4.798692651093006,4.908688832074404,12.625487055629492,55.08995475247502,59.9576267413795,
31,xair,1,0.0,50.0,before_recheck,0,1,0,0,0,56,56,before_check,0,,,,,58.82740719243884,59.969920199364424,10.129514150321484,11.404294986277819,,,REVOKE,read_set_version_changed_at_gate,55.91219803318381,,,5.341170355677605,5.516660399734974,13.66511732339859,55.79511821269989,61.25336838886142,
32,xair,0,,50.0,control,1,0,0,0,0,,57,control,0,,1.139787957072258,2.5840173475444317,60.145901050418615,57.561883702874184,59.00611309334636,,,,,EXECUTE,published_after_gate_recheck,55.23126106709242,55.240638088434935,0.009377021342515945,4.914470016956329,,,55.029732175171375,60.14573108404875,60.155108105391264
33,xair,1,0.0,50.0,before_recheck,0,1,0,0,0,59,59,before_check,0,,,,,57.54741607233882,58.94439714029431,10.045136325061321,11.190655175596476,,,REVOKE,read_set_version_changed_at_gate,55.395818781107664,,,4.560175351798534,4.751374013721943,13.367638923227787,55.08975498378277,59.9559941329062,
34,xair,1,0.0,50.0,before_recheck,0,1,0,0,0,61,61,before_check,0,,,,,57.57230333983898,58.99177584797144,9.271515067666769,10.355939157307148,,,REVOKE,read_set_version_changed_at_gate,54.98707294464111,,,5.045616067945957,5.144963040947914,12.61769188567996,55.367226246744394,60.03268901258707,
35,xair,1,0.0,50.0,before_recheck,0,1,0,0,0,63,63,before_check,0,,,,,59.54165803268552,61.17318803444505,10.154991876333952,11.286024004220963,,,REVOKE,read_set_version_changed_at_gate,57.34818195924163,,,5.311585031449795,5.394421052187681,13.137757778167725,55.59476278722286,62.65976699069142,
36,xair,0,,50.0,control,1,0,0,0,0,,64,control,0,,1.2337351217865944,2.7423049323260784,61.84685230255127,59.10454737022519,60.613117180764675,,,,,EXECUTE,published_after_gate_recheck,56.11860519275069,56.12769303843379,0.00908784568309784,5.728085990995169,,,55.85043225437403,61.84669118374586,61.85577902942896
37,xair,1,0.0,50.0,before_recheck,0,1,0,0,0,66,66,before_check,0,,,,,58.188017923384905,59.26924664527178,9.282394777983427,10.567225981503725,,,REVOKE,read_set_version_changed_at_gate,55.46494899317622,,,4.760310985147953,4.860358778387308,12.610498815774918,55.07683102041483,60.225259978324175,
38,xair,1,0.0,50.0,before_recheck,0,1,0,0,0,68,68,before_check,0,,,,,57.47728515416384,58.60555078834295,8.92607681453228,9.991405066102743,,,REVOKE,read_set_version_changed_at_gate,55.25676812976599,,,4.442906007170677,4.6031358651816845,12.003079988062382,54.819137789309025,59.699674136936665,
39,xair,1,0.0,50.0,before_recheck,0,1,0,0,0,70,70,before_check,0,,,,,57.47143318876624,58.841522783041,9.27825691178441,10.488396976143122,,,REVOKE,read_set_version_changed_at_gate,55.357267148792744,,,4.491325933486223,4.615289159119129,12.335652951151133,54.9425077624619,59.84859308227897,
40,xair,1,30.0,50.0,before_recheck,0,1,0,0,0,72,72,before_check,0,,,,,56.97167571634054,57.98388458788395,40.56676756590605,41.72482108697295,,,REVOKE,read_set_version_changed_at_gate,54.15172502398491,,,4.674509633332491,34.867525566369295,43.81407983601093,54.88734459504485,58.8262346573174,
41,xair,1,30.0,50.0,before_recheck,0,1,0,0,0,74,74,before_check,0,,,,,56.70227017253637,57.76076577603817,39.2228658311069,40.31153907999396,,,REVOKE,read_set_version_changed_at_gate,54.63532218709588,,,4.149565007537603,34.354712814092636,42.557572945952415,54.379843175411224,58.784887194633484,
42,xair,0,,50.0,control,1,0,0,0,0,,75,control,0,,0.7860846817493439,1.7709429375827312,58.15262161195278,56.38167867437005,57.36653693020344,,,,,EXECUTE,published_after_gate_recheck,54.35554729774594,54.36674831435084,0.01120101660490036,3.7969336844980717,,,53.898239973932505,58.152480982244015,58.163681998848915
43,xair,1,30.0,50.0,before_recheck,0,1,0,0,0,77,77,before_check,0,,,,,58.29302407801151,59.65827638283372,40.65417218953371,41.8397462926805,,,REVOKE,read_set_version_changed_at_gate,55.59419095516205,,,5.28452405706048,35.53034923970699,43.971095234155655,55.58913201093674,60.87871501222253,
44,xair,1,30.0,50.0,before_recheck,0,1,0,0,0,79,79,before_check,0,,,,,57.673933915793896,58.910703752189875,42.61392867192626,43.600990902632475,,,REVOKE,read_set_version_changed_at_gate,56.98531121015549,,,4.911584779620171,35.15768004581332,45.86884565651417,55.20409997552633,61.89689598977566,
45,xair,0,,50.0,control,1,0,0,0,0,,80,control,0,,1.2998390011489391,2.5280830450356007,64.29541623219848,61.767333187162876,62.99557723104954,,,,,EXECUTE,published_after_gate_recheck,56.28119083121419,56.29938514903188,0.01819431781768799,8.014074992388487,,,58.16363217309117,64.29526582360268,64.31346014142036
46,xair,1,30.0,50.0,before_recheck,0,1,0,0,0,82,82,before_check,0,,,,,58.42183670029044,59.60288271307945,41.23764671385288,42.24329395219684,,,REVOKE,read_set_version_changed_at_gate,55.49782095476985,,,5.30567392706871,35.632019862532616,44.67439465224743,55.69845763966441,60.80349488183856,
47,xair,1,30.0,50.0,before_recheck,0,1,0,0,0,84,84,before_check,0,,,,,57.65042919665575,58.95259231328964,40.0962452404201,41.292790323495865,,,REVOKE,read_set_version_changed_at_gate,55.26522500440478,,,4.827707074582577,35.095914267003536,43.57156530022621,55.17080705612898,60.09293207898736,
48,xair,0,,50.0,control,1,0,0,0,0,,85,control,0,,1.3098577037453651,2.535698004066944,60.73854258283973,58.20284457877278,59.42868487909436,,,,,EXECUTE,published_after_gate_recheck,56.0278850607574,56.05112900957465,0.023243948817253113,4.71055693924427,,,54.969138000160456,60.73844200000167,60.76168594881892
49,xair,0,,50.0,control,1,0,0,0,0,,86,control,0,,1.0019997134804726,2.238459885120392,59.391244780272245,57.152784895151854,58.38924506679177,,,,,EXECUTE,published_after_gate_recheck,54.762289859354496,54.77869091555476,0.016401056200265884,4.628804046660662,,,54.74754283204675,59.39109390601516,59.407494962215424
50,xair,1,30.0,50.0,before_recheck,0,1,0,0,0,88,88,before_check,0,,,,,57.0811009965837,58.48877225071192,39.74961536005139,41.0097292624414,,,REVOKE,read_set_version_changed_at_gate,54.95634488761425,,,4.601332359015942,34.81786232441664,43.19502925500274,54.85809035599232,59.55767724663019,
51,xair,1,30.0,50.0,before_recheck,0,1,0,0,0,90,90,before_check,0,,,,,57.7552760951221,59.02343522757292,41.24116292223334,42.37506119534373,,,REVOKE,read_set_version_changed_at_gate,55.5420140735805,,,4.6991161070764065,35.04954697564244,44.93550397455692,55.113870184868574,60.24113018065691,
52,xair,1,30.0,50.0,before_recheck,0,1,0,0,0,92,92,before_check,0,,,,,57.6978693716228,58.99358028545976,40.18553299829364,41.65814630687237,,,REVOKE,read_set_version_changed_at_gate,55.10397208854556,,,4.922075197100639,35.16096714884043,43.339481111615896,55.20843807607889,60.0260472856462,
53,xair,1,30.0,50.0,before_recheck,0,1,0,0,0,94,94,before_check,0,,,,,59.437673073261976,60.501689091324806,42.51288017258048,43.922264128923416,,,REVOKE,read_set_version_changed_at_gate,55.773486848920584,,,5.781698040664196,36.772559862583876,46.013015788048506,56.83098221197724,61.55518488958478,
54,xair,0,,50.0,control,1,0,0,0,0,,95,control,0,,1.43401138484478,2.7270172722637653,60.83028530701995,58.103268034756184,59.39627392217517,,,,,EXECUTE,published_after_gate_recheck,55.687005165964365,55.703426245599985,0.016421079635620117,5.143098998814821,,,55.26408227160573,60.830104164779186,60.846525244414806
55,xair,1,30.0,50.0,before_recheck,0,1,0,0,0,97,97,before_check,0,,,,,57.974367402493954,59.32465009391308,40.86291417479515,41.94714827463031,,,REVOKE,read_set_version_changed_at_gate,55.9932803735137,,,4.483412019908428,34.81551818549633,44.43356301635504,54.87760715186596,60.47669239342213,
56,xair,0,,50.0,control,1,0,0,0,0,,98,control,0,,1.1337571777403355,2.5298157706856728,64.04900411143899,61.51918834075332,62.915246933698654,,,,,EXECUTE,published_after_gate_recheck,58.45402693375945,58.46473714336753,0.010710209608078003,5.594837013632059,,,55.69929908961058,64.04886394739151,64.05957415699959
57,xair,1,30.0,50.0,before_recheck,0,1,0,0,0,100,100,before_check,0,,,,,59.18549932539463,60.44927006587386,41.451127268373966,42.68832923844457,,,REVOKE,read_set_version_changed_at_gate,55.50344102084637,,,6.115333177149296,36.43599804490805,44.803036376833916,56.529727298766375,61.61877419799566,
58,xair,1,30.0,50.0,before_recheck,0,1,0,0,0,102,102,before_check,0,,,,,58.82996320724487,59.88421989604831,41.773793287575245,43.12434699386358,,,REVOKE,read_set_version_changed_at_gate,54.744206834584475,,,6.1087110079824924,36.4235551096499,45.25662725791335,56.47836113348603,60.85291784256697,
59,xair,1,30.0,50.0,before_recheck,0,1,0,0,0,104,104,before_check,0,,,,,57.520896196365356,58.633854147046804,40.079794358462095,41.40395810827613,,,REVOKE,read_set_version_changed_at_gate,54.89947786554694,,,4.860318265855312,35.06110841408372,43.22031605988741,55.12658413499594,59.759796131402254,
60,xair,1,30.0,50.0,before_recheck,0,1,0,0,0,106,106,before_check,0,,,,,56.877197697758675,58.10407968237996,40.249121841043234,41.55732598155737,,,REVOKE,read_set_version_changed_at_gate,54.83702104538679,,,4.478531889617443,34.645698964595795,43.923585675656796,54.67678979039192,59.315552935004234,
61,xair,1,30.0,50.0,before_recheck,0,1,0,0,0,108,108,before_check,0,,,,,57.48991761356592,58.62307362258434,40.556768886744976,41.629140730947256,,,REVOKE,read_set_version_changed_at_gate,54.48471009731293,,,5.109625868499279,35.35543056204915,43.73442055657506,55.40850292891264,59.594335965812206,
62,xair,0,,50.0,control,1,0,0,0,0,,109,control,0,,1.1871769092977047,2.6757000014185905,60.891469940543175,58.215769939124584,59.70429303124547,,,,,EXECUTE,published_after_gate_recheck,55.66278984770179,55.67999184131622,0.017201993614435196,5.228089168667793,,,55.36268698051572,60.89087901636958,60.908081009984016
63,xair,0,,50.0,control,1,0,0,0,0,,110,control,0,,1.2339348904788494,2.6878328062593937,60.92587485909462,58.238042052835226,59.69193996861577,,,,,EXECUTE,published_after_gate_recheck,55.54639222100377,55.5611802265048,0.014788005501031876,5.379031877964735,,,55.5076589807868,60.925424098968506,60.94021210446954
64,xair,0,,50.0,control,1,0,0,0,0,,111,control,0,,1.3089156709611416,2.793931867927313,60.8264678157866,58.03253594785929,59.51755214482546,,,,,EXECUTE,published_after_gate_recheck,56.06731912121177,56.08820775523782,0.020888634026050568,4.759029019623995,,,54.91013778373599,60.82634814083576,60.84723677486181
65,xair,1,30.0,50.0,before_recheck,0,1,0,0,0,113,113,before_check,0,,,,,57.413855101913214,58.47903387621045,39.300522301346064,40.626089088618755,,,REVOKE,read_set_version_changed_at_gate,54.87993126735091,,,4.62373485788703,34.85053405165672,42.80379507690668,54.88657392561436,59.50366612523794,
66,xair,1,30.0,50.0,before_recheck,0,1,0,0,0,115,115,before_check,0,,,,,56.53767194598913,57.58220190182328,39.18604785576463,40.29887588694692,,,REVOKE,read_set_version_changed_at_gate,54.34906529262662,,,4.084242973476648,34.26822228357196,42.317433282732964,54.30756788700819,58.43330826610327,
67,xair,1,30.0,50.0,before_recheck,0,1,0,0,0,117,117,before_check,0,,,,,56.94472463801503,58.512105606496334,41.284233797341585,42.20702592283487,,,REVOKE,read_set_version_changed_at_gate,54.86082611605525,,,4.512124694883823,34.66884279623628,44.04395166784525,54.71149459481239,59.372950810939074,
68,xair,1,30.0,50.0,before_recheck,0,1,0,0,0,119,119,before_check,0,,,,,57.93101619929075,59.18460804969072,40.136962197721004,41.43531806766987,,,REVOKE,read_set_version_changed_at_gate,55.40471617132425,,,4.77295508608222,35.01731716096401,43.580092024058104,55.081851314753294,60.17767125740647,
69,xair,1,30.0,50.0,before_recheck,0,1,0,0,0,121,121,before_check,0,,,,,58.18048305809498,59.4737702049315,41.50880500674248,42.56310313940048,,,REVOKE,read_set_version_changed_at_gate,54.79549337178469,,,5.584796890616417,35.851231310516596,44.809577986598015,55.90814026072621,60.380290262401104,
70,xair,1,30.0,50.0,before_recheck,0,1,0,0,0,123,123,before_check,0,,,,,57.909154798835516,58.96070785820484,40.687454864382744,41.59473720937967,,,REVOKE,read_set_version_changed_at_gate,54.831509944051504,,,5.137349013239145,35.292203072458506,44.082934968173504,55.33910309895873,59.96885895729065,
71,xair,1,30.0,50.0,before_recheck,0,1,0,0,0,125,125,before_check,0,,,,,59.7938010469079,61.197804752737284,42.113129049539566,43.326425831764936,,,REVOKE,read_set_version_changed_at_gate,55.3707517683506,,,6.843760143965483,37.10012370720506,48.45697106793523,57.14095290750265,62.214511912316084,
72,xair,0,,50.0,control,1,0,0,0,0,,126,control,0,,1.2111621908843517,2.6894761249423027,61.72265904024243,59.03318291530013,60.51149684935808,,,,,EXECUTE,published_after_gate_recheck,55.86197366937995,55.880459025502205,0.018485356122255325,5.860234145075083,,,55.99553417414427,61.72220781445503,61.74069317057729
73,xair,1,30.0,50.0,before_recheck,0,1,0,0,0,128,128,before_check,0,,,,,58.33049491047859,59.430459048599005,42.264283169060946,43.61646017059684,,,REVOKE,read_set_version_changed_at_gate,54.982943926006556,,,5.356971174478531,35.71809222921729,45.79574894160032,55.79920718446374,60.339915100485086,
74,xair,1,30.0,50.0,before_recheck,0,1,0,0,0,130,130,before_check,0,,,,,58.285370003432035,59.51474700123072,40.31591722741723,41.448631789535284,,,REVOKE,read_set_version_changed_at_gate,55.80472620204091,,,4.777602851390839,35.06190003827214,43.822205159813166,55.12284720316529,60.58232905343175,
75,xair,1,30.0,50.0,before_recheck,0,1,0,0,0,132,132,before_check,0,,,,,57.698328979313374,58.88368282467127,40.96913291141391,42.14771371334791,,,REVOKE,read_set_version_changed_at_gate,54.71777729690075,,,5.1090046763420105,35.39995476603508,44.29610492661595,55.45570096001029,59.82678197324276,
76,xair,1,30.0,50.0,before_recheck,0,1,0,0,0,134,134,before_check,0,,,,,57.13621387258172,58.417979162186384,39.751237723976374,41.075742803514004,,,REVOKE,read_set_version_changed_at_gate,55.13694416731596,,,4.286110866814852,34.58969388157129,42.94335702434182,54.630322847515345,59.42305503413081,
77,xair,1,30.0,50.0,before_recheck,0,1,0,0,0,136,136,before_check,0,,,,,56.85974610969424,57.86119494587183,38.977607153356075,40.25470279157162,,,REVOKE,read_set_version_changed_at_gate,54.73147286102176,,,4.147300962358713,34.31939706206322,42.43359016254544,54.36785984784365,58.87877382338047,
78,xair,1,30.0,50.0,before_recheck,0,1,0,0,0,138,138,before_check,0,,,,,57.946084067225456,59.11312298849225,40.47862300649285,41.49278532713652,,,REVOKE,read_set_version_changed_at_gate,55.19595416262746,,,4.944826941937208,35.26780614629388,43.68224320933223,55.327701382339,60.14078110456467,
79,xair,1,30.0,50.0,before_recheck,0,1,0,0,0,140,140,before_check,0,,,,,57.19371186569333,58.334322180598974,39.50936393812299,40.78641999512911,,,REVOKE,read_set_version_changed_at_gate,54.519394878298044,,,4.71273111179471,34.93330907076597,42.626663111150265,54.96082315221429,59.232125990092754,
80,xair,1,40.0,50.0,before_recheck,0,1,0,0,0,142,142,before_check,0,,,,,57.35039617866278,58.66201687604189,50.60908803716302,51.83966690674424,,,REVOKE,read_set_version_changed_at_gate,54.991550743579865,,,4.563611000776291,44.777979142963886,54.13610488176346,54.79453084990382,59.555161744356155,
81,xair,1,40.0,50.0,before_recheck,0,1,0,0,0,144,144,before_check,0,,,,,56.90763611346483,58.06943494826555,49.55325787886977,50.6431027315557,,,REVOKE,read_set_version_changed_at_gate,54.64646406471729,,,4.403471015393734,44.62056374177337,53.01621509715915,54.68500591814518,59.04993508011103,
82,xair,1,40.0,50.0,before_recheck,0,1,0,0,0,146,146,before_check,0,,,,,57.90656013414264,59.133131057024,50.77789491042495,51.79211776703596,,,REVOKE,read_set_version_changed_at_gate,55.05020124837756,,,5.025988910347223,45.33460317179561,53.58060309663415,55.3785371594131,60.076190158724785,
83,xair,1,40.0,50.0,before_recheck,0,1,0,0,0,148,148,before_check,0,,,,,57.80865577980876,59.048722963780165,49.89141272380948,51.21729010716081,,,REVOKE,read_set_version_changed_at_gate,55.2614270709455,,,4.699857905507088,44.92569575086236,53.481848910450935,54.969819728285074,59.96128497645259,
84,xair,1,40.0,50.0,before_recheck,0,1,0,0,0,150,150,before_check,0,,,,,57.68919177353382,58.87626903131604,50.838178023695946,52.05534165725112,,,REVOKE,read_set_version_changed_at_gate,54.955152329057455,,,4.925330635160208,45.22810271009803,54.41074073314667,55.24903396144509,59.88048296421766,
85,xair,1,40.0,50.0,before_recheck,0,1,0,0,0,152,152,before_check,0,,,,,57.91039718315005,59.13717905059457,50.32140901312232,51.56166618689895,,,REVOKE,read_set_version_changed_at_gate,54.709231946617365,,,5.302527919411659,45.53552018478513,53.85436816141009,55.56312296539545,60.011759866029024,
86,xair,1,40.0,50.0,before_recheck,0,1,0,0,0,154,154,before_check,0,,,,,57.563957292586565,58.79568820819259,50.06242310628295,51.62909207865596,,,REVOKE,read_set_version_changed_at_gate,54.68450486660004,,,4.9914042465388775,45.1859743334353,53.6974030546844,55.21670309826732,59.675909113138914,
87,xair,1,40.0,50.0,before_recheck,0,1,0,0,0,156,156,before_check,0,,,,,56.61677988246083,57.84225882962346,49.80459902435541,51.043102983385324,,,REVOKE,read_set_version_changed_at_gate,54.509556852281094,,,4.266985226422548,44.42619904875755,52.86339810118079,54.45054592564702,58.77654207870364,
88,xair,1,40.0,50.0,before_recheck,0,1,0,0,0,158,158,before_check,0,,,,,57.939641643315554,59.319129679352045,50.66797975450754,51.82558065280318,,,REVOKE,read_set_version_changed_at_gate,55.32848322764039,,,4.938735626637936,45.23345362395048,53.95181989297271,55.28097366914153,60.267218854278326,
89,xair,0,,50.0,control,1,0,0,0,0,,159,control,0,,1.0795150883495808,2.255211118608713,58.92169428989291,56.6664831712842,57.84217920154333,,,,,EXECUTE,published_after_gate_recheck,54.713057819753885,54.72922790795565,0.016170088201761246,4.208516329526901,,,54.31831814348698,58.92157414928079,58.93774423748255
90,xair,1,40.0,50.0,before_recheck,0,1,0,0,0,161,161,before_check,0,,,,,58.59979009255767,59.75837307050824,51.48741602897644,52.75611625984311,,,REVOKE,read_set_version_changed_at_gate,54.97647216543555,,,5.68369310349226,46.08556209132075,54.737544152885675,56.14848108962178,60.66016526892781,
91,xair,0,,50.0,control,1,0,0,0,0,,162,control,0,,1.1284970678389072,2.3303120397031307,59.742433950304985,57.412121910601854,58.61393688246608,,,,,EXECUTE,published_after_gate_recheck,55.147763807326555,55.16462493687868,0.01686112955212593,4.594219848513603,,,54.73757488653064,59.74198365584016,59.758844785392284
92,xair,1,40.0,50.0,before_recheck,0,1,0,0,0,164,164,before_check,0,,,,,57.88461910560727,58.921263087540865,50.33401306718588,51.509769167751074,,,REVOKE,read_set_version_changed_at_gate,54.94317039847374,,,4.84718382358551,45.13031989336014,53.52830607444048,55.1953031681478,59.79035422205925,
93,xair,1,40.0,50.0,before_recheck,0,1,0,0,0,166,166,before_check,0,,,,,57.30744590982795,58.714715763926506,50.12423871085048,51.051858346909285,,,REVOKE,read_set_version_changed_at_gate,55.156099144369364,,,4.669700749218464,44.92587596178055,53.31399291753769,54.95626386255026,59.82579989358783,
94,xair,0,,50.0,control,1,0,0,0,0,,167,control,0,,0.9398031979799271,2.1452740766108036,60.92342920601368,58.778155129402876,59.98362600803375,,,,,EXECUTE,published_after_gate_recheck,55.00865262001753,55.01953372731805,0.010881107300519943,5.914646200835705,,,56.043494027107954,60.92329882085323,60.93417992815375
95,xair,0,,50.0,control,1,0,0,0,0,,168,control,0,,1.1648964136838913,2.3375460878014565,59.90678304806352,57.56923696026206,58.741886634379625,,,,,EXECUTE,published_after_gate_recheck,55.09157804772258,55.10782916098833,0.016251113265752792,4.814963787794113,,,54.93276100605726,59.90654183551669,59.922792948782444
96,xair,0,,50.0,control,1,0,0,0,0,,169,control,0,,1.2105819769203663,2.3813480511307716,59.2149649746716,56.83361692354083,58.004382997751236,,,,,EXECUTE,published_after_gate_recheck,54.59944484755397,54.61304122582078,0.01359637826681137,4.615348763763905,,,54.728677961975336,59.21479361131787,59.228389989584684
97,xair,0,,50.0,control,1,0,0,0,0,,170,control,0,,1.1280360631644726,2.5848490186035633,59.68961492180824,57.10476590320468,58.56157885864377,,,,,EXECUTE,published_after_gate_recheck,55.15225324779749,55.169996339827776,0.01774309203028679,4.536961670964956,,,54.64931903406978,59.689214918762445,59.70695801079273
98,xair,0,,50.0,control,1,0,0,0,0,,171,control,0,,1.3896268792450428,2.4704234674572945,62.5666119158268,60.0961884483695,61.176985036581755,,,,,EXECUTE,published_after_gate_recheck,57.828153017908335,57.844534050673246,0.01638103276491165,4.73830895498395,,,54.87605417147279,62.566461972892284,62.582843005657196
99,xair,1,40.0,50.0,before_recheck,0,1,0,0,0,173,173,before_check,0,,,,,60.62927795574069,61.78382411599159,53.732046857476234,54.95293810963631,,,REVOKE,read_set_version_changed_at_gate,54.86822919920087,,,7.997483946382999,48.256213776767254,57.32303485274315,58.290539775043726,62.86571314558387,
100,xair,1,40.0,50.0,before_recheck,0,1,0,0,0,175,175,before_check,0,,,,,57.34770139679313,58.53321496397257,50.01149699091911,51.347744185477495,,,REVOKE,read_set_version_changed_at_gate,54.53504389151931,,,5.036058370023966,45.251728035509586,53.21746226400137,55.28733599931002,59.571102261543274,
101,xair,1,40.0,50.0,before_recheck,0,1,0,0,0,177,177,before_check,0,,,,,56.4566389657557,57.37436097115278,49.159158021211624,50.358899403363466,,,REVOKE,read_set_version_changed_at_gate,53.685781080275774,,,4.380698315799236,44.54880906268954,52.408154122531414,54.58670109510422,58.06647939607501,
102,xair,1,40.0,50.0,before_recheck,0,1,0,0,0,179,179,before_check,0,,,,,56.79755890741944,58.226751163601875,49.692519940435886,50.993119832128286,,,REVOKE,read_set_version_changed_at_gate,54.970971774309874,,,4.21714223921299,44.40451925620437,53.33298025652766,54.42503793165088,59.18811401352286,
103,xair,1,40.0,50.0,concurrent,0,1,0,0,0,181,181,before_check,0,,,,,56.854626163840294,58.20925813168287,52.155019249767065,53.55358310043812,,,REVOKE,read_set_version_changed_at_gate,54.98067010194063,,,4.243711940944195,47.040073201060295,55.82887213677168,54.44697896018624,59.22438204288483,
104,xair,1,40.0,50.0,before_recheck,0,1,0,0,0,183,183,before_check,0,,,,,58.28457931056619,59.41462889313698,50.486008170992136,51.5634398907423,,,REVOKE,read_set_version_changed_at_gate,55.21290609613061,,,5.191971082240343,45.51644530147314,53.921133279800415,55.577400140464306,60.40487717837095,
105,xair,1,40.0,50.0,before_recheck,0,1,0,0,0,185,185,before_check,0,,,,,57.41551797837019,58.58328891918063,49.61791913956404,51.00734578445554,,,REVOKE,read_set_version_changed_at_gate,54.5700597576797,,,4.91593312472105,45.09682673960924,53.384275175631046,55.13389781117439,59.48599288240075,
106,xair,1,40.0,50.0,before_recheck,0,1,0,0,0,187,187,before_check,0,,,,,57.50176031142473,58.80185915157199,50.2308988943696,51.57446023076773,,,REVOKE,read_set_version_changed_at_gate,57.42980493232608,,,4.864266142249107,45.14006804674864,53.60353598371148,55.16099790111184,62.294071074575186,
107,xair,1,40.0,50.0,before_recheck,0,1,0,0,0,189,189,before_check,0,,,,,57.59574566036463,58.68630297482014,50.65008578822017,52.07374691963196,,,REVOKE,read_set_version_changed_at_gate,54.41695265471935,,,5.066344980150461,45.33220874145627,54.01012906804681,55.38498889654875,59.483297634869814,
108,xair,0,,50.0,control,1,0,0,0,0,,190,control,0,,1.1003236286342144,2.2330498322844505,60.110313817858696,57.877263985574245,59.00999018922448,,,,,EXECUTE,published_after_gate_recheck,55.05343712866306,55.06977718323469,0.01634005457162857,5.056766793131828,,,55.17119821161032,60.11020392179489,60.12654397636652
109,xair,1,40.0,50.0,before_recheck,0,1,0,0,0,192,192,before_check,0,,,,,57.33566777780652,58.64308075979352,49.811722710728645,50.96786189824343,,,REVOKE,read_set_version_changed_at_gate,55.04631297662854,,,4.585071932524443,44.804788660258055,53.145186975598335,54.88073267042637,59.631384909152985,
110,xair,1,40.0,50.0,before_recheck,0,1,0,0,0,194,194,before_check,0,,,,,57.82499676570296,58.89908177778125,50.378215964883566,51.37492576614022,,,REVOKE,read_set_version_changed_at_gate,54.861638229340315,,,4.977998789399862,45.199450105428696,53.62246185541153,55.23800291121006,59.83963701874018,
111,xair,1,40.0,50.0,before_recheck,0,1,0,0,0,196,196,before_check,0,,,,,57.38661391660571,58.571257162839174,50.555067136883736,51.68829299509525,,,REVOKE,read_set_version_changed_at_gate,54.818707052618265,,,4.66663483530283,44.827982783317566,53.72937303036451,54.86189713701606,59.485341887921095,
112,xair,1,40.0,50.0,before_recheck,0,1,0,0,0,198,198,before_check,0,,,,,57.4694387614727,58.56793001294136,50.1739620231092,51.439395640045404,,,REVOKE,read_set_version_changed_at_gate,54.566552862524986,,,4.903188906610012,45.150136575102806,53.72270988300443,55.19090499728918,59.469741769135,
113,xair,1,40.0,50.0,before_recheck,0,1,0,0,0,200,200,before_check,0,,,,,57.91369266808033,59.13097690790892,51.12168984487653,52.245848812162876,,,REVOKE,read_set_version_changed_at_gate,54.60303230211139,,,5.3893206641077995,45.58821860700846,54.24169357866049,55.63894473016262,59.99235296621919,
114,xair,1,40.0,50.0,before_recheck,0,1,0,0,0,202,202,before_check,0,,,,,57.96650191769004,58.969683945178986,50.88771088048816,51.82598205283284,,,REVOKE,read_set_version_changed_at_gate,54.763262160122395,,,5.181330721825361,45.48980388790369,53.78203187137842,55.58294989168644,59.944592881947756,
115,xair,1,40.0,50.0,before_recheck,0,1,0,0,0,204,204,before_check,0,,,,,57.99988470971584,59.22283884137869,50.778085831552744,51.73488100990653,,,REVOKE,read_set_version_changed_at_gate,55.14075141400099,,,5.027381703257561,45.329764019697905,54.08170400187373,55.37346797063947,60.16813311725855,
116,xair,0,,50.0,control,1,0,0,0,0,,205,control,0,,1.124739646911621,2.181984018534422,59.80472080409527,57.622736785560846,58.67998115718365,,,,,EXECUTE,published_after_gate_recheck,54.927952121943235,54.94356108829379,0.01560896635055542,4.8765987157821655,,,54.992662742733955,59.8045508377254,59.820159804075956
117,xair,1,40.0,50.0,concurrent,0,1,0,0,0,207,207,before_check,0,,,,,59.73287671804428,61.14196963608265,52.8542110696435,55.17570674419403,,,REVOKE,read_set_version_changed_at_gate,57.23184393718839,,,5.178655963391066,45.55067885667086,57.85207776352763,55.59731787070632,62.41049990057945,
118,xair,0,,50.0,control,1,0,0,0,0,,208,control,0,,1.09482416883111,2.337886020541191,60.443409252911806,58.105523232370615,59.348585084080696,,,,,EXECUTE,published_after_gate_recheck,55.50803896039724,55.517076049000025,0.009037088602781296,4.935258999466896,,,55.03603396937251,60.44329795986414,60.45233504846692
119,xair,1,40.0,50.0,before_recheck,0,1,0,0,0,210,210,before_check,0,,,,,58.16656677052379,59.41249476745725,50.92636402696371,52.15444788336754,,,REVOKE,read_set_version_changed_at_gate,55.03108538687229,,,5.4177637211978436,45.65117694437504,54.049022030085325,55.71146076545119,60.448849108070135,
120,xair,1,45.0,50.0,concurrent,0,1,0,0,0,212,212,before_check,0,,,,,58.08210885152221,59.246493969112635,55.282637011259794,56.66411900892854,,,REVOKE,read_set_version_changed_at_gate,55.65589712932706,,,4.684628918766975,49.990599043667316,59.230474289506674,55.05250487476587,60.340526048094034,
121,xair,1,45.0,50.0,concurrent,0,1,0,0,0,214,214,before_check,0,,,,,57.99277080222964,59.07785706222057,54.76895300671458,56.2261869199574,,,REVOKE,read_set_version_changed_at_gate,55.59481214731932,,,4.346504807472229,49.50012778863311,58.41445317491889,54.53785974532366,59.941316954791546,
122,xair,1,45.0,50.0,concurrent,0,1,0,0,0,216,216,before_check,0,,,,,57.17270262539387,58.453735895454884,54.8354578204453,56.161665823310614,,,REVOKE,read_set_version_changed_at_gate,54.63382042944431,,,4.555736668407917,49.71344769001007,58.22000792250037,54.736471734941006,59.18955709785223,
123,xair,0,,50.0,control,1,0,0,0,0,,217,control,0,,1.1137998662889004,2.3619411513209343,59.69621706753969,57.33427591621876,58.58241720125079,,,,,EXECUTE,published_after_gate_recheck,55.06361601874232,55.121534038335085,0.05791801959276199,4.632440861314535,,,54.74493792280555,59.69605688005686,59.75397489964962
124,xair,0,,50.0,control,1,0,0,0,0,,218,control,0,,1.191875897347927,2.5395150296390057,60.48121023923159,57.94169520959258,59.28933434188366,,,,,EXECUTE,published_after_gate_recheck,55.278568994253874,55.29680382460356,0.01823483034968376,5.202500149607658,,,55.32538704574108,60.48106914386153,60.499303974211216
125,xair,0,,50.0,control,1,0,0,0,0,,219,control,0,,0.9607728570699692,2.4700849317014217,61.63895269855857,59.16886776685715,60.6781798414886,,,,,EXECUTE,published_after_gate_recheck,55.57879293337464,55.594692938029766,0.015900004655122757,6.059729028493166,,,56.18311697617173,61.63852196186781,61.65442196652293
126,xair,1,45.0,50.0,concurrent,0,1,0,0,0,221,221,before_check,0,,,,,58.08866070583463,59.137338772416115,55.80037785694003,56.82915775105357,,,REVOKE,read_set_version_changed_at_gate,54.896372370421886,,,5.122389644384384,50.32621789723635,59.232466854155064,55.3783755749464,60.01876201480627,
127,xair,1,45.0,50.0,concurrent,0,1,0,0,0,223,223,before_check,0,,,,,57.32110235840082,58.77811508253217,55.097078904509544,56.09484110027552,,,REVOKE,read_set_version_changed_at_gate,55.10983197018504,,,4.770511295646429,49.938010051846504,58.30849427729845,54.972975980490446,59.88034326583147,
128,xair,1,45.0,50.0,concurrent,0,1,0,0,0,225,225,before_check,0,,,,,57.289471849799156,58.52679396048188,54.1835748590529,55.21688424050808,,,REVOKE,read_set_version_changed_at_gate,54.97866729274392,,,4.440770950168371,49.677610863000154,56.79475422948599,54.724529851228,59.41943824291229,
129,xair,0,,50.0,control,1,0,0,0,0,,226,control,0,,1.473073847591877,2.753536216914654,66.70064898207784,63.94711276516318,65.22757513448596,,,,,EXECUTE,published_after_gate_recheck,61.237087938934565,61.25183496624231,0.014747027307748795,5.463391076773405,,,55.604571010917425,66.70047901570797,66.71522604301572
130,xair,1,45.0,50.0,concurrent,0,1,0,0,0,228,228,before_check,0,,,,,65.50402333959937,66.67160429060459,62.13625520467758,63.528267201036215,,,REVOKE,read_set_version_changed_at_gate,59.5669150352478,,,8.399198297411203,53.58087411150336,66.88471417874098,58.60727420076728,67.966113332659,
131,xair,1,45.0,50.0,concurrent,0,1,0,0,0,230,230,before_check,0,,,,,61.784314922988415,63.17259930074215,59.29726921021938,60.41867285966873,,,REVOKE,read_set_version_changed_at_gate,54.924885742366314,,,9.095704182982445,54.260379169136286,62.702967785298824,59.28405420854688,64.02058992534876,
132,xair,0,,50.0,control,1,0,0,0,0,,231,control,0,,1.2037786655128002,2.60880496352911,60.727201867848635,58.118396904319525,59.523423202335835,,,,,EXECUTE,published_after_gate_recheck,55.375831201672554,55.38842501118779,0.012593809515237808,5.3512598387897015,,,55.468495935201645,60.727091040462255,60.73968484997749
133,xair,1,45.0,50.0,concurrent,0,1,0,0,0,233,233,before_check,0,,,,,57.777187786996365,58.99760685861111,55.215020664036274,56.39764899387956,,,REVOKE,read_set_version_changed_at_gate,55.054198019206524,,,4.828679841011763,50.024712923914194,58.59821802005172,55.04406988620758,59.88287786021829,
134,xair,1,45.0,50.0,concurrent,0,1,0,0,0,235,235,before_check,0,,,,,57.92126664891839,59.14056487381458,55.12999976053834,56.3059258274734,,,REVOKE,read_set_version_changed_at_gate,55.660666432231665,,,4.542251583188772,49.75598771125078,59.106279630213976,54.79460069909692,60.20291801542044,
135,xair,0,,50.0,control,1,0,0,0,0,,236,control,0,,1.0165576823055744,2.208152785897255,59.529564809054136,57.32141202315688,58.51300712674856,,,,,EXECUTE,published_after_gate_recheck,54.961735382676125,54.97324699535966,0.011511612683534622,4.567688796669245,,,54.67701097950339,59.52942417934537,59.540935792028904
136,xair,1,45.0,50.0,concurrent,0,1,0,0,0,238,238,before_check,0,,,,,57.37289832904935,58.71652904897928,54.98280422762036,56.20847409591079,,,REVOKE,read_set_version_changed_at_gate,54.65239519253373,,,4.846442025154829,50.006458070129156,58.51147510111332,55.02684693783522,59.49883721768856,
137,xair,1,45.0,50.0,concurrent,0,1,0,0,0,240,240,before_check,0,,,,,57.74726113304496,58.81770886480808,55.18748797476292,56.14900216460228,,,REVOKE,read_set_version_changed_at_gate,55.14863505959511,,,4.642440006136894,49.923031125217676,58.48731892183423,54.95015298947692,59.791075065732,
138,xair,1,45.0,50.0,concurrent,0,1,0,0,0,242,242,before_check,0,,,,,57.73385567590594,58.73085604980588,55.11956103146076,56.360559072345495,,,REVOKE,read_set_version_changed_at_gate,55.05214398726821,,,4.499963019043207,49.73283503204584,58.84590186178684,54.757351987063885,59.55210700631142,
139,xair,1,45.0,50.0,concurrent,0,1,0,0,0,244,244,before_check,0,,,,,57.543328031897545,58.538285084068775,54.9178128130734,56.15872098132968,,,REVOKE,read_set_version_changed_at_gate,54.62893983349204,,,4.812309052795172,50.0015988945961,58.18852875381708,55.04133366048336,59.44124888628721,
140,xair,1,45.0,50.0,concurrent,0,1,0,0,0,246,246,before_check,0,,,,,57.34036723151803,58.552891947329044,55.098230950534344,56.33208621293306,,,REVOKE,read_set_version_changed_at_gate,54.64555183425546,,,4.741485230624676,49.92673825472593,58.25312016531825,54.95311785489321,59.38703706488013,
141,xair,0,,50.0,control,1,0,0,0,0,,247,control,0,,1.1166948825120926,2.566074952483177,60.053858906030655,57.48778395354748,58.93716402351856,,,,,EXECUTE,published_after_gate_recheck,55.243453942239285,55.25550618767738,0.012052245438098907,4.810304846614599,,,54.94138691574335,60.053758788853884,60.06581103429198
142,xair,1,45.0,50.0,concurrent,0,1,0,0,0,249,249,before_check,0,,,,,58.196043130010366,59.45555632933974,55.668681394308805,57.13436100631952,,,REVOKE,read_set_version_changed_at_gate,55.881930980831385,,,4.5322030782699585,49.84945338219404,59.46254916489124,54.88711502403021,60.41413405910134,
143,xair,1,45.0,50.0,concurrent,0,1,0,0,0,251,251,before_check,0,,,,,58.05233307182789,59.21238986775279,55.44113414362073,56.57500168308616,,,REVOKE,read_set_version_changed_at_gate,54.959761910140514,,,5.304230842739344,50.52054300904274,58.87187086045742,55.5550679564476,60.26399275287986,
144,xair,1,45.0,50.0,concurrent,0,1,0,0,0,253,253,before_check,0,,,,,57.013565208762884,57.924382854253054,54.5621351338923,55.69634307175875,,,REVOKE,read_set_version_changed_at_gate,54.41349605098367,,,4.4104550033807755,49.59750082343817,57.81232286244631,54.62701711803675,58.82395105436444,
145,xair,1,45.0,50.0,concurrent,0,1,0,0,0,255,255,before_check,0,,,,,57.485930155962706,58.81276028230786,54.58392621949315,55.58578623458743,,,REVOKE,read_set_version_changed_at_gate,54.71506295725703,,,5.084197968244553,50.2892080694437,57.752429973334074,55.33247021958232,59.799260925501585,
146,xair,0,,50.0,control,1,0,0,0,0,,256,control,0,,1.0086921975016594,2.4249088019132614,59.02348505333066,56.5985762514174,58.014792855829,,,,,EXECUTE,published_after_gate_recheck,54.84063783660531,54.85383281484246,0.0131949782371521,4.182727076113224,,,54.30577415972948,59.023364912718534,59.03655989095569
147,xair,1,45.0,50.0,concurrent,0,1,0,0,0,258,258,before_check,0,,,,,57.075419928878546,58.20372700691223,54.83296234160662,55.92363001778722,,,REVOKE,read_set_version_changed_at_gate,54.38368022441864,,,4.6131848357617855,49.83777180314064,58.027125895023346,54.858461022377014,58.996865060180426,
148,xair,1,45.0,50.0,concurrent,0,1,0,0,0,260,260,before_check,0,,,,,57.185246143490076,58.42952989041805,54.48490008711815,55.517517030239105,,,REVOKE,read_set_version_changed_at_gate,54.511039052158594,,,4.749120213091373,49.975700210779905,58.2611751742661,55.00916391611099,59.26015926524997,
149,xair,0,,50.0,control,1,0,0,0,0,,261,control,0,,1.0354318656027317,2.3149726912379265,59.23818796873093,56.923215277493,58.202756103128195,,,,,EXECUTE,published_after_gate_recheck,54.941647220402956,54.952837992459536,0.01119077205657959,4.296430852264166,,,54.40335813909769,59.23807807266712,59.2492688447237
150,xair,1,45.0,50.0,concurrent,0,1,0,0,0,263,263,before_check,0,,,,,56.993287056684494,58.48950333893299,54.33985823765397,55.558363907039165,,,REVOKE,read_set_version_changed_at_gate,55.14139216393232,,,4.4910660944879055,49.682790879160166,57.90312308818102,54.67297323048115,59.63245825842023,
151,xair,1,45.0,50.0,concurrent,0,1,0,0,0,265,265,before_check,0,,,,,57.56116192787886,58.542382437735796,55.00844353809953,56.21103895828128,,,REVOKE,read_set_version_changed_at_gate,54.43987622857094,,,4.858094733208418,50.016798079013824,58.21906588971615,55.03781791776419,59.297970961779356,
152,xair,1,45.0,50.0,concurrent,0,1,0,0,0,267,267,before_check,0,,,,,59.04703913256526,60.163083020597696,57.045533787459135,57.98018770292401,,,REVOKE,read_set_version_changed_at_gate,57.56702274084091,,,5.566914100199938,50.714175682514906,60.00187108293176,55.7321896776557,63.13393684104085,
153,xair,1,45.0,50.0,concurrent,0,1,0,0,0,269,269,before_check,0,,,,,58.168241288512945,59.36224106699228,55.6619493290782,56.9534320384264,,,REVOKE,read_set_version_changed_at_gate,54.72612287849188,,,5.469261202961206,50.6696323864162,59.21869119629264,55.69410929456353,60.195384081453085,
154,xair,1,45.0,50.0,concurrent,0,1,0,0,0,271,271,before_check,0,,,,,58.83415974676609,60.12084474787116,56.62379274144769,57.69222788512707,,,REVOKE,read_set_version_changed_at_gate,55.850483011454344,,,5.350397899746895,50.563322845846415,59.9645609036088,55.59928109869361,61.20088091120124,
155,xair,1,45.0,50.0,concurrent,0,1,0,0,0,273,273,before_check,0,,,,,58.136601001024246,59.34335524216294,55.30483787879348,56.49781599640846,,,REVOKE,read_set_version_changed_at_gate,55.40810199454427,,,5.085200071334839,50.43175583705306,58.90605412423611,55.51527300849557,60.49330206587911,
156,xair,1,45.0,50.0,concurrent,0,1,0,0,0,275,275,before_check,0,,,,,57.060282211750746,58.142072055488825,54.202850908041,55.609130300581455,,,REVOKE,read_set_version_changed_at_gate,54.63985074311495,,,4.607294220477343,49.81876630336046,58.0321759916842,54.850887041538954,59.24714496359229,
157,xair,1,45.0,50.0,concurrent,0,1,0,0,0,277,277,before_check,0,,,,,57.100918143987656,58.16340213641524,54.12632832303643,55.41464500129223,,,REVOKE,read_set_version_changed_at_gate,55.183019023388624,,,4.216371104121208,49.53082604333758,57.42019694298506,54.61011501029134,59.39939012750983,
158,xair,1,45.0,50.0,concurrent,0,1,0,0,0,279,279,before_check,0,,,,,57.30224587023258,58.60431818291545,54.65785413980484,55.65333180129528,,,REVOKE,read_set_version_changed_at_gate,54.74413698539138,,,4.598796833306551,49.80464885011315,57.707366067916155,54.8326619900763,59.34293381869793,
159,xair,0,,50.0,control,1,0,0,0,0,,280,control,0,,0.9756102226674557,2.265290357172489,59.638739097863436,57.37344874069095,58.66312887519598,,,,,EXECUTE,published_after_gate_recheck,54.85694808885455,54.86751813441515,0.010570045560598373,4.781690891832113,,,54.88136410713196,59.638638980686665,59.64920902624726
160,xair,0,,50.0,control,1,0,0,0,0,,281,control,0,,1.287225168198347,2.730683423578739,60.24334440007806,57.51266097649932,58.95611923187971,,,,,EXECUTE,published_after_gate_recheck,55.73217011988163,55.75490277260542,0.022732652723789215,4.5110732316970825,,,54.66085998341441,60.24324335157871,60.2659760043025
161,xair,0,,50.0,control,1,0,0,0,0,,282,control,0,,1.2167030945420265,2.347084227949381,59.88058401271701,57.53349978476763,58.66388091817498,,,,,EXECUTE,published_after_gate_recheck,54.925976786762476,54.93681784719229,0.010841060429811478,4.954455886036158,,,55.05269579589367,59.880432672798634,59.891273733228445
162,xair,1,50.0,50.0,concurrent,1,0,0,1,0,284,283,after_check,0,after_middleware,1.2448146007955074,2.1531288512051105,61.30173895508051,59.1486101038754,60.056924354285,62.4390933662653,63.83078405633569,,,EXECUTE,published_after_gate_recheck,55.928158108145,55.94024108722806,0.012082979083061218,5.373470950871706,55.6694520637393,66.11652206629515,56.13642930984497,61.301629059016705,61.313712038099766
163,xair,0,,50.0,control,1,0,0,0,0,,285,control,0,,0.820960383862257,2.2787353955209255,59.855666011571884,57.57693061605096,59.03470562770963,,,,,EXECUTE,published_after_gate_recheck,54.886423982679844,54.89485012367368,0.008426140993833542,4.96909162029624,,,55.06279366090894,59.855515602976084,59.86394174396992
164,xair,1,50.0,50.0,concurrent,0,1,0,0,0,287,287,before_check,0,,,,,61.75265507772565,62.75661941617727,60.38335710763931,61.719834338873625,,,REVOKE,read_set_version_changed_at_gate,58.98593459278345,,,4.776171408593655,54.970862343907356,65.00353524461389,55.293356999754906,63.762106001377106,
165,xair,1,50.0,50.0,concurrent,0,1,0,0,0,289,289,before_check,0,,,,,63.016246538609266,63.877231907099485,60.97644893452525,62.03626794740558,,,REVOKE,read_set_version_changed_at_gate,60.313735622912645,,,4.413040354847908,54.63506234809756,63.98739805445075,54.9348252825439,64.72677597776055,
166,xair,1,50.0,50.0,concurrent,0,1,0,0,0,291,291,before_check,0,,,,,64.69844188541174,65.76885981485248,62.52274988219142,63.647089060395956,,,REVOKE,read_set_version_changed_at_gate,61.800726223737,,,4.835791885852814,57.60757904499769,65.7689101062715,57.98206105828285,66.63651810958982,
167,xair,1,50.0,50.0,concurrent,0,1,0,0,0,293,293,before_check,0,,,,,62.539331149309874,64.01169393211603,60.0096951238811,61.35715311393142,,,REVOKE,read_set_version_changed_at_gate,60.61502080410719,,,4.401929210871458,54.629011079669,63.49352188408375,54.95822802186012,65.01695001497865,
168,xair,1,50.0,50.0,concurrent,0,1,0,0,0,295,295,before_check,0,,,,,63.80569702014327,65.02378219738603,61.291550286114216,62.44543520733714,,,REVOKE,read_set_version_changed_at_gate,61.030731070786715,,,5.008766893297434,55.41404290124774,64.94384305551648,55.828070268034935,66.03949796408415,
169,xair,1,50.0,50.0,concurrent,1,0,0,1,0,297,296,after_check,0,after_middleware,1.283968798816204,2.490732818841934,60.486720874905586,57.99598805606365,59.20275207608938,61.704414896667004,63.03098378702998,,,EXECUTE,published_after_gate_recheck,55.834812577813864,55.85093377158046,0.016121193766593933,4.6517872251570225,54.88800723105669,64.69507608562708,55.20955007523298,60.486599802970886,60.50272099673748
170,xair,1,50.0,50.0,concurrent,0,1,0,0,0,299,299,before_check,0,,,,,62.55181506276131,63.89230024069548,60.468306299299,61.47835124284029,,,REVOKE,read_set_version_changed_at_gate,59.66885620728135,,,5.002534948289394,55.21878693252802,63.62067023292184,55.40192127227783,64.67139115557075,
171,xair,1,50.0,50.0,concurrent,0,1,0,0,0,301,301,before_check,0,,,,,64.3083699978888,65.37483120337129,62.044011894613504,63.09385085478425,,,REVOKE,read_set_version_changed_at_gate,60.109111946076155,,,6.172299850732088,56.42182379961014,65.57775102555752,56.69680004939437,66.28141179680824,
172,xair,1,50.0,50.0,concurrent,0,1,0,0,0,303,303,before_check,0,,,,,61.94471614435315,63.33935307338834,59.39564388245344,60.83292048424482,,,REVOKE,read_set_version_changed_at_gate,59.73885674029589,,,4.395006224513054,54.62277913466096,62.93350085616112,54.812195245176554,64.13386296480894,
173,xair,1,50.0,50.0,concurrent,0,1,0,0,0,305,305,before_check,0,,,,,61.851120088249445,62.84556584432721,59.625665191560984,60.63379626721144,,,REVOKE,read_set_version_changed_at_gate,59.40491100773215,,,4.390477202832699,54.58333482965827,62.88981903344393,54.84404414892197,63.79538821056485,
174,xair,1,50.0,50.0,concurrent,0,1,0,0,0,307,307,before_check,0,,,,,61.6666036657989,62.909014988690615,59.51935471966863,60.549268033355474,,,REVOKE,read_set_version_changed_at_gate,59.474050998687744,,,4.36313496902585,54.556944873183966,62.870732974261045,54.730139672756195,63.837185967713594,
175,xair,1,50.0,50.0,concurrent,0,1,0,0,0,309,309,before_check,0,,,,,62.38978123292327,63.2967920973897,60.175787191838026,61.37670995667577,,,REVOKE,read_set_version_changed_at_gate,59.529435355216265,,,4.58886893466115,54.84675895422697,63.34845907986164,55.15628028661013,64.11830428987741,
176,xair,1,50.0,50.0,concurrent,0,1,0,0,0,311,311,before_check,0,,,,,61.967508867383,62.94625485315919,59.62691688910127,60.79330621287227,,,REVOKE,read_set_version_changed_at_gate,59.33479918166995,,,4.407398868352175,54.62538404390216,63.009753823280334,54.957476910203695,63.742198050022125,
177,xair,1,50.0,50.0,concurrent,0,1,0,0,0,313,313,before_check,0,,,,,61.4171358756721,62.61244835332036,59.31470077484846,60.33085798844695,,,REVOKE,read_set_version_changed_at_gate,59.419047087430954,,,4.554263781756163,54.73634181544185,62.22380883991718,54.928171914070845,63.97331086918712,
178,xair,1,50.0,50.0,concurrent,1,0,0,1,0,315,314,after_check,0,after_middleware,1.2699523940682411,2.4833092465996742,59.64550236240029,57.16219311580062,58.37554996833205,60.7549543492496,62.10404494777322,,,EXECUTE,published_after_gate_recheck,54.974479135125875,54.98645128682256,0.011972151696681976,4.6709030866622925,54.87843928858638,63.97947296500206,55.254103150218725,59.64538222178817,59.65735437348485
179,xair,1,50.0,50.0,concurrent,1,0,0,1,0,317,316,after_check,0,after_middleware,1.1484241113066673,2.29288125410676,60.413863975554705,58.120982721447945,59.26543986424804,61.53482664376497,62.84063681960106,,,EXECUTE,published_after_gate_recheck,55.80582842230797,55.822539143264294,0.01671072095632553,4.607905633747578,54.89969905465841,65.15776365995407,55.26725901290774,60.413734056055546,60.43044477701187
180,xair,1,50.0,50.0,concurrent,1,0,0,1,0,319,318,after_check,0,after_middleware,1.1994298547506332,2.236326690763235,59.6166979521513,57.38037126138806,58.417268097400665,60.49325177446008,61.84992799535394,,,EXECUTE,published_after_gate_recheck,55.56546803563833,55.58271985501051,0.017251819372177124,4.0511200204491615,54.293961729854345,64.06672671437263,54.74121076986194,59.616588056087494,59.63383987545967
181,xair,0,,50.0,control,1,0,0,0,0,,320,control,0,,1.3735666871070862,2.9105497524142265,63.2563759572804,60.34582620486617,61.88280927017331,,,,,EXECUTE,published_after_gate_recheck,58.45696199685335,58.468093164265156,0.0111311674118042,4.798863083124161,,,54.92267105728388,63.25582507997751,63.26695624738932
182,xair,0,,50.0,control,1,0,0,0,0,,321,control,0,,1.0637659579515457,2.4555670097470284,60.21350808441639,57.75794107466936,59.149742126464844,,,,,EXECUTE,published_after_gate_recheck,55.16114877536893,55.17273070290685,0.01158192753791809,5.052229389548302,,,55.17038702964783,60.21337816491723,60.22496009245515
183,xair,1,50.0,50.0,concurrent,1,0,0,1,0,323,322,after_check,0,after_middleware,0.9969710372388363,2.1592509001493454,60.41891360655427,58.259662706404924,59.42194256931543,61.85042858123779,63.00650769844651,,,EXECUTE,published_after_gate_recheck,55.45770516619086,55.47687131911516,0.01916615292429924,4.961097612977028,55.238363798707724,64.81194496154785,55.896959733217955,60.41880277916789,60.43796893209219
184,xair,0,,50.0,control,1,0,0,0,0,,324,control,0,,1.2777568772435188,2.3887818679213524,60.464337933808565,58.07555606588721,59.186581056565046,,,,,EXECUTE,published_after_gate_recheck,55.468976963311434,55.48967607319355,0.020699109882116318,4.9952310509979725,,,55.12690404430032,60.464208014309406,60.48490712419152
185,xair,1,50.0,50.0,concurrent,0,1,0,0,0,326,326,before_check,0,,,,,63.52694425731897,64.73614322021604,61.10596191138029,62.369713094085455,,,REVOKE,read_set_version_changed_at_gate,60.19181711599231,,,5.614954046905041,55.86040113121271,64.52491600066423,56.22176919132471,65.80677116289735,
186,xair,1,50.0,50.0,concurrent,0,1,0,0,0,328,328,before_check,0,,,,,63.28660296276212,64.24618419259787,60.850844252854586,62.00853595510125,,,REVOKE,read_set_version_changed_at_gate,60.45380886644125,,,5.110197234898806,55.3709133528173,64.47442201897502,55.701283272355795,65.56400610134006,
187,xair,1,50.0,50.0,concurrent,1,0,0,1,0,330,329,after_check,0,after_middleware,1.0443092323839664,2.1326011046767235,59.84793230891228,57.715331204235554,58.80362307652831,60.82648830488324,62.209743075072765,,,EXECUTE,published_after_gate_recheck,54.95929019525647,54.971653036773205,0.01236284151673317,4.888501949608326,55.09567726403475,64.51073009520769,55.34025514498353,59.8477921448648,59.86015498638153
188,xair,1,50.0,50.0,concurrent,1,0,0,1,0,332,331,after_check,0,after_middleware,1.0907570831477642,2.3004161193966866,59.497424867004156,57.19700874760747,58.40666778385639,60.90411404147744,62.2035819105804,,,EXECUTE,published_after_gate_recheck,54.812213871628046,54.820749908685684,0.008536037057638168,4.685060121119022,54.834866896271706,63.92656406387687,54.98417699709535,59.49727399274707,59.50581002980471
189,xair,1,50.0,50.0,concurrent,1,0,0,1,0,334,333,after_check,0,after_middleware,1.3235830701887608,2.425170037895441,61.5920340642333,59.16686402633786,60.26845099404454,62.93231900781393,64.20093914493918,,,EXECUTE,published_after_gate_recheck,56.12007807940245,56.134986225515604,0.014908146113157272,5.471786018460989,55.78498914837837,66.4188601076603,56.09928909689188,61.591864097863436,61.60677224397659
190,xair,0,,50.0,control,1,0,0,0,0,,335,control,0,,1.6842498444020748,2.9593021608889103,61.19576096534729,58.23645880445838,59.511511120945215,,,,,EXECUTE,published_after_gate_recheck,56.44271336495876,56.46332213655114,0.020608771592378616,4.752596840262413,,,54.89270621910691,61.195310205221176,61.215918976813555
191,xair,1,50.0,50.0,concurrent,1,0,0,1,0,337,336,after_check,0,after_middleware,1.256497111171484,2.6941639371216297,61.025291215628386,58.331127278506756,59.7687941044569,61.850890051573515,62.92179925367236,,,EXECUTE,published_after_gate_recheck,56.20463704690337,56.22074706479907,0.016110017895698547,4.820534028112888,55.16020813956857,65.53062424063683,55.551402270793915,61.02517107501626,61.04128109291196
192,xair,0,,50.0,control,1,0,0,0,0,,338,control,0,,1.337098889052868,2.714643254876137,61.00904056802392,58.29439731314778,59.67194167897105,,,,,EXECUTE,published_after_gate_recheck,56.14055600017309,56.159020867198706,0.018464867025613785,4.8683336935937405,,,55.02600595355034,61.00888969376683,61.027354560792446
193,xair,1,50.0,50.0,concurrent,0,1,0,0,0,340,340,before_check,0,,,,,69.55395080149174,70.50410378724337,64.90877596661448,68.22357466444373,,,REVOKE,read_set_version_changed_at_gate,66.58947980031371,,,4.760059993714094,55.007049813866615,70.69506170228124,55.2013935521245,71.3495397940278,
194,xair,1,50.0,50.0,concurrent,0,1,0,0,0,342,342,before_check,0,,,,,63.48028685897589,64.72278805449605,61.1527101136744,62.158526852726936,,,REVOKE,read_set_version_changed_at_gate,60.81714015454054,,,5.0505357794463634,55.392853915691376,64.68352489173412,55.79169187694788,65.8676759339869,
195,xair,1,50.0,50.0,concurrent,1,0,0,1,0,344,343,after_check,0,after_middleware,1.0334886610507965,2.2062095813453197,59.48821781203151,57.28200823068619,58.45472915098071,60.98737008869648,62.10327381268144,,,EXECUTE,published_after_gate_recheck,54.90797385573387,54.91841398179531,0.010440126061439514,4.580093082040548,54.808969143778086,64.52631996944547,55.01703917980194,59.48806693777442,59.49850706383586
196,xair,0,,50.0,control,1,0,0,0,0,,345,control,0,,1.028088852763176,2.0200698636472225,59.767140075564384,57.74707021191716,58.73905122280121,,,,,EXECUTE,published_after_gate_recheck,55.33147929236293,55.34465331584215,0.013174023479223251,4.435550887137651,,,54.55338815227151,59.76703017950058,59.7802042029798
197,xair,1,50.0,50.0,concurrent,1,0,0,1,0,347,346,after_check,0,after_middleware,1.2976252473890781,2.6831342838704586,61.36067025363445,58.677535969763994,60.063045006245375,62.49824399128556,63.76249622553587,,,EXECUTE,published_after_gate_recheck,56.48128502070904,56.493218056857586,0.011933036148548126,4.879164043813944,55.21389842033386,65.8392421901226,55.62345637008548,61.36044906452298,61.37238210067153
198,xair,1,50.0,50.0,concurrent,0,1,0,0,0,349,349,before_check,0,,,,,62.981571070849895,64.18479885905981,60.563033912330866,61.720344703644514,,,REVOKE,read_set_version_changed_at_gate,60.79566013067961,,,4.420422948896885,54.715252947062254,64.0047607012093,55.00197084620595,65.21608307957649,
199,xair,0,,50.0,control,1,0,0,0,0,,350,control,0,,1.1714771389961243,2.3719300515949726,59.07639395445585,56.70446390286088,57.90491681545973,,,,,EXECUTE,published_after_gate_recheck,54.69602579250932,54.719389881938696,0.02336408942937851,4.380198195576668,,,54.501250851899385,59.076223988085985,59.099588077515364
200,xair,1,55.0,50.0,after_release,1,0,0,0,1,352,351,after_check,0,after_middleware,1.0055061429738998,2.3074387572705746,61.20601994916797,58.89858119189739,60.20051380619407,66.50689523667097,67.57588079199195,,,EXECUTE,published_after_gate_recheck,55.19799841567874,55.21053122356534,0.012532807886600494,6.007881835103035,61.36626098304987,69.51732281595469,56.37826304882765,61.205880250781775,61.218413058668375
201,xair,1,55.0,50.0,concurrent,1,0,0,1,0,354,353,after_check,0,after_middleware,1.06706190854311,2.524586860090494,60.97368383780122,58.449096977710724,59.90662192925811,66.144784912467,67.27810110896826,,,EXECUTE,published_after_gate_recheck,55.97151909023523,55.98500510677695,0.013486016541719437,5.001993849873543,60.25290070101619,69.54105710610747,55.29644200578332,60.973512940108776,60.986998956650496
202,xair,1,55.0,50.0,after_release,1,0,0,0,1,356,355,after_check,0,after_middleware,1.0631950572133064,2.406755927950144,59.90462889894843,57.49787297099829,58.841433841735125,64.48888871818781,65.37022301927209,,,EXECUTE,published_after_gate_recheck,55.20012183114886,55.21165393292904,0.011532101780176163,4.704216029495001,60.03601476550102,67.21605593338609,54.92153996601701,59.904337860643864,59.91586996242404
203,xair,1,55.0,50.0,concurrent,1,0,0,1,0,358,357,after_check,0,after_middleware,1.3809711672365665,2.6534278877079487,65.89493621140718,63.241508323699236,64.51396504417062,68.17698804661632,69.41499002277851,,,EXECUTE,published_after_gate_recheck,58.04706271737814,58.06381395086646,0.016751233488321304,7.8477333299815655,63.11979005113244,71.58930040895939,58.19287616759539,65.8947960473597,65.91154728084803
204,xair,1,55.0,50.0,concurrent,1,0,0,1,0,360,359,after_check,0,after_middleware,1.2758341617882252,2.529785968363285,61.91954901441932,59.38976304605603,60.64371485263109,68.05493962019682,69.14399284869432,,,EXECUTE,published_after_gate_recheck,57.13772727176547,57.14940931648016,0.011682044714689255,4.7816806472837925,60.022308956831694,71.17113564163446,55.06187304854393,61.91940791904926,61.93108996376395
205,xair,0,,50.0,control,1,0,0,0,0,,361,control,0,,1.1712871491909027,10.037611704319715,68.17966280505061,58.142051100730896,67.00837565585971,,,,,EXECUTE,published_after_gate_recheck,63.002600800246,63.01447283476591,0.011872034519910812,5.176952108740807,,,55.29622174799442,68.1795529089868,68.19142494350672
206,xair,1,55.0,50.0,after_release,1,0,0,0,1,363,362,after_check,0,after_middleware,1.1304300278425217,2.282873261719942,60.140601359307766,57.857728097587824,59.010171331465244,65.01858308911324,66.26405008137226,,,EXECUTE,published_after_gate_recheck,55.30892591923475,55.31853437423706,0.009608455002307892,4.831545054912567,60.272579081356525,68.08128906413913,55.1303019747138,60.14047097414732,60.15007942914963
207,xair,1,55.0,50.0,concurrent,1,0,0,1,0,365,364,after_check,0,after_middleware,1.309467013925314,2.549604047089815,60.81657996401191,58.26697591692209,59.507112950086594,66.3590980693698,67.3264330253005,,,EXECUTE,published_after_gate_recheck,55.90662686154246,55.9172872453928,0.010660383850336075,4.909841809421778,60.19280897453427,69.44883475080132,55.22994790226221,60.81646867096424,60.82712905481458
208,xair,0,,50.0,control,1,0,0,0,0,,366,control,0,,1.1102426797151566,2.5517866015434265,60.419493820518255,57.86770721897483,59.3092511408031,,,,,EXECUTE,published_after_gate_recheck,55.32285198569298,55.338111240416765,0.015259254723787308,5.0965119153261185,,,55.22468825802207,60.419363901019096,60.434623155742884
209,xair,1,55.0,50.0,after_release,1,0,0,0,1,368,367,after_check,0,after_middleware,1.136362086981535,2.368343062698841,60.20900001749396,57.84065695479512,59.07263793051243,65.1912372559309,66.30465621128678,,,EXECUTE,published_after_gate_recheck,55.36380968987942,55.37574179470539,0.01193210482597351,4.845090210437775,60.350044164806604,68.61442886292934,55.20585319027305,60.20889990031719,60.220832005143166
210,xair,1,55.0,50.0,after_release,1,0,0,0,1,370,369,after_check,0,after_middleware,1.0748268105089664,2.1451348438858986,58.960197027772665,56.815062183886766,57.8853702172637,64.17436897754669,65.30568189918995,,,EXECUTE,published_after_gate_recheck,54.64224563911557,54.65719383209944,0.014948192983865738,4.317811224609613,59.513093903660774,67.14205723255873,54.55970112234354,58.960056863725185,58.97500505670905
211,xair,1,55.0,50.0,concurrent,1,0,0,1,0,372,371,after_check,0,after_middleware,1.2365602888166904,2.3953341878950596,61.62904342636466,59.2337092384696,60.39248313754797,65.32108038663864,66.65296899154782,,,EXECUTE,published_after_gate_recheck,56.69455602765083,56.70590698719025,0.011350959539413452,4.934357013553381,60.20340928807855,68.70565004646778,55.26528414338827,61.628913041204214,61.64026400074363
212,xair,1,55.0,50.0,after_release,1,0,0,0,1,374,373,after_check,0,after_middleware,0.9889146313071251,2.27890582755208,59.284173883497715,57.005268055945635,58.29525925219059,64.74967813119292,66.06126902624965,,,EXECUTE,published_after_gate_recheck,54.93238987401128,54.946857038885355,0.014467164874076843,4.351654089987278,59.57002006471157,68.22163192555308,54.692118894308805,59.284043963998556,59.29851112887263
213,xair,1,55.0,50.0,concurrent,1,0,0,1,0,376,375,after_check,0,after_middleware,1.201534178107977,2.655541989952326,60.47532893717289,57.819786947220564,59.27379475906491,65.65694976598024,67.08273477852345,,,EXECUTE,published_after_gate_recheck,55.59972207993269,55.61029119417071,0.010569114238023758,4.875486716628075,60.07626000791788,69.13683889433742,55.111735593527555,60.475208796560764,60.48577791079879
214,xair,0,,50.0,control,1,0,0,0,0,,377,control,0,,1.3446216471493244,2.425269689410925,59.89181390032172,57.4665442109108,58.5471922531724,,,,,EXECUTE,published_after_gate_recheck,55.365110747516155,55.38283474743366,0.01772399991750717,4.526302218437195,,,54.64285705238581,59.89141296595335,59.90913696587086
215,xair,1,55.0,50.0,concurrent,1,0,0,1,0,379,378,after_check,0,after_middleware,1.1175666004419327,2.5213509798049927,60.54547103121877,58.024120051413774,59.427904430776834,65.83003513514996,67.14541325345635,,,EXECUTE,published_after_gate_recheck,55.8703001588583,55.88115006685257,0.010849907994270325,4.675031173974276,59.92402508854866,69.45885345339775,54.956946056336164,60.545331332832575,60.556181240826845
216,xair,1,55.0,50.0,concurrent,1,0,0,1,0,381,380,after_check,0,after_middleware,1.3261777348816395,2.799753099679947,60.81984471529722,58.020091615617275,59.49366698041558,65.67190773785114,66.9020558707416,,,EXECUTE,published_after_gate_recheck,55.88119011372328,55.89377274736762,0.012582633644342422,4.938514903187752,60.193970799446106,69.22752875834703,55.231169797480106,60.81970501691103,60.83228765055537
217,xair,1,55.0,50.0,after_release,1,0,0,0,1,383,382,after_check,0,after_middleware,1.1171451769769192,2.3496579378843307,60.00863295048475,57.65897501260042,58.89148777350783,65.49096899107099,66.66219606995583,,,EXECUTE,published_after_gate_recheck,55.19301909953356,55.20846834406257,0.015449244529008865,4.815453663468361,60.257489793002605,68.77556070685387,55.02806883305311,60.00847276300192,60.02392200753093
218,xair,1,55.0,50.0,concurrent,1,0,0,1,0,385,384,after_check,0,after_middleware,1.3875127770006657,2.6411348953843117,60.76469179242849,58.12355689704418,59.37717901542783,65.56846387684345,66.66627386584878,,,EXECUTE,published_after_gate_recheck,55.89644890278578,55.91678712517023,0.02033822238445282,4.868072923272848,60.09034672752023,68.85127304121852,55.09887170046568,60.764521826058626,60.78486004844308
219,xair,1,55.0,50.0,after_release,1,0,0,0,1,387,386,after_check,0,after_middleware,1.0671420022845268,2.262033987790346,59.39810769632459,57.13607370853424,58.33096569404006,64.43816376850009,65.72896474972367,,,EXECUTE,published_after_gate_recheck,54.832180961966515,54.84515614807606,0.012975186109542847,4.565775860100985,59.801565017551184,67.69676692783833,54.84595708549023,59.3979568220675,59.41093200817704
220,xair,1,55.0,50.0,after_release,1,0,0,0,1,389,388,after_check,0,after_middleware,0.9692488238215446,2.1878350526094437,60.19299989566207,58.005164843052626,59.223751071840525,65.82559691742063,66.74494175240397,,,EXECUTE,published_after_gate_recheck,55.24000572040677,55.25617673993111,0.01617101952433586,4.952873103320599,60.352649074047804,68.88681976124644,55.25840213522315,60.19287882372737,60.209049843251705
221,xair,1,55.0,50.0,after_release,1,0,0,0,1,391,390,after_check,0,after_middleware,1.0064481757581234,2.3470032028853893,59.20039722695947,56.85339402407408,58.19394905120134,64.93814196437597,66.03960925713181,,,EXECUTE,published_after_gate_recheck,54.80979010462761,54.82496926560998,0.015179160982370377,4.390466958284378,59.62717812508345,68.2066841982305,54.69640716910362,59.20025706291199,59.21543622389436
222,xair,0,,50.0,control,1,0,0,0,0,,392,control,0,,1.2349672615528107,2.749519422650337,61.11996900290251,58.37044958025217,59.8850017413497,,,,,EXECUTE,published_after_gate_recheck,55.95257366076112,55.96100864931941,0.008434988558292389,5.167264956980944,,,55.313825607299805,61.11983861774206,61.128273606300354
223,xair,1,55.0,50.0,concurrent,1,0,0,1,0,394,393,after_check,0,after_middleware,1.2722271494567394,2.5133960880339146,63.42370109632611,60.9103050082922,62.15147394686937,65.44945109635592,66.67069299146533,,,EXECUTE,published_after_gate_recheck,58.209748938679695,58.22230177000165,0.012552831321954727,5.213842261582613,60.444321017712355,68.75759828835726,55.479076225310564,63.42359120026231,63.43614403158426
224,xair,0,,50.0,control,1,0,0,0,0,,395,control,0,,1.2734397314488888,2.4120560847222805,60.45611388981342,58.04405780509114,59.182674158364534,,,,,EXECUTE,published_after_gate_recheck,55.385509971529245,55.399096105247736,0.0135861337184906,5.070482846349478,,,55.18390191718936,60.45599281787872,60.469578951597214
225,xair,1,55.0,50.0,after_release,1,0,0,0,1,397,396,after_check,0,after_middleware,1.0349210351705551,1.9276062957942486,59.746782295405865,57.819175999611616,58.71186126023531,64.72075404599309,65.88745303452015,,,EXECUTE,published_after_gate_recheck,54.70306985080242,54.71252789720893,0.009458046406507492,5.0435722805559635,60.378096997737885,68.09340231120586,55.4219582118094,59.746642131358385,59.75610017776489
226,xair,1,55.0,50.0,after_release,1,0,0,0,1,399,398,after_check,0,after_middleware,1.047194004058838,2.2593881003558636,59.49199432507157,57.23260622471571,58.444800321012735,64.13457402959466,65.17351418733597,,,EXECUTE,published_after_gate_recheck,55.16594788059592,55.17270090058446,0.006753019988536835,4.325916059315205,59.60726132616401,67.45334109291434,54.58063026890159,59.49186393991113,59.498616959899664
227,xair,0,,50.0,control,1,0,0,0,0,,400,control,0,,1.096487045288086,2.4731899611651897,59.73859690129757,57.26540694013238,58.64210985600948,,,,,EXECUTE,published_after_gate_recheck,54.96132420375943,54.97617181390524,0.014847610145807266,4.77712182328105,,,54.89194393157959,59.73844602704048,59.75329363718629
228,xair,1,55.0,50.0,after_release,1,0,0,0,1,402,401,after_check,0,after_middleware,1.2594428844749928,2.439728006720543,59.464582707732916,57.02485470101237,58.20513982325792,64.87724790349603,66.29239162430167,,,EXECUTE,published_after_gate_recheck,55.13194389641285,55.15289306640625,0.020949169993400574,4.332177806645632,60.064748860895634,68.2505457662046,54.54132566228509,59.46412170305848,59.48507087305188
229,xair,1,55.0,50.0,after_release,1,0,0,0,1,404,403,after_check,0,after_middleware,1.0979496873915195,2.329569775611162,60.73193997144699,58.40237019583583,59.63399028405547,65.97405578941107,66.88499404117465,,,EXECUTE,published_after_gate_recheck,55.232041981071234,55.24500599130988,0.012964010238647461,5.499778315424919,60.87806401774287,68.88051796704531,55.86556997150183,60.73182029649615,60.7447843067348
230,xair,1,55.0,50.0,after_release,1,0,0,0,1,406,405,after_check,0,after_middleware,0.9616841562092304,2.185559831559658,61.115229036659,58.929669205099344,60.15354488044977,66.00416079163551,67.11265118792653,,,EXECUTE,published_after_gate_recheck,55.10573508217931,55.11841922998428,0.01268414780497551,6.009223870933056,61.27950781956315,69.06076613813639,56.270559784024954,61.114958953112364,61.12764310091734
231,xair,1,55.0,50.0,after_release,1,0,0,0,1,408,407,after_check,0,after_middleware,0.830118078738451,1.9998224452137947,58.64736018702388,56.64753774181008,57.81724210828543,63.48502589389682,64.84313402324915,,,EXECUTE,published_after_gate_recheck,54.34945598244667,54.3624609708786,0.013004988431930542,4.2977528646588326,59.43740205839276,66.73034373670816,54.46445196866989,58.6472088471055,58.660213835537434
232,xair,0,,50.0,control,1,0,0,0,0,,409,control,0,,0.9435596875846386,2.2900858893990517,59.270888566970825,56.98080267757177,58.32732887938619,,,,,EXECUTE,published_after_gate_recheck,54.725772235542536,54.7391870059073,0.013414770364761353,4.544996656477451,,,54.6405715867877,59.27076889201999,59.28418366238475
233,xair,1,55.0,50.0,concurrent,1,0,0,1,0,411,410,after_check,0,after_middleware,1.260905060917139,2.5262986309826374,61.72252865508199,59.19623002409935,60.46162359416485,66.35248474776745,67.56643299013376,,,EXECUTE,published_after_gate_recheck,55.76101504266262,55.77122373506427,0.010208692401647568,5.961393937468529,61.356151942163706,69.65688476338983,56.38118786737323,61.72240898013115,61.7326176725328
234,xair,0,,50.0,control,1,0,0,0,0,,412,control,0,,0.9422879666090012,2.0507979206740856,59.22890082001686,57.178102899342775,58.28661285340786,,,,,EXECUTE,published_after_gate_recheck,54.375986102968454,54.390132427215576,0.014146324247121811,4.852784797549248,,,54.952177219092846,59.2287709005177,59.242917224764824
235,xair,0,,50.0,control,1,0,0,0,0,,413,control,0,,0.9234719909727573,2.3123682476580143,59.05775912106037,56.74539087340236,58.134287130087614,,,,,EXECUTE,published_after_gate_recheck,54.73800515756011,54.75035775452852,0.0123525969684124,4.3196240440011024,,,54.41389698535204,59.05762920156121,59.069981798529625
236,xair,1,55.0,50.0,after_release,1,0,0,0,1,415,414,after_check,0,after_middleware,0.9665130637586117,2.3115361109375954,59.74680185317993,57.435265742242336,58.78028878942132,64.7244406864047,66.2426888011396,,,EXECUTE,published_after_gate_recheck,54.86601497977972,54.87857898697257,0.012564007192850113,4.880676977336407,60.16695965081453,68.32040706649423,55.21436873823404,59.74669195711613,59.75925596430898
237,xair,0,,50.0,control,1,0,0,0,0,,416,control,0,,1.0201139375567436,2.2651096805930138,58.85645188391209,56.59134220331907,57.83633794635534,,,,,EXECUTE,published_after_gate_recheck,54.79135597124696,54.8075158149004,0.016159843653440475,4.064945969730616,,,54.17665187269449,58.85630194097757,58.872461784631014
238,xair,1,55.0,50.0,after_release,1,0,0,0,1,418,417,after_check,0,after_middleware,1.0652490891516209,2.2252751514315605,58.52281581610441,56.29754066467285,57.45756672695279,63.85233486071229,64.99910587444901,,,EXECUTE,published_after_gate_recheck,54.24127308651805,54.25861617550254,0.01734308898448944,4.281221888959408,59.433954767882824,66.89577363431454,54.47382899001241,58.52249497547746,58.53983806446195
239,xair,1,55.0,50.0,concurrent,1,0,0,1,0,420,419,after_check,0,after_middleware,1.480557955801487,2.8611980378627777,60.6214739382267,57.76027590036392,59.14091598242521,65.14158379286528,66.30386412143707,,,EXECUTE,published_after_gate_recheck,55.833010002970695,55.843989830464125,0.010979827493429184,4.788103047758341,60.06839592009783,68.51590378209949,55.11073488742113,60.621113050729036,60.632092878222466
240,xair,0,,50.0,control,1,0,0,0,0,,421,control,0,,1.051042228937149,2.2161980159580708,59.517973102629185,57.301775086671114,58.466930873692036,,,,,EXECUTE,published_after_gate_recheck,54.91268169134855,54.921830072999,0.009148381650447845,4.605140071362257,,,54.70305914059281,59.51782176271081,59.52697014436126
241,xair,1,60.0,50.0,after_release,1,0,0,0,1,423,422,after_check,0,after_middleware,1.1129877530038357,2.1110298112034798,59.25780488178134,57.14677507057786,58.144817128777504,69.44299396127462,70.50303276628256,,,EXECUTE,published_after_gate_recheck,54.770325776189566,54.78990310803056,0.019577331840991974,4.487358964979649,64.67837514355779,72.54020497202873,54.731092881411314,59.257684741169214,59.277262073010206
242,xair,0,,50.0,control,1,0,0,0,0,,424,control,0,,1.1910051107406616,2.3413230665028095,60.07811427116394,57.73679120466113,58.88710916042328,,,,,EXECUTE,published_after_gate_recheck,55.1531738601625,55.17178913578391,0.018615275621414185,4.924579057842493,,,55.02522410824895,60.07775291800499,60.096368193626404
243,xair,1,60.0,50.0,after_release,1,0,0,0,1,426,425,after_check,0,after_middleware,0.8719060570001602,2.2577657364308834,59.416532050818205,57.15876631438732,58.544625993818045,68.84437007829547,69.94345225393772,,,EXECUTE,published_after_gate_recheck,54.698580875992775,54.71019307151437,0.011612195521593094,4.7178310342133045,64.91172220557928,71.82468101382256,54.952006321400404,59.41641191020608,59.42802410572767
244,xair,0,,50.0,control,1,0,0,0,0,,427,control,0,,1.2006633915007114,2.7018790133297443,62.85250931978226,60.15063030645251,61.651845928281546,,,,,EXECUTE,published_after_gate_recheck,55.745866149663925,55.759110022336245,0.013243872672319412,7.106482982635498,,,57.22881807014346,62.85234913229942,62.86559300497174
245,xair,1,60.0,50.0,after_release,1,0,0,0,1,429,428,after_check,0,after_middleware,1.3264687731862068,2.668777946382761,61.44402688369155,58.77524893730879,60.11755811050534,70.68376103416085,72.09035009145737,,,EXECUTE,published_after_gate_recheck,56.102936156094074,56.12006923183799,0.01713307574391365,5.340979900211096,65.53898891434073,74.1834370419383,55.59033388271928,61.44391605630517,61.461049132049084
246,xair,0,,50.0,control,1,0,0,0,0,,430,control,0,,1.1681923642754555,2.4066451005637646,60.24494720622897,57.83830210566521,59.076754841953516,,,,,EXECUTE,published_after_gate_recheck,55.345925968140364,55.36246718838811,0.016541220247745514,4.89884102717042,,,55.010156240314245,60.24476699531078,60.26130821555853
247,xair,1,60.0,50.0,after_release,1,0,0,0,1,432,431,after_check,0,after_middleware,1.117586623877287,2.411764580756426,60.08146982640028,57.669705245643854,58.96388320252299,70.54547220468521,71.80814119055867,,,EXECUTE,published_after_gate_recheck,55.29647273942828,55.314155761152506,0.01768302172422409,4.784827120602131,65.08237216621637,73.98824114352465,55.12929894030094,60.08129986003041,60.09898288175464
248,xair,1,60.0,50.0,after_release,1,0,0,0,1,434,433,after_check,0,after_middleware,0.8519981056451797,2.2336910478770733,59.765086974948645,57.53139592707157,58.913088869303465,69.3817287683487,70.7836989313364,,,EXECUTE,published_after_gate_recheck,54.885691963136196,54.89712301641703,0.011431053280830383,4.879274871200323,65.06096292287111,72.79763789847493,55.09337177500129,59.76496683433652,59.77639788761735
249,xair,0,,50.0,control,1,0,0,0,0,,435,control,0,,0.984937883913517,2.282671630382538,59.0608948841691,56.778223253786564,58.075957000255585,,,,,EXECUTE,published_after_gate_recheck,54.48414897546172,54.50243316590786,0.018284190446138382,4.576345905661583,,,54.690435994416475,59.060494881123304,59.07877907156944
250,xair,1,60.0,50.0,after_release,1,0,0,0,1,437,436,after_check,0,after_middleware,1.018972136080265,2.145205158740282,59.79856988415122,57.65336472541094,58.779597748070955,69.82246600091457,71.03714486584067,,,EXECUTE,published_after_gate_recheck,54.87050302326679,54.88016176968813,0.009658746421337128,4.927956033498049,65.09695993736386,73.4756188467145,55.1327858120203,59.79845905676484,59.80811780318618
251,xair,1,60.0,50.0,after_release,1,0,0,0,1,439,438,after_check,0,after_middleware,1.1475533246994019,2.5014029815793037,59.349898248910904,56.8484952673316,58.2023449242115,69.63406223803759,70.87579229846597,,,EXECUTE,published_after_gate_recheck,55.04156509414315,55.05744367837906,0.0158785842359066,4.308203235268593,64.59272420033813,73.14543006941676,54.64853718876839,59.349768329411745,59.36564691364765
252,xair,1,60.0,50.0,after_release,1,0,0,0,1,441,440,after_check,0,after_middleware,1.2002605944871902,2.533532679080963,61.04213185608387,58.50859917700291,59.84187126159668,70.04275918006897,71.25739706680179,,,EXECUTE,published_after_gate_recheck,56.02111201733351,56.036450900137424,0.015338882803916931,5.020909942686558,65.3409780934453,73.57354322448373,55.38479890674353,61.042021960020065,61.05736084282398
253,xair,1,60.0,50.0,after_release,1,0,0,0,1,443,442,after_check,0,after_middleware,1.1927075684070587,2.5234539061784744,61.771871987730265,59.24841808155179,60.579164419323206,71.06862403452396,72.18275405466557,,,EXECUTE,published_after_gate_recheck,56.47722911089659,56.4920362085104,0.014807097613811493,5.294523201882839,65.56104123592377,74.47949331253767,55.66972307860851,61.77175231277943,61.78655941039324
254,xair,1,60.0,50.0,after_release,1,0,0,0,1,445,444,after_check,0,after_middleware,1.3143159449100494,2.7753771282732487,61.1135670915246,58.33818996325135,59.79925114661455,69.98526072129607,71.21946709230542,,,EXECUTE,published_after_gate_recheck,56.32050381973386,56.33155396208167,0.011050142347812653,4.792952910065651,65.09914388880134,73.34846071898937,55.17159914597869,61.11345672979951,61.12450687214732
255,xair,0,,50.0,control,1,0,0,0,0,,446,control,0,,1.1814571917057037,2.4990891106426716,60.25958526879549,57.76049615815282,59.07812807708979,,,,,EXECUTE,published_after_gate_recheck,55.2918640896678,55.308927316218615,0.01706322655081749,4.967589862644672,,,55.067773908376694,60.25945395231247,60.27651717886329
256,xair,1,60.0,50.0,after_release,1,0,0,0,1,448,447,after_check,0,after_middleware,0.9323093108832836,2.4928273633122444,62.79881810769439,60.30599074438214,61.866508796811104,72.45030486956239,73.60451109707355,,,EXECUTE,published_after_gate_recheck,55.421176832169294,55.43151590973139,0.010339077562093735,7.377521134912968,67.61572510004044,75.99008595570922,57.8394029289484,62.79869796708226,62.809037044644356
257,xair,1,60.0,50.0,after_release,1,0,0,0,1,450,449,after_check,0,after_middleware,1.0890429839491844,2.3198318667709827,60.18766900524497,57.86783713847399,59.098626021295786,70.39361726492643,71.47888327017426,,,EXECUTE,published_after_gate_recheck,55.20353838801384,55.22119114175439,0.017652753740549088,4.983990918844938,65.18476502969861,73.77073308452964,55.234747007489204,60.18752930685878,60.20518206059933
258,xair,1,60.0,50.0,after_release,1,0,0,0,1,452,451,after_check,0,after_middleware,1.208537258207798,2.440539188683033,60.472303070127964,58.03176388144493,59.263765811920166,70.569165982306,71.76890689879656,,,EXECUTE,published_after_gate_recheck,55.53971929475665,55.55224232375622,0.012523028999567032,4.932413809001446,65.24813314899802,73.98680783808231,55.32281193882227,60.4721331037581,60.484656132757664
259,xair,1,60.0,50.0,after_release,1,0,0,0,1,454,453,after_check,0,after_middleware,1.1135595850646496,2.638820093125105,60.13371795415878,57.49489786103368,59.02015836909413,69.43808356299996,70.66445471718907,,,EXECUTE,published_after_gate_recheck,55.574734695255756,55.58277014642954,0.008035451173782349,4.55885287374258,64.78522485122085,72.91837362572551,54.863860830664635,60.13358756899834,60.14162302017212
260,xair,1,60.0,50.0,after_release,1,0,0,0,1,456,455,after_check,0,after_middleware,1.3296850956976414,2.507294062525034,60.645048040896654,58.13775397837162,59.31536294519901,69.78508597239852,70.99830219522119,,,EXECUTE,published_after_gate_recheck,55.69829698652029,55.72336399927735,0.025067012757062912,4.945788998156786,65.19057601690292,73.22546001523733,55.266337003558874,60.644085984677076,60.66915299743414
261,xair,1,60.0,50.0,after_release,1,0,0,0,1,458,457,after_check,0,after_middleware,1.1179465800523758,2.516309730708599,59.62822865694761,57.111918926239014,58.51028207689524,69.44094877690077,70.52865996956825,,,EXECUTE,published_after_gate_recheck,55.11696636676788,55.12712523341179,0.01015886664390564,4.510972648859024,64.72550192847848,72.5669739767909,54.77781966328621,59.62793901562691,59.63809788227081
262,xair,1,60.0,50.0,after_release,1,0,0,0,1,460,459,after_check,0,after_middleware,1.2718159705400467,2.721414901316166,59.689133893698454,56.96771899238229,58.41731792315841,69.5738191716373,70.90780232101679,,,EXECUTE,published_after_gate_recheck,55.53143285214901,55.54711306467652,0.015680212527513504,4.15759114548564,64.35863533988595,72.91013933718204,54.396264255046844,59.68902399763465,59.70470421016216
263,xair,1,60.0,50.0,after_release,1,0,0,0,1,462,461,after_check,0,after_middleware,1.0475749149918556,2.2135828621685505,59.80291683226824,57.58933397009969,58.75534191727638,70.32581884413958,71.55571691691875,,,EXECUTE,published_after_gate_recheck,55.25347217917442,55.27006322517991,0.016591046005487442,4.549324978142977,64.89883828908205,73.67538288235664,54.95950998738408,59.8027971573174,59.81938820332289
264,xair,0,,50.0,control,1,0,0,0,0,,463,control,0,,1.1050528846681118,2.0830780267715454,59.06601529568434,56.98293726891279,57.960962411016226,,,,,EXECUTE,published_after_gate_recheck,54.85244980081916,54.86976262181997,0.017312821000814438,4.213465377688408,,,54.34781312942505,59.06591517850757,59.08322799950838
265,xair,1,60.0,50.0,after_release,1,0,0,0,1,465,464,after_check,0,after_middleware,1.3143359683454037,2.992304041981697,61.59414816647768,58.60184412449598,60.27981219813228,69.60642011836171,70.6777898594737,,,EXECUTE,published_after_gate_recheck,56.67617218568921,56.693052873015404,0.016880687326192856,4.917866084724665,65.1785428635776,72.78111623600125,55.24460505694151,61.594038270413876,61.61091895774007
266,xair,1,60.0,50.0,after_release,1,0,0,0,1,467,466,after_check,0,after_middleware,0.98813371732831,2.134595066308975,59.861638117581606,57.72704305127263,58.873504400253296,69.86041739583015,71.14120898768306,,,EXECUTE,published_after_gate_recheck,55.00102788209915,55.01662800088525,0.015600118786096573,4.860489163547754,65.2030291967094,73.27343011274934,55.272969417274,59.861517045646906,59.877117164433
267,xair,1,60.0,50.0,after_release,1,0,0,0,1,469,468,after_check,0,after_middleware,1.3046478852629662,2.6416261680424213,61.63393286988139,58.99230670183897,60.329284984618425,70.33563777804375,71.53136096894741,,,EXECUTE,published_after_gate_recheck,56.43525905907154,56.4485639333725,0.013304874300956726,5.198552738875151,65.44460169970989,73.55267368257046,55.495455861091614,61.63381179794669,61.64711667224765
268,xair,0,,50.0,control,1,0,0,0,0,,470,control,0,,1.1891410686075687,2.4233958683907986,61.095000710338354,58.671604841947556,59.905859641730785,,,,,EXECUTE,published_after_gate_recheck,55.25623681023717,55.26643572375178,0.010198913514614105,5.838613957166672,,,55.944477673619986,61.09485076740384,61.105049680918455
269,xair,1,60.0,50.0,after_release,1,0,0,0,1,472,471,after_check,0,after_middleware,1.471550203859806,2.8138691559433937,61.38483481481671,58.57096565887332,59.91328461095691,70.24435698986053,71.44032092764974,,,EXECUTE,published_after_gate_recheck,56.35868478566408,56.377770844846964,0.01908605918288231,5.026029888540506,65.24867471307516,73.73283198103309,55.334433913230896,61.38471467420459,61.40380073338747
270,xair,1,60.0,50.0,after_release,1,0,0,0,1,474,473,after_check,0,after_middleware,1.0014288127422333,2.2644391283392906,58.97360201925039,56.7091628909111,57.97217320650816,70.0120311230421,71.29466813057661,,,EXECUTE,published_after_gate_recheck,54.63383020833135,54.64306706562638,0.009236857295036316,4.339661914855242,64.63064486160874,73.41707916930318,54.658656008541584,58.97349212318659,58.982728980481625
271,xair,1,60.0,50.0,after_release,1,0,0,0,1,476,475,after_check,0,after_middleware,1.0818792507052422,2.3999325931072235,60.587579384446144,58.18764679133892,59.5057001337409,70.09017700329423,71.18892902508378,,,EXECUTE,published_after_gate_recheck,55.57565623894334,55.59341935440898,0.01776311546564102,5.01180300489068,65.25409407913685,73.22600111365318,55.30218314379454,60.58745924383402,60.60522235929966
272,xair,1,60.0,50.0,after_release,1,0,0,0,1,478,477,after_check,0,after_middleware,1.203708816319704,2.638049889355898,61.13445619121194,58.49640630185604,59.930747374892235,70.47194428741932,71.57917134463787,,,EXECUTE,published_after_gate_recheck,55.76334800571203,55.77367777004838,0.01032976433634758,5.370997358113527,65.55827520787716,73.52922996506095,55.594091303646564,61.13434536382556,61.14467512816191
273,xair,1,60.0,50.0,after_release,1,0,0,0,1,480,479,after_check,0,after_middleware,0.999875832349062,2.109627705067396,60.243453830480576,58.13382612541318,59.243577998131514,70.90274197980762,72.44560681283474,,,EXECUTE,published_after_gate_recheck,55.25977397337556,55.26804877445102,0.008274801075458527,4.983540158718824,65.24309376254678,74.68763273209333,55.26579590514302,60.24331413209438,60.25158893316984
274,xair,0,,50.0,control,1,0,0,0,0,,481,control,0,,1.0941228829324245,2.4272138252854347,60.18435303121805,57.75713920593262,59.09023014828563,,,,,EXECUTE,published_after_gate_recheck,55.448928847908974,55.45908771455288,0.01015886664390564,4.735283087939024,,,54.82516810297966,60.184211935848,60.1943708024919
275,xair,1,60.0,50.0,after_release,1,0,0,0,1,483,482,after_check,0,after_middleware,1.0976698249578476,2.1713036112487316,59.97945927083492,57.80815565958619,58.881789445877075,69.75799426436424,70.86560223251581,,,EXECUTE,published_after_gate_recheck,55.43946102261543,55.4522848688066,0.012823846191167831,4.539897199720144,64.84637036919594,72.78716703876853,54.921459406614304,59.97935822233558,59.992182068526745
276,xair,1,60.0,50.0,after_release,1,0,0,0,1,485,484,after_check,0,after_middleware,0.948288943618536,2.3767887614667416,59.6526050940156,57.27581633254886,58.70431615039706,68.87501711025834,70.24855399504304,,,EXECUTE,published_after_gate_recheck,55.25149870663881,55.26131670922041,0.009818002581596375,4.40098624676466,64.58848481997848,72.43859302252531,54.614712949842215,59.65248495340347,59.66230295598507
277,xair,1,60.0,50.0,after_release,1,0,0,0,1,487,486,after_check,0,after_middleware,1.0004970245063305,2.0220428705215454,59.58984699100256,57.567804120481014,58.58934996649623,70.51507430151105,71.81098591536283,,,EXECUTE,published_after_gate_recheck,54.78484323248267,54.795293137431145,0.010449904948472977,4.80488408356905,65.05225505679846,73.93385795876384,55.09332101792097,59.58972731605172,59.600177221000195
278,xair,1,60.0,50.0,after_release,1,0,0,0,1,489,488,after_check,0,after_middleware,1.164605375379324,2.1974430419504642,59.298241045325994,57.10079800337553,58.13363566994667,69.64595383033156,71.07756985351443,,,EXECUTE,published_after_gate_recheck,54.823325015604496,54.83459588140249,0.011270865797996521,4.474795889109373,64.70148777589202,72.99930602312088,54.73259463906288,59.29812090471387,59.309391770511866
279,xair,0,,50.0,control,1,0,0,0,0,,490,control,0,,1.288257073611021,2.9074950143694878,62.41100002080202,59.50350500643253,61.122742947191,,,,,EXECUTE,published_after_gate_recheck,57.517790235579014,57.53437103703618,0.016580801457166672,4.893099889159203,,,55.01585593447089,62.410890124738216,62.42747092619538
280,xair,0,,50.0,control,1,0,0,0,0,,491,control,0,,1.0497202165424824,2.3070191964507103,60.16356498003006,57.85654578357935,59.11384476348758,,,,,EXECUTE,published_after_gate_recheck,54.93074608966708,54.9443019554019,0.013555865734815598,5.2326880395412445,,,55.34089682623744,60.163434129208326,60.17698999494314
281,xair,1,100.0,50.0,after_release,1,0,0,0,1,493,492,after_check,0,after_middleware,1.297874841839075,2.551476936787367,60.44045276939869,57.88897583261132,59.142577927559614,110.30661780387163,111.35552590712905,,,EXECUTE,published_after_gate_recheck,55.16501609236002,55.17366202548146,0.008645933121442795,5.275326780974865,105.43647082522511,113.51974587887526,55.461952928453684,60.440342873334885,60.44898880645633
282,xair,1,100.0,50.0,after_release,1,0,0,0,1,495,494,after_check,0,after_middleware,1.1182581074535847,2.304533962160349,59.917001985013485,57.612468022853136,58.7987438775599,110.8918571844697,112.29238379746675,,,EXECUTE,published_after_gate_recheck,55.10977283120155,55.11861899867654,0.008846167474985123,4.807088989764452,105.08849890902638,114.88540889695287,55.11148599907756,59.916861820966005,59.92570798844099
283,xair,1,100.0,50.0,after_release,1,0,0,0,1,497,496,after_check,0,after_middleware,1.0362239554524422,2.1967305801808834,60.74151862412691,58.54478804394603,59.70529466867447,110.46729981899261,111.74392467364669,,,EXECUTE,published_after_gate_recheck,55.22793484851718,55.2404779009521,0.012543052434921265,5.513453856110573,105.7337699458003,114.1513716429472,55.7756619527936,60.74138870462775,60.753931757062674
284,xair,1,100.0,50.0,after_release,1,0,0,0,1,499,498,after_check,0,after_middleware,1.0070502758026123,2.0955423824489117,59.316094033420086,57.220551650971174,58.309043757617474,109.19494275003672,110.53258180618286,,,EXECUTE,published_after_gate_recheck,54.87876990810037,54.8886782489717,0.009908340871334076,4.437213763594627,104.64227106422186,112.63380385935307,54.66490797698498,59.315983671694994,59.32589201256633
285,xair,0,,50.0,control,1,0,0,0,0,,500,control,0,,0.81281503662467,2.0956220105290413,59.17362682521343,57.07800481468439,58.36081178858876,,,,,EXECUTE,published_after_gate_recheck,54.486813955008984,54.49692299589515,0.010109040886163712,4.68668295070529,,,54.78046461939812,59.17349690571427,59.18360594660044
286,xair,1,100.0,50.0,after_release,1,0,0,0,1,502,501,after_check,0,after_middleware,0.7718079723417759,2.05409387126565,58.965737000107765,56.911643128842115,58.19392902776599,108.74052019789815,109.99681707471609,,,EXECUTE,published_after_gate_recheck,54.387668147683144,54.39535202458501,0.0076838769018650055,4.5779491774737835,104.7526584006846,112.30443743988872,54.776297416538,58.96561732515693,58.97330120205879
287,xair,1,100.0,50.0,after_release,1,0,0,0,1,504,503,after_check,0,after_middleware,1.171198207885027,2.416855189949274,59.951516799628735,57.53466160967946,58.78031859174371,110.06903275847435,111.46706575527787,,,EXECUTE,published_after_gate_recheck,55.13030104339123,55.13892788439989,0.008626841008663177,4.821094684302807,105.00277765095234,113.66225499659777,55.02895079553127,59.951395727694035,59.9600225687027
288,xair,0,,50.0,control,1,0,0,0,0,,505,control,0,,1.1508790776133537,2.306216862052679,61.46516604349017,59.15894918143749,60.31428696587682,,,,,EXECUTE,published_after_gate_recheck,56.70697893947363,56.73126503825188,0.024286098778247833,4.758066963404417,,,54.85852109268308,61.465045902878046,61.489332001656294
289,xair,1,100.0,50.0,after_release,1,0,0,0,1,507,506,after_check,0,after_middleware,1.02613540366292,2.203153446316719,59.28258132189512,57.0794278755784,58.2564459182322,109.84452115371823,110.86674919351935,,,EXECUTE,published_after_gate_recheck,54.75458595901728,54.763603024184704,0.009017065167427063,4.527855198830366,104.73493533208966,112.88267094641924,54.765256121754646,59.28244115784764,59.29145822301507
290,xair,1,100.0,50.0,after_release,1,0,0,0,1,509,508,after_check,0,after_middleware,0.9439708665013313,2.225885633379221,59.93025563657284,57.70437000319362,58.98628477007151,111.12986272200942,112.3931328766048,,,EXECUTE,published_after_gate_recheck,54.366348311305046,54.378461092710495,0.012112781405448914,5.563787650316954,105.78804090619087,114.5576136186719,55.81506574526429,59.930135961622,59.94224874302745
291,xair,1,100.0,50.0,after_release,1,0,0,0,1,511,510,after_check,0,after_middleware,1.0481667704880238,2.438624855130911,59.63880009949207,57.20017524436116,58.59063332900405,110.24660617113113,111.46423127502203,,,EXECUTE,published_after_gate_recheck,55.08276214823127,55.09300110861659,0.01023896038532257,4.555898252874613,104.84899999573827,113.78680821508169,54.88210637122393,59.63866040110588,59.6488993614912
292,xair,1,100.0,50.0,after_release,1,0,0,0,1,513,512,after_check,0,after_middleware,1.0505910031497478,2.439376898109913,59.69288060441613,57.25350370630622,58.642289601266384,110.56227795779705,111.7689018137753,,,EXECUTE,published_after_gate_recheck,54.93009602651,54.94337994605303,0.013283919543027878,4.762674681842327,105.06019461899996,114.18534489348531,55.10330991819501,59.69277070835233,59.706054627895355
293,xair,0,,50.0,control,1,0,0,0,0,,514,control,0,,1.0818298906087875,2.052681054919958,61.569892801344395,59.51721174642444,60.48806291073561,,,,,EXECUTE,published_after_gate_recheck,56.91545084118843,56.927913799881935,0.012462958693504333,4.6543218195438385,,,54.75428560748696,61.56977266073227,61.582235619425774
294,xair,1,100.0,50.0,after_release,1,0,0,0,1,516,515,after_check,0,after_middleware,1.2204600498080254,2.4630711413919926,60.10913196951151,57.646060828119516,58.888671919703484,111.01240292191505,112.28900775313377,,,EXECUTE,published_after_gate_recheck,55.372876580804586,55.38476863875985,0.011892057955265045,4.736165050417185,104.9806559458375,114.5860068500042,55.03532290458679,60.10904163122177,60.120933689177036
295,xair,0,,50.0,control,1,0,0,0,0,,517,control,0,,1.1949720792472363,2.5566271506249905,60.156912077218294,57.600284926593304,58.96193999797106,,,,,EXECUTE,published_after_gate_recheck,55.25639792904258,55.26591511443257,0.009517185389995575,4.900394007563591,,,54.99632004648447,60.15679193660617,60.166309121996164
296,xair,1,100.0,50.0,after_release,1,0,0,0,1,519,518,after_check,0,after_middleware,1.1473530903458595,2.297429833561182,60.031486209481955,57.73405637592077,58.884133119136095,110.16912013292313,111.19693936780095,,,EXECUTE,published_after_gate_recheck,55.33567676320672,55.348239839076996,0.012563075870275497,4.695669282227755,104.9147630110383,113.29674813896418,54.94898138567805,60.031346045434475,60.04390912130475
297,xair,0,,50.0,control,1,0,0,0,0,,520,control,0,,1.3915197923779488,2.9472289606928825,60.804626904428005,57.85739794373512,59.41310711205006,,,,,EXECUTE,published_after_gate_recheck,56.466998998075724,56.48054415360093,0.01354515552520752,4.337507765740156,,,54.508314933627844,60.80450676381588,60.81805191934109
298,xair,1,100.0,50.0,after_release,1,0,0,0,1,522,521,after_check,0,after_middleware,1.0081818327307701,2.3561911657452583,59.78483380749822,57.42864264175296,58.77665197476745,109.60150556638837,110.94843270257115,,,EXECUTE,published_after_gate_recheck,55.200181901454926,55.21210515871644,0.011923257261514664,4.584530834108591,104.77526066824794,112.83093458041549,54.80753583833575,59.78471273556352,59.79663599282503
299,xair,1,100.0,50.0,after_release,1,0,0,0,1,524,523,after_check,0,after_middleware,1.261936966329813,2.5328118354082108,60.00862317159772,57.47581133618951,58.746686205267906,109.42907212302089,110.61936523765326,,,EXECUTE,published_after_gate_recheck,55.267808958888054,55.27721671387553,0.009407754987478256,4.740704316645861,104.93902815505862,112.50601522624493,54.96183503419161,60.008513275533915,60.01792103052139
300,xair,1,100.0,50.0,after_release,1,0,0,0,1,526,525,after_check,0,after_middleware,0.9880536235868931,2.2012097761034966,58.99301776662469,56.79180799052119,58.004964143037796,109.32616889476776,110.62413407489657,,,EXECUTE,published_after_gate_recheck,54.545645136386156,54.55496208742261,0.009316951036453247,4.447262734174728,104.61450880393386,112.2366189956665,54.635012056678534,58.992907870560884,59.00222482159734
301,xair,1,100.0,50.0,after_release,1,0,0,0,1,528,527,after_check,0,after_middleware,1.09932292252779,2.328268252313137,59.44804195314646,57.11977370083332,58.34871903061867,109.9242907948792,111.12137697637081,,,EXECUTE,published_after_gate_recheck,54.83188107609749,54.83995703980327,0.008075963705778122,4.616039805114269,104.83287880197167,113.25963865965605,54.858751595020294,59.44792088121176,59.455996844917536
302,xair,1,100.0,50.0,after_release,1,0,0,0,1,530,529,after_check,0,after_middleware,1.3032653369009495,2.7975980192422867,60.99602533504367,58.19842731580138,59.69275999814272,110.63607642427087,111.94572318345308,,,EXECUTE,published_after_gate_recheck,55.59480236843228,55.60713494196534,0.012332573533058167,5.4010930471122265,105.6373380124569,114.0609523281455,55.66699709743261,60.99589541554451,61.00822798907757
303,xair,1,100.0,50.0,after_release,1,0,0,0,1,532,531,after_check,0,after_middleware,1.06436712667346,2.373784314841032,59.48812700808048,57.11434269323945,58.42375988140702,109.94039196521044,111.07029113918543,,,EXECUTE,published_after_gate_recheck,54.836280178278685,54.84917387366295,0.012893695384263992,4.6517569571733475,104.8661321401596,113.70874103158712,54.92482613772154,59.48803713545203,59.500930830836296
304,xair,1,100.0,50.0,after_release,1,0,0,0,1,534,533,after_check,0,after_middleware,0.9163389913737774,2.338516991585493,61.091605108231306,58.75308811664581,60.17526611685753,110.715685877949,111.89866531640291,,,EXECUTE,published_after_gate_recheck,56.32036365568638,56.33045267313719,0.010089017450809479,4.771121311932802,104.93390914052725,114.58830209448934,54.96209627017379,61.09148496761918,61.10157398506999
305,xair,1,100.0,50.0,after_release,1,0,0,0,1,536,535,after_check,0,after_middleware,1.2584109790623188,2.8467513620853424,60.53760601207614,57.6908546499908,59.27919503301382,109.76882977411151,110.88947160169482,,,EXECUTE,published_after_gate_recheck,55.67753780633211,55.68572273477912,0.008184928447008133,4.859787877649069,105.03787361085415,112.93663270771503,55.05965882912278,60.53732568398118,60.54551061242819
306,xair,1,100.0,50.0,after_release,1,0,0,0,1,538,537,after_check,0,after_middleware,1.2232349254190922,2.7062068693339825,60.684751719236374,57.97854484990239,59.46151679381728,110.13449588790536,111.12004471942782,,,EXECUTE,published_after_gate_recheck,55.70315616205335,55.71449687704444,0.011340714991092682,4.981475882232189,105.1964508369565,113.58421808108687,55.20961992442608,60.684632044285536,60.69597275927663
307,xair,1,100.0,50.0,after_release,1,0,0,0,1,540,539,after_check,0,after_middleware,1.062633004039526,2.09974916651845,59.53231919556856,57.43257002905011,58.469686191529036,109.61499018594623,110.82476004958153,,,EXECUTE,published_after_gate_recheck,54.98620122671127,54.99662132933736,0.010420102626085281,4.546017851680517,104.7368892468512,113.06947190314531,54.772069212049246,59.53221907839179,59.542639181017876
308,xair,1,100.0,50.0,after_release,1,0,0,0,1,542,541,after_check,0,after_middleware,1.5237778425216675,2.7748546563088894,60.32873364165425,57.553878985345364,58.804955799132586,113.09167370200157,114.06366806477308,,,EXECUTE,published_after_gate_recheck,55.35451229661703,55.36707630380988,0.012564007192850113,4.974101670086384,105.18519068136811,116.25812482088804,55.2188279107213,60.328613966703415,60.341177973896265
309,xair,1,100.0,50.0,after_release,1,0,0,0,1,544,543,after_check,0,after_middleware,1.267888117581606,2.6536481454968452,60.94731390476227,58.29366575926542,59.67942578718066,110.22434383630753,111.36343097314239,,,EXECUTE,published_after_gate_recheck,55.78402662649751,55.79520761966705,0.011180993169546127,5.163147114217281,105.39396200329065,113.59817394986749,55.43735669925809,60.94717374071479,60.958354733884335
310,xair,0,,50.0,control,1,0,0,0,0,,545,control,0,,1.249013002961874,2.773122861981392,60.55501801893115,57.78189515694976,59.306005015969276,,,,,EXECUTE,published_after_gate_recheck,55.312192998826504,55.32687995582819,0.014686957001686096,5.242715124040842,,,55.357547011226416,60.554908122867346,60.56959507986903
311,xair,1,100.0,50.0,after_release,1,0,0,0,1,547,546,after_check,0,after_middleware,1.1841622181236744,2.5143171660602093,59.84755093231797,57.33323376625776,58.6633887141943,109.85073307529092,111.08850501477718,,,EXECUTE,published_after_gate_recheck,55.40434597060084,55.41594699025154,0.011601019650697708,4.443024750798941,104.66452268883586,113.11994586139917,54.69319084659219,59.847370721399784,59.85897174105048
312,xair,1,100.0,50.0,after_release,1,0,0,0,1,549,548,after_check,0,after_middleware,0.9378897957503796,1.958414912223816,59.87531412392855,57.91689921170473,58.93742432817817,110.22611800581217,111.10311327502131,,,EXECUTE,published_after_gate_recheck,55.30413705855608,55.3160198032856,0.01188274472951889,4.571046214550734,104.9033422023058,113.79916127771139,54.94840024039149,59.87518327310681,59.88706601783633
313,xair,1,100.0,50.0,after_release,1,0,0,0,1,551,550,after_check,0,after_middleware,1.2173838913440704,2.198284026235342,61.58356787636876,59.38528385013342,60.36618398502469,111.74464598298073,112.98458278179169,,,EXECUTE,published_after_gate_recheck,55.993289686739445,56.00731587037444,0.014026183634996414,5.5901180021464825,105.88285885751247,114.94041187688708,56.00088369101286,61.58340768888593,61.597433872520924
314,xair,1,100.0,50.0,after_release,1,0,0,0,1,553,552,after_check,0,after_middleware,1.1988598853349686,2.5695906952023506,60.701483860611916,58.131893165409565,59.50262397527695,111.07985908165574,112.1513401158154,,,EXECUTE,published_after_gate_recheck,55.4650891572237,55.47724198549986,0.01215282827615738,5.236254073679447,105.44996708631516,114.71705324947834,55.48952519893646,60.70134323090315,60.713496059179306
315,xair,0,,50.0,control,1,0,0,0,0,,554,control,0,,1.0167467407882214,2.582914661616087,60.15144055709243,57.56852589547634,59.13469381630421,,,,,EXECUTE,published_after_gate_recheck,55.20914914086461,55.22547010332346,0.016320962458848953,4.9421717412769794,,,55.06188282743096,60.15132088214159,60.16764184460044
316,xair,0,,50.0,control,1,0,0,0,0,,555,control,0,,0.983264297246933,1.8820413388311863,59.39227715134621,57.51023581251502,58.409012854099274,,,,,EXECUTE,published_after_gate_recheck,54.54206699505448,54.55159489065409,0.009527895599603653,4.85006021335721,,,54.95628481730819,59.392127208411694,59.4016551040113
317,xair,1,100.0,50.0,after_release,1,0,0,0,1,557,556,after_check,0,after_middleware,1.0145632550120354,2.0424812100827694,59.58256404846907,57.5400828383863,58.56800079345703,110.95551587641239,112.1674501337111,,,EXECUTE,published_after_gate_recheck,55.17121823504567,55.183932185173035,0.012713950127363205,4.411215893924236,104.67071505263448,114.36459189280868,54.69545582309365,59.58243412896991,59.59514807909727
318,xair,1,100.0,50.0,after_release,1,0,0,0,1,559,558,after_check,0,after_middleware,1.0829223319888115,2.279296051710844,60.17833203077316,57.89903597906232,59.09540969878435,109.9530546925962,111.1275888979435,,,EXECUTE,published_after_gate_recheck,55.22136203944683,55.23420590907335,0.012843869626522064,4.9567800015211105,105.14687886461616,113.16719464957714,55.20297773182392,60.17814204096794,60.19098591059446
319,xair,0,,50.0,control,1,0,0,0,0,,560,control,0,,0.9365272708237171,2.4885088205337524,59.37291122972965,56.8844024091959,58.436383958905935,,,,,EXECUTE,published_after_gate_recheck,54.75331423804164,54.764815140515566,0.011500902473926544,4.619467072188854,,,54.68138912692666,59.37278131023049,59.38428221270442
