run,mode,inject,inject_offset_ms,publish_delay_ms,injection_window,gateway_released,gate_blocked,stale_publish,potential_stale_publish,post_release_invalidation,injection_version,check_version,version_order,stale_exact,position_vs_middleware,residual_lo_ms,residual_hi_ms,t_middleware_ms,store_io_lo_ms,store_io_hi_ms,injection_store_lo_ms,injection_store_hi_ms,commit_status,commit_age_ms,outcome,reason,validation_to_gate_ms,validation_to_publish_ms,recheck_to_publish_ms,t_validate_end_ms,t_injection_start_ms,t_injection_end_ms,t_recheck_start_ms,t_recheck_end_ms,t_publish_end_ms
0,xair_atomic,1,0.0,50.0,before_recheck,0,1,0,0,0,562,562,before_check,0,,,,,58.64293221384287,62.8298269584775,9.326959028840065,10.819288901984692,changed,64.611083984375,REVOKE,read_set_version_changed_at_commit,59.12273097783327,,,4.612775053828955,4.850440192967653,13.208109885454178,55.23499799892306,63.735506031662226,
1,xair_atomic,0,,50.0,control,1,0,0,0,0,,563,control,0,,1.038248185068369,2.5540823116898537,58.832406997680664,56.27832468599081,57.794158812612295,,,committed,60.574951171875,EXECUTE,authorization_committed,54.72792638465762,54.74902596324682,0.021099578589200974,4.100071731954813,,,54.171331692487,58.827998116612434,58.849097695201635
2,xair_atomic,1,0.0,50.0,before_recheck,0,1,0,0,0,565,565,before_check,0,,,,,57.7989281155169,59.08852722495794,9.14966594427824,10.055856313556433,changed,61.180908203125,REVOKE,read_set_version_changed_at_commit,55.74406310915947,,,4.548293072730303,4.682034254074097,11.993621941655874,54.875182919204235,60.29235618188977,
3,xair_atomic,0,,50.0,control,1,0,0,0,0,,566,control,0,,0.9981729090213776,2.5168717838823795,59.73092280328274,57.21405101940036,58.73274989426136,,,committed,61.284912109375,EXECUTE,authorization_committed,55.0186219625175,55.0379678606987,0.019345898181200027,4.708042833954096,,,54.778681602329016,59.726664796471596,59.746010694652796
4,xair_atomic,1,0.0,50.0,before_recheck,0,1,0,0,0,568,568,before_check,0,,,,,58.322420343756676,59.61746023967862,10.293552186340094,11.325377970933914,changed,62.450927734375,REVOKE,read_set_version_changed_at_commit,55.21734384819865,,,5.437612067908049,5.603413097560406,13.202209025621414,55.878784973174334,60.6549559161067,
5,xair_atomic,1,0.0,50.0,before_recheck,0,1,0,0,0,570,570,before_check,0,,,,,57.93666606768966,59.48679381981492,9.999128989875317,11.275404132902622,changed,61.162109375,REVOKE,read_set_version_changed_at_commit,55.33553613349795,,,4.960997030138969,5.09627116844058,13.276497833430767,55.26616610586643,60.29653316363692,
6,xair_atomic,0,,50.0,control,1,0,0,0,0,,571,control,0,,1.118347980082035,2.4564689956605434,59.75900497287512,57.302535977214575,58.64065699279308,,,committed,61.337890625,EXECUTE,authorization_committed,54.952967911958694,54.97015966102481,0.017191749066114426,4.80195926502347,,,54.88126398995519,59.754927176982164,59.77211892604828
7,xair_atomic,1,0.0,50.0,before_recheck,0,1,0,0,0,573,573,before_check,0,,,,,56.81124422699213,57.92097607627511,9.159815032035112,10.248798411339521,changed,60.31005859375,REVOKE,read_set_version_changed_at_commit,54.477165918797255,,,4.22755116596818,4.359248094260693,12.363225221633911,54.5334811322391,58.704717084765434,
8,xair_atomic,1,0.0,50.0,before_recheck,0,1,0,0,0,575,575,before_check,0,,,,,56.957018095999956,58.315396308898926,9.263379033654928,10.414248332381248,changed,60.262939453125,REVOKE,read_set_version_changed_at_commit,54.73847594112158,,,4.605981055647135,4.726487211883068,12.681011110544205,54.90628117695451,59.34445699676871,
9,xair_atomic,1,0.0,50.0,before_recheck,0,1,0,0,0,577,577,before_check,0,,,,,57.275315281003714,58.40100720524788,9.059787262231112,10.20872313529253,changed,61.541015625,REVOKE,read_set_version_changed_at_commit,54.84549701213837,,,4.506314173340797,4.652819130569696,12.176083866506815,54.822664242237806,59.351811185479164,
10,xair_atomic,1,0.0,50.0,before_recheck,0,1,0,0,0,579,579,before_check,0,,,,,57.95974005013704,59.19529777020216,9.848897811025381,11.140250600874424,changed,61.77587890625,REVOKE,read_set_version_changed_at_commit,55.12398900464177,,,5.075342021882534,5.200686864554882,13.38034262880683,55.36922859027982,60.199331026524305,
11,xair_atomic,1,0.0,50.0,before_recheck,0,1,0,0,0,581,581,before_check,0,,,,,57.820438873022795,59.32948971167207,9.938265662640333,11.091108899563551,changed,62.179931640625,REVOKE,read_set_version_changed_at_commit,55.894135031849146,,,4.340883810073137,4.6605137176811695,13.385051861405373,55.16922473907471,60.23501884192228,
12,xair_atomic,0,,50.0,control,1,0,0,0,0,,582,control,0,,0.9069009684026241,2.202301751822233,59.03959507122636,56.837293319404125,58.132694102823734,,,committed,60.35791015625,EXECUTE,authorization_committed,54.54447166994214,54.55875908955932,0.014287419617176056,4.493049345910549,,,54.56342734396458,59.03752101585269,59.051808435469866
13,xair_atomic,0,,50.0,control,1,0,0,0,0,,583,control,0,,0.9464561007916927,2.5292951613664627,59.225093107670546,56.69579794630408,58.27863700687885,,,committed,60.8349609375,EXECUTE,authorization_committed,54.81661297380924,54.82847476378083,0.011861789971590042,4.405795130878687,,,54.48276596143842,59.22240810468793,59.23426989465952
14,xair_atomic,1,0.0,50.0,before_recheck,0,1,0,0,0,585,585,before_check,0,,,,,57.604453060775995,59.04240068048239,10.147688910365105,11.338953860104084,changed,61.0380859375,REVOKE,read_set_version_changed_at_commit,55.063496343791485,,,4.7444007359445095,5.028273910284042,13.637165073305368,55.484225042164326,59.807897079735994,
15,xair_atomic,1,0.0,50.0,before_recheck,0,1,0,0,0,587,587,before_check,0,,,,,57.21664521843195,58.34910040721297,8.737222291529179,9.688697289675474,changed,59.886962890625,REVOKE,read_set_version_changed_at_commit,54.6913780272007,,,4.533665254712105,4.66554332524538,12.057952117174864,54.93709817528725,59.225043281912804,
16,xair_atomic,1,0.0,50.0,before_recheck,0,1,0,0,0,589,589,before_check,0,,,,,57.576440274715424,58.973612263798714,9.260354097932577,10.45124838128686,changed,61.47705078125,REVOKE,read_set_version_changed_at_commit,54.99851377680898,,,4.994490183889866,5.125146359205246,12.712761294096708,55.300270207226276,59.99300396069884,
17,xair_atomic,1,0.0,50.0,before_recheck,0,1,0,0,0,591,591,before_check,0,,,,,57.62769700959325,58.92164399847388,9.127023164182901,10.162455961108208,changed,60.56591796875,REVOKE,read_set_version_changed_at_commit,55.231241043657064,,,4.631309304386377,4.7296034172177315,12.06890307366848,54.909156169742346,59.86255034804344,
18,xair_atomic,0,,50.0,control,1,0,0,0,0,,592,control,0,,0.9537087753415108,2.500590868294239,59.550594072788954,57.050003204494715,58.59688529744744,,,committed,60.868896484375,EXECUTE,authorization_committed,55.07680121809244,55.09688798338175,0.02008676528930664,4.469234962016344,,,54.53893216326833,59.546036180108786,59.56612294539809
19,xair_atomic,1,0.0,50.0,before_recheck,0,1,0,0,0,594,594,before_check,0,,,,,58.133806101977825,59.640633407980204,10.022554080933332,11.128278449177742,changed,61.87890625,REVOKE,read_set_version_changed_at_commit,55.80733111128211,,,4.892880097031593,5.027803126722574,13.563938438892365,55.27101643383503,60.7002112083137,
20,xair_atomic,1,0.0,50.0,before_recheck,0,1,0,0,0,596,596,before_check,0,,,,,57.82833322882652,58.983759954571724,9.492828976362944,10.598444379866123,changed,61.998046875,REVOKE,read_set_version_changed_at_commit,55.080968886613846,,,4.900213330984116,5.026489961892366,12.712139170616865,55.19920028746128,59.98118221759796,
21,xair_atomic,1,0.0,50.0,before_recheck,0,1,0,0,0,598,598,before_check,0,,,,,57.34659917652607,58.58787801116705,9.237200021743774,10.429567191749811,changed,61.205078125,REVOKE,read_set_version_changed_at_commit,55.01964408904314,,,4.630607087165117,4.73365094512701,12.324371840804815,54.90586021915078,59.65025117620826,
22,xair_atomic,0,,50.0,control,1,0,0,0,0,,599,control,0,,0.9378897957503796,2.4371431209146976,59.84267173334956,57.405528612434864,58.90478193759918,,,committed,61.742919921875,EXECUTE,authorization_committed,55.16011733561754,55.175315123051405,0.015197787433862686,4.6792286448180676,,,54.753733798861504,59.83934598043561,59.85454376786947
23,xair_atomic,1,0.0,50.0,before_recheck,0,1,0,0,0,601,601,before_check,0,,,,,57.28470301255584,58.62104007974267,9.449078235775232,10.622760280966759,changed,60.534912109375,REVOKE,read_set_version_changed_at_commit,54.84140897169709,,,4.6187760308384895,4.761624149978161,12.841511983424425,54.9892270937562,59.46018500253558,
24,xair_atomic,1,0.0,50.0,before_recheck,0,1,0,0,0,603,603,before_check,0,,,,,56.97471182793379,58.329183142632246,9.397832211107016,10.545425117015839,changed,60.623046875,REVOKE,read_set_version_changed_at_commit,54.79120509698987,,,4.341635853052139,4.448305815458298,12.498339172452688,54.61783008649945,59.13284095004201,
25,xair_atomic,0,,50.0,control,1,0,0,0,0,,604,control,0,,1.3328203931450844,2.9185153543949127,61.11332634463906,58.19481099024415,59.78050595149398,,,committed,61.215087890625,EXECUTE,authorization_committed,56.64616543799639,56.672264356166124,0.026098918169736862,4.461119882762432,,,54.581592325121164,61.10728532075882,61.133384238928556
26,xair_atomic,1,0.0,50.0,before_recheck,0,1,0,0,0,606,606,before_check,0,,,,,58.69336565956473,60.14747405424714,10.101090651005507,11.313475668430328,changed,62.861083984375,REVOKE,read_set_version_changed_at_commit,56.351120583713055,,,5.0414190627634525,5.234701093286276,13.436367735266685,55.62340607866645,61.39253964647651,
27,xair_atomic,1,0.0,50.0,before_recheck,0,1,0,0,0,608,608,before_check,0,,,,,57.850243989378214,59.18510863557458,10.044144000858068,11.27755781635642,changed,61.29296875,REVOKE,read_set_version_changed_at_commit,55.41879218071699,,,4.879514686763287,5.069921724498272,13.228107709437609,55.3470179438591,60.29830686748028,
28,xair_atomic,1,0.0,50.0,before_recheck,0,1,0,0,0,610,610,before_check,0,,,,,58.22903476655483,59.58173284307122,9.865718893706799,11.033008806407452,changed,62.1630859375,REVOKE,read_set_version_changed_at_commit,55.74880167841911,,,4.756303038448095,4.93133207783103,12.90332805365324,55.11893006041646,60.50510471686721,
29,xair_atomic,1,0.0,50.0,before_recheck,0,1,0,0,0,612,612,before_check,0,,,,,59.560082387179136,61.1194483935833,11.013443116098642,12.355230282992125,changed,64.965087890625,REVOKE,read_set_version_changed_at_commit,55.99667690694332,,,6.21543126180768,6.348059978336096,14.666627161204815,56.5514680929482,62.212108168751,
30,xair_atomic,1,0.0,50.0,before_recheck,0,1,0,0,0,614,614,before_check,0,,,,,58.76795621588826,60.02291105687618,9.91099514067173,11.034312192350626,changed,62.31494140625,REVOKE,read_set_version_changed_at_commit,55.59125589206815,,,5.386376287788153,5.53175900131464,13.084026984870434,55.737040005624294,60.9776321798563,
31,xair_atomic,1,0.0,50.0,before_recheck,0,1,0,0,0,616,616,before_check,0,,,,,57.81006906181574,59.342342894524336,8.872264996170998,10.02034917473793,changed,61.35302734375,REVOKE,read_set_version_changed_at_commit,56.05912394821644,,,4.452022258192301,4.589731339365244,12.300997972488403,54.83483709394932,60.51114620640874,
32,xair_atomic,0,,50.0,control,1,0,0,0,0,,617,control,0,,1.055089756846428,2.4540740996599197,60.49736076965928,58.04328666999936,59.44227101281285,,,committed,61.429931640625,EXECUTE,authorization_committed,55.656888987869024,55.67757831886411,0.020689330995082855,4.8362636007368565,,,54.92565780878067,60.49315258860588,60.513841919600964
33,xair_atomic,1,0.0,50.0,before_recheck,0,1,0,0,0,619,619,before_check,0,,,,,59.19509707018733,60.86290581151843,10.539482813328505,11.818181723356247,changed,62.97900390625,REVOKE,read_set_version_changed_at_commit,56.775127071887255,,,5.367118865251541,5.48962876200676,14.119470026344061,55.70730287581682,62.142245937138796,
34,xair_atomic,1,0.0,50.0,before_recheck,0,1,0,0,0,621,621,before_check,0,,,,,58.78115026280284,60.235328041017056,10.678694117814302,11.884546373039484,changed,62.39208984375,REVOKE,read_set_version_changed_at_commit,56.165603920817375,,,5.137578118592501,5.379261914640665,14.265503268688917,55.799426045268774,61.303182039409876,
35,xair_atomic,1,0.0,50.0,before_recheck,0,1,0,0,0,623,623,before_check,0,,,,,59.35053899884224,63.33659775555134,10.317416861653328,11.381472926586866,changed,62.89697265625,REVOKE,read_set_version_changed_at_commit,58.77051083371043,,,5.5246250703930855,5.633609835058451,13.38746678084135,55.82267977297306,64.29513590410352,
36,xair_atomic,0,,50.0,control,1,0,0,0,0,,624,control,0,,1.1358712799847126,2.6746983639895916,64.71737707033753,62.04267870634794,63.58150579035282,,,committed,65.6259765625,EXECUTE,authorization_committed,58.93857590854168,58.97390190511942,0.035325996577739716,5.769453942775726,,,55.87586900219321,64.7080298513174,64.74335584789515
37,xair_atomic,1,0.0,50.0,before_recheck,0,1,0,0,0,626,626,before_check,0,,,,,58.29449789598584,59.482506942003965,9.586605709046125,10.66189305856824,changed,62.074951171875,REVOKE,read_set_version_changed_at_commit,55.510745383799076,,,4.811045713722706,4.975253716111183,12.669719755649567,55.23066967725754,60.32179109752178,
38,xair_atomic,1,0.0,50.0,before_recheck,0,1,0,0,0,628,628,before_check,0,,,,,57.73153202608228,59.31419134140015,8.795632049441338,9.874225128442049,changed,61.4560546875,REVOKE,read_set_version_changed_at_commit,56.06638686731458,,,4.450370091944933,4.569373093545437,12.248460203409195,54.74025011062622,60.51675695925951,
39,xair_atomic,1,0.0,50.0,before_recheck,0,1,0,0,0,630,630,before_check,0,,,,,57.21001327037811,58.20768419653177,8.958427235484123,10.272452142089605,changed,60.02294921875,REVOKE,read_set_version_changed_at_commit,54.633339401334524,,,4.557950887829065,4.707692191004753,12.12433585897088,54.90584997460246,59.19129028916359,
40,xair_atomic,1,30.0,50.0,before_recheck,0,1,0,0,0,632,632,before_check,0,,,,,57.099354919046164,58.40910179540515,39.47001975029707,40.58672487735748,changed,61.172119140625,REVOKE,read_set_version_changed_at_commit,54.99958572909236,,,4.494200926274061,34.71296466886997,42.981437873095274,54.723016917705536,59.49378665536642,
41,xair_atomic,1,30.0,50.0,before_recheck,0,1,0,0,0,634,634,before_check,0,,,,,57.61039396747947,59.01867616921663,40.340043138712645,41.399721056222916,changed,61.325927734375,REVOKE,read_set_version_changed_at_commit,55.76638365164399,,,4.4165560975670815,34.7274630330503,43.77978574484587,54.766297806054354,60.18293974921107,
42,xair_atomic,0,,50.0,control,1,0,0,0,0,,635,control,0,,1.2089582160115242,2.6001683436334133,60.91192830353975,58.31175995990634,59.70297008752823,,,committed,62.488037109375,EXECUTE,authorization_committed,56.08869902789593,56.11844500526786,0.029745977371931076,4.816998261958361,,,54.93350187316537,60.90569728985429,60.93544326722622
43,xair_atomic,1,30.0,50.0,before_recheck,0,1,0,0,0,637,637,before_check,0,,,,,58.63235192373395,60.20054407417774,41.2969789467752,42.922197841107845,changed,62.487060546875,REVOKE,read_set_version_changed_at_commit,55.94889726489782,,,5.377438850700855,36.05642728507519,45.16997514292598,56.07365118339658,61.32633611559868,
44,xair_atomic,1,30.0,50.0,before_recheck,0,1,0,0,0,639,639,before_check,0,,,,,57.96145275235176,59.40377898514271,39.94230693206191,41.1914698779583,changed,61.0400390625,REVOKE,read_set_version_changed_at_commit,55.790781043469906,,,4.692282993346453,34.911587834358215,43.37680991739035,54.9205276183784,60.48306403681636,
45,xair_atomic,0,,50.0,control,1,0,0,0,0,,640,control,0,,1.1137588880956173,2.772421110421419,60.96188211813569,58.18946100771427,59.84812323004007,,,committed,62.673095703125,EXECUTE,authorization_committed,55.69370789453387,55.70933734998107,0.01562945544719696,5.264346953481436,,,55.35055510699749,60.95805484801531,60.973684303462505
46,xair_atomic,1,30.0,50.0,before_recheck,0,1,0,0,0,642,642,before_check,0,,,,,58.11001034453511,59.53805986791849,40.77637102454901,41.77349200472236,changed,61.535888671875,REVOKE,read_set_version_changed_at_commit,56.040158960968256,,,4.936761222779751,35.189869813621044,43.7742848880589,55.23588880896568,60.97692018374801,
47,xair_atomic,1,30.0,50.0,before_recheck,0,1,0,0,0,644,644,before_check,0,,,,,61.15633714944124,63.9145621098578,44.05493289232254,45.35102425143123,changed,66.091064453125,REVOKE,read_set_version_changed_at_commit,56.99671292677522,,,7.85756204277277,38.18609192967415,47.89411509409547,58.175995014607906,64.85427496954799,
48,xair_atomic,0,,50.0,control,1,0,0,0,0,,645,control,0,,1.2735789641737938,2.8002429753541946,60.48550829291344,57.68526531755924,59.21192932873964,,,committed,61.636962890625,EXECUTE,authorization_committed,55.6747829541564,55.6994890794158,0.024706125259399414,4.804464057087898,,,54.90245437249541,60.4792470112443,60.503953136503696
49,xair_atomic,0,,50.0,control,1,0,0,0,0,,646,control,0,,1.0822312906384468,2.4201213382184505,59.40098408609629,56.980862747877836,58.31875279545784,,,committed,60.449951171875,EXECUTE,authorization_committed,55.028149858117104,55.04646385088563,0.018313992768526077,4.368626046925783,,,54.44939387962222,59.39677590504289,59.41508989781141
50,xair_atomic,1,30.0,50.0,before_recheck,0,1,0,0,0,648,648,before_check,0,,,,,57.97855509445071,59.21224923804402,40.49733793362975,41.83521820232272,changed,63.18505859375,REVOKE,read_set_version_changed_at_commit,54.78376103565097,,,5.2222879603505135,35.4752060957253,43.61324431374669,55.502419359982014,60.00604899600148,
51,xair_atomic,1,30.0,50.0,before_recheck,0,1,0,0,0,650,650,before_check,0,,,,,56.79513420909643,58.153241872787476,38.79685699939728,39.880409836769104,changed,59.72412109375,REVOKE,read_set_version_changed_at_commit,54.701095912605524,,,4.369507078081369,34.54223508015275,41.4121737703681,54.551534820348024,59.07060299068689,
52,xair_atomic,1,30.0,50.0,before_recheck,0,1,0,0,0,652,652,before_check,0,,,,,57.72733315825462,58.874154929071665,39.770585019141436,40.94587918370962,changed,61.22412109375,REVOKE,read_set_version_changed_at_commit,55.16451597213745,,,4.736035130918026,34.94969988241792,43.24681591242552,54.97255502268672,59.90055110305548,
53,xair_atomic,1,30.0,50.0,before_recheck,0,1,0,0,0,654,654,before_check,0,,,,,56.93348404020071,58.339822106063366,39.326841942965984,40.20745400339365,changed,60.544921875,REVOKE,read_set_version_changed_at_commit,54.949340876191854,,,4.319353960454464,34.558715764433146,42.16953506693244,54.57938788458705,59.26869483664632,
54,xair_atomic,0,,50.0,control,1,0,0,0,0,,655,control,0,,1.0917792096734047,2.6539601385593414,60.021388344466686,57.367428205907345,58.92960913479328,,,committed,61.2080078125,EXECUTE,authorization_committed,55.58833014219999,55.608076974749565,0.01974683254957199,4.42814826965332,,,54.50402619317174,60.01647841185331,60.036225244402885
55,xair_atomic,1,30.0,50.0,before_recheck,0,1,0,0,0,657,657,before_check,0,,,,,57.98934539780021,59.15461108088493,41.120597161352634,42.44285821914673,changed,61.89306640625,REVOKE,read_set_version_changed_at_commit,54.926367942243814,,,5.1979320123791695,35.44561006128788,44.904827140271664,55.45350816100836,60.124299954622984,
56,xair_atomic,0,,50.0,control,1,0,0,0,0,,658,control,0,,1.015394926071167,2.241135109215975,59.2942638322711,57.053128723055124,58.27886890619993,,,committed,60.424072265625,EXECUTE,authorization_committed,54.78445207700133,54.804941173642874,0.020489096641540527,4.504420794546604,,,54.59187086671591,59.28887287154794,59.30936196818948
57,xair_atomic,1,30.0,50.0,before_recheck,0,1,0,0,0,660,660,before_check,0,,,,,57.201897259801626,58.45256382599473,39.81687081977725,41.14284925162792,changed,60.389892578125,REVOKE,read_set_version_changed_at_commit,54.97059132903814,,,4.540728870779276,34.850102849304676,43.415673077106476,54.87496219575405,59.51132019981742,
58,xair_atomic,1,30.0,50.0,before_recheck,0,1,0,0,0,662,662,before_check,0,,,,,57.39772506058216,58.66299895569682,40.1010038331151,41.3396880030632,changed,60.708984375,REVOKE,read_set_version_changed_at_commit,55.10480282828212,,,4.467782098799944,34.77704618126154,43.825591914355755,54.79724612087011,59.57258492708206,
59,xair_atomic,1,30.0,50.0,before_recheck,0,1,0,0,0,664,664,before_check,0,,,,,56.70918291434646,58.21145186200738,39.917940739542246,41.091912891715765,changed,60.75390625,REVOKE,read_set_version_changed_at_commit,54.74200285971165,,,4.336264915764332,34.60817877203226,43.097976595163345,54.63016266003251,59.07826777547598,
60,xair_atomic,1,30.0,50.0,before_recheck,0,1,0,0,0,666,666,before_check,0,,,,,58.10941010713577,60.14261534437537,39.99565728008747,41.18789313361049,changed,61.924072265625,REVOKE,read_set_version_changed_at_commit,56.465866044163704,,,4.787943325936794,35.053804982453585,43.36185194551945,55.098101031035185,61.2538093701005,
61,xair_atomic,1,30.0,50.0,before_recheck,0,1,0,0,0,668,668,before_check,0,,,,,57.012151926755905,58.60418826341629,39.7716062143445,40.766272228211164,changed,62.02197265625,REVOKE,read_set_version_changed_at_commit,55.55820418521762,,,4.138905089348555,34.50313210487366,42.87160187959671,54.51885424554348,59.697109274566174,
62,xair_atomic,0,,50.0,control,1,0,0,0,0,,669,control,0,,1.0250229388475418,2.5975536555051804,60.33110897988081,57.73355532437563,59.30608604103327,,,committed,61.04296875,EXECUTE,authorization_committed,55.75635563582182,55.78257469460368,0.02621905878186226,4.568271338939667,,,54.65228529646993,60.324626974761486,60.35084603354335
63,xair_atomic,0,,50.0,control,1,0,0,0,0,,670,control,0,,1.0992931202054024,2.694305032491684,60.90226070955396,58.20795567706227,59.802967589348555,,,committed,61.873046875,EXECUTE,authorization_committed,55.77600281685591,55.79164205119014,0.015639234334230423,5.12147881090641,,,55.18040573224425,60.89748162776232,60.91312086209655
64,xair_atomic,0,,50.0,control,1,0,0,0,0,,671,control,0,,1.209178939461708,2.7509909123182297,61.834859661757946,59.083868749439716,60.62568072229624,,,committed,63.98291015625,EXECUTE,authorization_committed,56.13049818202853,56.15166807547212,0.021169893443584442,5.6985607370734215,,,55.799636989831924,61.82905891910195,61.85022881254554
65,xair_atomic,1,30.0,50.0,before_recheck,0,1,0,0,0,673,673,before_check,0,,,,,58.474335353821516,60.100045055150986,41.96044337004423,45.68885825574398,changed,65.77490234375,REVOKE,read_set_version_changed_at_commit,55.62141165137291,,,5.426631309092045,35.70914501324296,48.22752112522721,55.703807156533,61.048042960464954,
66,xair_atomic,1,30.0,50.0,before_recheck,0,1,0,0,0,675,675,before_check,0,,,,,57.68082616850734,59.0467993170023,40.44665303081274,41.39358922839165,changed,61.427001953125,REVOKE,read_set_version_changed_at_commit,55.3680369630456,,,4.76163299754262,35.024059005081654,43.542040046304464,55.03020295873284,60.12966996058822,
67,xair_atomic,1,30.0,50.0,before_recheck,0,1,0,0,0,677,677,before_check,0,,,,,58.37519885972142,60.04508212208748,40.642410051077604,41.567024774849415,changed,61.91796875,REVOKE,read_set_version_changed_at_commit,55.8580057695508,,,5.340198986232281,35.61332495883107,43.71029604226351,55.647901725023985,61.19820475578308,
68,xair_atomic,1,30.0,50.0,before_recheck,0,1,0,0,0,679,679,before_check,0,,,,,57.64710297808051,59.02706179767847,40.322860702872276,41.49112291634083,changed,61.26904296875,REVOKE,read_set_version_changed_at_commit,55.923448875546455,,,4.375198855996132,34.62079260498285,44.39554177224636,54.61269989609718,60.29864773154259,
69,xair_atomic,1,30.0,50.0,before_recheck,0,1,0,0,0,681,681,before_check,0,,,,,59.78677701205015,61.40452204272151,41.441147681325674,42.57552605122328,changed,64.238037109375,REVOKE,read_set_version_changed_at_commit,56.77076894789934,,,6.034881807863712,36.34770167991519,44.55583170056343,56.43802369013429,62.805650755763054,
70,xair_atomic,1,30.0,50.0,before_recheck,0,1,0,0,0,683,683,before_check,0,,,,,59.05231926590204,60.625491198152304,42.24057914689183,43.70604828000069,changed,62.60205078125,REVOKE,read_set_version_changed_at_commit,56.22792989015579,,,5.612580105662346,35.88081710040569,46.24486109241843,55.89216109365225,61.84050999581814,
71,xair_atomic,1,30.0,50.0,before_recheck,0,1,0,0,0,685,685,before_check,0,,,,,58.38980711996555,59.975752141326666,40.74339987710118,42.190234176814556,changed,63.06689453125,REVOKE,read_set_version_changed_at_commit,55.55374454706907,,,5.464683286845684,35.64596688374877,44.661992229521275,55.66438427194953,61.01842783391476,
72,xair_atomic,0,,50.0,control,1,0,0,0,0,,686,control,0,,1.1067562736570835,2.609055023640394,60.22427789866924,57.61522287502885,59.11752162501216,,,committed,60.81005859375,EXECUTE,authorization_committed,55.52903888747096,55.542223155498505,0.013184268027544022,4.691892769187689,,,54.77849068120122,60.22093165665865,60.23411592468619
73,xair_atomic,1,30.0,50.0,before_recheck,0,1,0,0,0,688,688,before_check,0,,,,,57.739677373319864,59.09615196287632,39.77206815034151,41.11387534067035,changed,61.635009765625,REVOKE,read_set_version_changed_at_commit,55.11410115286708,,,4.928587004542351,35.10798700153828,43.134316336363554,55.10755907744169,60.04268815740943,
74,xair_atomic,1,30.0,50.0,before_recheck,0,1,0,0,0,690,690,before_check,0,,,,,57.48429708182812,58.77803498879075,39.9669730104506,41.443191934376955,changed,60.8779296875,REVOKE,read_set_version_changed_at_commit,55.27057405561209,,,4.580574110150337,34.74951395764947,43.60359627753496,54.74404618144035,59.851148165762424,
75,xair_atomic,1,30.0,50.0,before_recheck,0,1,0,0,0,692,692,before_check,0,,,,,59.32692484930158,60.77574286609888,43.96158689633012,45.290480833500624,changed,63.06396484375,REVOKE,read_set_version_changed_at_commit,56.211750023067,,,5.525085609406233,35.686051938682795,47.61174600571394,55.682236794382334,61.73683563247323,
76,xair_atomic,1,30.0,50.0,before_recheck,0,1,0,0,0,694,694,before_check,0,,,,,60.99659716710448,62.31816625222564,43.53780206292868,44.80389691889286,changed,65.029052734375,REVOKE,read_set_version_changed_at_commit,54.64062234386802,,,8.581649977713823,38.728229235857725,47.11547400802374,58.73258924111724,63.22227232158184,
77,xair_atomic,1,30.0,50.0,before_recheck,0,1,0,0,0,696,696,before_check,0,,,,,58.96036699414253,60.49764109775424,41.585189290344715,42.72767202928662,changed,62.248046875,REVOKE,read_set_version_changed_at_commit,56.62641813978553,,,5.208190996199846,35.43935902416706,45.07045820355415,55.47976726666093,61.834609135985374,
78,xair_atomic,1,30.0,50.0,before_recheck,0,1,0,0,0,698,698,before_check,0,,,,,58.09072498232126,59.53095806762576,40.189229883253574,41.68531717732549,changed,61.9599609375,REVOKE,read_set_version_changed_at_commit,55.608718656003475,,,4.988028202205896,35.19899817183614,44.018885120749474,55.20445108413696,60.59674685820937,
79,xair_atomic,1,30.0,50.0,before_recheck,0,1,0,0,0,700,700,before_check,0,,,,,57.906930800527334,59.3278668820858,39.647964760661125,40.663258638232946,changed,61.9189453125,REVOKE,read_set_version_changed_at_commit,55.0552299246192,,,5.142247769981623,35.310827661305666,42.96257300302386,55.325428023934364,60.19747769460082,
80,xair_atomic,1,40.0,50.0,before_recheck,0,1,0,0,0,702,702,before_check,0,,,,,57.26125929504633,58.527614921331406,50.400557927787304,51.703101955354214,changed,61.010986328125,REVOKE,read_set_version_changed_at_commit,54.690135177224874,,,4.798463080078363,45.63924530521035,53.7740970030427,55.019183084368706,59.48859825730324,
81,xair_atomic,1,40.0,50.0,before_recheck,0,1,0,0,0,704,704,before_check,0,,,,,57.76585591956973,59.04705869033933,50.02752784639597,51.074621733278036,changed,61.75,REVOKE,read_set_version_changed_at_commit,55.51044410094619,,,4.681783728301525,44.92679797112942,53.18760592490435,54.95878867805004,60.19222782924771,
82,xair_atomic,1,40.0,50.0,before_recheck,0,1,0,0,0,706,706,before_check,0,,,,,57.822362054139376,59.14354091510177,50.10637594386935,51.17724509909749,changed,61.823974609375,REVOKE,read_set_version_changed_at_commit,54.92017697542906,,,5.175028927624226,45.41296977549791,53.36266476660967,55.433239787817,60.095205903053284,
83,xair_atomic,1,40.0,50.0,before_recheck,0,1,0,0,0,708,708,before_check,0,,,,,57.15772369876504,58.799984864890575,49.301865976303816,50.37179309874773,changed,61.551025390625,REVOKE,read_set_version_changed_at_commit,55.20808603614569,,,4.540147725492716,44.77048385888338,52.63469880446792,54.78446185588837,59.7482337616384,
84,xair_atomic,1,40.0,50.0,before_recheck,0,1,0,0,0,710,710,before_check,0,,,,,57.81506793573499,59.16132405400276,50.50067510455847,51.81896919384599,changed,61.7041015625,REVOKE,read_set_version_changed_at_commit,55.447996594011784,,,4.708464257419109,45.0130901299417,54.063839837908745,55.054950062185526,60.15646085143089,
85,xair_atomic,1,40.0,50.0,before_recheck,0,1,0,0,0,712,712,before_check,0,,,,,56.80415080860257,58.07132879272103,49.51506573706865,50.580895971506834,changed,60.595947265625,REVOKE,read_set_version_changed_at_commit,54.476254153996706,,,4.558461718261242,44.81854476034641,52.38316673785448,54.81573101133108,59.03471587225795,
86,xair_atomic,1,40.0,50.0,before_recheck,0,1,0,0,0,714,714,before_check,0,,,,,56.715695187449455,57.901380117982626,49.520927015691996,50.76311808079481,changed,60.681884765625,REVOKE,read_set_version_changed_at_commit,54.598412942141294,,,4.191093146800995,44.43419398739934,53.050458896905184,54.42211218178272,58.78950608894229,
87,xair_atomic,1,40.0,50.0,before_recheck,0,1,0,0,0,716,716,before_check,0,,,,,57.48211406171322,58.997557032853365,50.109933130443096,51.560023333877325,changed,61.24609375,REVOKE,read_set_version_changed_at_commit,55.31350523233414,,,4.693496040999889,44.906029012054205,53.84394805878401,54.90972800180316,60.007001273334026,
88,xair_atomic,1,40.0,50.0,before_recheck,0,1,0,0,0,718,718,before_check,0,,,,,57.05220717936754,58.40134806931019,49.68979395925999,51.005412358790636,changed,60.282958984375,REVOKE,read_set_version_changed_at_commit,54.9488109536469,,,4.36557037755847,44.6388372220099,53.34291700273752,54.664306342601776,59.31438133120537,
89,xair_atomic,0,,50.0,control,1,0,0,0,0,,719,control,0,,0.8941367268562317,2.419829834252596,60.017048846930265,57.59721901267767,59.122912120074034,,,committed,60.97412109375,EXECUTE,authorization_committed,55.2750532515347,55.29394932091236,0.01889606937766075,4.737767856568098,,,54.82000904157758,60.0128211081028,60.03171717748046
90,xair_atomic,1,40.0,50.0,before_recheck,0,1,0,0,0,721,721,before_check,0,,,,,57.66183137893677,58.89052618294954,50.77065201476216,51.95815023034811,changed,61.34912109375,REVOKE,read_set_version_changed_at_commit,55.15761207789183,,,4.743440076708794,45.038949232548475,54.41223410889506,55.05522107705474,59.90105215460062,
91,xair_atomic,0,,50.0,control,1,0,0,0,0,,722,control,0,,0.971662811934948,2.277032006531954,60.40537776425481,58.128345757722855,59.43371495231986,,,committed,62.47802734375,EXECUTE,authorization_committed,54.92902360856533,54.94887102395296,0.019847415387630463,5.47188613563776,,,55.555658880621195,60.40090974420309,60.42075715959072
92,xair_atomic,1,40.0,50.0,before_recheck,0,1,0,0,0,724,724,before_check,0,,,,,57.40740289911628,58.63646883517504,50.381500739604235,51.509597804397345,changed,61.492919921875,REVOKE,read_set_version_changed_at_commit,54.95732603594661,,,4.635646939277649,44.90628885105252,53.769828751683235,54.91382488980889,59.59297297522426,
93,xair_atomic,1,40.0,50.0,before_recheck,0,1,0,0,0,726,726,before_check,0,,,,,58.183519169688225,59.34606119990349,50.241710152477026,51.60319432616234,changed,61.41796875,REVOKE,read_set_version_changed_at_commit,55.17455376684666,,,5.054413340985775,45.302273239940405,53.63613832741976,55.34856114536524,60.22896710783243,
94,xair_atomic,0,,50.0,control,1,0,0,0,0,,727,control,0,,0.8113519288599491,2.1319501101970673,59.494168031960726,57.36221792176366,58.68281610310078,,,committed,61.06298828125,EXECUTE,authorization_committed,54.80234511196613,54.816702380776405,0.014357268810272217,4.68769483268261,,,54.76637789979577,59.49003994464874,59.504397213459015
95,xair_atomic,0,,50.0,control,1,0,0,0,0,,728,control,0,,0.9952778927981853,2.427734900265932,60.01898320391774,57.59124830365181,59.023705311119556,,,committed,61.087890625,EXECUTE,authorization_committed,54.95357885956764,54.9656618386507,0.012082979083061218,5.062638316303492,,,55.13628199696541,60.016217175871134,60.028300154954195
96,xair_atomic,0,,50.0,control,1,0,0,0,0,,729,control,0,,1.0351119562983513,2.608954906463623,60.90579694136977,58.29684203490615,59.87068498507142,,,committed,62.652099609375,EXECUTE,authorization_committed,55.75748812407255,55.770081002265215,0.012592878192663193,5.145012866705656,,,55.27223693206906,60.90250099077821,60.91509386897087
97,xair_atomic,0,,50.0,control,1,0,0,0,0,,730,control,0,,1.1243699118494987,2.545556053519249,60.19269907847047,57.64714302495122,59.06832916662097,,,committed,61.173095703125,EXECUTE,authorization_committed,55.492359679192305,55.519099812954664,0.02674013376235962,4.6936264261603355,,,54.780264385044575,60.18598610535264,60.212726239115
98,xair_atomic,0,,50.0,control,1,0,0,0,0,,731,control,0,,1.1695139110088348,2.952910028398037,60.419533867388964,57.46662383899093,59.25001995638013,,,committed,60.486083984375,EXECUTE,authorization_committed,55.97244203090668,55.99243892356753,0.019996892660856247,4.441031254827976,,,54.530606139451265,60.41347328573465,60.43347017839551
99,xair_atomic,1,40.0,50.0,before_recheck,0,1,0,0,0,733,733,before_check,0,,,,,60.349243227392435,61.53127085417509,50.69276597350836,51.865076180547476,changed,63.74609375,REVOKE,read_set_version_changed_at_commit,57.18274228274822,,,5.426480900496244,45.66578520461917,54.34000911191106,55.70595106109977,62.60922318324447,
100,xair_atomic,1,40.0,50.0,before_recheck,0,1,0,0,0,735,735,before_check,0,,,,,57.35169816762209,58.84229484945536,50.66822888329625,51.995580084621906,changed,61.261962890625,REVOKE,read_set_version_changed_at_commit,55.149235762655735,,,4.677065182477236,44.88405818119645,54.44799084216356,54.8752318136394,59.82630094513297,
101,xair_atomic,1,40.0,50.0,before_recheck,0,1,0,0,0,737,737,before_check,0,,,,,57.24904593080282,58.60772496089339,50.10145576670766,51.38174816966057,changed,60.722900390625,REVOKE,read_set_version_changed_at_commit,54.876574780792,,,4.581335000693798,44.7677499614656,53.47557691857219,54.78930100798607,59.457909781485796,
102,xair_atomic,1,40.0,50.0,concurrent,0,1,0,0,0,739,739,before_check,0,,,,,58.31235088407993,59.655430261045694,51.43455695360899,55.9047139249742,changed,64.333984375,REVOKE,read_set_version_changed_at_commit,54.994706995785236,,,5.610165186226368,45.84609204903245,57.94599326327443,55.874235928058624,60.604872182011604,
103,xair_atomic,1,40.0,50.0,before_recheck,0,1,0,0,0,741,741,before_check,0,,,,,59.08302729949355,60.90275105088949,51.49177508428693,52.916879300028086,changed,63.384033203125,REVOKE,read_set_version_changed_at_commit,56.81473109871149,,,5.284074228256941,45.5814772285521,54.95727714151144,55.599392391741276,62.09880532696843,
104,xair_atomic,1,40.0,50.0,before_recheck,0,1,0,0,0,743,743,before_check,0,,,,,57.445735204964876,58.69384715333581,50.42153736576438,51.48241715505719,changed,61.681884765625,REVOKE,read_set_version_changed_at_commit,55.356104858219624,,,4.394104238599539,44.67296227812767,53.66169614717364,54.69883233308792,59.75020909681916,
105,xair_atomic,1,40.0,50.0,before_recheck,0,1,0,0,0,745,745,before_check,0,,,,,57.400270365178585,58.40612715110183,49.96864730492234,51.10013019293547,changed,60.969970703125,REVOKE,read_set_version_changed_at_commit,54.35321293771267,,,4.905794281512499,45.05973728373647,53.293966222554445,55.088141933083534,59.25900721922517,
106,xair_atomic,1,40.0,50.0,before_recheck,0,1,0,0,0,747,747,before_check,0,,,,,58.17763786762953,59.576261788606644,51.55512411147356,52.74603795260191,changed,63.10791015625,REVOKE,read_set_version_changed_at_commit,54.609383922070265,,,5.677421111613512,45.91041291132569,55.32561708241701,55.911666713654995,60.28680503368378,
107,xair_atomic,1,40.0,50.0,before_recheck,0,1,0,0,0,749,749,before_check,0,,,,,56.900962721556425,58.11516102403402,49.850004725158215,51.230425015091896,changed,62.52490234375,REVOKE,read_set_version_changed_at_commit,54.49241399765015,,,4.5911637134850025,44.746148865669966,53.35324676707387,54.7464806586504,59.08357771113515,
108,xair_atomic,0,,50.0,control,1,0,0,0,0,,750,control,0,,0.8228840306401253,2.0390059798955917,59.33762528002262,57.29861930012703,58.514741249382496,,,committed,60.34912109375,EXECUTE,authorization_committed,54.62914099916816,54.646513890475035,0.017372891306877136,4.703805316239595,,,54.79299928992987,59.33294631540775,59.35031920671463
109,xair_atomic,1,40.0,50.0,before_recheck,0,1,0,0,0,752,752,before_check,0,,,,,58.18973062559962,59.63155580684543,51.56012298539281,52.7437636628747,changed,61.341064453125,REVOKE,read_set_version_changed_at_commit,55.58490380644798,,,5.072026047855616,45.432055834680796,55.303184781223536,55.43118575587869,60.6569298543036,
110,xair_atomic,1,40.0,50.0,concurrent,0,1,0,0,0,754,754,before_check,0,,,,,57.062276173383,58.4540069103241,51.61275202408433,53.21971699595451,changed,60.39892578125,REVOKE,read_set_version_changed_at_commit,54.42206282168627,,,4.748158156871796,45.206012204289436,55.61887798830867,54.91061881184578,59.17022097855806,
111,xair_atomic,1,40.0,50.0,before_recheck,0,1,0,0,0,756,756,before_check,0,,,,,57.36394179984927,58.64577600732446,50.32351287081838,51.31618492305279,changed,60.947021484375,REVOKE,read_set_version_changed_at_commit,54.62898965924978,,,4.769388120621443,44.94435107335448,53.8113359361887,54.939572699368,59.398377779871225,
112,xair_atomic,1,40.0,50.0,before_recheck,0,1,0,0,0,758,758,before_check,0,,,,,57.703958824276924,58.9376138523221,50.63024815171957,52.03846003860235,changed,60.89111328125,REVOKE,read_set_version_changed_at_commit,54.87260781228542,,,5.106499884277582,45.286031905561686,54.31178491562605,55.27973081916571,59.979107696563005,
113,xair_atomic,1,40.0,50.0,concurrent,0,1,0,0,0,760,760,before_check,0,,,,,57.003896217793226,58.07632813230157,52.1569331176579,53.6044891923666,changed,60.531982421875,REVOKE,read_set_version_changed_at_commit,54.727925918996334,,,4.393653012812138,44.56566134467721,55.601966101676226,54.56574214622378,59.12157893180847,
114,xair_atomic,1,40.0,50.0,before_recheck,0,1,0,0,0,762,762,before_check,0,,,,,57.44956200942397,59.13250986486673,50.15452578663826,51.30383186042309,changed,60.993896484375,REVOKE,read_set_version_changed_at_commit,55.317712016403675,,,4.811837803572416,44.9900571256876,53.53543907403946,54.9892159178853,60.12954981997609,
115,xair_atomic,1,40.0,50.0,before_recheck,0,1,0,0,0,764,764,before_check,0,,,,,57.11057595908642,58.50672489032149,49.61951123550534,51.04423454031348,changed,60.742919921875,REVOKE,read_set_version_changed_at_commit,55.07492693141103,,,4.367122892290354,44.522248674184084,53.299215622246265,54.52424380928278,59.44204982370138,
116,xair_atomic,0,,50.0,control,1,0,0,0,0,,765,control,0,,1.0871198028326035,2.332736738026142,59.77249098941684,57.439754251390696,58.685371186584234,,,committed,60.4189453125,EXECUTE,authorization_committed,55.066762026399374,55.08427508175373,0.017513055354356766,4.702392034232616,,,54.784052073955536,59.76915406063199,59.78666711598635
117,xair_atomic,1,40.0,50.0,concurrent,0,1,0,0,0,767,767,before_check,0,,,,,57.274994906038046,58.47943527624011,51.85551708564162,53.121432196348906,changed,60.4599609375,REVOKE,read_set_version_changed_at_commit,54.97782491147518,,,4.580453969538212,44.755387119948864,55.16634928062558,54.75674103945494,59.55827888101339,
118,xair_atomic,0,,50.0,control,1,0,0,0,0,,768,control,0,,1.169273629784584,2.833345904946327,61.354467645287514,58.52112174034119,60.18519401550293,,,committed,63.0380859375,EXECUTE,authorization_committed,56.46251002326608,56.48429086431861,0.021780841052532196,4.886827897280455,,,54.98158186674118,61.34933792054653,61.371118761599064
119,xair_atomic,1,40.0,50.0,before_recheck,0,1,0,0,0,770,770,before_check,0,,,,,57.48862586915493,58.83909994736314,50.06641102954745,51.399512216448784,changed,61.092041015625,REVOKE,read_set_version_changed_at_commit,54.61148824542761,,,5.18624996766448,45.3595002181828,53.456271067261696,55.3612750954926,59.79773821309209,
120,xair_atomic,1,45.0,50.0,concurrent,0,1,0,0,0,772,772,before_check,0,,,,,58.85991873219609,60.17574667930603,56.04489799588919,57.209011632949114,changed,63.056884765625,REVOKE,read_set_version_changed_at_commit,55.8584569953382,,,5.416872911155224,50.675222650170326,59.32634370401502,55.69564178586006,61.275329906493425,
121,xair_atomic,1,45.0,50.0,concurrent,0,1,0,0,0,774,774,before_check,0,,,,,58.61979769542813,59.91645995527506,55.80901447683573,57.0343229919672,changed,62.6259765625,REVOKE,read_set_version_changed_at_commit,56.50939792394638,,,4.470326937735081,49.728385638445616,59.24697360023856,54.73967781290412,60.97972486168146,
122,xair_atomic,1,45.0,50.0,concurrent,0,1,0,0,0,776,776,before_check,0,,,,,58.66895988583565,59.87936072051525,55.98818091675639,57.28244874626398,changed,63.488037109375,REVOKE,read_set_version_changed_at_commit,56.318660732358694,,,4.837756045162678,50.14860490337014,60.0500307045877,55.18530402332544,61.15641677752137,
123,xair_atomic,0,,50.0,control,1,0,0,0,0,,777,control,0,,0.6232685409486294,1.9783806055784225,59.128401800990105,57.15002119541168,58.505133260041475,,,committed,60.4970703125,EXECUTE,authorization_committed,54.48666261509061,54.50234282761812,0.015680212527513504,4.637311212718487,,,54.72040316089988,59.123973827809095,59.13965404033661
124,xair_atomic,0,,50.0,control,1,0,0,0,0,,778,control,0,,0.9907986968755722,2.7617118321359158,60.04410982131958,57.282397989183664,59.05331112444401,,,committed,61.535888671875,EXECUTE,authorization_committed,55.871511809527874,55.89527590200305,0.023764092475175858,4.165695048868656,,,54.25171181559563,60.03720685839653,60.060970950871706
125,xair_atomic,0,,50.0,control,1,0,0,0,0,,779,control,0,,1.2648929841816425,2.8069261461496353,60.8161692507565,58.00924310460687,59.55127626657486,,,committed,62.199951171875,EXECUTE,authorization_committed,55.842877831310034,55.87472813203931,0.03185030072927475,4.954606294631958,,,55.04726618528366,60.79748412594199,60.82933442667127
126,xair_atomic,1,45.0,50.0,concurrent,0,1,0,0,0,781,781,before_check,0,,,,,57.715962175279856,59.28004626184702,54.92711998522282,56.06836127117276,changed,60.98388671875,REVOKE,read_set_version_changed_at_commit,55.68733578547835,,,4.496095236390829,49.63297722861171,58.3773129619658,54.68021705746651,60.18343102186918,
127,xair_atomic,1,45.0,50.0,concurrent,0,1,0,0,0,783,783,before_check,0,,,,,57.26107815280557,58.45355615019798,54.88939909264445,55.76656386256218,changed,60.7470703125,REVOKE,read_set_version_changed_at_commit,54.73782494664192,,,4.649002104997635,49.80642208829522,58.164583053439856,54.80271624401212,59.38682705163956,
128,xair_atomic,1,45.0,50.0,concurrent,0,1,0,0,0,785,785,before_check,0,,,,,59.82335610315204,61.18106283247471,56.81526195257902,58.182356879115105,changed,63.406982421875,REVOKE,read_set_version_changed_at_commit,56.83485884219408,,,5.222077015787363,50.52825715392828,60.98322197794914,55.54439825937152,62.05693585798144,
129,xair_atomic,0,,50.0,control,1,0,0,0,0,,786,control,0,,1.1956728994846344,2.898797858506441,61.78108882158995,58.882290963083506,60.58541592210531,,,committed,62.6669921875,EXECUTE,authorization_committed,56.084520649164915,56.09899805858731,0.014477409422397614,5.693152081221342,,,55.77843775972724,61.77767273038626,61.792150139808655
130,xair_atomic,1,45.0,50.0,concurrent,0,1,0,0,0,788,788,before_check,0,,,,,58.752307202667,60.18625712022185,55.588070303201675,57.0496222935617,changed,62.97900390625,REVOKE,read_set_version_changed_at_commit,56.19197338819504,,,4.991604946553707,50.17380230128765,59.58974827080965,55.169315077364445,61.183578334748745,
131,xair_atomic,1,45.0,50.0,concurrent,0,1,0,0,0,790,790,before_check,0,,,,,58.15991526469588,59.461687225848436,55.9529853053391,57.136595249176025,changed,61.69091796875,REVOKE,read_set_version_changed_at_commit,55.217744782567024,,,5.1930733025074005,50.38914596661925,59.23567293211818,55.369831155985594,60.410818085074425,
132,xair_atomic,0,,50.0,control,1,0,0,0,0,,791,control,0,,1.1714668944478035,2.499860245734453,60.35797903314233,57.858118787407875,59.186512138694525,,,committed,62.196044921875,EXECUTE,authorization_committed,55.42781017720699,55.442247074097395,0.01443689689040184,4.926041699945927,,,55.0056379288435,60.35385187715292,60.36828877404332
133,xair_atomic,1,45.0,50.0,concurrent,0,1,0,0,0,793,793,before_check,0,,,,,57.977513410151005,59.123493265360594,55.245647206902504,56.3917881809175,changed,61.31591796875,REVOKE,read_set_version_changed_at_commit,55.007451213896275,,,5.154469981789589,50.323122180998325,58.527094312012196,55.33108813688159,60.16192119568586,
134,xair_atomic,1,45.0,50.0,concurrent,0,1,0,0,0,795,795,before_check,0,,,,,58.386420365422964,59.73645346239209,55.71093037724495,56.79344106465578,changed,61.736083984375,REVOKE,read_set_version_changed_at_commit,55.12521229684353,,,5.43214101344347,50.589592196047306,58.801308274269104,55.588149931281805,60.557353310287,
135,xair_atomic,0,,50.0,control,1,0,0,0,0,,796,control,0,,0.9729550220072269,2.2002877667546272,59.57541987299919,57.375132106244564,58.602464850991964,,,committed,60.52392578125,EXECUTE,authorization_committed,54.78820903226733,54.80887787416577,0.020668841898441315,4.782813135534525,,,54.865153040736914,59.57102216780186,59.5916910097003
136,xair_atomic,1,45.0,50.0,concurrent,0,1,0,0,0,798,798,before_check,0,,,,,57.59499501436949,58.806227054446936,54.97591104358435,56.18005013093352,changed,61.208984375,REVOKE,read_set_version_changed_at_commit,55.214088410139084,,,4.522233735769987,49.77073473855853,58.69234399870038,54.787907749414444,59.73632214590907,
137,xair_atomic,1,45.0,50.0,concurrent,0,1,0,0,0,800,800,before_check,0,,,,,57.85947106778622,59.40878810361028,55.18802907317877,56.46184924989939,changed,61.1689453125,REVOKE,read_set_version_changed_at_commit,55.87945692241192,,,4.485134035348892,49.75229129195213,59.08970907330513,54.744006134569645,60.36459095776081,
138,xair_atomic,1,45.0,50.0,concurrent,0,1,0,0,0,802,802,before_check,0,,,,,57.30562284588814,58.67014266550541,54.92646899074316,56.081275921314955,changed,60.464111328125,REVOKE,read_set_version_changed_at_commit,55.206894874572754,,,4.3668728321790695,49.57582103088498,58.47049783915281,54.57852594554424,59.57376770675182,
139,xair_atomic,1,45.0,50.0,concurrent,0,1,0,0,0,804,804,before_check,0,,,,,57.29022389277816,58.71778214350343,54.69190888106823,55.86701398715377,changed,60.97900390625,REVOKE,read_set_version_changed_at_commit,55.233695078641176,,,4.479874856770039,49.70620526000857,58.49690781906247,54.705845192074776,59.713569935411215,
140,xair_atomic,1,45.0,50.0,concurrent,0,1,0,0,0,806,806,before_check,0,,,,,57.73411598056555,58.927705977112055,54.90629142150283,56.02663289755583,changed,60.428955078125,REVOKE,read_set_version_changed_at_commit,55.26131624355912,,,4.506275057792664,49.689564388245344,58.59334813430905,54.69902232289314,59.767591301351786,
141,xair_atomic,0,,50.0,control,1,0,0,0,0,,807,control,0,,0.8809017017483711,2.244179602712393,60.72251172736287,58.47833212465048,59.8416100256145,,,committed,62.969970703125,EXECUTE,authorization_committed,55.2783589810133,55.30963698402047,0.03127800300717354,5.43677993118763,,,55.52549194544554,60.71513891220093,60.7464169152081
142,xair_atomic,1,45.0,50.0,concurrent,0,1,0,0,0,809,809,before_check,0,,,,,57.435316033661366,58.59110411256552,55.231130216270685,56.4458891749382,changed,61.860107421875,REVOKE,read_set_version_changed_at_commit,54.71030296757817,,,4.848456010222435,50.046232994645834,58.67942003533244,55.05265528336167,59.55875897780061,
143,xair_atomic,1,45.0,50.0,concurrent,0,1,0,0,0,811,811,before_check,0,,,,,58.21252381429076,59.28640905767679,55.679391138255596,57.099576108157635,changed,62.09912109375,REVOKE,read_set_version_changed_at_commit,55.60750560835004,,,4.817088134586811,50.13219406828284,59.27400477230549,55.14399707317352,60.42459374293685,
144,xair_atomic,1,45.0,50.0,concurrent,0,1,0,0,0,813,813,before_check,0,,,,,58.18679602816701,59.1393131762743,55.15990732237697,56.55162828043103,changed,61.662109375,REVOKE,read_set_version_changed_at_commit,55.243905168026686,,,4.8520429991185665,50.01669796183705,59.12135913968086,55.04367919638753,60.09594816714525,
145,xair_atomic,1,45.0,50.0,concurrent,0,1,0,0,0,815,815,before_check,0,,,,,58.92610223963857,60.55435724556446,56.383542250841856,57.42227099835873,changed,62.84912109375,REVOKE,read_set_version_changed_at_commit,56.21981527656317,,,5.323117133229971,50.642441026866436,59.784002136439085,55.661998223513365,61.54293240979314,
146,xair_atomic,0,,50.0,control,1,0,0,0,0,,816,control,0,,1.2524798512458801,2.953991759568453,61.28467805683613,58.330686297267675,60.03219820559025,,,committed,62.738037109375,EXECUTE,authorization_committed,55.914211086928844,55.92933017760515,0.015119090676307678,5.36706019192934,,,55.44895911589265,61.281271278858185,61.29639036953449
147,xair_atomic,1,45.0,50.0,concurrent,0,1,0,0,0,818,818,before_check,0,,,,,57.89139214903116,59.54899173229933,55.48993591219187,56.60051014274359,changed,61.573974609375,REVOKE,read_set_version_changed_at_commit,55.76898995786905,,,4.753287881612778,49.98738272115588,58.97369189187884,54.98666176572442,60.52227783948183,
148,xair_atomic,1,45.0,50.0,concurrent,0,1,0,0,0,820,820,before_check,0,,,,,57.735780254006386,59.17733395472169,54.92747109383345,56.3596379943192,changed,61.294921875,REVOKE,read_set_version_changed_at_commit,55.46506028622389,,,4.588237963616848,49.76065689697862,58.761314023286104,54.753194097429514,60.053298249840736,
149,xair_atomic,0,,50.0,control,1,0,0,0,0,,821,control,0,,1.164495013654232,2.5023650377988815,59.817956294864416,57.315591257065535,58.653461281210184,,,committed,60.20703125,EXECUTE,authorization_committed,55.05363782867789,55.07005797699094,0.0164201483130455,4.759820178151131,,,54.83998730778694,59.81345800682902,59.82987815514207
150,xair_atomic,1,45.0,50.0,concurrent,0,1,0,0,0,823,823,before_check,0,,,,,58.228553738445044,59.40672475844622,55.62233505770564,56.7497699521482,changed,61.531982421875,REVOKE,read_set_version_changed_at_commit,55.45362690463662,,,4.977889824658632,50.2633610740304,59.22558484598994,55.26782991364598,60.431516729295254,
151,xair_atomic,1,45.0,50.0,concurrent,0,1,0,0,0,825,825,before_check,0,,,,,57.777428068220615,59.098256286233664,55.14947697520256,56.38329219073057,changed,61.529052734375,REVOKE,read_set_version_changed_at_commit,55.504823103547096,,,4.681053105741739,49.85414305701852,58.82186722010374,54.85718930140138,60.185876209288836,
152,xair_atomic,1,45.0,50.0,concurrent,0,1,0,0,0,827,827,before_check,0,,,,,57.31390789151192,58.801289182156324,54.52975491061807,55.81385409459472,changed,60.780029296875,REVOKE,read_set_version_changed_at_commit,55.51642598584294,,,4.439929965883493,49.59732107818127,57.964298874139786,54.60795108228922,59.95635595172644,
153,xair_atomic,1,45.0,50.0,concurrent,0,1,0,0,0,829,829,before_check,0,,,,,58.016936760395765,59.741392731666565,55.78628182411194,56.872800923883915,changed,62.010986328125,REVOKE,read_set_version_changed_at_commit,55.62397791072726,,,5.1168897189199924,50.38507888093591,59.04710991308093,55.39424670860171,60.740867629647255,
154,xair_atomic,1,45.0,50.0,concurrent,0,1,0,0,0,831,831,before_check,0,,,,,58.21443675085902,59.6194826066494,55.79200200736523,57.130643632262945,changed,62.64697265625,REVOKE,read_set_version_changed_at_commit,55.63047993928194,,,4.970153793692589,50.1991999335587,59.429436922073364,55.21032074466348,60.60063373297453,
155,xair_atomic,1,45.0,50.0,concurrent,0,1,0,0,0,833,833,before_check,0,,,,,58.05763276293874,59.79318870231509,55.138956755399704,56.39528390020132,changed,62.387939453125,REVOKE,read_set_version_changed_at_commit,56.73901876434684,,,4.219796974211931,49.52716873958707,59.05161798000336,54.530815687030554,60.95881573855877,
156,xair_atomic,1,45.0,50.0,concurrent,0,1,0,0,0,835,835,before_check,0,,,,,57.93992197141051,59.263496194034815,55.18381204456091,56.41156528145075,changed,61.83203125,REVOKE,read_set_version_changed_at_commit,55.4339112713933,,,4.756032954901457,49.95708633214235,58.78094024956226,54.95572416111827,60.189944226294756,
157,xair_atomic,1,45.0,50.0,concurrent,0,1,0,0,0,837,837,before_check,0,,,,,58.827376924455166,60.266667045652866,55.786171928048134,57.02474480494857,changed,63.291015625,REVOKE,read_set_version_changed_at_commit,55.77435903251171,,,5.531688220798969,50.7842767983675,59.45194885134697,55.81554723903537,61.30604725331068,
158,xair_atomic,1,45.0,50.0,concurrent,0,1,0,0,0,839,839,before_check,0,,,,,58.494152035564184,60.00056862831116,55.83035480231047,56.96099577471614,changed,62.950927734375,REVOKE,read_set_version_changed_at_commit,56.53878301382065,,,4.674109630286694,49.984837882220745,59.7232379950583,55.003002751618624,61.21289264410734,
159,xair_atomic,0,,50.0,control,1,0,0,0,0,,840,control,0,,1.2555760331451893,4.651365801692009,62.97706300392747,58.32569720223546,61.72148697078228,,,committed,61.614013671875,EXECUTE,authorization_committed,58.384296018630266,58.40783007442951,0.023534055799245834,4.587267059832811,,,54.666491225361824,62.97156307846308,62.99509713426232
160,xair_atomic,0,,50.0,control,1,0,0,0,0,,841,control,0,,1.1703348718583584,2.7012466453015804,60.498501639813185,57.797254994511604,59.328166767954826,,,committed,61.031005859375,EXECUTE,authorization_committed,55.72661990299821,55.7472980581224,0.02067815512418747,4.765650723129511,,,54.86184684559703,60.49227062612772,60.51294878125191
161,xair_atomic,0,,50.0,control,1,0,0,0,0,,842,control,0,,1.294808927923441,2.8526312671601772,61.08025414869189,58.227622881531715,59.78544522076845,,,committed,62.114990234375,EXECUTE,authorization_committed,56.472068186849356,56.486035231500864,0.013967044651508331,4.6055009588599205,,,54.683202877640724,61.077569145709276,61.091536190360785
162,xair_atomic,1,50.0,50.0,concurrent,1,0,0,0,1,844,843,after_check,0,after_middleware,1.445041038095951,3.2241689041256905,62.62410106137395,59.39993215724826,61.179060023278,63.714927062392235,65.01226080581546,committed,64.093017578125,EXECUTE,authorization_committed,57.26807191967964,57.2825288400054,0.014456920325756073,5.352681968361139,55.620110128074884,67.4266810528934,55.89534714818001,62.62075388804078,62.63521080836654
163,xair_atomic,0,,50.0,control,1,0,0,0,0,,845,control,0,,1.2122341431677341,3.9107571355998516,71.70353410765529,67.79277697205544,70.49129996448755,,,committed,71.60888671875,EXECUTE,authorization_committed,66.34618295356631,66.365088801831,0.018905848264694214,5.351961124688387,,,55.44986994937062,71.6981440782547,71.7170499265194
164,xair_atomic,1,50.0,50.0,concurrent,1,0,0,0,1,847,846,after_check,0,after_middleware,1.1481540277600288,2.538984175771475,61.021262779831886,58.48227860406041,59.87310875207186,65.17911283299327,66.30295189097524,committed,63.10009765625,EXECUTE,authorization_committed,55.89940398931503,55.92165607959032,0.022252090275287628,5.115987733006477,55.299858562648296,68.56875261291862,55.56107871234417,61.01539172232151,61.0376438125968
165,xair_atomic,1,50.0,50.0,concurrent,1,0,0,0,1,849,848,after_check,0,after_middleware,0.9116209112107754,2.45471578091383,61.1257697455585,58.67105396464467,60.214148834347725,62.51841178163886,63.6584609746933,committed,62.782958984375,EXECUTE,authorization_committed,55.52576296031475,55.54161313921213,0.01585017889738083,5.5960388854146,55.778076872229576,65.69649511948228,56.04763189330697,61.12180184572935,61.13765202462673
166,xair_atomic,1,50.0,50.0,concurrent,1,0,0,0,1,851,850,after_check,0,after_middleware,1.2807021848857403,2.763675060123205,61.43424799665809,58.67057293653488,60.15354581177235,62.22507217898965,63.38053988292813,committed,63.637939453125,EXECUTE,authorization_committed,56.52799317613244,56.55600596219301,0.02801278606057167,4.898219835013151,55.21569214761257,65.72914589196444,55.494895204901695,61.42621301114559,61.45422579720616
167,xair_atomic,1,50.0,50.0,concurrent,0,1,0,0,0,853,853,before_check,0,,,,,62.58661998435855,64.20828215777874,60.074367094784975,61.31581589579582,changed,66.3310546875,REVOKE,read_set_version_changed_at_commit,61.06760026887059,,,4.2496128007769585,54.71831792965531,63.65806981921196,54.45761885493994,65.31721306964755,
168,xair_atomic,1,50.0,50.0,concurrent,0,1,0,0,0,855,855,before_check,0,,,,,62.93859099969268,64.29101806133986,60.73498586192727,61.880144756287336,changed,65.9951171875,REVOKE,read_set_version_changed_at_commit,60.34563574939966,,,4.824832081794739,55.040162056684494,63.98766906931996,55.30426790937781,65.1704678311944,
169,xair_atomic,1,50.0,50.0,concurrent,0,1,0,0,0,857,857,before_check,0,,,,,63.75974975526333,65.06325583904982,61.34862685576081,62.55762465298176,changed,67.60595703125,REVOKE,read_set_version_changed_at_commit,60.64554816111922,,,5.561533849686384,55.82998273894191,64.87697688862681,56.13828171044588,66.2070820108056,
170,xair_atomic,1,50.0,50.0,concurrent,0,1,0,0,0,859,859,before_check,0,,,,,62.14284710586071,63.23506589978933,61.01322825998068,62.095066998153925,changed,67.72607421875,REVOKE,read_set_version_changed_at_commit,59.004298876971006,,,5.345939192920923,55.63688091933727,65.6885989010334,56.041079107671976,64.35023806989193,
171,xair_atomic,1,50.0,50.0,concurrent,1,0,0,0,1,861,860,after_check,0,after_middleware,1.282836776226759,2.573959995061159,60.837799683213234,58.263839688152075,59.554962906986475,61.99243571609259,63.05618165060878,committed,61.787109375,EXECUTE,authorization_committed,55.841915775090456,55.860070046037436,0.018154270946979523,4.991775844246149,55.24326395243406,65.28202770277858,55.610441602766514,60.833691619336605,60.851845890283585
172,xair_atomic,1,50.0,50.0,concurrent,0,1,0,0,0,863,863,before_check,0,,,,,62.64097196981311,64.02440695092082,59.95958112180233,61.07379216700792,changed,65.989990234375,REVOKE,read_set_version_changed_at_commit,60.53122319281101,,,4.376451019197702,54.696567356586456,63.360391184687614,55.081869941204786,64.90767421200871,
173,xair_atomic,1,50.0,50.0,concurrent,1,0,0,0,1,865,864,after_check,0,after_middleware,1.3651610352098942,2.715745009481907,60.49549672752619,57.77975171804428,59.130335692316294,61.45457690581679,62.793448101729155,committed,61.340087890625,EXECUTE,authorization_committed,55.989783722907305,56.020771618932486,0.030987896025180817,4.4975681230425835,54.68753073364496,64.78422274813056,55.06602069362998,60.48735184594989,60.51833974197507
174,xair_atomic,1,50.0,50.0,concurrent,1,0,0,0,1,867,866,after_check,0,after_middleware,1.1271238327026367,2.811604645103216,61.63120688870549,58.819602243602276,60.504083056002855,62.70428001880646,63.974373042583466,committed,62.422119140625,EXECUTE,authorization_committed,56.786679197102785,56.802308186888695,0.015628989785909653,4.840000066906214,55.10712694376707,66.37851428240538,55.44512113556266,61.626679264009,61.64230825379491
175,xair_atomic,1,50.0,50.0,concurrent,0,1,0,0,0,869,869,before_check,0,,,,,61.98123376816511,63.32599697634578,59.71517274156213,60.85968995466828,changed,65.865966796875,REVOKE,read_set_version_changed_at_commit,59.65466005727649,,,4.582737106829882,55.39077892899513,63.22978576645255,54.771948140114546,64.23739716410637,
176,xair_atomic,1,50.0,50.0,concurrent,1,0,0,0,1,871,870,after_check,0,after_middleware,0.9336317889392376,2.475243993103504,60.0453931838274,57.570149190723896,59.11176139488816,61.52995815500617,62.63770628720522,committed,60.6630859375,EXECUTE,authorization_committed,55.47019885852933,55.48641970381141,0.01622084528207779,4.571106284856796,54.763113148510456,64.83237398788333,55.04632415249944,60.041305143386126,60.0575259886682
177,xair_atomic,1,50.0,50.0,concurrent,0,1,0,0,0,873,873,before_check,0,,,,,62.06953013315797,63.10453079640865,59.800643008202314,60.82559609785676,changed,64.76806640625,REVOKE,read_set_version_changed_at_commit,59.24928933382034,,,4.661394748836756,55.11096492409706,63.055839855223894,54.81774406507611,63.9106840826571,
178,xair_atomic,1,50.0,50.0,concurrent,1,0,0,0,1,875,874,after_check,0,after_middleware,1.197868026793003,2.6921513490378857,60.42152922600508,57.72937787696719,59.223661199212074,61.695929151028395,62.95609427616,committed,60.93310546875,EXECUTE,authorization_committed,55.97700923681259,56.00497219711542,0.027962960302829742,4.438017029315233,54.607270285487175,64.82922798022628,54.89923804998398,60.415026266127825,60.442989226430655
179,xair_atomic,1,50.0,50.0,concurrent,1,0,0,0,1,877,876,after_check,0,after_middleware,1.1353697627782822,2.5006518699228764,60.050231870263815,57.54958000034094,58.91486210748553,61.30995508283377,62.45713774114847,committed,61.26806640625,EXECUTE,authorization_committed,55.89546589180827,55.91445183381438,0.018985942006111145,4.150758031755686,54.53042592853308,64.33219509199262,54.323427844792604,60.04622392356396,60.06520986557007
180,xair_atomic,1,50.0,50.0,concurrent,1,0,0,0,1,879,878,after_check,0,after_middleware,0.919124111533165,2.3998315446078777,59.62994322180748,57.2301116771996,58.710819110274315,61.24280905351043,62.52303114160895,committed,60.330078125,EXECUTE,authorization_committed,55.02845020964742,55.05052208900452,0.022071879357099533,4.596272949129343,54.765607230365276,64.43974701687694,55.19379023462534,59.62472315877676,59.64679503813386
181,xair_atomic,0,,50.0,control,1,0,0,0,0,,880,control,0,,1.1037909425795078,2.439606934785843,60.101989191025496,57.66238225623965,58.99819824844599,,,committed,61.29296875,EXECUTE,authorization_committed,55.84000330418348,55.863837245851755,0.02383394166827202,4.255624022334814,,,54.34811394661665,60.0956273265183,60.11946126818657
182,xair_atomic,0,,50.0,control,1,0,0,0,0,,881,control,0,,1.3142246752977371,2.7715787291526794,60.54323585703969,57.77165712788701,59.22901118174195,,,committed,61.012939453125,EXECUTE,authorization_committed,55.535290855914354,55.559396743774414,0.024105887860059738,5.003156140446663,,,55.08614797145128,60.53844699636102,60.56255288422108
183,xair_atomic,1,50.0,50.0,concurrent,1,0,0,0,1,883,882,after_check,0,after_middleware,1.1292686685919762,2.839346881955862,60.747749637812376,57.908402755856514,59.6184809692204,62.101118732243776,63.302832655608654,committed,61.800048828125,EXECUTE,authorization_committed,56.28170119598508,56.302300188690424,0.020598992705345154,4.46205073967576,54.693841841071844,65.14203362166882,55.01713789999485,60.74375193566084,60.764350928366184
184,xair_atomic,0,,50.0,control,1,0,0,0,0,,884,control,0,,0.9780148975551128,2.3813480511307716,60.111005790531635,57.729657739400864,59.13299089297652,,,committed,60.989013671875,EXECUTE,authorization_committed,55.50459399819374,55.52380997687578,0.019215978682041168,4.602003842592239,,,54.68505574390292,60.10659784078598,60.12581381946802
185,xair_atomic,1,50.0,50.0,concurrent,0,1,0,0,0,886,886,before_check,0,,,,,61.630376148968935,62.78634397312999,60.47463649883866,61.58805638551712,changed,65.27490234375,REVOKE,read_set_version_changed_at_commit,59.14323031902313,,,4.609928000718355,54.822704289108515,64.95548412203789,55.150408297777176,63.75315831974149,
186,xair_atomic,1,50.0,50.0,concurrent,0,1,0,0,0,888,888,before_check,0,,,,,63.199139665812254,64.30347170680761,62.10838304832578,63.131351955235004,changed,66.199951171875,REVOKE,read_set_version_changed_at_commit,59.91028808057308,,,5.662804935127497,55.96502777189016,66.78665988147259,56.22885189950466,65.57309301570058,
187,xair_atomic,1,50.0,50.0,concurrent,0,1,0,0,0,890,890,before_check,0,,,,,63.23868315666914,64.5889169536531,60.6292481534183,62.00703326612711,changed,67.6279296875,REVOKE,read_set_version_changed_at_commit,60.530141927301884,,,4.910212010145187,55.1331858150661,64.57647308707237,55.4111679084599,65.44035393744707,
188,xair_atomic,1,50.0,50.0,concurrent,1,0,0,0,1,892,891,after_check,0,after_middleware,1.333771739155054,2.8831688687205315,61.71179888769984,58.82863001897931,60.37802714854479,63.01627587527037,64.18236391618848,committed,62.153076171875,EXECUTE,authorization_committed,56.66247569024563,56.68098106980324,0.018505379557609558,5.0446041859686375,55.357126984745264,66.25949125736952,55.65493507310748,61.707079876214266,61.725585255771875
189,xair_atomic,1,50.0,50.0,concurrent,1,0,0,0,1,894,893,after_check,0,after_middleware,1.2704036198556423,2.6191938668489456,61.233220621943474,58.61402675509453,59.96281700208783,62.874830793589354,64.12392389029264,committed,62.43603515625,EXECUTE,authorization_committed,56.01276597008109,56.03785300627351,0.025087036192417145,5.214953795075417,55.39971590042114,66.1179949529469,55.62576977536082,61.22771976515651,61.252806801348925
190,xair_atomic,0,,50.0,control,1,0,0,0,0,,895,control,0,,1.0654991492629051,2.168457955121994,60.569546185433865,58.40108823031187,59.50404703617096,,,committed,63.426025390625,EXECUTE,authorization_committed,55.463075172156096,55.492229759693146,0.029154587537050247,5.0985561683773994,,,55.19170733168721,60.561631340533495,60.590785928070545
191,xair_atomic,1,50.0,50.0,concurrent,1,0,0,0,1,897,896,after_check,0,after_middleware,1.4762789942324162,2.734128851443529,61.779425013810396,59.04529616236687,60.30314601957798,62.5263168476522,63.76297725364566,committed,62.48193359375,EXECUTE,authorization_committed,56.38344306498766,56.401886977255344,0.018443912267684937,5.391343962401152,55.653172079473734,66.19076197966933,55.891198106110096,61.77478702738881,61.793230939656496
192,xair_atomic,0,,50.0,control,1,0,0,0,0,,898,control,0,,0.7845722138881683,2.382931299507618,59.53843193128705,57.15550063177943,58.75385971739888,,,committed,60.76611328125,EXECUTE,authorization_committed,54.940165020525455,54.951976984739304,0.011811964213848114,4.595641978085041,,,54.66987797990441,59.5358069986105,59.547618962824345
193,xair_atomic,1,50.0,50.0,concurrent,0,1,0,0,0,900,900,before_check,0,,,,,63.50655574351549,64.88331872969866,61.089811846613884,62.19704868271947,changed,67.367919921875,REVOKE,read_set_version_changed_at_commit,61.34674418717623,,,4.577216692268848,54.81194378808141,64.64442098513246,54.92637865245342,65.92396087944508,
194,xair_atomic,1,50.0,50.0,concurrent,1,0,0,0,1,902,901,after_check,0,after_middleware,1.1468920856714249,2.38588685169816,60.87058084085584,58.48469398915768,59.72368875518441,62.49179178848863,63.73357214033604,committed,61.47607421875,EXECUTE,authorization_committed,56.219704914838076,56.246975902467966,0.027270987629890442,4.643462132662535,54.878688883036375,65.74566708877683,55.51062477752566,60.86316704750061,60.8904380351305
195,xair_atomic,1,50.0,50.0,concurrent,1,0,0,0,1,904,903,after_check,0,after_middleware,1.0327980853617191,2.0756139419972897,60.076831839978695,58.001217897981405,59.044033754616976,61.05522718280554,62.086021061986685,committed,62.3291015625,EXECUTE,authorization_committed,55.266757030040026,55.28062302619219,0.013865996152162552,4.806518089026213,55.0342109054327,64.14647679775953,55.363459046930075,60.07327511906624,60.0871411152184
196,xair_atomic,0,,50.0,control,1,0,0,0,0,,905,control,0,,1.0600178502500057,2.42459774017334,60.28947979211807,57.86488205194473,59.22946194186807,,,committed,61.262939453125,EXECUTE,authorization_committed,55.278119165450335,55.2959218621254,0.01780269667506218,5.006732884794474,,,55.0897647626698,60.28485205024481,60.30265474691987
197,xair_atomic,1,50.0,50.0,concurrent,0,1,0,0,0,907,907,before_check,0,,,,,62.54761712625623,63.887109979987144,60.53150398656726,61.57586304470897,changed,66.029052734375,REVOKE,read_set_version_changed_at_commit,60.139709152281284,,,4.669149871915579,54.86822873353958,63.8770810328424,55.35663478076458,64.80885902419686,
198,xair_atomic,1,50.0,50.0,concurrent,1,0,0,0,1,909,908,after_check,0,after_middleware,1.0083019733428955,2.1654926240444183,60.24095881730318,58.07546619325876,59.232656843960285,61.62168877199292,62.83463491126895,committed,62.25,EXECUTE,authorization_committed,55.30251422896981,55.324384942650795,0.02187071368098259,4.932493902742863,55.147232953459024,64.57299692556262,55.42932217940688,60.235008131712675,60.25687884539366
199,xair_atomic,0,,50.0,control,1,0,0,0,0,,910,control,0,,0.9494409896433353,2.287812065333128,59.73011115565896,57.44229909032583,58.780670166015625,,,committed,60.571044921875,EXECUTE,authorization_committed,55.181406904011965,55.204339791089296,0.022932887077331543,4.542893264442682,,,54.62876008823514,59.72430016845465,59.74723305553198
200,xair_atomic,1,55.0,50.0,concurrent,1,0,0,0,1,912,911,after_check,0,after_middleware,1.2393849901854992,2.986062318086624,61.493820045143366,58.50775772705674,60.25443505495787,65.13626407831907,66.35285587981343,committed,62.992919921875,EXECUTE,authorization_committed,56.82637309655547,56.85163987800479,0.025266781449317932,4.661316052079201,59.8357287235558,68.8184117898345,54.85894298180938,61.48768914863467,61.51295593008399
201,xair_atomic,1,55.0,50.0,concurrent,1,0,0,0,1,914,913,after_check,0,after_middleware,1.3122521340847015,2.930568065494299,60.95881620422006,58.02824813872576,59.646564070135355,65.09047700092196,66.00776826962829,committed,62.00390625,EXECUTE,authorization_committed,56.51360610499978,56.53772130608559,0.024115201085805893,4.4394489377737045,59.73312631249428,68.33819998428226,54.7673599794507,60.953055042773485,60.97717024385929
202,xair_atomic,1,55.0,50.0,concurrent,1,0,0,0,1,916,915,after_check,0,after_middleware,1.2636110186576843,2.75665195658803,60.53799670189619,57.78134474530816,59.274385683238506,64.84273262321949,65.91749005019665,committed,61.56298828125,EXECUTE,authorization_committed,55.69882690906525,55.7158887386322,0.017061829566955566,4.835051950067282,60.16042875126004,68.05393798276782,55.1657578907907,60.53387885913253,60.550940688699484
203,xair_atomic,1,55.0,50.0,concurrent,1,0,0,0,1,918,917,after_check,0,after_middleware,1.3596010394394398,2.736504189670086,61.266564298421144,58.53006010875106,59.906963258981705,64.51092008501291,65.77944988384843,committed,62.221923828125,EXECUTE,authorization_committed,56.320364121347666,56.34694406762719,0.026579946279525757,4.9395570531487465,60.094505082815886,67.77502410113811,55.11495191603899,61.25992117449641,61.28650112077594
204,xair_atomic,1,55.0,50.0,after_release,1,0,0,0,1,920,919,after_check,0,after_middleware,1.1693737469613552,2.329540904611349,60.3557750582695,58.02623415365815,59.186401311308146,65.09033730253577,66.11827621236444,committed,61.987060546875,EXECUTE,authorization_committed,55.34329079091549,55.35857006907463,0.01527927815914154,5.0079552456736565,60.388646088540554,68.04285617545247,55.2528309635818,60.351246036589146,60.36652531474829
205,xair_atomic,0,,50.0,control,1,0,0,0,0,,921,control,0,,0.8209897205233574,2.133161760866642,59.93685871362686,57.80369695276022,59.115868993103504,,,committed,62.410888671875,EXECUTE,authorization_committed,55.07991695776582,55.101817939430475,0.021900981664657593,4.851361736655235,,,54.94489287957549,59.93127869442105,59.95317967608571
206,xair_atomic,1,55.0,50.0,concurrent,1,0,0,0,1,923,922,after_check,0,after_middleware,1.1455989442765713,2.535426989197731,60.25472516193986,57.71929817274213,59.10912621766329,64.50646184384823,65.66038681194186,committed,61.402099609375,EXECUTE,authorization_committed,55.75644597411156,55.780600756406784,0.02415478229522705,4.4920481741428375,59.72630390897393,67.66046909615397,54.767089895904064,60.248494148254395,60.27264893054962
207,xair_atomic,1,55.0,50.0,after_release,1,0,0,0,1,925,924,after_check,0,after_middleware,1.03776715695858,2.236897125840187,60.11970201507211,57.88280488923192,59.08193485811353,64.99692192301154,66.19818601757288,committed,61.18896484375,EXECUTE,authorization_committed,55.32770091667771,55.35032320767641,0.02262229099869728,4.787121899425983,60.15936704352498,68.55434691533446,55.11233815923333,60.1148228161037,60.137445107102394
208,xair_atomic,0,,50.0,control,1,0,0,0,0,,926,control,0,,1.2081870809197426,2.4112039245665073,59.81058208271861,57.3993781581521,58.60239500179887,,,committed,61.428955078125,EXECUTE,authorization_committed,55.34460302442312,55.369659792631865,0.02505676820874214,4.459727089852095,,,54.5426681637764,59.80433011427522,59.82938688248396
209,xair_atomic,1,55.0,50.0,concurrent,1,0,0,0,1,928,927,after_check,0,after_middleware,1.0640760883688927,2.44522700086236,60.83196820691228,58.38674120604992,59.76789211854339,65.03154709935188,66.1877361126244,committed,61.989013671875,EXECUTE,authorization_committed,55.63236307352781,55.646699853241444,0.014336779713630676,5.19541697576642,60.43378124013543,68.06733319535851,55.44494092464447,60.82778004929423,60.842116829007864
210,xair_atomic,1,55.0,50.0,concurrent,1,0,0,0,1,930,929,after_check,0,after_middleware,1.3124519027769566,3.0127419158816338,62.20604572445154,59.19330380856991,60.893593821674585,65.1746760122478,66.50156481191516,committed,62.791015625,EXECUTE,authorization_committed,57.19123827293515,57.214912958443165,0.02367468550801277,5.0078947097063065,60.226712841540575,68.86076088994741,55.25880167260766,62.19913298264146,62.22280766814947
211,xair_atomic,1,55.0,50.0,concurrent,1,0,0,0,1,932,931,after_check,0,after_middleware,1.1148522607982159,2.7179094031453133,60.359913390129805,57.64200398698449,59.24506112933159,65.45394007116556,66.75808597356081,committed,61.52197265625,EXECUTE,authorization_committed,55.40871433913708,55.421678349375725,0.012964010238647461,4.947572015225887,60.19740831106901,71.77462801337242,55.14907604083419,60.356286354362965,60.36925036460161
212,xair_atomic,1,55.0,50.0,concurrent,1,0,0,0,1,934,933,after_check,0,after_middleware,1.0663713328540325,2.5670863687992096,61.2996662966907,58.73257992789149,60.23329496383667,65.93406107276678,67.05553503707051,committed,62.68603515625,EXECUTE,authorization_committed,55.641009006649256,55.65796094015241,0.01695193350315094,5.6546092964708805,60.857116244733334,69.33504110202193,55.87739311158657,61.295618303120136,61.31257023662329
213,xair_atomic,1,55.0,50.0,concurrent,1,0,0,0,1,936,935,after_check,0,after_middleware,0.9369971230626106,2.7510011568665504,59.91998687386513,57.16898571699858,58.98298975080252,63.80276195704937,65.17993565648794,committed,61.5390625,EXECUTE,authorization_committed,55.569685995578766,55.58049585670233,0.010809861123561859,4.347365815192461,59.53085655346513,68.14544880762696,54.55023283138871,59.91705181077123,59.92786167189479
214,xair_atomic,0,,50.0,control,1,0,0,0,0,,937,control,0,,0.9505636990070343,2.32258765026927,61.10656401142478,58.78397636115551,60.156000312417746,,,committed,62.284912109375,EXECUTE,authorization_committed,55.944868829101324,55.962652899324894,0.01778407022356987,5.157186184078455,,,55.24981627240777,61.10205501317978,61.11983908340335
215,xair_atomic,1,55.0,50.0,concurrent,1,0,0,0,1,939,938,after_check,0,after_middleware,1.3070423156023026,2.7789133600890636,60.1784223690629,57.39950900897384,58.8713800534606,64.45147935301065,65.2884691953659,committed,61.547119140625,EXECUTE,authorization_committed,55.95627101138234,55.97476614639163,0.018495135009288788,4.217362031340599,59.48692513629794,67.21633626148105,54.509086068719625,60.17363304272294,60.19212817773223
216,xair_atomic,1,55.0,50.0,concurrent,1,0,0,0,1,941,940,after_check,0,after_middleware,0.8858721703290939,2.398198936134577,60.72590919211507,58.32771025598049,59.840037021785975,65.282067283988,66.555917263031,committed,61.2470703125,EXECUTE,authorization_committed,55.939428973942995,55.967051070183516,0.027622096240520477,4.778875969350338,60.06705295294523,68.4534371830523,55.1025690510869,60.71830494329333,60.74592703953385
217,xair_atomic,1,55.0,50.0,concurrent,1,0,0,0,1,943,942,after_check,0,after_middleware,1.2287450954318047,2.8184480033814907,61.40810903161764,58.58966102823615,60.17936393618584,65.96689205616713,67.18528782948852,committed,63.095947265625,EXECUTE,authorization_committed,56.09987070783973,56.12807394936681,0.028203241527080536,5.30117517337203,60.547864995896816,69.42940782755613,55.56606920436025,61.40104588121176,61.42924912273884
218,xair_atomic,1,55.0,50.0,concurrent,1,0,0,0,1,945,944,after_check,0,after_middleware,1.1559589765965939,2.6161381974816322,61.5046601742506,58.88852197676897,60.34870119765401,65.14539010822773,66.3914680480957,committed,62.373046875,EXECUTE,authorization_committed,57.09991604089737,57.11466399952769,0.01474795863032341,4.401057027280331,60.575305949896574,68.51603416725993,55.60042290017009,61.5009730681777,61.51572102680802
219,xair_atomic,1,55.0,50.0,after_release,1,0,0,0,1,947,946,after_check,0,after_middleware,1.151369884610176,2.415170893073082,60.21714489907026,57.80197400599718,59.06577501446009,64.53026691451669,65.78854657709599,committed,61.10009765625,EXECUTE,authorization_committed,55.19691575318575,55.209559854120016,0.012644100934267044,5.016841925680637,60.270674992352724,68.13256489112973,55.271876975893974,60.213757678866386,60.22640177980065
220,xair_atomic,1,55.0,50.0,after_release,1,0,0,0,1,949,948,after_check,0,after_middleware,0.9523271583020687,2.2181221283972263,59.745760168880224,57.527638040483,58.793433010578156,64.56865789368749,65.69624412804842,committed,61.3701171875,EXECUTE,authorization_committed,55.10722706094384,55.11730583384633,0.010078772902488708,4.636058118194342,59.91434631869197,68.0375462397933,54.92989486083388,59.743285179138184,59.75336395204067
221,xair_atomic,1,55.0,50.0,after_release,1,0,0,0,1,951,950,after_check,0,after_middleware,0.8501647971570492,2.3444578982889652,59.46343997493386,57.1189820766449,58.61327517777681,63.976988196372986,65.34007610753179,committed,61.56494140625,EXECUTE,authorization_committed,54.78757806122303,54.807926062494516,0.020348001271486282,4.669981077313423,59.87442098557949,67.51894298940897,54.88002113997936,59.45755913853645,59.47790713980794
222,xair_atomic,0,,50.0,control,1,0,0,0,0,,952,control,0,,0.992853194475174,2.1307067945599556,59.11654978990555,56.98584299534559,58.123696595430374,,,committed,60.85693359375,EXECUTE,authorization_committed,54.812274407595396,54.828114341944456,0.01583993434906006,4.300698637962341,,,54.38166670501232,59.11297304555774,59.1288129799068
223,xair_atomic,1,55.0,50.0,concurrent,1,0,0,0,1,954,953,after_check,0,after_middleware,1.052915584295988,2.5766235776245594,60.37183478474617,57.79521120712161,59.31891920045018,64.71286900341511,66.13139109686017,committed,61.493896484375,EXECUTE,authorization_committed,55.61274569481611,55.628926027566195,0.016180332750082016,4.755372181534767,60.07213285192847,68.0507211945951,55.01096695661545,60.36811787635088,60.38429820910096
224,xair_atomic,0,,50.0,control,1,0,0,0,0,,955,control,0,,0.9321989491581917,2.214103937149048,59.49073238298297,57.27662844583392,58.55853343382478,,,committed,60.31298828125,EXECUTE,authorization_committed,54.75393496453762,54.77052601054311,0.016591046005487442,4.7322893515229225,,,54.80845831334591,59.48622431606054,59.50281536206603
225,xair_atomic,1,55.0,50.0,after_release,1,0,0,0,1,957,956,after_check,0,after_middleware,0.9256270714104176,2.041469793766737,58.896015863865614,56.85454607009888,57.970388792455196,64.09181375056505,64.95706690475345,committed,60.787109375,EXECUTE,authorization_committed,54.576541762799025,54.59081893786788,0.014277175068855286,4.315657075494528,59.4583610072732,66.94035790860653,54.472838062793016,58.89219883829355,58.90647601336241
226,xair_atomic,1,55.0,50.0,concurrent,1,0,0,0,1,959,958,after_check,0,after_middleware,1.0776324197649956,3.4169810824096203,63.55041917413473,60.13343809172511,62.472786754369736,64.93418477475643,66.09791796654463,committed,64.8369140625,EXECUTE,authorization_committed,59.214652981609106,59.23302797600627,0.01837499439716339,4.331427160650492,59.51371509581804,68.24366375803947,56.69907480478287,63.5460801422596,63.56445513665676
227,xair_atomic,0,,50.0,control,1,0,0,0,0,,960,control,0,,1.132455188781023,2.453072927892208,60.2047317661345,57.75165883824229,59.07227657735348,,,committed,61.1640625,EXECUTE,authorization_committed,55.4932220838964,55.50973303616047,0.01651095226407051,4.7066896222531796,,,54.79259788990021,60.19991170614958,60.21642265841365
228,xair_atomic,1,55.0,50.0,concurrent,1,0,0,0,1,962,961,after_check,0,after_middleware,1.0868096724152565,2.506854012608528,60.90830219909549,58.40144818648696,59.82149252668023,64.93158033117652,66.07415294274688,committed,62.868896484375,EXECUTE,authorization_committed,55.83113571628928,55.845633149147034,0.014497432857751846,5.072898231446743,60.30603218823671,68.21769522503018,55.316731333732605,60.904033947736025,60.91853138059378
229,xair_atomic,1,55.0,50.0,after_release,1,0,0,0,1,964,963,after_check,0,after_middleware,0.91523677110672,2.030839677900076,59.2311336658895,57.200293987989426,58.31589689478278,65.54203480482101,66.69168081134558,committed,61.10693359375,EXECUTE,authorization_committed,54.59706112742424,54.614403285086155,0.017342157661914825,4.6289036981761456,59.89790474995971,68.49936256185174,54.9122616648674,59.225964825600386,59.2433069832623
230,xair_atomic,1,55.0,50.0,after_release,1,0,0,0,1,966,965,after_check,0,after_middleware,0.8016340434551239,2.232699189335108,59.538562316447496,57.30586312711239,58.73692827299237,64.24043327569962,65.39150327444077,committed,60.610107421875,EXECUTE,authorization_committed,55.10782869532704,55.12605281546712,0.018224120140075684,4.425944294780493,59.59007889032364,67.28029623627663,54.61588595062494,59.533772990107536,59.55199711024761
231,xair_atomic,1,55.0,50.0,after_release,1,0,0,0,1,968,967,after_check,0,after_middleware,0.8145179599523544,2.1890071220695972,59.2861482873559,57.0971411652863,58.471630327403545,63.86784417554736,64.83063008636236,committed,60.779052734375,EXECUTE,authorization_committed,54.96674403548241,54.982404224574566,0.01566018909215927,4.314815159887075,59.47379022836685,66.56455295160413,54.47892937809229,59.28155919536948,59.29721938446164
232,xair_atomic,0,,50.0,control,1,0,0,0,0,,969,control,0,,0.9683268144726753,2.2826017811894417,59.722055681049824,57.43945389986038,58.75372886657715,,,committed,61.176025390625,EXECUTE,authorization_committed,55.24731008335948,55.26274908334017,0.015438999980688095,4.470747895538807,,,54.55169593915343,59.71805797889829,59.733496978878975
233,xair_atomic,1,55.0,50.0,concurrent,1,0,0,0,1,971,970,after_check,0,after_middleware,0.9637982584536076,2.5856010615825653,60.35771779716015,57.77211673557758,59.39391953870654,64.3005957826972,65.65095903351903,committed,61.748046875,EXECUTE,authorization_committed,55.7153788395226,55.730937980115414,0.015559140592813492,4.638371989130974,59.814900159835815,67.6284390501678,54.83648972585797,60.353750828653574,60.36930996924639
234,xair_atomic,0,,50.0,control,1,0,0,0,0,,972,control,0,,0.9357449598610401,2.2291122004389763,59.50123118236661,57.27211898192763,58.56548622250557,,,committed,61.197998046875,EXECUTE,authorization_committed,55.063665844500065,55.081590078771114,0.0179242342710495,4.433357156813145,,,54.52599702402949,59.49702300131321,59.51494723558426
235,xair_atomic,0,,50.0,control,1,0,0,0,0,,973,control,0,,0.8712653070688248,2.1737683564424515,59.3384662643075,57.16469790786505,58.467200957238674,,,committed,60.31591796875,EXECUTE,authorization_committed,54.73617184907198,54.753243923187256,0.017072074115276337,4.598086234182119,,,54.677211213856936,59.3342580832541,59.351330157369375
236,xair_atomic,1,55.0,50.0,after_release,1,0,0,0,1,975,974,after_check,0,after_middleware,0.9712520986795425,2.107975073158741,59.94980316609144,57.8418280929327,58.9785510674119,65.12150540947914,66.31727935746312,committed,61.39794921875,EXECUTE,authorization_committed,55.037427227944136,55.055801291018724,0.018374063074588776,4.907587077468634,60.15242310240865,68.45063110813498,55.18392100930214,59.94501430541277,59.96338836848736
237,xair_atomic,0,,50.0,control,1,0,0,0,0,,976,control,0,,0.7971948944032192,1.8772222101688385,59.18611027300358,57.30888806283474,58.38891537860036,,,committed,61.9140625,EXECUTE,authorization_committed,54.68899384140968,54.70929201692343,0.020298175513744354,4.492107313126326,,,54.57040015608072,59.18110115453601,59.20139933004975
238,xair_atomic,1,55.0,50.0,concurrent,1,0,0,0,1,978,977,after_check,0,after_middleware,1.2874146923422813,2.724059857428074,60.76459167525172,58.04053181782365,59.47717698290944,65.2124467305839,66.34575221687555,committed,61.660888671875,EXECUTE,authorization_committed,55.74057577177882,55.7610047981143,0.02042902633547783,5.019296891987324,60.22509001195431,68.16418468952179,55.23057980462909,60.759872663766146,60.78030169010162
239,xair_atomic,1,55.0,50.0,after_release,1,0,0,0,1,980,979,after_check,0,after_middleware,0.8663851767778397,2.0654648542404175,60.522106010466814,58.4566411562264,59.655720833688974,65.72287390008569,66.89235800877213,committed,61.85205078125,EXECUTE,authorization_committed,55.40628870949149,55.42279873043299,0.016510020941495895,5.1116300746798515,60.566910076886415,68.95573902875185,55.40722003206611,60.51791878417134,60.53442880511284
240,xair_atomic,0,,50.0,control,1,0,0,0,0,,981,control,0,,0.8759433403611183,2.236806321889162,59.288823045790195,57.05201672390103,58.41287970542908,,,committed,60.02392578125,EXECUTE,authorization_committed,54.91105979308486,54.928261786699295,0.017201993614435196,4.37378603965044,,,54.460734594613314,59.2848458327353,59.302047826349735
241,xair_atomic,1,60.0,50.0,after_release,1,0,0,0,1,983,982,after_check,0,after_middleware,0.8669355884194374,2.3210938088595867,59.89315593615174,57.572062127292156,59.026220347732306,70.6495069898665,71.63793127983809,committed,61.193115234375,EXECUTE,authorization_committed,54.83405478298664,54.84871193766594,0.014657154679298401,5.055675283074379,65.2927472256124,73.77780601382256,55.287846364080906,59.88973006606102,59.90438722074032
242,xair_atomic,0,,50.0,control,1,0,0,0,0,,984,control,0,,1.0641766712069511,2.669558860361576,59.76537801325321,57.095819152891636,58.70120134204626,,,committed,60.407958984375,EXECUTE,authorization_committed,55.4167190566659,55.433410219848156,0.016691163182258606,4.34492202475667,,,54.42619090899825,59.76164108142257,59.778332244604826
243,xair_atomic,1,60.0,50.0,after_release,1,0,0,0,1,986,985,after_check,0,after_middleware,1.0293307714164257,2.3161047138273716,59.822233859449625,57.50612914562225,58.7929030880332,69.62939305230975,70.86042314767838,committed,60.738037109375,EXECUTE,authorization_committed,55.1457698456943,55.163622833788395,0.017852988094091415,4.67163510620594,64.8386562243104,72.69058702513576,54.8407481983304,59.817404951900244,59.835257939994335
244,xair_atomic,0,,50.0,control,1,0,0,0,0,,987,control,0,,0.8086268790066242,2.2986033000051975,59.349968098104,57.0513647980988,58.541341219097376,,,committed,60.14208984375,EXECUTE,authorization_committed,54.845407139509916,54.86021423712373,0.014807097613811493,4.5006838627159595,,,54.577243980020285,59.346091002225876,59.36089809983969
245,xair_atomic,1,60.0,50.0,after_release,1,0,0,0,1,989,988,after_check,0,after_middleware,0.8765449747443199,2.1461769938468933,58.836995624005795,56.6908186301589,57.960450649261475,68.80016764625907,70.08376577869058,committed,60.1689453125,EXECUTE,authorization_committed,54.62063476443291,54.63443091139197,0.013796146959066391,4.212643951177597,64.37393371015787,71.97703793644905,54.39710570499301,58.833278715610504,58.84707486256957
246,xair_atomic,0,,50.0,control,1,0,0,0,0,,990,control,0,,0.8427612483501434,1.928047277033329,58.93569020554423,57.007642928510904,58.09292895719409,,,committed,60.08203125,EXECUTE,authorization_committed,54.55543287098408,54.57012029364705,0.014687422662973404,4.376329947263002,,,54.44864183664322,58.93176281824708,58.94645024091005
247,xair_atomic,1,60.0,50.0,after_release,1,0,0,0,1,992,991,after_check,0,after_middleware,1.038628164678812,2.1183439530432224,59.20895282179117,57.09060886874795,58.17032465711236,69.32610366493464,70.67268062382936,committed,60.6630859375,EXECUTE,authorization_committed,54.642586037516594,54.65674214065075,0.014156103134155273,4.562990739941597,64.72327886149287,73.06455774232745,54.731151554733515,59.20557677745819,59.219732880592346
248,xair_atomic,1,60.0,50.0,after_release,1,0,0,0,1,994,993,after_check,0,after_middleware,0.8553038351237774,2.371738664805889,59.605175629258156,57.23343696445227,58.74987179413438,69.82250465080142,70.72200300171971,committed,60.549072265625,EXECUTE,authorization_committed,54.94499299675226,54.95946994051337,0.014476943761110306,4.65689692646265,64.8138988763094,72.44659774005413,54.81560993939638,59.60188992321491,59.61636686697602
249,xair_atomic,0,,50.0,control,1,0,0,0,0,,995,control,0,,1.0198131203651428,2.3567010648548603,58.845961932092905,56.489260867238045,57.82614881172776,,,committed,59.80810546875,EXECUTE,authorization_committed,54.742573760449886,54.75636897608638,0.013795215636491776,4.100542981177568,,,54.1741568595171,58.843116741627455,58.85691195726395
250,xair_atomic,1,60.0,50.0,after_release,1,0,0,0,1,997,996,after_check,0,after_middleware,1.0474049486219883,2.2868202067911625,59.83579903841019,57.548978831619024,58.7883940897882,69.55390190705657,70.85092505440116,committed,61.0458984375,EXECUTE,authorization_committed,55.009865667670965,55.02450279891491,0.014637131243944168,4.822337068617344,64.99231373891234,73.22413707152009,54.987923707813025,59.83220273628831,59.84683986753225
251,xair_atomic,1,60.0,50.0,after_release,1,0,0,0,1,999,998,after_check,0,after_middleware,1.0569831356406212,2.407537307590246,59.69216022640467,57.28462291881442,58.635177090764046,69.70514496788383,70.9844152443111,committed,60.467041015625,EXECUTE,authorization_committed,54.97814575210214,54.99339383095503,0.015248078852891922,4.710187204182148,64.88323910161853,73.26259929686785,54.89292601123452,59.688332956284285,59.70358103513718
252,xair_atomic,1,60.0,50.0,after_release,1,0,0,0,1,1001,1000,after_check,0,after_middleware,0.858039129525423,2.292170189321041,59.58944698795676,57.29727679863572,58.73140785843134,69.73675498738885,70.84885099902749,committed,60.9140625,EXECUTE,authorization_committed,54.685456212610006,54.69887098297477,0.013414770364761353,4.901195876300335,65.04889018833637,72.79205694794655,55.05541106685996,59.58665208891034,59.6000668592751
253,xair_atomic,1,60.0,50.0,after_release,1,0,0,0,1,1003,1002,after_check,0,after_middleware,1.3433299027383327,2.874822821468115,60.655998066067696,57.78117524459958,59.31266816332936,70.30946901068091,71.44868699833751,committed,61.427001953125,EXECUTE,authorization_committed,55.705100297927856,55.72555819526315,0.02045789733529091,4.945829045027494,65.2147913351655,73.64395493641496,55.22214435040951,60.65092934295535,60.67138724029064
254,xair_atomic,1,60.0,50.0,after_release,1,0,0,0,1,1005,1004,after_check,0,after_middleware,0.82772271707654,2.502645831555128,60.66877208650112,58.16612625494599,59.84104936942458,70.59780042618513,71.78357429802418,committed,62.47802734375,EXECUTE,authorization_committed,55.369619745761156,55.3842568770051,0.014637131243944168,5.295565351843834,65.5444492585957,73.9222071133554,55.5536150932312,60.66518509760499,60.679822228848934
255,xair_atomic,0,,50.0,control,1,0,0,0,0,,1006,control,0,,0.8873450569808483,1.9688238389790058,58.926242869347334,56.95741903036833,58.038897812366486,,,committed,60.304931640625,EXECUTE,authorization_committed,54.44685881957412,54.463089909404516,0.01623108983039856,4.47568716481328,,,54.55575417727232,58.9225459843874,58.938777074217796
256,xair_atomic,1,60.0,50.0,after_release,1,0,0,0,1,1008,1007,after_check,0,after_middleware,1.0190620087087154,2.0536016672849655,59.43905469030142,57.38545302301645,58.4199926815927,69.79971285909414,70.76652674004436,committed,60.64501953125,EXECUTE,authorization_committed,54.98099094256759,54.996390361338854,0.015399418771266937,4.454537760466337,64.61477605625987,72.78210809454322,54.62378077208996,59.435528703033924,59.45092812180519
257,xair_atomic,1,60.0,50.0,after_release,1,0,0,0,1,1010,1009,after_check,0,after_middleware,1.100664958357811,2.528844866901636,59.94336074218154,57.4145158752799,58.84269578382373,69.9147479608655,70.94099372625351,committed,60.450927734375,EXECUTE,authorization_committed,54.94832992553711,54.96245576068759,0.01412583515048027,4.9917749129235744,65.1776809245348,72.72802572697401,55.19649479538202,59.940104838460684,59.954230673611164
258,xair_atomic,1,60.0,50.0,after_release,1,0,0,0,1,1012,1011,after_check,0,after_middleware,0.7723188027739525,1.9818278960883617,59.20207966119051,57.22025176510215,58.42976085841656,69.39790863543749,70.5053866840899,committed,60.614013671875,EXECUTE,authorization_committed,54.87645464017987,54.893176071345806,0.01672143116593361,4.321116954088211,64.4704238511622,72.52378296107054,54.489397909492254,59.197571594268084,59.21429302543402
259,xair_atomic,1,60.0,50.0,after_release,1,0,0,0,1,1014,1013,after_check,0,after_middleware,1.1069569736719131,2.39722803235054,60.05261605605483,57.65538802370429,58.94565908238292,69.2918999120593,70.68614615127444,committed,61.4599609375,EXECUTE,authorization_committed,55.32130878418684,55.3448130376637,0.02350425347685814,4.727059043943882,64.87393099814653,73.02099606022239,54.91199204698205,60.04836782813072,60.07187208160758
260,xair_atomic,1,60.0,50.0,after_release,1,0,0,0,1,1016,1015,after_check,0,after_middleware,1.147362869232893,2.6226812042295933,60.76445197686553,58.14177077263594,59.61708910763264,70.11494413018227,71.47969491779804,committed,61.885986328125,EXECUTE,authorization_committed,55.85306789726019,55.87151227518916,0.018444377928972244,4.906043875962496,65.1846737600863,73.80507700145245,55.19732693210244,60.759111773222685,60.77755615115166
261,xair_atomic,1,60.0,50.0,after_release,1,0,0,0,1,1018,1017,after_check,0,after_middleware,1.154846977442503,2.5670561008155346,60.79369597136974,58.22663987055421,59.63884899392724,71.21921563521028,72.14855868369341,committed,62.85205078125,EXECUTE,authorization_committed,55.654495023190975,55.6669682264328,0.012473203241825104,5.136946681886911,65.4368968680501,74.43323591724038,55.4405627772212,60.79144170507789,60.80391490831971
262,xair_atomic,1,60.0,50.0,after_release,1,0,0,0,1,1020,1019,after_check,0,after_middleware,1.188729889690876,2.6132119819521904,61.50902807712555,58.89581609517336,60.32029818743467,70.73166128247976,71.62703108042479,committed,62.37890625,EXECUTE,authorization_committed,56.19788356125355,56.2245836481452,0.026700086891651154,5.304101388901472,65.57736126706004,73.64772213622928,55.62489898875356,61.50198495015502,61.52868503704667
263,xair_atomic,1,60.0,50.0,after_release,1,0,0,0,1,1022,1021,after_check,0,after_middleware,0.9757010266184807,2.380486112087965,61.31355185061693,58.93306573852897,60.33785082399845,71.42353896051645,72.5544411689043,committed,62.64697265625,EXECUTE,authorization_committed,55.724435951560736,55.73761975392699,0.013183802366256714,5.585349164903164,65.78400917351246,74.62855195626616,55.802342016249895,61.3097851164639,61.322968918830156
264,xair_atomic,0,,50.0,control,1,0,0,0,0,,1023,control,0,,1.0210550390183926,2.7094432152807713,66.44949689507484,63.74005367979407,65.42844185605645,,,committed,67.416015625,EXECUTE,authorization_committed,55.924790911376476,55.936953984200954,0.01216307282447815,10.521559976041317,,,60.60466170310974,66.4463508874178,66.45851396024227
265,xair_atomic,1,60.0,50.0,after_release,1,0,0,0,1,1025,1024,after_check,0,after_middleware,1.0731033980846405,2.4845311418175697,61.15218810737133,58.66765696555376,60.07908470928669,70.15845505520701,71.56721781939268,committed,62.721923828125,EXECUTE,authorization_committed,56.0429529286921,56.065576151013374,0.022623222321271896,5.103754810988903,65.50672790035605,73.86049069464207,55.53209409117699,61.146707739681005,61.16933096200228
266,xair_atomic,1,60.0,50.0,after_release,1,0,0,0,1,1027,1026,after_check,0,after_middleware,1.005125232040882,2.383081242442131,60.431286226958036,58.048204984515905,59.426160994917154,69.72051411867142,71.05354499071836,committed,61.215087890625,EXECUTE,authorization_committed,55.674852803349495,55.69505086168647,0.02019805833697319,4.751494154334068,64.96134493499994,73.27987207099795,54.98585011810064,60.42634695768356,60.446545016020536
267,xair_atomic,1,60.0,50.0,after_release,1,0,0,0,1,1029,1028,after_check,0,after_middleware,1.0694656521081924,2.371489070355892,60.78528007492423,58.41379100456834,59.71581442281604,70.21908927708864,71.40082633122802,committed,61.889892578125,EXECUTE,authorization_committed,55.478374008089304,55.49965379759669,0.02127978950738907,5.301466211676598,65.52186701446772,73.40881321579218,55.54370628669858,60.7798402197659,60.80112000927329
268,xair_atomic,0,,50.0,control,1,0,0,0,0,,1030,control,0,,0.8116131648421288,2.5282842107117176,59.699544217437506,57.17126000672579,58.88793105259538,,,committed,61.3740234375,EXECUTE,authorization_committed,55.04071293398738,55.058406200259924,0.01769326627254486,4.654833115637302,,,54.73153293132782,59.69554604962468,59.713239315897226
269,xair_atomic,1,60.0,50.0,after_release,1,0,0,0,1,1032,1031,after_check,0,after_middleware,1.062051858752966,2.353304997086525,60.14539021998644,57.792085222899914,59.08333836123347,70.52618637681007,71.54145138338208,committed,61.114990234375,EXECUTE,authorization_committed,55.466372054070234,55.48897385597229,0.02260180190205574,4.674981348216534,65.00159110873938,73.83402204141021,55.01687899231911,60.14135340228677,60.163955204188824
270,xair_atomic,1,60.0,50.0,after_release,1,0,0,0,1,1034,1033,after_check,0,after_middleware,0.8978652767837048,2.377942204475403,60.474407859146595,58.09646565467119,59.57654258236289,69.79521363973618,71.21214270591736,committed,61.89599609375,EXECUTE,authorization_committed,55.54702319204807,55.56757189333439,0.020548701286315918,4.922955762594938,65.1694256812334,73.11240769922733,55.20487064495683,60.46997895464301,60.49052765592933
271,xair_atomic,1,60.0,50.0,after_release,1,0,0,0,1,1036,1035,after_check,0,after_middleware,1.029341947287321,2.33900872990489,60.03241799771786,57.69340926781297,59.003076050430536,70.23777393624187,71.56810024753213,committed,61.007080078125,EXECUTE,authorization_committed,55.12560298666358,55.13955885544419,0.013955868780612946,4.904100205749273,65.23314490914345,73.61821597442031,55.25276018306613,60.02970319241285,60.043659061193466
272,xair_atomic,1,60.0,50.0,after_release,1,0,0,0,1,1038,1037,after_check,0,after_middleware,1.0135909542441368,2.3261141031980515,59.26551902666688,56.93940492346883,58.25192807242274,69.08143498003483,70.10268094018102,committed,60.743896484375,EXECUTE,authorization_committed,54.93125785142183,54.94797928258777,0.01672143116593361,4.330373834818602,64.53628791496158,72.09668168798089,54.551875684410334,59.261631686240435,59.27835311740637
273,xair_atomic,1,60.0,50.0,after_release,1,0,0,0,1,1040,1039,after_check,0,after_middleware,1.010966021567583,2.1520666778087616,59.125707019120455,56.97364034131169,58.11474099755287,68.56681033968925,69.57940012216568,committed,60.0458984375,EXECUTE,authorization_committed,54.72043203189969,54.73596090450883,0.015528872609138489,4.4023701921105385,64.5961300469935,71.18056435137987,54.62237820029259,59.12280222401023,59.13833109661937
274,xair_atomic,0,,50.0,control,1,0,0,0,0,,1041,control,0,,1.1260733008384705,2.515359316021204,59.39375003799796,56.87839072197676,58.26767673715949,,,committed,59.864013671875,EXECUTE,authorization_committed,54.95522264391184,54.97414758428931,0.01892494037747383,4.43310709670186,,,54.504436906427145,59.3883297406137,59.40725468099117
275,xair_atomic,1,60.0,50.0,after_release,1,0,0,0,1,1043,1042,after_check,0,after_middleware,0.9526768699288368,2.196590881794691,59.19990595430136,57.003315072506666,58.24722908437252,69.19711222872138,70.24101028218865,committed,60.2939453125,EXECUTE,authorization_committed,55.0245326012373,55.04342867061496,0.01889606937766075,4.1716862469911575,64.51577926054597,72.28347193449736,54.541807156056166,59.196218848228455,59.215114917606115
276,xair_atomic,1,60.0,50.0,after_release,1,0,0,0,1,1045,1044,after_check,0,after_middleware,0.8787587285041809,2.1903500892221928,60.044229961931705,57.85387987270951,59.165471233427525,69.82665322721004,70.94466965645552,committed,61.77587890625,EXECUTE,authorization_committed,55.338381323963404,55.35614490509033,0.01776358112692833,4.701369907706976,64.97542094439268,73.01118690520525,54.99096913263202,60.03975123167038,60.05751481279731
277,xair_atomic,1,60.0,50.0,after_release,1,0,0,0,1,1047,1046,after_check,0,after_middleware,0.7890812121331692,1.9322359003126621,58.949477039277554,57.01724113896489,58.160395827144384,68.91578389331698,69.98156383633614,committed,60.783935546875,EXECUTE,authorization_committed,54.866335820406675,54.885491728782654,0.01915590837597847,4.078221041709185,64.29363274946809,72.02545879408717,54.30725682526827,58.94455686211586,58.96371277049184
278,xair_atomic,1,60.0,50.0,after_release,1,0,0,0,1,1049,1048,after_check,0,after_middleware,0.8563371375203133,2.0878566429018974,59.46935201063752,57.381495367735624,58.61301487311721,69.22650709748268,70.31892705708742,committed,59.85205078125,EXECUTE,authorization_committed,54.690666031092405,54.71044313162565,0.019777100533246994,4.774176981300116,64.97969012707472,72.31988105922937,54.99220220372081,59.46484301239252,59.48462011292577
279,xair_atomic,0,,50.0,control,1,0,0,0,0,,1050,control,0,,0.9325696155428886,2.1633286960422993,59.1401937417686,56.9768650457263,58.20762412622571,,,committed,60.9580078125,EXECUTE,authorization_committed,54.545172955840826,54.564629681408405,0.01945672556757927,4.590853117406368,,,54.66191191226244,59.136026073247194,59.155482798814774
280,xair_atomic,0,,50.0,control,1,0,0,0,0,,1051,control,0,,1.0039242915809155,2.2392310202121735,59.30819921195507,57.0689681917429,58.304274920374155,,,committed,60.824951171875,EXECUTE,authorization_committed,54.66562928631902,54.68041729182005,0.014788005501031876,4.63911285623908,,,54.710352793335915,59.3047421425581,59.31953014805913
281,xair_atomic,1,100.0,50.0,after_release,1,0,0,0,1,1053,1052,after_check,0,after_middleware,1.0248320177197456,2.1794382482767105,60.26009516790509,58.08065691962838,59.23526315018535,110.52076006308198,111.78738716989756,committed,62.426025390625,EXECUTE,authorization_committed,55.22184260189533,55.24199968203902,0.02015708014369011,5.032542161643505,105.2861800417304,114.17726008221507,55.3077538497746,60.25438476353884,60.27454184368253
282,xair_atomic,1,100.0,50.0,after_release,1,0,0,0,1,1055,1054,after_check,0,after_middleware,1.1011059395968914,2.32433108612895,59.43753197789192,57.11320089176297,58.33642603829503,109.8638977855444,111.20024509727955,committed,60.64599609375,EXECUTE,authorization_committed,55.06793363019824,55.09112775325775,0.023194123059511185,4.363466054201126,104.5932387933135,113.17320680245757,54.590257816016674,59.431399684399366,59.45459380745888
283,xair_atomic,1,100.0,50.0,after_release,1,0,0,0,1,1057,1056,after_check,0,after_middleware,0.9477590210735798,2.139585092663765,59.236756060272455,57.09717096760869,58.288997039198875,110.1402067579329,111.65293492376804,committed,60.7529296875,EXECUTE,authorization_committed,54.76444400846958,54.78455172851682,0.02010772004723549,4.467993043363094,104.66496413573623,113.92046883702278,54.66332472860813,59.232437051832676,59.25254477187991
284,xair_atomic,1,100.0,50.0,after_release,1,0,0,0,1,1059,1058,after_check,0,after_middleware,0.9185941889882088,2.1778959780931473,58.83699608966708,56.659100111573935,57.91840190067887,109.3488521873951,110.75263610109687,committed,60.698974609375,EXECUTE,authorization_committed,54.42245304584503,54.43956516683102,0.017112120985984802,4.410766065120697,104.62097218260169,112.66064504161477,54.622177965939045,58.83321911096573,58.850331231951714
285,xair_atomic,0,,50.0,control,1,0,0,0,0,,1060,control,0,,1.0201837867498398,2.50205397605896,59.40592288970947,56.90386891365051,58.38573910295963,,,committed,61.029052734375,EXECUTE,authorization_committed,54.86872140318155,54.88668428733945,0.017962884157896042,4.533374682068825,,,54.609563667327166,59.40209608525038,59.420058969408274
286,xair_atomic,1,100.0,50.0,after_release,1,0,0,0,1,1062,1061,after_check,0,after_middleware,0.9030736982822418,2.232567872852087,61.035830061882734,58.80326218903065,60.13275636360049,110.80711707472801,112.0259640738368,committed,63.197021484375,EXECUTE,authorization_committed,55.71115110069513,55.723725352436304,0.012574251741170883,5.320901982486248,105.54675804451108,114.32659020647407,55.54100126028061,61.03205308318138,61.04462733492255
287,xair_atomic,1,100.0,50.0,after_release,1,0,0,0,1,1064,1063,after_check,0,after_middleware,1.1634919792413712,2.593665849417448,60.31095003709197,57.71728418767452,59.1474580578506,109.89576810970902,111.12313019111753,committed,61.625,EXECUTE,authorization_committed,55.85141433402896,55.862104054540396,0.010689720511436462,4.456760827451944,104.63203210383654,113.4301288984716,54.638036992400885,60.308175161480904,60.31886488199234
288,xair_atomic,0,,50.0,control,1,0,0,0,0,,1065,control,0,,1.0726824402809143,2.5074840523302555,60.64886413514614,58.141380082815886,59.57618169486523,,,committed,61.943115234375,EXECUTE,authorization_committed,55.36637408658862,55.381542071700096,0.01516798511147499,5.279664881527424,,,55.34535413607955,60.646038968116045,60.66120695322752
289,xair_atomic,1,100.0,50.0,after_release,1,0,0,0,1,1067,1066,after_check,0,after_middleware,1.163833774626255,2.9488317668437958,61.433847062289715,58.48501529544592,60.27001328766346,111.38327792286873,112.45016008615494,committed,62.882080078125,EXECUTE,authorization_committed,56.41296831890941,56.438676081597805,0.02570776268839836,5.014427006244659,105.27179203927517,114.55748323351145,55.298276245594025,61.427395325154066,61.453103087842464
290,xair_atomic,1,100.0,50.0,after_release,1,0,0,0,1,1069,1068,after_check,0,after_middleware,0.8456571958959103,2.360349055379629,60.56705117225647,58.20670211687684,59.72139397636056,111.34036676958203,112.30645002797246,committed,61.81396484375,EXECUTE,authorization_committed,55.29367830604315,55.31713226810098,0.023453962057828903,5.268172826617956,105.66321713849902,114.87849475815892,55.68502098321915,60.561851132661104,60.58530509471893
291,xair_atomic,1,100.0,50.0,after_release,1,0,0,0,1,1071,1070,after_check,0,after_middleware,1.0767197236418724,2.2812699899077415,59.51833399012685,57.23706400021911,58.441614266484976,110.55551609024405,111.73758329823613,committed,60.905029296875,EXECUTE,authorization_committed,55.1546267233789,55.174844805151224,0.020218081772327423,4.359178245067596,104.60667498409748,114.0911290422082,54.588284343481064,59.51380496844649,59.53402305021882
292,xair_atomic,1,100.0,50.0,after_release,1,0,0,0,1,1073,1072,after_check,0,after_middleware,1.1967150494456291,2.979469019919634,61.967949382960796,58.98848036304116,60.77123433351517,111.0199373215437,112.16927319765091,committed,62.64501953125,EXECUTE,authorization_committed,56.21038703247905,56.223742198199034,0.013355165719985962,5.754236131906509,105.95752904191613,114.09693025052547,55.96732208505273,61.96462316438556,61.97797833010554
293,xair_atomic,0,,50.0,control,1,0,0,0,0,,1074,control,0,,1.0594381019473076,2.18181312084198,60.18389202654362,58.00207890570164,59.12445392459631,,,committed,61.337890625,EXECUTE,authorization_committed,54.975179955363274,54.999885614961386,0.024705659598112106,5.202841013669968,,,55.30663067474961,60.17802096903324,60.20272662863135
294,xair_atomic,1,100.0,50.0,after_release,1,0,0,0,1,1076,1075,after_check,0,after_middleware,1.2858230620622635,2.493839245289564,59.644210152328014,57.15037090703845,58.35838709026575,110.06232025101781,111.1594489775598,committed,60.2490234375,EXECUTE,authorization_committed,55.008252151310444,55.02965208142996,0.021399930119514465,4.6303970739245415,104.88455602899194,113.44577791169286,54.87582413479686,59.638649225234985,59.6600491553545
295,xair_atomic,0,,50.0,control,1,0,0,0,0,,1077,control,0,,0.9712330065667629,2.3461920209228992,59.61446417495608,57.268272154033184,58.64323116838932,,,committed,60.402099609375,EXECUTE,authorization_committed,55.24678993970156,55.27243763208389,0.025647692382335663,4.361993167549372,,,54.46554394438863,59.60878310725093,59.634430799633265
296,xair_atomic,1,100.0,50.0,after_release,1,0,0,0,1,1079,1078,after_check,0,after_middleware,0.9897868148982525,2.1820939145982265,61.47086713463068,59.28877322003245,60.48108031973243,111.78987100720406,112.89221001788974,committed,63.1630859375,EXECUTE,authorization_committed,55.88238313794136,55.89627893641591,0.013895798474550247,5.585098173469305,105.8976473286748,114.8985642939806,55.87899638339877,61.467481311410666,61.481377109885216
297,xair_atomic,0,,50.0,control,1,0,0,0,0,,1080,control,0,,1.1616800911724567,2.544955350458622,59.938342310488224,57.3933869600296,58.77666221931577,,,committed,60.56298828125,EXECUTE,authorization_committed,55.31712109223008,55.339223239570856,0.022102147340774536,4.61550010368228,,,54.71139494329691,59.93262119591236,59.954723343253136
298,xair_atomic,1,100.0,50.0,after_release,1,0,0,0,1,1082,1081,after_check,0,after_middleware,0.8973227813839912,1.9352412782609463,59.075783006846905,57.14054172858596,58.17846022546291,109.75278913974762,111.02440534159541,committed,60.695068359375,EXECUTE,authorization_committed,54.58950577303767,54.60449494421482,0.014989171177148819,4.4826301746070385,104.6730992384255,113.01218438893557,54.66935597360134,59.07213594764471,59.08712511882186
299,xair_atomic,1,100.0,50.0,after_release,1,0,0,0,1,1084,1083,after_check,0,after_middleware,1.0627140291035175,2.3009669966995716,59.5468869432807,57.245919946581125,58.48417291417718,109.82906213030219,111.12266918644309,committed,60.840087890625,EXECUTE,authorization_committed,54.80437958613038,54.818075615912676,0.013696029782295227,4.739321302622557,104.92672491818666,113.19056898355484,54.92049688473344,59.54370088875294,59.55739691853523
300,xair_atomic,1,100.0,50.0,after_release,1,0,0,0,1,1086,1085,after_check,0,after_middleware,1.1045020073652267,2.2736252285540104,59.435468167066574,57.161842938512564,58.33096615970135,110.04927614703774,110.917744692415,committed,60.720947265625,EXECUTE,authorization_committed,55.02756917849183,55.04629388451576,0.018724706023931503,4.402699880301952,104.63337507098913,113.26829483732581,54.637276101857424,59.43026905879378,59.448993764817715
301,xair_atomic,1,100.0,50.0,after_release,1,0,0,0,1,1088,1087,after_check,0,after_middleware,1.1249799281358719,2.4329540319740772,59.50493784621358,57.0719838142395,58.37995791807771,108.46714675426483,109.55368587747216,committed,59.929931640625,EXECUTE,authorization_committed,54.94176782667637,54.95783779770136,0.016069971024990082,4.55864192917943,104.74061593413353,111.6866166703403,54.74207177758217,59.5004097558558,59.51647972688079
302,xair_atomic,1,100.0,50.0,after_release,1,0,0,0,1,1090,1089,after_check,0,after_middleware,0.8611246012151241,2.3709279485046864,59.36100799590349,56.990080047398806,58.49988339468837,109.3954392708838,110.28930637985468,committed,61.14990234375,EXECUTE,authorization_committed,55.13703403994441,55.151850916445255,0.014816876500844955,4.220338072627783,104.40122941508889,112.2050303965807,54.4088683091104,59.35737211257219,59.37218898907304
303,xair_atomic,1,100.0,50.0,after_release,1,0,0,0,1,1092,1091,after_check,0,after_middleware,0.7918551564216614,1.9919970072805882,59.26617980003357,57.27418279275298,58.47432464361191,109.46668172255158,110.65671499818563,committed,60.56005859375,EXECUTE,authorization_committed,54.767710622400045,54.78151701390743,0.013806391507387161,4.494952969253063,104.68278685584664,112.7428188920021,54.67962473630905,59.26266359165311,59.276469983160496
304,xair_atomic,1,100.0,50.0,after_release,1,0,0,0,1,1094,1093,after_check,0,after_middleware,0.8560759015381336,2.2006682120263577,59.39924996346235,57.198581751435995,58.54317406192422,109.6769068390131,110.82143383100629,committed,60.337890625,EXECUTE,authorization_committed,54.81656175106764,54.829906672239304,0.013344921171665192,4.579001106321812,104.75934110581875,112.86467779427767,54.775475058704615,59.39556285738945,59.408907778561115
305,xair_atomic,1,100.0,50.0,after_release,1,0,0,0,1,1096,1095,after_check,0,after_middleware,1.0016299784183502,2.5318809784948826,60.710471123456955,58.17859014496207,59.708841145038605,111.0354159027338,112.11285786703229,committed,61.97412109375,EXECUTE,authorization_committed,55.43842911720276,55.455541238188744,0.017112120985984802,5.267092026770115,105.48528423532844,114.3252681940794,55.505866184830666,60.705521143972874,60.72263326495886
306,xair_atomic,1,100.0,50.0,after_release,1,0,0,0,1,1098,1097,after_check,0,after_middleware,1.0422449558973312,2.391647081822157,59.43394498899579,57.042297907173634,58.39170003309846,109.39205205067992,110.63030501827598,committed,60.010009765625,EXECUTE,authorization_committed,55.080929305404425,55.096558295190334,0.015628989785909653,4.348707851022482,104.5402497984469,112.69576009362936,54.54595386981964,59.42963715642691,59.445266146212816
307,xair_atomic,1,100.0,50.0,after_release,1,0,0,0,1,1100,1099,after_check,0,after_middleware,1.168000977486372,2.6018316857516766,60.155990067869425,57.55415838211775,58.98798909038305,109.52384024858475,110.56854017078876,committed,60.373046875,EXECUTE,authorization_committed,55.45890796929598,55.47416629269719,0.015258323401212692,4.693265073001385,104.87845540046692,112.73103719577193,54.88408915698528,60.15217304229736,60.167431365698576
308,xair_atomic,1,100.0,50.0,after_release,1,0,0,0,1,1102,1101,after_check,0,after_middleware,1.0733427479863167,2.1082148887217045,59.469140600413084,57.36092571169138,58.39579785242677,109.385980758816,110.50613271072507,committed,60.14306640625,EXECUTE,authorization_committed,55.022377986460924,55.037376936525106,0.014998950064182281,4.443005658686161,104.62913662195206,112.40464495494962,54.641163907945156,59.465383645147085,59.48038259521127
309,xair_atomic,1,100.0,50.0,after_release,1,0,0,0,1,1104,1103,after_check,0,after_middleware,0.8708038367331028,2.1904599852859974,59.34966681525111,57.159206829965115,58.47886297851801,109.89873297512531,111.06975981965661,committed,60.8798828125,EXECUTE,authorization_committed,54.9277113750577,54.9417482689023,0.014036893844604492,4.418478813022375,104.61406921967864,113.19529823958874,54.61843125522137,59.34619018808007,59.36022708192468
310,xair_atomic,0,,50.0,control,1,0,0,0,0,,1105,control,0,,1.096838153898716,2.5001512840390205,60.120753943920135,57.620602659881115,59.02391579002142,,,committed,61.531982421875,EXECUTE,authorization_committed,54.970852099359035,54.99017797410488,0.019325874745845795,5.144832655787468,,,55.22563960403204,60.1156847551465,60.13501062989235
311,xair_atomic,1,100.0,50.0,after_release,1,0,0,0,1,1107,1106,after_check,0,after_middleware,1.002390868961811,2.3146220482885838,60.011900030076504,57.69727798178792,59.00950916111469,110.06169999018312,111.25649092718959,committed,61.22900390625,EXECUTE,authorization_committed,55.10228918865323,55.12374918907881,0.021460000425577164,4.904692061245441,105.12062022462487,113.44660026952624,55.12729613110423,60.00698124989867,60.02844125032425
312,xair_atomic,1,100.0,50.0,after_release,1,0,0,0,1,1109,1108,after_check,0,after_middleware,1.0388591326773167,2.4949912913143635,60.187720227986574,57.69272893667221,59.14886109530926,109.97503716498613,110.84606125950813,committed,61.85693359375,EXECUTE,authorization_committed,55.27007393538952,55.29294582083821,0.02287188544869423,4.9117752350866795,105.13926390558481,112.90295980870724,55.14930700883269,60.1818491704762,60.20472105592489
313,xair_atomic,1,100.0,50.0,after_release,1,0,0,0,1,1111,1110,after_check,0,after_middleware,1.0281587019562721,2.354987896978855,59.6935716457665,57.33858374878764,58.665412943810225,110.96552386879921,112.10222681984305,committed,61.382080078125,EXECUTE,authorization_committed,55.01937307417393,55.03907985985279,0.019706785678863525,4.669108893722296,105.0289967097342,114.5668406970799,55.03592360764742,59.68848196789622,59.70818875357509
314,xair_atomic,1,100.0,50.0,after_release,1,0,0,0,1,1113,1112,after_check,0,after_middleware,0.8578901179134846,2.3313043639063835,59.24303736537695,56.911733001470566,58.385147247463465,109.38017023727298,110.50195526331663,committed,61.1630859375,EXECUTE,authorization_committed,54.81437919661403,54.83144102618098,0.017061829566955566,4.425311926752329,104.65806117281318,112.46242327615619,54.670657962560654,59.239691123366356,59.25675295293331
315,xair_atomic,0,,50.0,control,1,0,0,0,0,,1114,control,0,,0.9794170036911964,2.4827979505062103,59.89016126841307,57.40736331790686,58.91074426472187,,,committed,60.919921875,EXECUTE,authorization_committed,55.24677876383066,55.26483291760087,0.01805415377020836,4.63972520083189,,,54.72333822399378,59.88650396466255,59.90455811843276
316,xair_atomic,0,,50.0,control,1,0,0,0,0,,1115,control,0,,0.9855492971837521,2.2780243307352066,59.78653719648719,57.50851286575198,58.800987899303436,,,committed,61.26806640625,EXECUTE,authorization_committed,55.36322807893157,55.38454791530967,0.021319836378097534,4.418129101395607,,,54.49800519272685,59.78135718032718,59.802677016705275
317,xair_atomic,1,100.0,50.0,after_release,1,0,0,0,1,1117,1116,after_check,0,after_middleware,0.8596428669989109,2.1027149632573128,59.94138680398464,57.83867184072733,59.08174393698573,110.187494661659,111.29755666479468,committed,61.906982421875,EXECUTE,authorization_committed,55.09808985516429,55.11685600504279,0.018766149878501892,4.839779809117317,105.06705800071359,113.80922002717853,55.077611934393644,59.93786966428161,59.95663581416011
318,xair_atomic,1,100.0,50.0,after_release,1,0,0,0,1,1119,1118,after_check,0,after_middleware,1.2095188722014427,2.9630488716065884,62.00350588187575,59.040457010269165,60.79398700967431,111.3787698559463,112.85006999969482,committed,63.262939453125,EXECUTE,authorization_committed,56.665752083063126,56.68959580361843,0.02384372055530548,5.331262014806271,105.603844858706,115.2870119549334,55.60544179752469,61.997014097869396,62.0208578184247
319,xair_atomic,0,,50.0,control,1,0,0,0,0,,1120,control,0,,1.128296833485365,2.889730967581272,60.392362996935844,57.50263202935457,59.26406616345048,,,committed,61.73095703125,EXECUTE,authorization_committed,55.86092174053192,55.88544765487313,0.02452591434121132,4.527514334768057,,,54.62566437199712,60.38843607529998,60.41296198964119
