version_scope,pattern,target_rate_hz,run,gateway_released,outcome,reason,e2e_latency_ms,validation_to_gate_ms,achieved_rate_hz,goodput_ips
global,unrelated,0,0,1,EXECUTE,published_after_gate_recheck,14.667889103293419,3.8275611586868763,0.0,64.7095032412455
global,unrelated,0,1,1,EXECUTE,published_after_gate_recheck,15.568798873573542,4.5297592878341675,0.0,64.7095032412455
global,unrelated,0,2,1,EXECUTE,published_after_gate_recheck,17.019511200487614,4.624234978109598,0.0,64.7095032412455
global,unrelated,0,3,1,EXECUTE,published_after_gate_recheck,14.682305045425892,3.826838918030262,0.0,64.7095032412455
global,unrelated,0,4,1,EXECUTE,published_after_gate_recheck,14.795497991144657,4.509089048951864,0.0,64.7095032412455
global,unrelated,0,5,1,EXECUTE,published_after_gate_recheck,13.664526399224997,4.152930807322264,0.0,64.7095032412455
global,unrelated,0,6,1,EXECUTE,published_after_gate_recheck,13.919624965637922,4.112685099244118,0.0,64.7095032412455
global,unrelated,0,7,1,EXECUTE,published_after_gate_recheck,14.543043915182352,4.109530244022608,0.0,64.7095032412455
global,unrelated,0,8,1,EXECUTE,published_after_gate_recheck,13.72476015239954,3.989615011960268,0.0,64.7095032412455
global,unrelated,0,9,1,EXECUTE,published_after_gate_recheck,14.239524956792593,4.064194858074188,0.0,64.7095032412455
global,unrelated,0,10,1,EXECUTE,published_after_gate_recheck,14.436354860663414,4.414761904627085,0.0,64.7095032412455
global,unrelated,0,11,1,EXECUTE,published_after_gate_recheck,14.379817992448807,4.259502049535513,0.0,64.7095032412455
global,unrelated,0,12,1,EXECUTE,published_after_gate_recheck,15.522622037678957,4.073412157595158,0.0,64.7095032412455
global,unrelated,0,13,1,EXECUTE,published_after_gate_recheck,14.212112873792648,3.791232593357563,0.0,64.7095032412455
global,unrelated,0,14,1,EXECUTE,published_after_gate_recheck,14.397360850125551,3.9355140179395676,0.0,64.7095032412455
global,unrelated,0,15,1,EXECUTE,published_after_gate_recheck,15.153279062360525,3.993322141468525,0.0,64.7095032412455
global,unrelated,0,16,1,EXECUTE,published_after_gate_recheck,14.56074696034193,4.1228849440813065,0.0,64.7095032412455
global,unrelated,0,17,1,EXECUTE,published_after_gate_recheck,13.814438134431839,4.120421130210161,0.0,64.7095032412455
global,unrelated,0,18,1,EXECUTE,published_after_gate_recheck,17.672244925051928,4.763005767017603,0.0,64.7095032412455
global,unrelated,0,19,1,EXECUTE,published_after_gate_recheck,15.418366994708776,3.932658117264509,0.0,64.7095032412455
global,unrelated,0,20,1,EXECUTE,published_after_gate_recheck,15.887156128883362,4.651647061109543,0.0,64.7095032412455
global,unrelated,0,21,1,EXECUTE,published_after_gate_recheck,14.509311877191067,3.780562896281481,0.0,64.7095032412455
global,unrelated,0,22,1,EXECUTE,published_after_gate_recheck,14.56077815964818,4.217412788420916,0.0,64.7095032412455
global,unrelated,0,23,1,EXECUTE,published_after_gate_recheck,14.73757904022932,3.942756913602352,0.0,64.7095032412455
global,unrelated,0,24,1,EXECUTE,published_after_gate_recheck,16.168994829058647,4.627050831913948,0.0,64.7095032412455
global,unrelated,0,25,1,EXECUTE,published_after_gate_recheck,15.077326912432909,4.337057005614042,0.0,64.7095032412455
global,unrelated,0,26,1,EXECUTE,published_after_gate_recheck,14.761374332010746,3.8652620278298855,0.0,64.7095032412455
global,unrelated,0,27,1,EXECUTE,published_after_gate_recheck,15.05295094102621,4.204557742923498,0.0,64.7095032412455
global,unrelated,0,28,1,EXECUTE,published_after_gate_recheck,14.328761957585812,4.118145909160376,0.0,64.7095032412455
global,unrelated,0,29,1,EXECUTE,published_after_gate_recheck,14.288356993347406,3.996036946773529,0.0,64.7095032412455
global,unrelated,0,30,1,EXECUTE,published_after_gate_recheck,14.402430970221758,4.0897829458117485,0.0,64.7095032412455
global,unrelated,0,31,1,EXECUTE,published_after_gate_recheck,13.64960940554738,4.092909395694733,0.0,64.7095032412455
global,unrelated,0,32,1,EXECUTE,published_after_gate_recheck,13.637977186590433,3.748321905732155,0.0,64.7095032412455
global,unrelated,0,33,1,EXECUTE,published_after_gate_recheck,13.521958608180285,4.076578188687563,0.0,64.7095032412455
global,unrelated,0,34,1,EXECUTE,published_after_gate_recheck,14.641980174928904,4.079093225300312,0.0,64.7095032412455
global,unrelated,0,35,1,EXECUTE,published_after_gate_recheck,14.221902005374432,4.231147933751345,0.0,64.7095032412455
global,unrelated,0,36,1,EXECUTE,published_after_gate_recheck,17.578779719769955,4.823269788175821,0.0,64.7095032412455
global,unrelated,0,37,1,EXECUTE,published_after_gate_recheck,15.6903057359159,4.808411002159119,0.0,64.7095032412455
global,unrelated,0,38,1,EXECUTE,published_after_gate_recheck,14.743880834430456,4.2493632063269615,0.0,64.7095032412455
global,unrelated,0,39,1,EXECUTE,published_after_gate_recheck,15.558500308543444,4.786610137671232,0.0,64.7095032412455
global,unrelated,0,40,1,EXECUTE,published_after_gate_recheck,15.20060794427991,4.3130917474627495,0.0,64.7095032412455
global,unrelated,0,41,1,EXECUTE,published_after_gate_recheck,14.925252180546522,4.133464768528938,0.0,64.7095032412455
global,unrelated,0,42,1,EXECUTE,published_after_gate_recheck,14.429801609367132,4.055408760905266,0.0,64.7095032412455
global,unrelated,0,43,1,EXECUTE,published_after_gate_recheck,13.951153960078955,3.9820512756705284,0.0,64.7095032412455
global,unrelated,0,44,1,EXECUTE,published_after_gate_recheck,14.36559110879898,4.382201936095953,0.0,64.7095032412455
global,unrelated,0,45,1,EXECUTE,published_after_gate_recheck,15.463531017303467,3.991308156400919,0.0,64.7095032412455
global,unrelated,0,46,1,EXECUTE,published_after_gate_recheck,15.670469962060452,4.478271119296551,0.0,64.7095032412455
global,unrelated,0,47,1,EXECUTE,published_after_gate_recheck,15.9470378421247,4.354279022663832,0.0,64.7095032412455
global,unrelated,0,48,1,EXECUTE,published_after_gate_recheck,15.285697765648365,4.118126351386309,0.0,64.7095032412455
global,unrelated,0,49,1,EXECUTE,published_after_gate_recheck,15.378963202238083,4.153161775320768,0.0,64.7095032412455
global,unrelated,0,50,1,EXECUTE,published_after_gate_recheck,15.842612832784653,4.492938984185457,0.0,64.7095032412455
global,unrelated,0,51,1,EXECUTE,published_after_gate_recheck,15.343895647674799,3.9962572045624256,0.0,64.7095032412455
global,unrelated,0,52,1,EXECUTE,published_after_gate_recheck,15.275078359991312,4.121202044188976,0.0,64.7095032412455
global,unrelated,0,53,1,EXECUTE,published_after_gate_recheck,15.412596054375172,4.636499099433422,0.0,64.7095032412455
global,unrelated,0,54,1,EXECUTE,published_after_gate_recheck,15.576424077153206,4.251697100698948,0.0,64.7095032412455
global,unrelated,0,55,1,EXECUTE,published_after_gate_recheck,14.463736210018396,4.173219203948975,0.0,64.7095032412455
global,unrelated,0,56,1,EXECUTE,published_after_gate_recheck,14.776141848415136,3.92898079007864,0.0,64.7095032412455
global,unrelated,0,57,1,EXECUTE,published_after_gate_recheck,14.057263266295195,4.619196988642216,0.0,64.7095032412455
global,unrelated,0,58,1,EXECUTE,published_after_gate_recheck,14.269111212342978,4.285048693418503,0.0,64.7095032412455
global,unrelated,0,59,1,EXECUTE,published_after_gate_recheck,13.811282347887754,3.8552130572497845,0.0,64.7095032412455
global,unrelated,0,60,1,EXECUTE,published_after_gate_recheck,14.462552964687347,3.8278717547655106,0.0,64.7095032412455
global,unrelated,0,61,1,EXECUTE,published_after_gate_recheck,15.677331946790218,4.130308981984854,0.0,64.7095032412455
global,unrelated,0,62,1,EXECUTE,published_after_gate_recheck,14.44263570010662,4.240856971591711,0.0,64.7095032412455
global,unrelated,0,63,1,EXECUTE,published_after_gate_recheck,14.515362214297056,3.950520884245634,0.0,64.7095032412455
global,unrelated,0,64,1,EXECUTE,published_after_gate_recheck,18.709841649979353,6.890858057886362,0.0,64.7095032412455
global,unrelated,0,65,1,EXECUTE,published_after_gate_recheck,21.543969865888357,4.990863148123026,0.0,64.7095032412455
global,unrelated,0,66,1,EXECUTE,published_after_gate_recheck,18.72715400531888,5.906842183321714,0.0,64.7095032412455
global,unrelated,0,67,1,EXECUTE,published_after_gate_recheck,19.434682093560696,4.697792697697878,0.0,64.7095032412455
global,unrelated,0,68,1,EXECUTE,published_after_gate_recheck,22.133916150778532,4.708212800323963,0.0,64.7095032412455
global,unrelated,0,69,1,EXECUTE,published_after_gate_recheck,16.27012388780713,4.571777302771807,0.0,64.7095032412455
global,unrelated,0,70,1,EXECUTE,published_after_gate_recheck,15.556716360151768,4.526411648839712,0.0,64.7095032412455
global,unrelated,0,71,1,EXECUTE,published_after_gate_recheck,14.884475152939558,4.564343020319939,0.0,64.7095032412455
global,unrelated,0,72,1,EXECUTE,published_after_gate_recheck,15.000582672655582,3.8425391539931297,0.0,64.7095032412455
global,unrelated,0,73,1,EXECUTE,published_after_gate_recheck,14.741346705704927,4.3153162114322186,0.0,64.7095032412455
global,unrelated,0,74,1,EXECUTE,published_after_gate_recheck,15.015980694442987,4.253479652106762,0.0,64.7095032412455
global,unrelated,0,75,1,EXECUTE,published_after_gate_recheck,16.2823679856956,4.700809717178345,0.0,64.7095032412455
global,unrelated,0,76,1,EXECUTE,published_after_gate_recheck,16.059488989412785,4.10151481628418,0.0,64.7095032412455
global,unrelated,0,77,1,EXECUTE,published_after_gate_recheck,16.224498860538006,4.371812101453543,0.0,64.7095032412455
global,unrelated,0,78,1,EXECUTE,published_after_gate_recheck,17.21434574574232,4.397098906338215,0.0,64.7095032412455
global,unrelated,0,79,1,EXECUTE,published_after_gate_recheck,16.149878967553377,4.6227131970226765,0.0,64.7095032412455
global,unrelated,0,80,1,EXECUTE,published_after_gate_recheck,15.05985390394926,4.0800441056489944,0.0,64.7095032412455
global,unrelated,0,81,1,EXECUTE,published_after_gate_recheck,15.74444817379117,4.258869681507349,0.0,64.7095032412455
global,unrelated,0,82,1,EXECUTE,published_after_gate_recheck,15.630755107849836,4.385286942124367,0.0,64.7095032412455
global,unrelated,0,83,1,EXECUTE,published_after_gate_recheck,16.780893318355083,4.1136667132377625,0.0,64.7095032412455
global,unrelated,0,84,1,EXECUTE,published_after_gate_recheck,15.43900603428483,4.369487054646015,0.0,64.7095032412455
global,unrelated,0,85,1,EXECUTE,published_after_gate_recheck,15.16209589317441,4.261524882167578,0.0,64.7095032412455
global,unrelated,0,86,1,EXECUTE,published_after_gate_recheck,15.432273037731647,4.382251761853695,0.0,64.7095032412455
global,unrelated,0,87,1,EXECUTE,published_after_gate_recheck,15.451399143785238,4.00500325486064,0.0,64.7095032412455
global,unrelated,0,88,1,EXECUTE,published_after_gate_recheck,15.50174318253994,4.0647960267961025,0.0,64.7095032412455
global,unrelated,0,89,1,EXECUTE,published_after_gate_recheck,15.418285969644785,4.713353235274553,0.0,64.7095032412455
global,unrelated,0,90,1,EXECUTE,published_after_gate_recheck,14.252679888159037,4.30124020203948,0.0,64.7095032412455
global,unrelated,0,91,1,EXECUTE,published_after_gate_recheck,16.848308965563774,4.050168674439192,0.0,64.7095032412455
global,unrelated,0,92,1,EXECUTE,published_after_gate_recheck,14.800327830016613,4.1261715814471245,0.0,64.7095032412455
global,unrelated,0,93,1,EXECUTE,published_after_gate_recheck,15.41297696530819,4.4568306766450405,0.0,64.7095032412455
global,unrelated,0,94,1,EXECUTE,published_after_gate_recheck,15.635213814675808,4.4346097856760025,0.0,64.7095032412455
global,unrelated,0,95,1,EXECUTE,published_after_gate_recheck,18.982292618602514,4.776450805366039,0.0,64.7095032412455
global,unrelated,0,96,1,EXECUTE,published_after_gate_recheck,16.19203807786107,3.8523669354617596,0.0,64.7095032412455
global,unrelated,0,97,1,EXECUTE,published_after_gate_recheck,15.523653943091631,4.551840014755726,0.0,64.7095032412455
global,unrelated,0,98,1,EXECUTE,published_after_gate_recheck,14.440842904150486,4.101404920220375,0.0,64.7095032412455
global,unrelated,0,99,1,EXECUTE,published_after_gate_recheck,15.49806585535407,4.084903746843338,0.0,64.7095032412455
readset,unrelated,0,0,1,EXECUTE,published_after_gate_recheck,15.91567974537611,4.184961318969727,0.0,64.1777338851134
readset,unrelated,0,1,1,EXECUTE,published_after_gate_recheck,15.153901185840368,4.570004064589739,0.0,64.1777338851134
readset,unrelated,0,2,1,EXECUTE,published_after_gate_recheck,14.876429922878742,4.075977019965649,0.0,64.1777338851134
readset,unrelated,0,3,1,EXECUTE,published_after_gate_recheck,14.52837698161602,4.158442374318838,0.0,64.1777338851134
readset,unrelated,0,4,1,EXECUTE,published_after_gate_recheck,14.795057009905577,4.174582194536924,0.0,64.1777338851134
readset,unrelated,0,5,1,EXECUTE,published_after_gate_recheck,13.894869014620781,3.962283954024315,0.0,64.1777338851134
readset,unrelated,0,6,1,EXECUTE,published_after_gate_recheck,13.627856969833374,4.03596181422472,0.0,64.1777338851134
readset,unrelated,0,7,1,EXECUTE,published_after_gate_recheck,14.125310815870762,4.003049805760384,0.0,64.1777338851134
readset,unrelated,0,8,1,EXECUTE,published_after_gate_recheck,13.559198938310146,3.695683553814888,0.0,64.1777338851134
readset,unrelated,0,9,1,EXECUTE,published_after_gate_recheck,13.692748732864857,4.00272011756897,0.0,64.1777338851134
readset,unrelated,0,10,1,EXECUTE,published_after_gate_recheck,16.62147417664528,4.6734376810491085,0.0,64.1777338851134
readset,unrelated,0,11,1,EXECUTE,published_after_gate_recheck,14.51572310179472,4.395145922899246,0.0,64.1777338851134
readset,unrelated,0,12,1,EXECUTE,published_after_gate_recheck,13.407723978161812,4.147761967033148,0.0,64.1777338851134
readset,unrelated,0,13,1,EXECUTE,published_after_gate_recheck,16.361286398023367,4.913016688078642,0.0,64.1777338851134
readset,unrelated,0,14,1,EXECUTE,published_after_gate_recheck,14.539909083396196,4.195771180093288,0.0,64.1777338851134
readset,unrelated,0,15,1,EXECUTE,published_after_gate_recheck,16.61435980349779,4.757346119731665,0.0,64.1777338851134
readset,unrelated,0,16,1,EXECUTE,published_after_gate_recheck,14.657879713922739,4.168150015175343,0.0,64.1777338851134
readset,unrelated,0,17,1,EXECUTE,published_after_gate_recheck,14.72106808796525,3.8900580257177353,0.0,64.1777338851134
readset,unrelated,0,18,1,EXECUTE,published_after_gate_recheck,14.37440887093544,3.98516608402133,0.0,64.1777338851134
readset,unrelated,0,19,1,EXECUTE,published_after_gate_recheck,16.350326128304005,4.3876017443835735,0.0,64.1777338851134
readset,unrelated,0,20,1,EXECUTE,published_after_gate_recheck,14.242039993405342,4.082198720425367,0.0,64.1777338851134
readset,unrelated,0,21,1,EXECUTE,published_after_gate_recheck,14.903711155056953,3.9815600030124187,0.0,64.1777338851134
readset,unrelated,0,22,1,EXECUTE,published_after_gate_recheck,18.12112797051668,4.60732402279973,0.0,64.1777338851134
readset,unrelated,0,23,1,EXECUTE,published_after_gate_recheck,15.224942937493324,4.403129685670137,0.0,64.1777338851134
readset,unrelated,0,24,1,EXECUTE,published_after_gate_recheck,16.947665717452765,4.7875018790364265,0.0,64.1777338851134
readset,unrelated,0,25,1,EXECUTE,published_after_gate_recheck,16.11633598804474,4.506636410951614,0.0,64.1777338851134
readset,unrelated,0,26,1,EXECUTE,published_after_gate_recheck,15.035699121654034,4.135096911340952,0.0,64.1777338851134
readset,unrelated,0,27,1,EXECUTE,published_after_gate_recheck,14.616943895816803,4.159473814070225,0.0,64.1777338851134
readset,unrelated,0,28,1,EXECUTE,published_after_gate_recheck,16.313595697283745,4.788724239915609,0.0,64.1777338851134
readset,unrelated,0,29,1,EXECUTE,published_after_gate_recheck,14.4536760635674,4.322358872741461,0.0,64.1777338851134
readset,unrelated,0,30,1,EXECUTE,published_after_gate_recheck,16.659254673868418,4.7017112374305725,0.0,64.1777338851134
readset,unrelated,0,31,1,EXECUTE,published_after_gate_recheck,15.241174027323723,4.596854094415903,0.0,64.1777338851134
readset,unrelated,0,32,1,EXECUTE,published_after_gate_recheck,17.971275839954615,3.7633408792316914,0.0,64.1777338851134
readset,unrelated,0,33,1,EXECUTE,published_after_gate_recheck,20.778713282197714,5.808597896248102,0.0,64.1777338851134
readset,unrelated,0,34,1,EXECUTE,published_after_gate_recheck,15.908104833215475,3.850684966892004,0.0,64.1777338851134
readset,unrelated,0,35,1,EXECUTE,published_after_gate_recheck,16.798957251012325,4.970795940607786,0.0,64.1777338851134
readset,unrelated,0,36,1,EXECUTE,published_after_gate_recheck,16.498312819749117,4.371361806988716,0.0,64.1777338851134
readset,unrelated,0,37,1,EXECUTE,published_after_gate_recheck,16.100015956908464,5.5939448066055775,0.0,64.1777338851134
readset,unrelated,0,38,1,EXECUTE,published_after_gate_recheck,17.409252002835274,4.535490181297064,0.0,64.1777338851134
readset,unrelated,0,39,1,EXECUTE,published_after_gate_recheck,14.96694004163146,4.14937362074852,0.0,64.1777338851134
readset,unrelated,0,40,1,EXECUTE,published_after_gate_recheck,15.920900274068117,4.290520213544369,0.0,64.1777338851134
readset,unrelated,0,41,1,EXECUTE,published_after_gate_recheck,15.215354971587658,4.207483027130365,0.0,64.1777338851134
readset,unrelated,0,42,1,EXECUTE,published_after_gate_recheck,16.24263310804963,4.178379196673632,0.0,64.1777338851134
readset,unrelated,0,43,1,EXECUTE,published_after_gate_recheck,16.140741761773825,4.377282224595547,0.0,64.1777338851134
readset,unrelated,0,44,1,EXECUTE,published_after_gate_recheck,15.529645141214132,4.5754751190543175,0.0,64.1777338851134
readset,unrelated,0,45,1,EXECUTE,published_after_gate_recheck,18.413817044347525,7.55156809464097,0.0,64.1777338851134
readset,unrelated,0,46,1,EXECUTE,published_after_gate_recheck,16.74678921699524,4.103389102965593,0.0,64.1777338851134
readset,unrelated,0,47,1,EXECUTE,published_after_gate_recheck,20.04475612193346,4.850950557738543,0.0,64.1777338851134
readset,unrelated,0,48,1,EXECUTE,published_after_gate_recheck,14.59460100159049,3.8921921513974667,0.0,64.1777338851134
readset,unrelated,0,49,1,EXECUTE,published_after_gate_recheck,16.02458395063877,4.510652273893356,0.0,64.1777338851134
readset,unrelated,0,50,1,EXECUTE,published_after_gate_recheck,17.47646788135171,4.403511062264442,0.0,64.1777338851134
readset,unrelated,0,51,1,EXECUTE,published_after_gate_recheck,16.238595824688673,4.8937420360744,0.0,64.1777338851134
readset,unrelated,0,52,1,EXECUTE,published_after_gate_recheck,15.53013687953353,3.7484331987798214,0.0,64.1777338851134
readset,unrelated,0,53,1,EXECUTE,published_after_gate_recheck,15.696558635681868,4.541940987110138,0.0,64.1777338851134
readset,unrelated,0,54,1,EXECUTE,published_after_gate_recheck,15.772090759128332,4.313822835683823,0.0,64.1777338851134
readset,unrelated,0,55,1,EXECUTE,published_after_gate_recheck,17.457382287830114,4.196633119136095,0.0,64.1777338851134
readset,unrelated,0,56,1,EXECUTE,published_after_gate_recheck,14.356614090502262,3.799828700721264,0.0,64.1777338851134
readset,unrelated,0,57,1,EXECUTE,published_after_gate_recheck,15.087776817381382,4.244954790920019,0.0,64.1777338851134
readset,unrelated,0,58,1,EXECUTE,published_after_gate_recheck,14.069496188312769,4.016324877738953,0.0,64.1777338851134
readset,unrelated,0,59,1,EXECUTE,published_after_gate_recheck,14.42466164007783,4.094101022928953,0.0,64.1777338851134
readset,unrelated,0,60,1,EXECUTE,published_after_gate_recheck,14.461861923336983,4.13232296705246,0.0,64.1777338851134
readset,unrelated,0,61,1,EXECUTE,published_after_gate_recheck,20.51563933491707,5.07509196177125,0.0,64.1777338851134
readset,unrelated,0,62,1,EXECUTE,published_after_gate_recheck,15.023686923086643,3.8337018340826035,0.0,64.1777338851134
readset,unrelated,0,63,1,EXECUTE,published_after_gate_recheck,15.506592113524675,4.0859561413526535,0.0,64.1777338851134
readset,unrelated,0,64,1,EXECUTE,published_after_gate_recheck,16.531105153262615,4.289377015084028,0.0,64.1777338851134
readset,unrelated,0,65,1,EXECUTE,published_after_gate_recheck,14.762216247618198,4.152931738644838,0.0,64.1777338851134
readset,unrelated,0,66,1,EXECUTE,published_after_gate_recheck,14.827688690274954,4.48607699945569,0.0,64.1777338851134
readset,unrelated,0,67,1,EXECUTE,published_after_gate_recheck,14.83201701194048,4.199398681521416,0.0,64.1777338851134
readset,unrelated,0,68,1,EXECUTE,published_after_gate_recheck,15.367079991847277,4.5720967464149,0.0,64.1777338851134
readset,unrelated,0,69,1,EXECUTE,published_after_gate_recheck,14.886979013681412,4.259080160409212,0.0,64.1777338851134
readset,unrelated,0,70,1,EXECUTE,published_after_gate_recheck,14.997918158769608,4.216230008751154,0.0,64.1777338851134
readset,unrelated,0,71,1,EXECUTE,published_after_gate_recheck,15.153569635003805,4.148553125560284,0.0,64.1777338851134
readset,unrelated,0,72,1,EXECUTE,published_after_gate_recheck,14.88275220617652,4.219235852360725,0.0,64.1777338851134
readset,unrelated,0,73,1,EXECUTE,published_after_gate_recheck,14.943686313927174,4.54191118478775,0.0,64.1777338851134
readset,unrelated,0,74,1,EXECUTE,published_after_gate_recheck,16.318525187671185,4.4519929215312,0.0,64.1777338851134
readset,unrelated,0,75,1,EXECUTE,published_after_gate_recheck,14.933166094124317,4.339211154729128,0.0,64.1777338851134
readset,unrelated,0,76,1,EXECUTE,published_after_gate_recheck,15.4553959146142,4.545197822153568,0.0,64.1777338851134
readset,unrelated,0,77,1,EXECUTE,published_after_gate_recheck,15.470864716917276,4.1594128124415874,0.0,64.1777338851134
readset,unrelated,0,78,1,EXECUTE,published_after_gate_recheck,16.26062672585249,4.48142783716321,0.0,64.1777338851134
readset,unrelated,0,79,1,EXECUTE,published_after_gate_recheck,14.802280813455582,4.425663035362959,0.0,64.1777338851134
readset,unrelated,0,80,1,EXECUTE,published_after_gate_recheck,15.012475196272135,4.11568209528923,0.0,64.1777338851134
readset,unrelated,0,81,1,EXECUTE,published_after_gate_recheck,14.65505501255393,4.109169822186232,0.0,64.1777338851134
readset,unrelated,0,82,1,EXECUTE,published_after_gate_recheck,14.809814747422934,4.0703159756958485,0.0,64.1777338851134
readset,unrelated,0,83,1,EXECUTE,published_after_gate_recheck,14.463304076343775,3.7799221463501453,0.0,64.1777338851134
readset,unrelated,0,84,1,EXECUTE,published_after_gate_recheck,16.096417792141438,4.157580900937319,0.0,64.1777338851134
readset,unrelated,0,85,1,EXECUTE,published_after_gate_recheck,15.192362945526838,4.457271657884121,0.0,64.1777338851134
readset,unrelated,0,86,1,EXECUTE,published_after_gate_recheck,14.271154999732971,3.882764372974634,0.0,64.1777338851134
readset,unrelated,0,87,1,EXECUTE,published_after_gate_recheck,14.396619983017445,3.9446610026061535,0.0,64.1777338851134
readset,unrelated,0,88,1,EXECUTE,published_after_gate_recheck,16.099714674055576,4.459776915609837,0.0,64.1777338851134
readset,unrelated,0,89,1,EXECUTE,published_after_gate_recheck,15.174189116805792,4.416946787387133,0.0,64.1777338851134
readset,unrelated,0,90,1,EXECUTE,published_after_gate_recheck,14.41028481349349,4.071319010108709,0.0,64.1777338851134
readset,unrelated,0,91,1,EXECUTE,published_after_gate_recheck,14.114700723439455,3.856163937598467,0.0,64.1777338851134
readset,unrelated,0,92,1,EXECUTE,published_after_gate_recheck,14.318242203444242,4.430953413248062,0.0,64.1777338851134
readset,unrelated,0,93,1,EXECUTE,published_after_gate_recheck,14.275251887738705,4.28840471431613,0.0,64.1777338851134
readset,unrelated,0,94,1,EXECUTE,published_after_gate_recheck,17.672255635261536,4.603106062859297,0.0,64.1777338851134
readset,unrelated,0,95,1,EXECUTE,published_after_gate_recheck,15.093276277184486,3.7658759392797947,0.0,64.1777338851134
readset,unrelated,0,96,1,EXECUTE,published_after_gate_recheck,13.643777929246426,3.779049962759018,0.0,64.1777338851134
readset,unrelated,0,97,1,EXECUTE,published_after_gate_recheck,14.889935031533241,3.9272382855415344,0.0,64.1777338851134
readset,unrelated,0,98,1,EXECUTE,published_after_gate_recheck,14.13943711668253,3.9558010175824165,0.0,64.1777338851134
readset,unrelated,0,99,1,EXECUTE,published_after_gate_recheck,17.510310746729374,4.356163088232279,0.0,64.1777338851134
global,related_same,0,0,1,EXECUTE,published_after_gate_recheck,19.78810504078865,5.06346020847559,0.0,66.1065609299806
global,related_same,0,1,1,EXECUTE,published_after_gate_recheck,15.319541096687317,4.373745992779732,0.0,66.1065609299806
global,related_same,0,2,1,EXECUTE,published_after_gate_recheck,17.92766433209181,4.545689094811678,0.0,66.1065609299806
global,related_same,0,3,1,EXECUTE,published_after_gate_recheck,17.488481011241674,6.002772133797407,0.0,66.1065609299806
global,related_same,0,4,1,EXECUTE,published_after_gate_recheck,16.191107220947742,4.204887896776199,0.0,66.1065609299806
global,related_same,0,5,1,EXECUTE,published_after_gate_recheck,15.098126139491796,4.180633928626776,0.0,66.1065609299806
global,related_same,0,6,1,EXECUTE,published_after_gate_recheck,16.87989803031087,4.124428145587444,0.0,66.1065609299806
global,related_same,0,7,1,EXECUTE,published_after_gate_recheck,14.906817115843296,4.591533914208412,0.0,66.1065609299806
global,related_same,0,8,1,EXECUTE,published_after_gate_recheck,15.15962090343237,3.9079017005860806,0.0,66.1065609299806
global,related_same,0,9,1,EXECUTE,published_after_gate_recheck,15.670989640057087,4.450279287993908,0.0,66.1065609299806
global,related_same,0,10,1,EXECUTE,published_after_gate_recheck,15.627810265868902,4.562891088426113,0.0,66.1065609299806
global,related_same,0,11,1,EXECUTE,published_after_gate_recheck,14.824071899056435,4.036642611026764,0.0,66.1065609299806
global,related_same,0,12,1,EXECUTE,published_after_gate_recheck,15.571624040603638,4.335793666541576,0.0,66.1065609299806
global,related_same,0,13,1,EXECUTE,published_after_gate_recheck,14.936592895537615,4.402630031108856,0.0,66.1065609299806
global,related_same,0,14,1,EXECUTE,published_after_gate_recheck,14.610001351684332,3.7228940054774284,0.0,66.1065609299806
global,related_same,0,15,1,EXECUTE,published_after_gate_recheck,13.937667943537235,3.830886911600828,0.0,66.1065609299806
global,related_same,0,16,1,EXECUTE,published_after_gate_recheck,15.195237938314676,4.436393268406391,0.0,66.1065609299806
global,related_same,0,17,1,EXECUTE,published_after_gate_recheck,14.899854082614183,4.238060675561428,0.0,66.1065609299806
global,related_same,0,18,1,EXECUTE,published_after_gate_recheck,16.304830089211464,4.370949696749449,0.0,66.1065609299806
global,related_same,0,19,1,EXECUTE,published_after_gate_recheck,15.869011636823416,4.535570275038481,0.0,66.1065609299806
global,related_same,0,20,1,EXECUTE,published_after_gate_recheck,15.511471312493086,4.676613956689835,0.0,66.1065609299806
global,related_same,0,21,1,EXECUTE,published_after_gate_recheck,15.156295150518417,4.553352948278189,0.0,66.1065609299806
global,related_same,0,22,1,EXECUTE,published_after_gate_recheck,15.327876899391413,4.25990205258131,0.0,66.1065609299806
global,related_same,0,23,1,EXECUTE,published_after_gate_recheck,15.45542711392045,4.128004889935255,0.0,66.1065609299806
global,related_same,0,24,1,EXECUTE,published_after_gate_recheck,15.261472202837467,4.1344063356518745,0.0,66.1065609299806
global,related_same,0,25,1,EXECUTE,published_after_gate_recheck,15.151445753872395,4.384364932775497,0.0,66.1065609299806
global,related_same,0,26,1,EXECUTE,published_after_gate_recheck,14.07089876011014,4.1021560318768024,0.0,66.1065609299806
global,related_same,0,27,1,EXECUTE,published_after_gate_recheck,16.406401060521603,3.987550735473633,0.0,66.1065609299806
global,related_same,0,28,1,EXECUTE,published_after_gate_recheck,14.461681712418795,3.7932461127638817,0.0,66.1065609299806
global,related_same,0,29,1,EXECUTE,published_after_gate_recheck,13.956414069980383,4.476738162338734,0.0,66.1065609299806
global,related_same,0,30,1,EXECUTE,published_after_gate_recheck,17.87641877308488,7.007567211985588,0.0,66.1065609299806
global,related_same,0,31,1,EXECUTE,published_after_gate_recheck,13.798556756228209,4.041372332721949,0.0,66.1065609299806
global,related_same,0,32,1,EXECUTE,published_after_gate_recheck,14.943826012313366,4.515742417424917,0.0,66.1065609299806
global,related_same,0,33,1,EXECUTE,published_after_gate_recheck,13.850424904376268,4.182267002761364,0.0,66.1065609299806
global,related_same,0,34,1,EXECUTE,published_after_gate_recheck,15.049153938889503,4.179189912974834,0.0,66.1065609299806
global,related_same,0,35,1,EXECUTE,published_after_gate_recheck,14.556850772351027,3.9363750256597996,0.0,66.1065609299806
global,related_same,0,36,1,EXECUTE,published_after_gate_recheck,15.264328103512526,4.613715689629316,0.0,66.1065609299806
global,related_same,0,37,1,EXECUTE,published_after_gate_recheck,14.858016278594732,3.927547950297594,0.0,66.1065609299806
global,related_same,0,38,1,EXECUTE,published_after_gate_recheck,15.374743845313787,4.478952847421169,0.0,66.1065609299806
global,related_same,0,39,1,EXECUTE,published_after_gate_recheck,14.176366850733757,4.2948368936777115,0.0,66.1065609299806
global,related_same,0,40,1,EXECUTE,published_after_gate_recheck,13.646243140101433,3.648234996944666,0.0,66.1065609299806
global,related_same,0,41,1,EXECUTE,published_after_gate_recheck,14.533075969666243,4.031794145703316,0.0,66.1065609299806
global,related_same,0,42,1,EXECUTE,published_after_gate_recheck,15.17421891912818,4.420412704348564,0.0,66.1065609299806
global,related_same,0,43,1,EXECUTE,published_after_gate_recheck,14.596706256270409,4.194839857518673,0.0,66.1065609299806
global,related_same,0,44,1,EXECUTE,published_after_gate_recheck,15.180731192231178,4.215548746287823,0.0,66.1065609299806
global,related_same,0,45,1,EXECUTE,published_after_gate_recheck,15.021172352135181,4.258258733898401,0.0,66.1065609299806
global,related_same,0,46,1,EXECUTE,published_after_gate_recheck,14.67068400233984,4.169061779975891,0.0,66.1065609299806
global,related_same,0,47,1,EXECUTE,published_after_gate_recheck,14.694218058139086,4.097257275134325,0.0,66.1065609299806
global,related_same,0,48,1,EXECUTE,published_after_gate_recheck,15.05808113142848,4.3036541901528835,0.0,66.1065609299806
global,related_same,0,49,1,EXECUTE,published_after_gate_recheck,13.931105844676495,4.276914056390524,0.0,66.1065609299806
global,related_same,0,50,1,EXECUTE,published_after_gate_recheck,14.149665832519531,3.973335027694702,0.0,66.1065609299806
global,related_same,0,51,1,EXECUTE,published_after_gate_recheck,14.050050172954798,4.2038471437990665,0.0,66.1065609299806
global,related_same,0,52,1,EXECUTE,published_after_gate_recheck,16.241731122136116,4.755723290145397,0.0,66.1065609299806
global,related_same,0,53,1,EXECUTE,published_after_gate_recheck,16.314759384840727,4.689477849751711,0.0,66.1065609299806
global,related_same,0,54,1,EXECUTE,published_after_gate_recheck,15.926550142467022,4.930379800498486,0.0,66.1065609299806
global,related_same,0,55,1,EXECUTE,published_after_gate_recheck,16.2033187225461,4.3286108411848545,0.0,66.1065609299806
global,related_same,0,56,1,EXECUTE,published_after_gate_recheck,16.07366604730487,4.303453955799341,0.0,66.1065609299806
global,related_same,0,57,1,EXECUTE,published_after_gate_recheck,15.046638902276754,3.989133983850479,0.0,66.1065609299806
global,related_same,0,58,1,EXECUTE,published_after_gate_recheck,17.371971625834703,4.794344771653414,0.0,66.1065609299806
global,related_same,0,59,1,EXECUTE,published_after_gate_recheck,16.351005993783474,4.530039150267839,0.0,66.1065609299806
global,related_same,0,60,1,EXECUTE,published_after_gate_recheck,18.271920271217823,4.824100062251091,0.0,66.1065609299806
global,related_same,0,61,1,EXECUTE,published_after_gate_recheck,14.430883806198835,3.839053213596344,0.0,66.1065609299806
global,related_same,0,62,1,EXECUTE,published_after_gate_recheck,15.036950819194317,4.380257800221443,0.0,66.1065609299806
global,related_same,0,63,1,EXECUTE,published_after_gate_recheck,14.551401138305664,4.262326285243034,0.0,66.1065609299806
global,related_same,0,64,1,EXECUTE,published_after_gate_recheck,13.562364969402552,3.9717010222375393,0.0,66.1065609299806
global,related_same,0,65,1,EXECUTE,published_after_gate_recheck,14.002610929310322,3.934381064027548,0.0,66.1065609299806
global,related_same,0,66,1,EXECUTE,published_after_gate_recheck,14.179863035678864,3.9082029834389687,0.0,66.1065609299806
global,related_same,0,67,1,EXECUTE,published_after_gate_recheck,16.629088204354048,4.635575693100691,0.0,66.1065609299806
global,related_same,0,68,1,EXECUTE,published_after_gate_recheck,14.13161214441061,3.8976920768618584,0.0,66.1065609299806
global,related_same,0,69,1,EXECUTE,published_after_gate_recheck,14.33794992044568,4.047704394906759,0.0,66.1065609299806
global,related_same,0,70,1,EXECUTE,published_after_gate_recheck,13.860764913260937,3.6701359786093235,0.0,66.1065609299806
global,related_same,0,71,1,EXECUTE,published_after_gate_recheck,15.331313014030457,4.549595061689615,0.0,66.1065609299806
global,related_same,0,72,1,EXECUTE,published_after_gate_recheck,14.893421903252602,4.367663990706205,0.0,66.1065609299806
global,related_same,0,73,1,EXECUTE,published_after_gate_recheck,14.224517159163952,4.003661219030619,0.0,66.1065609299806
global,related_same,0,74,1,EXECUTE,published_after_gate_recheck,13.797556050121784,4.010203760117292,0.0,66.1065609299806
global,related_same,0,75,1,EXECUTE,published_after_gate_recheck,13.448279816657305,3.9086132310330868,0.0,66.1065609299806
global,related_same,0,76,1,EXECUTE,published_after_gate_recheck,14.44215513765812,4.562439862638712,0.0,66.1065609299806
global,related_same,0,77,1,EXECUTE,published_after_gate_recheck,14.157220721244812,4.4325259514153,0.0,66.1065609299806
global,related_same,0,78,1,EXECUTE,published_after_gate_recheck,14.348119031637907,4.070405848324299,0.0,66.1065609299806
global,related_same,0,79,1,EXECUTE,published_after_gate_recheck,15.74624190106988,4.6900492161512375,0.0,66.1065609299806
global,related_same,0,80,1,EXECUTE,published_after_gate_recheck,14.641067944467068,3.897992894053459,0.0,66.1065609299806
global,related_same,0,81,1,EXECUTE,published_after_gate_recheck,14.912037178874016,4.416585899889469,0.0,66.1065609299806
global,related_same,0,82,1,EXECUTE,published_after_gate_recheck,14.663690701127052,4.1198087856173515,0.0,66.1065609299806
global,related_same,0,83,1,EXECUTE,published_after_gate_recheck,14.993509743362665,4.136540926992893,0.0,66.1065609299806
global,related_same,0,84,1,EXECUTE,published_after_gate_recheck,14.647069852799177,3.913442138582468,0.0,66.1065609299806
global,related_same,0,85,1,EXECUTE,published_after_gate_recheck,15.343816950917244,4.259391222149134,0.0,66.1065609299806
global,related_same,0,86,1,EXECUTE,published_after_gate_recheck,14.045411255210638,4.024630878120661,0.0,66.1065609299806
global,related_same,0,87,1,EXECUTE,published_after_gate_recheck,14.729765243828297,3.9466540329158306,0.0,66.1065609299806
global,related_same,0,88,1,EXECUTE,published_after_gate_recheck,13.95684527233243,3.9283609949052334,0.0,66.1065609299806
global,related_same,0,89,1,EXECUTE,published_after_gate_recheck,14.01696726679802,4.045349080115557,0.0,66.1065609299806
global,related_same,0,90,1,EXECUTE,published_after_gate_recheck,14.677146449685097,4.419952165335417,0.0,66.1065609299806
global,related_same,0,91,1,EXECUTE,published_after_gate_recheck,15.031390823423862,3.9641666226089,0.0,66.1065609299806
global,related_same,0,92,1,EXECUTE,published_after_gate_recheck,14.08131793141365,3.9983312599360943,0.0,66.1065609299806
global,related_same,0,93,1,EXECUTE,published_after_gate_recheck,15.887085814028978,4.5677898451685905,0.0,66.1065609299806
global,related_same,0,94,1,EXECUTE,published_after_gate_recheck,14.149355702102184,3.7899701856076717,0.0,66.1065609299806
global,related_same,0,95,1,EXECUTE,published_after_gate_recheck,15.420370735228062,4.193027038127184,0.0,66.1065609299806
global,related_same,0,96,1,EXECUTE,published_after_gate_recheck,14.497599098831415,4.2367479763925076,0.0,66.1065609299806
global,related_same,0,97,1,EXECUTE,published_after_gate_recheck,14.336828142404556,4.036343190819025,0.0,66.1065609299806
global,related_same,0,98,1,EXECUTE,published_after_gate_recheck,14.267016667872667,4.1471510194242,0.0,66.1065609299806
global,related_same,0,99,1,EXECUTE,published_after_gate_recheck,14.621300622820854,3.957815933972597,0.0,66.1065609299806
readset,related_same,0,0,1,EXECUTE,published_after_gate_recheck,17.20151212066412,4.288645926862955,0.0,67.08736285660608
readset,related_same,0,1,1,EXECUTE,published_after_gate_recheck,14.983941335231066,3.9956672117114067,0.0,67.08736285660608
readset,related_same,0,2,1,EXECUTE,published_after_gate_recheck,14.604310039430857,4.053243901580572,0.0,67.08736285660608
readset,related_same,0,3,1,EXECUTE,published_after_gate_recheck,14.939027838408947,4.316588863730431,0.0,67.08736285660608
readset,related_same,0,4,1,EXECUTE,published_after_gate_recheck,14.267558231949806,4.1628810577094555,0.0,67.08736285660608
readset,related_same,0,5,1,EXECUTE,published_after_gate_recheck,15.277721919119358,4.401556681841612,0.0,67.08736285660608
readset,related_same,0,6,1,EXECUTE,published_after_gate_recheck,14.542192686349154,4.0369839407503605,0.0,67.08736285660608
readset,related_same,0,7,1,EXECUTE,published_after_gate_recheck,14.713714364916086,4.069305025041103,0.0,67.08736285660608
readset,related_same,0,8,1,EXECUTE,published_after_gate_recheck,15.219373162835836,3.791642840951681,0.0,67.08736285660608
readset,related_same,0,9,1,EXECUTE,published_after_gate_recheck,14.767926186323166,4.076708573848009,0.0,67.08736285660608
readset,related_same,0,10,1,EXECUTE,published_after_gate_recheck,15.002236235886812,4.090263973921537,0.0,67.08736285660608
readset,related_same,0,11,1,EXECUTE,published_after_gate_recheck,16.466862987726927,4.922204650938511,0.0,67.08736285660608
readset,related_same,0,12,1,EXECUTE,published_after_gate_recheck,14.924931339919567,3.8120117969810963,0.0,67.08736285660608
readset,related_same,0,13,1,EXECUTE,published_after_gate_recheck,14.3458042293787,3.8857399486005306,0.0,67.08736285660608
readset,related_same,0,14,1,EXECUTE,published_after_gate_recheck,15.258376020938158,4.314905032515526,0.0,67.08736285660608
readset,related_same,0,15,1,EXECUTE,published_after_gate_recheck,15.04106866195798,4.445621278136969,0.0,67.08736285660608
readset,related_same,0,16,1,EXECUTE,published_after_gate_recheck,14.865600038319826,4.323380999267101,0.0,67.08736285660608
readset,related_same,0,17,1,EXECUTE,published_after_gate_recheck,14.939488843083382,4.46647871285677,0.0,67.08736285660608
readset,related_same,0,18,1,EXECUTE,published_after_gate_recheck,13.967635110020638,4.0774596855044365,0.0,67.08736285660608
readset,related_same,0,19,1,EXECUTE,published_after_gate_recheck,14.54508863389492,4.235617350786924,0.0,67.08736285660608
readset,related_same,0,20,1,EXECUTE,published_after_gate_recheck,16.32468681782484,4.484513774514198,0.0,67.08736285660608
readset,related_same,0,21,1,EXECUTE,published_after_gate_recheck,14.321568887680769,4.324492998421192,0.0,67.08736285660608
readset,related_same,0,22,1,EXECUTE,published_after_gate_recheck,15.068000182509422,4.195049870759249,0.0,67.08736285660608
readset,related_same,0,23,1,EXECUTE,published_after_gate_recheck,14.576196670532227,4.052321892231703,0.0,67.08736285660608
readset,related_same,0,24,1,EXECUTE,published_after_gate_recheck,16.437438782304525,4.656766075640917,0.0,67.08736285660608
readset,related_same,0,25,1,EXECUTE,published_after_gate_recheck,15.170982107520103,4.699286073446274,0.0,67.08736285660608
readset,related_same,0,26,1,EXECUTE,published_after_gate_recheck,14.62278375402093,3.6573419347405434,0.0,67.08736285660608
readset,related_same,0,27,1,EXECUTE,published_after_gate_recheck,14.56821197643876,3.8641588762402534,0.0,67.08736285660608
readset,related_same,0,28,1,EXECUTE,published_after_gate_recheck,14.689779840409756,4.152800887823105,0.0,67.08736285660608
readset,related_same,0,29,1,EXECUTE,published_after_gate_recheck,13.898795936256647,3.692097030580044,0.0,67.08736285660608
readset,related_same,0,30,1,EXECUTE,published_after_gate_recheck,17.219986766576767,4.386739805340767,0.0,67.08736285660608
readset,related_same,0,31,1,EXECUTE,published_after_gate_recheck,14.852475374937057,4.420202691107988,0.0,67.08736285660608
readset,related_same,0,32,1,EXECUTE,published_after_gate_recheck,15.32654371112585,3.8868021219968796,0.0,67.08736285660608
readset,related_same,0,33,1,EXECUTE,published_after_gate_recheck,16.760324127972126,4.469926934689283,0.0,67.08736285660608
readset,related_same,0,34,1,EXECUTE,published_after_gate_recheck,15.260831918567419,4.050089046359062,0.0,67.08736285660608
readset,related_same,0,35,1,EXECUTE,published_after_gate_recheck,14.682837296277285,4.338179249316454,0.0,67.08736285660608
readset,related_same,0,36,1,EXECUTE,published_after_gate_recheck,16.338523011654615,4.866940900683403,0.0,67.08736285660608
readset,related_same,0,37,1,EXECUTE,published_after_gate_recheck,14.3734160810709,4.023998975753784,0.0,67.08736285660608
readset,related_same,0,38,1,EXECUTE,published_after_gate_recheck,16.31326600909233,3.8307970389723778,0.0,67.08736285660608
readset,related_same,0,39,1,EXECUTE,published_after_gate_recheck,15.058090910315514,4.356031771749258,0.0,67.08736285660608
readset,related_same,0,40,1,EXECUTE,published_after_gate_recheck,14.42107604816556,4.4502089731395245,0.0,67.08736285660608
readset,related_same,0,41,1,EXECUTE,published_after_gate_recheck,14.164814725518227,4.074202850461006,0.0,67.08736285660608
readset,related_same,0,42,1,EXECUTE,published_after_gate_recheck,14.575525186955929,4.219355992972851,0.0,67.08736285660608
readset,related_same,0,43,1,EXECUTE,published_after_gate_recheck,17.338428646326065,4.684729035943747,0.0,67.08736285660608
readset,related_same,0,44,1,EXECUTE,published_after_gate_recheck,15.89951990172267,4.531871993094683,0.0,67.08736285660608
readset,related_same,0,45,1,EXECUTE,published_after_gate_recheck,14.19497188180685,3.7172241136431694,0.0,67.08736285660608
readset,related_same,0,46,1,EXECUTE,published_after_gate_recheck,14.316619839519262,3.9854878559708595,0.0,67.08736285660608
readset,related_same,0,47,1,EXECUTE,published_after_gate_recheck,14.497769996523857,3.882504068315029,0.0,67.08736285660608
readset,related_same,0,48,1,EXECUTE,published_after_gate_recheck,14.61057085543871,4.087388049811125,0.0,67.08736285660608
readset,related_same,0,49,1,EXECUTE,published_after_gate_recheck,14.150688890367746,3.8522882387042046,0.0,67.08736285660608
readset,related_same,0,50,1,EXECUTE,published_after_gate_recheck,14.434400014579296,4.036793019622564,0.0,67.08736285660608
readset,related_same,0,51,1,EXECUTE,published_after_gate_recheck,13.462597038596869,3.533869981765747,0.0,67.08736285660608
readset,related_same,0,52,1,EXECUTE,published_after_gate_recheck,14.172329101711512,4.081217106431723,0.0,67.08736285660608
readset,related_same,0,53,1,EXECUTE,published_after_gate_recheck,14.89412272349,4.298894666135311,0.0,67.08736285660608
readset,related_same,0,54,1,EXECUTE,published_after_gate_recheck,15.32853813841939,4.177066031843424,0.0,67.08736285660608
readset,related_same,0,55,1,EXECUTE,published_after_gate_recheck,15.841200016438961,4.981956910341978,0.0,67.08736285660608
readset,related_same,0,56,1,EXECUTE,published_after_gate_recheck,15.097844880074263,4.3948860839009285,0.0,67.08736285660608
readset,related_same,0,57,1,EXECUTE,published_after_gate_recheck,15.844827052205801,4.079823847860098,0.0,67.08736285660608
readset,related_same,0,58,1,EXECUTE,published_after_gate_recheck,16.22824603691697,5.234109703451395,0.0,67.08736285660608
readset,related_same,0,59,1,EXECUTE,published_after_gate_recheck,14.710758812725544,4.359839018434286,0.0,67.08736285660608
readset,related_same,0,60,1,EXECUTE,published_after_gate_recheck,14.951119665056467,4.091475624591112,0.0,67.08736285660608
readset,related_same,0,61,1,EXECUTE,published_after_gate_recheck,14.639224857091904,4.043325781822205,0.0,67.08736285660608
readset,related_same,0,62,1,EXECUTE,published_after_gate_recheck,14.51061386615038,3.947196062654257,0.0,67.08736285660608
readset,related_same,0,63,1,EXECUTE,published_after_gate_recheck,14.874656684696674,4.01289900764823,0.0,67.08736285660608
readset,related_same,0,64,1,EXECUTE,published_after_gate_recheck,15.256724320352077,4.348378162831068,0.0,67.08736285660608
readset,related_same,0,65,1,EXECUTE,published_after_gate_recheck,14.589612372219563,4.2344448156654835,0.0,67.08736285660608
readset,related_same,0,66,1,EXECUTE,published_after_gate_recheck,15.226396732032299,4.421264864504337,0.0,67.08736285660608
readset,related_same,0,67,1,EXECUTE,published_after_gate_recheck,15.086063649505377,4.571427125483751,0.0,67.08736285660608
readset,related_same,0,68,1,EXECUTE,published_after_gate_recheck,14.768197201192379,4.215417895466089,0.0,67.08736285660608
readset,related_same,0,69,1,EXECUTE,published_after_gate_recheck,13.545302674174309,4.124587867408991,0.0,67.08736285660608
readset,related_same,0,70,1,EXECUTE,published_after_gate_recheck,14.532424043864012,4.366261884570122,0.0,67.08736285660608
readset,related_same,0,71,1,EXECUTE,published_after_gate_recheck,15.178296249359846,4.176185000687838,0.0,67.08736285660608
readset,related_same,0,72,1,EXECUTE,published_after_gate_recheck,14.462564140558243,3.915707115083933,0.0,67.08736285660608
readset,related_same,0,73,1,EXECUTE,published_after_gate_recheck,14.207655098289251,3.8529792800545692,0.0,67.08736285660608
readset,related_same,0,74,1,EXECUTE,published_after_gate_recheck,14.118817634880543,4.011556040495634,0.0,67.08736285660608
readset,related_same,0,75,1,EXECUTE,published_after_gate_recheck,14.220359735190868,4.120330326259136,0.0,67.08736285660608
readset,related_same,0,76,1,EXECUTE,published_after_gate_recheck,14.570626895874739,4.159994889050722,0.0,67.08736285660608
readset,related_same,0,77,1,EXECUTE,published_after_gate_recheck,13.724008109420538,4.021535161882639,0.0,67.08736285660608
readset,related_same,0,78,1,EXECUTE,published_after_gate_recheck,14.120472129434347,3.917418885976076,0.0,67.08736285660608
readset,related_same,0,79,1,EXECUTE,published_after_gate_recheck,15.604505781084299,4.411085974425077,0.0,67.08736285660608
readset,related_same,0,80,1,EXECUTE,published_after_gate_recheck,15.0620280764997,4.4735330156981945,0.0,67.08736285660608
readset,related_same,0,81,1,EXECUTE,published_after_gate_recheck,14.482931699603796,3.7356289103627205,0.0,67.08736285660608
readset,related_same,0,82,1,EXECUTE,published_after_gate_recheck,13.762481044977903,4.0674409829080105,0.0,67.08736285660608
readset,related_same,0,83,1,EXECUTE,published_after_gate_recheck,14.989100862294436,4.2701722122728825,0.0,67.08736285660608
readset,related_same,0,84,1,EXECUTE,published_after_gate_recheck,15.119435731321573,4.4083911925554276,0.0,67.08736285660608
readset,related_same,0,85,1,EXECUTE,published_after_gate_recheck,14.056019950658083,4.128074739128351,0.0,67.08736285660608
readset,related_same,0,86,1,EXECUTE,published_after_gate_recheck,14.510873705148697,4.142141900956631,0.0,67.08736285660608
readset,related_same,0,87,1,EXECUTE,published_after_gate_recheck,14.268079306930304,4.324221983551979,0.0,67.08736285660608
readset,related_same,0,88,1,EXECUTE,published_after_gate_recheck,13.89103103429079,4.390818066895008,0.0,67.08736285660608
readset,related_same,0,89,1,EXECUTE,published_after_gate_recheck,14.320988208055496,3.9427271112799644,0.0,67.08736285660608
readset,related_same,0,90,1,EXECUTE,published_after_gate_recheck,14.373787213116884,4.205781035125256,0.0,67.08736285660608
readset,related_same,0,91,1,EXECUTE,published_after_gate_recheck,14.360703062266111,4.343519452959299,0.0,67.08736285660608
readset,related_same,0,92,1,EXECUTE,published_after_gate_recheck,13.903684914112091,3.9269370026886463,0.0,67.08736285660608
readset,related_same,0,93,1,EXECUTE,published_after_gate_recheck,14.297984074801207,3.831359092146158,0.0,67.08736285660608
readset,related_same,0,94,1,EXECUTE,published_after_gate_recheck,14.348448719829321,4.077270161360502,0.0,67.08736285660608
readset,related_same,0,95,1,EXECUTE,published_after_gate_recheck,14.361362904310226,4.060638137161732,0.0,67.08736285660608
readset,related_same,0,96,1,EXECUTE,published_after_gate_recheck,14.07716004177928,4.175723996013403,0.0,67.08736285660608
readset,related_same,0,97,1,EXECUTE,published_after_gate_recheck,13.783921021968126,3.675644751638174,0.0,67.08736285660608
readset,related_same,0,98,1,EXECUTE,published_after_gate_recheck,15.926879830658436,4.435842856764793,0.0,67.08736285660608
readset,related_same,0,99,1,EXECUTE,published_after_gate_recheck,15.237828250974417,4.186253994703293,0.0,67.08736285660608
global,unrelated,20,0,1,EXECUTE,published_after_gate_recheck,17.452622763812542,4.3547498062253,20.2697393229021,55.43462228823899
global,unrelated,20,1,1,EXECUTE,published_after_gate_recheck,16.818474046885967,4.343227948993444,20.2697393229021,55.43462228823899
global,unrelated,20,2,1,EXECUTE,published_after_gate_recheck,15.8165842294693,4.340594168752432,20.2697393229021,55.43462228823899
global,unrelated,20,3,1,EXECUTE,published_after_gate_recheck,18.356419168412685,3.7720161490142345,20.2697393229021,55.43462228823899
global,unrelated,20,4,1,EXECUTE,published_after_gate_recheck,14.566649217158556,4.205088596791029,20.2697393229021,55.43462228823899
global,unrelated,20,5,1,EXECUTE,published_after_gate_recheck,15.410171821713448,4.457832779735327,20.2697393229021,55.43462228823899
global,unrelated,20,6,1,EXECUTE,published_after_gate_recheck,18.56174413114786,3.915356006473303,20.2697393229021,55.43462228823899
global,unrelated,20,7,1,EXECUTE,published_after_gate_recheck,14.533997979015112,4.092617891728878,20.2697393229021,55.43462228823899
global,unrelated,20,8,1,EXECUTE,published_after_gate_recheck,14.258931390941143,4.089523106813431,20.2697393229021,55.43462228823899
global,unrelated,20,9,0,REVOKE,context_version_changed_at_publish,17.208885867148638,7.356832735240459,20.2697393229021,55.43462228823899
global,unrelated,20,10,1,EXECUTE,published_after_gate_recheck,14.334183186292648,3.785541746765375,20.2697393229021,55.43462228823899
global,unrelated,20,11,1,EXECUTE,published_after_gate_recheck,15.11363498866558,3.947285935282707,20.2697393229021,55.43462228823899
global,unrelated,20,12,0,REVOKE,context_version_changed_at_publish,18.620803952217102,8.845073636621237,20.2697393229021,55.43462228823899
global,unrelated,20,13,1,EXECUTE,published_after_gate_recheck,16.544729936867952,4.202222917228937,20.2697393229021,55.43462228823899
global,unrelated,20,14,1,EXECUTE,published_after_gate_recheck,15.867049340158701,4.638421814888716,20.2697393229021,55.43462228823899
global,unrelated,20,15,0,REVOKE,context_version_changed_at_publish,19.10816878080368,8.35153879597783,20.2697393229021,55.43462228823899
global,unrelated,20,16,1,EXECUTE,published_after_gate_recheck,15.220224857330322,4.237459972500801,20.2697393229021,55.43462228823899
global,unrelated,20,17,1,EXECUTE,published_after_gate_recheck,14.616483356803656,3.8016322068870068,20.2697393229021,55.43462228823899
global,unrelated,20,18,1,EXECUTE,published_after_gate_recheck,13.736250810325146,4.309655167162418,20.2697393229021,55.43462228823899
global,unrelated,20,19,1,EXECUTE,published_after_gate_recheck,14.79126000776887,4.525320138782263,20.2697393229021,55.43462228823899
global,unrelated,20,20,1,EXECUTE,published_after_gate_recheck,14.529949985444546,4.519088659435511,20.2697393229021,55.43462228823899
global,unrelated,20,21,1,EXECUTE,published_after_gate_recheck,14.487349893897772,4.490924999117851,20.2697393229021,55.43462228823899
global,unrelated,20,22,1,EXECUTE,published_after_gate_recheck,17.021815292537212,4.4136508367955685,20.2697393229021,55.43462228823899
global,unrelated,20,23,1,EXECUTE,published_after_gate_recheck,15.596410725265741,4.100542981177568,20.2697393229021,55.43462228823899
global,unrelated,20,24,1,EXECUTE,published_after_gate_recheck,15.254439786076546,3.9054672233760357,20.2697393229021,55.43462228823899
global,unrelated,20,25,1,EXECUTE,published_after_gate_recheck,16.830896958708763,4.1182260029017925,20.2697393229021,55.43462228823899
global,unrelated,20,26,1,EXECUTE,published_after_gate_recheck,15.575551893562078,4.188277758657932,20.2697393229021,55.43462228823899
global,unrelated,20,27,1,EXECUTE,published_after_gate_recheck,15.02029038965702,4.195821937173605,20.2697393229021,55.43462228823899
global,unrelated,20,28,0,REVOKE,context_version_changed_at_publish,16.619388945400715,6.4118788577616215,20.2697393229021,55.43462228823899
global,unrelated,20,29,1,EXECUTE,published_after_gate_recheck,14.190664049237967,3.9176298305392265,20.2697393229021,55.43462228823899
global,unrelated,20,30,1,EXECUTE,published_after_gate_recheck,15.225204173475504,4.368857014924288,20.2697393229021,55.43462228823899
global,unrelated,20,31,1,EXECUTE,published_after_gate_recheck,16.523499973118305,4.499771632254124,20.2697393229021,55.43462228823899
global,unrelated,20,32,1,EXECUTE,published_after_gate_recheck,18.526287749409676,4.526451695710421,20.2697393229021,55.43462228823899
global,unrelated,20,33,1,EXECUTE,published_after_gate_recheck,18.047590274363756,4.344040062278509,20.2697393229021,55.43462228823899
global,unrelated,20,34,0,REVOKE,context_version_changed_at_publish,21.955131087452173,7.07041472196579,20.2697393229021,55.43462228823899
global,unrelated,20,35,1,EXECUTE,published_after_gate_recheck,17.584530171006918,5.1194243133068085,20.2697393229021,55.43462228823899
global,unrelated,20,36,1,EXECUTE,published_after_gate_recheck,17.493159044533968,4.8248618841171265,20.2697393229021,55.43462228823899
global,unrelated,20,37,1,EXECUTE,published_after_gate_recheck,16.724848188459873,4.2808810248970985,20.2697393229021,55.43462228823899
global,unrelated,20,38,1,EXECUTE,published_after_gate_recheck,17.141790129244328,4.800467286258936,20.2697393229021,55.43462228823899
global,unrelated,20,39,1,EXECUTE,published_after_gate_recheck,17.724272795021534,4.9678608775138855,20.2697393229021,55.43462228823899
global,unrelated,20,40,1,EXECUTE,published_after_gate_recheck,17.48926192522049,4.13957703858614,20.2697393229021,55.43462228823899
global,unrelated,20,41,1,EXECUTE,published_after_gate_recheck,20.159951876848936,4.282814916223288,20.2697393229021,55.43462228823899
global,unrelated,20,42,0,REVOKE,context_version_changed_at_publish,18.900289200246334,8.0824033357203,20.2697393229021,55.43462228823899
global,unrelated,20,43,1,EXECUTE,published_after_gate_recheck,15.593194868415594,4.331525880843401,20.2697393229021,55.43462228823899
global,unrelated,20,44,1,EXECUTE,published_after_gate_recheck,14.003120828419924,3.814216237515211,20.2697393229021,55.43462228823899
global,unrelated,20,45,1,EXECUTE,published_after_gate_recheck,16.145852394402027,4.399434197694063,20.2697393229021,55.43462228823899
global,unrelated,20,46,1,EXECUTE,published_after_gate_recheck,15.210076235234737,4.168259911239147,20.2697393229021,55.43462228823899
global,unrelated,20,47,1,EXECUTE,published_after_gate_recheck,14.566828962415457,4.064134322106838,20.2697393229021,55.43462228823899
global,unrelated,20,48,1,EXECUTE,published_after_gate_recheck,15.605677850544453,4.706840962171555,20.2697393229021,55.43462228823899
global,unrelated,20,49,1,EXECUTE,published_after_gate_recheck,16.14304631948471,3.865662030875683,20.2697393229021,55.43462228823899
global,unrelated,20,50,1,EXECUTE,published_after_gate_recheck,15.040687751024961,3.8570063188672066,20.2697393229021,55.43462228823899
global,unrelated,20,51,1,EXECUTE,published_after_gate_recheck,19.778096117079258,4.842784721404314,20.2697393229021,55.43462228823899
global,unrelated,20,52,1,EXECUTE,published_after_gate_recheck,16.91451296210289,4.394704941660166,20.2697393229021,55.43462228823899
global,unrelated,20,53,1,EXECUTE,published_after_gate_recheck,15.269036404788494,4.235596861690283,20.2697393229021,55.43462228823899
global,unrelated,20,54,1,EXECUTE,published_after_gate_recheck,15.199265908449888,4.36733290553093,20.2697393229021,55.43462228823899
global,unrelated,20,55,1,EXECUTE,published_after_gate_recheck,15.305875800549984,4.305597860366106,20.2697393229021,55.43462228823899
global,unrelated,20,56,1,EXECUTE,published_after_gate_recheck,13.781756162643433,3.8665137253701687,20.2697393229021,55.43462228823899
global,unrelated,20,57,1,EXECUTE,published_after_gate_recheck,17.23793987184763,5.199836101382971,20.2697393229021,55.43462228823899
global,unrelated,20,58,1,EXECUTE,published_after_gate_recheck,19.1427250392735,4.555867984890938,20.2697393229021,55.43462228823899
global,unrelated,20,59,1,EXECUTE,published_after_gate_recheck,15.184027142822742,4.231588914990425,20.2697393229021,55.43462228823899
global,unrelated,20,60,1,EXECUTE,published_after_gate_recheck,16.05883799493313,4.499230999499559,20.2697393229021,55.43462228823899
global,unrelated,20,61,1,EXECUTE,published_after_gate_recheck,18.18898506462574,4.213435109704733,20.2697393229021,55.43462228823899
global,unrelated,20,62,1,EXECUTE,published_after_gate_recheck,21.368029061704874,5.658444948494434,20.2697393229021,55.43462228823899
global,unrelated,20,63,1,EXECUTE,published_after_gate_recheck,16.652471851557493,4.749601241201162,20.2697393229021,55.43462228823899
global,unrelated,20,64,1,EXECUTE,published_after_gate_recheck,19.88447643816471,4.449957981705666,20.2697393229021,55.43462228823899
global,unrelated,20,65,1,EXECUTE,published_after_gate_recheck,18.396875355392694,4.181805998086929,20.2697393229021,55.43462228823899
global,unrelated,20,66,0,REVOKE,context_version_changed_at_publish,18.22985103353858,7.485142908990383,20.2697393229021,55.43462228823899
global,unrelated,20,67,1,EXECUTE,published_after_gate_recheck,14.395067002624273,3.990796860307455,20.2697393229021,55.43462228823899
global,unrelated,20,68,1,EXECUTE,published_after_gate_recheck,15.764276031404734,4.163561854511499,20.2697393229021,55.43462228823899
global,unrelated,20,69,1,EXECUTE,published_after_gate_recheck,15.193765051662922,4.426213912665844,20.2697393229021,55.43462228823899
global,unrelated,20,70,1,EXECUTE,published_after_gate_recheck,15.713721048086882,4.182897973805666,20.2697393229021,55.43462228823899
global,unrelated,20,71,1,EXECUTE,published_after_gate_recheck,15.16799721866846,4.139065742492676,20.2697393229021,55.43462228823899
global,unrelated,20,72,1,EXECUTE,published_after_gate_recheck,15.919907949864864,4.932254087179899,20.2697393229021,55.43462228823899
global,unrelated,20,73,1,EXECUTE,published_after_gate_recheck,14.404674991965294,4.032013937830925,20.2697393229021,55.43462228823899
global,unrelated,20,74,1,EXECUTE,published_after_gate_recheck,14.511214103549719,3.944109193980694,20.2697393229021,55.43462228823899
global,unrelated,20,75,1,EXECUTE,published_after_gate_recheck,14.49477393180132,4.077559802681208,20.2697393229021,55.43462228823899
global,unrelated,20,76,1,EXECUTE,published_after_gate_recheck,18.0400051176548,4.053805023431778,20.2697393229021,55.43462228823899
global,unrelated,20,77,1,EXECUTE,published_after_gate_recheck,14.971218071877956,3.8919206708669662,20.2697393229021,55.43462228823899
global,unrelated,20,78,1,EXECUTE,published_after_gate_recheck,14.751354698091745,4.287704359740019,20.2697393229021,55.43462228823899
global,unrelated,20,79,0,REVOKE,context_version_changed_at_publish,16.26803120598197,5.833134055137634,20.2697393229021,55.43462228823899
global,unrelated,20,80,1,EXECUTE,published_after_gate_recheck,14.480988029390574,4.264229908585548,20.2697393229021,55.43462228823899
global,unrelated,20,81,1,EXECUTE,published_after_gate_recheck,14.197026379406452,4.301629960536957,20.2697393229021,55.43462228823899
global,unrelated,20,82,1,EXECUTE,published_after_gate_recheck,16.226002015173435,4.6400148421525955,20.2697393229021,55.43462228823899
global,unrelated,20,83,1,EXECUTE,published_after_gate_recheck,15.810401644557714,3.9824722334742546,20.2697393229021,55.43462228823899
global,unrelated,20,84,1,EXECUTE,published_after_gate_recheck,15.403319150209427,4.418289754539728,20.2697393229021,55.43462228823899
global,unrelated,20,85,1,EXECUTE,published_after_gate_recheck,14.638884924352169,4.186233971267939,20.2697393229021,55.43462228823899
global,unrelated,20,86,1,EXECUTE,published_after_gate_recheck,15.746411867439747,4.5967246405780315,20.2697393229021,55.43462228823899
global,unrelated,20,87,1,EXECUTE,published_after_gate_recheck,14.79223184287548,4.2564054019749165,20.2697393229021,55.43462228823899
global,unrelated,20,88,1,EXECUTE,published_after_gate_recheck,14.901186805218458,4.285430070012808,20.2697393229021,55.43462228823899
global,unrelated,20,89,1,EXECUTE,published_after_gate_recheck,16.160578932613134,4.204328171908855,20.2697393229021,55.43462228823899
global,unrelated,20,90,1,EXECUTE,published_after_gate_recheck,15.575491823256016,4.173730965703726,20.2697393229021,55.43462228823899
global,unrelated,20,91,1,EXECUTE,published_after_gate_recheck,15.486866235733032,4.243622068315744,20.2697393229021,55.43462228823899
global,unrelated,20,92,0,REVOKE,context_version_changed_at_publish,17.474894877523184,6.3273711130023,20.2697393229021,55.43462228823899
global,unrelated,20,93,1,EXECUTE,published_after_gate_recheck,14.154485892504454,3.8467971608042717,20.2697393229021,55.43462228823899
global,unrelated,20,94,1,EXECUTE,published_after_gate_recheck,15.563578810542822,4.806486889719963,20.2697393229021,55.43462228823899
global,unrelated,20,95,0,REVOKE,context_version_changed_at_publish,16.80145086720586,7.016715127974749,20.2697393229021,55.43462228823899
global,unrelated,20,96,1,EXECUTE,published_after_gate_recheck,15.571353025734425,4.127633757889271,20.2697393229021,55.43462228823899
global,unrelated,20,97,1,EXECUTE,published_after_gate_recheck,15.351902227848768,4.742567893117666,20.2697393229021,55.43462228823899
global,unrelated,20,98,1,EXECUTE,published_after_gate_recheck,14.985164161771536,4.073632415384054,20.2697393229021,55.43462228823899
global,unrelated,20,99,1,EXECUTE,published_after_gate_recheck,15.441590920090675,3.844040911644697,20.2697393229021,55.43462228823899
readset,unrelated,20,0,1,EXECUTE,published_after_gate_recheck,18.311945721507072,4.3633561581373215,20.061790374818365,60.878538779254605
readset,unrelated,20,1,1,EXECUTE,published_after_gate_recheck,15.607642009854317,4.463314078748226,20.061790374818365,60.878538779254605
readset,unrelated,20,2,1,EXECUTE,published_after_gate_recheck,14.911326114088297,4.216752015054226,20.061790374818365,60.878538779254605
readset,unrelated,20,3,1,EXECUTE,published_after_gate_recheck,16.704048961400986,3.681736998260021,20.061790374818365,60.878538779254605
readset,unrelated,20,4,1,EXECUTE,published_after_gate_recheck,14.955348335206509,4.658539779484272,20.061790374818365,60.878538779254605
readset,unrelated,20,5,1,EXECUTE,published_after_gate_recheck,14.254503417760134,3.846856765449047,20.061790374818365,60.878538779254605
readset,unrelated,20,6,1,EXECUTE,published_after_gate_recheck,17.069234047085047,7.067970000207424,20.061790374818365,60.878538779254605
readset,unrelated,20,7,1,EXECUTE,published_after_gate_recheck,16.453609336167574,4.591905046254396,20.061790374818365,60.878538779254605
readset,unrelated,20,8,1,EXECUTE,published_after_gate_recheck,15.19380509853363,4.182387143373489,20.061790374818365,60.878538779254605
readset,unrelated,20,9,1,EXECUTE,published_after_gate_recheck,18.990409094840288,7.888509891927242,20.061790374818365,60.878538779254605
readset,unrelated,20,10,1,EXECUTE,published_after_gate_recheck,14.9207329377532,4.34886896982789,20.061790374818365,60.878538779254605
readset,unrelated,20,11,1,EXECUTE,published_after_gate_recheck,14.109591953456402,3.3531510271131992,20.061790374818365,60.878538779254605
readset,unrelated,20,12,1,EXECUTE,published_after_gate_recheck,19.159755669534206,8.403666317462921,20.061790374818365,60.878538779254605
readset,unrelated,20,13,1,EXECUTE,published_after_gate_recheck,13.673162087798119,3.9065489545464516,20.061790374818365,60.878538779254605
readset,unrelated,20,14,1,EXECUTE,published_after_gate_recheck,17.553301993757486,6.378125865012407,20.061790374818365,60.878538779254605
readset,unrelated,20,15,1,EXECUTE,published_after_gate_recheck,20.643739961087704,9.012117981910706,20.061790374818365,60.878538779254605
readset,unrelated,20,16,1,EXECUTE,published_after_gate_recheck,15.254148747771978,4.064866341650486,20.061790374818365,60.878538779254605
readset,unrelated,20,17,1,EXECUTE,published_after_gate_recheck,14.010295271873474,4.3610320426523685,20.061790374818365,60.878538779254605
readset,unrelated,20,18,1,EXECUTE,published_after_gate_recheck,19.67058377340436,8.120384998619556,20.061790374818365,60.878538779254605
readset,unrelated,20,19,1,EXECUTE,published_after_gate_recheck,15.824868809431791,4.447903949767351,20.061790374818365,60.878538779254605
readset,unrelated,20,20,1,EXECUTE,published_after_gate_recheck,15.482606831938028,4.531402140855789,20.061790374818365,60.878538779254605
readset,unrelated,20,21,1,EXECUTE,published_after_gate_recheck,19.52716615051031,8.635491132736206,20.061790374818365,60.878538779254605
readset,unrelated,20,22,1,EXECUTE,published_after_gate_recheck,14.357737265527248,3.6911950446665287,20.061790374818365,60.878538779254605
readset,unrelated,20,23,1,EXECUTE,published_after_gate_recheck,16.556501854211092,4.70130005851388,20.061790374818365,60.878538779254605
readset,unrelated,20,24,1,EXECUTE,published_after_gate_recheck,17.3747967928648,6.521946284919977,20.061790374818365,60.878538779254605
readset,unrelated,20,25,1,EXECUTE,published_after_gate_recheck,15.404180157929659,4.45934571325779,20.061790374818365,60.878538779254605
readset,unrelated,20,26,1,EXECUTE,published_after_gate_recheck,14.725447166711092,4.502597264945507,20.061790374818365,60.878538779254605
readset,unrelated,20,27,1,EXECUTE,published_after_gate_recheck,16.660507302731276,4.8034717328846455,20.061790374818365,60.878538779254605
readset,unrelated,20,28,1,EXECUTE,published_after_gate_recheck,15.371558722108603,3.9371070452034473,20.061790374818365,60.878538779254605
readset,unrelated,20,29,1,EXECUTE,published_after_gate_recheck,15.49942884594202,4.522053990513086,20.061790374818365,60.878538779254605
readset,unrelated,20,30,1,EXECUTE,published_after_gate_recheck,14.204159379005432,4.3907067738473415,20.061790374818365,60.878538779254605
readset,unrelated,20,31,1,EXECUTE,published_after_gate_recheck,14.660926070064306,4.208045080304146,20.061790374818365,60.878538779254605
readset,unrelated,20,32,1,EXECUTE,published_after_gate_recheck,14.496617019176483,4.1694920510053635,20.061790374818365,60.878538779254605
readset,unrelated,20,33,1,EXECUTE,published_after_gate_recheck,15.868932008743286,4.091456066817045,20.061790374818365,60.878538779254605
readset,unrelated,20,34,1,EXECUTE,published_after_gate_recheck,18.006511963903904,4.329852759838104,20.061790374818365,60.878538779254605
readset,unrelated,20,35,1,EXECUTE,published_after_gate_recheck,15.70379314944148,4.322159104049206,20.061790374818365,60.878538779254605
readset,unrelated,20,36,1,EXECUTE,published_after_gate_recheck,18.406332936137915,6.81710010394454,20.061790374818365,60.878538779254605
readset,unrelated,20,37,1,EXECUTE,published_after_gate_recheck,15.914376825094223,4.661635961383581,20.061790374818365,60.878538779254605
readset,unrelated,20,38,1,EXECUTE,published_after_gate_recheck,14.806879218667746,4.015774000436068,20.061790374818365,60.878538779254605
readset,unrelated,20,39,1,EXECUTE,published_after_gate_recheck,17.29658106341958,4.81062475591898,20.061790374818365,60.878538779254605
readset,unrelated,20,40,1,EXECUTE,published_after_gate_recheck,17.784214578568935,4.492198117077351,20.061790374818365,60.878538779254605
readset,unrelated,20,41,1,EXECUTE,published_after_gate_recheck,15.772892162203789,4.86688083037734,20.061790374818365,60.878538779254605
readset,unrelated,20,42,1,EXECUTE,published_after_gate_recheck,16.05401886627078,4.734603222459555,20.061790374818365,60.878538779254605
readset,unrelated,20,43,1,EXECUTE,published_after_gate_recheck,19.604609813541174,4.857462830841541,20.061790374818365,60.878538779254605
readset,unrelated,20,44,1,EXECUTE,published_after_gate_recheck,17.55601679906249,4.828178323805332,20.061790374818365,60.878538779254605
readset,unrelated,20,45,1,EXECUTE,published_after_gate_recheck,16.089776065200567,4.424721002578735,20.061790374818365,60.878538779254605
readset,unrelated,20,46,1,EXECUTE,published_after_gate_recheck,15.414099209010601,4.371552262455225,20.061790374818365,60.878538779254605
readset,unrelated,20,47,1,EXECUTE,published_after_gate_recheck,15.477668028324842,4.317339975386858,20.061790374818365,60.878538779254605
readset,unrelated,20,48,1,EXECUTE,published_after_gate_recheck,15.874953009188175,4.346473608165979,20.061790374818365,60.878538779254605
readset,unrelated,20,49,1,EXECUTE,published_after_gate_recheck,17.604548018425703,4.538244102150202,20.061790374818365,60.878538779254605
readset,unrelated,20,50,1,EXECUTE,published_after_gate_recheck,16.150600742548704,4.491817206144333,20.061790374818365,60.878538779254605
readset,unrelated,20,51,1,EXECUTE,published_after_gate_recheck,16.678850632160902,4.958353005349636,20.061790374818365,60.878538779254605
readset,unrelated,20,52,1,EXECUTE,published_after_gate_recheck,16.497932374477386,4.398681689053774,20.061790374818365,60.878538779254605
readset,unrelated,20,53,1,EXECUTE,published_after_gate_recheck,15.8555768430233,4.815935157239437,20.061790374818365,60.878538779254605
readset,unrelated,20,54,1,EXECUTE,published_after_gate_recheck,15.376809053122997,4.145758226513863,20.061790374818365,60.878538779254605
readset,unrelated,20,55,1,EXECUTE,published_after_gate_recheck,19.474005792289972,4.450869746506214,20.061790374818365,60.878538779254605
readset,unrelated,20,56,1,EXECUTE,published_after_gate_recheck,16.463256906718016,4.805224947631359,20.061790374818365,60.878538779254605
readset,unrelated,20,57,1,EXECUTE,published_after_gate_recheck,15.708130784332752,4.186784848570824,20.061790374818365,60.878538779254605
readset,unrelated,20,58,1,EXECUTE,published_after_gate_recheck,17.692633904516697,4.517455119639635,20.061790374818365,60.878538779254605
readset,unrelated,20,59,1,EXECUTE,published_after_gate_recheck,15.543662011623383,4.048055037856102,20.061790374818365,60.878538779254605
readset,unrelated,20,60,1,EXECUTE,published_after_gate_recheck,15.47339977696538,4.098189063370228,20.061790374818365,60.878538779254605
readset,unrelated,20,61,1,EXECUTE,published_after_gate_recheck,18.85020500048995,4.372393246740103,20.061790374818365,60.878538779254605
readset,unrelated,20,62,1,EXECUTE,published_after_gate_recheck,15.943551901727915,4.406646825373173,20.061790374818365,60.878538779254605
readset,unrelated,20,63,1,EXECUTE,published_after_gate_recheck,15.785965602844954,4.653159994632006,20.061790374818365,60.878538779254605
readset,unrelated,20,64,1,EXECUTE,published_after_gate_recheck,18.172503914684057,4.90751676261425,20.061790374818365,60.878538779254605
readset,unrelated,20,65,1,EXECUTE,published_after_gate_recheck,17.1314412727952,4.38282173126936,20.061790374818365,60.878538779254605
readset,unrelated,20,66,1,EXECUTE,published_after_gate_recheck,14.890386257320642,3.9671631529927254,20.061790374818365,60.878538779254605
readset,unrelated,20,67,1,EXECUTE,published_after_gate_recheck,16.81096898391843,4.276363179087639,20.061790374818365,60.878538779254605
readset,unrelated,20,68,1,EXECUTE,published_after_gate_recheck,14.167519751936197,4.197475034743547,20.061790374818365,60.878538779254605
readset,unrelated,20,69,1,EXECUTE,published_after_gate_recheck,14.809694606810808,4.284719005227089,20.061790374818365,60.878538779254605
readset,unrelated,20,70,1,EXECUTE,published_after_gate_recheck,17.29489676654339,6.2682610005140305,20.061790374818365,60.878538779254605
readset,unrelated,20,71,1,EXECUTE,published_after_gate_recheck,14.06930573284626,4.10467991605401,20.061790374818365,60.878538779254605
readset,unrelated,20,72,1,EXECUTE,published_after_gate_recheck,15.068761073052883,4.5221541076898575,20.061790374818365,60.878538779254605
readset,unrelated,20,73,1,EXECUTE,published_after_gate_recheck,19.8105969466269,7.119797635823488,20.061790374818365,60.878538779254605
readset,unrelated,20,74,1,EXECUTE,published_after_gate_recheck,15.829889103770256,4.392310045659542,20.061790374818365,60.878538779254605
readset,unrelated,20,75,1,EXECUTE,published_after_gate_recheck,15.594277065247297,4.117635078728199,20.061790374818365,60.878538779254605
readset,unrelated,20,76,1,EXECUTE,published_after_gate_recheck,18.886432982981205,7.993957027792931,20.061790374818365,60.878538779254605
readset,unrelated,20,77,1,EXECUTE,published_after_gate_recheck,15.259679406881332,4.439940210431814,20.061790374818365,60.878538779254605
readset,unrelated,20,78,1,EXECUTE,published_after_gate_recheck,18.58079992234707,4.21847403049469,20.061790374818365,60.878538779254605
readset,unrelated,20,79,1,EXECUTE,published_after_gate_recheck,21.944500040262938,4.241498187184334,20.061790374818365,60.878538779254605
readset,unrelated,20,80,1,EXECUTE,published_after_gate_recheck,16.48713182657957,4.411596339195967,20.061790374818365,60.878538779254605
readset,unrelated,20,81,1,EXECUTE,published_after_gate_recheck,15.31756715849042,4.306009039282799,20.061790374818365,60.878538779254605
readset,unrelated,20,82,1,EXECUTE,published_after_gate_recheck,16.510505694895983,4.704826977103949,20.061790374818365,60.878538779254605
readset,unrelated,20,83,1,EXECUTE,published_after_gate_recheck,15.603943727910519,3.846817184239626,20.061790374818365,60.878538779254605
readset,unrelated,20,84,1,EXECUTE,published_after_gate_recheck,16.405358910560608,4.453775938600302,20.061790374818365,60.878538779254605
readset,unrelated,20,85,1,EXECUTE,published_after_gate_recheck,17.67449965700507,4.38398402184248,20.061790374818365,60.878538779254605
readset,unrelated,20,86,1,EXECUTE,published_after_gate_recheck,16.485298983752728,4.389806184917688,20.061790374818365,60.878538779254605
readset,unrelated,20,87,1,EXECUTE,published_after_gate_recheck,16.722683794796467,4.805416334420443,20.061790374818365,60.878538779254605
readset,unrelated,20,88,1,EXECUTE,published_after_gate_recheck,15.866848174482584,4.575093276798725,20.061790374818365,60.878538779254605
readset,unrelated,20,89,1,EXECUTE,published_after_gate_recheck,14.42627515643835,4.038026090711355,20.061790374818365,60.878538779254605
readset,unrelated,20,90,1,EXECUTE,published_after_gate_recheck,14.467883389443159,4.080845974385738,20.061790374818365,60.878538779254605
readset,unrelated,20,91,1,EXECUTE,published_after_gate_recheck,17.311739269644022,6.041062995791435,20.061790374818365,60.878538779254605
readset,unrelated,20,92,1,EXECUTE,published_after_gate_recheck,16.906218137592077,4.000905901193619,20.061790374818365,60.878538779254605
readset,unrelated,20,93,1,EXECUTE,published_after_gate_recheck,14.764378778636456,4.270452074706554,20.061790374818365,60.878538779254605
readset,unrelated,20,94,1,EXECUTE,published_after_gate_recheck,17.71005569025874,6.589642725884914,20.061790374818365,60.878538779254605
readset,unrelated,20,95,1,EXECUTE,published_after_gate_recheck,14.783855993300676,4.134045913815498,20.061790374818365,60.878538779254605
readset,unrelated,20,96,1,EXECUTE,published_after_gate_recheck,15.124214813113213,4.481156822293997,20.061790374818365,60.878538779254605
readset,unrelated,20,97,1,EXECUTE,published_after_gate_recheck,18.218308687210083,7.581302896142006,20.061790374818365,60.878538779254605
readset,unrelated,20,98,1,EXECUTE,published_after_gate_recheck,14.741537161171436,4.323390778154135,20.061790374818365,60.878538779254605
readset,unrelated,20,99,1,EXECUTE,published_after_gate_recheck,15.44343400746584,4.641277715563774,20.061790374818365,60.878538779254605
global,related_same,20,0,1,EXECUTE,published_after_gate_recheck,17.988428939133883,4.594138823449612,20.070842734442746,54.01982666783617
global,related_same,20,1,1,EXECUTE,published_after_gate_recheck,14.850520994514227,4.051972180604935,20.070842734442746,54.01982666783617
global,related_same,20,2,1,EXECUTE,published_after_gate_recheck,14.867132063955069,4.22993628308177,20.070842734442746,54.01982666783617
global,related_same,20,3,0,REVOKE,context_version_changed_at_publish,17.03799469396472,6.566439289599657,20.070842734442746,54.01982666783617
global,related_same,20,4,1,EXECUTE,published_after_gate_recheck,14.85903700813651,3.870741929858923,20.070842734442746,54.01982666783617
global,related_same,20,5,1,EXECUTE,published_after_gate_recheck,14.5590347237885,3.7068137899041176,20.070842734442746,54.01982666783617
global,related_same,20,6,0,REVOKE,context_version_changed_at_publish,18.811312038451433,7.660792674869299,20.070842734442746,54.01982666783617
global,related_same,20,7,1,EXECUTE,published_after_gate_recheck,15.635223127901554,4.518588073551655,20.070842734442746,54.01982666783617
global,related_same,20,8,1,EXECUTE,published_after_gate_recheck,16.06007106602192,4.091094713658094,20.070842734442746,54.01982666783617
global,related_same,20,9,0,REVOKE,context_version_changed_at_publish,17.00553484261036,6.243023090064526,20.070842734442746,54.01982666783617
global,related_same,20,10,1,EXECUTE,published_after_gate_recheck,14.188478700816631,3.664044663310051,20.070842734442746,54.01982666783617
global,related_same,20,11,1,EXECUTE,published_after_gate_recheck,14.339882880449295,4.224195145070553,20.070842734442746,54.01982666783617
global,related_same,20,12,1,EXECUTE,published_after_gate_recheck,15.718448907136917,4.378064069896936,20.070842734442746,54.01982666783617
global,related_same,20,13,1,EXECUTE,published_after_gate_recheck,14.85012099146843,4.434649832546711,20.070842734442746,54.01982666783617
global,related_same,20,14,1,EXECUTE,published_after_gate_recheck,14.587839134037495,3.902541007846594,20.070842734442746,54.01982666783617
global,related_same,20,15,1,EXECUTE,published_after_gate_recheck,15.405964106321335,4.5243678614497185,20.070842734442746,54.01982666783617
global,related_same,20,16,1,EXECUTE,published_after_gate_recheck,15.347322914749384,4.443475976586342,20.070842734442746,54.01982666783617
global,related_same,20,17,1,EXECUTE,published_after_gate_recheck,15.781037043780088,4.535329062491655,20.070842734442746,54.01982666783617
global,related_same,20,18,1,EXECUTE,published_after_gate_recheck,15.993325039744377,4.667858127504587,20.070842734442746,54.01982666783617
global,related_same,20,19,1,EXECUTE,published_after_gate_recheck,19.155938643962145,3.88123095035553,20.070842734442746,54.01982666783617
global,related_same,20,20,1,EXECUTE,published_after_gate_recheck,15.035368036478758,3.817522432655096,20.070842734442746,54.01982666783617
global,related_same,20,21,1,EXECUTE,published_after_gate_recheck,14.420393854379654,4.462612792849541,20.070842734442746,54.01982666783617
global,related_same,20,22,1,EXECUTE,published_after_gate_recheck,20.187954884022474,4.456820897758007,20.070842734442746,54.01982666783617
global,related_same,20,23,1,EXECUTE,published_after_gate_recheck,15.35194180905819,4.130859859287739,20.070842734442746,54.01982666783617
global,related_same,20,24,1,EXECUTE,published_after_gate_recheck,13.95851792767644,3.8656434044241905,20.070842734442746,54.01982666783617
global,related_same,20,25,1,EXECUTE,published_after_gate_recheck,18.970811739563942,4.526522010564804,20.070842734442746,54.01982666783617
global,related_same,20,26,1,EXECUTE,published_after_gate_recheck,15.032302122563124,4.342557396739721,20.070842734442746,54.01982666783617
global,related_same,20,27,1,EXECUTE,published_after_gate_recheck,15.04458487033844,3.8355663418769836,20.070842734442746,54.01982666783617
global,related_same,20,28,0,REVOKE,context_version_changed_at_publish,16.71261480078101,5.688162054866552,20.070842734442746,54.01982666783617
global,related_same,20,29,1,EXECUTE,published_after_gate_recheck,14.04836680740118,3.947526216506958,20.070842734442746,54.01982666783617
global,related_same,20,30,1,EXECUTE,published_after_gate_recheck,15.595288947224617,4.348598886281252,20.070842734442746,54.01982666783617
global,related_same,20,31,1,EXECUTE,published_after_gate_recheck,15.738157089799643,4.726989194750786,20.070842734442746,54.01982666783617
global,related_same,20,32,1,EXECUTE,published_after_gate_recheck,15.75082028284669,4.228413105010986,20.070842734442746,54.01982666783617
global,related_same,20,33,1,EXECUTE,published_after_gate_recheck,15.583465807139874,4.1530318558216095,20.070842734442746,54.01982666783617
global,related_same,20,34,1,EXECUTE,published_after_gate_recheck,14.638854190707207,4.159322939813137,20.070842734442746,54.01982666783617
global,related_same,20,35,1,EXECUTE,published_after_gate_recheck,14.505413826555014,3.9699478074908257,20.070842734442746,54.01982666783617
global,related_same,20,36,1,EXECUTE,published_after_gate_recheck,13.84848216548562,3.565959632396698,20.070842734442746,54.01982666783617
global,related_same,20,37,1,EXECUTE,published_after_gate_recheck,15.451199375092983,4.330805037170649,20.070842734442746,54.01982666783617
global,related_same,20,38,1,EXECUTE,published_after_gate_recheck,15.180660877376795,3.5549900494515896,20.070842734442746,54.01982666783617
global,related_same,20,39,1,EXECUTE,published_after_gate_recheck,14.18081484735012,3.8300356827676296,20.070842734442746,54.01982666783617
global,related_same,20,40,1,EXECUTE,published_after_gate_recheck,15.666491817682981,3.9618629962205887,20.070842734442746,54.01982666783617
global,related_same,20,41,0,REVOKE,context_version_changed_at_publish,18.44731019809842,7.572337053716183,20.070842734442746,54.01982666783617
global,related_same,20,42,1,EXECUTE,published_after_gate_recheck,14.27244720980525,3.8694902323186398,20.070842734442746,54.01982666783617
global,related_same,20,43,1,EXECUTE,published_after_gate_recheck,15.300455037504435,4.132773727178574,20.070842734442746,54.01982666783617
global,related_same,20,44,0,REVOKE,context_version_changed_at_publish,20.273756235837936,8.950091898441315,20.070842734442746,54.01982666783617
global,related_same,20,45,1,EXECUTE,published_after_gate_recheck,15.970733016729355,4.424902144819498,20.070842734442746,54.01982666783617
global,related_same,20,46,1,EXECUTE,published_after_gate_recheck,15.485221985727549,4.819321911782026,20.070842734442746,54.01982666783617
global,related_same,20,47,0,REVOKE,context_version_changed_at_publish,18.547737039625645,7.206540089100599,20.070842734442746,54.01982666783617
global,related_same,20,48,1,EXECUTE,published_after_gate_recheck,15.631216112524271,4.215669352561235,20.070842734442746,54.01982666783617
global,related_same,20,49,1,EXECUTE,published_after_gate_recheck,14.340104069560766,4.327909089624882,20.070842734442746,54.01982666783617
global,related_same,20,50,0,REVOKE,context_version_changed_at_publish,17.327407840639353,6.38508889824152,20.070842734442746,54.01982666783617
global,related_same,20,51,1,EXECUTE,published_after_gate_recheck,14.19246569275856,3.9222189225256443,20.070842734442746,54.01982666783617
global,related_same,20,52,1,EXECUTE,published_after_gate_recheck,14.322360046207905,4.53450670465827,20.070842734442746,54.01982666783617
global,related_same,20,53,1,EXECUTE,published_after_gate_recheck,14.291072264313698,3.8667642511427402,20.070842734442746,54.01982666783617
global,related_same,20,54,1,EXECUTE,published_after_gate_recheck,16.2999308668077,4.006316885352135,20.070842734442746,54.01982666783617
global,related_same,20,55,1,EXECUTE,published_after_gate_recheck,14.171427115797997,3.6868671886622906,20.070842734442746,54.01982666783617
global,related_same,20,56,1,EXECUTE,published_after_gate_recheck,14.499773271381855,4.285189788788557,20.070842734442746,54.01982666783617
global,related_same,20,57,1,EXECUTE,published_after_gate_recheck,17.734802793711424,4.185822792351246,20.070842734442746,54.01982666783617
global,related_same,20,58,1,EXECUTE,published_after_gate_recheck,14.24358319491148,4.037244711071253,20.070842734442746,54.01982666783617
global,related_same,20,59,1,EXECUTE,published_after_gate_recheck,14.63570911437273,4.260903690010309,20.070842734442746,54.01982666783617
global,related_same,20,60,0,REVOKE,context_version_changed_at_publish,17.30840327218175,6.56554801389575,20.070842734442746,54.01982666783617
global,related_same,20,61,1,EXECUTE,published_after_gate_recheck,14.205420855432749,4.038035869598389,20.070842734442746,54.01982666783617
global,related_same,20,62,1,EXECUTE,published_after_gate_recheck,14.525861945003271,3.9611109532415867,20.070842734442746,54.01982666783617
global,related_same,20,63,1,EXECUTE,published_after_gate_recheck,15.077067073434591,4.489032085984945,20.070842734442746,54.01982666783617
global,related_same,20,64,1,EXECUTE,published_after_gate_recheck,16.0136129707098,4.459295887500048,20.070842734442746,54.01982666783617
global,related_same,20,65,1,EXECUTE,published_after_gate_recheck,15.088267158716917,4.179550800472498,20.070842734442746,54.01982666783617
global,related_same,20,66,1,EXECUTE,published_after_gate_recheck,16.11766777932644,5.077666137367487,20.070842734442746,54.01982666783617
global,related_same,20,67,1,EXECUTE,published_after_gate_recheck,15.882537234574556,4.109099041670561,20.070842734442746,54.01982666783617
global,related_same,20,68,1,EXECUTE,published_after_gate_recheck,15.276820864528418,4.02566185221076,20.070842734442746,54.01982666783617
global,related_same,20,69,1,EXECUTE,published_after_gate_recheck,14.87965602427721,3.9771911688148975,20.070842734442746,54.01982666783617
global,related_same,20,70,1,EXECUTE,published_after_gate_recheck,14.915353152900934,4.173258785158396,20.070842734442746,54.01982666783617
global,related_same,20,71,1,EXECUTE,published_after_gate_recheck,14.84999991953373,4.114118870347738,20.070842734442746,54.01982666783617
global,related_same,20,72,1,EXECUTE,published_after_gate_recheck,18.587471917271614,7.146487012505531,20.070842734442746,54.01982666783617
global,related_same,20,73,1,EXECUTE,published_after_gate_recheck,18.238987773656845,4.357085097581148,20.070842734442746,54.01982666783617
global,related_same,20,74,1,EXECUTE,published_after_gate_recheck,16.003233846277,4.1442750953137875,20.070842734442746,54.01982666783617
global,related_same,20,75,1,EXECUTE,published_after_gate_recheck,15.878379810601473,4.381188657134771,20.070842734442746,54.01982666783617
global,related_same,20,76,1,EXECUTE,published_after_gate_recheck,17.48541509732604,4.180673975497484,20.070842734442746,54.01982666783617
global,related_same,20,77,1,EXECUTE,published_after_gate_recheck,15.557447914034128,4.457562696188688,20.070842734442746,54.01982666783617
global,related_same,20,78,1,EXECUTE,published_after_gate_recheck,16.385440714657307,4.19811625033617,20.070842734442746,54.01982666783617
global,related_same,20,79,1,EXECUTE,published_after_gate_recheck,20.99739434197545,5.074811168015003,20.070842734442746,54.01982666783617
global,related_same,20,80,1,EXECUTE,published_after_gate_recheck,15.374144073575735,4.145236685872078,20.070842734442746,54.01982666783617
global,related_same,20,81,1,EXECUTE,published_after_gate_recheck,16.435204073786736,4.72200894728303,20.070842734442746,54.01982666783617
global,related_same,20,82,1,EXECUTE,published_after_gate_recheck,15.230224002152681,3.9137820713222027,20.070842734442746,54.01982666783617
global,related_same,20,83,1,EXECUTE,published_after_gate_recheck,14.536210801452398,4.222171846777201,20.070842734442746,54.01982666783617
global,related_same,20,84,1,EXECUTE,published_after_gate_recheck,15.44104004278779,4.114178940653801,20.070842734442746,54.01982666783617
global,related_same,20,85,0,REVOKE,context_version_changed_at_publish,16.964107286185026,6.29801582545042,20.070842734442746,54.01982666783617
global,related_same,20,86,1,EXECUTE,published_after_gate_recheck,15.327425673604012,4.7593386843800545,20.070842734442746,54.01982666783617
global,related_same,20,87,1,EXECUTE,published_after_gate_recheck,14.994421973824501,4.028317052870989,20.070842734442746,54.01982666783617
global,related_same,20,88,0,REVOKE,context_version_changed_at_publish,17.98704592511058,7.263877894729376,20.070842734442746,54.01982666783617
global,related_same,20,89,1,EXECUTE,published_after_gate_recheck,14.756435062736273,4.201842937618494,20.070842734442746,54.01982666783617
global,related_same,20,90,1,EXECUTE,published_after_gate_recheck,14.810315798968077,4.008289892226458,20.070842734442746,54.01982666783617
global,related_same,20,91,0,REVOKE,context_version_changed_at_publish,19.14839493110776,8.271979168057442,20.070842734442746,54.01982666783617
global,related_same,20,92,1,EXECUTE,published_after_gate_recheck,15.320543199777603,4.416836891323328,20.070842734442746,54.01982666783617
global,related_same,20,93,1,EXECUTE,published_after_gate_recheck,15.03826305270195,4.480385221540928,20.070842734442746,54.01982666783617
global,related_same,20,94,0,REVOKE,context_version_changed_at_publish,21.689382381737232,9.144756011664867,20.070842734442746,54.01982666783617
global,related_same,20,95,1,EXECUTE,published_after_gate_recheck,15.588225331157446,4.51313704252243,20.070842734442746,54.01982666783617
global,related_same,20,96,1,EXECUTE,published_after_gate_recheck,14.855540823191404,4.175723996013403,20.070842734442746,54.01982666783617
global,related_same,20,97,0,REVOKE,context_version_changed_at_publish,18.48533097654581,7.329812273383141,20.070842734442746,54.01982666783617
global,related_same,20,98,1,EXECUTE,published_after_gate_recheck,14.489925000816584,4.0118759498000145,20.070842734442746,54.01982666783617
global,related_same,20,99,1,EXECUTE,published_after_gate_recheck,14.056932181119919,4.173971246927977,20.070842734442746,54.01982666783617
readset,related_same,20,0,1,EXECUTE,published_after_gate_recheck,20.408608950674534,6.57581677660346,20.06026388647656,60.85181575119332
readset,related_same,20,1,1,EXECUTE,published_after_gate_recheck,15.524745918810368,4.5609367080032825,20.06026388647656,60.85181575119332
readset,related_same,20,2,1,EXECUTE,published_after_gate_recheck,15.517773106694221,4.001688212156296,20.06026388647656,60.85181575119332
readset,related_same,20,3,1,EXECUTE,published_after_gate_recheck,16.067133750766516,4.527905024588108,20.06026388647656,60.85181575119332
readset,related_same,20,4,1,EXECUTE,published_after_gate_recheck,14.143794775009155,3.8661430589854717,20.06026388647656,60.85181575119332
readset,related_same,20,5,1,EXECUTE,published_after_gate_recheck,14.980596024543047,4.006576724350452,20.06026388647656,60.85181575119332
readset,related_same,20,6,1,EXECUTE,published_after_gate_recheck,17.151648178696632,6.212284788489342,20.06026388647656,60.85181575119332
readset,related_same,20,7,1,EXECUTE,published_after_gate_recheck,14.872743282467127,4.022656939923763,20.06026388647656,60.85181575119332
readset,related_same,20,8,1,EXECUTE,published_after_gate_recheck,14.823339879512787,4.360191058367491,20.06026388647656,60.85181575119332
readset,related_same,20,9,1,EXECUTE,published_after_gate_recheck,15.236855950206518,4.583087749779224,20.06026388647656,60.85181575119332
readset,related_same,20,10,1,EXECUTE,published_after_gate_recheck,15.560964122414589,4.2566959746181965,20.06026388647656,60.85181575119332
readset,related_same,20,11,1,EXECUTE,published_after_gate_recheck,18.925555981695652,6.841134745627642,20.06026388647656,60.85181575119332
readset,related_same,20,12,1,EXECUTE,published_after_gate_recheck,19.298717379570007,7.652748376131058,20.06026388647656,60.85181575119332
readset,related_same,20,13,1,EXECUTE,published_after_gate_recheck,14.302182011306286,4.521993920207024,20.06026388647656,60.85181575119332
readset,related_same,20,14,1,EXECUTE,published_after_gate_recheck,15.138661954551935,4.3126908130943775,20.06026388647656,60.85181575119332
readset,related_same,20,15,1,EXECUTE,published_after_gate_recheck,14.375840779393911,4.219595808535814,20.06026388647656,60.85181575119332
readset,related_same,20,16,1,EXECUTE,published_after_gate_recheck,15.184157062321901,4.095103126019239,20.06026388647656,60.85181575119332
readset,related_same,20,17,1,EXECUTE,published_after_gate_recheck,15.453413128852844,4.673078190535307,20.06026388647656,60.85181575119332
readset,related_same,20,18,1,EXECUTE,published_after_gate_recheck,16.274032182991505,4.501615650951862,20.06026388647656,60.85181575119332
readset,related_same,20,19,1,EXECUTE,published_after_gate_recheck,16.436847858130932,4.929788876324892,20.06026388647656,60.85181575119332
readset,related_same,20,20,1,EXECUTE,published_after_gate_recheck,15.633980743587017,4.426443949341774,20.06026388647656,60.85181575119332
readset,related_same,20,21,1,EXECUTE,published_after_gate_recheck,15.89307701215148,4.32966323569417,20.06026388647656,60.85181575119332
readset,related_same,20,22,1,EXECUTE,published_after_gate_recheck,15.214333776384592,4.003320354968309,20.06026388647656,60.85181575119332
readset,related_same,20,23,1,EXECUTE,published_after_gate_recheck,15.358253847807646,4.626589827239513,20.06026388647656,60.85181575119332
readset,related_same,20,24,1,EXECUTE,published_after_gate_recheck,14.550368301570415,4.161156713962555,20.06026388647656,60.85181575119332
readset,related_same,20,25,1,EXECUTE,published_after_gate_recheck,20.662694703787565,4.581787157803774,20.06026388647656,60.85181575119332
readset,related_same,20,26,1,EXECUTE,published_after_gate_recheck,16.17981493473053,4.682173952460289,20.06026388647656,60.85181575119332
readset,related_same,20,27,1,EXECUTE,published_after_gate_recheck,16.45560283213854,4.634093958884478,20.06026388647656,60.85181575119332
readset,related_same,20,28,1,EXECUTE,published_after_gate_recheck,22.821376100182533,8.073407225310802,20.06026388647656,60.85181575119332
readset,related_same,20,29,1,EXECUTE,published_after_gate_recheck,18.327734898775816,5.237827077507973,20.06026388647656,60.85181575119332
readset,related_same,20,30,1,EXECUTE,published_after_gate_recheck,14.66868119314313,4.370009060949087,20.06026388647656,60.85181575119332
readset,related_same,20,31,1,EXECUTE,published_after_gate_recheck,14.258841052651405,4.031303804367781,20.06026388647656,60.85181575119332
readset,related_same,20,32,1,EXECUTE,published_after_gate_recheck,14.276705216616392,4.047813825309277,20.06026388647656,60.85181575119332
readset,related_same,20,33,1,EXECUTE,published_after_gate_recheck,13.675957918167114,3.5941232927143574,20.06026388647656,60.85181575119332
readset,related_same,20,34,1,EXECUTE,published_after_gate_recheck,17.030801624059677,4.514679778367281,20.06026388647656,60.85181575119332
readset,related_same,20,35,1,EXECUTE,published_after_gate_recheck,15.407235361635685,4.072531126439571,20.06026388647656,60.85181575119332
readset,related_same,20,36,1,EXECUTE,published_after_gate_recheck,16.276116017252207,4.513036925345659,20.06026388647656,60.85181575119332
readset,related_same,20,37,1,EXECUTE,published_after_gate_recheck,19.17137810960412,4.106753971427679,20.06026388647656,60.85181575119332
readset,related_same,20,38,1,EXECUTE,published_after_gate_recheck,14.346785843372345,3.961933311074972,20.06026388647656,60.85181575119332
readset,related_same,20,39,1,EXECUTE,published_after_gate_recheck,15.113354194909334,4.163019824773073,20.06026388647656,60.85181575119332
readset,related_same,20,40,1,EXECUTE,published_after_gate_recheck,17.597645986825228,6.2898206524550915,20.06026388647656,60.85181575119332
readset,related_same,20,41,1,EXECUTE,published_after_gate_recheck,15.447782352566719,4.186533857136965,20.06026388647656,60.85181575119332
readset,related_same,20,42,1,EXECUTE,published_after_gate_recheck,15.012886375188828,4.087749402970076,20.06026388647656,60.85181575119332
readset,related_same,20,43,1,EXECUTE,published_after_gate_recheck,19.590765237808228,6.096948403865099,20.06026388647656,60.85181575119332
readset,related_same,20,44,1,EXECUTE,published_after_gate_recheck,15.909488312900066,4.333741031587124,20.06026388647656,60.85181575119332
readset,related_same,20,45,1,EXECUTE,published_after_gate_recheck,15.821272972971201,4.393161740154028,20.06026388647656,60.85181575119332
readset,related_same,20,46,1,EXECUTE,published_after_gate_recheck,18.488626927137375,4.0153032168745995,20.06026388647656,60.85181575119332
readset,related_same,20,47,1,EXECUTE,published_after_gate_recheck,14.644335024058819,4.232460167258978,20.06026388647656,60.85181575119332
readset,related_same,20,48,1,EXECUTE,published_after_gate_recheck,14.613957609981298,4.114207811653614,20.06026388647656,60.85181575119332
readset,related_same,20,49,1,EXECUTE,published_after_gate_recheck,17.807889729738235,7.707579992711544,20.06026388647656,60.85181575119332
readset,related_same,20,50,1,EXECUTE,published_after_gate_recheck,14.832437969744205,4.137412179261446,20.06026388647656,60.85181575119332
readset,related_same,20,51,1,EXECUTE,published_after_gate_recheck,15.101531986147165,4.07820101827383,20.06026388647656,60.85181575119332
readset,related_same,20,52,1,EXECUTE,published_after_gate_recheck,21.612316835671663,11.293868068605661,20.06026388647656,60.85181575119332
readset,related_same,20,53,1,EXECUTE,published_after_gate_recheck,16.635389998555183,4.222380928695202,20.06026388647656,60.85181575119332
readset,related_same,20,54,1,EXECUTE,published_after_gate_recheck,15.000243205577135,4.060117062181234,20.06026388647656,60.85181575119332
readset,related_same,20,55,1,EXECUTE,published_after_gate_recheck,17.084051854908466,4.967048764228821,20.06026388647656,60.85181575119332
readset,related_same,20,56,1,EXECUTE,published_after_gate_recheck,16.79791510105133,4.728119820356369,20.06026388647656,60.85181575119332
readset,related_same,20,57,1,EXECUTE,published_after_gate_recheck,15.756090171635151,4.257929045706987,20.06026388647656,60.85181575119332
readset,related_same,20,58,1,EXECUTE,published_after_gate_recheck,16.86366880312562,5.866285879164934,20.06026388647656,60.85181575119332
readset,related_same,20,59,1,EXECUTE,published_after_gate_recheck,20.925078075379133,4.236779175698757,20.06026388647656,60.85181575119332
readset,related_same,20,60,1,EXECUTE,published_after_gate_recheck,16.894505824893713,4.584400914609432,20.06026388647656,60.85181575119332
readset,related_same,20,61,1,EXECUTE,published_after_gate_recheck,16.871243249624968,4.412097856402397,20.06026388647656,60.85181575119332
readset,related_same,20,62,1,EXECUTE,published_after_gate_recheck,14.934177976101637,4.207804799079895,20.06026388647656,60.85181575119332
readset,related_same,20,63,1,EXECUTE,published_after_gate_recheck,16.388176009058952,4.321928136050701,20.06026388647656,60.85181575119332
readset,related_same,20,64,1,EXECUTE,published_after_gate_recheck,16.7171829380095,4.642721265554428,20.06026388647656,60.85181575119332
readset,related_same,20,65,1,EXECUTE,published_after_gate_recheck,15.35430597141385,4.473432898521423,20.06026388647656,60.85181575119332
readset,related_same,20,66,1,EXECUTE,published_after_gate_recheck,14.030563179403543,4.082909785211086,20.06026388647656,60.85181575119332
readset,related_same,20,67,1,EXECUTE,published_after_gate_recheck,17.457643058151007,6.324816029518843,20.06026388647656,60.85181575119332
readset,related_same,20,68,1,EXECUTE,published_after_gate_recheck,17.23277010023594,5.464100744575262,20.06026388647656,60.85181575119332
readset,related_same,20,69,1,EXECUTE,published_after_gate_recheck,14.901446644216776,4.551989957690239,20.06026388647656,60.85181575119332
readset,related_same,20,70,1,EXECUTE,published_after_gate_recheck,18.298659939318895,6.8936338648200035,20.06026388647656,60.85181575119332
readset,related_same,20,71,1,EXECUTE,published_after_gate_recheck,15.288442838937044,4.071578849107027,20.06026388647656,60.85181575119332
readset,related_same,20,72,1,EXECUTE,published_after_gate_recheck,16.166860703378916,4.179561045020819,20.06026388647656,60.85181575119332
readset,related_same,20,73,1,EXECUTE,published_after_gate_recheck,17.585262190550566,5.901983007788658,20.06026388647656,60.85181575119332
readset,related_same,20,74,1,EXECUTE,published_after_gate_recheck,16.831168439239264,4.348909016698599,20.06026388647656,60.85181575119332
readset,related_same,20,75,1,EXECUTE,published_after_gate_recheck,15.20164031535387,4.141570068895817,20.06026388647656,60.85181575119332
readset,related_same,20,76,1,EXECUTE,published_after_gate_recheck,17.73594506084919,6.6860131919384,20.06026388647656,60.85181575119332
readset,related_same,20,77,1,EXECUTE,published_after_gate_recheck,15.136378351598978,4.458073992282152,20.06026388647656,60.85181575119332
readset,related_same,20,78,1,EXECUTE,published_after_gate_recheck,15.033845324069262,4.32151835411787,20.06026388647656,60.85181575119332
readset,related_same,20,79,1,EXECUTE,published_after_gate_recheck,18.22542306035757,7.0868260227143764,20.06026388647656,60.85181575119332
readset,related_same,20,80,1,EXECUTE,published_after_gate_recheck,15.453442931175232,4.391608759760857,20.06026388647656,60.85181575119332
readset,related_same,20,81,1,EXECUTE,published_after_gate_recheck,15.705205034464598,4.170083906501532,20.06026388647656,60.85181575119332
readset,related_same,20,82,1,EXECUTE,published_after_gate_recheck,19.80804279446602,8.676237892359495,20.06026388647656,60.85181575119332
readset,related_same,20,83,1,EXECUTE,published_after_gate_recheck,15.366118866950274,4.0842220187187195,20.06026388647656,60.85181575119332
readset,related_same,20,84,1,EXECUTE,published_after_gate_recheck,14.8528260178864,3.8197659887373447,20.06026388647656,60.85181575119332
readset,related_same,20,85,1,EXECUTE,published_after_gate_recheck,19.440243020653725,6.7282733507454395,20.06026388647656,60.85181575119332
readset,related_same,20,86,1,EXECUTE,published_after_gate_recheck,16.3431316614151,4.434400238096714,20.06026388647656,60.85181575119332
readset,related_same,20,87,1,EXECUTE,published_after_gate_recheck,16.33547805249691,4.753719083964825,20.06026388647656,60.85181575119332
readset,related_same,20,88,1,EXECUTE,published_after_gate_recheck,18.806762993335724,6.411809008568525,20.06026388647656,60.85181575119332
readset,related_same,20,89,1,EXECUTE,published_after_gate_recheck,15.625996980816126,3.918109927326441,20.06026388647656,60.85181575119332
readset,related_same,20,90,1,EXECUTE,published_after_gate_recheck,15.855547040700912,4.342706874012947,20.06026388647656,60.85181575119332
readset,related_same,20,91,1,EXECUTE,published_after_gate_recheck,18.848140724003315,7.36965611577034,20.06026388647656,60.85181575119332
readset,related_same,20,92,1,EXECUTE,published_after_gate_recheck,16.557533759623766,4.818300250917673,20.06026388647656,60.85181575119332
readset,related_same,20,93,1,EXECUTE,published_after_gate_recheck,15.570851974189281,4.356282763183117,20.06026388647656,60.85181575119332
readset,related_same,20,94,1,EXECUTE,published_after_gate_recheck,16.098031774163246,5.720062181353569,20.06026388647656,60.85181575119332
readset,related_same,20,95,1,EXECUTE,published_after_gate_recheck,16.16997690871358,4.628013353794813,20.06026388647656,60.85181575119332
readset,related_same,20,96,1,EXECUTE,published_after_gate_recheck,15.690107364207506,4.2229327373206615,20.06026388647656,60.85181575119332
readset,related_same,20,97,1,EXECUTE,published_after_gate_recheck,17.204749397933483,6.138606928288937,20.06026388647656,60.85181575119332
readset,related_same,20,98,1,EXECUTE,published_after_gate_recheck,15.261222142726183,4.274218808859587,20.06026388647656,60.85181575119332
readset,related_same,20,99,1,EXECUTE,published_after_gate_recheck,14.505775179713964,4.564484115689993,20.06026388647656,60.85181575119332
global,unrelated,100,0,1,EXECUTE,published_after_gate_recheck,17.068441957235336,4.469434730708599,100.04287467288479,26.15711364253867
global,unrelated,100,1,0,REVOKE,context_version_changed_at_publish,25.553271174430847,8.821690920740366,100.04287467288479,26.15711364253867
global,unrelated,100,2,1,EXECUTE,published_after_gate_recheck,14.381240587681532,3.8029453717172146,100.04287467288479,26.15711364253867
global,unrelated,100,3,0,REVOKE,context_version_changed_at_publish,17.2015018761158,6.393293850123882,100.04287467288479,26.15711364253867
global,unrelated,100,4,0,REVOKE,context_version_changed_at_publish,20.462170243263245,9.82530415058136,100.04287467288479,26.15711364253867
global,unrelated,100,5,0,REVOKE,context_version_changed_at_publish,19.402009900659323,7.28258304297924,100.04287467288479,26.15711364253867
global,unrelated,100,6,1,EXECUTE,published_after_gate_recheck,22.670292761176825,3.9638872258365154,100.04287467288479,26.15711364253867
global,unrelated,100,7,0,REVOKE,context_version_changed_at_publish,20.002977922558784,6.45943870767951,100.04287467288479,26.15711364253867
global,unrelated,100,8,0,REVOKE,context_version_changed_at_publish,20.418266765773296,7.434848230332136,100.04287467288479,26.15711364253867
global,unrelated,100,9,0,REVOKE,context_version_changed_at_publish,25.721106212586164,5.587192252278328,100.04287467288479,26.15711364253867
global,unrelated,100,10,0,REVOKE,context_version_changed_at_publish,19.781422801315784,8.953727781772614,100.04287467288479,26.15711364253867
global,unrelated,100,11,0,REVOKE,context_version_changed_at_publish,19.16200015693903,8.106749039143324,100.04287467288479,26.15711364253867
global,unrelated,100,12,1,EXECUTE,published_after_gate_recheck,14.698335900902748,4.379415884613991,100.04287467288479,26.15711364253867
global,unrelated,100,13,0,REVOKE,context_version_changed_at_publish,15.631355810910463,5.3417920134961605,100.04287467288479,26.15711364253867
global,unrelated,100,14,0,REVOKE,context_version_changed_at_publish,18.582964316010475,8.167363237589598,100.04287467288479,26.15711364253867
global,unrelated,100,15,1,EXECUTE,published_after_gate_recheck,16.024944838136435,4.1947998106479645,100.04287467288479,26.15711364253867
global,unrelated,100,16,0,REVOKE,context_version_changed_at_publish,17.182596027851105,6.299218162894249,100.04287467288479,26.15711364253867
global,unrelated,100,17,0,REVOKE,context_version_changed_at_publish,18.174747936427593,7.086204830557108,100.04287467288479,26.15711364253867
global,unrelated,100,18,1,EXECUTE,published_after_gate_recheck,14.467102009803057,4.233672749251127,100.04287467288479,26.15711364253867
global,unrelated,100,19,1,EXECUTE,published_after_gate_recheck,19.29508987814188,4.179842304438353,100.04287467288479,26.15711364253867
global,unrelated,100,20,0,REVOKE,context_version_changed_at_publish,17.05092005431652,5.990058183670044,100.04287467288479,26.15711364253867
global,unrelated,100,21,0,REVOKE,context_version_changed_at_publish,16.598300077021122,5.707959178835154,100.04287467288479,26.15711364253867
global,unrelated,100,22,1,EXECUTE,published_after_gate_recheck,15.413287095725536,4.08934336155653,100.04287467288479,26.15711364253867
global,unrelated,100,23,0,REVOKE,context_version_changed_at_publish,15.485803131014109,5.656932946294546,100.04287467288479,26.15711364253867
global,unrelated,100,24,1,EXECUTE,published_after_gate_recheck,14.897570013999939,3.8194158114492893,100.04287467288479,26.15711364253867
global,unrelated,100,25,0,REVOKE,context_version_changed_at_publish,17.245564609766006,6.334013771265745,100.04287467288479,26.15711364253867
global,unrelated,100,26,0,REVOKE,context_version_changed_at_publish,17.037083860486746,6.0317558236420155,100.04287467288479,26.15711364253867
global,unrelated,100,27,1,EXECUTE,published_after_gate_recheck,15.840327832847834,4.298265092074871,100.04287467288479,26.15711364253867
global,unrelated,100,28,0,REVOKE,context_version_changed_at_publish,16.789079178124666,6.444730795919895,100.04287467288479,26.15711364253867
global,unrelated,100,29,0,REVOKE,context_version_changed_at_publish,18.87255720794201,7.4697439558804035,100.04287467288479,26.15711364253867
global,unrelated,100,30,1,EXECUTE,published_after_gate_recheck,15.297490172088146,4.429711028933525,100.04287467288479,26.15711364253867
global,unrelated,100,31,1,EXECUTE,published_after_gate_recheck,18.844944890588522,4.2580789886415005,100.04287467288479,26.15711364253867
global,unrelated,100,32,0,REVOKE,context_version_changed_at_publish,16.02835115045309,5.6817797012627125,100.04287467288479,26.15711364253867
global,unrelated,100,33,0,REVOKE,context_version_changed_at_publish,19.43544391542673,8.604784030467272,100.04287467288479,26.15711364253867
global,unrelated,100,34,1,EXECUTE,published_after_gate_recheck,15.091984067112207,4.502777010202408,100.04287467288479,26.15711364253867
global,unrelated,100,35,1,EXECUTE,published_after_gate_recheck,19.358549267053604,3.8422681391239166,100.04287467288479,26.15711364253867
global,unrelated,100,36,1,EXECUTE,published_after_gate_recheck,20.371589809656143,4.33792918920517,100.04287467288479,26.15711364253867
global,unrelated,100,37,0,REVOKE,context_version_changed_at_publish,17.405145335942507,6.6375732421875,100.04287467288479,26.15711364253867
global,unrelated,100,38,0,REVOKE,context_version_changed_at_publish,17.316528130322695,7.207992952316999,100.04287467288479,26.15711364253867
global,unrelated,100,39,1,EXECUTE,published_after_gate_recheck,14.973422046750784,4.318451043218374,100.04287467288479,26.15711364253867
global,unrelated,100,40,1,EXECUTE,published_after_gate_recheck,19.514160696417093,4.219286143779755,100.04287467288479,26.15711364253867
global,unrelated,100,41,0,REVOKE,context_version_changed_at_publish,16.819986049085855,6.080548278987408,100.04287467288479,26.15711364253867
global,unrelated,100,42,0,REVOKE,context_version_changed_at_publish,17.24846987053752,6.35417178273201,100.04287467288479,26.15711364253867
global,unrelated,100,43,1,EXECUTE,published_after_gate_recheck,15.327195636928082,4.0902029722929,100.04287467288479,26.15711364253867
global,unrelated,100,44,0,REVOKE,context_version_changed_at_publish,16.99205907061696,6.149546708911657,100.04287467288479,26.15711364253867
global,unrelated,100,45,1,EXECUTE,published_after_gate_recheck,15.787879936397076,4.2637488804757595,100.04287467288479,26.15711364253867
global,unrelated,100,46,1,EXECUTE,published_after_gate_recheck,17.45552895590663,4.206070676445961,100.04287467288479,26.15711364253867
global,unrelated,100,47,1,EXECUTE,published_after_gate_recheck,18.70065461844206,3.5931612364947796,100.04287467288479,26.15711364253867
global,unrelated,100,48,0,REVOKE,context_version_changed_at_publish,16.580738127231598,5.227155983448029,100.04287467288479,26.15711364253867
global,unrelated,100,49,1,EXECUTE,published_after_gate_recheck,14.950860291719437,4.198577255010605,100.04287467288479,26.15711364253867
global,unrelated,100,50,0,REVOKE,context_version_changed_at_publish,16.949649900197983,6.060821004211903,100.04287467288479,26.15711364253867
global,unrelated,100,51,0,REVOKE,context_version_changed_at_publish,19.418842159211636,7.916852831840515,100.04287467288479,26.15711364253867
global,unrelated,100,52,0,REVOKE,context_version_changed_at_publish,18.737864214926958,8.70729610323906,100.04287467288479,26.15711364253867
global,unrelated,100,53,1,EXECUTE,published_after_gate_recheck,15.131188090890646,4.365970846265554,100.04287467288479,26.15711364253867
global,unrelated,100,54,1,EXECUTE,published_after_gate_recheck,18.61778926104307,4.121571779251099,100.04287467288479,26.15711364253867
global,unrelated,100,55,0,REVOKE,context_version_changed_at_publish,16.269172076135874,5.827403161674738,100.04287467288479,26.15711364253867
global,unrelated,100,56,0,REVOKE,context_version_changed_at_publish,19.101547077298164,8.21795780211687,100.04287467288479,26.15711364253867
global,unrelated,100,57,1,EXECUTE,published_after_gate_recheck,15.065434854477644,4.395436029881239,100.04287467288479,26.15711364253867
global,unrelated,100,58,0,REVOKE,context_version_changed_at_publish,16.811078879982233,6.246570032089949,100.04287467288479,26.15711364253867
global,unrelated,100,59,0,REVOKE,context_version_changed_at_publish,17.53830397501588,7.0017557591199875,100.04287467288479,26.15711364253867
global,unrelated,100,60,1,EXECUTE,published_after_gate_recheck,15.996500849723816,4.501696210354567,100.04287467288479,26.15711364253867
global,unrelated,100,61,1,EXECUTE,published_after_gate_recheck,19.324404653161764,4.858895670622587,100.04287467288479,26.15711364253867
global,unrelated,100,62,0,REVOKE,context_version_changed_at_publish,17.25143613293767,5.869431886821985,100.04287467288479,26.15711364253867
global,unrelated,100,63,0,REVOKE,context_version_changed_at_publish,17.21394481137395,5.710724275559187,100.04287467288479,26.15711364253867
global,unrelated,100,64,1,EXECUTE,published_after_gate_recheck,15.150343999266624,4.410464782267809,100.04287467288479,26.15711364253867
global,unrelated,100,65,0,REVOKE,context_version_changed_at_publish,16.451094299554825,6.003733724355698,100.04287467288479,26.15711364253867
global,unrelated,100,66,0,REVOKE,context_version_changed_at_publish,18.366428092122078,8.686427026987076,100.04287467288479,26.15711364253867
global,unrelated,100,67,1,EXECUTE,published_after_gate_recheck,14.852695632725954,3.968064207583666,100.04287467288479,26.15711364253867
global,unrelated,100,68,1,EXECUTE,published_after_gate_recheck,20.142719615250826,4.7953263856470585,100.04287467288479,26.15711364253867
global,unrelated,100,69,1,EXECUTE,published_after_gate_recheck,20.045148208737373,4.312410950660706,100.04287467288479,26.15711364253867
global,unrelated,100,70,1,EXECUTE,published_after_gate_recheck,20.865275990217924,4.823388997465372,100.04287467288479,26.15711364253867
global,unrelated,100,71,0,REVOKE,context_version_changed_at_publish,25.18782578408718,10.426030959933996,100.04287467288479,26.15711364253867
global,unrelated,100,72,0,REVOKE,context_version_changed_at_publish,18.50686129182577,8.665316738188267,100.04287467288479,26.15711364253867
global,unrelated,100,73,1,EXECUTE,published_after_gate_recheck,15.445937868207693,4.339792300015688,100.04287467288479,26.15711364253867
global,unrelated,100,74,1,EXECUTE,published_after_gate_recheck,19.104022067040205,4.079673904925585,100.04287467288479,26.15711364253867
global,unrelated,100,75,0,REVOKE,context_version_changed_at_publish,17.499171197414398,6.242181174457073,100.04287467288479,26.15711364253867
global,unrelated,100,76,0,REVOKE,context_version_changed_at_publish,18.294472713023424,7.358134724199772,100.04287467288479,26.15711364253867
global,unrelated,100,77,1,EXECUTE,published_after_gate_recheck,14.703865628689528,4.364187829196453,100.04287467288479,26.15711364253867
global,unrelated,100,78,0,REVOKE,context_version_changed_at_publish,17.192504834383726,6.419975310564041,100.04287467288479,26.15711364253867
global,unrelated,100,79,0,REVOKE,context_version_changed_at_publish,18.29867111518979,7.178226951509714,100.04287467288479,26.15711364253867
global,unrelated,100,80,1,EXECUTE,published_after_gate_recheck,14.159535057842731,3.806381020694971,100.04287467288479,26.15711364253867
global,unrelated,100,81,0,REVOKE,context_version_changed_at_publish,26.451727375388145,9.634514804929495,100.04287467288479,26.15711364253867
global,unrelated,100,82,0,REVOKE,context_version_changed_at_publish,20.15511319041252,9.42751718685031,100.04287467288479,26.15711364253867
global,unrelated,100,83,0,REVOKE,context_version_changed_at_publish,17.98574300482869,6.657971069216728,100.04287467288479,26.15711364253867
global,unrelated,100,84,1,EXECUTE,published_after_gate_recheck,15.828435774892569,4.474865738302469,100.04287467288479,26.15711364253867
global,unrelated,100,85,1,EXECUTE,published_after_gate_recheck,19.91488318890333,4.198616836220026,100.04287467288479,26.15711364253867
global,unrelated,100,86,1,EXECUTE,published_after_gate_recheck,19.68592405319214,4.10682475194335,100.04287467288479,26.15711364253867
global,unrelated,100,87,1,EXECUTE,published_after_gate_recheck,20.390816032886505,4.911414347589016,100.04287467288479,26.15711364253867
global,unrelated,100,88,1,EXECUTE,published_after_gate_recheck,19.03716614469886,4.336035344749689,100.04287467288479,26.15711364253867
global,unrelated,100,89,1,EXECUTE,published_after_gate_recheck,19.53453989699483,4.398813005536795,100.04287467288479,26.15711364253867
global,unrelated,100,90,0,REVOKE,context_version_changed_at_publish,17.40508433431387,6.122657097876072,100.04287467288479,26.15711364253867
global,unrelated,100,91,0,REVOKE,context_version_changed_at_publish,17.746094148606062,6.447956897318363,100.04287467288479,26.15711364253867
global,unrelated,100,92,1,EXECUTE,published_after_gate_recheck,16.339684836566448,4.977117758244276,100.04287467288479,26.15711364253867
global,unrelated,100,93,0,REVOKE,context_version_changed_at_publish,23.832342121750116,8.981960825622082,100.04287467288479,26.15711364253867
global,unrelated,100,94,1,EXECUTE,published_after_gate_recheck,14.767415821552277,4.146099090576172,100.04287467288479,26.15711364253867
global,unrelated,100,95,0,REVOKE,context_version_changed_at_publish,16.390589997172356,6.072693038731813,100.04287467288479,26.15711364253867
global,unrelated,100,96,0,REVOKE,context_version_changed_at_publish,18.317976966500282,7.95685825869441,100.04287467288479,26.15711364253867
global,unrelated,100,97,1,EXECUTE,published_after_gate_recheck,15.034195967018604,4.106303211301565,100.04287467288479,26.15711364253867
global,unrelated,100,98,1,EXECUTE,published_after_gate_recheck,20.137441344559193,4.693566355854273,100.04287467288479,26.15711364253867
global,unrelated,100,99,1,EXECUTE,published_after_gate_recheck,19.206183031201363,4.184199962764978,100.04287467288479,26.15711364253867
readset,unrelated,100,0,1,EXECUTE,published_after_gate_recheck,16.99294103309512,4.240876063704491,100.02013464664527,54.75029260716785
readset,unrelated,100,1,1,EXECUTE,published_after_gate_recheck,17.132382839918137,6.249214988201857,100.02013464664527,54.75029260716785
readset,unrelated,100,2,1,EXECUTE,published_after_gate_recheck,18.47860775887966,7.768996059894562,100.02013464664527,54.75029260716785
readset,unrelated,100,3,1,EXECUTE,published_after_gate_recheck,15.016382094472647,4.464755766093731,100.02013464664527,54.75029260716785
readset,unrelated,100,4,1,EXECUTE,published_after_gate_recheck,16.71231398358941,5.717596970498562,100.02013464664527,54.75029260716785
readset,unrelated,100,5,1,EXECUTE,published_after_gate_recheck,17.46687013655901,6.823000963777304,100.02013464664527,54.75029260716785
readset,unrelated,100,6,1,EXECUTE,published_after_gate_recheck,15.189557801932096,3.895858768373728,100.02013464664527,54.75029260716785
readset,unrelated,100,7,1,EXECUTE,published_after_gate_recheck,19.196284003555775,3.9416151121258736,100.02013464664527,54.75029260716785
readset,unrelated,100,8,1,EXECUTE,published_after_gate_recheck,16.74753101542592,5.931558087468147,100.02013464664527,54.75029260716785
readset,unrelated,100,9,1,EXECUTE,published_after_gate_recheck,19.076460041105747,8.211436215788126,100.02013464664527,54.75029260716785
readset,unrelated,100,10,1,EXECUTE,published_after_gate_recheck,14.402971137315035,4.197103902697563,100.02013464664527,54.75029260716785
readset,unrelated,100,11,1,EXECUTE,published_after_gate_recheck,19.069646950811148,7.360017858445644,100.02013464664527,54.75029260716785
readset,unrelated,100,12,1,EXECUTE,published_after_gate_recheck,19.284399691969156,4.49494319036603,100.02013464664527,54.75029260716785
readset,unrelated,100,13,1,EXECUTE,published_after_gate_recheck,21.20415074750781,5.64589211717248,100.02013464664527,54.75029260716785
readset,unrelated,100,14,1,EXECUTE,published_after_gate_recheck,20.91982774436474,4.563342314213514,100.02013464664527,54.75029260716785
readset,unrelated,100,15,1,EXECUTE,published_after_gate_recheck,18.53821985423565,6.4155468717217445,100.02013464664527,54.75029260716785
readset,unrelated,100,16,1,EXECUTE,published_after_gate_recheck,21.54719503596425,4.739512223750353,100.02013464664527,54.75029260716785
readset,unrelated,100,17,1,EXECUTE,published_after_gate_recheck,24.814445059746504,4.726087208837271,100.02013464664527,54.75029260716785
readset,unrelated,100,18,1,EXECUTE,published_after_gate_recheck,18.429295159876347,6.598118226975203,100.02013464664527,54.75029260716785
readset,unrelated,100,19,1,EXECUTE,published_after_gate_recheck,15.73572214692831,4.362363833934069,100.02013464664527,54.75029260716785
readset,unrelated,100,20,1,EXECUTE,published_after_gate_recheck,16.832299064844847,6.229376886039972,100.02013464664527,54.75029260716785
readset,unrelated,100,21,1,EXECUTE,published_after_gate_recheck,19.020544830709696,8.152343798428774,100.02013464664527,54.75029260716785
readset,unrelated,100,22,1,EXECUTE,published_after_gate_recheck,19.140079151839018,8.37127584964037,100.02013464664527,54.75029260716785
readset,unrelated,100,23,1,EXECUTE,published_after_gate_recheck,19.425053615123034,8.738785050809383,100.02013464664527,54.75029260716785
readset,unrelated,100,24,1,EXECUTE,published_after_gate_recheck,15.548390801995993,4.2397137731313705,100.02013464664527,54.75029260716785
readset,unrelated,100,25,1,EXECUTE,published_after_gate_recheck,19.15101893246174,4.884534049779177,100.02013464664527,54.75029260716785
readset,unrelated,100,26,1,EXECUTE,published_after_gate_recheck,16.313335858285427,5.508063826709986,100.02013464664527,54.75029260716785
readset,unrelated,100,27,1,EXECUTE,published_after_gate_recheck,14.21720301732421,4.219196271151304,100.02013464664527,54.75029260716785
readset,unrelated,100,28,1,EXECUTE,published_after_gate_recheck,19.69130290672183,4.775659181177616,100.02013464664527,54.75029260716785
readset,unrelated,100,29,1,EXECUTE,published_after_gate_recheck,18.798207864165306,4.411516711115837,100.02013464664527,54.75029260716785
readset,unrelated,100,30,1,EXECUTE,published_after_gate_recheck,17.007427755743265,6.242231000214815,100.02013464664527,54.75029260716785
readset,unrelated,100,31,1,EXECUTE,published_after_gate_recheck,19.05872579663992,8.30718595534563,100.02013464664527,54.75029260716785
readset,unrelated,100,32,1,EXECUTE,published_after_gate_recheck,14.4635452888906,3.7794308736920357,100.02013464664527,54.75029260716785
readset,unrelated,100,33,1,EXECUTE,published_after_gate_recheck,21.683541126549244,5.7266042567789555,100.02013464664527,54.75029260716785
readset,unrelated,100,34,1,EXECUTE,published_after_gate_recheck,18.61634710803628,4.9796318635344505,100.02013464664527,54.75029260716785
readset,unrelated,100,35,1,EXECUTE,published_after_gate_recheck,19.597087055444717,4.609228111803532,100.02013464664527,54.75029260716785
readset,unrelated,100,36,1,EXECUTE,published_after_gate_recheck,17.222692258656025,6.029181648045778,100.02013464664527,54.75029260716785
readset,unrelated,100,37,1,EXECUTE,published_after_gate_recheck,18.207618966698647,7.149643264710903,100.02013464664527,54.75029260716785
readset,unrelated,100,38,1,EXECUTE,published_after_gate_recheck,15.72301797568798,4.65836888179183,100.02013464664527,54.75029260716785
readset,unrelated,100,39,1,EXECUTE,published_after_gate_recheck,18.37754901498556,4.37401607632637,100.02013464664527,54.75029260716785
readset,unrelated,100,40,1,EXECUTE,published_after_gate_recheck,21.2760460563004,4.497358109802008,100.02013464664527,54.75029260716785
readset,unrelated,100,41,1,EXECUTE,published_after_gate_recheck,17.461039125919342,4.1799722239375114,100.02013464664527,54.75029260716785
readset,unrelated,100,42,1,EXECUTE,published_after_gate_recheck,17.999309115111828,6.744422949850559,100.02013464664527,54.75029260716785
readset,unrelated,100,43,1,EXECUTE,published_after_gate_recheck,19.449058920145035,7.934225723147392,100.02013464664527,54.75029260716785
readset,unrelated,100,44,1,EXECUTE,published_after_gate_recheck,19.296522717922926,6.432147230952978,100.02013464664527,54.75029260716785
readset,unrelated,100,45,1,EXECUTE,published_after_gate_recheck,19.802111200988293,8.416169788688421,100.02013464664527,54.75029260716785
readset,unrelated,100,46,1,EXECUTE,published_after_gate_recheck,19.861422013491392,8.813626132905483,100.02013464664527,54.75029260716785
readset,unrelated,100,47,1,EXECUTE,published_after_gate_recheck,15.501162968575954,4.521892871707678,100.02013464664527,54.75029260716785
readset,unrelated,100,48,1,EXECUTE,published_after_gate_recheck,19.110714085400105,4.18911874294281,100.02013464664527,54.75029260716785
readset,unrelated,100,49,1,EXECUTE,published_after_gate_recheck,21.150371059775352,5.008656997233629,100.02013464664527,54.75029260716785
readset,unrelated,100,50,1,EXECUTE,published_after_gate_recheck,17.5851215608418,4.728751722723246,100.02013464664527,54.75029260716785
readset,unrelated,100,51,1,EXECUTE,published_after_gate_recheck,18.10024818405509,7.106882985681295,100.02013464664527,54.75029260716785
readset,unrelated,100,52,1,EXECUTE,published_after_gate_recheck,17.93895475566387,6.515173241496086,100.02013464664527,54.75029260716785
readset,unrelated,100,53,1,EXECUTE,published_after_gate_recheck,15.49416920170188,4.770930856466293,100.02013464664527,54.75029260716785
readset,unrelated,100,54,1,EXECUTE,published_after_gate_recheck,18.71487172320485,4.365800879895687,100.02013464664527,54.75029260716785
readset,unrelated,100,55,1,EXECUTE,published_after_gate_recheck,17.574402038007975,6.030964199453592,100.02013464664527,54.75029260716785
readset,unrelated,100,56,1,EXECUTE,published_after_gate_recheck,18.907452933490276,7.671392988413572,100.02013464664527,54.75029260716785
readset,unrelated,100,57,1,EXECUTE,published_after_gate_recheck,19.129259046167135,8.443119935691357,100.02013464664527,54.75029260716785
readset,unrelated,100,58,1,EXECUTE,published_after_gate_recheck,15.819699969142675,4.638481885194778,100.02013464664527,54.75029260716785
readset,unrelated,100,59,1,EXECUTE,published_after_gate_recheck,17.76212314143777,4.420163109898567,100.02013464664527,54.75029260716785
readset,unrelated,100,60,1,EXECUTE,published_after_gate_recheck,17.170153092592955,5.848593078553677,100.02013464664527,54.75029260716785
readset,unrelated,100,61,1,EXECUTE,published_after_gate_recheck,18.24719412252307,7.395545020699501,100.02013464664527,54.75029260716785
readset,unrelated,100,62,1,EXECUTE,published_after_gate_recheck,20.458583254367113,8.086982183158398,100.02013464664527,54.75029260716785
readset,unrelated,100,63,1,EXECUTE,published_after_gate_recheck,14.937013853341341,4.036933183670044,100.02013464664527,54.75029260716785
readset,unrelated,100,64,1,EXECUTE,published_after_gate_recheck,19.789266865700483,4.452864173799753,100.02013464664527,54.75029260716785
readset,unrelated,100,65,1,EXECUTE,published_after_gate_recheck,24.90144781768322,8.70707631111145,100.02013464664527,54.75029260716785
readset,unrelated,100,66,1,EXECUTE,published_after_gate_recheck,15.386537183076143,4.505972843617201,100.02013464664527,54.75029260716785
readset,unrelated,100,67,1,EXECUTE,published_after_gate_recheck,19.37825558707118,4.3167490512132645,100.02013464664527,54.75029260716785
readset,unrelated,100,68,1,EXECUTE,published_after_gate_recheck,17.874284647405148,3.889407031238079,100.02013464664527,54.75029260716785
readset,unrelated,100,69,1,EXECUTE,published_after_gate_recheck,16.882112715393305,6.524800788611174,100.02013464664527,54.75029260716785
readset,unrelated,100,70,1,EXECUTE,published_after_gate_recheck,20.42108215391636,8.78356909379363,100.02013464664527,54.75029260716785
readset,unrelated,100,71,1,EXECUTE,published_after_gate_recheck,20.901534240692854,9.375168941915035,100.02013464664527,54.75029260716785
readset,unrelated,100,72,1,EXECUTE,published_after_gate_recheck,18.68763007223606,7.015472277998924,100.02013464664527,54.75029260716785
readset,unrelated,100,73,1,EXECUTE,published_after_gate_recheck,19.279320258647203,7.97248724848032,100.02013464664527,54.75029260716785
readset,unrelated,100,74,1,EXECUTE,published_after_gate_recheck,14.362565707415342,4.520832095295191,100.02013464664527,54.75029260716785
readset,unrelated,100,75,1,EXECUTE,published_after_gate_recheck,17.419881653040648,6.48212106898427,100.02013464664527,54.75029260716785
readset,unrelated,100,76,1,EXECUTE,published_after_gate_recheck,18.440736923366785,6.963954772800207,100.02013464664527,54.75029260716785
readset,unrelated,100,77,1,EXECUTE,published_after_gate_recheck,14.81169881299138,3.749624826014042,100.02013464664527,54.75029260716785
readset,unrelated,100,78,1,EXECUTE,published_after_gate_recheck,18.92975391820073,4.109569825232029,100.02013464664527,54.75029260716785
readset,unrelated,100,79,1,EXECUTE,published_after_gate_recheck,15.226506628096104,4.741895943880081,100.02013464664527,54.75029260716785
readset,unrelated,100,80,1,EXECUTE,published_after_gate_recheck,15.53651923313737,3.937577363103628,100.02013464664527,54.75029260716785
readset,unrelated,100,81,1,EXECUTE,published_after_gate_recheck,19.093212205916643,4.34616394340992,100.02013464664527,54.75029260716785
readset,unrelated,100,82,1,EXECUTE,published_after_gate_recheck,17.804082948714495,6.4643677324056625,100.02013464664527,54.75029260716785
readset,unrelated,100,83,1,EXECUTE,published_after_gate_recheck,17.857463099062443,6.736939772963524,100.02013464664527,54.75029260716785
readset,unrelated,100,84,1,EXECUTE,published_after_gate_recheck,15.885202679783106,4.590041004121304,100.02013464664527,54.75029260716785
readset,unrelated,100,85,1,EXECUTE,published_after_gate_recheck,18.73700274154544,4.345203284174204,100.02013464664527,54.75029260716785
readset,unrelated,100,86,1,EXECUTE,published_after_gate_recheck,16.465190798044205,5.612039007246494,100.02013464664527,54.75029260716785
readset,unrelated,100,87,1,EXECUTE,published_after_gate_recheck,19.796269945800304,8.49183090031147,100.02013464664527,54.75029260716785
readset,unrelated,100,88,1,EXECUTE,published_after_gate_recheck,19.001820124685764,8.55497969314456,100.02013464664527,54.75029260716785
readset,unrelated,100,89,1,EXECUTE,published_after_gate_recheck,15.389001928269863,4.94452565908432,100.02013464664527,54.75029260716785
readset,unrelated,100,90,1,EXECUTE,published_after_gate_recheck,19.037385936826468,4.181564785540104,100.02013464664527,54.75029260716785
readset,unrelated,100,91,1,EXECUTE,published_after_gate_recheck,16.83753915131092,5.85541594773531,100.02013464664527,54.75029260716785
readset,unrelated,100,92,1,EXECUTE,published_after_gate_recheck,18.62763799726963,7.52498721703887,100.02013464664527,54.75029260716785
readset,unrelated,100,93,1,EXECUTE,published_after_gate_recheck,14.937805011868477,4.389314912259579,100.02013464664527,54.75029260716785
readset,unrelated,100,94,1,EXECUTE,published_after_gate_recheck,20.195528864860535,6.993661168962717,100.02013464664527,54.75029260716785
readset,unrelated,100,95,1,EXECUTE,published_after_gate_recheck,18.788288813084364,6.484135054051876,100.02013464664527,54.75029260716785
readset,unrelated,100,96,1,EXECUTE,published_after_gate_recheck,17.47869234532118,6.961971055716276,100.02013464664527,54.75029260716785
readset,unrelated,100,97,1,EXECUTE,published_after_gate_recheck,19.47076991200447,7.643840741366148,100.02013464664527,54.75029260716785
readset,unrelated,100,98,1,EXECUTE,published_after_gate_recheck,20.18181374296546,6.004034075886011,100.02013464664527,54.75029260716785
readset,unrelated,100,99,1,EXECUTE,published_after_gate_recheck,22.167047951370478,10.897404979914427,100.02013464664527,54.75029260716785
global,related_same,100,0,0,REVOKE,context_version_changed_at_publish,22.459205705672503,8.55962885543704,100.01476026226644,18.06892058169037
global,related_same,100,1,0,REVOKE,context_version_changed_at_publish,19.69979889690876,7.4773975647985935,100.01476026226644,18.06892058169037
global,related_same,100,2,0,REVOKE,context_version_changed_at_publish,19.553944934159517,8.072275202721357,100.01476026226644,18.06892058169037
global,related_same,100,3,0,REVOKE,context_version_changed_at_publish,20.710745826363564,8.143838960677385,100.01476026226644,18.06892058169037
global,related_same,100,4,0,REVOKE,context_version_changed_at_publish,19.51144589111209,8.72677331790328,100.01476026226644,18.06892058169037
global,related_same,100,5,1,EXECUTE,published_after_gate_recheck,15.685687772929668,4.301850218325853,100.01476026226644,18.06892058169037
global,related_same,100,6,0,REVOKE,context_version_changed_at_publish,16.93695643916726,6.302444264292717,100.01476026226644,18.06892058169037
global,related_same,100,7,0,REVOKE,context_version_changed_at_publish,17.154965084046125,6.736939307302237,100.01476026226644,18.06892058169037
global,related_same,100,8,0,REVOKE,context_version_changed_at_publish,19.757939036935568,7.512384094297886,100.01476026226644,18.06892058169037
global,related_same,100,9,1,EXECUTE,published_after_gate_recheck,15.312587842345238,4.422507248818874,100.01476026226644,18.06892058169037
global,related_same,100,10,0,REVOKE,context_version_changed_at_publish,24.982350412756205,8.775192778557539,100.01476026226644,18.06892058169037
global,related_same,100,11,1,EXECUTE,published_after_gate_recheck,14.91524325683713,3.916648216545582,100.01476026226644,18.06892058169037
global,related_same,100,12,0,REVOKE,context_version_changed_at_publish,24.62631231173873,8.500547613948584,100.01476026226644,18.06892058169037
global,related_same,100,13,1,EXECUTE,published_after_gate_recheck,16.09144965186715,4.900655243545771,100.01476026226644,18.06892058169037
global,related_same,100,14,0,REVOKE,context_version_changed_at_publish,25.429478846490383,9.019210934638977,100.01476026226644,18.06892058169037
global,related_same,100,15,0,REVOKE,context_version_changed_at_publish,19.400067161768675,8.424034342169762,100.01476026226644,18.06892058169037
global,related_same,100,16,0,REVOKE,context_version_changed_at_publish,23.34331488236785,9.75656509399414,100.01476026226644,18.06892058169037
global,related_same,100,17,0,REVOKE,context_version_changed_at_publish,31.017282977700233,12.247628066688776,100.01476026226644,18.06892058169037
global,related_same,100,18,0,REVOKE,context_version_changed_at_publish,20.507044158875942,6.528068333864212,100.01476026226644,18.06892058169037
global,related_same,100,19,0,REVOKE,context_version_changed_at_publish,23.06839870288968,6.375069729983807,100.01476026226644,18.06892058169037
global,related_same,100,20,1,EXECUTE,published_after_gate_recheck,16.06026105582714,4.533424973487854,100.01476026226644,18.06892058169037
global,related_same,100,21,0,REVOKE,context_version_changed_at_publish,24.114882107824087,8.627166040241718,100.01476026226644,18.06892058169037
global,related_same,100,22,1,EXECUTE,published_after_gate_recheck,16.89085876569152,4.67243604362011,100.01476026226644,18.06892058169037
global,related_same,100,23,1,EXECUTE,published_after_gate_recheck,17.450680024921894,4.316709004342556,100.01476026226644,18.06892058169037
global,related_same,100,24,0,REVOKE,context_version_changed_at_publish,17.690138891339302,6.410046014934778,100.01476026226644,18.06892058169037
global,related_same,100,25,0,REVOKE,context_version_changed_at_publish,18.352291081100702,6.79850485175848,100.01476026226644,18.06892058169037
global,related_same,100,26,0,REVOKE,context_version_changed_at_publish,19.17043700814247,8.41267267242074,100.01476026226644,18.06892058169037
global,related_same,100,27,1,EXECUTE,published_after_gate_recheck,15.521230176091194,4.581144079566002,100.01476026226644,18.06892058169037
global,related_same,100,28,1,EXECUTE,published_after_gate_recheck,17.50932028517127,4.096435848623514,100.01476026226644,18.06892058169037
global,related_same,100,29,0,REVOKE,context_version_changed_at_publish,17.55622774362564,6.235459353774786,100.01476026226644,18.06892058169037
global,related_same,100,30,0,REVOKE,context_version_changed_at_publish,18.895499873906374,7.802127860486507,100.01476026226644,18.06892058169037
global,related_same,100,31,1,EXECUTE,published_after_gate_recheck,15.604014974087477,4.388553090393543,100.01476026226644,18.06892058169037
global,related_same,100,32,0,REVOKE,context_version_changed_at_publish,24.845222011208534,8.791884873062372,100.01476026226644,18.06892058169037
global,related_same,100,33,1,EXECUTE,published_after_gate_recheck,15.751662198454142,4.306749906390905,100.01476026226644,18.06892058169037
global,related_same,100,34,0,REVOKE,context_version_changed_at_publish,23.61470367759466,7.045178208500147,100.01476026226644,18.06892058169037
global,related_same,100,35,1,EXECUTE,published_after_gate_recheck,16.910015139728785,4.914248827844858,100.01476026226644,18.06892058169037
global,related_same,100,36,0,REVOKE,context_version_changed_at_publish,23.87971105054021,10.054012760519981,100.01476026226644,18.06892058169037
global,related_same,100,37,0,REVOKE,context_version_changed_at_publish,19.531934056431055,8.079398423433304,100.01476026226644,18.06892058169037
global,related_same,100,38,0,REVOKE,context_version_changed_at_publish,21.213409025222063,9.392160922288895,100.01476026226644,18.06892058169037
global,related_same,100,39,0,REVOKE,context_version_changed_at_publish,18.323968164622784,4.937903955578804,100.01476026226644,18.06892058169037
global,related_same,100,40,0,REVOKE,context_version_changed_at_publish,21.777648013085127,9.083021432161331,100.01476026226644,18.06892058169037
global,related_same,100,41,0,REVOKE,context_version_changed_at_publish,19.103521015495062,7.296259049326181,100.01476026226644,18.06892058169037
global,related_same,100,42,0,REVOKE,context_version_changed_at_publish,19.385989755392075,8.322273381054401,100.01476026226644,18.06892058169037
global,related_same,100,43,0,REVOKE,context_version_changed_at_publish,20.819279830902815,8.353862911462784,100.01476026226644,18.06892058169037
global,related_same,100,44,0,REVOKE,context_version_changed_at_publish,19.04619298875332,7.9436530359089375,100.01476026226644,18.06892058169037
global,related_same,100,45,1,EXECUTE,published_after_gate_recheck,16.320508904755116,4.7559719532728195,100.01476026226644,18.06892058169037
global,related_same,100,46,0,REVOKE,context_version_changed_at_publish,23.656403180211782,8.43568705022335,100.01476026226644,18.06892058169037
global,related_same,100,47,1,EXECUTE,published_after_gate_recheck,16.116627026349306,4.460297990590334,100.01476026226644,18.06892058169037
global,related_same,100,48,1,EXECUTE,published_after_gate_recheck,22.14057929813862,4.788363352417946,100.01476026226644,18.06892058169037
global,related_same,100,49,0,REVOKE,context_version_changed_at_publish,24.35842901468277,9.449668694287539,100.01476026226644,18.06892058169037
global,related_same,100,50,0,REVOKE,context_version_changed_at_publish,19.799937028437853,6.632452830672264,100.01476026226644,18.06892058169037
global,related_same,100,51,0,REVOKE,context_version_changed_at_publish,17.78707979246974,7.227550260722637,100.01476026226644,18.06892058169037
global,related_same,100,52,0,REVOKE,context_version_changed_at_publish,19.401047844439745,7.676441688090563,100.01476026226644,18.06892058169037
global,related_same,100,53,1,EXECUTE,published_after_gate_recheck,15.486484859138727,4.516574088484049,100.01476026226644,18.06892058169037
global,related_same,100,54,0,REVOKE,context_version_changed_at_publish,18.26379494741559,6.894905120134354,100.01476026226644,18.06892058169037
global,related_same,100,55,0,REVOKE,context_version_changed_at_publish,18.840516917407513,6.910755764693022,100.01476026226644,18.06892058169037
global,related_same,100,56,0,REVOKE,context_version_changed_at_publish,20.013478118926287,7.1360282599925995,100.01476026226644,18.06892058169037
global,related_same,100,57,0,REVOKE,context_version_changed_at_publish,17.172137275338173,5.984637886285782,100.01476026226644,18.06892058169037
global,related_same,100,58,1,EXECUTE,published_after_gate_recheck,17.687824089080095,5.029145162552595,100.01476026226644,18.06892058169037
global,related_same,100,59,1,EXECUTE,published_after_gate_recheck,17.975143156945705,5.050546023994684,100.01476026226644,18.06892058169037
global,related_same,100,60,0,REVOKE,context_version_changed_at_publish,24.56596912816167,8.98646004498005,100.01476026226644,18.06892058169037
global,related_same,100,61,0,REVOKE,context_version_changed_at_publish,19.02339980006218,6.866973824799061,100.01476026226644,18.06892058169037
global,related_same,100,62,0,REVOKE,context_version_changed_at_publish,21.131215151399374,8.732133079320192,100.01476026226644,18.06892058169037
global,related_same,100,63,0,REVOKE,context_version_changed_at_publish,18.911839928478003,6.94908807054162,100.01476026226644,18.06892058169037
global,related_same,100,64,1,EXECUTE,published_after_gate_recheck,15.354156028479338,4.509901162236929,100.01476026226644,18.06892058169037
global,related_same,100,65,0,REVOKE,context_version_changed_at_publish,24.971510283648968,9.018759708851576,100.01476026226644,18.06892058169037
global,related_same,100,66,0,REVOKE,context_version_changed_at_publish,19.765612203627825,7.643701042979956,100.01476026226644,18.06892058169037
global,related_same,100,67,0,REVOKE,context_version_changed_at_publish,19.75006377324462,8.056865073740482,100.01476026226644,18.06892058169037
global,related_same,100,68,0,REVOKE,context_version_changed_at_publish,19.29023116827011,7.504579145461321,100.01476026226644,18.06892058169037
global,related_same,100,69,0,REVOKE,context_version_changed_at_publish,21.243073977530003,9.509391151368618,100.01476026226644,18.06892058169037
global,related_same,100,70,0,REVOKE,context_version_changed_at_publish,19.4391799159348,7.897356059402227,100.01476026226644,18.06892058169037
global,related_same,100,71,1,EXECUTE,published_after_gate_recheck,16.16351492702961,4.3762498535215855,100.01476026226644,18.06892058169037
global,related_same,100,72,1,EXECUTE,published_after_gate_recheck,18.66901619359851,5.2771298214793205,100.01476026226644,18.06892058169037
global,related_same,100,73,1,EXECUTE,published_after_gate_recheck,18.98609008640051,4.065647721290588,100.01476026226644,18.06892058169037
global,related_same,100,74,1,EXECUTE,published_after_gate_recheck,20.21716022863984,4.2573572136461735,100.01476026226644,18.06892058169037
global,related_same,100,75,1,EXECUTE,published_after_gate_recheck,19.690121989697218,4.491547122597694,100.01476026226644,18.06892058169037
global,related_same,100,76,1,EXECUTE,published_after_gate_recheck,19.402651116251945,4.188158083707094,100.01476026226644,18.06892058169037
global,related_same,100,77,0,REVOKE,context_version_changed_at_publish,16.945150680840015,5.503795109689236,100.01476026226644,18.06892058169037
global,related_same,100,78,0,REVOKE,context_version_changed_at_publish,19.006918650120497,8.629199583083391,100.01476026226644,18.06892058169037
global,related_same,100,79,0,REVOKE,context_version_changed_at_publish,19.537976011633873,8.903583977371454,100.01476026226644,18.06892058169037
global,related_same,100,80,1,EXECUTE,published_after_gate_recheck,14.509009663015604,3.8561252877116203,100.01476026226644,18.06892058169037
global,related_same,100,81,0,REVOKE,context_version_changed_at_publish,25.129035115242004,8.023933973163366,100.01476026226644,18.06892058169037
global,related_same,100,82,0,REVOKE,context_version_changed_at_publish,20.212471019476652,8.571701124310493,100.01476026226644,18.06892058169037
global,related_same,100,83,1,EXECUTE,published_after_gate_recheck,15.403077937662601,4.5966338366270065,100.01476026226644,18.06892058169037
global,related_same,100,84,1,EXECUTE,published_after_gate_recheck,19.101256038993597,4.60070138797164,100.01476026226644,18.06892058169037
global,related_same,100,85,0,REVOKE,context_version_changed_at_publish,16.602688003331423,5.207039415836334,100.01476026226644,18.06892058169037
global,related_same,100,86,0,REVOKE,context_version_changed_at_publish,17.77410600334406,6.699929945170879,100.01476026226644,18.06892058169037
global,related_same,100,87,1,EXECUTE,published_after_gate_recheck,14.996504876762629,4.081967752426863,100.01476026226644,18.06892058169037
global,related_same,100,88,0,REVOKE,context_version_changed_at_publish,17.519598826766014,6.040463224053383,100.01476026226644,18.06892058169037
global,related_same,100,89,0,REVOKE,context_version_changed_at_publish,17.180723138153553,5.825347732752562,100.01476026226644,18.06892058169037
global,related_same,100,90,0,REVOKE,context_version_changed_at_publish,21.210312843322754,9.006837848573923,100.01476026226644,18.06892058169037
global,related_same,100,91,1,EXECUTE,published_after_gate_recheck,15.524215996265411,4.761131945997477,100.01476026226644,18.06892058169037
global,related_same,100,92,0,REVOKE,context_version_changed_at_publish,23.907452821731567,9.050389751791954,100.01476026226644,18.06892058169037
global,related_same,100,93,1,EXECUTE,published_after_gate_recheck,14.558292925357819,4.324293229728937,100.01476026226644,18.06892058169037
global,related_same,100,94,0,REVOKE,context_version_changed_at_publish,16.445985063910484,6.072272080928087,100.01476026226644,18.06892058169037
global,related_same,100,95,0,REVOKE,context_version_changed_at_publish,18.8359790481627,7.628781720995903,100.01476026226644,18.06892058169037
global,related_same,100,96,1,EXECUTE,published_after_gate_recheck,15.339538920670748,4.6052709221839905,100.01476026226644,18.06892058169037
global,related_same,100,97,1,EXECUTE,published_after_gate_recheck,20.25716472417116,4.394335206598043,100.01476026226644,18.06892058169037
global,related_same,100,98,1,EXECUTE,published_after_gate_recheck,18.108633812516928,4.17113583534956,100.01476026226644,18.06892058169037
global,related_same,100,99,1,EXECUTE,published_after_gate_recheck,20.853855181485415,4.283966962248087,100.01476026226644,18.06892058169037
readset,related_same,100,0,1,EXECUTE,published_after_gate_recheck,17.457101959735155,4.622462205588818,100.06160272683873,55.03262708649174
readset,related_same,100,1,1,EXECUTE,published_after_gate_recheck,17.9474507458508,6.823532283306122,100.06160272683873,55.03262708649174
readset,related_same,100,2,1,EXECUTE,published_after_gate_recheck,16.611315310001373,5.704442039132118,100.06160272683873,55.03262708649174
readset,related_same,100,3,1,EXECUTE,published_after_gate_recheck,15.752873849123716,4.4884211383759975,100.06160272683873,55.03262708649174
readset,related_same,100,4,1,EXECUTE,published_after_gate_recheck,18.961904104799032,4.510771948844194,100.06160272683873,55.03262708649174
readset,related_same,100,5,1,EXECUTE,published_after_gate_recheck,17.35854707658291,6.006598938256502,100.06160272683873,55.03262708649174
readset,related_same,100,6,1,EXECUTE,published_after_gate_recheck,19.076078664511442,8.794288616627455,100.06160272683873,55.03262708649174
readset,related_same,100,7,1,EXECUTE,published_after_gate_recheck,20.154451951384544,9.727549739181995,100.06160272683873,55.03262708649174
readset,related_same,100,8,1,EXECUTE,published_after_gate_recheck,14.600812923163176,4.382351879030466,100.06160272683873,55.03262708649174
readset,related_same,100,9,1,EXECUTE,published_after_gate_recheck,18.12697807326913,4.2230430990457535,100.06160272683873,55.03262708649174
readset,related_same,100,10,1,EXECUTE,published_after_gate_recheck,16.725759021937847,6.00733095780015,100.06160272683873,55.03262708649174
readset,related_same,100,11,1,EXECUTE,published_after_gate_recheck,17.749799881130457,7.039716932922602,100.06160272683873,55.03262708649174
readset,related_same,100,12,1,EXECUTE,published_after_gate_recheck,16.09501615166664,4.239703994244337,100.06160272683873,55.03262708649174
readset,related_same,100,13,1,EXECUTE,published_after_gate_recheck,17.10975030437112,6.8228403106331825,100.06160272683873,55.03262708649174
readset,related_same,100,14,1,EXECUTE,published_after_gate_recheck,18.677761778235435,7.622441276907921,100.06160272683873,55.03262708649174
readset,related_same,100,15,1,EXECUTE,published_after_gate_recheck,20.174410194158554,9.243212174624205,100.06160272683873,55.03262708649174
readset,related_same,100,16,1,EXECUTE,published_after_gate_recheck,19.842537119984627,8.54824809357524,100.06160272683873,55.03262708649174
readset,related_same,100,17,1,EXECUTE,published_after_gate_recheck,20.79850109294057,8.505798410624266,100.06160272683873,55.03262708649174
readset,related_same,100,18,1,EXECUTE,published_after_gate_recheck,24.162912741303444,10.29730960726738,100.06160272683873,55.03262708649174
readset,related_same,100,19,1,EXECUTE,published_after_gate_recheck,26.10938437283039,9.508700110018253,100.06160272683873,55.03262708649174
readset,related_same,100,20,1,EXECUTE,published_after_gate_recheck,19.821717869490385,7.111090701073408,100.06160272683873,55.03262708649174
readset,related_same,100,21,1,EXECUTE,published_after_gate_recheck,20.459274295717478,5.605025682598352,100.06160272683873,55.03262708649174
readset,related_same,100,22,1,EXECUTE,published_after_gate_recheck,22.181084845215082,9.603737853467464,100.06160272683873,55.03262708649174
readset,related_same,100,23,1,EXECUTE,published_after_gate_recheck,20.295456051826477,4.767183680087328,100.06160272683873,55.03262708649174
readset,related_same,100,24,1,EXECUTE,published_after_gate_recheck,20.35534894093871,4.623263608664274,100.06160272683873,55.03262708649174
readset,related_same,100,25,1,EXECUTE,published_after_gate_recheck,19.16303299367428,5.102082155644894,100.06160272683873,55.03262708649174
readset,related_same,100,26,1,EXECUTE,published_after_gate_recheck,22.8141020052135,8.26882291585207,100.06160272683873,55.03262708649174
readset,related_same,100,27,1,EXECUTE,published_after_gate_recheck,17.26581295952201,4.551829770207405,100.06160272683873,55.03262708649174
readset,related_same,100,28,1,EXECUTE,published_after_gate_recheck,17.461489886045456,6.764561869204044,100.06160272683873,55.03262708649174
readset,related_same,100,29,1,EXECUTE,published_after_gate_recheck,16.963365953415632,6.718886084854603,100.06160272683873,55.03262708649174
readset,related_same,100,30,1,EXECUTE,published_after_gate_recheck,15.312307979911566,4.235286265611649,100.06160272683873,55.03262708649174
readset,related_same,100,31,1,EXECUTE,published_after_gate_recheck,24.333693087100983,9.017738047987223,100.06160272683873,55.03262708649174
readset,related_same,100,32,1,EXECUTE,published_after_gate_recheck,14.877221081405878,4.429941065609455,100.06160272683873,55.03262708649174
readset,related_same,100,33,1,EXECUTE,published_after_gate_recheck,16.56008930876851,5.672222003340721,100.06160272683873,55.03262708649174
readset,related_same,100,34,1,EXECUTE,published_after_gate_recheck,19.18555423617363,8.48844600841403,100.06160272683873,55.03262708649174
readset,related_same,100,35,1,EXECUTE,published_after_gate_recheck,14.077560976147652,4.130017943680286,100.06160272683873,55.03262708649174
readset,related_same,100,36,1,EXECUTE,published_after_gate_recheck,16.857226379215717,5.760516971349716,100.06160272683873,55.03262708649174
readset,related_same,100,37,1,EXECUTE,published_after_gate_recheck,18.45341082662344,8.406081236898899,100.06160272683873,55.03262708649174
readset,related_same,100,38,1,EXECUTE,published_after_gate_recheck,15.137098729610443,3.963565919548273,100.06160272683873,55.03262708649174
readset,related_same,100,39,1,EXECUTE,published_after_gate_recheck,18.25143164023757,3.936986904591322,100.06160272683873,55.03262708649174
readset,related_same,100,40,1,EXECUTE,published_after_gate_recheck,17.29362504556775,6.457034032791853,100.06160272683873,55.03262708649174
readset,related_same,100,41,1,EXECUTE,published_after_gate_recheck,19.00849211961031,8.162223268300295,100.06160272683873,55.03262708649174
readset,related_same,100,42,1,EXECUTE,published_after_gate_recheck,15.167076140642166,4.395256284624338,100.06160272683873,55.03262708649174
readset,related_same,100,43,1,EXECUTE,published_after_gate_recheck,18.612148240208626,4.441992845386267,100.06160272683873,55.03262708649174
readset,related_same,100,44,1,EXECUTE,published_after_gate_recheck,18.12123693525791,6.591496057808399,100.06160272683873,55.03262708649174
readset,related_same,100,45,1,EXECUTE,published_after_gate_recheck,17.34545174986124,7.077397778630257,100.06160272683873,55.03262708649174
readset,related_same,100,46,1,EXECUTE,published_after_gate_recheck,14.649823773652315,4.199468065053225,100.06160272683873,55.03262708649174
readset,related_same,100,47,1,EXECUTE,published_after_gate_recheck,16.181157901883125,5.659718066453934,100.06160272683873,55.03262708649174
readset,related_same,100,48,1,EXECUTE,published_after_gate_recheck,15.153019223362207,3.9650690741837025,100.06160272683873,55.03262708649174
readset,related_same,100,49,1,EXECUTE,published_after_gate_recheck,19.069085828959942,4.3872809037566185,100.06160272683873,55.03262708649174
readset,related_same,100,50,1,EXECUTE,published_after_gate_recheck,20.724781788885593,4.684398882091045,100.06160272683873,55.03262708649174
readset,related_same,100,51,1,EXECUTE,published_after_gate_recheck,19.394857343286276,4.615569021552801,100.06160272683873,55.03262708649174
readset,related_same,100,52,1,EXECUTE,published_after_gate_recheck,19.813392776995897,4.22312319278717,100.06160272683873,55.03262708649174
readset,related_same,100,53,1,EXECUTE,published_after_gate_recheck,16.35765889659524,5.738816689699888,100.06160272683873,55.03262708649174
readset,related_same,100,54,1,EXECUTE,published_after_gate_recheck,18.047119025141,6.937406025826931,100.06160272683873,55.03262708649174
readset,related_same,100,55,1,EXECUTE,published_after_gate_recheck,15.467409044504166,4.321448039263487,100.06160272683873,55.03262708649174
readset,related_same,100,56,1,EXECUTE,published_after_gate_recheck,17.097657546401024,6.541273090988398,100.06160272683873,55.03262708649174
readset,related_same,100,57,1,EXECUTE,published_after_gate_recheck,18.205455970019102,6.581678055226803,100.06160272683873,55.03262708649174
readset,related_same,100,58,1,EXECUTE,published_after_gate_recheck,20.817927084863186,7.138523273169994,100.06160272683873,55.03262708649174
readset,related_same,100,59,1,EXECUTE,published_after_gate_recheck,18.49940698593855,7.044866681098938,100.06160272683873,55.03262708649174
readset,related_same,100,60,1,EXECUTE,published_after_gate_recheck,15.309943817555904,4.40293038263917,100.06160272683873,55.03262708649174
readset,related_same,100,61,1,EXECUTE,published_after_gate_recheck,19.79261264204979,4.621490370482206,100.06160272683873,55.03262708649174
readset,related_same,100,62,1,EXECUTE,published_after_gate_recheck,16.98151882737875,6.1229681596159935,100.06160272683873,55.03262708649174
readset,related_same,100,63,1,EXECUTE,published_after_gate_recheck,18.177032936364412,7.619996089488268,100.06160272683873,55.03262708649174
readset,related_same,100,64,1,EXECUTE,published_after_gate_recheck,15.513976104557514,4.557349719107151,100.06160272683873,55.03262708649174
readset,related_same,100,65,1,EXECUTE,published_after_gate_recheck,19.35917977243662,4.761342890560627,100.06160272683873,55.03262708649174
readset,related_same,100,66,1,EXECUTE,published_after_gate_recheck,20.087014883756638,4.902027081698179,100.06160272683873,55.03262708649174
readset,related_same,100,67,1,EXECUTE,published_after_gate_recheck,18.995997961610556,4.792811814695597,100.06160272683873,55.03262708649174
readset,related_same,100,68,1,EXECUTE,published_after_gate_recheck,17.548734322190285,6.148315034806728,100.06160272683873,55.03262708649174
readset,related_same,100,69,1,EXECUTE,published_after_gate_recheck,20.240573678165674,8.153586648404598,100.06160272683873,55.03262708649174
readset,related_same,100,70,1,EXECUTE,published_after_gate_recheck,17.969543114304543,6.990685127675533,100.06160272683873,55.03262708649174
readset,related_same,100,71,1,EXECUTE,published_after_gate_recheck,18.415851052850485,6.670274306088686,100.06160272683873,55.03262708649174
readset,related_same,100,72,1,EXECUTE,published_after_gate_recheck,16.74530701711774,4.390697926282883,100.06160272683873,55.03262708649174
readset,related_same,100,73,1,EXECUTE,published_after_gate_recheck,18.255379050970078,4.417668096721172,100.06160272683873,55.03262708649174
readset,related_same,100,74,1,EXECUTE,published_after_gate_recheck,16.855041962116957,6.309567019343376,100.06160272683873,55.03262708649174
readset,related_same,100,75,1,EXECUTE,published_after_gate_recheck,19.962832797318697,9.680340997874737,100.06160272683873,55.03262708649174
readset,related_same,100,76,1,EXECUTE,published_after_gate_recheck,17.587315756827593,6.583712063729763,100.06160272683873,55.03262708649174
readset,related_same,100,77,1,EXECUTE,published_after_gate_recheck,16.285143326967955,4.640916828066111,100.06160272683873,55.03262708649174
readset,related_same,100,78,1,EXECUTE,published_after_gate_recheck,16.30964782088995,5.819147918373346,100.06160272683873,55.03262708649174
readset,related_same,100,79,1,EXECUTE,published_after_gate_recheck,18.978997133672237,8.269475307315588,100.06160272683873,55.03262708649174
readset,related_same,100,80,1,EXECUTE,published_after_gate_recheck,16.110285185277462,4.481649026274681,100.06160272683873,55.03262708649174
readset,related_same,100,81,1,EXECUTE,published_after_gate_recheck,17.542941961437464,4.630026873201132,100.06160272683873,55.03262708649174
readset,related_same,100,82,1,EXECUTE,published_after_gate_recheck,17.320645973086357,5.617187824100256,100.06160272683873,55.03262708649174
readset,related_same,100,83,1,EXECUTE,published_after_gate_recheck,18.031029030680656,7.044405676424503,100.06160272683873,55.03262708649174
readset,related_same,100,84,1,EXECUTE,published_after_gate_recheck,15.497425105422735,4.27698390558362,100.06160272683873,55.03262708649174
readset,related_same,100,85,1,EXECUTE,published_after_gate_recheck,16.928469762206078,5.774944089353085,100.06160272683873,55.03262708649174
readset,related_same,100,86,1,EXECUTE,published_after_gate_recheck,21.42998483031988,9.20030102133751,100.06160272683873,55.03262708649174
readset,related_same,100,87,1,EXECUTE,published_after_gate_recheck,19.4717007689178,8.092643227428198,100.06160272683873,55.03262708649174
readset,related_same,100,88,1,EXECUTE,published_after_gate_recheck,18.459852784872055,5.845536943525076,100.06160272683873,55.03262708649174
readset,related_same,100,89,1,EXECUTE,published_after_gate_recheck,19.52400989830494,8.892774116247892,100.06160272683873,55.03262708649174
readset,related_same,100,90,1,EXECUTE,published_after_gate_recheck,18.665959127247334,7.299744989722967,100.06160272683873,55.03262708649174
readset,related_same,100,91,1,EXECUTE,published_after_gate_recheck,14.63244203478098,3.9044548757374287,100.06160272683873,55.03262708649174
readset,related_same,100,92,1,EXECUTE,published_after_gate_recheck,19.310828763991594,4.0144906379282475,100.06160272683873,55.03262708649174
readset,related_same,100,93,1,EXECUTE,published_after_gate_recheck,18.369292840361595,7.157437968999147,100.06160272683873,55.03262708649174
readset,related_same,100,94,1,EXECUTE,published_after_gate_recheck,18.381605856120586,6.1041321605443954,100.06160272683873,55.03262708649174
readset,related_same,100,95,1,EXECUTE,published_after_gate_recheck,15.46571496874094,4.47328295558691,100.06160272683873,55.03262708649174
readset,related_same,100,96,1,EXECUTE,published_after_gate_recheck,17.439808696508408,4.068503156304359,100.06160272683873,55.03262708649174
readset,related_same,100,97,1,EXECUTE,published_after_gate_recheck,17.684457823634148,5.985569674521685,100.06160272683873,55.03262708649174
readset,related_same,100,98,1,EXECUTE,published_after_gate_recheck,18.484177999198437,7.305285893380642,100.06160272683873,55.03262708649174
readset,related_same,100,99,1,EXECUTE,published_after_gate_recheck,14.396630227565765,3.6170464009046555,100.06160272683873,55.03262708649174
global,unrelated,500,0,0,REVOKE,context_version_changed_at_publish,28.688853606581688,8.716132026165724,194.49406776650642,0.0
global,unrelated,500,1,0,REVOKE,context_version_changed_at_publish,52.82902391627431,19.433950074017048,194.49406776650642,0.0
global,unrelated,500,2,0,REVOKE,context_version_changed_at_publish,62.40437785163522,13.068737927824259,194.49406776650642,0.0
global,unrelated,500,3,0,REVOKE,context_version_changed_at_publish,36.615155171602964,17.343828920274973,194.49406776650642,0.0
global,unrelated,500,4,0,REVOKE,context_version_changed_at_publish,215.21206386387348,13.883586972951889,194.49406776650642,0.0
global,unrelated,500,5,0,REVOKE,context_version_changed_at_publish,57.77909094467759,37.121894769370556,194.49406776650642,0.0
global,unrelated,500,6,0,REVOKE,context_version_changed_at_publish,58.95680980756879,28.25306635349989,194.49406776650642,0.0
global,unrelated,500,7,0,REVOKE,context_version_changed_at_publish,53.70634002611041,17.7559619769454,194.49406776650642,0.0
global,unrelated,500,8,0,REVOKE,context_version_changed_at_publish,27.60465908795595,11.615903116762638,194.49406776650642,0.0
global,unrelated,500,9,0,REVOKE,context_version_changed_at_publish,34.87870702520013,17.34935911372304,194.49406776650642,0.0
global,unrelated,500,10,0,REVOKE,context_version_changed_at_publish,30.889160931110382,11.242533102631569,194.49406776650642,0.0
global,unrelated,500,11,0,REVOKE,context_version_changed_at_publish,37.622454110533,18.671469762921333,194.49406776650642,0.0
global,unrelated,500,12,0,REVOKE,context_version_changed_at_publish,22.30412559583783,10.323869064450264,194.49406776650642,0.0
global,unrelated,500,13,0,REVOKE,context_version_changed_at_publish,37.47872496023774,18.176882062107325,194.49406776650642,0.0
global,unrelated,500,14,0,REVOKE,context_version_changed_at_publish,97.224245313555,10.691218078136444,194.49406776650642,0.0
global,unrelated,500,15,0,REVOKE,context_version_changed_at_publish,74.49097372591496,20.566325169056654,194.49406776650642,0.0
global,unrelated,500,16,0,REVOKE,context_version_changed_at_publish,48.88755874708295,10.309872683137655,194.49406776650642,0.0
global,unrelated,500,17,0,REVOKE,context_version_changed_at_publish,136.6696278564632,13.736600987613201,194.49406776650642,0.0
global,unrelated,500,18,0,REVOKE,context_version_changed_at_publish,31.468749046325684,10.848192032426596,194.49406776650642,0.0
global,unrelated,500,19,0,REVOKE,context_version_changed_at_publish,24.692686274647713,11.39101106673479,194.49406776650642,0.0
global,unrelated,500,20,0,REVOKE,context_version_changed_at_publish,66.8760878033936,11.155057698488235,194.49406776650642,0.0
global,unrelated,500,21,0,REVOKE,context_version_changed_at_publish,86.36585203930736,10.7870870269835,194.49406776650642,0.0
global,unrelated,500,22,0,REVOKE,context_version_changed_at_publish,30.120530165731907,11.422008741647005,194.49406776650642,0.0
global,unrelated,500,23,0,REVOKE,context_version_changed_at_publish,31.39121364802122,9.917186107486486,194.49406776650642,0.0
global,unrelated,500,24,0,REVOKE,context_version_changed_at_publish,74.10120312124491,10.12864289805293,194.49406776650642,0.0
global,unrelated,500,25,0,REVOKE,context_version_changed_at_publish,66.21474679559469,11.420134920626879,194.49406776650642,0.0
global,unrelated,500,26,0,REVOKE,context_version_changed_at_publish,260.36000717431307,50.46297423541546,194.49406776650642,0.0
global,unrelated,500,27,0,REVOKE,context_version_changed_at_publish,50.4782828502357,10.657766368240118,194.49406776650642,0.0
global,unrelated,500,28,0,REVOKE,context_version_changed_at_publish,60.9713289886713,10.735992342233658,194.49406776650642,0.0
global,unrelated,500,29,0,REVOKE,context_version_changed_at_publish,89.39463505521417,28.19214202463627,194.49406776650642,0.0
global,unrelated,500,30,0,REVOKE,context_version_changed_at_publish,41.785295121371746,15.407004859298468,194.49406776650642,0.0
global,unrelated,500,31,0,REVOKE,context_version_changed_at_publish,80.59325302019715,14.241168275475502,194.49406776650642,0.0
global,unrelated,500,32,0,REVOKE,context_version_changed_at_publish,50.01217871904373,18.032932188361883,194.49406776650642,0.0
global,unrelated,500,33,0,REVOKE,context_version_changed_at_publish,31.82938601821661,11.935122311115265,194.49406776650642,0.0
global,unrelated,500,34,0,REVOKE,context_version_changed_at_publish,80.30125498771667,22.229895927011967,194.49406776650642,0.0
global,unrelated,500,35,0,REVOKE,context_version_changed_at_publish,38.040639366954565,11.140730697661638,194.49406776650642,0.0
global,unrelated,500,36,0,REVOKE,context_version_changed_at_publish,145.4989737831056,14.198076911270618,194.49406776650642,0.0
global,unrelated,500,37,0,REVOKE,context_version_changed_at_publish,28.86195806786418,10.022753849625587,194.49406776650642,0.0
global,unrelated,500,38,0,REVOKE,context_version_changed_at_publish,104.35220692306757,84.11595178768039,194.49406776650642,0.0
global,unrelated,500,39,0,REVOKE,context_version_changed_at_publish,46.85820220038295,13.646321836858988,194.49406776650642,0.0
global,unrelated,500,40,0,REVOKE,context_version_changed_at_publish,63.6884979903698,13.798136729747057,194.49406776650642,0.0
global,unrelated,500,41,0,REVOKE,context_version_changed_at_publish,44.8798299767077,12.31081597507,194.49406776650642,0.0
global,unrelated,500,42,0,REVOKE,context_version_changed_at_publish,28.9376899600029,10.534633882343769,194.49406776650642,0.0
global,unrelated,500,43,0,REVOKE,context_version_changed_at_publish,37.451122887432575,11.38555072247982,194.49406776650642,0.0
global,unrelated,500,44,0,REVOKE,context_version_changed_at_publish,506.6871070303023,407.7665200456977,194.49406776650642,0.0
global,unrelated,500,45,0,REVOKE,context_version_changed_at_publish,262.3656392097473,159.6210291609168,194.49406776650642,0.0
global,unrelated,500,46,0,REVOKE,context_version_changed_at_publish,28.431161306798458,9.747697971761227,194.49406776650642,0.0
global,unrelated,500,47,0,REVOKE,context_version_changed_at_publish,41.55648499727249,11.329565662890673,194.49406776650642,0.0
global,unrelated,500,48,0,REVOKE,context_version_changed_at_publish,30.287714209407568,10.835097637027502,194.49406776650642,0.0
global,unrelated,500,49,0,REVOKE,context_version_changed_at_publish,31.075211241841316,10.262493044137955,194.49406776650642,0.0
global,unrelated,500,50,0,REVOKE,context_version_changed_at_publish,45.7339221611619,20.542690996080637,194.49406776650642,0.0
global,unrelated,500,51,0,REVOKE,context_version_changed_at_publish,52.339966874569654,9.776252321898937,194.49406776650642,0.0
global,unrelated,500,52,0,REVOKE,context_version_changed_at_publish,29.510654974728823,11.713606305420399,194.49406776650642,0.0
global,unrelated,500,53,0,REVOKE,context_version_changed_at_publish,24.478654842823744,10.839627124369144,194.49406776650642,0.0
global,unrelated,500,54,0,REVOKE,context_version_changed_at_publish,43.331134133040905,10.447761043906212,194.49406776650642,0.0
global,unrelated,500,55,0,REVOKE,context_version_changed_at_publish,74.66441998258233,13.71851796284318,194.49406776650642,0.0
global,unrelated,500,56,0,REVOKE,context_version_changed_at_publish,26.86613518744707,10.289814788848162,194.49406776650642,0.0
global,unrelated,500,57,0,REVOKE,context_version_changed_at_publish,28.023775666952133,8.405850268900394,194.49406776650642,0.0
global,unrelated,500,58,0,REVOKE,context_version_changed_at_publish,28.773171827197075,10.288021992892027,194.49406776650642,0.0
global,unrelated,500,59,0,REVOKE,context_version_changed_at_publish,27.69456896930933,10.759966913610697,194.49406776650642,0.0
global,unrelated,500,60,0,REVOKE,context_version_changed_at_publish,38.43445796519518,10.875613894313574,194.49406776650642,0.0
global,unrelated,500,61,0,REVOKE,context_version_changed_at_publish,38.86838210746646,11.946033220738173,194.49406776650642,0.0
global,unrelated,500,62,0,REVOKE,context_version_changed_at_publish,108.19905390962958,10.787288192659616,194.49406776650642,0.0
global,unrelated,500,63,0,REVOKE,context_version_changed_at_publish,211.15805814042687,74.41135495901108,194.49406776650642,0.0
global,unrelated,500,64,0,REVOKE,context_version_changed_at_publish,35.209167283028364,14.20338824391365,194.49406776650642,0.0
global,unrelated,500,65,0,REVOKE,context_version_changed_at_publish,30.521200969815254,11.882844381034374,194.49406776650642,0.0
global,unrelated,500,66,0,REVOKE,context_version_changed_at_publish,81.58470271155238,10.852210223674774,194.49406776650642,0.0
global,unrelated,500,67,0,REVOKE,context_version_changed_at_publish,125.66634500399232,20.81160480156541,194.49406776650642,0.0
global,unrelated,500,68,0,REVOKE,context_version_changed_at_publish,37.92119491845369,15.593224670737982,194.49406776650642,0.0
global,unrelated,500,69,0,REVOKE,context_version_changed_at_publish,43.27024985104799,11.621383018791676,194.49406776650642,0.0
global,unrelated,500,70,0,REVOKE,context_version_changed_at_publish,50.726039335131645,19.973112270236015,194.49406776650642,0.0
global,unrelated,500,71,0,REVOKE,context_version_changed_at_publish,38.27656200155616,11.094615329056978,194.49406776650642,0.0
global,unrelated,500,72,0,REVOKE,context_version_changed_at_publish,76.40297105535865,11.202236171811819,194.49406776650642,0.0
global,unrelated,500,73,0,REVOKE,context_version_changed_at_publish,36.371356807649136,11.70735526829958,194.49406776650642,0.0
global,unrelated,500,74,0,REVOKE,context_version_changed_at_publish,231.47889226675034,75.21512312814593,194.49406776650642,0.0
global,unrelated,500,75,0,REVOKE,context_version_changed_at_publish,32.455479726195335,11.06632174924016,194.49406776650642,0.0
global,unrelated,500,76,0,REVOKE,context_version_changed_at_publish,28.36734987795353,10.599886998534203,194.49406776650642,0.0
global,unrelated,500,77,0,REVOKE,context_version_changed_at_publish,56.67555006220937,10.247164871543646,194.49406776650642,0.0
global,unrelated,500,78,0,REVOKE,context_version_changed_at_publish,140.272106975317,76.93252433091402,194.49406776650642,0.0
global,unrelated,500,79,0,REVOKE,context_version_changed_at_publish,130.71609986945987,10.377439204603434,194.49406776650642,0.0
global,unrelated,500,80,0,REVOKE,context_version_changed_at_publish,27.730416040867567,10.85860189050436,194.49406776650642,0.0
global,unrelated,500,81,0,REVOKE,context_version_changed_at_publish,75.45351004227996,13.079469092190266,194.49406776650642,0.0
global,unrelated,500,82,0,REVOKE,context_version_changed_at_publish,39.05089385807514,21.334697026759386,194.49406776650642,0.0
global,unrelated,500,83,0,REVOKE,context_version_changed_at_publish,31.831559725105762,11.12873898819089,194.49406776650642,0.0
global,unrelated,500,84,0,REVOKE,context_version_changed_at_publish,97.34043292701244,58.67826798930764,194.49406776650642,0.0
global,unrelated,500,85,0,REVOKE,context_version_changed_at_publish,45.404605101794004,14.529598876833916,194.49406776650642,0.0
global,unrelated,500,86,0,REVOKE,context_version_changed_at_publish,69.26474906504154,37.270043045282364,194.49406776650642,0.0
global,unrelated,500,87,0,REVOKE,context_version_changed_at_publish,54.5271597802639,21.8450129032135,194.49406776650642,0.0
global,unrelated,500,88,0,REVOKE,context_version_changed_at_publish,29.02719797566533,11.841326020658016,194.49406776650642,0.0
global,unrelated,500,89,0,REVOKE,context_version_changed_at_publish,67.30849901214242,45.777274295687675,194.49406776650642,0.0
global,unrelated,500,90,0,REVOKE,context_version_changed_at_publish,94.55478610470891,10.761879850178957,194.49406776650642,0.0
global,unrelated,500,91,0,REVOKE,context_version_changed_at_publish,45.187998097389936,25.94120893627405,194.49406776650642,0.0
global,unrelated,500,92,0,REVOKE,context_version_changed_at_publish,39.63566105812788,13.739216141402721,194.49406776650642,0.0
global,unrelated,500,93,0,REVOKE,context_version_changed_at_publish,27.11551170796156,11.290682945400476,194.49406776650642,0.0
global,unrelated,500,94,0,REVOKE,context_version_changed_at_publish,169.14588818326592,151.51352807879448,194.49406776650642,0.0
global,unrelated,500,95,0,REVOKE,context_version_changed_at_publish,145.02963330596685,13.628018088638783,194.49406776650642,0.0
global,unrelated,500,96,0,REVOKE,context_version_changed_at_publish,65.08867396041751,10.437882971018553,194.49406776650642,0.0
global,unrelated,500,97,0,REVOKE,context_version_changed_at_publish,29.80956621468067,10.732986032962799,194.49406776650642,0.0
global,unrelated,500,98,0,REVOKE,context_version_changed_at_publish,22.252668626606464,11.094594839960337,194.49406776650642,0.0
global,unrelated,500,99,0,REVOKE,context_version_changed_at_publish,95.45216988772154,20.78499598428607,194.49406776650642,0.0
readset,unrelated,500,0,1,EXECUTE,published_after_gate_recheck,26.021889876574278,11.424122843891382,197.89748808551846,12.574610882169235
readset,unrelated,500,1,1,EXECUTE,published_after_gate_recheck,164.08865991979837,116.72051111236215,197.89748808551846,12.574610882169235
readset,unrelated,500,2,1,EXECUTE,published_after_gate_recheck,30.29968636110425,11.256828904151917,197.89748808551846,12.574610882169235
readset,unrelated,500,3,1,EXECUTE,published_after_gate_recheck,52.61162621900439,10.693743359297514,197.89748808551846,12.574610882169235
readset,unrelated,500,4,1,EXECUTE,published_after_gate_recheck,47.90812078863382,12.545808218419552,197.89748808551846,12.574610882169235
readset,unrelated,500,5,1,EXECUTE,published_after_gate_recheck,74.8127680271864,13.492153026163578,197.89748808551846,12.574610882169235
readset,unrelated,500,6,1,EXECUTE,published_after_gate_recheck,27.320506051182747,10.860074777156115,197.89748808551846,12.574610882169235
readset,unrelated,500,7,1,EXECUTE,published_after_gate_recheck,27.10791677236557,10.346871800720692,197.89748808551846,12.574610882169235
readset,unrelated,500,8,1,EXECUTE,published_after_gate_recheck,232.57474787533283,13.042939826846123,197.89748808551846,12.574610882169235
readset,unrelated,500,9,1,EXECUTE,published_after_gate_recheck,77.00703386217356,19.78471828624606,197.89748808551846,12.574610882169235
readset,unrelated,500,10,1,EXECUTE,published_after_gate_recheck,28.340420220047235,10.214223060756922,197.89748808551846,12.574610882169235
readset,unrelated,500,11,1,EXECUTE,published_after_gate_recheck,28.023986145853996,11.409976985305548,197.89748808551846,12.574610882169235
readset,unrelated,500,12,1,EXECUTE,published_after_gate_recheck,25.866730138659477,10.303650982677937,197.89748808551846,12.574610882169235
readset,unrelated,500,13,1,EXECUTE,published_after_gate_recheck,27.99460105597973,11.850443203002214,197.89748808551846,12.574610882169235
readset,unrelated,500,14,1,EXECUTE,published_after_gate_recheck,107.02224727720022,19.264322239905596,197.89748808551846,12.574610882169235
readset,unrelated,500,15,1,EXECUTE,published_after_gate_recheck,30.807578936219215,11.118329130113125,197.89748808551846,12.574610882169235
readset,unrelated,500,16,1,EXECUTE,published_after_gate_recheck,27.258570306003094,11.946493294090033,197.89748808551846,12.574610882169235
readset,unrelated,500,17,1,EXECUTE,published_after_gate_recheck,87.75436831638217,12.074984144419432,197.89748808551846,12.574610882169235
readset,unrelated,500,18,1,EXECUTE,published_after_gate_recheck,44.36655715107918,10.601931251585484,197.89748808551846,12.574610882169235
readset,unrelated,500,19,1,EXECUTE,published_after_gate_recheck,30.856060329824686,11.994253378361464,197.89748808551846,12.574610882169235
readset,unrelated,500,20,1,EXECUTE,published_after_gate_recheck,135.13823505491018,12.992905918508768,197.89748808551846,12.574610882169235
readset,unrelated,500,21,1,EXECUTE,published_after_gate_recheck,48.40980190783739,11.265845969319344,197.89748808551846,12.574610882169235
readset,unrelated,500,22,1,EXECUTE,published_after_gate_recheck,76.40300085768104,11.036856099963188,197.89748808551846,12.574610882169235
readset,unrelated,500,23,1,EXECUTE,published_after_gate_recheck,56.213502772152424,36.271740682423115,197.89748808551846,12.574610882169235
readset,unrelated,500,24,1,EXECUTE,published_after_gate_recheck,96.46969893947244,14.152752701193094,197.89748808551846,12.574610882169235
readset,unrelated,500,25,1,EXECUTE,published_after_gate_recheck,31.31486987695098,10.941316839307547,197.89748808551846,12.574610882169235
readset,unrelated,500,26,1,EXECUTE,published_after_gate_recheck,190.67141320556402,13.306885026395321,197.89748808551846,12.574610882169235
readset,unrelated,500,27,1,EXECUTE,published_after_gate_recheck,40.64086824655533,11.953896842896938,197.89748808551846,12.574610882169235
readset,unrelated,500,28,1,EXECUTE,published_after_gate_recheck,89.34074407443404,16.150791198015213,197.89748808551846,12.574610882169235
readset,unrelated,500,29,1,EXECUTE,published_after_gate_recheck,174.72529597580433,126.29497423768044,197.89748808551846,12.574610882169235
readset,unrelated,500,30,1,EXECUTE,published_after_gate_recheck,30.17693478614092,11.576668825000525,197.89748808551846,12.574610882169235
readset,unrelated,500,31,1,EXECUTE,published_after_gate_recheck,73.3091770671308,46.040688175708055,197.89748808551846,12.574610882169235
readset,unrelated,500,32,1,EXECUTE,published_after_gate_recheck,35.72164801880717,10.728697758167982,197.89748808551846,12.574610882169235
readset,unrelated,500,33,1,EXECUTE,published_after_gate_recheck,79.04004817828536,11.868467088788748,197.89748808551846,12.574610882169235
readset,unrelated,500,34,1,EXECUTE,published_after_gate_recheck,354.99926190823317,24.42649705335498,197.89748808551846,12.574610882169235
readset,unrelated,500,35,1,EXECUTE,published_after_gate_recheck,37.915173918008804,11.53056276962161,197.89748808551846,12.574610882169235
readset,unrelated,500,36,1,EXECUTE,published_after_gate_recheck,37.5847234390676,11.90295210108161,197.89748808551846,12.574610882169235
readset,unrelated,500,37,1,EXECUTE,published_after_gate_recheck,49.5995650999248,11.47210318595171,197.89748808551846,12.574610882169235
readset,unrelated,500,38,1,EXECUTE,published_after_gate_recheck,28.92758185043931,10.489068925380707,197.89748808551846,12.574610882169235
readset,unrelated,500,39,1,EXECUTE,published_after_gate_recheck,56.02947762235999,25.873962324112654,197.89748808551846,12.574610882169235
readset,unrelated,500,40,1,EXECUTE,published_after_gate_recheck,95.55096458643675,49.37694687396288,197.89748808551846,12.574610882169235
readset,unrelated,500,41,1,EXECUTE,published_after_gate_recheck,179.74563501775265,11.60963112488389,197.89748808551846,12.574610882169235
readset,unrelated,500,42,1,EXECUTE,published_after_gate_recheck,29.78165401145816,10.656693018972874,197.89748808551846,12.574610882169235
readset,unrelated,500,43,1,EXECUTE,published_after_gate_recheck,223.3104882761836,124.87603211775422,197.89748808551846,12.574610882169235
readset,unrelated,500,44,1,EXECUTE,published_after_gate_recheck,260.7058761641383,14.447795692831278,197.89748808551846,12.574610882169235
readset,unrelated,500,45,1,EXECUTE,published_after_gate_recheck,36.91973630338907,18.43280205503106,197.89748808551846,12.574610882169235
readset,unrelated,500,46,1,EXECUTE,published_after_gate_recheck,75.80673228949308,56.09969003126025,197.89748808551846,12.574610882169235
readset,unrelated,500,47,1,EXECUTE,published_after_gate_recheck,26.82067872956395,11.253273114562035,197.89748808551846,12.574610882169235
readset,unrelated,500,48,1,EXECUTE,published_after_gate_recheck,95.1726553030312,11.72642083838582,197.89748808551846,12.574610882169235
readset,unrelated,500,49,1,EXECUTE,published_after_gate_recheck,29.69759702682495,10.616257786750793,197.89748808551846,12.574610882169235
readset,unrelated,500,50,1,EXECUTE,published_after_gate_recheck,29.95224390178919,12.728059198707342,197.89748808551846,12.574610882169235
readset,unrelated,500,51,1,EXECUTE,published_after_gate_recheck,36.764563992619514,18.30805791541934,197.89748808551846,12.574610882169235
readset,unrelated,500,52,1,EXECUTE,published_after_gate_recheck,53.75007214024663,16.25396404415369,197.89748808551846,12.574610882169235
readset,unrelated,500,53,1,EXECUTE,published_after_gate_recheck,31.738906167447567,17.024510074406862,197.89748808551846,12.574610882169235
readset,unrelated,500,54,1,EXECUTE,published_after_gate_recheck,26.708368211984634,11.936995200812817,197.89748808551846,12.574610882169235
readset,unrelated,500,55,1,EXECUTE,published_after_gate_recheck,144.9475190602243,11.00724097341299,197.89748808551846,12.574610882169235
readset,unrelated,500,56,1,EXECUTE,published_after_gate_recheck,55.5910961702466,19.493992906063795,197.89748808551846,12.574610882169235
readset,unrelated,500,57,1,EXECUTE,published_after_gate_recheck,88.48448796197772,13.349695596843958,197.89748808551846,12.574610882169235
readset,unrelated,500,58,1,EXECUTE,published_after_gate_recheck,37.50307019799948,11.415787041187286,197.89748808551846,12.574610882169235
readset,unrelated,500,59,1,EXECUTE,published_after_gate_recheck,28.514776844531298,10.551216080784798,197.89748808551846,12.574610882169235
readset,unrelated,500,60,1,EXECUTE,published_after_gate_recheck,123.34407819435,13.440745882689953,197.89748808551846,12.574610882169235
readset,unrelated,500,61,1,EXECUTE,published_after_gate_recheck,32.12029207497835,18.003817182034254,197.89748808551846,12.574610882169235
readset,unrelated,500,62,1,EXECUTE,published_after_gate_recheck,35.50284821540117,10.284354910254478,197.89748808551846,12.574610882169235
readset,unrelated,500,63,1,EXECUTE,published_after_gate_recheck,30.64803034067154,12.758105993270874,197.89748808551846,12.574610882169235
readset,unrelated,500,64,1,EXECUTE,published_after_gate_recheck,223.3019219711423,13.085940852761269,197.89748808551846,12.574610882169235
readset,unrelated,500,65,1,EXECUTE,published_after_gate_recheck,27.248560916632414,9.951219893991947,197.89748808551846,12.574610882169235
readset,unrelated,500,66,1,EXECUTE,published_after_gate_recheck,92.63863228261471,72.96610297635198,197.89748808551846,12.574610882169235
readset,unrelated,500,67,1,EXECUTE,published_after_gate_recheck,103.42144081369042,10.432462207973003,197.89748808551846,12.574610882169235
readset,unrelated,500,68,1,EXECUTE,published_after_gate_recheck,23.203602991998196,11.918771080672741,197.89748808551846,12.574610882169235
readset,unrelated,500,69,1,EXECUTE,published_after_gate_recheck,92.78609836474061,13.124403078109026,197.89748808551846,12.574610882169235
readset,unrelated,500,70,1,EXECUTE,published_after_gate_recheck,110.571154858917,19.661476835608482,197.89748808551846,12.574610882169235
readset,unrelated,500,71,1,EXECUTE,published_after_gate_recheck,38.4698542766273,10.86445339024067,197.89748808551846,12.574610882169235
readset,unrelated,500,72,1,EXECUTE,published_after_gate_recheck,45.23480590432882,24.902240373194218,197.89748808551846,12.574610882169235
readset,unrelated,500,73,1,EXECUTE,published_after_gate_recheck,37.51422092318535,17.829090356826782,197.89748808551846,12.574610882169235
readset,unrelated,500,74,1,EXECUTE,published_after_gate_recheck,159.38627813011408,19.50004417449236,197.89748808551846,12.574610882169235
readset,unrelated,500,75,1,EXECUTE,published_after_gate_recheck,30.716076958924532,10.723879095166922,197.89748808551846,12.574610882169235
readset,unrelated,500,76,1,EXECUTE,published_after_gate_recheck,157.16190403327346,71.67675392702222,197.89748808551846,12.574610882169235
readset,unrelated,500,77,1,EXECUTE,published_after_gate_recheck,122.85096384584904,58.95704962313175,197.89748808551846,12.574610882169235
readset,unrelated,500,78,1,EXECUTE,published_after_gate_recheck,107.92944906279445,87.82870788127184,197.89748808551846,12.574610882169235
readset,unrelated,500,79,1,EXECUTE,published_after_gate_recheck,57.86546226590872,19.9185898527503,197.89748808551846,12.574610882169235
readset,unrelated,500,80,1,EXECUTE,published_after_gate_recheck,37.58653672412038,13.680015224963427,197.89748808551846,12.574610882169235
readset,unrelated,500,81,1,EXECUTE,published_after_gate_recheck,35.74186563491821,14.84933914616704,197.89748808551846,12.574610882169235
readset,unrelated,500,82,1,EXECUTE,published_after_gate_recheck,52.83621698617935,11.06759486719966,197.89748808551846,12.574610882169235
readset,unrelated,500,83,1,EXECUTE,published_after_gate_recheck,28.319180011749268,11.440854985266924,197.89748808551846,12.574610882169235
readset,unrelated,500,84,1,EXECUTE,published_after_gate_recheck,278.18637201562524,139.87499196082354,197.89748808551846,12.574610882169235
readset,unrelated,500,85,1,EXECUTE,published_after_gate_recheck,35.660693887621164,10.092866141349077,197.89748808551846,12.574610882169235
readset,unrelated,500,86,1,EXECUTE,published_after_gate_recheck,70.35756902769208,13.408856000751257,197.89748808551846,12.574610882169235
readset,unrelated,500,87,1,EXECUTE,published_after_gate_recheck,238.08274185284972,10.943501722067595,197.89748808551846,12.574610882169235
readset,unrelated,500,88,1,EXECUTE,published_after_gate_recheck,36.12342104315758,11.93767599761486,197.89748808551846,12.574610882169235
readset,unrelated,500,89,1,EXECUTE,published_after_gate_recheck,28.33729377016425,10.960833169519901,197.89748808551846,12.574610882169235
readset,unrelated,500,90,1,EXECUTE,published_after_gate_recheck,108.66584023460746,10.191479697823524,197.89748808551846,12.574610882169235
readset,unrelated,500,91,1,EXECUTE,published_after_gate_recheck,29.71451822668314,11.781033128499985,197.89748808551846,12.574610882169235
readset,unrelated,500,92,1,EXECUTE,published_after_gate_recheck,34.2702348716557,10.395412798970938,197.89748808551846,12.574610882169235
readset,unrelated,500,93,1,EXECUTE,published_after_gate_recheck,413.9571636915207,10.92146011069417,197.89748808551846,12.574610882169235
readset,unrelated,500,94,1,EXECUTE,published_after_gate_recheck,58.95372526720166,32.82225877046585,197.89748808551846,12.574610882169235
readset,unrelated,500,95,1,EXECUTE,published_after_gate_recheck,64.91092126816511,11.239747051149607,197.89748808551846,12.574610882169235
readset,unrelated,500,96,1,EXECUTE,published_after_gate_recheck,36.61010507494211,11.295001022517681,197.89748808551846,12.574610882169235
readset,unrelated,500,97,1,EXECUTE,published_after_gate_recheck,91.6879279538989,71.90524321049452,197.89748808551846,12.574610882169235
readset,unrelated,500,98,1,EXECUTE,published_after_gate_recheck,43.358154594898224,20.13452397659421,197.89748808551846,12.574610882169235
readset,unrelated,500,99,1,EXECUTE,published_after_gate_recheck,55.098410695791245,11.002461891621351,197.89748808551846,12.574610882169235
global,related_same,500,0,0,REVOKE,context_version_changed_at_publish,79.13781190291047,57.43772955611348,195.1571180385433,0.0
global,related_same,500,1,0,REVOKE,context_version_changed_at_publish,63.61687323078513,9.93291474878788,195.1571180385433,0.0
global,related_same,500,2,0,REVOKE,context_version_changed_at_publish,50.61171296983957,29.71567027270794,195.1571180385433,0.0
global,related_same,500,3,0,REVOKE,context_version_changed_at_publish,28.504888992756605,10.958488564938307,195.1571180385433,0.0
global,related_same,500,4,0,REVOKE,context_version_changed_at_publish,90.28618689626455,35.996013320982456,195.1571180385433,0.0
global,related_same,500,5,0,REVOKE,context_version_changed_at_publish,27.099522296339273,8.630692027509212,195.1571180385433,0.0
global,related_same,500,6,0,REVOKE,context_version_changed_at_publish,31.148198060691357,11.891941074281931,195.1571180385433,0.0
global,related_same,500,7,0,REVOKE,context_version_changed_at_publish,142.24871573969722,20.32449096441269,195.1571180385433,0.0
global,related_same,500,8,0,REVOKE,context_version_changed_at_publish,105.18279485404491,11.401239782571793,195.1571180385433,0.0
global,related_same,500,9,0,REVOKE,context_version_changed_at_publish,47.52834886312485,10.52700961008668,195.1571180385433,0.0
global,related_same,500,10,0,REVOKE,context_version_changed_at_publish,198.40821670368314,62.43871198967099,195.1571180385433,0.0
global,related_same,500,11,0,REVOKE,context_version_changed_at_publish,65.5389092862606,10.643037967383862,195.1571180385433,0.0
global,related_same,500,12,0,REVOKE,context_version_changed_at_publish,58.74780798330903,13.69258901104331,195.1571180385433,0.0
global,related_same,500,13,0,REVOKE,context_version_changed_at_publish,43.912775814533234,20.07494308054447,195.1571180385433,0.0
global,related_same,500,14,0,REVOKE,context_version_changed_at_publish,30.34349763765931,11.03106513619423,195.1571180385433,0.0
global,related_same,500,15,0,REVOKE,context_version_changed_at_publish,56.07215873897076,19.491549115628004,195.1571180385433,0.0
global,related_same,500,16,0,REVOKE,context_version_changed_at_publish,30.181995127350092,10.433214250952005,195.1571180385433,0.0
global,related_same,500,17,0,REVOKE,context_version_changed_at_publish,31.521478202193975,11.192027945071459,195.1571180385433,0.0
global,related_same,500,18,0,REVOKE,context_version_changed_at_publish,28.363723773509264,10.656592901796103,195.1571180385433,0.0
global,related_same,500,19,0,REVOKE,context_version_changed_at_publish,82.23327994346619,27.560577262192965,195.1571180385433,0.0
global,related_same,500,20,0,REVOKE,context_version_changed_at_publish,91.24696021899581,23.962306324392557,195.1571180385433,0.0
global,related_same,500,21,0,REVOKE,context_version_changed_at_publish,32.50211803242564,12.059073895215988,195.1571180385433,0.0
global,related_same,500,22,0,REVOKE,context_version_changed_at_publish,38.117432966828346,12.300767004489899,195.1571180385433,0.0
global,related_same,500,23,0,REVOKE,context_version_changed_at_publish,105.63211841508746,10.731522925198078,195.1571180385433,0.0
global,related_same,500,24,0,REVOKE,context_version_changed_at_publish,49.505779054015875,12.12380500510335,195.1571180385433,0.0
global,related_same,500,25,0,REVOKE,context_version_changed_at_publish,378.92053090035915,238.06018009781837,195.1571180385433,0.0
global,related_same,500,26,0,REVOKE,context_version_changed_at_publish,28.30709796398878,10.521660093218088,195.1571180385433,0.0
global,related_same,500,27,0,REVOKE,context_version_changed_at_publish,46.10696202144027,19.736348185688257,195.1571180385433,0.0
global,related_same,500,28,0,REVOKE,context_version_changed_at_publish,45.548003166913986,10.280176997184753,195.1571180385433,0.0
global,related_same,500,29,0,REVOKE,context_version_changed_at_publish,101.35509399697185,12.880094815045595,195.1571180385433,0.0
global,related_same,500,30,0,REVOKE,context_version_changed_at_publish,67.27905385196209,21.61455200985074,195.1571180385433,0.0
global,related_same,500,31,0,REVOKE,context_version_changed_at_publish,50.3940861672163,32.04235527664423,195.1571180385433,0.0
global,related_same,500,32,0,REVOKE,context_version_changed_at_publish,42.78635187074542,11.325838975608349,195.1571180385433,0.0
global,related_same,500,33,0,REVOKE,context_version_changed_at_publish,83.77299876883626,63.10355989262462,195.1571180385433,0.0
global,related_same,500,34,0,REVOKE,context_version_changed_at_publish,95.94899183139205,75.6887923926115,195.1571180385433,0.0
global,related_same,500,35,0,REVOKE,context_version_changed_at_publish,29.611525125801563,8.662581909447908,195.1571180385433,0.0
global,related_same,500,36,0,REVOKE,context_version_changed_at_publish,30.372141860425472,11.128768790513277,195.1571180385433,0.0
global,related_same,500,37,0,REVOKE,context_version_changed_at_publish,66.0755462013185,45.97710911184549,195.1571180385433,0.0
global,related_same,500,38,0,REVOKE,context_version_changed_at_publish,39.15109299123287,19.313122611492872,195.1571180385433,0.0
global,related_same,500,39,0,REVOKE,context_version_changed_at_publish,23.400962818413973,11.064026970416307,195.1571180385433,0.0
global,related_same,500,40,0,REVOKE,context_version_changed_at_publish,156.05316497385502,99.99330900609493,195.1571180385433,0.0
global,related_same,500,41,0,REVOKE,context_version_changed_at_publish,95.54467396810651,11.942424811422825,195.1571180385433,0.0
global,related_same,500,42,0,REVOKE,context_version_changed_at_publish,85.69280989468098,11.096428148448467,195.1571180385433,0.0
global,related_same,500,43,0,REVOKE,context_version_changed_at_publish,56.149282958358526,10.367220267653465,195.1571180385433,0.0
global,related_same,500,44,0,REVOKE,context_version_changed_at_publish,114.35270868241787,29.900075867772102,195.1571180385433,0.0
global,related_same,500,45,0,REVOKE,context_version_changed_at_publish,192.68358778208494,11.142154224216938,195.1571180385433,0.0
global,related_same,500,46,0,REVOKE,context_version_changed_at_publish,29.5780710875988,10.871946811676025,195.1571180385433,0.0
global,related_same,500,47,0,REVOKE,context_version_changed_at_publish,148.59497221186757,11.758449953049421,195.1571180385433,0.0
global,related_same,500,48,0,REVOKE,context_version_changed_at_publish,193.6722225509584,99.93793489411473,195.1571180385433,0.0
global,related_same,500,49,0,REVOKE,context_version_changed_at_publish,189.6194890141487,48.16753836348653,195.1571180385433,0.0
global,related_same,500,50,0,REVOKE,context_version_changed_at_publish,64.92117000743747,20.570953842252493,195.1571180385433,0.0
global,related_same,500,51,0,REVOKE,context_version_changed_at_publish,153.20656402036548,125.50800805911422,195.1571180385433,0.0
global,related_same,500,52,0,REVOKE,context_version_changed_at_publish,37.54348587244749,11.25834183767438,195.1571180385433,0.0
global,related_same,500,53,0,REVOKE,context_version_changed_at_publish,46.63881007581949,27.414313051849604,195.1571180385433,0.0
global,related_same,500,54,0,REVOKE,context_version_changed_at_publish,39.25533778965473,12.712259776890278,195.1571180385433,0.0
global,related_same,500,55,0,REVOKE,context_version_changed_at_publish,86.67679596692324,11.140991933643818,195.1571180385433,0.0
global,related_same,500,56,0,REVOKE,context_version_changed_at_publish,37.62477822601795,11.861484032124281,195.1571180385433,0.0
global,related_same,500,57,0,REVOKE,context_version_changed_at_publish,36.557847168296576,17.669409979134798,195.1571180385433,0.0
global,related_same,500,58,0,REVOKE,context_version_changed_at_publish,46.619865112006664,10.710645001381636,195.1571180385433,0.0
global,related_same,500,59,0,REVOKE,context_version_changed_at_publish,32.94256376102567,13.248085044324398,195.1571180385433,0.0
global,related_same,500,60,0,REVOKE,context_version_changed_at_publish,44.72192330285907,10.868069715797901,195.1571180385433,0.0
global,related_same,500,61,0,REVOKE,context_version_changed_at_publish,97.25419990718365,66.71583699062467,195.1571180385433,0.0
global,related_same,500,62,0,REVOKE,context_version_changed_at_publish,40.54543795064092,14.529549051076174,195.1571180385433,0.0
global,related_same,500,63,0,REVOKE,context_version_changed_at_publish,145.23634081706405,10.789553169161081,195.1571180385433,0.0
global,related_same,500,64,0,REVOKE,context_version_changed_at_publish,58.36430890485644,11.772335972636938,195.1571180385433,0.0
global,related_same,500,65,0,REVOKE,context_version_changed_at_publish,99.75606482475996,11.551873292773962,195.1571180385433,0.0
global,related_same,500,66,0,REVOKE,context_version_changed_at_publish,40.82758678123355,20.45674016699195,195.1571180385433,0.0
global,related_same,500,67,0,REVOKE,context_version_changed_at_publish,28.439125046133995,10.136115830391645,195.1571180385433,0.0
global,related_same,500,68,0,REVOKE,context_version_changed_at_publish,67.96379899606109,21.20095631107688,195.1571180385433,0.0
global,related_same,500,69,0,REVOKE,context_version_changed_at_publish,45.47818284481764,10.384051129221916,195.1571180385433,0.0
global,related_same,500,70,0,REVOKE,context_version_changed_at_publish,176.30191333591938,10.938101913779974,195.1571180385433,0.0
global,related_same,500,71,0,REVOKE,context_version_changed_at_publish,53.11896791681647,10.663595981895924,195.1571180385433,0.0
global,related_same,500,72,0,REVOKE,context_version_changed_at_publish,29.253392945975065,11.23398682102561,195.1571180385433,0.0
global,related_same,500,73,0,REVOKE,context_version_changed_at_publish,37.660274654626846,10.708711110055447,195.1571180385433,0.0
global,related_same,500,74,0,REVOKE,context_version_changed_at_publish,31.277220230549574,10.662033222615719,195.1571180385433,0.0
global,related_same,500,75,0,REVOKE,context_version_changed_at_publish,33.692169934511185,11.353150010108948,195.1571180385433,0.0
global,related_same,500,76,0,REVOKE,context_version_changed_at_publish,29.461062978953123,10.47780690714717,195.1571180385433,0.0
global,related_same,500,77,0,REVOKE,context_version_changed_at_publish,170.24012096226215,60.84180576726794,195.1571180385433,0.0
global,related_same,500,78,0,REVOKE,context_version_changed_at_publish,96.10844077542424,10.60637878254056,195.1571180385433,0.0
global,related_same,500,79,0,REVOKE,context_version_changed_at_publish,96.17602825164795,11.20426133275032,195.1571180385433,0.0
global,related_same,500,80,0,REVOKE,context_version_changed_at_publish,55.437748320400715,11.921557132154703,195.1571180385433,0.0
global,related_same,500,81,0,REVOKE,context_version_changed_at_publish,136.67904725298285,19.49369302019477,195.1571180385433,0.0
global,related_same,500,82,0,REVOKE,context_version_changed_at_publish,85.97512915730476,11.021578218787909,195.1571180385433,0.0
global,related_same,500,83,0,REVOKE,context_version_changed_at_publish,48.57461201027036,11.539159342646599,195.1571180385433,0.0
global,related_same,500,84,0,REVOKE,context_version_changed_at_publish,47.522326931357384,11.819645296782255,195.1571180385433,0.0
global,related_same,500,85,0,REVOKE,context_version_changed_at_publish,53.6382719874382,15.628832392394543,195.1571180385433,0.0
global,related_same,500,86,0,REVOKE,context_version_changed_at_publish,28.076946269720793,11.011738795787096,195.1571180385433,0.0
global,related_same,500,87,0,REVOKE,context_version_changed_at_publish,63.90228820964694,11.812651995569468,195.1571180385433,0.0
global,related_same,500,88,0,REVOKE,context_version_changed_at_publish,54.463370237499475,28.083147015422583,195.1571180385433,0.0
global,related_same,500,89,0,REVOKE,context_version_changed_at_publish,60.05098205059767,13.427071273326874,195.1571180385433,0.0
global,related_same,500,90,0,REVOKE,context_version_changed_at_publish,175.8538531139493,78.740025870502,195.1571180385433,0.0
global,related_same,500,91,0,REVOKE,context_version_changed_at_publish,35.91425996273756,10.639260057359934,195.1571180385433,0.0
global,related_same,500,92,0,REVOKE,context_version_changed_at_publish,59.822815004736185,10.769856162369251,195.1571180385433,0.0
global,related_same,500,93,0,REVOKE,context_version_changed_at_publish,57.48713295906782,21.305702161043882,195.1571180385433,0.0
global,related_same,500,94,0,REVOKE,context_version_changed_at_publish,56.37002736330032,11.887272354215384,195.1571180385433,0.0
global,related_same,500,95,0,REVOKE,context_version_changed_at_publish,101.0989542119205,21.744675934314728,195.1571180385433,0.0
global,related_same,500,96,0,REVOKE,context_version_changed_at_publish,30.985643155872822,11.922728270292282,195.1571180385433,0.0
global,related_same,500,97,0,REVOKE,context_version_changed_at_publish,65.8655408769846,11.335397139191628,195.1571180385433,0.0
global,related_same,500,98,0,REVOKE,context_version_changed_at_publish,35.57418193668127,11.211944743990898,195.1571180385433,0.0
global,related_same,500,99,0,REVOKE,context_version_changed_at_publish,121.70453229919076,94.5885400287807,195.1571180385433,0.0
readset,related_same,500,0,1,EXECUTE,published_after_gate_recheck,28.731624130159616,10.677602607756853,196.85039856304493,16.38269959197237
readset,related_same,500,1,1,EXECUTE,published_after_gate_recheck,95.23897990584373,12.994538992643356,196.85039856304493,16.38269959197237
readset,related_same,500,2,1,EXECUTE,published_after_gate_recheck,62.08135187625885,21.33001759648323,196.85039856304493,16.38269959197237
readset,related_same,500,3,1,EXECUTE,published_after_gate_recheck,28.01410760730505,9.656555950641632,196.85039856304493,16.38269959197237
readset,related_same,500,4,1,EXECUTE,published_after_gate_recheck,27.931252028793097,10.314902290701866,196.85039856304493,16.38269959197237
readset,related_same,500,5,1,EXECUTE,published_after_gate_recheck,159.54997530207038,13.835367280989885,196.85039856304493,16.38269959197237
readset,related_same,500,6,1,EXECUTE,published_after_gate_recheck,66.27145316451788,13.859351631253958,196.85039856304493,16.38269959197237
readset,related_same,500,7,1,EXECUTE,published_after_gate_recheck,36.89134307205677,11.369811370968819,196.85039856304493,16.38269959197237
readset,related_same,500,8,1,EXECUTE,published_after_gate_recheck,65.44788787141442,10.600277222692966,196.85039856304493,16.38269959197237
readset,related_same,500,9,1,EXECUTE,published_after_gate_recheck,30.417587608098984,11.068396270275116,196.85039856304493,16.38269959197237
readset,related_same,500,10,1,EXECUTE,published_after_gate_recheck,37.154074758291245,11.258231010288,196.85039856304493,16.38269959197237
readset,related_same,500,11,1,EXECUTE,published_after_gate_recheck,130.75311901047826,110.80807028338313,196.85039856304493,16.38269959197237
readset,related_same,500,12,1,EXECUTE,published_after_gate_recheck,170.07782589644194,48.30449493601918,196.85039856304493,16.38269959197237
readset,related_same,500,13,1,EXECUTE,published_after_gate_recheck,27.45256433263421,10.78794989734888,196.85039856304493,16.38269959197237
readset,related_same,500,14,1,EXECUTE,published_after_gate_recheck,72.1852476708591,51.20106879621744,196.85039856304493,16.38269959197237
readset,related_same,500,15,1,EXECUTE,published_after_gate_recheck,29.815878253430128,11.824744287878275,196.85039856304493,16.38269959197237
readset,related_same,500,16,1,EXECUTE,published_after_gate_recheck,58.198426850140095,13.62848887220025,196.85039856304493,16.38269959197237
readset,related_same,500,17,1,EXECUTE,published_after_gate_recheck,287.0635259896517,11.06928801164031,196.85039856304493,16.38269959197237
readset,related_same,500,18,1,EXECUTE,published_after_gate_recheck,76.75978122279048,55.21951895207167,196.85039856304493,16.38269959197237
readset,related_same,500,19,1,EXECUTE,published_after_gate_recheck,32.22281392663717,13.670236803591251,196.85039856304493,16.38269959197237
readset,related_same,500,20,1,EXECUTE,published_after_gate_recheck,132.20074540004134,110.73300894349813,196.85039856304493,16.38269959197237
readset,related_same,500,21,1,EXECUTE,published_after_gate_recheck,47.00827319175005,11.030794586986303,196.85039856304493,16.38269959197237
readset,related_same,500,22,1,EXECUTE,published_after_gate_recheck,38.08118496090174,11.093271896243095,196.85039856304493,16.38269959197237
readset,related_same,500,23,1,EXECUTE,published_after_gate_recheck,96.96209197863936,13.910587877035141,196.85039856304493,16.38269959197237
readset,related_same,500,24,1,EXECUTE,published_after_gate_recheck,75.99362311884761,38.133392576128244,196.85039856304493,16.38269959197237
readset,related_same,500,25,1,EXECUTE,published_after_gate_recheck,33.47148699685931,12.062150053679943,196.85039856304493,16.38269959197237
readset,related_same,500,26,1,EXECUTE,published_after_gate_recheck,30.31293023377657,9.408150799572468,196.85039856304493,16.38269959197237
readset,related_same,500,27,1,EXECUTE,published_after_gate_recheck,31.92636789754033,12.048644945025444,196.85039856304493,16.38269959197237
readset,related_same,500,28,1,EXECUTE,published_after_gate_recheck,66.03976897895336,45.442886184901,196.85039856304493,16.38269959197237
readset,related_same,500,29,1,EXECUTE,published_after_gate_recheck,44.237995985895395,10.858501773327589,196.85039856304493,16.38269959197237
readset,related_same,500,30,1,EXECUTE,published_after_gate_recheck,30.555896926671267,11.439010966569185,196.85039856304493,16.38269959197237
readset,related_same,500,31,1,EXECUTE,published_after_gate_recheck,32.56743121892214,11.66656706482172,196.85039856304493,16.38269959197237
readset,related_same,500,32,1,EXECUTE,published_after_gate_recheck,29.520032927393913,10.869742836803198,196.85039856304493,16.38269959197237
readset,related_same,500,33,1,EXECUTE,published_after_gate_recheck,35.983690060675144,10.46458212658763,196.85039856304493,16.38269959197237
readset,related_same,500,34,1,EXECUTE,published_after_gate_recheck,162.30003535747528,59.86038502305746,196.85039856304493,16.38269959197237
readset,related_same,500,35,1,EXECUTE,published_after_gate_recheck,53.798172157257795,19.54634115099907,196.85039856304493,16.38269959197237
readset,related_same,500,36,1,EXECUTE,published_after_gate_recheck,30.81680601462722,11.753580998629332,196.85039856304493,16.38269959197237
readset,related_same,500,37,1,EXECUTE,published_after_gate_recheck,86.72269200906157,66.54407503083348,196.85039856304493,16.38269959197237
readset,related_same,500,38,1,EXECUTE,published_after_gate_recheck,55.581497959792614,20.656504202634096,196.85039856304493,16.38269959197237
readset,related_same,500,39,1,EXECUTE,published_after_gate_recheck,150.32786317169666,11.034352239221334,196.85039856304493,16.38269959197237
readset,related_same,500,40,1,EXECUTE,published_after_gate_recheck,372.23662063479424,13.130703940987587,196.85039856304493,16.38269959197237
readset,related_same,500,41,1,EXECUTE,published_after_gate_recheck,30.642658937722445,11.116075795143843,196.85039856304493,16.38269959197237
readset,related_same,500,42,1,EXECUTE,published_after_gate_recheck,35.613966174423695,11.74242002889514,196.85039856304493,16.38269959197237
readset,related_same,500,43,1,EXECUTE,published_after_gate_recheck,33.69292197749019,9.565746877342463,196.85039856304493,16.38269959197237
readset,related_same,500,44,1,EXECUTE,published_after_gate_recheck,30.0345690920949,10.60321182012558,196.85039856304493,16.38269959197237
readset,related_same,500,45,1,EXECUTE,published_after_gate_recheck,28.367389924824238,10.587263386696577,196.85039856304493,16.38269959197237
readset,related_same,500,46,1,EXECUTE,published_after_gate_recheck,29.54584127292037,10.715584270656109,196.85039856304493,16.38269959197237
readset,related_same,500,47,1,EXECUTE,published_after_gate_recheck,75.69803902879357,48.76448819413781,196.85039856304493,16.38269959197237
readset,related_same,500,48,1,EXECUTE,published_after_gate_recheck,28.948159888386726,11.052475776523352,196.85039856304493,16.38269959197237
readset,related_same,500,49,1,EXECUTE,published_after_gate_recheck,31.90507786348462,11.162692215293646,196.85039856304493,16.38269959197237
readset,related_same,500,50,1,EXECUTE,published_after_gate_recheck,40.76508991420269,20.122581627219915,196.85039856304493,16.38269959197237
readset,related_same,500,51,1,EXECUTE,published_after_gate_recheck,27.693235781043768,10.687080211937428,196.85039856304493,16.38269959197237
readset,related_same,500,52,1,EXECUTE,published_after_gate_recheck,29.1169174015522,10.320782661437988,196.85039856304493,16.38269959197237
readset,related_same,500,53,1,EXECUTE,published_after_gate_recheck,41.07718588784337,11.181477922946215,196.85039856304493,16.38269959197237
readset,related_same,500,54,1,EXECUTE,published_after_gate_recheck,29.643675312399864,11.067604180425406,196.85039856304493,16.38269959197237
readset,related_same,500,55,1,EXECUTE,published_after_gate_recheck,33.60585868358612,17.710886895656586,196.85039856304493,16.38269959197237
readset,related_same,500,56,1,EXECUTE,published_after_gate_recheck,148.62332586199045,11.255477089434862,196.85039856304493,16.38269959197237
readset,related_same,500,57,1,EXECUTE,published_after_gate_recheck,28.667453210800886,10.565984062850475,196.85039856304493,16.38269959197237
readset,related_same,500,58,1,EXECUTE,published_after_gate_recheck,28.53759005665779,11.524360626935959,196.85039856304493,16.38269959197237
readset,related_same,500,59,1,EXECUTE,published_after_gate_recheck,28.932008892297745,9.77423693984747,196.85039856304493,16.38269959197237
readset,related_same,500,60,1,EXECUTE,published_after_gate_recheck,34.98986503109336,18.11001682654023,196.85039856304493,16.38269959197237
readset,related_same,500,61,1,EXECUTE,published_after_gate_recheck,28.07237720116973,11.29832724109292,196.85039856304493,16.38269959197237
readset,related_same,500,62,1,EXECUTE,published_after_gate_recheck,28.07670645415783,10.484219994395971,196.85039856304493,16.38269959197237
readset,related_same,500,63,1,EXECUTE,published_after_gate_recheck,27.13594026863575,10.400432627648115,196.85039856304493,16.38269959197237
readset,related_same,500,64,1,EXECUTE,published_after_gate_recheck,25.377482175827026,11.01338304579258,196.85039856304493,16.38269959197237
readset,related_same,500,65,1,EXECUTE,published_after_gate_recheck,54.399880580604076,36.60791087895632,196.85039856304493,16.38269959197237
readset,related_same,500,66,1,EXECUTE,published_after_gate_recheck,54.73971785977483,18.841539043933153,196.85039856304493,16.38269959197237
readset,related_same,500,67,1,EXECUTE,published_after_gate_recheck,36.55830817297101,19.119800999760628,196.85039856304493,16.38269959197237
readset,related_same,500,68,1,EXECUTE,published_after_gate_recheck,21.5141330845654,10.730921756476164,196.85039856304493,16.38269959197237
readset,related_same,500,69,1,EXECUTE,published_after_gate_recheck,36.24695399776101,16.538066789507866,196.85039856304493,16.38269959197237
readset,related_same,500,70,1,EXECUTE,published_after_gate_recheck,47.5787241011858,10.50294516608119,196.85039856304493,16.38269959197237
readset,related_same,500,71,1,EXECUTE,published_after_gate_recheck,36.57263517379761,17.51951826736331,196.85039856304493,16.38269959197237
readset,related_same,500,72,1,EXECUTE,published_after_gate_recheck,103.04941330105066,10.453863069415092,196.85039856304493,16.38269959197237
readset,related_same,500,73,1,EXECUTE,published_after_gate_recheck,37.6247582025826,11.871512047946453,196.85039856304493,16.38269959197237
readset,related_same,500,74,1,EXECUTE,published_after_gate_recheck,96.80887497961521,76.39049692079425,196.85039856304493,16.38269959197237
readset,related_same,500,75,1,EXECUTE,published_after_gate_recheck,127.06434819847345,11.367186903953552,196.85039856304493,16.38269959197237
readset,related_same,500,76,1,EXECUTE,published_after_gate_recheck,36.379913333803415,10.336983017623425,196.85039856304493,16.38269959197237
readset,related_same,500,77,1,EXECUTE,published_after_gate_recheck,125.46489806845784,11.068074963986874,196.85039856304493,16.38269959197237
readset,related_same,500,78,1,EXECUTE,published_after_gate_recheck,54.36300206929445,12.32906011864543,196.85039856304493,16.38269959197237
readset,related_same,500,79,1,EXECUTE,published_after_gate_recheck,66.41502305865288,10.976293124258518,196.85039856304493,16.38269959197237
readset,related_same,500,80,1,EXECUTE,published_after_gate_recheck,68.17283015698195,21.723696030676365,196.85039856304493,16.38269959197237
readset,related_same,500,81,1,EXECUTE,published_after_gate_recheck,30.956418253481388,11.225591413676739,196.85039856304493,16.38269959197237
readset,related_same,500,82,1,EXECUTE,published_after_gate_recheck,53.300588857382536,33.011643681675196,196.85039856304493,16.38269959197237
readset,related_same,500,83,1,EXECUTE,published_after_gate_recheck,48.07160794734955,12.252476997673512,196.85039856304493,16.38269959197237
readset,related_same,500,84,1,EXECUTE,published_after_gate_recheck,69.87753883004189,49.58482692018151,196.85039856304493,16.38269959197237
readset,related_same,500,85,1,EXECUTE,published_after_gate_recheck,37.46010921895504,20.210086833685637,196.85039856304493,16.38269959197237
readset,related_same,500,86,1,EXECUTE,published_after_gate_recheck,40.182326920330524,20.79958189278841,196.85039856304493,16.38269959197237
readset,related_same,500,87,1,EXECUTE,published_after_gate_recheck,46.51981731876731,16.738222911953926,196.85039856304493,16.38269959197237
readset,related_same,500,88,1,EXECUTE,published_after_gate_recheck,29.525703750550747,11.39106135815382,196.85039856304493,16.38269959197237
readset,related_same,500,89,1,EXECUTE,published_after_gate_recheck,28.249418828636408,8.809537161141634,196.85039856304493,16.38269959197237
readset,related_same,500,90,1,EXECUTE,published_after_gate_recheck,34.740326926112175,10.895500890910625,196.85039856304493,16.38269959197237
readset,related_same,500,91,1,EXECUTE,published_after_gate_recheck,129.78819804266095,110.85924506187439,196.85039856304493,16.38269959197237
readset,related_same,500,92,1,EXECUTE,published_after_gate_recheck,67.05716717988253,47.394898254424334,196.85039856304493,16.38269959197237
readset,related_same,500,93,1,EXECUTE,published_after_gate_recheck,37.01427299529314,12.765861116349697,196.85039856304493,16.38269959197237
readset,related_same,500,94,1,EXECUTE,published_after_gate_recheck,31.394559890031815,12.909268960356712,196.85039856304493,16.38269959197237
readset,related_same,500,95,1,EXECUTE,published_after_gate_recheck,28.81623199209571,10.838543996214867,196.85039856304493,16.38269959197237
readset,related_same,500,96,1,EXECUTE,published_after_gate_recheck,187.13693227618933,38.25722588226199,196.85039856304493,16.38269959197237
readset,related_same,500,97,1,EXECUTE,published_after_gate_recheck,30.493940226733685,11.45526161417365,196.85039856304493,16.38269959197237
readset,related_same,500,98,1,EXECUTE,published_after_gate_recheck,35.38558818399906,16.889286693185568,196.85039856304493,16.38269959197237
readset,related_same,500,99,1,EXECUTE,published_after_gate_recheck,61.53143988922238,26.902783196419477,196.85039856304493,16.38269959197237
