publishing_interval_ms,version_scope,intent_kind,run,trace_time_s,gateway_released,reason,e2e_latency_ms,validation_to_gate_ms,achieved_update_rate_hz
1000,predicate,continuous,0,0.291,1,published_after_gate_recheck,19.539188127964735,4.826163873076439,1.0
1000,readset,continuous,1,0.812,1,published_after_gate_recheck,16.679652966558933,4.112175200134516,1.0
1000,predicate,continuous,2,1.28,1,published_after_gate_recheck,17.08445232361555,4.471499007195234,1.0
1000,predicate,continuous,3,1.898,1,published_after_gate_recheck,17.643931787461042,4.400134552270174,1.0
1000,global,discrete,4,2.303,1,published_after_gate_recheck,17.83714396879077,4.709966946393251,1.0
1000,readset,discrete,5,2.783,1,published_after_gate_recheck,18.977084197103977,4.766372032463551,1.0
1000,predicate,continuous,6,3.101,1,published_after_gate_recheck,18.216426018625498,4.41114604473114,1.0
1000,readset,discrete,7,3.644,1,published_after_gate_recheck,17.3060679808259,4.496695939451456,1.0
1000,readset,continuous,8,4.066,1,published_after_gate_recheck,18.153457902371883,4.667405970394611,1.0
1000,predicate,continuous,9,4.673,1,published_after_gate_recheck,17.3880523070693,4.7188932076096535,1.0
1000,readset,discrete,10,5.29,1,published_after_gate_recheck,19.346515648066998,4.841422662138939,1.0
1000,readset,discrete,11,5.871,1,published_after_gate_recheck,20.47883113846183,6.517337169498205,1.0
1000,readset,continuous,12,6.449,1,published_after_gate_recheck,18.7522922642529,4.923316650092602,1.0
1000,global,continuous,13,6.728,1,published_after_gate_recheck,19.099432975053787,5.415380001068115,1.0
1000,global,continuous,14,7.367,1,published_after_gate_recheck,18.354475032538176,4.720296245068312,1.0
1000,global,discrete,15,7.719,1,published_after_gate_recheck,20.772842224687338,6.3853091560304165,1.0
1000,readset,discrete,16,8.001,1,published_after_gate_recheck,19.003894180059433,4.376691300421953,1.0
1000,predicate,discrete,17,8.65,1,published_after_gate_recheck,22.151388693600893,5.174026824533939,1.0
1000,readset,discrete,18,9.059,1,published_after_gate_recheck,17.964433878660202,4.216941073536873,1.0
1000,predicate,continuous,19,9.869,1,published_after_gate_recheck,19.07698018476367,4.26657497882843,1.0
1000,global,continuous,20,10.427,1,published_after_gate_recheck,17.972849309444427,4.424380138516426,1.0
1000,predicate,discrete,21,10.885,1,published_after_gate_recheck,19.172499887645245,4.795095883309841,1.0
1000,readset,continuous,22,11.074,1,published_after_gate_recheck,17.031562980264425,4.376340191811323,1.0
1000,global,discrete,23,11.792,1,published_after_gate_recheck,23.819629102945328,8.333154022693634,1.0
1000,global,discrete,24,12.414,1,published_after_gate_recheck,19.263590220361948,5.238237790763378,1.0
1000,global,discrete,25,12.787,1,published_after_gate_recheck,20.57395875453949,4.953572992235422,1.0
1000,readset,continuous,26,13.493,1,published_after_gate_recheck,19.140179734677076,4.757906310260296,1.0
1000,predicate,discrete,27,13.589,1,published_after_gate_recheck,16.653805039823055,4.770480096340179,1.0
1000,predicate,continuous,28,14.433,1,published_after_gate_recheck,17.53476681187749,4.279879853129387,1.0
1000,predicate,discrete,29,14.937,1,published_after_gate_recheck,21.453540306538343,6.014143116772175,1.0
1000,readset,continuous,30,15.127,1,published_after_gate_recheck,16.537046059966087,4.2793177999556065,1.0
1000,readset,continuous,31,15.76,1,published_after_gate_recheck,18.34403583779931,5.0318799912929535,1.0
1000,readset,discrete,32,16.388,1,published_after_gate_recheck,17.569351941347122,4.464284982532263,1.0
1000,global,continuous,33,16.506,1,published_after_gate_recheck,16.003074124455452,4.410765133798122,1.0
1000,predicate,continuous,34,17.378,1,published_after_gate_recheck,17.604267690330744,5.07019180804491,1.0
1000,predicate,discrete,35,17.594,1,published_after_gate_recheck,17.88122672587633,4.738939926028252,1.0
1000,predicate,continuous,36,18.238,1,published_after_gate_recheck,16.876522917300463,4.733630921691656,1.0
1000,readset,continuous,37,18.971,1,published_after_gate_recheck,19.14065983146429,5.371978972107172,1.0
1000,readset,discrete,38,19.137,1,published_after_gate_recheck,16.974036116153002,4.585632588714361,1.0
1000,global,continuous,39,19.996,0,context_version_changed_at_publish,20.622018724679947,6.146041210740805,1.0
1000,predicate,discrete,40,20.029,1,published_after_gate_recheck,18.491842783987522,5.046176724135876,1.0
1000,predicate,discrete,41,20.979,1,published_after_gate_recheck,15.90491971001029,4.038956947624683,1.0
1000,predicate,continuous,42,21.142,1,published_after_gate_recheck,17.881006933748722,4.877801984548569,1.0
1000,predicate,discrete,43,21.99,1,published_after_gate_recheck,17.65971165150404,4.628363996744156,1.0
1000,readset,discrete,44,22.166,1,published_after_gate_recheck,17.323161009699106,4.679810255765915,1.0
1000,readset,discrete,45,22.623,1,published_after_gate_recheck,17.27467915043235,4.414041992276907,1.0
1000,readset,continuous,46,23.246,1,published_after_gate_recheck,18.45205808058381,4.653590265661478,1.0
1000,readset,continuous,47,23.836,1,published_after_gate_recheck,16.300430987030268,4.281854256987572,1.0
1000,predicate,discrete,48,24.455,1,published_after_gate_recheck,16.16927608847618,4.26746578887105,1.0
1000,predicate,continuous,49,24.603,1,published_after_gate_recheck,18.647305201739073,4.836785141378641,1.0
1000,predicate,continuous,50,25.444,1,published_after_gate_recheck,20.826272666454315,4.208446014672518,1.0
1000,global,discrete,51,25.977,1,published_after_gate_recheck,17.792981583625078,4.526222124695778,1.0
1000,global,discrete,52,26.249,1,published_after_gate_recheck,17.083140090107918,4.326988011598587,1.0
1000,predicate,discrete,53,26.916,1,published_after_gate_recheck,19.55142104998231,5.2868579514324665,1.0
1000,global,continuous,54,27.163,1,published_after_gate_recheck,17.784395720809698,4.704616032540798,1.0
1000,global,continuous,55,27.728,1,published_after_gate_recheck,17.506674863398075,4.612913820892572,1.0
1000,readset,continuous,56,28.27,1,published_after_gate_recheck,21.362227853387594,4.9435049295425415,1.0
1000,global,discrete,57,28.7,1,published_after_gate_recheck,19.191625993698835,4.855780396610498,1.0
1000,readset,continuous,58,29.032,1,published_after_gate_recheck,17.240234650671482,4.646747838705778,1.0
1000,predicate,continuous,59,29.878,1,published_after_gate_recheck,16.558445990085602,4.233331885188818,1.0
1000,readset,continuous,60,30.237,1,published_after_gate_recheck,19.056071992963552,4.851551726460457,1.0
1000,readset,continuous,61,30.783,1,published_after_gate_recheck,18.319038674235344,4.760571755468845,1.0
1000,readset,discrete,62,31.371,1,published_after_gate_recheck,18.821722362190485,4.173610359430313,1.0
1000,global,discrete,63,31.524,1,published_after_gate_recheck,18.582713324576616,4.6669659204781055,1.0
1000,global,discrete,64,32.358,1,published_after_gate_recheck,18.01308523863554,4.658890888094902,1.0
1000,predicate,continuous,65,32.501,1,published_after_gate_recheck,16.806050203740597,4.540157970041037,1.0
1000,predicate,discrete,66,33.257,1,published_after_gate_recheck,16.08617976307869,4.1610668413341045,1.0
1000,predicate,continuous,67,33.521,1,published_after_gate_recheck,16.613007988780737,4.181765951216221,1.0
1000,readset,continuous,68,34.06,1,published_after_gate_recheck,17.107675783336163,4.544485826045275,1.0
1000,predicate,discrete,69,34.893,1,published_after_gate_recheck,17.854948062449694,4.551177844405174,1.0
1000,global,discrete,70,35.009,1,published_after_gate_recheck,15.709612984210253,4.276953637599945,1.0
1000,predicate,discrete,71,35.962,1,published_after_gate_recheck,16.672770027071238,4.1702440939843655,1.0
1000,predicate,continuous,72,36.036,1,published_after_gate_recheck,15.698463190346956,4.652137868106365,1.0
1000,readset,continuous,73,36.612,1,published_after_gate_recheck,17.935167998075485,4.503349307924509,1.0
1000,predicate,continuous,74,37.262,1,published_after_gate_recheck,23.27993605285883,4.735223017632961,1.0
1000,global,discrete,75,37.775,1,published_after_gate_recheck,16.48591971024871,4.220518283545971,1.0
1000,readset,discrete,76,38.102,1,published_after_gate_recheck,16.407432965934277,4.684680141508579,1.0
1000,readset,discrete,77,38.821,1,published_after_gate_recheck,16.176709905266762,3.9727031253278255,1.0
1000,predicate,discrete,78,39.279,1,published_after_gate_recheck,16.363620292395353,4.2183250188827515,1.0
1000,readset,discrete,79,39.639,1,published_after_gate_recheck,20.65545180812478,4.543494433164597,1.0
1000,readset,discrete,80,40.157,1,published_after_gate_recheck,18.50015763193369,4.513857886195183,1.0
1000,predicate,continuous,81,40.854,1,published_after_gate_recheck,18.666439689695835,4.685119725763798,1.0
1000,global,discrete,82,41.439,1,published_after_gate_recheck,21.753162145614624,4.639975260943174,1.0
1000,global,continuous,83,41.524,1,published_after_gate_recheck,17.9342869669199,4.658529069274664,1.0
1000,readset,continuous,84,42.478,1,published_after_gate_recheck,17.45324395596981,4.667396191507578,1.0
1000,global,continuous,85,42.77,1,published_after_gate_recheck,17.395035829395056,4.12661163136363,1.0
1000,readset,continuous,86,43.372,1,published_after_gate_recheck,18.448101356625557,4.989140201359987,1.0
1000,global,discrete,87,43.762,1,published_after_gate_recheck,17.445169389247894,4.4065178371965885,1.0
1000,readset,continuous,88,44.346,1,published_after_gate_recheck,20.21333295851946,4.8660291358828545,1.0
1000,readset,discrete,89,44.67,1,published_after_gate_recheck,19.503611139953136,4.228582605719566,1.0
1000,readset,discrete,90,45.164,1,published_after_gate_recheck,18.24440760537982,4.884023219347,1.0
1000,predicate,continuous,91,45.685,1,published_after_gate_recheck,16.7558160610497,4.4126990251243114,1.0
1000,readset,continuous,92,46.485,1,published_after_gate_recheck,16.963475849479437,4.612904042005539,1.0
1000,readset,discrete,93,46.812,1,published_after_gate_recheck,17.01981108635664,3.939921036362648,1.0
1000,predicate,discrete,94,47.238,1,published_after_gate_recheck,18.607168924063444,4.871399141848087,1.0
1000,readset,continuous,95,47.635,1,published_after_gate_recheck,19.338069949299097,5.13789989054203,1.0
1000,predicate,continuous,96,48.037,1,published_after_gate_recheck,16.612677834928036,4.366230685263872,1.0
1000,global,continuous,97,48.982,1,published_after_gate_recheck,23.059171624481678,6.918390281498432,1.0
1000,readset,continuous,98,49.077,1,published_after_gate_recheck,18.569919746369123,5.435578059405088,1.0
1000,predicate,discrete,99,49.569,1,published_after_gate_recheck,18.66305386647582,5.1203458569943905,1.0
1000,predicate,continuous,100,50.114,1,published_after_gate_recheck,18.17402709275484,4.984932020306587,1.0
1000,global,continuous,101,50.797,1,published_after_gate_recheck,18.481543753296137,4.796338267624378,1.0
1000,global,continuous,102,51.012,1,published_after_gate_recheck,16.502561047673225,4.418158903717995,1.0
1000,global,continuous,103,51.546,1,published_after_gate_recheck,21.17054769769311,4.634243901818991,1.0
1000,global,continuous,104,52.12,1,published_after_gate_recheck,21.25750109553337,6.709777750074863,1.0
1000,readset,continuous,105,52.744,1,published_after_gate_recheck,19.982369150966406,4.661435727030039,1.0
1000,readset,continuous,106,53.46,1,published_after_gate_recheck,19.429191946983337,4.343630280345678,1.0
1000,readset,continuous,107,53.989,1,published_after_gate_recheck,17.318683210760355,4.744610749185085,1.0
1000,global,continuous,108,54.422,1,published_after_gate_recheck,17.500664107501507,4.517555702477694,1.0
1000,global,continuous,109,54.697,1,published_after_gate_recheck,19.890718162059784,5.4202391766011715,1.0
1000,predicate,continuous,110,55.23,1,published_after_gate_recheck,18.521298188716173,5.097061861306429,1.0
1000,global,continuous,111,55.903,1,published_after_gate_recheck,18.552186898887157,5.63934026286006,1.0
1000,predicate,continuous,112,56.439,1,published_after_gate_recheck,16.821488738059998,4.683647304773331,1.0
1000,predicate,continuous,113,56.602,1,published_after_gate_recheck,18.148989882320166,4.762905649840832,1.0
1000,readset,continuous,114,57.025,1,published_after_gate_recheck,14.713814947754145,4.088460933417082,1.0
1000,predicate,continuous,115,57.697,1,published_after_gate_recheck,17.49267801642418,4.4991010800004005,1.0
1000,predicate,discrete,116,58.214,1,published_after_gate_recheck,16.291033942252398,4.226258955895901,1.0
1000,predicate,discrete,117,58.713,1,published_after_gate_recheck,20.557639189064503,7.689847145229578,1.0
1000,predicate,discrete,118,59.275,1,published_after_gate_recheck,16.64613001048565,4.2079440318048,1.0
1000,global,discrete,119,59.965,1,published_after_gate_recheck,17.728641163557768,4.765599966049194,1.0
1000,global,discrete,120,60.407,1,published_after_gate_recheck,18.868129234761,5.33656170591712,1.0
1000,predicate,continuous,121,60.611,1,published_after_gate_recheck,18.473920412361622,5.174628924578428,1.0
1000,global,discrete,122,61.416,1,published_after_gate_recheck,16.704910434782505,4.607955925166607,1.0
1000,global,continuous,123,61.818,1,published_after_gate_recheck,16.91003516316414,4.659922793507576,1.0
1000,global,discrete,124,62.25,1,published_after_gate_recheck,18.49276479333639,4.733450245112181,1.0
1000,readset,continuous,125,62.802,1,published_after_gate_recheck,17.821035347878933,4.789314698427916,1.0
1000,predicate,discrete,126,63.123,1,published_after_gate_recheck,16.58362289890647,4.385678097605705,1.0
1000,predicate,discrete,127,63.548,1,published_after_gate_recheck,17.66544207930565,4.878702573478222,1.0
1000,readset,continuous,128,64.444,1,published_after_gate_recheck,18.258654978126287,4.5928373001515865,1.0
1000,readset,discrete,129,64.77,1,published_after_gate_recheck,16.58739009872079,3.778568934649229,1.0
1000,predicate,continuous,130,65.011,1,published_after_gate_recheck,15.909026842564344,4.410033114254475,1.0
1000,readset,continuous,131,65.595,1,published_after_gate_recheck,19.484836142510176,4.667846951633692,1.0
1000,predicate,discrete,132,66.444,1,published_after_gate_recheck,18.6510207131505,5.457448773086071,1.0
1000,readset,continuous,133,66.752,1,published_after_gate_recheck,18.072335980832577,4.2683579958975315,1.0
1000,global,discrete,134,67.021,1,published_after_gate_recheck,22.133836057037115,9.054737631231546,1.0
1000,global,discrete,135,67.956,1,published_after_gate_recheck,17.059626057744026,4.109248984605074,1.0
1000,readset,continuous,136,68.434,1,published_after_gate_recheck,17.027005087584257,4.5583415776491165,1.0
1000,readset,discrete,137,68.913,1,published_after_gate_recheck,21.432549692690372,5.109855905175209,1.0
1000,readset,discrete,138,69.336,1,published_after_gate_recheck,17.528055235743523,4.5685311779379845,1.0
1000,global,continuous,139,69.672,1,published_after_gate_recheck,17.573841381818056,4.48940321803093,1.0
1000,readset,continuous,140,70.116,1,published_after_gate_recheck,17.471940256655216,4.585362039506435,1.0
1000,global,discrete,141,70.631,1,published_after_gate_recheck,15.429677907377481,3.847218118607998,1.0
1000,readset,continuous,142,71.237,1,published_after_gate_recheck,19.57566710188985,5.18274400383234,1.0
1000,global,continuous,143,71.81,1,published_after_gate_recheck,20.32585395500064,4.18351823464036,1.0
1000,global,continuous,144,72.142,1,published_after_gate_recheck,17.61196181178093,4.324282985180616,1.0
1000,readset,continuous,145,72.664,1,published_after_gate_recheck,20.75300458818674,5.460744258016348,1.0
1000,predicate,continuous,146,73.115,1,published_after_gate_recheck,19.308624789118767,6.245817989110947,1.0
1000,global,continuous,147,73.792,1,published_after_gate_recheck,17.4794839695096,4.6906499192118645,1.0
1000,predicate,continuous,148,74.303,1,published_after_gate_recheck,17.903689295053482,4.964363761246204,1.0
1000,predicate,discrete,149,74.611,1,published_after_gate_recheck,18.097342923283577,4.827627912163734,1.0
1000,predicate,continuous,150,75.144,1,published_after_gate_recheck,17.595741897821426,4.698705859482288,1.0
1000,predicate,discrete,151,75.835,1,published_after_gate_recheck,18.84495560079813,5.402765702456236,1.0
1000,global,discrete,152,76.109,1,published_after_gate_recheck,22.048626095056534,4.465558100491762,1.0
1000,readset,continuous,153,76.92,1,published_after_gate_recheck,21.611895877867937,4.612414166331291,1.0
1000,global,continuous,154,77.059,1,published_after_gate_recheck,17.261975910514593,4.606542177498341,1.0
1000,predicate,continuous,155,77.545,1,published_after_gate_recheck,19.436164293438196,4.973200149834156,1.0
1000,global,discrete,156,78.22,1,published_after_gate_recheck,17.63901300728321,4.520792048424482,1.0
1000,predicate,continuous,157,78.949,1,published_after_gate_recheck,17.71426433697343,4.502347204834223,1.0
1000,global,continuous,158,79.411,1,published_after_gate_recheck,17.055598087608814,4.567418713122606,1.0
1000,readset,discrete,159,79.751,1,published_after_gate_recheck,21.0319678299129,4.756893962621689,1.0
1000,readset,discrete,160,80.105,1,published_after_gate_recheck,19.083654042333364,5.10629964992404,1.0
1000,global,discrete,161,80.544,1,published_after_gate_recheck,19.363076891750097,4.716669209301472,1.0
1000,readset,continuous,162,81.475,1,published_after_gate_recheck,17.464285250753164,4.906215239316225,1.0
1000,readset,discrete,163,81.697,1,published_after_gate_recheck,18.841037061065435,4.682935308665037,1.0
1000,readset,discrete,164,82.491,1,published_after_gate_recheck,18.56629177927971,4.689488094300032,1.0
1000,readset,continuous,165,82.792,1,published_after_gate_recheck,18.40860676020384,4.803320858627558,1.0
1000,readset,continuous,166,83.417,1,published_after_gate_recheck,18.748915288597345,4.150496795773506,1.0
1000,readset,discrete,167,83.756,1,published_after_gate_recheck,19.078764133155346,4.7706798650324345,1.0
1000,readset,continuous,168,84.358,1,published_after_gate_recheck,18.500488717108965,4.682525061070919,1.0
1000,readset,discrete,169,84.529,1,published_after_gate_recheck,18.093465827405453,4.222271032631397,1.0
1000,predicate,continuous,170,85.228,1,published_after_gate_recheck,17.994379624724388,5.042419768869877,1.0
1000,readset,continuous,171,85.547,1,published_after_gate_recheck,19.22571985051036,4.696821793913841,1.0
1000,predicate,discrete,172,86.161,1,published_after_gate_recheck,17.215197905898094,4.391899798065424,1.0
1000,predicate,discrete,173,86.943,1,published_after_gate_recheck,18.5026740655303,4.386159125715494,1.0
1000,predicate,discrete,174,87.307,1,published_after_gate_recheck,17.02745631337166,4.33679623529315,1.0
1000,readset,discrete,175,87.687,1,published_after_gate_recheck,17.679148353636265,4.708474036306143,1.0
1000,readset,discrete,176,88.109,1,published_after_gate_recheck,19.608377944678068,4.6610152348876,1.0
1000,predicate,discrete,177,88.52,1,published_after_gate_recheck,20.57493105530739,5.390852689743042,1.0
1000,global,discrete,178,89.123,1,published_after_gate_recheck,18.67181994020939,5.409618839621544,1.0
1000,predicate,discrete,179,89.516,1,published_after_gate_recheck,19.298886880278587,5.158618092536926,1.0
1000,predicate,discrete,180,90.343,1,published_after_gate_recheck,19.342849031090736,5.617829039692879,1.0
1000,global,continuous,181,90.63,1,published_after_gate_recheck,21.64930710569024,4.515110980719328,1.0
1000,predicate,continuous,182,91.216,1,published_after_gate_recheck,18.17473815754056,4.438598174601793,1.0
1000,predicate,discrete,183,91.782,1,published_after_gate_recheck,20.484400913119316,4.829580895602703,1.0
1000,global,continuous,184,92.084,1,published_after_gate_recheck,21.730417851358652,7.08414101973176,1.0
1000,global,continuous,185,92.936,1,published_after_gate_recheck,20.290697924792767,5.180559121072292,1.0
1000,predicate,continuous,186,93.487,1,published_after_gate_recheck,18.54044385254383,4.385507199913263,1.0
1000,predicate,discrete,187,93.889,1,published_after_gate_recheck,18.409849144518375,4.904542118310928,1.0
1000,global,continuous,188,94.454,1,published_after_gate_recheck,17.151348292827606,4.270340781658888,1.0
1000,readset,continuous,189,94.951,1,published_after_gate_recheck,18.660439178347588,4.876299295574427,1.0
1000,readset,continuous,190,95.022,1,published_after_gate_recheck,17.519528977572918,5.157996900379658,1.0
1000,global,discrete,191,95.556,1,published_after_gate_recheck,17.9411000572145,4.639373626559973,1.0
1000,global,discrete,192,96.258,1,published_after_gate_recheck,17.94567797333002,4.683107137680054,1.0
1000,readset,continuous,193,96.734,1,published_after_gate_recheck,18.637266010046005,5.070792976766825,1.0
1000,readset,continuous,194,97.235,1,published_after_gate_recheck,18.935525324195623,5.2024200558662415,1.0
1000,predicate,continuous,195,97.909,1,published_after_gate_recheck,20.479963161051273,5.6379977613687515,1.0
1000,predicate,continuous,196,98.429,1,published_after_gate_recheck,17.504960764199495,4.165184684097767,1.0
1000,predicate,continuous,197,98.66,1,published_after_gate_recheck,17.80410297214985,4.385838285088539,1.0
1000,readset,discrete,198,99.416,1,published_after_gate_recheck,19.705960992723703,5.5514550767838955,1.0
1000,readset,discrete,199,99.692,1,published_after_gate_recheck,18.355576787143946,4.679710138589144,1.0
1000,global,continuous,200,100.053,1,published_after_gate_recheck,16.968784853816032,4.184020217508078,1.0
1000,readset,continuous,201,100.904,1,published_after_gate_recheck,20.46268992125988,5.372209008783102,1.0
1000,global,continuous,202,101.01,1,published_after_gate_recheck,16.141273081302643,4.602495115250349,1.0
1000,readset,discrete,203,101.946,1,published_after_gate_recheck,16.13913895562291,4.110462032258511,1.0
1000,readset,discrete,204,102.377,1,published_after_gate_recheck,17.402229364961386,4.558702930808067,1.0
1000,global,discrete,205,102.977,1,published_after_gate_recheck,17.78368465602398,4.156557843089104,1.0
1000,predicate,continuous,206,103.034,1,published_after_gate_recheck,17.668687738478184,4.55238064751029,1.0
1000,readset,discrete,207,103.764,1,published_after_gate_recheck,18.126186914741993,4.483330994844437,1.0
1000,global,discrete,208,104.222,1,published_after_gate_recheck,18.68588663637638,4.897458013147116,1.0
1000,global,continuous,209,104.564,1,published_after_gate_recheck,18.03806098178029,4.575794097036123,1.0
1000,global,continuous,210,105.159,1,published_after_gate_recheck,17.1204200014472,3.6743637174367905,1.0
1000,readset,discrete,211,105.873,1,published_after_gate_recheck,18.152405973523855,4.83711389824748,1.0
1000,global,continuous,212,106.33,1,published_after_gate_recheck,19.683097954839468,6.474887952208519,1.0
1000,global,continuous,213,106.811,1,published_after_gate_recheck,19.082972314208746,4.596923943608999,1.0
1000,predicate,discrete,214,107.373,1,published_after_gate_recheck,19.248242024332285,5.0410982221364975,1.0
1000,readset,continuous,215,107.839,1,published_after_gate_recheck,18.291477113962173,5.056477151811123,1.0
1000,global,continuous,216,108.176,1,published_after_gate_recheck,18.379281740635633,4.814092069864273,1.0
1000,readset,continuous,217,108.944,1,published_after_gate_recheck,16.97806315496564,4.3575759045779705,1.0
1000,predicate,discrete,218,109.281,1,published_after_gate_recheck,17.073561903089285,4.491797182708979,1.0
1000,readset,discrete,219,109.574,1,published_after_gate_recheck,23.206268437206745,9.061200078576803,1.0
1000,readset,continuous,220,110.326,1,published_after_gate_recheck,19.377714954316616,5.12243015691638,1.0
1000,global,discrete,221,110.857,1,published_after_gate_recheck,19.029191229492426,4.754079040139914,1.0
1000,readset,continuous,222,111.498,1,published_after_gate_recheck,19.776182249188423,5.00465976074338,1.0
1000,global,continuous,223,111.859,1,published_after_gate_recheck,17.86598889157176,4.570934921503067,1.0
1000,global,continuous,224,112.132,1,published_after_gate_recheck,18.44956399872899,5.027843173593283,1.0
1000,readset,discrete,225,112.534,1,published_after_gate_recheck,17.678656615316868,4.243561066687107,1.0
1000,predicate,discrete,226,113.48,1,published_after_gate_recheck,17.55992416292429,4.969833884388208,1.0
1000,global,discrete,227,113.779,1,published_after_gate_recheck,18.322865944355726,4.651065915822983,1.0
1000,global,discrete,228,114.196,1,published_after_gate_recheck,17.993798945099115,4.31602681055665,1.0
1000,readset,continuous,229,114.527,1,published_after_gate_recheck,16.856935806572437,4.317710641771555,1.0
1000,global,discrete,230,115.301,1,published_after_gate_recheck,19.560297019779682,4.9526020884513855,1.0
1000,global,continuous,231,115.512,1,published_after_gate_recheck,19.939089193940163,5.255479831248522,1.0
1000,predicate,continuous,232,116.486,1,published_after_gate_recheck,18.437931779772043,4.8340787179768085,1.0
1000,readset,discrete,233,116.909,1,published_after_gate_recheck,18.266569823026657,4.437956027686596,1.0
1000,readset,continuous,234,117.345,1,published_after_gate_recheck,18.953909631818533,5.132599733769894,1.0
1000,global,continuous,235,117.798,1,published_after_gate_recheck,17.202403862029314,4.599228035658598,1.0
1000,readset,continuous,236,118.393,1,published_after_gate_recheck,17.648159991949797,4.973169881850481,1.0
1000,global,discrete,237,118.77,1,published_after_gate_recheck,18.14601430669427,4.710447043180466,1.0
1000,predicate,discrete,238,119.497,1,published_after_gate_recheck,16.41112007200718,4.363446030765772,1.0
1000,predicate,continuous,239,119.77,1,published_after_gate_recheck,19.791271071881056,4.821897018700838,1.0
1000,predicate,continuous,240,120.336,1,published_after_gate_recheck,17.28762360289693,4.232089966535568,1.0
1000,predicate,discrete,241,120.697,1,published_after_gate_recheck,18.8548038713634,4.914460238069296,1.0
1000,readset,discrete,242,121.357,1,published_after_gate_recheck,18.780944868922234,4.991193767637014,1.0
1000,predicate,continuous,243,121.75,1,published_after_gate_recheck,18.490600865334272,4.858735017478466,1.0
1000,readset,discrete,244,122.158,1,published_after_gate_recheck,17.606262117624283,4.885565955191851,1.0
1000,predicate,continuous,245,122.986,1,published_after_gate_recheck,18.230232875794172,4.622302018105984,1.0
1000,global,continuous,246,123.337,1,published_after_gate_recheck,22.11548062041402,5.62402093783021,1.0
1000,global,continuous,247,123.752,1,published_after_gate_recheck,18.030097242444754,4.4161248952150345,1.0
1000,global,discrete,248,124.22,1,published_after_gate_recheck,19.436624832451344,4.783144220709801,1.0
1000,predicate,discrete,249,124.549,1,published_after_gate_recheck,17.203256022185087,4.309745039790869,1.0
1000,predicate,discrete,250,125.201,1,published_after_gate_recheck,18.35621800273657,4.601692780852318,1.0
1000,global,discrete,251,125.945,1,published_after_gate_recheck,19.88392509520054,5.088747013360262,1.0
1000,predicate,discrete,252,126.347,1,published_after_gate_recheck,16.69080415740609,4.499470815062523,1.0
1000,global,discrete,253,126.895,1,published_after_gate_recheck,17.06853322684765,4.516704007983208,1.0
1000,global,discrete,254,127.291,1,published_after_gate_recheck,17.24789896979928,4.725886974483728,1.0
1000,readset,discrete,255,127.934,1,published_after_gate_recheck,25.78557701781392,9.56336222589016,1.0
1000,readset,discrete,256,128.093,1,published_after_gate_recheck,17.003681045025587,4.385286942124367,1.0
1000,global,continuous,257,128.698,1,published_after_gate_recheck,19.168954342603683,4.914810881018639,1.0
1000,global,continuous,258,129.368,1,published_after_gate_recheck,18.703781068325043,4.455299116671085,1.0
1000,predicate,continuous,259,129.57,1,published_after_gate_recheck,17.54519622772932,4.618154373019934,1.0
1000,readset,continuous,260,130.291,1,published_after_gate_recheck,19.753891043365,5.295204930007458,1.0
1000,predicate,discrete,261,130.863,1,published_after_gate_recheck,18.184547312557697,4.549435339868069,1.0
1000,global,discrete,262,131.144,1,published_after_gate_recheck,19.433649722486734,6.2449174001812935,1.0
1000,predicate,continuous,263,131.833,1,published_after_gate_recheck,18.461836967617273,4.955907817929983,1.0
1000,predicate,discrete,264,132.145,1,published_after_gate_recheck,17.15280069038272,4.261484835296869,1.0
1000,predicate,continuous,265,132.935,1,published_after_gate_recheck,18.731942865997553,4.9604871310293674,1.0
1000,readset,discrete,266,133.497,1,published_after_gate_recheck,17.546920105814934,4.2860922403633595,1.0
1000,readset,discrete,267,133.821,1,published_after_gate_recheck,18.039715010672808,4.787371028214693,1.0
1000,readset,discrete,268,134.216,1,published_after_gate_recheck,18.464631866663694,4.942633211612701,1.0
1000,readset,continuous,269,134.67,1,published_after_gate_recheck,17.881476785987616,4.8140110448002815,1.0
1000,readset,continuous,270,135.344,1,published_after_gate_recheck,19.177119247615337,4.994419869035482,1.0
1000,predicate,continuous,271,135.923,1,published_after_gate_recheck,18.904937896877527,4.976586904376745,1.0
1000,readset,continuous,272,136.121,1,published_after_gate_recheck,17.278727144002914,4.39945375546813,1.0
1000,readset,continuous,273,136.558,1,published_after_gate_recheck,17.998366616666317,4.929868970066309,1.0
1000,global,discrete,274,137.428,1,published_after_gate_recheck,17.312501091510057,4.35127317905426,1.0
1000,readset,discrete,275,137.744,1,published_after_gate_recheck,16.42556581646204,3.986089024692774,1.0
1000,readset,discrete,276,138.17,1,published_after_gate_recheck,20.901634357869625,6.190914660692215,1.0
1000,predicate,continuous,277,138.96,1,published_after_gate_recheck,19.312853924930096,4.802440293133259,1.0
1000,readset,discrete,278,139.288,1,published_after_gate_recheck,16.781384125351906,4.0886299684643745,1.0
1000,readset,continuous,279,139.863,1,published_after_gate_recheck,17.433056142181158,5.039926152676344,1.0
1000,predicate,discrete,280,140.184,1,published_after_gate_recheck,19.801609683781862,5.3704348392784595,1.0
1000,readset,discrete,281,140.789,1,published_after_gate_recheck,18.577382899820805,5.085291340947151,1.0
1000,readset,discrete,282,141.11,1,published_after_gate_recheck,19.28807608783245,4.318921826779842,1.0
1000,predicate,discrete,283,141.668,1,published_after_gate_recheck,17.451340798288584,4.212121944874525,1.0
1000,global,discrete,284,142.148,1,published_after_gate_recheck,17.409792635589838,4.6035670675337315,1.0
1000,predicate,discrete,285,142.9,1,published_after_gate_recheck,17.510512378066778,4.47466503828764,1.0
1000,readset,discrete,286,143.492,1,published_after_gate_recheck,16.415506601333618,4.461620934307575,1.0
1000,predicate,discrete,287,143.794,1,published_after_gate_recheck,17.119708936661482,4.302592016756535,1.0
1000,readset,continuous,288,144.039,1,published_after_gate_recheck,17.370169050991535,4.706308711320162,1.0
1000,predicate,continuous,289,144.63,1,published_after_gate_recheck,17.516944091767073,4.749299958348274,1.0
1000,predicate,continuous,290,145.05,1,published_after_gate_recheck,17.132021952420473,4.421094432473183,1.0
1000,readset,discrete,291,145.605,1,published_after_gate_recheck,18.670106772333384,5.111489910632372,1.0
1000,global,discrete,292,146.415,1,published_after_gate_recheck,17.531581223011017,4.3715620413422585,1.0
1000,readset,discrete,293,146.844,1,published_after_gate_recheck,17.24882097914815,4.2940061539411545,1.0
1000,global,discrete,294,147.412,1,published_after_gate_recheck,17.095393035560846,3.9440300315618515,1.0
1000,global,continuous,295,147.978,1,published_after_gate_recheck,18.120826687663794,4.44682314991951,1.0
1000,global,discrete,296,148.47,1,published_after_gate_recheck,20.93716012313962,5.116378888487816,1.0
1000,predicate,discrete,297,148.741,1,published_after_gate_recheck,17.814080696552992,4.555847030133009,1.0
1000,global,continuous,298,149.19,1,published_after_gate_recheck,18.10838421806693,4.591583739966154,1.0
1000,global,continuous,299,149.961,1,published_after_gate_recheck,21.906649693846703,4.554634913802147,1.0
1000,predicate,continuous,300,150.018,1,published_after_gate_recheck,17.803219612687826,4.803872667253017,1.0
1000,global,discrete,301,150.812,1,published_after_gate_recheck,18.720773048698902,4.904010333120823,1.0
1000,global,continuous,302,151.137,1,published_after_gate_recheck,14.93002101778984,4.175864160060883,1.0
1000,global,continuous,303,151.517,1,published_after_gate_recheck,20.980461966246367,5.025138147175312,1.0
1000,readset,continuous,304,152.084,1,published_after_gate_recheck,18.757461104542017,6.000107154250145,1.0
1000,predicate,continuous,305,152.817,1,published_after_gate_recheck,18.105889204889536,4.546239040791988,1.0
1000,predicate,continuous,306,153.341,1,published_after_gate_recheck,20.86428413167596,4.676172975450754,1.0
1000,global,discrete,307,153.816,1,published_after_gate_recheck,18.463609740138054,4.962699953466654,1.0
1000,predicate,continuous,308,154.126,1,published_after_gate_recheck,21.406671963632107,4.717520903795958,1.0
1000,predicate,discrete,309,154.979,1,published_after_gate_recheck,19.656869117170572,5.017472896724939,1.0
1000,predicate,discrete,310,155.012,1,published_after_gate_recheck,17.334592062979937,5.0875348970294,1.0
1000,global,discrete,311,155.715,1,published_after_gate_recheck,18.939091823995113,4.941271152347326,1.0
1000,readset,continuous,312,156.247,1,published_after_gate_recheck,19.556169863790274,4.949485883116722,1.0
1000,predicate,discrete,313,156.814,1,published_after_gate_recheck,16.94176485762,4.508026875555515,1.0
1000,readset,discrete,314,157.031,1,published_after_gate_recheck,18.066765274852514,4.939177073538303,1.0
1000,global,continuous,315,157.823,1,published_after_gate_recheck,18.85143807157874,5.08695375174284,1.0
1000,predicate,discrete,316,158.495,1,published_after_gate_recheck,20.803378894925117,5.149169825017452,1.0
1000,readset,discrete,317,158.981,1,published_after_gate_recheck,20.14070563018322,5.251612048596144,1.0
1000,global,continuous,318,159.07,1,published_after_gate_recheck,18.976231571286917,5.197360645979643,1.0
1000,readset,continuous,319,159.84,1,published_after_gate_recheck,17.606982961297035,4.490565042942762,1.0
1000,global,continuous,320,160.083,1,published_after_gate_recheck,16.129120718687773,4.459577146917582,1.0
1000,global,discrete,321,160.956,1,published_after_gate_recheck,17.694597132503986,4.181264899671078,1.0
1000,predicate,discrete,322,161.453,1,published_after_gate_recheck,18.443632405251265,4.650535061955452,1.0
1000,global,discrete,323,161.98,1,published_after_gate_recheck,19.88566806539893,4.253901075571775,1.0
1000,readset,continuous,324,162.194,1,published_after_gate_recheck,18.713288009166718,5.383480340242386,1.0
1000,global,discrete,325,162.814,1,published_after_gate_recheck,20.4350589774549,7.372371852397919,1.0
1000,readset,discrete,326,163.117,1,published_after_gate_recheck,18.38039420545101,4.934777971357107,1.0
1000,predicate,discrete,327,163.97,1,published_after_gate_recheck,17.90970005095005,4.623082932084799,1.0
1000,readset,continuous,328,164.085,1,published_after_gate_recheck,17.997264862060547,4.925159737467766,1.0
1000,readset,continuous,329,164.551,1,published_after_gate_recheck,16.435325145721436,4.143643658608198,1.0
1000,predicate,continuous,330,165.139,1,published_after_gate_recheck,18.79892870783806,4.600631073117256,1.0
1000,global,continuous,331,165.574,1,published_after_gate_recheck,18.715061247348785,4.935599863529205,1.0
1000,global,discrete,332,166.059,1,published_after_gate_recheck,15.858552884310484,4.1461787186563015,1.0
1000,predicate,continuous,333,166.797,1,published_after_gate_recheck,15.75576001778245,4.2878249660134315,1.0
1000,predicate,continuous,334,167.271,1,published_after_gate_recheck,17.204727977514267,4.6745301224291325,1.0
1000,readset,discrete,335,167.56,1,published_after_gate_recheck,17.88219902664423,5.087865982204676,1.0
1000,predicate,discrete,336,168.051,1,published_after_gate_recheck,16.43940294161439,4.813189618289471,1.0
1000,global,continuous,337,168.579,1,published_after_gate_recheck,20.076956134289503,5.33929793164134,1.0
1000,global,continuous,338,169.375,1,published_after_gate_recheck,16.924592666327953,4.779706709086895,1.0
1000,readset,discrete,339,169.704,1,published_after_gate_recheck,18.91009695827961,4.752506036311388,1.0
1000,readset,continuous,340,170.349,1,published_after_gate_recheck,19.57576721906662,5.198884289711714,1.0
1000,predicate,continuous,341,170.695,1,published_after_gate_recheck,19.270163029432297,4.612213000655174,1.0
1000,readset,continuous,342,171.35,1,published_after_gate_recheck,21.457756869494915,7.261543069034815,1.0
1000,readset,continuous,343,171.698,1,published_after_gate_recheck,19.072331953793764,5.154951009899378,1.0
1000,readset,continuous,344,172.2,1,published_after_gate_recheck,18.51414516568184,4.955597221851349,1.0
1000,predicate,discrete,345,172.975,1,published_after_gate_recheck,18.064260948449373,4.630457144230604,1.0
1000,predicate,discrete,346,173.295,1,published_after_gate_recheck,17.543453723192215,4.749921150505543,1.0
1000,global,continuous,347,173.882,1,published_after_gate_recheck,18.834996968507767,4.970325157046318,1.0
1000,readset,discrete,348,174.016,1,published_after_gate_recheck,26.34380478411913,7.193637080490589,1.0
1000,predicate,discrete,349,174.902,1,published_after_gate_recheck,18.33560923114419,4.328420851379633,1.0
1000,readset,discrete,350,175.475,1,published_after_gate_recheck,19.637522287666798,4.858244210481644,1.0
1000,global,continuous,351,175.663,1,published_after_gate_recheck,18.319379072636366,4.751014057546854,1.0
1000,predicate,discrete,352,176.153,1,published_after_gate_recheck,17.544053960591555,4.541069734841585,1.0
1000,predicate,discrete,353,176.84,1,published_after_gate_recheck,18.108964897692204,4.513458348810673,1.0
1000,readset,discrete,354,177.388,1,published_after_gate_recheck,20.17621323466301,4.983901046216488,1.0
1000,predicate,discrete,355,177.915,1,published_after_gate_recheck,19.893151707947254,5.7394979521632195,1.0
1000,global,discrete,356,178.126,1,published_after_gate_recheck,19.175054971128702,4.9718269146978855,1.0
1000,global,discrete,357,178.811,1,published_after_gate_recheck,18.761639017611742,4.937492776662111,1.0
1000,readset,discrete,358,179.156,1,published_after_gate_recheck,19.18873004615307,4.615759011358023,1.0
1000,global,continuous,359,179.624,1,published_after_gate_recheck,19.074947107583284,5.407925695180893,1.0
1000,predicate,discrete,360,180.361,1,published_after_gate_recheck,21.494085900485516,5.402125418186188,1.0
1000,readset,continuous,361,180.992,1,published_after_gate_recheck,16.62911893799901,4.7218590043485165,1.0
1000,predicate,continuous,362,181.081,1,published_after_gate_recheck,16.899065114557743,4.343830049037933,1.0
1000,global,discrete,363,181.546,1,published_after_gate_recheck,18.25699210166931,4.511745180934668,1.0
1000,predicate,discrete,364,182.117,1,published_after_gate_recheck,18.9786059781909,4.627862945199013,1.0
1000,global,discrete,365,182.639,1,published_after_gate_recheck,19.04076337814331,4.809672944247723,1.0
1000,readset,discrete,366,183.465,1,published_after_gate_recheck,19.630940165370703,5.59478672221303,1.0
1000,predicate,discrete,367,183.828,1,published_after_gate_recheck,16.1118577234447,3.97440604865551,1.0
1000,readset,discrete,368,184.342,1,published_after_gate_recheck,16.776364762336016,4.41543385386467,1.0
1000,global,discrete,369,184.622,1,published_after_gate_recheck,15.863222070038319,4.2473492212593555,1.0
1000,global,discrete,370,185.137,1,published_after_gate_recheck,17.04229274764657,4.239663947373629,1.0
1000,global,continuous,371,185.644,1,published_after_gate_recheck,16.719498205929995,4.278386943042278,1.0
1000,readset,continuous,372,186.152,1,published_after_gate_recheck,19.466822035610676,5.125044845044613,1.0
1000,predicate,continuous,373,186.579,1,published_after_gate_recheck,21.298659034073353,5.615515168756247,1.0
1000,global,continuous,374,187.235,1,published_after_gate_recheck,18.09037011116743,4.8047746531665325,1.0
1000,global,discrete,375,187.639,1,published_after_gate_recheck,16.464619897305965,4.297703038901091,1.0
1000,readset,continuous,376,188.413,1,published_after_gate_recheck,18.399189226329327,5.941115785390139,1.0
1000,predicate,discrete,377,188.532,1,published_after_gate_recheck,19.124379847198725,4.703074228018522,1.0
1000,predicate,continuous,378,189.43,1,published_after_gate_recheck,20.095762331038713,6.987579632550478,1.0
1000,global,continuous,379,189.687,1,published_after_gate_recheck,17.075425013899803,4.585462156683207,1.0
1000,readset,discrete,380,190.236,1,published_after_gate_recheck,21.56838495284319,5.285104736685753,1.0
1000,global,continuous,381,190.537,1,published_after_gate_recheck,19.76501103490591,6.525462958961725,1.0
1000,global,continuous,382,191.474,1,published_after_gate_recheck,16.56579924747348,4.52366704121232,1.0
1000,predicate,continuous,383,191.739,1,published_after_gate_recheck,17.686891835182905,4.869846161454916,1.0
1000,global,continuous,384,192.141,1,published_after_gate_recheck,22.6052301004529,7.793772034347057,1.0
1000,readset,discrete,385,192.987,1,published_after_gate_recheck,17.3505418933928,4.995581693947315,1.0
1000,readset,discrete,386,193.371,1,published_after_gate_recheck,18.256390932947397,4.755632020533085,1.0
1000,global,discrete,387,193.846,1,published_after_gate_recheck,17.245794646441936,4.005745984613895,1.0
1000,readset,discrete,388,194.2,1,published_after_gate_recheck,16.797674354165792,4.217201843857765,1.0
1000,predicate,discrete,389,194.609,1,published_after_gate_recheck,19.66254971921444,5.127730313688517,1.0
1000,global,continuous,390,195.212,1,published_after_gate_recheck,18.07426894083619,4.660723730921745,1.0
1000,readset,discrete,391,195.874,1,published_after_gate_recheck,18.021039199084044,4.776983056217432,1.0
1000,readset,discrete,392,196.159,1,published_after_gate_recheck,18.29150691628456,4.4165258295834064,1.0
1000,readset,discrete,393,196.649,1,published_after_gate_recheck,18.79686489701271,4.388703033328056,1.0
1000,global,continuous,394,197.004,1,published_after_gate_recheck,18.9351849257946,5.0445543602108955,1.0
1000,predicate,continuous,395,197.795,1,published_after_gate_recheck,19.31966608390212,4.720586352050304,1.0
1000,global,discrete,396,198.08,1,published_after_gate_recheck,25.823247153311968,6.852314807474613,1.0
1000,predicate,continuous,397,198.681,1,published_after_gate_recheck,20.414229948073626,4.783934913575649,1.0
1000,global,discrete,398,199.442,1,published_after_gate_recheck,18.17552885040641,4.238312132656574,1.0
1000,readset,discrete,399,199.727,1,published_after_gate_recheck,19.46781389415264,5.150373093783855,1.0
1000,predicate,continuous,400,200.269,1,published_after_gate_recheck,18.758072052150965,4.52772481366992,1.0
1000,global,continuous,401,200.808,1,published_after_gate_recheck,17.742767930030823,4.514649976044893,1.0
1000,readset,discrete,402,201.498,1,published_after_gate_recheck,18.329318147152662,4.104269668459892,1.0
1000,global,discrete,403,201.723,1,published_after_gate_recheck,18.093785736709833,4.514770116657019,1.0
1000,predicate,continuous,404,202.159,1,published_after_gate_recheck,17.61625986546278,4.162910394370556,1.0
1000,readset,continuous,405,202.676,1,published_after_gate_recheck,17.430832609534264,4.3039340525865555,1.0
1000,predicate,discrete,406,203.4,1,published_after_gate_recheck,19.394165836274624,4.634484648704529,1.0
1000,readset,continuous,407,203.788,1,published_after_gate_recheck,16.55397703871131,4.129226785153151,1.0
1000,predicate,discrete,408,204.051,1,published_after_gate_recheck,17.321045976132154,4.175162874162197,1.0
1000,readset,continuous,409,204.827,1,published_after_gate_recheck,18.40768428519368,4.600591957569122,1.0
1000,predicate,discrete,410,205.166,1,published_after_gate_recheck,17.324964050203562,4.66185575351119,1.0
1000,global,discrete,411,205.546,1,published_after_gate_recheck,21.046205889433622,8.211154956370592,1.0
1000,predicate,discrete,412,206.253,1,published_after_gate_recheck,16.637864988297224,4.506854806095362,1.0
1000,global,discrete,413,206.975,1,published_after_gate_recheck,17.453385051339865,4.726868122816086,1.0
1000,readset,continuous,414,207.345,1,published_after_gate_recheck,18.07770598679781,4.593818914145231,1.0
1000,global,continuous,415,207.946,1,published_after_gate_recheck,18.104745540767908,4.457492846995592,1.0
1000,global,continuous,416,208.273,1,published_after_gate_recheck,22.23347220569849,4.666253924369812,1.0
1000,predicate,discrete,417,208.59,1,published_after_gate_recheck,18.43521697446704,5.067958030849695,1.0
1000,global,discrete,418,209.49,1,published_after_gate_recheck,17.900623846799135,4.9048722721636295,1.0
1000,readset,continuous,419,209.952,1,published_after_gate_recheck,18.078547902405262,4.576155915856361,1.0
1000,global,continuous,420,210.292,1,published_after_gate_recheck,19.270233809947968,4.797010216861963,1.0
1000,predicate,discrete,421,210.558,1,published_after_gate_recheck,19.21231485903263,4.826645832508802,1.0
1000,predicate,continuous,422,211.245,1,published_after_gate_recheck,17.266453709453344,4.58435108885169,1.0
1000,readset,continuous,423,211.626,1,published_after_gate_recheck,19.584261812269688,4.912436008453369,1.0
1000,predicate,continuous,424,212.148,1,published_after_gate_recheck,17.467611003667116,4.586494993418455,1.0
1000,readset,discrete,425,212.813,1,published_after_gate_recheck,18.02902389317751,4.186665173619986,1.0
1000,readset,continuous,426,213.077,1,published_after_gate_recheck,18.209854140877724,4.687814973294735,1.0
1000,predicate,discrete,427,213.608,1,published_after_gate_recheck,17.569834366440773,4.829060286283493,1.0
1000,global,discrete,428,214.248,1,published_after_gate_recheck,16.88146125525236,4.322378896176815,1.0
1000,global,continuous,429,214.828,1,published_after_gate_recheck,18.09200318530202,4.606002010405064,1.0
1000,readset,discrete,430,215.446,1,published_after_gate_recheck,17.935809679329395,5.006682593375444,1.0
1000,readset,discrete,431,215.823,1,published_after_gate_recheck,16.991246957331896,4.617592785507441,1.0
1000,global,discrete,432,216.079,1,published_after_gate_recheck,18.734538927674294,4.847503732889891,1.0
1000,predicate,discrete,433,216.542,1,published_after_gate_recheck,18.945112824440002,5.002415273338556,1.0
1000,predicate,continuous,434,217.247,1,published_after_gate_recheck,18.17447692155838,4.999359138309956,1.0
1000,readset,discrete,435,217.704,1,published_after_gate_recheck,17.43707386776805,4.52575134113431,1.0
1000,predicate,discrete,436,218.402,1,published_after_gate_recheck,19.961541052907705,4.581866320222616,1.0
1000,readset,discrete,437,218.624,1,published_after_gate_recheck,20.461478736251593,4.851141013205051,1.0
1000,global,continuous,438,219.006,1,published_after_gate_recheck,18.649348989129066,4.344801884144545,1.0
1000,readset,continuous,439,219.852,1,published_after_gate_recheck,19.00103921070695,4.49662609025836,1.0
1000,global,continuous,440,220.022,1,published_after_gate_recheck,17.58871925994754,4.628003109246492,1.0
1000,predicate,discrete,441,220.923,1,published_after_gate_recheck,18.37541488930583,5.117831751704216,1.0
1000,global,discrete,442,221.286,1,published_after_gate_recheck,20.99208300933242,5.483057349920273,1.0
1000,global,continuous,443,221.843,1,published_after_gate_recheck,16.36685710400343,4.398422781378031,1.0
1000,predicate,continuous,444,222.282,1,published_after_gate_recheck,16.758420038968325,4.577917978167534,1.0
1000,predicate,discrete,445,222.527,1,published_after_gate_recheck,18.397325184196234,4.564563278108835,1.0
1000,readset,continuous,446,223.384,1,published_after_gate_recheck,17.44398707523942,4.770149011164904,1.0
1000,readset,continuous,447,223.724,1,published_after_gate_recheck,17.082168720662594,4.519307985901833,1.0
1000,global,discrete,448,224.05,1,published_after_gate_recheck,22.43724511936307,4.65341005474329,1.0
1000,global,continuous,449,224.626,1,published_after_gate_recheck,18.27857317402959,4.684910178184509,1.0
1000,readset,continuous,450,225.5,1,published_after_gate_recheck,19.00105783715844,5.314650945365429,1.0
1000,global,continuous,451,225.601,1,published_after_gate_recheck,17.19027105718851,4.576525650918484,1.0
1000,predicate,continuous,452,226.397,1,published_after_gate_recheck,18.17362569272518,4.835811909288168,1.0
1000,global,continuous,453,226.521,1,published_after_gate_recheck,17.422417178750038,4.929116927087307,1.0
1000,predicate,discrete,454,227.439,1,published_after_gate_recheck,17.647058237344027,4.999358672648668,1.0
1000,global,discrete,455,227.851,1,published_after_gate_recheck,19.572861026972532,4.928096197545528,1.0
1000,predicate,discrete,456,228.109,1,published_after_gate_recheck,16.953737009316683,4.325956106185913,1.0
1000,readset,discrete,457,228.912,1,published_after_gate_recheck,17.93915592133999,5.021682009100914,1.0
1000,predicate,discrete,458,229.17,1,published_after_gate_recheck,17.54405489191413,4.421545192599297,1.0
1000,predicate,continuous,459,229.52,1,published_after_gate_recheck,17.641117330640554,5.264677107334137,1.0
1000,predicate,continuous,460,230.165,1,published_after_gate_recheck,18.048100173473358,4.793202038854361,1.0
1000,predicate,continuous,461,230.927,1,published_after_gate_recheck,17.060428392142057,4.7283112071454525,1.0
1000,global,discrete,462,231.47,1,published_after_gate_recheck,17.751794774085283,4.793914034962654,1.0
1000,global,discrete,463,231.622,1,published_after_gate_recheck,18.000030424445868,4.548402968794107,1.0
1000,readset,discrete,464,232.229,1,published_after_gate_recheck,19.79217305779457,4.302742425352335,1.0
1000,predicate,continuous,465,232.735,1,published_after_gate_recheck,18.158708233386278,5.014176946133375,1.0
1000,global,discrete,466,233.015,1,published_after_gate_recheck,20.961706060916185,7.521260995417833,1.0
1000,readset,continuous,467,233.956,1,published_after_gate_recheck,16.544259153306484,4.0763677097857,1.0
1000,global,discrete,468,234.23,1,published_after_gate_recheck,17.68105197697878,4.538374021649361,1.0
1000,predicate,discrete,469,234.762,1,published_after_gate_recheck,18.19798117503524,4.830092191696167,1.0
1000,global,continuous,470,235.366,1,published_after_gate_recheck,18.06717598810792,4.556539002805948,1.0
1000,readset,discrete,471,235.759,1,published_after_gate_recheck,17.90663506835699,4.877931904047728,1.0
1000,predicate,continuous,472,236.109,1,published_after_gate_recheck,18.62056413665414,4.999689757823944,1.0
1000,predicate,continuous,473,236.853,1,published_after_gate_recheck,19.709466956555843,5.190518219023943,1.0
1000,global,discrete,474,237.117,1,published_after_gate_recheck,17.12689222767949,4.145256709307432,1.0
1000,global,continuous,475,237.928,1,published_after_gate_recheck,17.27556111291051,4.5630610547959805,1.0
1000,predicate,discrete,476,238.051,1,published_after_gate_recheck,17.472389619797468,4.492900334298611,1.0
1000,global,continuous,477,238.993,0,context_version_changed_at_publish,21.180917974561453,7.166956085711718,1.0
1000,global,continuous,478,239.344,1,published_after_gate_recheck,17.176855821162462,4.363466054201126,1.0
1000,predicate,continuous,479,239.642,1,published_after_gate_recheck,16.808655112981796,4.120189230889082,1.0
1000,global,discrete,480,240.132,1,published_after_gate_recheck,17.112174071371555,4.648982081562281,1.0
1000,predicate,continuous,481,240.709,1,published_after_gate_recheck,17.15854089707136,4.404773935675621,1.0
1000,predicate,continuous,482,241.228,1,published_after_gate_recheck,16.593961976468563,4.350893199443817,1.0
1000,predicate,continuous,483,241.771,1,published_after_gate_recheck,17.394014168530703,4.774576984345913,1.0
1000,readset,discrete,484,242.182,1,published_after_gate_recheck,17.45087979361415,4.425453022122383,1.0
1000,global,discrete,485,242.53,1,published_after_gate_recheck,17.620839178562164,4.711559042334557,1.0
1000,predicate,discrete,486,243.451,1,published_after_gate_recheck,17.808340955525637,4.4097439385950565,1.0
1000,global,continuous,487,243.667,1,published_after_gate_recheck,17.137571703642607,4.511192906647921,1.0
1000,predicate,discrete,488,244.043,1,published_after_gate_recheck,21.349444054067135,5.273023154586554,1.0
1000,global,discrete,489,244.697,1,published_after_gate_recheck,18.466895911842585,5.163487978279591,1.0
1000,predicate,continuous,490,245.492,1,published_after_gate_recheck,18.57557985931635,4.846722818911076,1.0
1000,readset,discrete,491,245.659,1,published_after_gate_recheck,18.587793223559856,5.07250614464283,1.0
1000,readset,continuous,492,246.315,1,published_after_gate_recheck,16.749353613704443,4.60711307823658,1.0
1000,predicate,continuous,493,246.877,1,published_after_gate_recheck,17.059255857020617,4.919419996440411,1.0
1000,predicate,discrete,494,247.185,1,published_after_gate_recheck,16.34076703339815,4.521612543612719,1.0
1000,predicate,continuous,495,247.649,1,published_after_gate_recheck,18.060033209621906,4.672154784202576,1.0
1000,global,discrete,496,248.218,1,published_after_gate_recheck,15.872158110141754,4.025010857731104,1.0
1000,global,discrete,497,248.732,1,published_after_gate_recheck,17.815012950450182,4.394104238599539,1.0
1000,readset,continuous,498,249.196,1,published_after_gate_recheck,20.084561314433813,5.218329839408398,1.0
1000,predicate,continuous,499,249.598,1,published_after_gate_recheck,19.630258437246084,4.9724280834198,1.0
1000,predicate,continuous,500,250.028,1,published_after_gate_recheck,17.883361782878637,4.472970962524414,1.0
1000,global,continuous,501,250.516,1,published_after_gate_recheck,18.64345697686076,5.0028362311422825,1.0
1000,global,discrete,502,251.493,1,published_after_gate_recheck,17.445429228246212,4.402940161526203,1.0
1000,predicate,continuous,503,251.528,1,published_after_gate_recheck,16.762878745794296,4.67345817014575,1.0
1000,predicate,discrete,504,252.29,1,published_after_gate_recheck,22.530028596520424,5.759855732321739,1.0
1000,global,discrete,505,252.762,1,published_after_gate_recheck,16.951332800090313,4.5180656015872955,1.0
1000,predicate,continuous,506,253.292,1,published_after_gate_recheck,17.10695493966341,4.673418123275042,1.0
1000,predicate,continuous,507,253.762,1,published_after_gate_recheck,19.90917231887579,5.51783200353384,1.0
1000,readset,continuous,508,254.431,1,published_after_gate_recheck,17.561868764460087,4.192735999822617,1.0
1000,readset,continuous,509,254.938,1,published_after_gate_recheck,17.307249829173088,4.4850436970591545,1.0
1000,predicate,discrete,510,255.055,1,published_after_gate_recheck,17.28516910225153,4.86250314861536,1.0
1000,global,discrete,511,255.918,1,published_after_gate_recheck,20.936249289661646,5.3923060186207294,1.0
1000,readset,discrete,512,256.073,1,published_after_gate_recheck,17.13769230991602,4.38468623906374,1.0
1000,readset,continuous,513,256.719,1,published_after_gate_recheck,18.153908662497997,4.79784095659852,1.0
1000,global,discrete,514,257.015,1,published_after_gate_recheck,17.668637912720442,4.545046947896481,1.0
1000,global,continuous,515,257.904,1,published_after_gate_recheck,19.34139709919691,4.936270881444216,1.0
1000,global,discrete,516,258.174,1,published_after_gate_recheck,19.60215624421835,4.982607904821634,1.0
1000,global,discrete,517,258.763,1,published_after_gate_recheck,20.613063126802444,5.097213201224804,1.0
1000,readset,continuous,518,259.288,1,published_after_gate_recheck,20.774787291884422,5.238647572696209,1.0
1000,predicate,discrete,519,259.525,1,published_after_gate_recheck,20.769936963915825,5.083086900413036,1.0
1000,predicate,continuous,520,260.262,1,published_after_gate_recheck,16.97223214432597,4.395877942442894,1.0
1000,predicate,continuous,521,260.964,1,published_after_gate_recheck,17.430652398616076,4.1332547552883625,1.0
1000,global,discrete,522,261.131,1,published_after_gate_recheck,16.192018054425716,3.973343875259161,1.0
1000,predicate,discrete,523,261.946,1,published_after_gate_recheck,19.140029791742563,5.305103026330471,1.0
1000,predicate,discrete,524,262.203,1,published_after_gate_recheck,19.012028817087412,4.8714387230575085,1.0
1000,readset,continuous,525,262.733,1,published_after_gate_recheck,20.560523960739374,4.641367122530937,1.0
1000,global,discrete,526,263.066,1,published_after_gate_recheck,16.520445235073566,4.504361189901829,1.0
1000,readset,continuous,527,263.932,1,published_after_gate_recheck,19.040822982788086,4.554274957627058,1.0
1000,global,continuous,528,264.253,1,published_after_gate_recheck,17.301028594374657,4.438807722181082,1.0
1000,global,discrete,529,264.592,1,published_after_gate_recheck,18.645231146365404,4.625107627362013,1.0
1000,predicate,continuous,530,265.387,1,published_after_gate_recheck,16.84928173199296,4.311287775635719,1.0
1000,global,continuous,531,265.686,1,published_after_gate_recheck,16.378657892346382,4.3608518317341805,1.0
1000,predicate,discrete,532,266.351,1,published_after_gate_recheck,19.815966952592134,4.914839752018452,1.0
1000,global,continuous,533,266.651,1,published_after_gate_recheck,17.28159189224243,4.432325717061758,1.0
1000,predicate,continuous,534,267.183,1,published_after_gate_recheck,19.56377411261201,5.018104799091816,1.0
1000,global,discrete,535,267.786,1,published_after_gate_recheck,17.208565957844257,4.866200033575296,1.0
1000,global,continuous,536,268.145,1,published_after_gate_recheck,18.8181446865201,4.3333787471055984,1.0
1000,readset,discrete,537,268.931,1,published_after_gate_recheck,21.01372368633747,4.7392710112035275,1.0
1000,readset,continuous,538,269.244,1,published_after_gate_recheck,18.432100769132376,4.935219418257475,1.0
1000,predicate,discrete,539,269.852,1,published_after_gate_recheck,18.4993171133101,4.660593811422586,1.0
1000,predicate,continuous,540,270.398,1,published_after_gate_recheck,17.19512976706028,4.649161826819181,1.0
1000,global,continuous,541,270.712,1,published_after_gate_recheck,20.469252951443195,4.696150775998831,1.0
1000,predicate,discrete,542,271.395,1,published_after_gate_recheck,18.963096663355827,5.016411188989878,1.0
1000,global,continuous,543,271.982,1,published_after_gate_recheck,17.72936200723052,3.8283318281173706,1.0
1000,global,continuous,544,272.046,1,published_after_gate_recheck,18.48749490454793,4.570675082504749,1.0
1000,predicate,discrete,545,272.991,1,published_after_gate_recheck,23.693752009421587,9.70574002712965,1.0
1000,readset,discrete,546,273.47,1,published_after_gate_recheck,19.07090935856104,5.4640211164951324,1.0
1000,global,continuous,547,273.766,1,published_after_gate_recheck,17.74032274261117,4.845440853387117,1.0
1000,predicate,discrete,548,274.179,1,published_after_gate_recheck,18.41316604986787,4.457131959497929,1.0
1000,predicate,continuous,549,274.714,1,published_after_gate_recheck,18.82654009386897,4.445360042154789,1.0
1000,global,continuous,550,275.323,1,published_after_gate_recheck,19.343189895153046,4.669852089136839,1.0
1000,readset,discrete,551,275.951,1,published_after_gate_recheck,18.935014959424734,5.117441061884165,1.0
1000,readset,continuous,552,276.318,1,published_after_gate_recheck,18.607961013913155,4.719303920865059,1.0
1000,global,discrete,553,276.527,1,published_after_gate_recheck,18.0354961194098,4.540399182587862,1.0
1000,global,discrete,554,277.105,1,published_after_gate_recheck,20.290677901357412,4.855048842728138,1.0
1000,readset,discrete,555,277.815,1,published_after_gate_recheck,22.528726141899824,4.4729020446538925,1.0
1000,readset,discrete,556,278.202,1,published_after_gate_recheck,19.083673134446144,5.337934009730816,1.0
1000,readset,discrete,557,278.711,1,published_after_gate_recheck,18.494687974452972,4.7658211551606655,1.0
1000,readset,discrete,558,279.056,1,published_after_gate_recheck,17.321066930890083,4.392481409013271,1.0
1000,global,discrete,559,279.881,1,published_after_gate_recheck,17.09838816896081,4.388624336570501,1.0
1000,global,continuous,560,280.133,1,published_after_gate_recheck,19.292164128273726,5.40133286267519,1.0
1000,global,continuous,561,280.558,1,published_after_gate_recheck,17.660021781921387,4.418781027197838,1.0
1000,readset,discrete,562,281.121,1,published_after_gate_recheck,19.77778598666191,4.717410076409578,1.0
1000,readset,continuous,563,281.652,1,published_after_gate_recheck,18.31624284386635,5.172064062207937,1.0
1000,readset,discrete,564,282.305,1,published_after_gate_recheck,19.944707863032818,5.377549212425947,1.0
1000,readset,discrete,565,282.902,1,published_after_gate_recheck,18.015589099377394,4.470387008041143,1.0
1000,global,continuous,566,283.106,1,published_after_gate_recheck,19.24006687477231,4.9787708558142185,1.0
1000,global,discrete,567,283.815,1,published_after_gate_recheck,17.43572112172842,4.088309593498707,1.0
1000,global,discrete,568,284.36,1,published_after_gate_recheck,18.29266920685768,4.368455149233341,1.0
1000,readset,discrete,569,284.757,1,published_after_gate_recheck,17.425281926989555,4.675481002777815,1.0
1000,global,discrete,570,285.44,1,published_after_gate_recheck,16.299560200423002,3.8951579481363297,1.0
1000,readset,discrete,571,285.818,1,published_after_gate_recheck,17.859105952084064,4.165885969996452,1.0
1000,readset,discrete,572,286.349,1,published_after_gate_recheck,18.90658074989915,4.6662441454827785,1.0
1000,global,discrete,573,286.758,1,published_after_gate_recheck,18.348023295402527,4.477569833397865,1.0
1000,predicate,discrete,574,287.418,1,published_after_gate_recheck,19.149365834891796,4.55163000151515,1.0
1000,predicate,continuous,575,287.978,1,published_after_gate_recheck,17.262086272239685,4.024029243737459,1.0
1000,predicate,continuous,576,288.026,1,published_after_gate_recheck,17.599258571863174,5.093595944344997,1.0
1000,global,discrete,577,288.732,1,published_after_gate_recheck,17.252648249268532,4.451090935617685,1.0
1000,predicate,discrete,578,289.026,1,published_after_gate_recheck,16.532296780496836,4.4870078563690186,1.0
1000,readset,continuous,579,289.597,1,published_after_gate_recheck,17.616541124880314,4.53035905957222,1.0
1000,readset,continuous,580,290.103,1,published_after_gate_recheck,17.051441129297018,4.490615334361792,1.0
1000,readset,continuous,581,290.791,1,published_after_gate_recheck,19.183439668267965,4.662817809730768,1.0
1000,readset,discrete,582,291.327,1,published_after_gate_recheck,16.635830979794264,4.479704890400171,1.0
1000,readset,discrete,583,291.621,1,published_after_gate_recheck,17.702781595289707,4.028066992759705,1.0
1000,predicate,continuous,584,292.084,1,published_after_gate_recheck,17.377291806042194,4.7183227725327015,1.0
1000,predicate,discrete,585,292.982,1,published_after_gate_recheck,20.511401817202568,5.337773822247982,1.0
1000,predicate,discrete,586,293.337,1,published_after_gate_recheck,18.548819702118635,4.907437134534121,1.0
1000,readset,continuous,587,293.994,0,read_set_version_changed_at_gate,20.431702956557274,7.7637857757508755,1.0
1000,global,continuous,588,294.254,1,published_after_gate_recheck,18.389219883829355,4.23249090090394,1.0
1000,global,continuous,589,294.623,1,published_after_gate_recheck,17.675982788205147,4.298894666135311,1.0
1000,global,discrete,590,295.422,1,published_after_gate_recheck,17.843986861407757,5.032700952142477,1.0
1000,predicate,discrete,591,295.541,1,published_after_gate_recheck,16.707705799490213,4.642329178750515,1.0
1000,predicate,discrete,592,296.315,1,published_after_gate_recheck,17.006946727633476,4.185432102531195,1.0
1000,global,discrete,593,296.608,1,published_after_gate_recheck,18.16155295819044,4.615528974682093,1.0
1000,global,continuous,594,297.002,1,published_after_gate_recheck,18.145462963730097,4.5223543420434,1.0
1000,predicate,continuous,595,297.952,1,published_after_gate_recheck,17.796247731894255,4.081327002495527,1.0
1000,readset,continuous,596,298.056,1,published_after_gate_recheck,18.085740972310305,5.009017884731293,1.0
1000,global,continuous,597,298.826,1,published_after_gate_recheck,19.12384806200862,4.448174964636564,1.0
1000,readset,discrete,598,299.075,1,published_after_gate_recheck,17.91853690519929,4.527543671429157,1.0
1000,global,continuous,599,299.868,1,published_after_gate_recheck,17.74922013282776,4.88140806555748,1.0
100,readset,discrete,0,0.405,1,published_after_gate_recheck,17.178448848426342,4.7316481359303,10.0
100,readset,discrete,1,0.981,1,published_after_gate_recheck,18.876655027270317,4.78371512144804,10.0
100,predicate,continuous,2,1.482,1,published_after_gate_recheck,17.72180898115039,4.585873801261187,10.0
100,readset,continuous,3,1.628,1,published_after_gate_recheck,17.95006589964032,4.38848277553916,10.0
100,readset,continuous,4,2.409,1,published_after_gate_recheck,19.29512992501259,5.185618996620178,10.0
100,predicate,discrete,5,2.773,1,published_after_gate_recheck,18.038743175566196,4.83394879847765,10.0
100,readset,discrete,6,3.144,1,published_after_gate_recheck,16.392504796385765,4.247989971190691,10.0
100,readset,continuous,7,3.926,1,published_after_gate_recheck,20.927693229168653,4.612182732671499,10.0
100,readset,continuous,8,4.456,1,published_after_gate_recheck,18.75288225710392,5.042961332947016,10.0
100,readset,continuous,9,4.736,1,published_after_gate_recheck,17.36794365569949,4.593587946146727,10.0
100,readset,discrete,10,5.087,1,published_after_gate_recheck,18.328535836189985,4.54991590231657,10.0
100,readset,continuous,11,5.844,1,published_after_gate_recheck,17.36470777541399,4.297541920095682,10.0
100,predicate,discrete,12,6.243,1,published_after_gate_recheck,16.5719510987401,4.333960823714733,10.0
100,global,continuous,13,6.762,1,published_after_gate_recheck,17.89454184472561,5.226475186645985,10.0
100,predicate,discrete,14,7.008,1,published_after_gate_recheck,15.14355093240738,3.661900293081999,10.0
100,global,continuous,15,7.775,1,published_after_gate_recheck,17.02158385887742,4.28038090467453,10.0
100,predicate,discrete,16,8.426,1,published_after_gate_recheck,16.832460183650255,4.085435066372156,10.0
100,predicate,continuous,17,8.711,1,published_after_gate_recheck,21.085368935018778,5.3917961195111275,10.0
100,predicate,continuous,18,9.406,1,published_after_gate_recheck,17.210619058459997,4.811807069927454,10.0
100,readset,discrete,19,9.968,1,published_after_gate_recheck,19.882080610841513,5.238448269665241,10.0
100,global,discrete,20,10.071,1,published_after_gate_recheck,18.01356580108404,4.873383790254593,10.0
100,predicate,continuous,21,10.694,1,published_after_gate_recheck,20.95455303788185,7.421222981065512,10.0
100,readset,discrete,22,11.429,1,published_after_gate_recheck,19.45081213489175,7.490633986890316,10.0
100,predicate,discrete,23,11.554,1,published_after_gate_recheck,18.68713879957795,5.077676847577095,10.0
100,global,continuous,24,12.287,1,published_after_gate_recheck,17.614015843719244,4.7366563230752945,10.0
100,readset,continuous,25,12.725,1,published_after_gate_recheck,17.82599277794361,4.606782924383879,10.0
100,predicate,discrete,26,13.246,1,published_after_gate_recheck,17.894782591611147,4.73094591870904,10.0
100,global,continuous,27,13.966,1,published_after_gate_recheck,18.103244248777628,4.377092234790325,10.0
100,global,discrete,28,14.114,1,published_after_gate_recheck,19.507448188960552,5.438612774014473,10.0
100,global,discrete,29,14.644,1,published_after_gate_recheck,16.736730001866817,4.42539295181632,10.0
100,readset,continuous,30,15.124,1,published_after_gate_recheck,18.142417073249817,4.838337190449238,10.0
100,predicate,continuous,31,15.505,1,published_after_gate_recheck,17.608365043997765,4.473593086004257,10.0
100,global,continuous,32,16.188,1,published_after_gate_recheck,17.71951513364911,4.968772176653147,10.0
100,readset,discrete,33,16.664,1,published_after_gate_recheck,17.68632186576724,4.785237833857536,10.0
100,predicate,discrete,34,17.319,1,published_after_gate_recheck,15.825890935957432,4.315466620028019,10.0
100,predicate,discrete,35,17.804,1,published_after_gate_recheck,16.017860732972622,3.9379079826176167,10.0
100,readset,discrete,36,18.357,1,published_after_gate_recheck,16.101617831736803,4.125508945435286,10.0
100,readset,discrete,37,18.81,1,published_after_gate_recheck,18.687359988689423,5.1872218027710915,10.0
100,global,discrete,38,19.232,1,published_after_gate_recheck,16.201946884393692,4.360069986432791,10.0
100,global,discrete,39,19.533,1,published_after_gate_recheck,17.112875822931528,4.380899015814066,10.0
100,predicate,continuous,40,20.428,1,published_after_gate_recheck,17.35477987676859,4.419652279466391,10.0
100,global,discrete,41,20.744,1,published_after_gate_recheck,22.307009901851416,5.37450285628438,10.0
100,global,discrete,42,21.47,1,published_after_gate_recheck,17.21145072951913,4.576996900141239,10.0
100,readset,continuous,43,21.558,1,published_after_gate_recheck,15.822635032236576,4.433126654475927,10.0
100,predicate,continuous,44,22.001,1,published_after_gate_recheck,21.55813528224826,4.820703994482756,10.0
100,predicate,continuous,45,22.951,1,published_after_gate_recheck,19.237942062318325,5.225753877311945,10.0
100,readset,continuous,46,23.312,1,published_after_gate_recheck,17.757826019078493,5.213010124862194,10.0
100,readset,discrete,47,23.503,1,published_after_gate_recheck,21.933409851044416,5.027723032981157,10.0
100,predicate,discrete,48,24.041,1,published_after_gate_recheck,18.3374029584229,4.951490089297295,10.0
100,global,continuous,49,24.756,1,published_after_gate_recheck,16.921797767281532,4.2405761778354645,10.0
100,predicate,continuous,50,25.158,1,published_after_gate_recheck,21.927098277956247,5.6437477469444275,10.0
100,readset,discrete,51,25.585,1,published_after_gate_recheck,16.86598313972354,4.311810247600079,10.0
100,global,discrete,52,26.192,1,published_after_gate_recheck,17.806387040764093,4.423599224537611,10.0
100,predicate,continuous,53,26.516,1,published_after_gate_recheck,15.425549820065498,4.410944879055023,10.0
100,predicate,continuous,54,27.093,1,published_after_gate_recheck,20.477748941630125,8.31410801038146,10.0
100,readset,continuous,55,27.849,1,published_after_gate_recheck,16.28444204106927,4.106173757463694,10.0
100,predicate,discrete,56,28.094,1,published_after_gate_recheck,19.648432731628418,6.708736065775156,10.0
100,predicate,continuous,57,28.591,1,published_after_gate_recheck,23.77187879756093,9.340273682028055,10.0
100,readset,continuous,58,29.222,1,published_after_gate_recheck,17.20197219401598,4.8277778550982475,10.0
100,readset,discrete,59,29.866,1,published_after_gate_recheck,17.150186002254486,4.447864834219217,10.0
100,readset,discrete,60,30.404,1,published_after_gate_recheck,17.799784895032644,4.8646461218595505,10.0
100,global,continuous,61,30.719,1,published_after_gate_recheck,17.755351029336452,5.075050983577967,10.0
100,global,continuous,62,31.339,1,published_after_gate_recheck,17.394294030964375,4.206311888992786,10.0
100,global,discrete,63,31.88,1,published_after_gate_recheck,17.068452201783657,4.718562588095665,10.0
100,readset,continuous,64,32.482,1,published_after_gate_recheck,15.507674310356379,4.41973190754652,10.0
100,readset,continuous,65,32.7,1,published_after_gate_recheck,27.530350256711245,4.882240202277899,10.0
100,global,discrete,66,33.205,1,published_after_gate_recheck,17.89276907220483,4.694306757301092,10.0
100,predicate,discrete,67,33.673,1,published_after_gate_recheck,18.726362381130457,4.878672771155834,10.0
100,global,discrete,68,34.069,1,published_after_gate_recheck,16.520374920219183,4.320796113461256,10.0
100,predicate,continuous,69,34.993,1,published_after_gate_recheck,22.559443954378366,8.71313689276576,10.0
100,global,continuous,70,35.172,1,published_after_gate_recheck,17.359758727252483,4.170785192400217,10.0
100,readset,discrete,71,36.0,1,published_after_gate_recheck,19.86356684938073,4.610038362443447,10.0
100,predicate,discrete,72,36.036,1,published_after_gate_recheck,18.07123376056552,5.046918988227844,10.0
100,predicate,discrete,73,36.86,1,published_after_gate_recheck,17.845110036432743,4.86717140302062,10.0
100,readset,discrete,74,37.051,1,published_after_gate_recheck,17.24608475342393,4.381760954856873,10.0
100,predicate,discrete,75,37.965,1,published_after_gate_recheck,19.115512259304523,5.134914070367813,10.0
100,readset,discrete,76,38.068,1,published_after_gate_recheck,20.052650943398476,5.204284097999334,10.0
100,predicate,continuous,77,38.71,1,published_after_gate_recheck,16.38333685696125,4.034759011119604,10.0
100,readset,continuous,78,39.248,1,published_after_gate_recheck,16.97575906291604,5.04260091111064,10.0
100,predicate,continuous,79,39.666,1,published_after_gate_recheck,21.014295052736998,5.1062703132629395,10.0
100,global,discrete,80,40.234,1,published_after_gate_recheck,16.63726381957531,4.853015299886465,10.0
100,global,continuous,81,40.877,1,published_after_gate_recheck,17.52527989447117,4.3272292241454124,10.0
100,predicate,discrete,82,41.336,1,published_after_gate_recheck,16.717583872377872,3.9225188083946705,10.0
100,readset,continuous,83,41.64,1,published_after_gate_recheck,16.948878299444914,4.212894011288881,10.0
100,global,discrete,84,42.49,1,published_after_gate_recheck,17.345081083476543,4.346514120697975,10.0
100,global,continuous,85,42.762,1,published_after_gate_recheck,16.368919983506203,4.4618211686611176,10.0
100,global,continuous,86,43.306,1,published_after_gate_recheck,17.45089003816247,4.366101231426001,10.0
100,global,discrete,87,43.929,1,published_after_gate_recheck,23.745489306747913,4.968591965734959,10.0
100,readset,discrete,88,44.354,1,published_after_gate_recheck,17.034308053553104,4.574332386255264,10.0
100,global,continuous,89,44.537,1,published_after_gate_recheck,33.63076597452164,8.671659044921398,10.0
100,predicate,discrete,90,45.141,1,published_after_gate_recheck,16.028621699661016,4.235746804624796,10.0
100,predicate,discrete,91,45.512,1,published_after_gate_recheck,17.130468972027302,4.373684991151094,10.0
100,readset,continuous,92,46.307,1,published_after_gate_recheck,18.53184774518013,5.072435829788446,10.0
100,predicate,discrete,93,46.582,1,published_after_gate_recheck,16.72539860010147,4.424700979143381,10.0
100,predicate,discrete,94,47.406,1,published_after_gate_recheck,18.307127058506012,4.80451388284564,10.0
100,predicate,discrete,95,47.503,1,published_after_gate_recheck,23.32993969321251,5.481173750013113,10.0
100,readset,continuous,96,48.494,0,read_set_version_changed_at_gate,20.151416305452585,7.966336328536272,10.0
100,readset,continuous,97,48.669,1,published_after_gate_recheck,19.21918708831072,4.556138068437576,10.0
100,predicate,discrete,98,49.355,1,published_after_gate_recheck,17.1266607940197,4.492468200623989,10.0
100,readset,continuous,99,49.957,1,published_after_gate_recheck,17.03818514943123,4.653469659388065,10.0
100,predicate,discrete,100,50.001,1,published_after_gate_recheck,18.257363233715296,4.53291367739439,10.0
100,predicate,discrete,101,50.942,1,published_after_gate_recheck,18.34178064018488,4.9652946181595325,10.0
100,predicate,discrete,102,51.096,1,published_after_gate_recheck,18.055854830890894,6.2064542435109615,10.0
100,global,discrete,103,51.655,1,published_after_gate_recheck,15.982345212250948,4.241297021508217,10.0
100,predicate,discrete,104,52.391,1,published_after_gate_recheck,22.60036114603281,8.058579172939062,10.0
100,readset,discrete,105,52.982,1,published_after_gate_recheck,19.151621032506227,5.080832168459892,10.0
100,predicate,discrete,106,53.407,1,published_after_gate_recheck,18.443251959979534,4.762975964695215,10.0
100,predicate,continuous,107,53.934,1,published_after_gate_recheck,21.041756961494684,4.68778470531106,10.0
100,readset,continuous,108,54.028,1,published_after_gate_recheck,15.942350029945374,4.186294041574001,10.0
100,readset,continuous,109,54.579,1,published_after_gate_recheck,17.22340425476432,5.156785249710083,10.0
100,readset,discrete,110,55.428,1,published_after_gate_recheck,16.666929237544537,4.308132920414209,10.0
100,predicate,discrete,111,55.647,1,published_after_gate_recheck,15.552208293229342,3.869198728352785,10.0
100,readset,discrete,112,56.337,1,published_after_gate_recheck,16.434351913630962,4.407207947224379,10.0
100,global,continuous,113,56.595,0,context_version_changed_at_publish,23.784341756254435,6.647391244769096,10.0
100,predicate,discrete,114,57.476,1,published_after_gate_recheck,17.769278027117252,4.262186121195555,10.0
100,readset,discrete,115,57.523,1,published_after_gate_recheck,16.120303887873888,4.537442699074745,10.0
100,predicate,continuous,116,58.459,1,published_after_gate_recheck,17.240455374121666,4.91853803396225,10.0
100,predicate,discrete,117,58.527,1,published_after_gate_recheck,15.842291992157698,4.3972390703856945,10.0
100,readset,discrete,118,59.126,1,published_after_gate_recheck,16.797473654150963,4.676674026995897,10.0
100,predicate,discrete,119,59.908,1,published_after_gate_recheck,16.122598201036453,4.603527020663023,10.0
100,readset,continuous,120,60.415,1,published_after_gate_recheck,16.00520731881261,4.287663847208023,10.0
100,global,discrete,121,60.89,1,published_after_gate_recheck,18.48997874185443,5.096140783280134,10.0
100,global,continuous,122,61.327,1,published_after_gate_recheck,18.170599825680256,4.675422329455614,10.0
100,readset,continuous,123,61.512,1,published_after_gate_recheck,18.93619727343321,5.39396982640028,10.0
100,readset,discrete,124,62.487,1,published_after_gate_recheck,16.822250094264746,4.381258971989155,10.0
100,global,discrete,125,62.66,1,published_after_gate_recheck,19.103059079498053,4.696900956332684,10.0
100,global,discrete,126,63.421,1,published_after_gate_recheck,17.37586921080947,4.52743424102664,10.0
100,readset,continuous,127,63.719,1,published_after_gate_recheck,15.674125868827105,4.2744288221001625,10.0
100,global,continuous,128,64.476,1,published_after_gate_recheck,19.534338265657425,4.832536913454533,10.0
100,readset,discrete,129,64.717,1,published_after_gate_recheck,19.258921034634113,5.162735935300589,10.0
100,readset,discrete,130,65.106,1,published_after_gate_recheck,21.182971075177193,4.740132950246334,10.0
100,global,continuous,131,65.946,1,published_after_gate_recheck,19.72971484065056,4.413940943777561,10.0
100,predicate,discrete,132,66.095,1,published_after_gate_recheck,20.941257942467928,5.89796481654048,10.0
100,global,discrete,133,66.832,1,published_after_gate_recheck,16.569596715271473,4.242178052663803,10.0
100,global,continuous,134,67.224,1,published_after_gate_recheck,19.10940231755376,4.479784984141588,10.0
100,predicate,continuous,135,67.529,1,published_after_gate_recheck,17.331054899841547,4.535519052296877,10.0
100,global,discrete,136,68.292,0,context_version_changed_at_publish,22.98310911282897,9.014813229441643,10.0
100,predicate,continuous,137,68.888,1,published_after_gate_recheck,17.569132149219513,4.567538853734732,10.0
100,global,discrete,138,69.397,1,published_after_gate_recheck,28.555032797157764,8.018513210117817,10.0
100,readset,discrete,139,69.963,1,published_after_gate_recheck,19.92384996265173,5.537739023566246,10.0
100,predicate,continuous,140,70.281,1,published_after_gate_recheck,16.30201516672969,4.308522678911686,10.0
100,predicate,discrete,141,70.869,1,published_after_gate_recheck,18.232746981084347,4.77217324078083,10.0
100,predicate,discrete,142,71.157,1,published_after_gate_recheck,16.863869037479162,4.007038194686174,10.0
100,predicate,continuous,143,71.577,1,published_after_gate_recheck,16.20109612122178,4.101925995200872,10.0
100,readset,discrete,144,72.069,1,published_after_gate_recheck,16.746558248996735,4.479994997382164,10.0
100,global,discrete,145,72.609,1,published_after_gate_recheck,18.60955310985446,4.6872328966856,10.0
100,readset,discrete,146,73.177,1,published_after_gate_recheck,22.26545289158821,5.0232247449457645,10.0
100,predicate,continuous,147,73.525,1,published_after_gate_recheck,16.981258988380432,4.77898633107543,10.0
100,predicate,discrete,148,74.061,1,published_after_gate_recheck,22.399984765797853,7.410263177007437,10.0
100,global,discrete,149,74.912,1,published_after_gate_recheck,18.031480256468058,4.517825786024332,10.0
100,predicate,continuous,150,75.151,1,published_after_gate_recheck,20.45140927657485,5.491012241691351,10.0
100,global,continuous,151,75.735,1,published_after_gate_recheck,17.481216229498386,4.636789206415415,10.0
100,readset,continuous,152,76.435,1,published_after_gate_recheck,18.996038008481264,4.780159331858158,10.0
100,global,continuous,153,76.964,1,published_after_gate_recheck,18.156794365495443,4.740735050290823,10.0
100,global,discrete,154,77.111,1,published_after_gate_recheck,17.670792061835527,4.444607999175787,10.0
100,predicate,continuous,155,77.525,1,published_after_gate_recheck,45.678607653826475,5.495981313288212,10.0
100,predicate,discrete,156,78.329,1,published_after_gate_recheck,16.936104279011488,4.6024443581700325,10.0
100,readset,continuous,157,78.616,1,published_after_gate_recheck,16.974996775388718,4.792751744389534,10.0
100,readset,discrete,158,79.028,1,published_after_gate_recheck,17.27065211161971,4.402620252221823,10.0
100,predicate,continuous,159,79.636,1,published_after_gate_recheck,16.572721768170595,4.404693841934204,10.0
100,global,discrete,160,80.09,0,context_version_changed_at_publish,24.41265108063817,8.427792228758335,10.0
100,readset,continuous,161,80.854,1,published_after_gate_recheck,16.176699195057154,4.039408173412085,10.0
100,predicate,discrete,162,81.453,1,published_after_gate_recheck,16.35550521314144,3.9370860904455185,10.0
100,readset,continuous,163,81.635,1,published_after_gate_recheck,16.997058875858784,4.591954872012138,10.0
100,predicate,discrete,164,82.455,1,published_after_gate_recheck,17.93787395581603,4.411406349390745,10.0
100,readset,discrete,165,82.596,1,published_after_gate_recheck,19.8977910913527,6.067293230444193,10.0
100,readset,discrete,166,83.133,1,published_after_gate_recheck,17.462681978940964,4.545728210359812,10.0
100,predicate,continuous,167,83.536,1,published_after_gate_recheck,18.123361747711897,4.484754055738449,10.0
100,predicate,continuous,168,84.293,1,published_after_gate_recheck,24.294499307870865,9.257287718355656,10.0
100,predicate,continuous,169,84.741,1,published_after_gate_recheck,18.687771167606115,4.615638870745897,10.0
100,predicate,continuous,170,85.414,1,published_after_gate_recheck,17.873884178698063,5.077326204627752,10.0
100,predicate,continuous,171,85.617,1,published_after_gate_recheck,17.026915214955807,4.413220100104809,10.0
100,readset,discrete,172,86.323,1,published_after_gate_recheck,16.9859379529953,4.784637130796909,10.0
100,global,continuous,173,86.636,1,published_after_gate_recheck,18.019125796854496,5.291497800499201,10.0
100,predicate,continuous,174,87.161,1,published_after_gate_recheck,17.66193564981222,4.422678146511316,10.0
100,predicate,discrete,175,87.786,1,published_after_gate_recheck,16.685564070940018,4.336164798587561,10.0
100,global,continuous,176,88.127,1,published_after_gate_recheck,16.382244881242514,4.462732933461666,10.0
100,readset,discrete,177,88.957,1,published_after_gate_recheck,18.77716789022088,4.180612973868847,10.0
100,readset,continuous,178,89.322,1,published_after_gate_recheck,17.952500842511654,4.589320160448551,10.0
100,predicate,continuous,179,89.652,1,published_after_gate_recheck,16.800259239971638,4.77246381342411,10.0
100,predicate,continuous,180,90.357,1,published_after_gate_recheck,18.682491034269333,4.821925889700651,10.0
100,global,continuous,181,90.846,1,published_after_gate_recheck,15.26419771835208,3.641171846538782,10.0
100,predicate,continuous,182,91.426,1,published_after_gate_recheck,15.697671100497246,4.394082818180323,10.0
100,global,discrete,183,91.548,1,published_after_gate_recheck,19.215932115912437,5.171963945031166,10.0
100,global,continuous,184,92.293,0,context_version_changed_at_publish,23.09313602745533,9.599319193512201,10.0
100,global,continuous,185,92.654,1,published_after_gate_recheck,17.93470699340105,4.795977845788002,10.0
100,predicate,continuous,186,93.114,1,published_after_gate_recheck,17.315305769443512,4.4548180885612965,10.0
100,readset,discrete,187,93.766,1,published_after_gate_recheck,16.601887065917253,4.466139245778322,10.0
100,predicate,discrete,188,94.101,1,published_after_gate_recheck,19.59046395495534,4.818350076675415,10.0
100,global,continuous,189,94.556,1,published_after_gate_recheck,17.804653383791447,4.395095631480217,10.0
100,predicate,discrete,190,95.12,1,published_after_gate_recheck,17.395987175405025,4.732439294457436,10.0
100,global,continuous,191,95.859,1,published_after_gate_recheck,17.567147966474295,4.622352309525013,10.0
100,readset,continuous,192,96.108,1,published_after_gate_recheck,16.873886808753014,4.690519999712706,10.0
100,predicate,discrete,193,96.694,1,published_after_gate_recheck,20.403629168868065,7.242718245834112,10.0
100,readset,continuous,194,97.339,1,published_after_gate_recheck,19.66929156333208,5.0225029699504375,10.0
100,global,continuous,195,97.56,1,published_after_gate_recheck,18.90110084787011,5.007405299693346,10.0
100,readset,continuous,196,98.383,1,published_after_gate_recheck,18.81540985777974,5.026369821280241,10.0
100,global,discrete,197,98.974,1,published_after_gate_recheck,17.363396007567644,4.369006026536226,10.0
100,predicate,continuous,198,99.195,1,published_after_gate_recheck,24.24193127080798,6.555978674441576,10.0
100,global,continuous,199,99.538,1,published_after_gate_recheck,19.77476989850402,5.355577915906906,10.0
100,predicate,continuous,200,100.452,1,published_after_gate_recheck,19.897090271115303,4.596642684191465,10.0
100,predicate,discrete,201,100.647,1,published_after_gate_recheck,18.02957570180297,4.569954238831997,10.0
100,readset,continuous,202,101.099,1,published_after_gate_recheck,22.846853826195,4.547039978206158,10.0
100,global,discrete,203,101.684,1,published_after_gate_recheck,18.309380393475294,4.579021129757166,10.0
100,predicate,discrete,204,102.42,1,published_after_gate_recheck,17.618936020880938,4.465757869184017,10.0
100,predicate,discrete,205,102.581,1,published_after_gate_recheck,17.982597928494215,4.829851910471916,10.0
100,readset,discrete,206,103.232,1,published_after_gate_recheck,18.398677930235863,4.247017670422792,10.0
100,global,discrete,207,103.638,1,published_after_gate_recheck,16.67635701596737,4.525500815361738,10.0
100,predicate,discrete,208,104.068,1,published_after_gate_recheck,17.46349409222603,5.113624036312103,10.0
100,global,discrete,209,104.607,1,published_after_gate_recheck,17.793643288314342,5.06067369133234,10.0
100,global,continuous,210,105.078,1,published_after_gate_recheck,16.977380961179733,4.443044774234295,10.0
100,global,discrete,211,105.826,1,published_after_gate_recheck,18.02233327180147,4.674309864640236,10.0
100,predicate,discrete,212,106.028,1,published_after_gate_recheck,17.436262220144272,4.767884965986013,10.0
100,predicate,discrete,213,106.897,1,published_after_gate_recheck,21.473325788974762,5.8561572805047035,10.0
100,predicate,continuous,214,107.111,1,published_after_gate_recheck,17.956679221242666,4.891756922006607,10.0
100,readset,discrete,215,107.71,1,published_after_gate_recheck,20.16207668930292,5.00153424218297,10.0
100,readset,discrete,216,108.304,1,published_after_gate_recheck,18.016410991549492,5.048159975558519,10.0
100,predicate,continuous,217,108.826,1,published_after_gate_recheck,16.7527599260211,4.1872663423419,10.0
100,predicate,continuous,218,109.437,1,published_after_gate_recheck,17.998177092522383,4.583919886499643,10.0
100,readset,continuous,219,109.606,1,published_after_gate_recheck,17.738630063831806,4.8569319769740105,10.0
100,readset,discrete,220,110.141,1,published_after_gate_recheck,17.730805091559887,4.552631173282862,10.0
100,readset,continuous,221,110.887,1,published_after_gate_recheck,19.78010917082429,4.89556510001421,10.0
100,readset,continuous,222,111.049,1,published_after_gate_recheck,19.86814523115754,5.017613992094994,10.0
100,global,continuous,223,111.553,1,published_after_gate_recheck,20.150494761765003,5.862107966095209,10.0
100,readset,continuous,224,112.398,1,published_after_gate_recheck,22.256456315517426,4.91818692535162,10.0
100,global,continuous,225,112.917,1,published_after_gate_recheck,18.226284068077803,4.601593129336834,10.0
100,readset,continuous,226,113.086,1,published_after_gate_recheck,18.362210132181644,4.777403082698584,10.0
100,predicate,discrete,227,113.553,1,published_after_gate_recheck,17.082117963582277,4.1625890880823135,10.0
100,predicate,discrete,228,114.014,1,published_after_gate_recheck,18.42649979516864,4.799485206604004,10.0
100,predicate,continuous,229,114.722,1,published_after_gate_recheck,17.90098426863551,4.665113054215908,10.0
100,predicate,discrete,230,115.307,1,published_after_gate_recheck,19.151410087943077,4.857232794165611,10.0
100,global,discrete,231,115.606,1,published_after_gate_recheck,16.842869110405445,3.7247282452881336,10.0
100,global,discrete,232,116.05,1,published_after_gate_recheck,16.61345874890685,4.425602965056896,10.0
100,global,continuous,233,116.595,0,context_version_changed_at_publish,19.38627101480961,6.119381170719862,10.0
100,predicate,discrete,234,117.161,1,published_after_gate_recheck,20.60371497645974,4.982447251677513,10.0
100,readset,discrete,235,117.8,1,published_after_gate_recheck,25.526210200041533,5.792176816612482,10.0
100,predicate,continuous,236,118.313,1,published_after_gate_recheck,16.72897534444928,5.046096630394459,10.0
100,global,discrete,237,118.71,1,published_after_gate_recheck,16.196085140109062,4.789506085216999,10.0
100,predicate,discrete,238,119.196,1,published_after_gate_recheck,17.985673621296883,5.867148283869028,10.0
100,readset,continuous,239,119.911,1,published_after_gate_recheck,16.626854427158833,4.269930999726057,10.0
100,readset,discrete,240,120.123,1,published_after_gate_recheck,16.219329088926315,4.399985074996948,10.0
100,predicate,discrete,241,120.852,1,published_after_gate_recheck,16.692787874490023,3.992008976638317,10.0
100,readset,discrete,242,121.201,1,published_after_gate_recheck,18.9357646740973,4.824851639568806,10.0
100,global,discrete,243,121.666,1,published_after_gate_recheck,17.916012089699507,4.507256206125021,10.0
100,predicate,continuous,244,122.142,1,published_after_gate_recheck,18.07447988539934,4.911764990538359,10.0
100,readset,continuous,245,122.736,1,published_after_gate_recheck,18.0599233135581,5.861176177859306,10.0
100,readset,discrete,246,123.168,1,published_after_gate_recheck,16.401520930230618,4.343779757618904,10.0
100,global,continuous,247,123.873,1,published_after_gate_recheck,16.306042205542326,3.929321188479662,10.0
100,global,continuous,248,124.286,1,published_after_gate_recheck,16.140651889145374,4.253279883414507,10.0
100,predicate,discrete,249,124.905,1,published_after_gate_recheck,17.572949174791574,4.541160073131323,10.0
100,global,continuous,250,125.329,1,published_after_gate_recheck,16.991386655718088,4.077319987118244,10.0
100,global,discrete,251,125.83,1,published_after_gate_recheck,16.873396933078766,4.264480900019407,10.0
100,global,continuous,252,126.402,1,published_after_gate_recheck,17.187756951898336,4.248520825058222,10.0
100,global,discrete,253,126.574,1,published_after_gate_recheck,18.89081159606576,4.411427304148674,10.0
100,global,continuous,254,127.338,1,published_after_gate_recheck,19.265593960881233,5.315131973475218,10.0
100,predicate,continuous,255,127.533,1,published_after_gate_recheck,16.748812049627304,4.672335926443338,10.0
100,global,continuous,256,128.023,1,published_after_gate_recheck,17.303182743489742,4.263448994606733,10.0
100,predicate,continuous,257,128.78,1,published_after_gate_recheck,17.98032270744443,4.970625042915344,10.0
100,predicate,continuous,258,129.195,1,published_after_gate_recheck,53.32629568874836,40.30678095296025,10.0
100,readset,continuous,259,129.804,1,published_after_gate_recheck,16.50144811719656,4.6318001113832,10.0
100,global,discrete,260,130.483,1,published_after_gate_recheck,16.852157190442085,4.230817314237356,10.0
100,global,discrete,261,130.66,1,published_after_gate_recheck,21.30815666168928,5.5158790200948715,10.0
100,readset,continuous,262,131.131,1,published_after_gate_recheck,22.71846169605851,5.310363136231899,10.0
100,global,continuous,263,131.869,1,published_after_gate_recheck,18.141004722565413,4.986535757780075,10.0
100,predicate,continuous,264,132.171,1,published_after_gate_recheck,17.591664101928473,4.615338984876871,10.0
100,readset,continuous,265,132.945,1,published_after_gate_recheck,18.68195040151477,5.357060115784407,10.0
100,predicate,continuous,266,133.209,1,published_after_gate_recheck,16.70818729326129,4.093980882316828,10.0
100,readset,continuous,267,133.978,1,published_after_gate_recheck,16.68482320383191,4.410324152559042,10.0
100,predicate,continuous,268,134.366,1,published_after_gate_recheck,16.68627467006445,4.435532260686159,10.0
100,readset,discrete,269,134.707,1,published_after_gate_recheck,18.12688773497939,3.9309049025177956,10.0
100,predicate,discrete,270,135.253,1,published_after_gate_recheck,18.118984065949917,4.687443841248751,10.0
100,predicate,discrete,271,135.63,1,published_after_gate_recheck,19.203348085284233,4.916775040328503,10.0
100,predicate,discrete,272,136.319,1,published_after_gate_recheck,15.77075757086277,4.392681177705526,10.0
100,global,continuous,273,136.942,1,published_after_gate_recheck,17.93868513777852,4.290509968996048,10.0
100,predicate,continuous,274,137.153,1,published_after_gate_recheck,16.18287106975913,4.79513593018055,10.0
100,predicate,continuous,275,137.574,1,published_after_gate_recheck,17.1891488134861,4.599888809025288,10.0
100,global,discrete,276,138.005,1,published_after_gate_recheck,18.060544040054083,4.937763791531324,10.0
100,readset,discrete,277,138.627,1,published_after_gate_recheck,19.869978073984385,4.711688961833715,10.0
100,global,discrete,278,139.189,1,published_after_gate_recheck,16.423672903329134,4.25763800740242,10.0
100,global,continuous,279,139.529,1,published_after_gate_recheck,19.715188071131706,4.812038037925959,10.0
100,global,discrete,280,140.311,1,published_after_gate_recheck,17.41662621498108,4.631869960576296,10.0
100,predicate,discrete,281,140.897,1,published_after_gate_recheck,24.699279107153416,5.13623608276248,10.0
100,global,discrete,282,141.445,1,published_after_gate_recheck,16.238214913755655,4.263488110154867,10.0
100,predicate,discrete,283,141.797,1,published_after_gate_recheck,20.658127032220364,4.317149985581636,10.0
100,readset,continuous,284,142.253,1,published_after_gate_recheck,18.02426530048251,5.034134723246098,10.0
100,predicate,continuous,285,142.865,1,published_after_gate_recheck,16.706493217498064,4.264140035957098,10.0
100,global,continuous,286,143.415,1,published_after_gate_recheck,19.00722971186042,5.164508707821369,10.0
100,global,discrete,287,143.82,1,published_after_gate_recheck,17.09458092227578,4.478112328797579,10.0
100,predicate,discrete,288,144.013,1,published_after_gate_recheck,18.74767290428281,5.420679226517677,10.0
100,readset,discrete,289,144.791,1,published_after_gate_recheck,17.54793105646968,4.71452483907342,10.0
100,predicate,discrete,290,145.092,1,published_after_gate_recheck,21.39753382652998,8.099975995719433,10.0
100,predicate,continuous,291,145.86,1,published_after_gate_recheck,18.333605956286192,5.007233936339617,10.0
100,global,continuous,292,146.289,1,published_after_gate_recheck,16.516217030584812,4.317289683967829,10.0
100,readset,continuous,293,146.583,1,published_after_gate_recheck,18.354645930230618,4.93165198713541,10.0
100,global,continuous,294,147.235,1,published_after_gate_recheck,16.406317707151175,4.410353023558855,10.0
100,global,continuous,295,147.668,1,published_after_gate_recheck,18.29299796372652,4.856230691075325,10.0
100,predicate,continuous,296,148.381,1,published_after_gate_recheck,21.809885278344154,4.907476250082254,10.0
100,readset,discrete,297,148.587,1,published_after_gate_recheck,18.023491837084293,4.816194996237755,10.0
100,global,discrete,298,149.06,1,published_after_gate_recheck,17.73009216412902,4.670792259275913,10.0
100,global,discrete,299,149.914,1,published_after_gate_recheck,16.110893804579973,4.128796048462391,10.0
100,predicate,discrete,300,150.485,1,published_after_gate_recheck,16.62721298635006,4.343007691204548,10.0
100,global,continuous,301,150.853,1,published_after_gate_recheck,16.904283314943314,4.087588284164667,10.0
100,predicate,discrete,302,151.407,1,published_after_gate_recheck,16.174282878637314,4.265531897544861,10.0
100,readset,discrete,303,151.667,1,published_after_gate_recheck,17.37563731148839,4.0141199715435505,10.0
100,readset,discrete,304,152.488,1,published_after_gate_recheck,18.602317664772272,4.863264039158821,10.0
100,readset,continuous,305,152.785,1,published_after_gate_recheck,16.801539808511734,4.8480648547410965,10.0
100,predicate,discrete,306,153.155,1,published_after_gate_recheck,16.5957841090858,4.244313109666109,10.0
100,predicate,discrete,307,153.502,1,published_after_gate_recheck,16.870419029146433,4.216249100863934,10.0
100,readset,continuous,308,154.085,1,published_after_gate_recheck,18.057266250252724,4.6776351518929005,10.0
100,readset,discrete,309,154.641,1,published_after_gate_recheck,17.075533978641033,4.795466084033251,10.0
100,predicate,discrete,310,155.229,1,published_after_gate_recheck,16.703295055776834,4.310537129640579,10.0
100,global,continuous,311,155.509,1,published_after_gate_recheck,16.53597177937627,4.047642927616835,10.0
100,predicate,discrete,312,156.098,1,published_after_gate_recheck,20.291386637836695,4.289557226002216,10.0
100,readset,continuous,313,156.527,1,published_after_gate_recheck,16.07713056728244,4.730443935841322,10.0
100,global,discrete,314,157.014,1,published_after_gate_recheck,16.212916001677513,4.300608299672604,10.0
100,global,continuous,315,157.749,1,published_after_gate_recheck,18.987380899488926,4.683716222643852,10.0
100,predicate,discrete,316,158.033,1,published_after_gate_recheck,16.24223031103611,4.35361685231328,10.0
100,global,continuous,317,158.828,1,published_after_gate_recheck,16.300579998642206,4.502727184444666,10.0
100,global,continuous,318,159.174,1,published_after_gate_recheck,16.3396829739213,4.774046130478382,10.0
100,global,discrete,319,159.765,1,published_after_gate_recheck,16.03593397885561,4.426734987646341,10.0
100,readset,discrete,320,160.026,1,published_after_gate_recheck,16.581786796450615,4.420512821525335,10.0
100,predicate,continuous,321,160.639,1,published_after_gate_recheck,20.448350813239813,5.074811168015003,10.0
100,readset,discrete,322,161.258,1,published_after_gate_recheck,17.74589065462351,4.386789631098509,10.0
100,predicate,discrete,323,161.6,1,published_after_gate_recheck,19.645956344902515,4.75583178922534,10.0
100,readset,continuous,324,162.431,1,published_after_gate_recheck,16.315107233822346,4.635876975953579,10.0
100,readset,continuous,325,162.833,1,published_after_gate_recheck,17.119957134127617,4.8367539420723915,10.0
100,readset,discrete,326,163.31,1,published_after_gate_recheck,16.815886832773685,4.505713004618883,10.0
100,readset,discrete,327,163.811,1,published_after_gate_recheck,16.069576144218445,4.373734816908836,10.0
100,predicate,continuous,328,164.436,1,published_after_gate_recheck,16.210991889238358,4.141899757087231,10.0
100,predicate,continuous,329,164.72,1,published_after_gate_recheck,17.136638052761555,4.571645986288786,10.0
100,readset,discrete,330,165.021,1,published_after_gate_recheck,17.672713845968246,4.556016996502876,10.0
100,global,discrete,331,165.781,1,published_after_gate_recheck,19.824150949716568,5.255559924989939,10.0
100,predicate,continuous,332,166.045,1,published_after_gate_recheck,18.126856070011854,5.222496576607227,10.0
100,predicate,continuous,333,166.583,1,published_after_gate_recheck,16.939738765358925,4.376840777695179,10.0
100,global,discrete,334,167.189,1,published_after_gate_recheck,17.935337033122778,4.616841208189726,10.0
100,global,discrete,335,167.583,1,published_after_gate_recheck,17.973288893699646,4.6274010092020035,10.0
100,readset,continuous,336,168.011,1,published_after_gate_recheck,17.309623304754496,5.0253369845449924,10.0
100,global,discrete,337,168.769,1,published_after_gate_recheck,17.348957248032093,4.6791392378509045,10.0
100,predicate,continuous,338,169.437,1,published_after_gate_recheck,17.032773699611425,4.603175912052393,10.0
100,predicate,continuous,339,169.937,1,published_after_gate_recheck,20.46631509438157,4.571254830807447,10.0
100,global,continuous,340,170.18,1,published_after_gate_recheck,19.063532818108797,6.693026050925255,10.0
100,global,discrete,341,170.671,1,published_after_gate_recheck,16.032156068831682,4.477128852158785,10.0
100,global,continuous,342,171.363,1,published_after_gate_recheck,16.53479877859354,4.307720810174942,10.0
100,predicate,continuous,343,171.597,1,published_after_gate_recheck,20.130604971200228,6.838028319180012,10.0
100,predicate,continuous,344,172.012,1,published_after_gate_recheck,16.842196229845285,4.5242877677083015,10.0
100,readset,discrete,345,172.801,1,published_after_gate_recheck,18.066423013806343,4.7498708590865135,10.0
100,predicate,discrete,346,173.308,1,published_after_gate_recheck,15.92503534629941,4.666063003242016,10.0
100,global,continuous,347,173.776,1,published_after_gate_recheck,17.72409025579691,4.965305328369141,10.0
100,predicate,continuous,348,174.4,1,published_after_gate_recheck,19.88468412309885,4.893369972705841,10.0
100,predicate,discrete,349,174.88,1,published_after_gate_recheck,17.26353680714965,4.398892633616924,10.0
100,predicate,continuous,350,175.238,1,published_after_gate_recheck,17.264768946915865,4.0727597661316395,10.0
100,readset,discrete,351,175.911,1,published_after_gate_recheck,17.445197328925133,4.085293971002102,10.0
100,predicate,continuous,352,176.075,1,published_after_gate_recheck,16.096136067062616,4.1224840097129345,10.0
100,readset,continuous,353,176.83,1,published_after_gate_recheck,16.81233011186123,4.578669089823961,10.0
100,global,discrete,354,177.204,1,published_after_gate_recheck,17.702920828014612,5.343934986740351,10.0
100,readset,continuous,355,177.936,1,published_after_gate_recheck,17.25271577015519,4.799584858119488,10.0
100,global,continuous,356,178.126,1,published_after_gate_recheck,18.014776054769754,4.756202921271324,10.0
100,global,continuous,357,178.633,1,published_after_gate_recheck,16.223906073719263,4.279738757759333,10.0
100,readset,discrete,358,179.166,1,published_after_gate_recheck,18.567502964287996,5.465863738209009,10.0
100,predicate,discrete,359,179.578,1,published_after_gate_recheck,17.574770841747522,4.281111992895603,10.0
100,global,discrete,360,180.339,1,published_after_gate_recheck,17.758975736796856,4.712971858680248,10.0
100,predicate,continuous,361,180.501,1,published_after_gate_recheck,19.732097163796425,4.728049971163273,10.0
100,global,continuous,362,181.063,1,published_after_gate_recheck,16.127515118569136,4.273387137800455,10.0
100,global,discrete,363,181.946,1,published_after_gate_recheck,17.24338810890913,4.886877723038197,10.0
100,global,discrete,364,182.321,1,published_after_gate_recheck,17.705645877867937,4.851751960813999,10.0
100,global,discrete,365,182.721,1,published_after_gate_recheck,18.651770893484354,5.012773908674717,10.0
100,global,discrete,366,183.006,1,published_after_gate_recheck,16.921966336667538,4.71092713996768,10.0
100,global,discrete,367,183.736,1,published_after_gate_recheck,17.660451121628284,4.765069577842951,10.0
100,predicate,continuous,368,184.12,1,published_after_gate_recheck,18.359773326665163,5.021339748054743,10.0
100,global,continuous,369,184.78,1,published_after_gate_recheck,18.696775194257498,4.828598815947771,10.0
100,readset,discrete,370,185.296,1,published_after_gate_recheck,18.80740188062191,6.557962857186794,10.0
100,readset,discrete,371,185.778,1,published_after_gate_recheck,16.691823955625296,4.401667974889278,10.0
100,global,discrete,372,186.236,1,published_after_gate_recheck,15.93884127214551,4.743808880448341,10.0
100,readset,discrete,373,186.559,1,published_after_gate_recheck,16.124028246849775,4.462681710720062,10.0
100,global,continuous,374,187.391,1,published_after_gate_recheck,16.149206086993217,4.3365550227463245,10.0
100,global,discrete,375,187.665,1,published_after_gate_recheck,16.14031009376049,4.373634699732065,10.0
100,readset,continuous,376,188.407,1,published_after_gate_recheck,20.642485935240984,4.759680014103651,10.0
100,readset,continuous,377,188.608,1,published_after_gate_recheck,16.59708609804511,4.458904732018709,10.0
100,readset,continuous,378,189.135,1,published_after_gate_recheck,15.498625580221415,3.9378972724080086,10.0
100,global,discrete,379,189.968,1,published_after_gate_recheck,16.129719093441963,4.203686024993658,10.0
100,global,continuous,380,190.201,1,published_after_gate_recheck,18.007762730121613,4.55907266587019,10.0
100,predicate,continuous,381,190.847,1,published_after_gate_recheck,16.063325107097626,4.011806100606918,10.0
100,predicate,continuous,382,191.224,1,published_after_gate_recheck,16.43108483403921,4.63632820174098,10.0
100,readset,discrete,383,191.508,1,published_after_gate_recheck,16.60680491477251,4.1821361519396305,10.0
100,predicate,discrete,384,192.161,1,published_after_gate_recheck,16.46738313138485,4.532243125140667,10.0
100,global,discrete,385,192.684,1,published_after_gate_recheck,23.365954868495464,5.115467123687267,10.0
100,readset,continuous,386,193.027,1,published_after_gate_recheck,15.65909618511796,4.132100846618414,10.0
100,readset,continuous,387,193.72,1,published_after_gate_recheck,17.19436701387167,4.680360201746225,10.0
100,predicate,continuous,388,194.344,1,published_after_gate_recheck,17.81340828165412,5.007443949580193,10.0
100,global,discrete,389,194.733,1,published_after_gate_recheck,21.279891952872276,4.432885907590389,10.0
100,readset,discrete,390,195.282,1,published_after_gate_recheck,16.004724893718958,4.3999250046908855,10.0
100,global,continuous,391,195.893,1,published_after_gate_recheck,16.178421210497618,4.6491920948028564,10.0
100,global,discrete,392,196.084,1,published_after_gate_recheck,18.48079962655902,4.91195498034358,10.0
100,readset,discrete,393,196.986,1,published_after_gate_recheck,18.93172599375248,4.89965220913291,10.0
100,global,continuous,394,197.095,0,context_version_changed_at_publish,19.072159193456173,5.758603103458881,10.0
100,readset,continuous,395,197.877,1,published_after_gate_recheck,14.823159202933311,3.806409891694784,10.0
100,global,continuous,396,198.291,1,published_after_gate_recheck,16.653060913085938,4.499442409723997,10.0
100,readset,discrete,397,198.526,1,published_after_gate_recheck,16.333100851625204,4.22291224822402,10.0
100,global,discrete,398,199.441,1,published_after_gate_recheck,16.191965900361538,4.644924309104681,10.0
100,global,discrete,399,199.998,1,published_after_gate_recheck,21.623084787279367,5.066675134003162,10.0
100,global,discrete,400,200.116,1,published_after_gate_recheck,14.76211380213499,4.124546889215708,10.0
100,global,continuous,401,200.828,1,published_after_gate_recheck,16.092519741505384,4.2794677428901196,10.0
100,global,continuous,402,201.06,1,published_after_gate_recheck,16.475288197398186,4.56182798370719,10.0
100,readset,discrete,403,201.908,1,published_after_gate_recheck,16.798314172774553,5.043881945312023,10.0
100,global,discrete,404,202.187,1,published_after_gate_recheck,16.674942336976528,4.936269950121641,10.0
100,global,continuous,405,202.654,1,published_after_gate_recheck,16.149005852639675,4.4750249944627285,10.0
100,global,discrete,406,203.445,1,published_after_gate_recheck,17.771559301763773,4.278876818716526,10.0
100,readset,discrete,407,203.788,1,published_after_gate_recheck,17.427152954041958,4.238351248204708,10.0
100,readset,continuous,408,204.485,1,published_after_gate_recheck,17.505059950053692,4.936601035296917,10.0
100,global,discrete,409,204.966,1,published_after_gate_recheck,17.53445528447628,4.818940069526434,10.0
100,readset,continuous,410,205.275,1,published_after_gate_recheck,17.431552056223154,4.445400089025497,10.0
100,predicate,discrete,411,205.646,1,published_after_gate_recheck,17.08371937274933,4.694887902587652,10.0
100,readset,discrete,412,206.268,1,published_after_gate_recheck,16.60887897014618,4.661465063691139,10.0
100,readset,continuous,413,206.799,1,published_after_gate_recheck,20.92175930738449,5.01081021502614,10.0
100,predicate,continuous,414,207.084,1,published_after_gate_recheck,22.188025061041117,4.9772667698562145,10.0
100,global,continuous,415,207.608,1,published_after_gate_recheck,19.58231581375003,6.654353812336922,10.0
100,global,continuous,416,208.01,1,published_after_gate_recheck,15.801773872226477,4.5050508342683315,10.0
100,readset,continuous,417,208.587,1,published_after_gate_recheck,16.98486413806677,4.503217991441488,10.0
100,readset,continuous,418,209.236,1,published_after_gate_recheck,16.684961039572954,4.536651074886322,10.0
100,readset,continuous,419,209.573,1,published_after_gate_recheck,16.118548810482025,4.372201859951019,10.0
100,global,continuous,420,210.218,1,published_after_gate_recheck,16.672557685524225,4.856602288782597,10.0
100,global,continuous,421,210.976,1,published_after_gate_recheck,18.043911084532738,4.597214050590992,10.0
100,global,discrete,422,211.042,1,published_after_gate_recheck,16.30049990490079,4.809632897377014,10.0
100,global,discrete,423,211.68,1,published_after_gate_recheck,16.94358605891466,4.597004037350416,10.0
100,readset,continuous,424,212.271,1,published_after_gate_recheck,15.88253490626812,4.032975994050503,10.0
100,predicate,continuous,425,212.674,1,published_after_gate_recheck,16.674381215125322,4.6471478417515755,10.0
100,readset,continuous,426,213.432,1,published_after_gate_recheck,15.3164342045784,4.144555889070034,10.0
100,global,continuous,427,213.868,1,published_after_gate_recheck,18.07929715141654,4.558030981570482,10.0
100,readset,discrete,428,214.35,1,published_after_gate_recheck,16.822188161313534,4.276162013411522,10.0
100,readset,discrete,429,214.55,1,published_after_gate_recheck,18.46128422766924,5.273011978715658,10.0
100,global,continuous,430,215.441,1,published_after_gate_recheck,17.681931145489216,4.585642833262682,10.0
100,readset,discrete,431,215.506,1,published_after_gate_recheck,15.518241561949253,4.64629614725709,10.0
100,readset,discrete,432,216.056,1,published_after_gate_recheck,18.21885909885168,5.024717189371586,10.0
100,readset,continuous,433,216.733,1,published_after_gate_recheck,21.88319293782115,5.173294804990292,10.0
100,predicate,continuous,434,217.063,1,published_after_gate_recheck,18.75861221924424,4.382060375064611,10.0
100,readset,discrete,435,217.578,1,published_after_gate_recheck,16.769019421190023,4.363385960459709,10.0
100,global,continuous,436,218.188,0,context_version_changed_at_publish,26.231700088828802,8.88839503750205,10.0
100,predicate,continuous,437,218.743,1,published_after_gate_recheck,18.413453828543425,5.202689673751593,10.0
100,readset,continuous,438,219.228,1,published_after_gate_recheck,16.212464775890112,4.28540026769042,10.0
100,predicate,discrete,439,219.616,1,published_after_gate_recheck,16.211653128266335,4.505462013185024,10.0
100,predicate,discrete,440,220.219,1,published_after_gate_recheck,17.046067863702774,4.5794411562383175,10.0
100,readset,discrete,441,220.902,1,published_after_gate_recheck,19.192565232515335,4.616099875420332,10.0
100,global,discrete,442,221.469,1,published_after_gate_recheck,19.174572080373764,4.764507990330458,10.0
100,global,discrete,443,221.868,1,published_after_gate_recheck,16.598107758909464,4.811467137187719,10.0
100,readset,continuous,444,222.135,1,published_after_gate_recheck,17.19502778723836,4.356393124908209,10.0
100,predicate,continuous,445,222.881,1,published_after_gate_recheck,18.571140244603157,4.955526906996965,10.0
100,readset,discrete,446,223.074,1,published_after_gate_recheck,19.144045189023018,5.279664881527424,10.0
100,readset,continuous,447,223.897,1,published_after_gate_recheck,23.45628384500742,6.077852100133896,10.0
100,predicate,discrete,448,224.322,1,published_after_gate_recheck,16.810317058116198,4.830521997064352,10.0
100,readset,continuous,449,224.875,1,published_after_gate_recheck,16.2123441696167,4.146098624914885,10.0
100,readset,discrete,450,225.036,1,published_after_gate_recheck,15.503794886171818,4.223412834107876,10.0
100,readset,continuous,451,225.793,0,read_set_version_changed_at_gate,21.343340631574392,7.7798450365662575,10.0
100,global,discrete,452,226.344,1,published_after_gate_recheck,18.224719911813736,4.851171281188726,10.0
100,predicate,continuous,453,226.739,1,published_after_gate_recheck,16.472792718559504,4.389654844999313,10.0
100,global,continuous,454,227.315,1,published_after_gate_recheck,15.845797024667263,4.266154021024704,10.0
100,predicate,discrete,455,227.664,1,published_after_gate_recheck,17.52163004130125,4.214677028357983,10.0
100,predicate,continuous,456,228.135,1,published_after_gate_recheck,15.18811285495758,4.316648002713919,10.0
100,readset,continuous,457,228.53,1,published_after_gate_recheck,15.859493054449558,4.22998471185565,10.0
100,global,continuous,458,229.33,1,published_after_gate_recheck,16.079165041446686,4.610700067132711,10.0
100,global,continuous,459,229.828,1,published_after_gate_recheck,16.908099874854088,4.231086932122707,10.0
100,readset,discrete,460,230.322,1,published_after_gate_recheck,16.22133096680045,4.627350717782974,10.0
100,global,discrete,461,230.965,1,published_after_gate_recheck,17.348165158182383,4.9095009453594685,10.0
100,predicate,continuous,462,231.223,1,published_after_gate_recheck,15.641673933714628,3.8767517544329166,10.0
100,predicate,discrete,463,231.814,1,published_after_gate_recheck,16.281845048069954,4.448445048183203,10.0
100,global,continuous,464,232.305,1,published_after_gate_recheck,18.211835995316505,4.858553875237703,10.0
100,readset,continuous,465,232.969,1,published_after_gate_recheck,17.801164649426937,4.697111900895834,10.0
100,readset,continuous,466,233.031,1,published_after_gate_recheck,19.197323825210333,4.9346270971000195,10.0
100,readset,continuous,467,233.599,1,published_after_gate_recheck,31.899163033813238,7.260780781507492,10.0
100,predicate,discrete,468,234.143,1,published_after_gate_recheck,17.692781053483486,4.862491972744465,10.0
100,readset,continuous,469,234.571,1,published_after_gate_recheck,18.911749124526978,4.63977362960577,10.0
100,predicate,discrete,470,235.167,1,published_after_gate_recheck,19.3525948561728,4.586423747241497,10.0
100,readset,discrete,471,235.828,1,published_after_gate_recheck,17.26806489750743,5.144550930708647,10.0
100,predicate,discrete,472,236.214,1,published_after_gate_recheck,17.58611062541604,4.982416983693838,10.0
100,predicate,continuous,473,236.528,1,published_after_gate_recheck,17.70908199250698,4.868253134191036,10.0
100,global,discrete,474,237.262,1,published_after_gate_recheck,17.83926598727703,4.899731837213039,10.0
100,predicate,continuous,475,237.655,1,published_after_gate_recheck,18.171680625528097,4.9867951311171055,10.0
100,predicate,continuous,476,238.26,1,published_after_gate_recheck,18.739025108516216,4.828327801078558,10.0
100,global,continuous,477,238.631,1,published_after_gate_recheck,19.48633696883917,4.768294747918844,10.0
100,predicate,continuous,478,239.066,1,published_after_gate_recheck,18.97435588762164,4.9235159531235695,10.0
100,predicate,continuous,479,239.962,1,published_after_gate_recheck,19.141078926622868,4.820773843675852,10.0
100,readset,discrete,480,240.249,1,published_after_gate_recheck,17.37650902941823,4.603896755725145,10.0
100,readset,continuous,481,240.717,1,published_after_gate_recheck,16.71347487717867,4.138032905757427,10.0
100,predicate,continuous,482,241.204,1,published_after_gate_recheck,18.050672952085733,4.637550096958876,10.0
100,predicate,discrete,483,241.648,1,published_after_gate_recheck,19.926532171666622,4.90425992757082,10.0
100,global,continuous,484,242.399,1,published_after_gate_recheck,22.38716883584857,4.682644736021757,10.0
100,predicate,discrete,485,242.873,1,published_after_gate_recheck,19.288305193185806,4.795756656676531,10.0
100,predicate,continuous,486,243.251,1,published_after_gate_recheck,18.860351759940386,4.879354033619165,10.0
100,global,continuous,487,243.74,1,published_after_gate_recheck,20.163617096841335,7.2508929297327995,10.0
100,global,continuous,488,244.249,1,published_after_gate_recheck,19.25178663805127,4.473041743040085,10.0
100,readset,continuous,489,244.688,1,published_after_gate_recheck,19.397349562495947,4.685299936681986,10.0
100,readset,continuous,490,245.443,1,published_after_gate_recheck,16.932666301727295,4.68360586091876,10.0
100,global,continuous,491,245.895,0,context_version_changed_at_publish,22.94078702107072,6.672297138720751,10.0
100,readset,discrete,492,246.172,1,published_after_gate_recheck,16.924209892749786,4.210870247334242,10.0
100,readset,discrete,493,246.753,1,published_after_gate_recheck,18.855844158679247,4.840451292693615,10.0
100,predicate,discrete,494,247.061,1,published_after_gate_recheck,16.600903123617172,4.506614990532398,10.0
100,global,discrete,495,247.513,1,published_after_gate_recheck,17.6879926584661,4.493811167776585,10.0
100,predicate,continuous,496,248.469,1,published_after_gate_recheck,18.765094224363565,4.75954869762063,10.0
100,predicate,discrete,497,248.765,1,published_after_gate_recheck,21.772675681859255,4.872049670666456,10.0
100,readset,discrete,498,249.358,1,published_after_gate_recheck,16.90295012667775,4.455178044736385,10.0
100,readset,discrete,499,249.705,1,published_after_gate_recheck,18.354201689362526,5.197090096771717,10.0
100,predicate,discrete,500,250.113,1,published_after_gate_recheck,19.693655893206596,6.099632941186428,10.0
100,readset,discrete,501,250.646,1,published_after_gate_recheck,16.76668506115675,4.545818082988262,10.0
100,readset,continuous,502,251.407,1,published_after_gate_recheck,17.740090377628803,4.525759723037481,10.0
100,global,continuous,503,251.619,1,published_after_gate_recheck,17.09625218063593,4.664801061153412,10.0
100,readset,discrete,504,252.464,1,published_after_gate_recheck,19.248730968683958,4.981395322829485,10.0
100,global,discrete,505,252.651,1,published_after_gate_recheck,17.200198024511337,4.77872509509325,10.0
100,predicate,continuous,506,253.472,1,published_after_gate_recheck,16.51431107893586,4.619776271283627,10.0
100,predicate,continuous,507,253.592,1,published_after_gate_recheck,15.763523057103157,4.329883027821779,10.0
100,global,continuous,508,254.324,1,published_after_gate_recheck,16.74186810851097,4.692824091762304,10.0
100,predicate,continuous,509,254.8,1,published_after_gate_recheck,19.36835516244173,4.830162040889263,10.0
100,global,discrete,510,255.128,1,published_after_gate_recheck,17.168207094073296,4.449237138032913,10.0
100,readset,discrete,511,255.53,1,published_after_gate_recheck,17.06082560122013,4.459286108613014,10.0
100,readset,continuous,512,256.426,1,published_after_gate_recheck,19.31957295164466,5.020438227802515,10.0
100,global,discrete,513,256.796,0,context_version_changed_at_publish,19.937603268772364,6.183169782161713,10.0
100,readset,continuous,514,257.17,1,published_after_gate_recheck,19.63321166113019,4.709093831479549,10.0
100,readset,discrete,515,257.548,1,published_after_gate_recheck,17.672312911599874,4.715505987405777,10.0
100,readset,continuous,516,258.486,1,published_after_gate_recheck,17.768504098057747,4.677705001085997,10.0
100,predicate,discrete,517,258.978,1,published_after_gate_recheck,18.614040222018957,5.0612548366189,10.0
100,readset,discrete,518,259.243,1,published_after_gate_recheck,17.73527218028903,4.596312064677477,10.0
100,global,discrete,519,259.866,1,published_after_gate_recheck,17.75713311508298,4.814141895622015,10.0
100,predicate,discrete,520,260.306,1,published_after_gate_recheck,15.949963126331568,4.500954411923885,10.0
100,global,discrete,521,260.799,1,published_after_gate_recheck,20.687139127403498,4.264831077307463,10.0
100,readset,continuous,522,261.229,1,published_after_gate_recheck,16.238934826105833,4.918277263641357,10.0
100,readset,continuous,523,261.597,1,published_after_gate_recheck,26.026166044175625,6.938025821000338,10.0
100,readset,discrete,524,262.019,1,published_after_gate_recheck,16.193619929254055,4.13008825853467,10.0
100,readset,discrete,525,262.993,1,published_after_gate_recheck,21.056432276964188,8.144187740981579,10.0
100,readset,discrete,526,263.11,1,published_after_gate_recheck,16.608166974037886,4.393062088638544,10.0
100,global,discrete,527,263.689,1,published_after_gate_recheck,17.294744960963726,4.770068917423487,10.0
100,global,continuous,528,264.167,1,published_after_gate_recheck,17.259377986192703,4.802469164133072,10.0
100,global,discrete,529,264.907,1,published_after_gate_recheck,15.836849808692932,4.473863169550896,10.0
100,predicate,discrete,530,265.429,1,published_after_gate_recheck,19.63197998702526,4.683125764131546,10.0
100,global,continuous,531,265.585,1,published_after_gate_recheck,17.149162013083696,4.7335512936115265,10.0
100,predicate,discrete,532,266.116,1,published_after_gate_recheck,17.62781012803316,4.840020090341568,10.0
100,global,discrete,533,266.613,1,published_after_gate_recheck,16.585243865847588,4.56090597435832,10.0
100,readset,continuous,534,267.064,1,published_after_gate_recheck,16.955317929387093,4.2039561085402966,10.0
100,readset,continuous,535,267.783,1,published_after_gate_recheck,17.537049017846584,4.863683599978685,10.0
100,predicate,continuous,536,268.383,1,published_after_gate_recheck,16.201735008507967,4.442764911800623,10.0
100,predicate,discrete,537,268.868,1,published_after_gate_recheck,15.732895117253065,4.107885994017124,10.0
100,predicate,discrete,538,269.265,1,published_after_gate_recheck,15.865633729845285,4.11524111405015,10.0
100,readset,discrete,539,269.696,1,published_after_gate_recheck,18.633326049894094,5.8019449934363365,10.0
100,global,continuous,540,270.238,1,published_after_gate_recheck,15.928892884403467,3.821719903498888,10.0
100,global,continuous,541,270.987,1,published_after_gate_recheck,16.618617344647646,4.446891602128744,10.0
100,global,continuous,542,271.475,1,published_after_gate_recheck,16.62822486832738,4.4858562760055065,10.0
100,global,continuous,543,271.514,1,published_after_gate_recheck,14.683175832033157,4.084291867911816,10.0
100,predicate,continuous,544,272.478,1,published_after_gate_recheck,17.635484226047993,4.639533814042807,10.0
100,predicate,continuous,545,272.796,1,published_after_gate_recheck,20.67174995318055,6.994049996137619,10.0
100,readset,discrete,546,273.259,1,published_after_gate_recheck,16.451763920485973,4.260662943124771,10.0
100,predicate,discrete,547,273.968,1,published_after_gate_recheck,19.930179230868816,4.937413148581982,10.0
100,predicate,continuous,548,274.167,1,published_after_gate_recheck,20.40812512859702,5.220163147896528,10.0
100,predicate,continuous,549,274.755,1,published_after_gate_recheck,17.204295843839645,4.444137681275606,10.0
100,global,discrete,550,275.289,1,published_after_gate_recheck,17.18182396143675,4.613715223968029,10.0
100,global,discrete,551,275.731,1,published_after_gate_recheck,18.28885031864047,4.728049971163273,10.0
100,readset,continuous,552,276.276,1,published_after_gate_recheck,17.75532867759466,4.508557729423046,10.0
100,readset,continuous,553,276.699,1,published_after_gate_recheck,23.239857982844114,5.26592880487442,10.0
100,readset,continuous,554,277.053,1,published_after_gate_recheck,18.83601676672697,4.9505578354001045,10.0
100,global,continuous,555,277.715,1,published_after_gate_recheck,17.775146756321192,4.1358289308846,10.0
100,global,discrete,556,278.16,1,published_after_gate_recheck,18.441967200487852,4.694126080721617,10.0
100,global,discrete,557,278.779,1,published_after_gate_recheck,16.71459712088108,4.6444241888821125,10.0
100,readset,continuous,558,279.232,1,published_after_gate_recheck,18.151603173464537,4.725184291601181,10.0
100,global,discrete,559,279.547,1,published_after_gate_recheck,16.052314080297947,4.334821831434965,10.0
100,global,continuous,560,280.074,1,published_after_gate_recheck,17.379504162818193,4.215368069708347,10.0
100,readset,continuous,561,280.573,1,published_after_gate_recheck,19.43525020033121,4.794012755155563,10.0
100,global,continuous,562,281.492,0,context_version_changed_at_publish,23.64440681412816,9.31062689051032,10.0
100,global,continuous,563,281.657,1,published_after_gate_recheck,18.377837259322405,4.491815809160471,10.0
100,predicate,discrete,564,282.19,1,published_after_gate_recheck,18.545471131801605,4.651496186852455,10.0
100,readset,continuous,565,282.662,1,published_after_gate_recheck,18.882244359701872,4.593437071889639,10.0
100,predicate,discrete,566,283.321,1,published_after_gate_recheck,19.31415358558297,4.7203958965837955,10.0
100,predicate,continuous,567,283.733,1,published_after_gate_recheck,18.55236431583762,4.621569998562336,10.0
100,readset,discrete,568,284.226,1,published_after_gate_recheck,18.16685125231743,4.503016825765371,10.0
100,predicate,discrete,569,284.793,1,published_after_gate_recheck,21.907268092036247,8.781744167208672,10.0
100,readset,discrete,570,285.5,1,published_after_gate_recheck,19.3777228705585,4.096454940736294,10.0
100,predicate,continuous,571,285.952,1,published_after_gate_recheck,19.028217066079378,4.809563048183918,10.0
100,readset,discrete,572,286.11,1,published_after_gate_recheck,16.799426171928644,4.14012698456645,10.0
100,global,continuous,573,286.671,1,published_after_gate_recheck,18.641200847923756,4.642961081117392,10.0
100,readset,discrete,574,287.027,1,published_after_gate_recheck,18.592590000480413,4.9864137545228004,10.0
100,global,discrete,575,287.659,1,published_after_gate_recheck,16.337929759174585,4.189880099147558,10.0
100,global,discrete,576,288.257,1,published_after_gate_recheck,17.214804887771606,4.610278178006411,10.0
100,readset,discrete,577,288.775,1,published_after_gate_recheck,16.151961870491505,4.780619405210018,10.0
100,readset,discrete,578,289.113,1,published_after_gate_recheck,16.829472966492176,4.533655010163784,10.0
100,global,continuous,579,289.525,1,published_after_gate_recheck,16.56117895618081,4.493930842727423,10.0
100,readset,discrete,580,290.224,1,published_after_gate_recheck,16.36051293462515,4.204507917165756,10.0
100,global,continuous,581,290.846,1,published_after_gate_recheck,17.01071299612522,4.545066971331835,10.0
100,predicate,continuous,582,291.158,1,published_after_gate_recheck,17.33787590637803,4.7789448872208595,10.0
100,predicate,continuous,583,291.88,1,published_after_gate_recheck,15.708137769252062,3.988982643932104,10.0
100,readset,discrete,584,292.326,1,published_after_gate_recheck,15.856767073273659,4.208486061543226,10.0
100,global,discrete,585,292.549,1,published_after_gate_recheck,16.743510961532593,4.54163970425725,10.0
100,global,continuous,586,293.101,1,published_after_gate_recheck,18.512700218707323,4.856501240283251,10.0
100,global,discrete,587,293.845,1,published_after_gate_recheck,17.178586684167385,4.9378233961761,10.0
100,readset,continuous,588,294.405,1,published_after_gate_recheck,15.905959997326136,3.9739152416586876,10.0
100,predicate,discrete,589,294.859,1,published_after_gate_recheck,17.569319810718298,4.569211974740028,10.0
100,global,discrete,590,295.107,1,published_after_gate_recheck,15.536918304860592,4.081346094608307,10.0
100,predicate,discrete,591,295.676,1,published_after_gate_recheck,16.476551070809364,4.379536025226116,10.0
100,global,continuous,592,296.171,1,published_after_gate_recheck,18.600174225866795,4.918336868286133,10.0
100,readset,continuous,593,296.572,1,published_after_gate_recheck,17.022334039211273,4.335333127528429,10.0
100,predicate,continuous,594,297.383,1,published_after_gate_recheck,18.290814012289047,4.980052821338177,10.0
100,readset,continuous,595,297.507,1,published_after_gate_recheck,16.967591363936663,4.790828097611666,10.0
100,global,discrete,596,298.404,1,published_after_gate_recheck,16.643983777612448,4.482308868318796,10.0
100,global,discrete,597,298.936,1,published_after_gate_recheck,17.462640069425106,4.50311740860343,10.0
100,global,continuous,598,299.311,1,published_after_gate_recheck,18.252922222018242,4.808781202882528,10.0
100,predicate,discrete,599,299.948,1,published_after_gate_recheck,17.161594703793526,4.487307742238045,10.0
10,predicate,continuous,0,0.326,1,published_after_gate_recheck,17.901834100484848,5.476414225995541,77.0
10,predicate,discrete,1,0.547,1,published_after_gate_recheck,20.436197984963655,4.597825929522514,77.0
10,readset,discrete,2,1.344,1,published_after_gate_recheck,18.54255609214306,6.370221264660358,77.0
10,readset,discrete,3,1.504,1,published_after_gate_recheck,20.288431085646152,7.48828798532486,77.0
10,readset,discrete,4,2.054,1,published_after_gate_recheck,19.65519366785884,8.224819786846638,77.0
10,predicate,continuous,5,2.651,1,published_after_gate_recheck,17.92818307876587,4.94080875068903,77.0
10,readset,discrete,6,3.042,1,published_after_gate_recheck,17.322436906397343,4.938744939863682,77.0
10,readset,continuous,7,3.527,1,published_after_gate_recheck,20.294723100960255,4.336464684456587,77.0
10,readset,discrete,8,4.108,1,published_after_gate_recheck,21.584241650998592,5.241474136710167,77.0
10,readset,discrete,9,4.833,1,published_after_gate_recheck,20.26797318831086,6.8643479607999325,77.0
10,readset,discrete,10,5.223,1,published_after_gate_recheck,20.7581021822989,8.326671086251736,77.0
10,global,continuous,11,5.764,0,context_version_changed_at_publish,20.556594245135784,7.601149845868349,77.0
10,readset,discrete,12,6.421,1,published_after_gate_recheck,16.48385403677821,4.770900122821331,77.0
10,readset,continuous,13,6.668,1,published_after_gate_recheck,21.124088671058416,4.4991509057581425,77.0
10,global,discrete,14,7.054,0,context_version_changed_at_publish,19.726977683603764,7.165031973272562,77.0
10,readset,continuous,15,7.813,0,read_set_version_changed_at_gate,20.590006839483976,9.0610277839005,77.0
10,predicate,discrete,16,8.14,1,published_after_gate_recheck,24.43353785201907,8.188141975551844,77.0
10,global,discrete,17,8.637,0,context_version_changed_at_publish,20.165931899100542,7.643047720193863,77.0
10,readset,discrete,18,9.003,1,published_after_gate_recheck,20.03823174163699,7.3229181580245495,77.0
10,global,discrete,19,9.699,1,published_after_gate_recheck,17.85083767026663,4.092426970601082,77.0
10,predicate,discrete,20,10.275,1,published_after_gate_recheck,20.959380082786083,6.725917104631662,77.0
10,readset,discrete,21,10.883,1,published_after_gate_recheck,21.02986304089427,8.426006883382797,77.0
10,readset,continuous,22,11.244,0,read_set_version_changed_at_gate,21.08537731692195,6.6629997454583645,77.0
10,readset,continuous,23,11.663,1,published_after_gate_recheck,21.16940403357148,7.468109950423241,77.0
10,global,discrete,24,12.322,0,context_version_changed_at_publish,21.848246920853853,9.313922841101885,77.0
10,predicate,discrete,25,12.885,1,published_after_gate_recheck,19.600891042500734,6.7759919911623,77.0
10,readset,continuous,26,13.222,0,read_set_version_changed_at_gate,21.381983067840338,8.115964941680431,77.0
10,predicate,discrete,27,13.883,1,published_after_gate_recheck,20.291828084737062,8.681615814566612,77.0
10,global,discrete,28,14.45,1,published_after_gate_recheck,17.940697260200977,4.445329774171114,77.0
10,readset,continuous,29,14.704,0,read_set_version_changed_at_gate,19.584681373089552,7.693713065236807,77.0
10,predicate,continuous,30,15.015,1,published_after_gate_recheck,18.483814783394337,6.307482719421387,77.0
10,readset,continuous,31,15.581,0,read_set_version_changed_at_gate,23.202448152005672,9.36444802209735,77.0
10,global,continuous,32,16.448,0,context_version_changed_at_publish,25.61889123171568,9.131059981882572,77.0
10,predicate,discrete,33,16.819,1,published_after_gate_recheck,19.592746626585722,4.334602039307356,77.0
10,global,continuous,34,17.008,1,published_after_gate_recheck,20.561082288622856,4.28875582292676,77.0
10,global,discrete,35,17.842,0,context_version_changed_at_publish,19.90269822999835,7.124816067516804,77.0
10,predicate,discrete,36,18.347,1,published_after_gate_recheck,18.19239929318428,6.779327988624573,77.0
10,predicate,discrete,37,18.801,1,published_after_gate_recheck,18.57895404100418,5.223038140684366,77.0
10,readset,discrete,38,19.429,1,published_after_gate_recheck,19.762735348194838,4.969052039086819,77.0
10,readset,discrete,39,19.583,1,published_after_gate_recheck,21.021897438913584,8.692646864801645,77.0
10,predicate,continuous,40,20.161,1,published_after_gate_recheck,23.31257378682494,8.203329984098673,77.0
10,predicate,discrete,41,20.702,1,published_after_gate_recheck,22.78407383710146,9.733651299029589,77.0
10,readset,discrete,42,21.271,1,published_after_gate_recheck,16.68970985338092,4.499020986258984,77.0
10,global,continuous,43,21.911,1,published_after_gate_recheck,16.017198096960783,3.9560822769999504,77.0
10,predicate,continuous,44,22.437,1,published_after_gate_recheck,26.311530731618404,8.022590074688196,77.0
10,predicate,discrete,45,22.501,1,published_after_gate_recheck,16.859358176589012,4.5686508528888226,77.0
10,predicate,continuous,46,23.339,1,published_after_gate_recheck,17.87585625424981,4.585581831634045,77.0
10,readset,discrete,47,23.848,1,published_after_gate_recheck,25.951985735446215,9.433798026293516,77.0
10,global,continuous,48,24.315,0,context_version_changed_at_publish,20.803708117455244,5.018103867769241,77.0
10,predicate,continuous,49,24.627,1,published_after_gate_recheck,19.461278803646564,5.866506136953831,77.0
10,predicate,continuous,50,25.182,1,published_after_gate_recheck,22.17760542407632,8.055041078478098,77.0
10,predicate,discrete,51,25.913,1,published_after_gate_recheck,21.111395210027695,7.8715370036661625,77.0
10,global,continuous,52,26.278,1,published_after_gate_recheck,22.426542825996876,5.27616823092103,77.0
10,global,discrete,53,26.553,0,context_version_changed_at_publish,23.769352119416,8.417049888521433,77.0
10,readset,discrete,54,27.105,1,published_after_gate_recheck,17.24659511819482,5.56240463629365,77.0
10,readset,continuous,55,27.693,0,read_set_version_changed_at_gate,20.027602091431618,9.379795752465725,77.0
10,global,continuous,56,28.489,1,published_after_gate_recheck,18.99651810526848,4.52403724193573,77.0
10,readset,continuous,57,28.84,1,published_after_gate_recheck,18.700052052736282,4.879283253103495,77.0
10,predicate,continuous,58,29.35,1,published_after_gate_recheck,23.00808299332857,8.374110329896212,77.0
10,predicate,continuous,59,29.622,1,published_after_gate_recheck,20.967325195670128,8.891690988093615,77.0
10,global,continuous,60,30.234,0,context_version_changed_at_publish,20.260609220713377,7.350218947976828,77.0
10,global,discrete,61,30.73,0,context_version_changed_at_publish,25.149670895189047,9.814963210374117,77.0
10,readset,continuous,62,31.343,0,read_set_version_changed_at_gate,22.970151621848345,8.731599897146225,77.0
10,global,discrete,63,31.508,1,published_after_gate_recheck,19.65869963169098,4.567187745124102,77.0
10,global,continuous,64,32.138,1,published_after_gate_recheck,19.69208288937807,4.399983678013086,77.0
10,readset,continuous,65,32.507,0,read_set_version_changed_at_gate,15.968335792422295,5.013644695281982,77.0
10,predicate,discrete,66,33.403,1,published_after_gate_recheck,23.378227837383747,5.4352767765522,77.0
10,predicate,continuous,67,33.84,1,published_after_gate_recheck,24.76002974435687,9.528035297989845,77.0
10,readset,continuous,68,34.375,0,read_set_version_changed_at_gate,19.06854286789894,5.448982119560242,77.0
10,predicate,discrete,69,34.64,1,published_after_gate_recheck,18.644877709448338,4.57824906334281,77.0
10,global,continuous,70,35.493,0,context_version_changed_at_publish,20.42904496192932,8.299019187688828,77.0
10,readset,discrete,71,35.868,1,published_after_gate_recheck,16.857844777405262,4.335031844675541,77.0
10,readset,continuous,72,36.422,1,published_after_gate_recheck,17.168658785521984,4.816696979105473,77.0
10,readset,continuous,73,36.773,0,read_set_version_changed_at_gate,21.495766006410122,8.911669254302979,77.0
10,global,discrete,74,37.313,0,context_version_changed_at_publish,22.12942484766245,7.130127400159836,77.0
10,global,continuous,75,37.743,0,context_version_changed_at_publish,20.705703645944595,8.2247001118958,77.0
10,readset,continuous,76,38.376,0,read_set_version_changed_at_gate,17.988316249102354,6.6498052328825,77.0
10,predicate,continuous,77,38.984,1,published_after_gate_recheck,19.428177271038294,7.223200984299183,77.0
10,predicate,discrete,78,39.328,1,published_after_gate_recheck,25.08718380704522,8.396912831813097,77.0
10,global,discrete,79,39.895,0,context_version_changed_at_publish,16.85474021360278,5.891353357583284,77.0
10,predicate,discrete,80,40.099,1,published_after_gate_recheck,19.113006070256233,4.1817049495875835,77.0
10,predicate,continuous,81,40.95,1,published_after_gate_recheck,24.121682159602642,8.836416993290186,77.0
10,predicate,continuous,82,41.3,1,published_after_gate_recheck,22.484511137008667,8.24629981070757,77.0
10,predicate,continuous,83,41.857,1,published_after_gate_recheck,26.956920977681875,9.144916199147701,77.0
10,predicate,discrete,84,42.402,1,published_after_gate_recheck,22.6261168718338,9.309004060924053,77.0
10,readset,continuous,85,42.773,1,published_after_gate_recheck,16.10352098941803,4.975064191967249,77.0
10,global,continuous,86,43.004,0,context_version_changed_at_publish,19.927744287997484,7.375587243586779,77.0
10,predicate,discrete,87,43.641,1,published_after_gate_recheck,26.08588756993413,12.701047118753195,77.0
10,readset,continuous,88,44.088,1,published_after_gate_recheck,19.39534582197666,4.885775037109852,77.0
10,readset,continuous,89,44.545,0,read_set_version_changed_at_gate,19.86641902476549,7.46961310505867,77.0
10,global,continuous,90,45.235,0,context_version_changed_at_publish,17.818949185311794,5.540754646062851,77.0
10,readset,discrete,91,45.537,1,published_after_gate_recheck,19.736445043236017,6.2071350403130054,77.0
10,readset,discrete,92,46.189,1,published_after_gate_recheck,19.837796222418547,4.673046059906483,77.0
10,global,discrete,93,46.858,1,published_after_gate_recheck,19.885335117578506,4.261685069650412,77.0
10,predicate,continuous,94,47.257,1,published_after_gate_recheck,22.220315877348185,5.679294932633638,77.0
10,readset,continuous,95,47.633,0,read_set_version_changed_at_gate,19.680070225149393,8.074497804045677,77.0
10,readset,discrete,96,48.287,1,published_after_gate_recheck,19.596613012254238,7.017404772341251,77.0
10,predicate,continuous,97,48.902,1,published_after_gate_recheck,25.782848708331585,9.08493297174573,77.0
10,predicate,continuous,98,49.138,1,published_after_gate_recheck,26.13757411018014,8.654214907437563,77.0
10,predicate,discrete,99,49.513,1,published_after_gate_recheck,20.092754624783993,7.584708742797375,77.0
10,global,discrete,100,50.031,0,context_version_changed_at_publish,24.92093201726675,7.619443815201521,77.0
10,readset,continuous,101,50.62,0,read_set_version_changed_at_gate,26.043858844786882,10.713639203459024,77.0
10,global,continuous,102,51.003,0,context_version_changed_at_publish,21.728163119405508,9.267415851354599,77.0
10,predicate,discrete,103,51.587,1,published_after_gate_recheck,19.678426906466484,6.993719842284918,77.0
10,global,discrete,104,52.263,0,context_version_changed_at_publish,21.33630681782961,8.753390982747078,77.0
10,predicate,discrete,105,52.719,1,published_after_gate_recheck,25.479349307715893,9.735723957419395,77.0
10,predicate,discrete,106,53.474,1,published_after_gate_recheck,19.998628180474043,7.080091629177332,77.0
10,predicate,discrete,107,53.616,1,published_after_gate_recheck,18.532896880060434,6.524380296468735,77.0
10,readset,continuous,108,54.418,0,read_set_version_changed_at_gate,27.615356724709272,11.690611951053143,77.0
10,predicate,continuous,109,54.979,1,published_after_gate_recheck,25.1113991253078,9.368294849991798,77.0
10,global,continuous,110,55.191,1,published_after_gate_recheck,17.565061803907156,5.0877053290605545,77.0
10,global,discrete,111,55.556,0,context_version_changed_at_publish,19.344691187143326,6.418411154299974,77.0
10,readset,discrete,112,56.17,1,published_after_gate_recheck,29.821194242686033,10.749215725809336,77.0
10,global,continuous,113,56.877,1,published_after_gate_recheck,20.308058243244886,4.759648814797401,77.0
10,readset,continuous,114,57.135,0,read_set_version_changed_at_gate,20.17222298309207,7.475083228200674,77.0
10,predicate,continuous,115,57.747,1,published_after_gate_recheck,21.487942431122065,4.871218930929899,77.0
10,readset,discrete,116,58.12,1,published_after_gate_recheck,19.36683338135481,5.247233901172876,77.0
10,global,discrete,117,58.723,0,context_version_changed_at_publish,19.5986470207572,7.96261802315712,77.0
10,readset,continuous,118,59.4,0,read_set_version_changed_at_gate,23.348692804574966,9.256575256586075,77.0
10,readset,discrete,119,59.937,1,published_after_gate_recheck,17.300665844231844,5.713188089430332,77.0
10,predicate,continuous,120,60.115,1,published_after_gate_recheck,19.564262125641108,7.335992064327002,77.0
10,predicate,discrete,121,60.754,1,published_after_gate_recheck,16.3830341771245,4.81253769248724,77.0
10,global,discrete,122,61.268,1,published_after_gate_recheck,20.399189088493586,4.1664461605250835,77.0
10,readset,continuous,123,61.838,1,published_after_gate_recheck,20.13006480410695,4.848996642976999,77.0
10,predicate,continuous,124,62.354,1,published_after_gate_recheck,16.56913384795189,4.329361952841282,77.0
10,global,discrete,125,62.843,0,context_version_changed_at_publish,23.487623315304518,6.341936998069286,77.0
10,global,discrete,126,63.492,0,context_version_changed_at_publish,21.007950883358717,8.888674899935722,77.0
10,global,discrete,127,63.561,1,published_after_gate_recheck,17.911251168698072,4.718111827969551,77.0
10,readset,discrete,128,64.053,1,published_after_gate_recheck,21.134087815880775,9.023617953062057,77.0
10,predicate,continuous,129,64.764,1,published_after_gate_recheck,25.15210583806038,10.462857782840729,77.0
10,readset,continuous,130,65.171,1,published_after_gate_recheck,23.208449129015207,7.702309638261795,77.0
10,readset,discrete,131,65.557,1,published_after_gate_recheck,22.258167155086994,4.515349864959717,77.0
10,predicate,continuous,132,66.025,1,published_after_gate_recheck,19.72555508837104,7.837673183530569,77.0
10,predicate,continuous,133,66.734,1,published_after_gate_recheck,16.506516840308905,4.617501981556416,77.0
10,predicate,discrete,134,67.297,1,published_after_gate_recheck,17.934225033968687,4.524338059127331,77.0
10,readset,continuous,135,67.7,1,published_after_gate_recheck,20.125635899603367,4.7118100337684155,77.0
10,global,discrete,136,68.37,1,published_after_gate_recheck,18.788237124681473,4.558773245662451,77.0
10,readset,discrete,137,68.596,1,published_after_gate_recheck,16.84248587116599,4.285950213670731,77.0
10,predicate,discrete,138,69.347,1,published_after_gate_recheck,16.664843074977398,4.446863196790218,77.0
10,global,continuous,139,69.962,1,published_after_gate_recheck,16.217393800616264,4.7585670836269855,77.0
10,readset,discrete,140,70.355,1,published_after_gate_recheck,17.134714871644974,5.959911271929741,77.0
10,global,continuous,141,70.717,0,context_version_changed_at_publish,18.8202066347003,6.355703808367252,77.0
10,global,discrete,142,71.006,0,context_version_changed_at_publish,17.393269576132298,6.561669986695051,77.0
10,readset,discrete,143,71.875,1,published_after_gate_recheck,16.54333481565118,4.583057947456837,77.0
10,readset,discrete,144,72.497,1,published_after_gate_recheck,19.90856882184744,4.717480391263962,77.0
10,predicate,continuous,145,72.979,1,published_after_gate_recheck,18.82727025076747,4.6354662626981735,77.0
10,predicate,discrete,146,73.275,1,published_after_gate_recheck,19.72249010577798,8.065300062298775,77.0
10,readset,continuous,147,73.551,1,published_after_gate_recheck,16.254063230007887,4.6225618571043015,77.0
10,global,discrete,148,74.025,0,context_version_changed_at_publish,19.134335685521364,6.436134222894907,77.0
10,readset,continuous,149,74.754,1,published_after_gate_recheck,18.719238229095936,5.688622128218412,77.0
10,global,continuous,150,75.423,0,context_version_changed_at_publish,19.01702582836151,7.644610945135355,77.0
10,readset,discrete,151,75.997,1,published_after_gate_recheck,18.006039317697287,5.829916801303625,77.0
10,global,continuous,152,76.256,0,context_version_changed_at_publish,19.31586628779769,6.7966110073029995,77.0
10,readset,discrete,153,76.735,1,published_after_gate_recheck,15.912932809442282,4.618905019015074,77.0
10,global,discrete,154,77.086,0,context_version_changed_at_publish,18.61762721091509,6.53656292706728,77.0
10,global,discrete,155,77.975,0,context_version_changed_at_publish,19.420393276959658,6.530230864882469,77.0
10,global,continuous,156,78.311,1,published_after_gate_recheck,18.246200401335955,4.661494866013527,77.0
10,predicate,continuous,157,78.693,1,published_after_gate_recheck,21.145048085600138,10.044232942163944,77.0
10,global,discrete,158,79.443,0,context_version_changed_at_publish,20.293881185352802,8.35427176207304,77.0
10,global,continuous,159,79.717,0,context_version_changed_at_publish,28.753572143614292,7.667805068194866,77.0
10,global,discrete,160,80.405,1,published_after_gate_recheck,18.873486667871475,5.102162249386311,77.0
10,predicate,continuous,161,80.9,1,published_after_gate_recheck,20.53890097886324,5.168505944311619,77.0
10,global,continuous,162,81.28,0,context_version_changed_at_publish,23.89905508607626,9.840531274676323,77.0
10,predicate,continuous,163,81.797,1,published_after_gate_recheck,18.75307084992528,5.275166127830744,77.0
10,predicate,continuous,164,82.045,1,published_after_gate_recheck,20.096079912036657,5.4563661105930805,77.0
10,readset,discrete,165,82.639,1,published_after_gate_recheck,18.982260953634977,5.00193377956748,77.0
10,predicate,discrete,166,83.032,1,published_after_gate_recheck,17.477286979556084,5.169898737221956,77.0
10,global,discrete,167,83.607,1,published_after_gate_recheck,20.16296610236168,4.44829510524869,77.0
10,predicate,discrete,168,84.149,1,published_after_gate_recheck,19.315035082399845,4.172257147729397,77.0
10,global,discrete,169,84.586,0,context_version_changed_at_publish,17.98842614516616,5.739407148212194,77.0
10,readset,discrete,170,85.415,1,published_after_gate_recheck,18.41690018773079,7.651123218238354,77.0
10,readset,continuous,171,85.532,0,read_set_version_changed_at_gate,21.222793962806463,8.545090910047293,77.0
10,readset,continuous,172,86.182,1,published_after_gate_recheck,16.00243104621768,4.355921875685453,77.0
10,readset,discrete,173,86.776,1,published_after_gate_recheck,17.499049194157124,5.9242649003863335,77.0
10,predicate,discrete,174,87.049,1,published_after_gate_recheck,16.45826594904065,4.330805037170649,77.0
10,readset,continuous,175,87.541,1,published_after_gate_recheck,20.99672006443143,4.764408338814974,77.0
10,global,continuous,176,88.349,1,published_after_gate_recheck,16.13566093146801,4.673216957598925,77.0
10,predicate,discrete,177,88.965,1,published_after_gate_recheck,19.32523399591446,6.548464763909578,77.0
10,readset,discrete,178,89.083,1,published_after_gate_recheck,20.240060053765774,8.97665973752737,77.0
10,global,discrete,179,89.555,0,context_version_changed_at_publish,18.603050149977207,6.537052802741528,77.0
10,global,discrete,180,90.349,1,published_after_gate_recheck,16.206203028559685,4.636037163436413,77.0
10,predicate,discrete,181,90.856,1,published_after_gate_recheck,17.364625819027424,6.010044831782579,77.0
10,predicate,continuous,182,91.351,1,published_after_gate_recheck,16.577530186623335,4.740723874419928,77.0
10,predicate,discrete,183,91.998,1,published_after_gate_recheck,21.920202765613794,8.963164873421192,77.0
10,readset,continuous,184,92.452,1,published_after_gate_recheck,15.827242285013199,3.988963086158037,77.0
10,global,continuous,185,92.667,0,context_version_changed_at_publish,17.627759836614132,6.007190328091383,77.0
10,predicate,discrete,186,93.432,1,published_after_gate_recheck,23.63355690613389,9.949134662747383,77.0
10,global,continuous,187,93.849,1,published_after_gate_recheck,17.932771705091,4.836564417928457,77.0
10,global,discrete,188,94.072,1,published_after_gate_recheck,17.807265743613243,5.23401889950037,77.0
10,global,discrete,189,94.842,1,published_after_gate_recheck,15.933991875499487,4.651116207242012,77.0
10,readset,discrete,190,95.36,1,published_after_gate_recheck,24.508418049663305,9.994769934564829,77.0
10,global,discrete,191,95.93,0,context_version_changed_at_publish,24.466189090162516,9.79131879284978,77.0
10,readset,continuous,192,96.41,1,published_after_gate_recheck,18.28299928456545,5.053490865975618,77.0
10,predicate,continuous,193,96.54,1,published_after_gate_recheck,17.235473729670048,4.253830760717392,77.0
10,predicate,continuous,194,97.426,1,published_after_gate_recheck,19.76167317479849,7.138581946492195,77.0
10,global,continuous,195,97.505,0,context_version_changed_at_publish,20.032179541885853,7.3418933898210526,77.0
10,global,discrete,196,98.317,1,published_after_gate_recheck,16.76748599857092,4.289005883038044,77.0
10,readset,continuous,197,98.804,0,read_set_version_changed_at_gate,19.560244865715504,8.210592903196812,77.0
10,readset,continuous,198,99.455,1,published_after_gate_recheck,20.98527830094099,5.879580043256283,77.0
10,readset,continuous,199,99.665,0,read_set_version_changed_at_gate,17.73327775299549,5.442339926958084,77.0
10,predicate,continuous,200,100.061,1,published_after_gate_recheck,18.23130203410983,4.2476290836930275,77.0
10,global,continuous,201,100.978,1,published_after_gate_recheck,20.46214696019888,4.312880802899599,77.0
10,readset,continuous,202,101.156,0,read_set_version_changed_at_gate,18.638706766068935,6.360061001032591,77.0
10,predicate,continuous,203,101.879,1,published_after_gate_recheck,18.09132006019354,4.215769004076719,77.0
10,global,discrete,204,102.496,0,context_version_changed_at_publish,18.64515896886587,6.15972513332963,77.0
10,predicate,continuous,205,102.515,1,published_after_gate_recheck,19.201180897653103,6.234596949070692,77.0
10,predicate,continuous,206,103.3,1,published_after_gate_recheck,19.669129978865385,4.76998882368207,77.0
10,predicate,discrete,207,103.74,1,published_after_gate_recheck,17.99678197130561,4.771722014993429,77.0
10,readset,continuous,208,104.483,1,published_after_gate_recheck,16.777064185589552,4.989659879356623,77.0
10,readset,continuous,209,104.599,1,published_after_gate_recheck,16.80227229371667,4.623133223503828,77.0
10,readset,continuous,210,105.458,1,published_after_gate_recheck,16.83196658268571,4.273206926882267,77.0
10,predicate,continuous,211,105.663,1,published_after_gate_recheck,21.684580016881227,8.044722024351358,77.0
10,global,continuous,212,106.265,0,context_version_changed_at_publish,18.715179059654474,6.838087923824787,77.0
10,global,continuous,213,106.579,1,published_after_gate_recheck,20.281748846173286,4.491616040468216,77.0
10,predicate,continuous,214,107.482,1,published_after_gate_recheck,18.89285398647189,4.770459141582251,77.0
10,predicate,continuous,215,107.826,1,published_after_gate_recheck,18.99386290460825,6.167821120470762,77.0
10,predicate,continuous,216,108.271,1,published_after_gate_recheck,16.363739036023617,4.197042901068926,77.0
10,readset,discrete,217,108.741,1,published_after_gate_recheck,15.685475897043943,4.32597566395998,77.0
10,global,continuous,218,109.228,0,context_version_changed_at_publish,17.40465173497796,6.219798233360052,77.0
10,global,discrete,219,109.717,0,context_version_changed_at_publish,28.49117899313569,10.16329601407051,77.0
10,global,discrete,220,110.206,1,published_after_gate_recheck,19.39459517598152,4.660943988710642,77.0
10,readset,discrete,221,110.587,1,published_after_gate_recheck,17.323870211839676,6.222243886440992,77.0
10,readset,discrete,222,111.104,1,published_after_gate_recheck,19.0321640111506,7.1967411786317825,77.0
10,readset,discrete,223,111.65,1,published_after_gate_recheck,18.311652820557356,4.3693468905985355,77.0
10,predicate,continuous,224,112.198,1,published_after_gate_recheck,20.0513768941164,4.154755268245935,77.0
10,readset,discrete,225,112.987,1,published_after_gate_recheck,17.148251179605722,4.282984882593155,77.0
10,readset,discrete,226,113.274,1,published_after_gate_recheck,21.076759789139032,7.982695009559393,77.0
10,readset,discrete,227,113.589,1,published_after_gate_recheck,18.09001713991165,4.651335999369621,77.0
10,readset,continuous,228,114.2,1,published_after_gate_recheck,18.29101424664259,4.222492221742868,77.0
10,readset,discrete,229,114.835,1,published_after_gate_recheck,18.818213138729334,6.350834388285875,77.0
10,global,discrete,230,115.2,1,published_after_gate_recheck,18.469078931957483,4.4563100673258305,77.0
10,global,continuous,231,115.827,0,context_version_changed_at_publish,18.467053771018982,6.5787420608103275,77.0
10,global,discrete,232,116.17,1,published_after_gate_recheck,17.53723993897438,4.671524278819561,77.0
10,global,discrete,233,116.994,0,context_version_changed_at_publish,18.87408783659339,7.226917892694473,77.0
10,global,continuous,234,117.389,1,published_after_gate_recheck,20.004249177873135,4.618625156581402,77.0
10,global,continuous,235,117.895,0,context_version_changed_at_publish,16.12098328769207,5.405150353908539,77.0
10,readset,discrete,236,118.367,1,published_after_gate_recheck,20.859783980995417,7.614815142005682,77.0
10,readset,continuous,237,118.58,0,read_set_version_changed_at_gate,26.327851228415966,11.900736019015312,77.0
10,readset,discrete,238,119.462,1,published_after_gate_recheck,22.160061635077,9.20934695750475,77.0
10,readset,discrete,239,119.873,1,published_after_gate_recheck,20.2099340967834,8.511828258633614,77.0
10,readset,discrete,240,120.1,1,published_after_gate_recheck,15.969859901815653,4.092777613550425,77.0
10,readset,continuous,241,120.543,1,published_after_gate_recheck,16.026585828512907,4.212372004985809,77.0
10,predicate,discrete,242,121.477,1,published_after_gate_recheck,18.274041824042797,5.900279153138399,77.0
10,readset,discrete,243,121.758,1,published_after_gate_recheck,19.607393071055412,4.621348809450865,77.0
10,predicate,discrete,244,122.476,1,published_after_gate_recheck,18.846136052161455,6.895425729453564,77.0
10,predicate,continuous,245,122.62,1,published_after_gate_recheck,19.892478827387094,5.188393406569958,77.0
10,global,discrete,246,123.126,1,published_after_gate_recheck,17.899249214679003,4.662767983973026,77.0
10,predicate,discrete,247,123.996,1,published_after_gate_recheck,21.120592951774597,6.964295171201229,77.0
10,global,continuous,248,124.045,1,published_after_gate_recheck,18.060361966490746,4.83432924374938,77.0
10,global,discrete,249,124.994,0,context_version_changed_at_publish,20.881874952465296,6.741286721080542,77.0
10,global,continuous,250,125.168,0,context_version_changed_at_publish,24.921793956309557,7.555884774774313,77.0
10,global,continuous,251,125.964,0,context_version_changed_at_publish,18.904515076428652,7.079480681568384,77.0
10,global,continuous,252,126.037,0,context_version_changed_at_publish,18.500307109206915,5.862839054316282,77.0
10,global,continuous,253,126.861,0,context_version_changed_at_publish,22.449355106800795,8.821109309792519,77.0
10,global,discrete,254,127.025,0,context_version_changed_at_publish,20.079790148884058,6.91591389477253,77.0
10,predicate,discrete,255,127.712,1,published_after_gate_recheck,15.654358081519604,4.520300310105085,77.0
10,predicate,continuous,256,128.105,1,published_after_gate_recheck,23.30220490694046,5.956054199486971,77.0
10,global,discrete,257,128.981,0,context_version_changed_at_publish,23.801711853593588,9.841703344136477,77.0
10,predicate,discrete,258,129.445,1,published_after_gate_recheck,21.06628008186817,7.723658811300993,77.0
10,readset,continuous,259,129.595,1,published_after_gate_recheck,16.148956026881933,4.386830143630505,77.0
10,readset,discrete,260,130.399,1,published_after_gate_recheck,19.42168502137065,4.580002278089523,77.0
10,readset,discrete,261,130.876,1,published_after_gate_recheck,16.32926380261779,4.749941173940897,77.0
10,global,continuous,262,131.275,0,context_version_changed_at_publish,17.398899886757135,5.27558708563447,77.0
10,readset,continuous,263,131.571,1,published_after_gate_recheck,17.122663091868162,4.729853011667728,77.0
10,global,continuous,264,132.451,1,published_after_gate_recheck,18.92318995669484,4.48188791051507,77.0
10,readset,continuous,265,132.699,1,published_after_gate_recheck,24.579491931945086,9.457061998546124,77.0
10,readset,discrete,266,133.151,1,published_after_gate_recheck,16.24402403831482,4.1043199598789215,77.0
10,predicate,continuous,267,133.569,1,published_after_gate_recheck,16.796960961073637,4.555015359073877,77.0
10,global,discrete,268,134.315,1,published_after_gate_recheck,16.491889022290707,4.4197509996593,77.0
10,readset,discrete,269,134.702,1,published_after_gate_recheck,22.703221067786217,9.37937619164586,77.0
10,global,continuous,270,135.314,1,published_after_gate_recheck,17.616999335587025,5.1652598194777966,77.0
10,readset,continuous,271,135.995,0,read_set_version_changed_at_gate,19.648120272904634,6.4894938841462135,77.0
10,predicate,discrete,272,136.246,1,published_after_gate_recheck,19.047112204134464,7.177584804594517,77.0
10,global,continuous,273,136.986,0,context_version_changed_at_publish,19.642319064587355,6.9352611899375916,77.0
10,readset,continuous,274,137.234,1,published_after_gate_recheck,20.669846795499325,7.86445289850235,77.0
10,predicate,discrete,275,137.706,1,published_after_gate_recheck,19.020493142306805,6.022728979587555,77.0
10,readset,discrete,276,138.295,1,published_after_gate_recheck,19.57909995689988,7.251342758536339,77.0
10,predicate,discrete,277,138.772,1,published_after_gate_recheck,21.838648710399866,9.59923816844821,77.0
10,predicate,discrete,278,139.081,1,published_after_gate_recheck,17.956615891307592,4.1587017476558685,77.0
10,readset,discrete,279,139.687,1,published_after_gate_recheck,17.05688936635852,4.726226907223463,77.0
10,readset,discrete,280,140.35,1,published_after_gate_recheck,15.98303485661745,4.49383957311511,77.0
10,readset,continuous,281,140.921,1,published_after_gate_recheck,17.143561970442533,4.431623965501785,77.0
10,global,continuous,282,141.488,1,published_after_gate_recheck,22.117281798273325,4.832895938307047,77.0
10,predicate,continuous,283,141.638,1,published_after_gate_recheck,26.253913063555956,9.24445316195488,77.0
10,predicate,continuous,284,142.066,1,published_after_gate_recheck,16.110273078083992,4.33766795322299,77.0
10,readset,continuous,285,142.596,1,published_after_gate_recheck,15.863990876823664,4.269841127097607,77.0
10,readset,continuous,286,143.107,0,read_set_version_changed_at_gate,17.069803085178137,5.839815828949213,77.0
10,global,discrete,287,143.858,0,context_version_changed_at_publish,27.31306990608573,10.24697395041585,77.0
10,global,continuous,288,144.011,1,published_after_gate_recheck,17.79931178316474,5.309711210429668,77.0
10,global,continuous,289,144.89,1,published_after_gate_recheck,17.53827091306448,3.97631898522377,77.0
10,readset,discrete,290,145.472,1,published_after_gate_recheck,17.164019867777824,4.601843189448118,77.0
10,global,continuous,291,145.98,1,published_after_gate_recheck,16.150018200278282,4.454025998711586,77.0
10,predicate,discrete,292,146.461,1,published_after_gate_recheck,21.737229079008102,7.646174170076847,77.0
10,readset,discrete,293,146.599,1,published_after_gate_recheck,17.160944174975157,4.653930198401213,77.0
10,global,discrete,294,147.132,1,published_after_gate_recheck,18.719978630542755,5.397886037826538,77.0
10,predicate,discrete,295,147.542,1,published_after_gate_recheck,25.14248713850975,6.269691977649927,77.0
10,predicate,continuous,296,148.201,1,published_after_gate_recheck,17.531838733702898,4.857271909713745,77.0
10,global,discrete,297,148.655,1,published_after_gate_recheck,16.127425245940685,4.161637742072344,77.0
10,readset,continuous,298,149.026,0,read_set_version_changed_at_gate,18.632084131240845,5.729668773710728,77.0
10,readset,continuous,299,149.861,0,read_set_version_changed_at_gate,21.97283087298274,8.775291964411736,77.0
10,readset,continuous,300,150.257,1,published_after_gate_recheck,18.147354014217854,4.50349785387516,77.0
10,global,continuous,301,150.559,1,published_after_gate_recheck,19.24323011189699,5.343104247003794,77.0
10,global,continuous,302,151.23,1,published_after_gate_recheck,16.095705796033144,4.263307899236679,77.0
10,predicate,continuous,303,151.926,1,published_after_gate_recheck,18.682457972317934,6.487670820206404,77.0
10,predicate,continuous,304,152.172,1,published_after_gate_recheck,17.394802998751402,5.08245499804616,77.0
10,readset,discrete,305,152.721,1,published_after_gate_recheck,16.77893800660968,4.338339436799288,77.0
10,predicate,continuous,306,153.1,1,published_after_gate_recheck,17.49567175284028,5.059251096099615,77.0
10,readset,continuous,307,153.656,1,published_after_gate_recheck,16.65313122794032,4.372552968561649,77.0
10,global,continuous,308,154.271,0,context_version_changed_at_publish,22.73912774398923,9.030782151967287,77.0
10,global,continuous,309,154.862,0,context_version_changed_at_publish,21.56400540843606,7.491022814065218,77.0
10,global,continuous,310,155.459,1,published_after_gate_recheck,19.29498789831996,4.625828005373478,77.0
10,readset,discrete,311,155.618,1,published_after_gate_recheck,21.43855905160308,4.775127861648798,77.0
10,readset,continuous,312,156.441,1,published_after_gate_recheck,16.232922673225403,4.038977436721325,77.0
10,global,discrete,313,156.749,1,published_after_gate_recheck,19.629935268312693,4.709053784608841,77.0
10,global,continuous,314,157.037,1,published_after_gate_recheck,17.78582576662302,4.535698797553778,77.0
10,readset,continuous,315,157.806,0,read_set_version_changed_at_gate,17.48300762847066,4.967029206454754,77.0
10,predicate,continuous,316,158.428,1,published_after_gate_recheck,21.254943683743477,4.639553837478161,77.0
10,readset,discrete,317,158.667,1,published_after_gate_recheck,29.916342813521624,7.196259684860706,77.0
10,readset,continuous,318,159.414,0,read_set_version_changed_at_gate,19.80846095830202,8.413693867623806,77.0
10,predicate,discrete,319,159.795,1,published_after_gate_recheck,19.472349900752306,7.018527016043663,77.0
10,readset,discrete,320,160.084,1,published_after_gate_recheck,18.895798828452826,5.944251082837582,77.0
10,predicate,discrete,321,160.74,1,published_after_gate_recheck,19.507696852087975,4.445919767022133,77.0
10,predicate,discrete,322,161.092,1,published_after_gate_recheck,17.754197120666504,5.076583940535784,77.0
10,global,continuous,323,161.591,1,published_after_gate_recheck,17.67202280461788,4.381077829748392,77.0
10,global,discrete,324,162.173,0,context_version_changed_at_publish,19.665413070470095,7.038503885269165,77.0
10,global,discrete,325,162.622,0,context_version_changed_at_publish,19.072900991886854,8.027339819818735,77.0
10,global,continuous,326,163.165,1,published_after_gate_recheck,18.101148307323456,5.499336868524551,77.0
10,readset,continuous,327,163.603,0,read_set_version_changed_at_gate,22.129314951598644,7.645042147487402,77.0
10,readset,continuous,328,164.267,0,read_set_version_changed_at_gate,19.05126078054309,5.739146843552589,77.0
10,readset,discrete,329,164.59,1,published_after_gate_recheck,20.130175165832043,4.072270356118679,77.0
10,predicate,discrete,330,165.082,1,published_after_gate_recheck,22.314170841127634,9.198546875268221,77.0
10,readset,continuous,331,165.94,1,published_after_gate_recheck,18.917289096862078,4.2194947600364685,77.0
10,readset,continuous,332,166.283,1,published_after_gate_recheck,17.28820288553834,4.4540660455822945,77.0
10,predicate,discrete,333,166.737,1,published_after_gate_recheck,18.805289175361395,6.357407197356224,77.0
10,global,continuous,334,167.212,0,context_version_changed_at_publish,21.976487711071968,9.026643820106983,77.0
10,predicate,continuous,335,167.603,1,published_after_gate_recheck,15.397726092487574,4.5296368189156055,77.0
10,predicate,continuous,336,168.196,1,published_after_gate_recheck,16.54560025781393,4.19013062492013,77.0
10,readset,continuous,337,168.505,1,published_after_gate_recheck,16.76092389971018,4.170062951743603,77.0
10,global,discrete,338,169.379,1,published_after_gate_recheck,20.184617023915052,5.235842894762754,77.0
10,predicate,continuous,339,169.508,1,published_after_gate_recheck,18.60997313633561,4.517995286732912,77.0
10,global,discrete,340,170.396,0,context_version_changed_at_publish,19.501224160194397,7.188564632087946,77.0
10,predicate,discrete,341,170.706,1,published_after_gate_recheck,19.487157929688692,6.887732073664665,77.0
10,predicate,continuous,342,171.423,1,published_after_gate_recheck,25.634861085563898,10.386625304818153,77.0
10,readset,discrete,343,171.752,1,published_after_gate_recheck,17.127159982919693,4.369908012449741,77.0
10,readset,continuous,344,172.47,1,published_after_gate_recheck,18.938910216093063,4.330232739448547,77.0
10,readset,discrete,345,172.659,1,published_after_gate_recheck,18.293870147317648,4.584169946610928,77.0
10,predicate,discrete,346,173.233,1,published_after_gate_recheck,21.633924916386604,8.802963886409998,77.0
10,predicate,discrete,347,173.673,1,published_after_gate_recheck,21.339082159101963,9.24535421654582,77.0
10,predicate,discrete,348,174.294,1,published_after_gate_recheck,20.506270229816437,7.046068087220192,77.0
10,readset,continuous,349,174.744,0,read_set_version_changed_at_gate,18.871362786740065,6.434110924601555,77.0
10,predicate,continuous,350,175.302,1,published_after_gate_recheck,18.322193063795567,5.231794901192188,77.0
10,predicate,continuous,351,175.962,1,published_after_gate_recheck,19.135979004204273,4.35375701636076,77.0
10,readset,discrete,352,176.124,1,published_after_gate_recheck,19.380928948521614,7.485973183065653,77.0
10,predicate,continuous,353,176.664,1,published_after_gate_recheck,16.347748693078756,4.274178761988878,77.0
10,global,continuous,354,177.457,1,published_after_gate_recheck,22.044865880161524,4.681421909481287,77.0
10,predicate,continuous,355,177.878,1,published_after_gate_recheck,23.179645650088787,4.946589004248381,77.0
10,global,discrete,356,178.206,0,context_version_changed_at_publish,19.616922363638878,6.926193833351135,77.0
10,global,continuous,357,178.646,0,context_version_changed_at_publish,20.309310406446457,6.129718851298094,77.0
10,predicate,discrete,358,179.287,1,published_after_gate_recheck,15.980349853634834,4.850349854677916,77.0
10,readset,continuous,359,179.585,0,read_set_version_changed_at_gate,17.75744277983904,6.107116583734751,77.0
10,predicate,discrete,360,180.269,1,published_after_gate_recheck,17.93305203318596,4.406918305903673,77.0
10,predicate,continuous,361,180.709,1,published_after_gate_recheck,18.848749808967113,4.112735856324434,77.0
10,predicate,continuous,362,181.303,1,published_after_gate_recheck,20.42488707229495,8.433701936155558,77.0
10,predicate,discrete,363,181.543,1,published_after_gate_recheck,20.03168035298586,8.219920098781586,77.0
10,readset,discrete,364,182.226,1,published_after_gate_recheck,17.41217589005828,5.861185025423765,77.0
10,global,discrete,365,182.69,1,published_after_gate_recheck,15.568226110190153,3.90238082036376,77.0
10,predicate,continuous,366,183.32,1,published_after_gate_recheck,18.12488306313753,6.0593183152377605,77.0
10,readset,continuous,367,183.981,0,read_set_version_changed_at_gate,22.8198803961277,9.055618196725845,77.0
10,readset,continuous,368,184.289,1,published_after_gate_recheck,20.50927607342601,5.008206237107515,77.0
10,predicate,continuous,369,184.666,1,published_after_gate_recheck,17.537911888211966,5.715151783078909,77.0
10,predicate,continuous,370,185.365,1,published_after_gate_recheck,17.96136563643813,5.7918052189052105,77.0
10,global,discrete,371,185.99,1,published_after_gate_recheck,19.089552108198404,4.7100260853767395,77.0
10,readset,continuous,372,186.282,1,published_after_gate_recheck,16.006438061594963,4.465197212994099,77.0
10,predicate,discrete,373,186.676,1,published_after_gate_recheck,17.802739050239325,6.442566867917776,77.0
10,readset,discrete,374,187.035,1,published_after_gate_recheck,15.490850899368525,4.302460700273514,77.0
10,readset,discrete,375,187.986,1,published_after_gate_recheck,16.775180120021105,5.902792792767286,77.0
10,readset,continuous,376,188.37,1,published_after_gate_recheck,17.837262712419033,4.503458738327026,77.0
10,global,continuous,377,188.788,1,published_after_gate_recheck,16.348519828170538,4.552751313894987,77.0
10,predicate,discrete,378,189.424,1,published_after_gate_recheck,20.101640839129686,8.739925920963287,77.0
10,predicate,continuous,379,189.822,1,published_after_gate_recheck,22.446290124207735,9.833177085965872,77.0
10,global,discrete,380,190.047,0,context_version_changed_at_publish,18.22371780872345,7.003117818385363,77.0
10,readset,continuous,381,190.623,1,published_after_gate_recheck,15.777979977428913,4.147079773247242,77.0
10,readset,continuous,382,191.32,1,published_after_gate_recheck,17.359235789626837,4.358355887234211,77.0
10,predicate,continuous,383,191.873,1,published_after_gate_recheck,16.38151193037629,4.3040248565375805,77.0
10,readset,continuous,384,192.12,1,published_after_gate_recheck,19.757114816457033,4.697070922702551,77.0
10,global,continuous,385,192.677,0,context_version_changed_at_publish,20.04046691581607,7.96540267765522,77.0
10,readset,discrete,386,193.102,1,published_after_gate_recheck,15.71835670620203,5.03137893974781,77.0
10,global,discrete,387,193.786,1,published_after_gate_recheck,15.867807902395725,4.541859962046146,77.0
10,readset,continuous,388,194.097,1,published_after_gate_recheck,18.58288189396262,5.097694229334593,77.0
10,readset,discrete,389,194.68,1,published_after_gate_recheck,17.9879660718143,4.158551339060068,77.0
10,predicate,continuous,390,195.138,1,published_after_gate_recheck,20.053310319781303,4.627430811524391,77.0
10,predicate,continuous,391,195.928,1,published_after_gate_recheck,21.73045603558421,4.740312695503235,77.0
10,global,continuous,392,196.343,1,published_after_gate_recheck,16.70880615711212,4.409722983837128,77.0
10,global,continuous,393,196.915,0,context_version_changed_at_publish,20.92319168150425,6.936723832041025,77.0
10,predicate,discrete,394,197.348,1,published_after_gate_recheck,17.176323104649782,4.10989997908473,77.0
10,global,continuous,395,197.924,0,context_version_changed_at_publish,20.597411319613457,6.976688280701637,77.0
10,global,continuous,396,198.286,1,published_after_gate_recheck,17.002055887132883,4.436222370713949,77.0
10,predicate,discrete,397,198.615,1,published_after_gate_recheck,19.60364682599902,6.677275989204645,77.0
10,global,continuous,398,199.276,1,published_after_gate_recheck,22.482907865196466,4.485645331442356,77.0
10,predicate,continuous,399,199.738,1,published_after_gate_recheck,27.76671014726162,9.125188924372196,77.0
10,global,discrete,400,200.061,1,published_after_gate_recheck,16.80586813017726,4.053865093737841,77.0
10,global,discrete,401,200.526,0,context_version_changed_at_publish,19.29791271686554,6.652470212429762,77.0
10,global,continuous,402,201.496,0,context_version_changed_at_publish,17.9001297801733,5.976071115583181,77.0
10,readset,discrete,403,201.843,1,published_after_gate_recheck,15.482175163924694,4.50407899916172,77.0
10,predicate,discrete,404,202.496,1,published_after_gate_recheck,18.74546706676483,6.041544023901224,77.0
10,predicate,continuous,405,202.961,1,published_after_gate_recheck,17.30963308364153,4.943263716995716,77.0
10,readset,continuous,406,203.269,1,published_after_gate_recheck,19.825212191790342,4.903148859739304,77.0
10,readset,discrete,407,203.763,1,published_after_gate_recheck,20.60933317989111,8.61855922266841,77.0
10,readset,discrete,408,204.476,1,published_after_gate_recheck,15.664906706660986,4.172015935182571,77.0
10,predicate,continuous,409,204.98,1,published_after_gate_recheck,17.52417627722025,4.633102100342512,77.0
10,global,continuous,410,205.041,1,published_after_gate_recheck,16.540300101041794,4.491034895181656,77.0
10,global,continuous,411,205.549,0,context_version_changed_at_publish,23.508542217314243,8.481391239911318,77.0
10,predicate,continuous,412,206.082,1,published_after_gate_recheck,21.134989336133003,8.869859855622053,77.0
10,readset,discrete,413,206.905,1,published_after_gate_recheck,16.19782717898488,4.10575233399868,77.0
10,global,discrete,414,207.336,0,context_version_changed_at_publish,19.69990786164999,7.043924648314714,77.0
10,readset,continuous,415,207.939,1,published_after_gate_recheck,18.540321849286556,4.191253334283829,77.0
10,predicate,continuous,416,208.137,1,published_after_gate_recheck,18.76298012211919,6.675965152680874,77.0
10,readset,discrete,417,208.664,1,published_after_gate_recheck,20.01715311780572,5.959530360996723,77.0
10,predicate,continuous,418,209.11,1,published_after_gate_recheck,17.89330830797553,4.297581966966391,77.0
10,predicate,continuous,419,209.578,1,published_after_gate_recheck,20.71222709491849,4.299545660614967,77.0
10,predicate,discrete,420,210.157,1,published_after_gate_recheck,17.017073929309845,4.540247842669487,77.0
10,readset,discrete,421,210.823,1,published_after_gate_recheck,19.908046815544367,8.379038888961077,77.0
10,predicate,discrete,422,211.454,1,published_after_gate_recheck,19.349870271980762,7.435228209942579,77.0
10,global,discrete,423,211.629,1,published_after_gate_recheck,17.102154437452555,4.585642833262682,77.0
10,predicate,continuous,424,212.008,1,published_after_gate_recheck,16.67724596336484,4.371510818600655,77.0
10,global,continuous,425,212.72,1,published_after_gate_recheck,19.125590100884438,4.6241446398198605,77.0
10,readset,continuous,426,213.449,1,published_after_gate_recheck,17.998175229877234,4.876508843153715,77.0
10,readset,discrete,427,213.636,1,published_after_gate_recheck,20.281518809497356,5.7328250259160995,77.0
10,global,continuous,428,214.446,1,published_after_gate_recheck,16.132364980876446,4.299635998904705,77.0
10,predicate,continuous,429,214.511,1,published_after_gate_recheck,15.057447832077742,4.3519348837435246,77.0
10,global,continuous,430,215.258,1,published_after_gate_recheck,16.913690138608217,4.503398202359676,77.0
10,readset,discrete,431,215.512,1,published_after_gate_recheck,22.157107014209032,10.058250278234482,77.0
10,readset,discrete,432,216.5,1,published_after_gate_recheck,19.672084599733353,5.202950909733772,77.0
10,predicate,discrete,433,216.539,1,published_after_gate_recheck,15.421180054545403,4.811576101928949,77.0
10,global,continuous,434,217.341,1,published_after_gate_recheck,19.494642037898302,4.56909229978919,77.0
10,predicate,continuous,435,217.619,1,published_after_gate_recheck,18.324526958167553,4.775427747517824,77.0
10,global,continuous,436,218.281,1,published_after_gate_recheck,19.017597194761038,5.204172804951668,77.0
10,predicate,discrete,437,218.774,1,published_after_gate_recheck,16.784898936748505,4.858875181525946,77.0
10,global,continuous,438,219.015,0,context_version_changed_at_publish,19.33802803978324,7.055757101625204,77.0
10,readset,continuous,439,219.944,1,published_after_gate_recheck,16.070047859102488,4.761882591992617,77.0
10,global,continuous,440,220.347,1,published_after_gate_recheck,18.096488900482655,4.824531264603138,77.0
10,predicate,discrete,441,220.595,1,published_after_gate_recheck,16.706871800124645,4.497247282415628,77.0
10,readset,continuous,442,221.004,1,published_after_gate_recheck,16.083684284240007,4.313501995056868,77.0
10,predicate,continuous,443,221.819,1,published_after_gate_recheck,16.306630801409483,4.3449620716273785,77.0
10,global,discrete,444,222.182,1,published_after_gate_recheck,16.6935371235013,4.457702394574881,77.0
10,readset,discrete,445,222.512,1,published_after_gate_recheck,20.89039096608758,7.680188398808241,77.0
10,readset,continuous,446,223.194,1,published_after_gate_recheck,15.207920223474503,4.067010246217251,77.0
10,global,continuous,447,223.643,0,context_version_changed_at_publish,19.749509636312723,8.723003789782524,77.0
10,global,continuous,448,224.434,0,context_version_changed_at_publish,20.174847915768623,6.921393796801567,77.0
10,predicate,continuous,449,224.634,1,published_after_gate_recheck,19.356814213097095,7.049224339425564,77.0
10,global,continuous,450,225.125,0,context_version_changed_at_publish,17.138021998107433,5.814909003674984,77.0
10,global,continuous,451,225.544,0,context_version_changed_at_publish,18.502491060644388,7.473610807210207,77.0
10,predicate,discrete,452,226.032,1,published_after_gate_recheck,16.849720384925604,4.91829589009285,77.0
10,readset,continuous,453,226.542,1,published_after_gate_recheck,16.177808865904808,4.2388420552015305,77.0
10,global,discrete,454,227.4,1,published_after_gate_recheck,18.050262238830328,4.262726753950119,77.0
10,readset,continuous,455,227.813,1,published_after_gate_recheck,16.603668686002493,4.464426077902317,77.0
10,global,continuous,456,228.302,0,context_version_changed_at_publish,21.909072063863277,7.866367232054472,77.0
10,global,discrete,457,228.786,1,published_after_gate_recheck,16.5405897423625,4.152270033955574,77.0
10,readset,continuous,458,229.191,1,published_after_gate_recheck,18.31630105152726,4.48653707280755,77.0
10,predicate,continuous,459,229.923,1,published_after_gate_recheck,16.071359626948833,4.450749605894089,77.0
10,predicate,discrete,460,230.378,1,published_after_gate_recheck,21.154796704649925,4.595130681991577,77.0
10,readset,discrete,461,230.735,1,published_after_gate_recheck,18.075058702379465,6.09983317553997,77.0
10,global,discrete,462,231.474,1,published_after_gate_recheck,17.373141832649708,4.788924008607864,77.0
10,readset,discrete,463,231.851,1,published_after_gate_recheck,15.422111842781305,4.402549006044865,77.0
10,readset,continuous,464,232.484,0,read_set_version_changed_at_gate,19.532814156264067,8.516957983374596,77.0
10,predicate,discrete,465,232.948,1,published_after_gate_recheck,15.855113975703716,4.336996003985405,77.0
10,global,continuous,466,233.226,1,published_after_gate_recheck,17.0191777870059,4.813309758901596,77.0
10,predicate,continuous,467,233.777,1,published_after_gate_recheck,21.73605700954795,4.421104211360216,77.0
10,predicate,discrete,468,234.168,1,published_after_gate_recheck,16.196494922041893,4.263808950781822,77.0
10,global,continuous,469,234.562,1,published_after_gate_recheck,17.097985837608576,4.9693528562784195,77.0
10,readset,continuous,470,235.464,0,read_set_version_changed_at_gate,19.826414994895458,7.98843614757061,77.0
10,predicate,continuous,471,235.789,1,published_after_gate_recheck,17.4333150498569,4.984712228178978,77.0
10,predicate,continuous,472,236.478,1,published_after_gate_recheck,16.197525896131992,5.016831681132317,77.0
10,readset,discrete,473,236.818,1,published_after_gate_recheck,18.979746382683516,4.8088813200592995,77.0
10,global,discrete,474,237.192,1,published_after_gate_recheck,17.094660084694624,4.349909722805023,77.0
10,predicate,discrete,475,237.665,1,published_after_gate_recheck,16.453617252409458,4.770639818161726,77.0
10,global,discrete,476,238.452,1,published_after_gate_recheck,18.425866961479187,5.472016055136919,77.0
10,predicate,continuous,477,238.887,1,published_after_gate_recheck,20.47831704840064,6.7184241488575935,77.0
10,global,continuous,478,239.092,0,context_version_changed_at_publish,22.322156932204962,9.595741983503103,77.0
10,global,discrete,479,239.964,0,context_version_changed_at_publish,19.320875871926546,7.558478973805904,77.0
10,global,discrete,480,240.463,1,published_after_gate_recheck,15.637847129255533,4.304866306483746,77.0
10,readset,continuous,481,240.771,0,read_set_version_changed_at_gate,24.186914786696434,9.257507044821978,77.0
10,global,discrete,482,241.304,0,context_version_changed_at_publish,19.76186316460371,7.248037960380316,77.0
10,global,discrete,483,241.637,0,context_version_changed_at_publish,19.60625173524022,5.729959346354008,77.0
10,global,continuous,484,242.266,0,context_version_changed_at_publish,20.421301014721394,7.593885995447636,77.0
10,predicate,continuous,485,242.841,1,published_after_gate_recheck,16.46451698616147,4.237119108438492,77.0
10,global,continuous,486,243.187,1,published_after_gate_recheck,15.97866602241993,4.424670711159706,77.0
10,predicate,discrete,487,243.591,1,published_after_gate_recheck,17.25054206326604,4.295718856155872,77.0
10,global,continuous,488,244.401,1,published_after_gate_recheck,16.629766672849655,4.427666310220957,77.0
10,global,continuous,489,244.652,1,published_after_gate_recheck,17.072618938982487,4.619305953383446,77.0
10,readset,continuous,490,245.238,0,read_set_version_changed_at_gate,18.614420667290688,6.387312896549702,77.0
10,global,continuous,491,245.711,1,published_after_gate_recheck,16.836305148899555,4.479162860661745,77.0
10,predicate,discrete,492,246.498,1,published_after_gate_recheck,19.493369851261377,4.510361235588789,77.0
10,global,discrete,493,246.929,1,published_after_gate_recheck,19.78221209719777,4.40265005454421,77.0
10,readset,discrete,494,247.078,1,published_after_gate_recheck,20.56942880153656,4.6477001160383224,77.0
10,readset,discrete,495,247.823,1,published_after_gate_recheck,21.51006320491433,9.06757079064846,77.0
10,global,discrete,496,248.147,0,context_version_changed_at_publish,18.509804736822844,6.57119695097208,77.0
10,readset,discrete,497,248.943,1,published_after_gate_recheck,19.651356153190136,7.073299027979374,77.0
10,readset,continuous,498,249.305,0,read_set_version_changed_at_gate,18.529310822486877,7.0695532485842705,77.0
10,global,continuous,499,249.527,0,context_version_changed_at_publish,17.291780095547438,5.492012947797775,77.0
10,global,discrete,500,250.101,1,published_after_gate_recheck,18.069217912852764,4.597565159201622,77.0
10,readset,continuous,501,250.608,1,published_after_gate_recheck,20.757299847900867,4.9057030119001865,77.0
10,predicate,discrete,502,251.157,1,published_after_gate_recheck,17.31238793581724,4.51924791559577,77.0
10,global,discrete,503,251.88,1,published_after_gate_recheck,15.851025935262442,4.660883918404579,77.0
10,predicate,continuous,504,252.485,1,published_after_gate_recheck,20.665607880800962,6.941251922398806,77.0
10,global,discrete,505,252.926,1,published_after_gate_recheck,23.02155876532197,4.529878031462431,77.0
10,predicate,discrete,506,253.315,1,published_after_gate_recheck,17.190889921039343,4.312118981033564,77.0
10,global,discrete,507,253.949,1,published_after_gate_recheck,21.664773114025593,5.457988940179348,77.0
10,global,discrete,508,254.227,1,published_after_gate_recheck,16.801460180431604,4.1358089074492455,77.0
10,readset,continuous,509,254.873,1,published_after_gate_recheck,15.616246033459902,3.8745179772377014,77.0
10,global,discrete,510,255.158,1,published_after_gate_recheck,15.240360982716084,4.205820150673389,77.0
10,predicate,continuous,511,255.791,1,published_after_gate_recheck,16.32969407364726,5.0195371732115746,77.0
10,global,continuous,512,256.36,1,published_after_gate_recheck,17.858824227005243,4.335673060268164,77.0
10,predicate,continuous,513,256.929,1,published_after_gate_recheck,19.44022998213768,4.292072262614965,77.0
10,readset,discrete,514,257.03,1,published_after_gate_recheck,19.027335103601217,4.709454718977213,77.0
10,predicate,discrete,515,257.971,1,published_after_gate_recheck,17.821022775024176,4.780278075486422,77.0
10,predicate,discrete,516,258.341,1,published_after_gate_recheck,17.398320138454437,4.346474073827267,77.0
10,readset,discrete,517,258.794,1,published_after_gate_recheck,19.739752169698477,6.232351064682007,77.0
10,global,discrete,518,259.197,0,context_version_changed_at_publish,28.797464910894632,11.314325965940952,77.0
10,predicate,discrete,519,259.551,1,published_after_gate_recheck,17.369986046105623,4.700358025729656,77.0
10,predicate,discrete,520,260.026,1,published_after_gate_recheck,20.01712191849947,6.245797034353018,77.0
10,predicate,discrete,521,260.957,1,published_after_gate_recheck,17.4840297549963,5.283772014081478,77.0
10,global,continuous,522,261.243,0,context_version_changed_at_publish,19.654261879622936,6.421336904168129,77.0
10,predicate,discrete,523,261.665,1,published_after_gate_recheck,18.465351313352585,7.190619129687548,77.0
10,readset,continuous,524,262.315,1,published_after_gate_recheck,15.884228982031345,4.3829320929944515,77.0
10,readset,discrete,525,262.938,1,published_after_gate_recheck,23.095828015357256,4.825182259082794,77.0
10,predicate,discrete,526,263.33,1,published_after_gate_recheck,23.668983951210976,8.897772058844566,77.0
10,global,discrete,527,263.839,0,context_version_changed_at_publish,24.56380194053054,9.278607089072466,77.0
10,global,continuous,528,264.456,0,context_version_changed_at_publish,19.26308823749423,6.5887500531971455,77.0
10,predicate,discrete,529,264.992,1,published_after_gate_recheck,21.710628643631935,9.176455438137054,77.0
10,readset,discrete,530,265.077,1,published_after_gate_recheck,32.76449674740434,9.776441380381584,77.0
10,readset,discrete,531,265.638,1,published_after_gate_recheck,19.711337983608246,5.079418886452913,77.0
10,global,continuous,532,266.453,0,context_version_changed_at_publish,20.30011313036084,6.77770609036088,77.0
10,predicate,discrete,533,266.524,1,published_after_gate_recheck,19.409903325140476,7.494790945202112,77.0
10,global,discrete,534,267.19,1,published_after_gate_recheck,20.547437947243452,6.3810208812355995,77.0
10,global,discrete,535,267.969,1,published_after_gate_recheck,21.609720308333635,5.098474211990833,77.0
10,global,continuous,536,268.384,0,context_version_changed_at_publish,19.2503840662539,5.93091594055295,77.0
10,global,discrete,537,268.65,0,context_version_changed_at_publish,31.75461245700717,14.053565450012684,77.0
10,predicate,discrete,538,269.499,1,published_after_gate_recheck,18.77528289332986,4.239524248987436,77.0
10,predicate,discrete,539,269.803,1,published_after_gate_recheck,21.510594058781862,8.604141883552074,77.0
10,predicate,continuous,540,270.068,1,published_after_gate_recheck,17.122631892561913,4.134095273911953,77.0
10,global,discrete,541,270.649,0,context_version_changed_at_publish,27.521902229636908,8.981919847428799,77.0
10,global,discrete,542,271.235,0,context_version_changed_at_publish,19.092768896371126,6.91344914957881,77.0
10,predicate,discrete,543,271.964,1,published_after_gate_recheck,28.817280661314726,7.29729887098074,77.0
10,predicate,discrete,544,272.13,1,published_after_gate_recheck,16.56138990074396,4.550667013972998,77.0
10,predicate,continuous,545,272.656,1,published_after_gate_recheck,18.81080912426114,6.62590004503727,77.0
10,global,continuous,546,273.416,0,context_version_changed_at_publish,26.625309139490128,8.582139853388071,77.0
10,global,discrete,547,273.953,1,published_after_gate_recheck,16.930521931499243,4.8373546451330185,77.0
10,predicate,continuous,548,274.343,1,published_after_gate_recheck,21.446162834763527,9.097275789827108,77.0
10,global,discrete,549,274.581,0,context_version_changed_at_publish,23.093913681805134,8.901288732886314,77.0
10,readset,continuous,550,275.273,0,read_set_version_changed_at_gate,21.17638709023595,8.589053060859442,77.0
10,readset,continuous,551,275.798,1,published_after_gate_recheck,20.328275859355927,4.470387008041143,77.0
10,predicate,discrete,552,276.416,1,published_after_gate_recheck,18.313677050173283,6.9365231320261955,77.0
10,predicate,continuous,553,276.812,1,published_after_gate_recheck,16.302614007145166,4.587346222251654,77.0
10,global,discrete,554,277.402,0,context_version_changed_at_publish,21.168603096157312,8.30447906628251,77.0
10,global,continuous,555,277.744,0,context_version_changed_at_publish,19.696681760251522,6.813802756369114,77.0
10,readset,discrete,556,278.477,1,published_after_gate_recheck,22.613252978771925,8.292768150568008,77.0
10,readset,continuous,557,278.73,1,published_after_gate_recheck,19.230036064982414,4.685721360146999,77.0
10,predicate,continuous,558,279.45,1,published_after_gate_recheck,17.014418728649616,4.799553658813238,77.0
10,global,continuous,559,279.922,1,published_after_gate_recheck,17.741252668201923,4.249862860888243,77.0
10,predicate,continuous,560,280.114,1,published_after_gate_recheck,19.219857174903154,6.968243047595024,77.0
10,predicate,continuous,561,280.939,1,published_after_gate_recheck,20.552145782858133,4.834088962525129,77.0
10,global,continuous,562,281.314,1,published_after_gate_recheck,15.766798052936792,4.103757906705141,77.0
10,readset,continuous,563,281.635,1,published_after_gate_recheck,15.644509345293045,3.7799011915922165,77.0
10,global,continuous,564,282.27,1,published_after_gate_recheck,17.92352506890893,4.264680203050375,77.0
10,readset,discrete,565,282.851,1,published_after_gate_recheck,15.711494721472263,3.9698882028460503,77.0
10,readset,continuous,566,283.08,1,published_after_gate_recheck,19.084021914750338,4.63109789416194,77.0
10,global,discrete,567,283.696,1,published_after_gate_recheck,16.322852112352848,4.781280178576708,77.0
10,predicate,continuous,568,284.449,1,published_after_gate_recheck,17.174909822642803,5.226103588938713,77.0
10,global,discrete,569,284.867,1,published_after_gate_recheck,20.996519830077887,4.540298134088516,77.0
10,global,continuous,570,285.465,0,context_version_changed_at_publish,20.474079996347427,6.564175244420767,77.0
10,predicate,discrete,571,285.796,1,published_after_gate_recheck,18.284090794622898,5.501159932464361,77.0
10,predicate,discrete,572,286.208,1,published_after_gate_recheck,18.284492194652557,5.9369271621108055,77.0
10,readset,discrete,573,286.745,1,published_after_gate_recheck,18.837068695575,7.052259985357523,77.0
10,readset,discrete,574,287.317,1,published_after_gate_recheck,16.613997984677553,4.678878001868725,77.0
10,readset,continuous,575,287.513,0,read_set_version_changed_at_gate,19.2690989933908,8.31149285659194,77.0
10,predicate,discrete,576,288.364,1,published_after_gate_recheck,20.88428009301424,8.371726144105196,77.0
10,predicate,discrete,577,288.722,1,published_after_gate_recheck,22.00093399733305,9.222521912306547,77.0
10,predicate,discrete,578,289.382,1,published_after_gate_recheck,16.42210828140378,4.368955735117197,77.0
10,predicate,continuous,579,289.562,1,published_after_gate_recheck,16.02332992479205,4.541079048067331,77.0
10,predicate,discrete,580,290.467,1,published_after_gate_recheck,17.789142671972513,6.076368968933821,77.0
10,global,discrete,581,290.678,0,context_version_changed_at_publish,17.83513929694891,6.566659081727266,77.0
10,predicate,discrete,582,291.265,1,published_after_gate_recheck,19.55845206975937,6.8137929774820805,77.0
10,readset,discrete,583,291.808,1,published_after_gate_recheck,17.941908910870552,6.242740899324417,77.0
10,global,discrete,584,292.11,0,context_version_changed_at_publish,25.69557586684823,11.556820012629032,77.0
10,global,discrete,585,292.986,0,context_version_changed_at_publish,18.944029230624437,6.7358557134866714,77.0
10,global,discrete,586,293.084,0,context_version_changed_at_publish,20.475542172789574,9.01340926066041,77.0
10,global,discrete,587,293.893,0,context_version_changed_at_publish,20.512111019343138,7.614335045218468,77.0
10,readset,continuous,588,294.434,0,read_set_version_changed_at_gate,19.318702165037394,7.067728787660599,77.0
10,predicate,discrete,589,294.896,1,published_after_gate_recheck,18.366977106779814,6.341477390378714,77.0
10,readset,discrete,590,295.15,1,published_after_gate_recheck,18.505696672946215,4.286059644073248,77.0
10,readset,discrete,591,295.885,1,published_after_gate_recheck,16.88966481015086,4.575012717396021,77.0
10,readset,discrete,592,296.41,1,published_after_gate_recheck,19.07402276992798,5.023513920605183,77.0
10,predicate,continuous,593,296.913,1,published_after_gate_recheck,21.861842833459377,9.120039641857147,77.0
10,global,discrete,594,297.005,1,published_after_gate_recheck,15.954510774463415,4.4802348129451275,77.0
10,readset,discrete,595,297.544,1,published_after_gate_recheck,19.801007118076086,7.351450622081757,77.0
10,predicate,discrete,596,298.247,1,published_after_gate_recheck,18.035675399005413,7.058171089738607,77.0
10,readset,continuous,597,298.84,1,published_after_gate_recheck,17.364986706525087,4.290428943932056,77.0
10,predicate,discrete,598,299.315,1,published_after_gate_recheck,15.601529274135828,4.617002326995134,77.0
10,global,discrete,599,299.69,1,published_after_gate_recheck,17.94465398415923,4.763306118547916,77.0
