run,mode,inject,inject_offset_ms,publish_delay_ms,injection_window,gateway_released,gate_blocked,stale_publish,potential_stale_publish,post_release_invalidation,injection_version,check_version,version_order,stale_exact,position_vs_middleware,residual_lo_ms,residual_hi_ms,t_middleware_ms,store_io_lo_ms,store_io_hi_ms,injection_store_lo_ms,injection_store_hi_ms,commit_status,commit_age_ms,outcome,reason,validation_to_gate_ms,validation_to_publish_ms,recheck_to_publish_ms,t_validate_end_ms,t_injection_start_ms,t_injection_end_ms,t_recheck_start_ms,t_recheck_end_ms,t_publish_end_ms
0,xair,0,,50.0,control,1,0,0,0,0,,1,control,0,,1.14514771848917,2.256453037261963,59.94071112945676,57.684258092194796,58.79556341096759,,,,,EXECUTE,published_after_gate_recheck,54.80886436998844,54.823261220008135,0.014396850019693375,5.131436046212912,,,55.25524215772748,59.94030041620135,59.95469726622105
1,xair,0,,50.0,control,1,0,0,0,0,,2,control,0,,1.3639279641211033,3.0777426436543465,60.933352913707495,57.85561027005315,59.56942494958639,,,,,EXECUTE,published_after_gate_recheck,56.246341206133366,56.263392791152,0.017051585018634796,4.686782136559486,,,54.826497100293636,60.93312334269285,60.95017492771149
2,xair,1,0.0,50.0,before_recheck,0,1,0,0,0,4,4,before_check,0,,,,,59.08770114183426,60.5477299541235,11.047713924199343,12.077426072210073,,,REVOKE,read_set_version_changed_at_gate,56.089085061103106,,,5.630251951515675,5.922580137848854,14.342495240271091,56.32438696920872,61.71933701261878,
3,xair,1,0.0,50.0,before_recheck,0,1,0,0,0,6,6,before_check,0,,,,,59.15942508727312,60.932351276278496,10.223688092082739,11.232531163841486,,,REVOKE,read_set_version_changed_at_gate,56.41390522941947,,,5.5581359192729,5.778510123491287,13.249434065073729,56.07761396095157,61.97204114869237,
4,xair,1,0.0,50.0,before_recheck,0,1,0,0,0,8,8,before_check,0,,,,,57.315316051244736,58.22455184534192,8.717203047126532,10.034613776952028,,,REVOKE,read_set_version_changed_at_gate,55.05164014175534,,,4.439647775143385,4.5296368189156055,12.132599018514156,54.7927338629961,59.49128791689873,
5,xair,1,0.0,50.0,before_recheck,0,1,0,0,0,10,10,before_check,0,,,,,61.575768049806356,63.0663838237524,13.055299874395132,14.29792121052742,,,REVOKE,read_set_version_changed_at_gate,58.215685188770294,,,6.0509308241307735,6.246787961572409,16.469493974000216,58.48049186170101,64.26661601290107,
6,xair,1,0.0,50.0,before_recheck,0,1,0,0,0,12,12,before_check,0,,,,,59.4247430562973,60.86619710549712,10.62405901029706,13.058586046099663,,,REVOKE,read_set_version_changed_at_gate,56.78462004289031,,,5.191679112613201,5.407063290476799,15.043830033391714,55.776399094611406,61.97629915550351,
7,xair,1,0.0,50.0,before_recheck,0,1,0,0,0,14,14,before_check,0,,,,,59.15541714057326,60.67469669505954,10.756507050246,12.116468977183104,,,REVOKE,read_set_version_changed_at_gate,56.393065955489874,,,5.5294521152973175,5.705622956156731,14.239280950278044,55.96509296447039,61.92251807078719,
8,xair,1,0.0,50.0,before_recheck,0,1,0,0,0,16,16,before_check,0,,,,,60.0874163210392,61.33995531126857,11.013339273631573,12.320020236074924,,,REVOKE,read_set_version_changed_at_gate,56.50791106745601,,,6.041593383997679,6.253721192479134,14.424448367208242,56.548587046563625,62.549504451453686,
9,xair,0,,50.0,control,1,0,0,0,0,,17,control,0,,1.5368028543889523,3.051083069294691,61.66095705702901,58.60987398773432,60.12415420264006,,,,,EXECUTE,published_after_gate_recheck,56.29486218094826,56.30742525681853,0.012563075870275497,5.365835037082434,,,55.50370737910271,61.66069721803069,61.67326029390097
10,xair,1,0.0,50.0,before_recheck,0,1,0,0,0,19,19,before_check,0,,,,,58.66379523649812,59.814874082803726,10.008424054831266,10.863508097827435,,,REVOKE,read_set_version_changed_at_gate,55.95293082296848,,,5.125534255057573,5.3143491968512535,13.145218137651682,55.72350928559899,61.078465078026056,
11,xair,1,0.0,50.0,before_recheck,0,1,0,0,0,21,21,before_check,0,,,,,58.21977322921157,59.289520140737295,9.805114008486271,10.819606948643923,,,REVOKE,read_set_version_changed_at_gate,55.348796769976616,,,5.040486343204975,5.213240161538124,12.997000943869352,55.52807403728366,60.38928311318159,
12,xair,1,0.0,50.0,before_recheck,0,1,0,0,0,23,23,before_check,0,,,,,58.39704489335418,59.5172168686986,10.325029026716948,11.573391035199165,,,REVOKE,read_set_version_changed_at_gate,55.385055020451546,,,5.227766931056976,5.3814249113202095,13.857314828783274,55.67706283181906,60.61282195150852,
13,xair,1,0.0,50.0,before_recheck,0,1,0,0,0,25,25,before_check,0,,,,,58.11474611982703,59.14273392409086,9.819981176406145,11.019682046025991,,,REVOKE,read_set_version_changed_at_gate,55.04739098250866,,,5.148859228938818,5.24863600730896,12.782168108969927,55.480174254626036,60.19625021144748,
14,xair,0,,50.0,control,1,0,0,0,0,,26,control,0,,1.1900123208761215,2.6534870266914368,60.81262603402138,58.15913900732994,59.622613713145256,,,,,EXECUTE,published_after_gate_recheck,55.88511284440756,55.8979669585824,0.012854114174842834,4.9273730255663395,,,55.04485685378313,60.8124858699739,60.82533998414874
15,xair,0,,50.0,control,1,0,0,0,0,,27,control,0,,1.0532760061323643,2.3395982570946217,62.54727020859718,60.20767195150256,61.49399420246482,,,,,EXECUTE,published_after_gate_recheck,57.12834605947137,57.142992969602346,0.01464691013097763,5.4186442866921425,,,55.59360608458519,62.54699034616351,62.56163725629449
16,xair,1,0.0,50.0,before_recheck,0,1,0,0,0,29,29,before_check,0,,,,,61.131443828344345,62.714063096791506,12.241021730005741,13.502508867532015,,,REVOKE,read_set_version_changed_at_gate,57.66997113823891,,,6.409372668713331,6.518898066133261,15.63384709879756,56.75869109109044,64.07934380695224,
17,xair,1,0.0,50.0,before_recheck,0,1,0,0,0,31,31,before_check,0,,,,,61.65929418057203,64.24509501084685,9.991612285375595,11.120099108666182,,,REVOKE,read_set_version_changed_at_gate,60.18925737589598,,,5.345277022570372,5.542867351323366,13.070288114249706,57.53318406641483,65.53453439846635,
18,xair,1,0.0,50.0,before_recheck,0,1,0,0,0,33,33,before_check,0,,,,,60.45784102752805,61.66826095432043,12.34569912776351,13.974112924188375,,,REVOKE,read_set_version_changed_at_gate,55.9712341055274,,,6.834681145846844,6.969674024730921,17.062075901776552,57.30189010500908,62.805915251374245,
19,xair,1,0.0,50.0,before_recheck,0,1,0,0,0,35,35,before_check,0,,,,,62.00275896117091,64.37507923692465,13.866682071238756,14.989960007369518,,,REVOKE,read_set_version_changed_at_gate,57.11118318140507,,,8.653413038700819,8.871041238307953,16.934907995164394,59.29362727329135,65.76459622010589,
20,xair,1,0.0,50.0,before_recheck,0,1,0,0,0,37,37,before_check,0,,,,,58.09218296781182,59.39225200563669,10.471222922205925,11.287203058600426,,,REVOKE,read_set_version_changed_at_gate,55.80962123349309,,,4.745822865515947,5.023403093218803,13.504141941666603,55.43933715671301,60.55544409900904,
21,xair,1,0.0,50.0,before_recheck,0,1,0,0,0,39,39,before_check,0,,,,,64.88295225426555,66.48849416524172,25.529581122100353,27.201266027987003,,,REVOKE,read_set_version_changed_at_gate,58.84774075821042,,,8.80286330357194,9.00681596249342,31.197333242744207,59.54625131562352,67.65060406178236,
22,xair,1,0.0,50.0,before_recheck,0,1,0,0,0,41,41,before_check,0,,,,,62.2841059230268,63.583443872630596,15.052124857902527,16.46861294284463,,,REVOKE,read_set_version_changed_at_gate,55.8906439691782,,,8.816597983241081,9.048753883689642,19.58622084930539,59.43717574700713,64.70724195241928,
23,xair,1,0.0,50.0,before_recheck,0,1,0,0,0,43,43,before_check,0,,,,,58.21415223181248,59.689139015972614,9.427784942090511,10.636413004249334,,,REVOKE,read_set_version_changed_at_gate,56.25433474779129,,,4.679749254137278,4.805123899132013,12.799589894711971,55.026732850819826,60.93408400192857,
24,xair,0,,50.0,control,1,0,0,0,0,,44,control,0,,1.2509371154010296,2.496562898159027,60.064051765948534,57.56748886778951,58.813114650547504,,,,,EXECUTE,published_after_gate_recheck,55.69033790379763,55.7027910836041,0.012453179806470871,4.373603966087103,,,54.49250992387533,60.06394186988473,60.0763950496912
25,xair,1,0.0,50.0,before_recheck,0,1,0,0,0,46,46,before_check,0,,,,,58.381195180118084,59.79978619143367,9.488850366324186,10.690794326364994,,,REVOKE,read_set_version_changed_at_gate,56.26844195649028,,,4.6889763325452805,4.865026101469994,12.739978265017271,55.21702999249101,60.95741828903556,
26,xair,1,0.0,50.0,before_recheck,0,1,0,0,0,48,48,before_check,0,,,,,58.56635235249996,59.901086147874594,10.374230332672596,11.396938934922218,,,REVOKE,read_set_version_changed_at_gate,56.114913895726204,,,5.052568390965462,5.22621301934123,13.304066378623247,55.53098814561963,61.167482286691666,
27,xair,1,0.0,50.0,before_recheck,0,1,0,0,0,50,50,before_check,0,,,,,59.30779408663511,60.46508392319083,11.269108857959509,12.421059887856245,,,REVOKE,read_set_version_changed_at_gate,55.80025305971503,,,5.7245590724051,5.91481477022171,14.201840851455927,56.27104686573148,61.52481213212013,
28,xair,0,,50.0,control,1,0,0,0,0,,51,control,0,,1.4012488536536694,2.8381235897541046,60.5560545809567,57.71793099120259,59.15480572730303,,,,,EXECUTE,published_after_gate_recheck,55.9988459572196,56.01487681269646,0.01603085547685623,4.557027947157621,,,54.685321636497974,60.55587390437722,60.57190475985408
29,xair,1,0.0,50.0,before_recheck,0,1,0,0,0,53,53,before_check,0,,,,,60.31575379893184,61.659203842282295,11.120981071144342,12.357090134173632,,,REVOKE,read_set_version_changed_at_gate,57.03259585425258,,,6.004163064062595,6.26338878646493,14.635754749178886,56.58082803711295,63.03675891831517,
30,xair,0,,50.0,control,1,0,0,0,0,,54,control,0,,1.287234015762806,2.7517122216522694,61.05262599885464,58.30091377720237,59.76539198309183,,,,,EXECUTE,published_after_gate_recheck,55.578287690877914,55.59259466826916,0.014306977391242981,5.4740081541240215,,,55.59881590306759,61.052295845001936,61.06660282239318
31,xair,1,0.0,50.0,before_recheck,0,1,0,0,0,56,56,before_check,0,,,,,60.781968757510185,62.305415980517864,12.322825845330954,13.422608841210604,,,REVOKE,read_set_version_changed_at_gate,55.839817970991135,,,7.522040046751499,7.6655191369354725,15.521576162427664,57.93782277032733,63.361858017742634,
32,xair,1,0.0,50.0,before_recheck,0,1,0,0,0,58,58,before_check,0,,,,,59.46947680786252,60.686320066452026,11.142982635647058,12.08887668326497,,,REVOKE,read_set_version_changed_at_gate,55.87600590661168,,,6.0889520682394505,6.224276032298803,14.402437023818493,56.536304764449596,61.96495797485113,
33,xair,1,0.0,50.0,before_recheck,0,1,0,0,0,60,60,before_check,0,,,,,59.96888363733888,61.37385964393616,11.59067265689373,12.868870981037617,,,REVOKE,read_set_version_changed_at_gate,56.69409083202481,,,5.949319805949926,6.193638779222965,14.82423860579729,56.50644889101386,62.64341063797474,
34,xair,1,0.0,50.0,before_recheck,0,1,0,0,0,62,62,before_check,0,,,,,59.37979789450765,61.09300162643194,10.606525931507349,12.14147498831153,,,REVOKE,read_set_version_changed_at_gate,56.95019103586674,,,5.403175018727779,5.559898912906647,14.243938960134983,55.794982705265284,62.35336605459452,
35,xair,1,0.0,50.0,before_recheck,0,1,0,0,0,64,64,before_check,0,,,,,61.04343896731734,62.36074026674032,12.176631949841976,13.306059874594212,,,REVOKE,read_set_version_changed_at_gate,57.51225491985679,,,6.052213255316019,7.867779117077589,15.56930597871542,58.15676413476467,63.564468175172806,
36,xair,1,0.0,50.0,before_recheck,0,1,0,0,0,66,66,before_check,0,,,,,59.21528022736311,60.49350742250681,11.717811226844788,13.140279334038496,,,REVOKE,read_set_version_changed_at_gate,55.75569998472929,,,5.967564415186644,6.1796423979103565,15.582651365548372,56.51493417099118,61.723264399915934,
37,xair,0,,50.0,control,1,0,0,0,0,,67,control,0,,1.3461844064295292,2.679595723748207,63.07337712496519,60.393781401216984,61.72719271853566,,,,,EXECUTE,published_after_gate_recheck,55.9806521050632,55.995500180870295,0.014848075807094574,7.092555053532124,,,57.21445707604289,63.073207158595324,63.08805523440242
38,xair,0,,50.0,control,1,0,0,0,0,,68,control,0,,1.0715499520301819,2.6061581447720528,60.90022996068001,58.294071815907955,59.828680008649826,,,,,EXECUTE,published_after_gate_recheck,55.450307205319405,55.463312193751335,0.013004988431930542,5.449802614748478,,,55.57954963296652,60.90010982006788,60.91311480849981
39,xair,1,0.0,50.0,before_recheck,0,1,0,0,0,70,70,before_check,0,,,,,58.32628160715103,59.793153777718544,10.317754000425339,11.218964587897062,,,REVOKE,read_set_version_changed_at_gate,56.131556164473295,,,4.6734255738556385,4.8693339340388775,13.273929711431265,55.23807881399989,60.804981738328934,
40,xair,1,30.0,50.0,before_recheck,0,1,0,0,0,72,72,before_check,0,,,,,57.35120316967368,58.33706213161349,40.231307968497276,41.38461221009493,,,REVOKE,read_set_version_changed_at_gate,54.87756337970495,,,4.538573790341616,34.810388926416636,43.36149012669921,54.867222905159,59.41613717004657,
41,xair,0,,50.0,control,1,0,0,0,0,,73,control,0,,1.3277698308229446,2.9070228338241577,60.76799193397164,57.860969100147486,59.4402221031487,,,,,EXECUTE,published_after_gate_recheck,55.99879613146186,56.010507978498936,0.01171184703707695,4.768985789269209,,,54.883453994989395,60.76778192073107,60.779493767768145
42,xair,0,,50.0,control,1,0,0,0,0,,74,control,0,,1.1942698620259762,2.146426122635603,62.49576294794679,60.349336825311184,61.30149308592081,,,,,EXECUTE,published_after_gate_recheck,57.41470213979483,57.431063149124384,0.01636100932955742,5.080780945718288,,,55.21051678806543,62.495483085513115,62.51184409484267
43,xair,1,30.0,50.0,before_recheck,0,1,0,0,0,76,76,before_check,0,,,,,58.402384631335735,59.73626673221588,41.69603576883674,43.02128171548247,,,REVOKE,read_set_version_changed_at_gate,55.61388423666358,,,5.253073759377003,35.49990290775895,45.23778986185789,55.521811824291945,60.86695799604058,
44,xair,0,,50.0,control,1,0,0,0,0,,77,control,0,,1.470788847655058,3.2591838389635086,62.67197383567691,59.4127899967134,61.20118498802185,,,,,EXECUTE,published_after_gate_recheck,56.81185098364949,56.82703014463186,0.015179160982370377,5.859781987965107,,,56.05042306706309,62.6716329716146,62.68681213259697
45,xair,0,,50.0,control,1,0,0,0,0,,78,control,0,,1.4573941007256508,2.9444140382111073,61.482973862439394,58.53855982422829,60.02557976171374,,,,,EXECUTE,published_after_gate_recheck,55.89189613237977,55.90416910126805,0.012272968888282776,5.590806715190411,,,55.69042777642608,61.48270284757018,61.494975816458464
46,xair,1,30.0,50.0,before_recheck,0,1,0,0,0,80,80,before_check,0,,,,,57.14956531301141,58.496331330388784,39.70016213133931,40.59827700257301,,,REVOKE,read_set_version_changed_at_gate,54.8329190351069,,,4.5805820263922215,34.74196093156934,42.99715720117092,54.773648269474506,59.41350106149912,
47,xair,1,30.0,50.0,before_recheck,0,1,0,0,0,82,82,before_check,0,,,,,57.43555072695017,58.58096992596984,40.40363244712353,41.72680387273431,,,REVOKE,read_set_version_changed_at_gate,54.950329940766096,,,4.6550920233130455,34.925675950944424,43.67802385240793,54.94159273803234,59.60542196407914,
48,xair,1,30.0,50.0,before_recheck,0,1,0,0,0,84,84,before_check,0,,,,,57.49835912138224,58.61760908737779,40.280650835484266,41.11877270042896,,,REVOKE,read_set_version_changed_at_gate,54.90712774917483,,,4.670300986617804,35.22408474236727,43.583215679973364,55.25215482339263,59.57742873579264,
49,xair,1,30.0,50.0,before_recheck,0,1,0,0,0,86,86,before_check,0,,,,,56.20046518743038,57.270030956715345,39.1730940900743,40.37372628226876,,,REVOKE,read_set_version_changed_at_gate,54.286624770611525,,,4.024449270218611,34.20742927119136,42.3055300489068,54.2372721247375,58.311074040830135,
50,xair,1,30.0,50.0,before_recheck,0,1,0,0,0,88,88,before_check,0,,,,,58.065051678568125,59.37005998566747,41.998572647571564,43.017043732106686,,,REVOKE,read_set_version_changed_at_gate,55.47404196113348,,,5.145290866494179,35.34948965534568,45.626227743923664,55.386426858603954,60.61933282762766,
51,xair,1,30.0,50.0,before_recheck,0,1,0,0,0,90,90,before_check,0,,,,,59.816136956214905,61.19615584611893,40.15620797872543,41.24361788854003,,,REVOKE,read_set_version_changed_at_gate,57.16766929253936,,,5.029704887419939,35.22550920024514,43.21359284222126,55.293504148721695,62.1973741799593,
52,xair,0,,50.0,control,1,0,0,0,0,,91,control,0,,1.32052693516016,2.7749259024858475,64.76834695786238,61.99342105537653,63.44782002270222,,,,,EXECUTE,published_after_gate_recheck,56.55273515731096,56.56428728252649,0.011552125215530396,8.215340785682201,,,58.42308374121785,64.76807594299316,64.7796280682087
53,xair,1,30.0,50.0,before_recheck,0,1,0,0,0,93,93,before_check,0,,,,,58.67474619299173,60.32874854281545,42.14468691498041,43.06013509631157,,,REVOKE,read_set_version_changed_at_gate,56.28521274775267,,,5.398527253419161,35.63287202268839,45.73683626949787,55.68709131330252,61.68374000117183,
54,xair,1,30.0,50.0,before_recheck,0,1,0,0,0,95,95,before_check,0,,,,,57.44737293571234,58.80785500630736,40.10189604014158,41.245310101658106,,,REVOKE,read_set_version_changed_at_gate,54.78844605386257,,,4.779695998877287,34.97531870380044,43.27420610934496,55.00807799398899,59.56814205273986,
55,xair,1,30.0,50.0,before_recheck,0,1,0,0,0,97,97,before_check,0,,,,,59.14061004295945,60.20193127915263,40.67111387848854,41.54183715581894,,,REVOKE,read_set_version_changed_at_gate,56.90472573041916,,,4.576415289193392,34.82024930417538,43.96435199305415,54.8870712518692,61.48114101961255,
56,xair,1,30.0,50.0,before_recheck,0,1,0,0,0,99,99,before_check,0,,,,,58.32314630970359,60.24757632985711,44.43072620779276,45.80261930823326,,,REVOKE,read_set_version_changed_at_gate,55.7171581313014,,,5.710522178560495,35.89657740667462,48.20185014978051,55.932831950485706,61.4276803098619,
57,xair,1,30.0,50.0,before_recheck,0,1,0,0,0,101,101,before_check,0,,,,,61.23013002797961,62.21693102270365,43.01496082916856,44.12033408880234,,,REVOKE,read_set_version_changed_at_gate,56.345846969634295,,,7.032191846519709,37.24981611594558,46.47996090352535,57.28633189573884,63.378038816154,
58,xair,1,30.0,50.0,before_recheck,0,1,0,0,0,103,103,before_check,0,,,,,57.89129575714469,59.050099924206734,40.763746947050095,42.04092267900705,,,REVOKE,read_set_version_changed_at_gate,54.72093867138028,,,5.298038013279438,35.507306922227144,44.25769066438079,55.55357085540891,60.01897668465972,
59,xair,1,30.0,50.0,before_recheck,0,1,0,0,0,105,105,before_check,0,,,,,59.87182119861245,61.26838084310293,41.284122969955206,42.48348297551274,,,REVOKE,read_set_version_changed_at_gate,56.90200999379158,,,5.448680836707354,35.73101619258523,44.33557717129588,55.739309173077345,62.350690830498934,
60,xair,1,30.0,50.0,before_recheck,0,1,0,0,0,107,107,before_check,0,,,,,58.06465120986104,59.52626373618841,41.37090593576431,42.66561521217227,,,REVOKE,read_set_version_changed_at_gate,55.12679973617196,,,5.251411348581314,35.430222284048796,45.67517014220357,55.457389913499355,60.378211084753275,
61,xair,1,30.0,50.0,before_recheck,0,1,0,0,0,109,109,before_check,0,,,,,58.04371228441596,59.28740510717034,40.772163309156895,42.54655120894313,,,REVOKE,read_set_version_changed_at_gate,55.566355120390654,,,4.794564098119736,35.09998228400946,44.90669909864664,55.1420790143311,60.36091921851039,
62,xair,1,30.0,50.0,before_recheck,0,1,0,0,0,111,111,before_check,0,,,,,57.467141188681126,58.56419913470745,40.387671906501055,41.45703790709376,,,REVOKE,read_set_version_changed_at_gate,55.35142216831446,,,4.2968811467289925,34.574718214571476,43.878721073269844,54.62872702628374,59.64830331504345,
63,xair,1,30.0,50.0,before_recheck,0,1,0,0,0,113,113,before_check,0,,,,,58.82212286815047,60.37972494959831,41.43574787303805,42.64225158840418,,,REVOKE,read_set_version_changed_at_gate,56.097512133419514,,,5.3851418197155,35.72013694792986,44.91240996867418,55.73775665834546,61.482653953135014,
64,xair,1,30.0,50.0,before_recheck,0,1,0,0,0,115,115,before_check,0,,,,,58.80579212680459,59.90047659724951,40.822737850248814,41.82804422453046,,,REVOKE,read_set_version_changed_at_gate,55.68233272060752,,,5.134151317179203,35.3583381511271,44.070170260965824,55.378383025527,60.81648403778672,
65,xair,1,30.0,50.0,before_recheck,0,1,0,0,0,117,117,before_check,0,,,,,58.61222790554166,59.886418748646975,41.106970980763435,42.38244378939271,,,REVOKE,read_set_version_changed_at_gate,54.893994238227606,,,6.002919748425484,36.22232796624303,44.382676016539335,56.26614764332771,60.89691398665309,
66,xair,1,30.0,50.0,before_recheck,0,1,0,0,0,119,119,before_check,0,,,,,58.399259112775326,59.55666024237871,40.851712226867676,42.06517897546291,,,REVOKE,read_set_version_changed_at_gate,55.27508910745382,,,5.272380076348782,35.52446933463216,44.05276710167527,55.58313708752394,60.547469183802605,
67,xair,0,,50.0,control,1,0,0,0,0,,120,control,0,,1.336496789008379,2.7742539532482624,61.08088884502649,58.30663489177823,59.744392056018114,,,,,EXECUTE,published_after_gate_recheck,55.68907503038645,55.69899408146739,0.009919051080942154,5.39169367402792,,,55.50787504762411,61.08076870441437,61.09068775549531
68,xair,1,30.0,50.0,before_recheck,0,1,0,0,0,122,122,before_check,0,,,,,60.81270705908537,61.87810515984893,44.74248085170984,45.78709090128541,,,REVOKE,read_set_version_changed_at_gate,54.699929896742105,,,8.077993057668209,38.29468600451946,47.972038853913546,58.368752244859934,62.777922954410315,
69,xair,1,30.0,50.0,before_recheck,0,1,0,0,0,124,124,before_check,0,,,,,57.29068908840418,58.44652699306607,40.38691008463502,41.36240016669035,,,REVOKE,read_set_version_changed_at_gate,54.439219646155834,,,4.827055148780346,34.95525103062391,43.5137958265841,55.028555914759636,59.26627479493618,
70,xair,0,,50.0,control,1,0,0,0,0,,125,control,0,,1.2693209573626518,2.537549939006567,60.56060269474983,58.023052755743265,59.29128173738718,,,,,EXECUTE,published_after_gate_recheck,55.90677401050925,55.9203801676631,0.013606157153844833,4.653658717870712,,,54.7634088434279,60.560432728379965,60.57403888553381
71,xair,1,30.0,50.0,before_recheck,0,1,0,0,0,127,127,before_check,0,,,,,57.911083567887545,59.210911858826876,40.34451115876436,41.4342051371932,,,REVOKE,read_set_version_changed_at_gate,55.37852318957448,,,5.067295860499144,35.26272904127836,43.42575091868639,55.29177002608776,60.445819050073624,
72,xair,0,,50.0,control,1,0,0,0,0,,128,control,0,,1.2974636629223824,2.882508095353842,62.12969683110714,59.2471887357533,60.83223316818476,,,,,EXECUTE,published_after_gate_recheck,56.10928311944008,56.12155608832836,0.012272968888282776,6.02025305852294,,,56.12322874367237,62.12953617796302,62.1418091468513
73,xair,1,30.0,50.0,before_recheck,0,1,0,0,0,130,130,before_check,0,,,,,58.35903296247125,59.37339598312974,41.12790012732148,42.37808473408222,,,REVOKE,read_set_version_changed_at_gate,54.790981113910675,,,5.569005850702524,35.8623331412673,44.50159892439842,55.92032894492149,60.3599869646132,
74,xair,0,,50.0,control,1,0,0,0,0,,131,control,0,,1.0306229814887047,2.4393759667873383,62.066118232905865,59.62674226611853,61.03549525141716,,,,,EXECUTE,published_after_gate_recheck,55.1304672844708,55.14489486813545,0.014427583664655685,6.93527003750205,,,57.04371724277735,62.06573732197285,62.0801649056375
75,xair,0,,50.0,control,1,0,0,0,0,,132,control,0,,1.1216350831091404,2.2918302565813065,64.22699196264148,61.93516170606017,63.10535687953234,,,,,EXECUTE,published_after_gate_recheck,58.67757136002183,58.687379118055105,0.009807758033275604,5.5490597151219845,,,55.668998043984175,64.22663107514381,64.23643883317709
76,xair,1,30.0,50.0,before_recheck,0,1,0,0,0,134,134,before_check,0,,,,,59.94670186191797,60.814959928393364,41.35203082114458,42.54857497289777,,,REVOKE,read_set_version_changed_at_gate,56.33955541998148,,,5.608049686998129,35.84214486181736,44.743592850863934,55.874332785606384,61.94760510697961,
77,xair,1,30.0,50.0,before_recheck,0,1,0,0,0,136,136,before_check,0,,,,,58.00270568579435,59.22893574461341,40.69708287715912,42.09339199587703,,,REVOKE,read_set_version_changed_at_gate,55.28446612879634,,,5.13539370149374,35.4176489636302,44.51210889965296,55.48326997086406,60.41985983029008,
78,xair,1,30.0,50.0,before_recheck,0,1,0,0,0,138,138,before_check,0,,,,,57.35279619693756,58.683522045612335,40.70470668375492,42.23719099536538,,,REVOKE,read_set_version_changed_at_gate,55.094901006668806,,,4.67698322609067,35.010495223104954,44.611525256186724,55.04099931567907,59.771884232759476,
79,xair,1,30.0,50.0,before_recheck,0,1,0,0,0,140,140,before_check,0,,,,,58.913683984428644,60.20564679056406,41.67251195758581,42.68509102985263,,,REVOKE,read_set_version_changed_at_gate,56.08621006831527,,,5.1178396679461,35.34657508134842,44.794728979468346,55.722447112202644,61.20404973626137,
80,xair,0,,50.0,control,1,0,0,0,0,,141,control,0,,1.1274749413132668,2.7638450264930725,61.02093821391463,58.25709318742156,59.893463272601366,,,,,EXECUTE,published_after_gate_recheck,55.60316378250718,55.61287188902497,0.009708106517791748,5.417593289166689,,,55.5283441208303,61.02075707167387,61.03046517819166
81,xair,0,,50.0,control,1,0,0,0,0,,142,control,0,,1.127345021814108,2.355197910219431,62.34146514907479,59.98626723885536,61.214120127260685,,,,,EXECUTE,published_after_gate_recheck,55.57623319327831,55.585430935025215,0.009197741746902466,6.765090860426426,,,56.870772037655115,62.34132405370474,62.35052179545164
82,xair,1,40.0,50.0,before_recheck,0,1,0,0,0,144,144,before_check,0,,,,,58.038823306560516,59.1136091388762,51.100087352097034,52.08627739921212,,,REVOKE,read_set_version_changed_at_gate,54.51015383005142,,,5.631253123283386,45.83030100911856,54.19377004727721,55.863823276013136,60.14140695333481,
83,xair,0,,50.0,control,1,0,0,0,0,,145,control,0,,1.9726799800992012,3.555318806320429,63.506499864161015,59.951181057840586,61.53381988406181,,,,,EXECUTE,published_after_gate_recheck,59.50817000120878,59.53007098287344,0.021900981664657593,3.998139873147011,,,54.12107380107045,63.50630987435579,63.52821085602045
84,xair,0,,50.0,control,1,0,0,0,0,,146,control,0,,1.271835993975401,2.3933802731335163,60.27196208015084,57.878581807017326,59.00012608617544,,,,,EXECUTE,published_after_gate_recheck,55.72097469121218,55.73462974280119,0.013655051589012146,4.5508272014558315,,,54.66292006894946,60.27180189266801,60.28545694425702
85,xair,1,40.0,50.0,concurrent,0,1,0,0,0,148,148,before_check,0,,,,,58.0130647867918,59.349821880459785,50.79755885526538,52.25399089977145,,,REVOKE,read_set_version_changed_at_gate,55.384614039212465,,,4.844647832214832,45.07409268990159,55.4392971098423,55.16493180766702,60.2292618714273,
86,xair,1,40.0,50.0,before_recheck,0,1,0,0,0,150,150,before_check,0,,,,,58.73205279931426,59.80819184333086,52.00698785483837,53.23002161458135,,,REVOKE,read_set_version_changed_at_gate,55.15527259558439,,,5.811532028019428,46.05014389380813,55.78026594594121,56.11086590215564,60.96680462360382,
87,xair,1,40.0,50.0,concurrent,0,1,0,0,0,152,152,before_check,0,,,,,58.365215081721544,59.32941380888224,52.16585611924529,54.24231104552746,,,REVOKE,read_set_version_changed_at_gate,54.98580588027835,,,5.342231132090092,45.53144983947277,56.526945903897285,55.58401811867952,60.32803701236844,
88,xair,1,40.0,50.0,before_recheck,0,1,0,0,0,154,154,before_check,0,,,,,58.59379516914487,59.95372636243701,50.985172390937805,52.34510311856866,,,REVOKE,read_set_version_changed_at_gate,55.91488862410188,,,5.104696378111839,45.37663096562028,54.65461499989033,55.45792216435075,61.01958500221372,
89,xair,1,40.0,50.0,before_recheck,0,1,0,0,0,156,156,before_check,0,,,,,57.65761760994792,58.96990979090333,50.33602425828576,51.21341999620199,,,REVOKE,read_set_version_changed_at_gate,55.24421110749245,,,4.8214648850262165,45.07580678910017,53.17652178928256,55.13184983283281,60.06567599251866,
90,xair,1,40.0,50.0,before_recheck,0,1,0,0,0,158,158,before_check,0,,,,,57.60061088949442,58.73052077367902,50.51431804895401,51.599855069071054,,,REVOKE,read_set_version_changed_at_gate,54.73474459722638,,,5.0295451655983925,45.248209964483976,53.86894103139639,55.27105089277029,59.764289762824774,
91,xair,1,40.0,50.0,concurrent,0,1,0,0,0,160,160,before_check,0,,,,,59.30396681651473,60.41257595643401,51.910577807575464,53.064913023263216,,,REVOKE,read_set_version_changed_at_gate,56.05494091287255,,,5.373571068048477,45.624535996466875,56.328215170651674,55.945506785064936,61.42851198092103,
92,xair,1,40.0,50.0,before_recheck,0,1,0,0,0,162,162,before_check,0,,,,,57.58822802454233,59.102068189531565,50.19248416647315,51.27352196723223,,,REVOKE,read_set_version_changed_at_gate,55.58037105947733,,,4.636568017303944,44.83931325376034,54.815346375107765,54.88995602354407,60.21693907678127,
93,xair,1,40.0,50.0,before_recheck,0,1,0,0,0,164,164,before_check,0,,,,,58.639420196413994,60.19128113985062,50.62274122610688,51.782938186079264,,,REVOKE,read_set_version_changed_at_gate,56.463978718966246,,,4.846371244639158,45.13155110180378,53.97523986175656,55.20148016512394,61.310349963605404,
94,xair,0,,50.0,control,1,0,0,0,0,,165,control,0,,1.2282542884349823,2.6422259397804737,60.99709216505289,58.35486622527242,59.76883787661791,,,,,EXECUTE,published_after_gate_recheck,56.13207584246993,56.142755784094334,0.010679941624403,4.8648761585354805,,,54.99293887987733,60.99695200100541,61.007631942629814
95,xair,1,40.0,50.0,before_recheck,0,1,0,0,0,167,167,before_check,0,,,,,58.824225794523954,60.44373381882906,52.03476967290044,53.22104459628463,,,REVOKE,read_set_version_changed_at_gate,56.086020078510046,,,5.659876856952906,46.271638944745064,55.562376976013184,56.33198097348213,61.74589693546295,
96,xair,1,40.0,50.0,before_recheck,0,1,0,0,0,169,169,before_check,0,,,,,58.05176729336381,59.117135126143694,50.65605416893959,51.55031103640795,,,REVOKE,read_set_version_changed_at_gate,55.53370388224721,,,4.866909235715866,45.194398146122694,54.1645553894341,55.218101013451815,60.400613117963076,
97,xair,1,40.0,50.0,before_recheck,0,1,0,0,0,171,171,before_check,0,,,,,57.98351997509599,59.2552749440074,51.21660605072975,52.593108266592026,,,REVOKE,read_set_version_changed_at_gate,55.038203950971365,,,5.238247103989124,45.500573236495256,54.89364406093955,55.52559904754162,60.27645105496049,
98,xair,1,40.0,50.0,before_recheck,0,1,0,0,0,173,173,before_check,0,,,,,58.049351908266544,58.963005896657705,50.78583676367998,51.98994604870677,,,REVOKE,read_set_version_changed_at_gate,54.96806278824806,,,4.993536975234747,45.20533885806799,54.179673083126545,55.24485185742378,59.96159976348281,
99,xair,1,40.0,50.0,before_recheck,0,1,0,0,0,175,175,before_check,0,,,,,58.122419752180576,59.21213375404477,50.938342697918415,52.00655711814761,,,REVOKE,read_set_version_changed_at_gate,56.594112887978554,,,5.181991029530764,45.48965208232403,54.0985818952322,55.53963501006365,61.77610391750932,
100,xair,1,40.0,50.0,before_recheck,0,1,0,0,0,177,177,before_check,0,,,,,57.55043728277087,58.80197510123253,50.329582300037146,51.68546503409743,,,REVOKE,read_set_version_changed_at_gate,54.950248915702105,,,4.891426302492619,45.07661843672395,53.841079119592905,55.094600189477205,59.84167521819472,
101,xair,1,40.0,50.0,before_recheck,0,1,0,0,0,179,179,before_check,0,,,,,57.82459117472172,58.82460717111826,50.907465163618326,51.92585615441203,,,REVOKE,read_set_version_changed_at_gate,54.83800917863846,,,5.026218015700579,45.35522032529116,54.26014494150877,55.403478909283876,59.86422719433904,
102,xair,1,40.0,50.0,before_recheck,0,1,0,0,0,181,181,before_check,0,,,,,58.13651578500867,59.22216270118952,50.911652855575085,52.39131907001138,,,REVOKE,read_set_version_changed_at_gate,55.14239985495806,,,5.274204071611166,45.53975677117705,54.57434384152293,55.58068165555596,60.41660392656922,
103,xair,0,,50.0,control,1,0,0,0,0,,182,control,0,,1.05302594602108,2.2822520695626736,60.659609735012054,58.37735766544938,59.606583788990974,,,,,EXECUTE,published_after_gate_recheck,55.26668159291148,55.27553893625736,0.008857343345880508,5.392807070165873,,,55.4742319509387,60.659488663077354,60.668346006423235
104,xair,0,,50.0,control,1,0,0,0,0,,183,control,0,,1.3792072422802448,2.759356051683426,61.4491100423038,58.689753990620375,60.069902800023556,,,,,EXECUTE,published_after_gate_recheck,56.21907999739051,56.23927805572748,0.02019805833697319,5.229800008237362,,,55.36971567198634,61.44888000562787,61.469078063964844
105,xair,1,40.0,50.0,before_recheck,0,1,0,0,0,185,185,before_check,0,,,,,57.59665369987488,58.64403769373894,50.88888108730316,52.17550368979573,,,REVOKE,read_set_version_changed_at_gate,55.060767102986574,,,4.7989217564463615,45.13425566256046,54.5989996753633,55.18713407218456,59.859688859432936,
106,xair,1,40.0,50.0,before_recheck,0,1,0,0,0,187,187,before_check,0,,,,,57.18989064916968,58.39048279449344,50.26189470663667,51.54623370617628,,,REVOKE,read_set_version_changed_at_gate,54.70711272209883,,,4.693204071372747,44.892191886901855,53.921399638056755,54.906297009438276,59.400316793471575,
107,xair,1,40.0,50.0,before_recheck,0,1,0,0,0,189,189,before_check,0,,,,,58.07752627879381,59.18951192870736,51.646030973643064,52.71132895722985,,,REVOKE,read_set_version_changed_at_gate,55.03114126622677,,,5.313117057085037,45.62084935605526,55.2666331641376,55.677153170108795,60.344258323311806,
108,xair,1,40.0,50.0,before_recheck,0,1,0,0,0,191,191,before_check,0,,,,,57.640917133539915,58.8580803014338,51.23266624286771,52.487810142338276,,,REVOKE,read_set_version_changed_at_gate,54.74190879613161,,,5.127879325300455,45.32233905047178,54.61258627474308,55.36113027483225,59.869788121432066,
109,xair,0,,50.0,control,1,0,0,0,0,,192,control,0,,1.2818952091038227,2.636806108057499,60.649360064417124,58.012553956359625,59.3674648553133,,,,,EXECUTE,published_after_gate_recheck,55.85428513586521,55.86953414604068,0.015249010175466537,4.794723819941282,,,54.911076091229916,60.649008955806494,60.66425796598196
110,xair,1,40.0,50.0,before_recheck,0,1,0,0,0,194,194,before_check,0,,,,,57.812859769910574,58.79583302885294,50.614135805517435,51.82472709566355,,,REVOKE,read_set_version_changed_at_gate,55.07890088483691,,,4.699035082012415,45.03080202266574,53.97092318162322,55.07018510252237,59.77793596684933,
111,xair,1,40.0,50.0,before_recheck,0,1,0,0,0,196,196,before_check,0,,,,,59.27436100319028,60.318268835544586,51.7445458099246,52.92557179927826,,,REVOKE,read_set_version_changed_at_gate,55.617040023207664,,,5.845075007528067,46.119894832372665,55.06219994276762,56.15468882024288,61.46211503073573,
112,xair,0,,50.0,control,1,0,0,0,0,,197,control,0,,1.450992189347744,2.782810013741255,61.33769126608968,58.55488125234842,59.886699076741934,,,,,EXECUTE,published_after_gate_recheck,56.52624508365989,56.53615389019251,0.009908806532621384,4.811135120689869,,,54.922597017139196,61.337380204349756,61.34728901088238
113,xair,1,40.0,50.0,before_recheck,0,1,0,0,0,199,199,before_check,0,,,,,58.679333422333,59.86582022160292,51.94661486893892,53.04917320609093,,,REVOKE,read_set_version_changed_at_gate,55.114157032221556,,,5.8801001869142056,46.08388710767031,55.185260251164436,56.11601611599326,60.99425721913576,
114,xair,1,40.0,50.0,before_recheck,0,1,0,0,0,201,201,before_check,0,,,,,57.81533382833004,58.78019379451871,50.3211859613657,51.42772197723389,,,REVOKE,read_set_version_changed_at_gate,54.58864104002714,,,5.118040833622217,45.3086425550282,53.391044959425926,55.333878844976425,59.70668187364936,
115,xair,1,40.0,50.0,before_recheck,0,1,0,0,0,203,203,before_check,0,,,,,59.06087998300791,60.95552397891879,51.267681177705526,52.37215291708708,,,REVOKE,read_set_version_changed_at_gate,57.3630859144032,,,4.972557071596384,45.193346217274666,54.751286283135414,55.91877596452832,62.335642985999584,
116,xair,1,40.0,50.0,before_recheck,0,1,0,0,0,205,205,before_check,0,,,,,56.97164125740528,58.06210730224848,49.80889521539211,50.87688798084855,,,REVOKE,read_set_version_changed_at_gate,54.39750198274851,,,4.67980932444334,44.95785525068641,53.00172418355942,54.894314147531986,59.07731130719185,
117,xair,1,40.0,50.0,before_recheck,0,1,0,0,0,207,207,before_check,0,,,,,56.91064661368728,58.14426066353917,49.93631364777684,51.651300862431526,,,REVOKE,read_set_version_changed_at_gate,54.554698057472706,,,4.6155378222465515,44.819054659456015,53.331953939050436,54.824663791805506,59.17023587971926,
118,xair,0,,50.0,control,1,0,0,0,0,,208,control,0,,1.021216157823801,2.1990551613271236,59.27203595638275,57.07298079505563,58.25081979855895,,,,,EXECUTE,published_after_gate_recheck,55.436691734939814,55.449334904551506,0.012643169611692429,3.8352240808308125,,,53.95152512937784,59.271915815770626,59.28455898538232
119,xair,1,40.0,50.0,before_recheck,0,1,0,0,0,210,210,before_check,0,,,,,58.25522867962718,59.57651790231466,50.62155006453395,51.86575371772051,,,REVOKE,read_set_version_changed_at_gate,55.29739102348685,,,5.224289838224649,45.51190510392189,54.145569913089275,55.563469883054495,60.5216808617115,
120,xair,0,,50.0,control,1,0,0,0,0,,211,control,0,,1.2654028832912445,2.4472600780427456,60.555143281817436,58.10788320377469,59.28974039852619,,,,,EXECUTE,published_after_gate_recheck,55.671481881290674,55.688795167952776,0.017313286662101746,4.883501213043928,,,55.00114522874355,60.5549830943346,60.572296380996704
121,xair,1,45.0,50.0,concurrent,0,1,0,0,0,213,213,before_check,0,,,,,64.05297527089715,65.18224300816655,58.256321121007204,59.5128582790494,,,REVOKE,read_set_version_changed_at_gate,59.9032798781991,,,6.535490043461323,51.81738315150142,64.99102525413036,56.840214878320694,66.43876992166042,
122,xair,1,45.0,50.0,concurrent,0,1,0,0,0,215,215,before_check,0,,,,,58.781465981155634,59.82023384422064,56.498071644455194,57.56391165778041,,,REVOKE,read_set_version_changed_at_gate,55.64723676070571,,,5.401873029768467,50.699064042419195,59.8667417652905,55.7533148676157,61.049109790474176,
123,xair,1,45.0,50.0,concurrent,0,1,0,0,0,217,217,before_check,0,,,,,60.457710176706314,61.51100620627403,58.12740884721279,59.24010602757335,,,REVOKE,read_set_version_changed_at_gate,55.50718400627375,,,6.937073078006506,52.296160254627466,61.39496807008982,57.39594716578722,62.44425708428025,
124,xair,1,45.0,50.0,concurrent,0,1,0,0,0,219,219,before_check,0,,,,,58.32681292667985,59.52354799956083,55.92271266505122,57.1019547060132,,,REVOKE,read_set_version_changed_at_gate,55.43491896241903,,,5.211756099015474,50.49420986324549,59.32353297248483,55.59286382049322,60.64667506143451,
125,xair,1,45.0,50.0,concurrent,0,1,0,0,0,221,221,before_check,0,,,,,58.49837511777878,59.702043421566486,55.807918310165405,56.86323810368776,,,REVOKE,read_set_version_changed_at_gate,55.93517702072859,,,4.936600103974342,50.425030291080475,59.20350831001997,55.487537290900946,60.87177712470293,
126,xair,1,45.0,50.0,concurrent,0,1,0,0,0,223,223,before_check,0,,,,,57.70356394350529,58.67167003452778,54.84714591875672,56.1179188080132,,,REVOKE,read_set_version_changed_at_gate,54.873756133019924,,,4.84694167971611,50.10295566171408,58.15077293664217,55.17696402966976,59.720697812736034,
127,xair,1,45.0,50.0,concurrent,0,1,0,0,0,225,225,before_check,0,,,,,57.722970843315125,58.87550301849842,54.662039037793875,56.38643400743604,,,REVOKE,read_set_version_changed_at_gate,55.47035485506058,,,4.433957859873772,49.604561645537615,58.42726165428758,54.6508077532053,59.90431271493435,
128,xair,1,45.0,50.0,concurrent,0,1,0,0,0,227,227,before_check,0,,,,,57.379355654120445,58.695805724710226,54.62699290364981,55.82251586019993,,,REVOKE,read_set_version_changed_at_gate,54.96687116101384,,,4.630265757441521,49.833460710942745,58.08289581909776,54.86102169379592,59.59713691845536,
129,xair,0,,50.0,control,1,0,0,0,0,,228,control,0,,1.4186413027346134,2.8832191601395607,60.40205620229244,57.51883704215288,58.98341489955783,,,,,EXECUTE,published_after_gate_recheck,55.92599883675575,55.93807203695178,0.012073200196027756,4.475865978747606,,,54.584141820669174,60.40186481550336,60.41393801569939
130,xair,1,45.0,50.0,concurrent,0,1,0,0,0,230,230,before_check,0,,,,,58.15198598429561,59.26379095762968,55.39178801700473,56.705912575125694,,,REVOKE,read_set_version_changed_at_gate,55.655691772699356,,,4.721147008240223,49.913530703634024,59.008391574025154,54.939258843660355,60.37683878093958,
131,xair,1,45.0,50.0,concurrent,0,1,0,0,0,232,232,before_check,0,,,,,60.72997162118554,61.94893829524517,57.61989811435342,58.900770265609026,,,REVOKE,read_set_version_changed_at_gate,57.95865273103118,,,4.691411275416613,49.91416307166219,61.50641804561019,54.95271412655711,62.65006400644779,
132,xair,0,,50.0,control,1,0,0,0,0,,233,control,0,,1.1949623003602028,2.578326966613531,60.68097008392215,58.10264311730862,59.486007783561945,,,,,EXECUTE,published_after_gate_recheck,55.744568817317486,55.75803481042385,0.013465993106365204,4.936269950121641,,,55.05549721419811,60.68083876743913,60.69430476054549
133,xair,1,45.0,50.0,concurrent,0,1,0,0,0,235,235,before_check,0,,,,,59.303115122020245,60.24826783686876,56.1984907835722,57.52241471782327,,,REVOKE,read_set_version_changed_at_gate,56.71887658536434,,,4.861710127443075,50.192353781312704,60.43812399730086,55.24653475731611,61.58058671280742,
134,xair,1,45.0,50.0,concurrent,0,1,0,0,0,237,237,before_check,0,,,,,58.23539197444916,59.42875100299716,55.41542172431946,56.709639728069305,,,REVOKE,read_set_version_changed_at_gate,55.58001110330224,,,5.06976991891861,50.252907909452915,60.177695006132126,55.278665851801634,60.64978102222085,
135,xair,1,45.0,50.0,concurrent,0,1,0,0,0,239,239,before_check,0,,,,,59.37678273767233,60.70299074053764,57.22068902105093,58.17626090720296,,,REVOKE,read_set_version_changed_at_gate,57.76319606229663,,,4.397519864141941,49.77002181112766,60.63045468181372,54.827709682285786,62.16071592643857,
136,xair,0,,50.0,control,1,0,0,0,0,,240,control,0,,1.2121242471039295,2.896644175052643,62.865307088941336,59.96866291388869,61.653182841837406,,,,,EXECUTE,published_after_gate_recheck,56.471682619303465,56.4825227484107,0.010840129107236862,6.393494084477425,,,56.51570577174425,62.86517670378089,62.876016832888126
137,xair,1,45.0,50.0,concurrent,0,1,0,0,0,242,242,before_check,0,,,,,58.06925008073449,59.24572702497244,55.55291986092925,56.85704620555043,,,REVOKE,read_set_version_changed_at_gate,54.7256083227694,,,5.48115186393261,50.65914988517761,58.92719980329275,55.65704498440027,60.20676018670201,
138,xair,1,45.0,50.0,concurrent,0,1,0,0,0,244,244,before_check,0,,,,,58.434014208614826,59.682426042854786,55.965584237128496,57.33079509809613,,,REVOKE,read_set_version_changed_at_gate,55.7679939083755,,,4.8583331517875195,50.14180904254317,59.64765092357993,55.19575020298362,60.62632706016302,
139,xair,1,45.0,50.0,concurrent,0,1,0,0,0,246,246,before_check,0,,,,,58.64382814615965,60.20367378368974,55.98342791199684,57.3324179276824,,,REVOKE,read_set_version_changed_at_gate,56.80293496698141,,,4.9313511699438095,50.130427815020084,60.15370087698102,55.15569495037198,61.73428613692522,
140,xair,1,45.0,50.0,concurrent,0,1,0,0,0,248,248,before_check,0,,,,,57.04244412481785,58.1964491866529,53.950324188917875,55.206981021910906,,,REVOKE,read_set_version_changed_at_gate,55.09585328400135,,,4.228150937706232,49.38621213659644,57.618313934654,54.412000346928835,59.32400422170758,
141,xair,1,45.0,50.0,concurrent,0,1,0,0,0,250,250,before_check,0,,,,,57.74230696260929,58.767620008438826,55.354727897793055,56.56233290210366,,,REVOKE,read_set_version_changed_at_gate,55.22612668573856,,,4.593216348439455,49.887482076883316,58.791073970496655,54.92722615599632,59.81934303417802,
142,xair,1,45.0,50.0,concurrent,0,1,0,0,0,252,252,before_check,0,,,,,59.28401881828904,60.424637980759144,56.87097180634737,57.87445465102792,,,REVOKE,read_set_version_changed_at_gate,56.29031313583255,,,5.192639771848917,50.46996474266052,60.12534676119685,55.52509659901261,61.482952907681465,
143,xair,1,45.0,50.0,concurrent,0,1,0,0,0,254,254,before_check,0,,,,,57.842093985527754,58.85779997333884,55.66511116921902,56.716854218393564,,,REVOKE,read_set_version_changed_at_gate,55.066276807338,,,4.626429174095392,49.93587313219905,58.98982705548406,54.972011130303144,59.69270598143339,
144,xair,0,,50.0,control,1,0,0,0,0,,255,control,0,,1.1238278821110725,2.562467008829117,60.65669376403093,58.09422675520182,59.53286588191986,,,,,EXECUTE,published_after_gate_recheck,55.73267722502351,55.74163421988487,0.008956994861364365,4.923896864056587,,,55.019550025463104,60.656574089080095,60.66553108394146
145,xair,1,45.0,50.0,concurrent,0,1,0,0,0,257,257,before_check,0,,,,,58.27620765194297,59.469776693731546,55.25554157793522,56.19832966476679,,,REVOKE,read_set_version_changed_at_gate,55.498627945780754,,,4.929837770760059,50.1065026037395,59.59404958412051,55.13028660789132,60.42846571654081,
146,xair,1,45.0,50.0,concurrent,0,1,0,0,0,259,259,before_check,0,,,,,66.08618889003992,67.54176877439022,64.79370361194015,66.04082277044654,,,REVOKE,read_set_version_changed_at_gate,58.97296592593193,,,9.878399781882763,55.21301180124283,70.36026567220688,60.2345815859735,68.8513657078147,
147,xair,1,45.0,50.0,concurrent,0,1,0,0,0,261,261,before_check,0,,,,,63.44863120466471,64.6223328076303,60.4105219244957,61.96502782404423,,,REVOKE,read_set_version_changed_at_gate,59.20235486701131,,,6.3786860555410385,52.64115799218416,64.27810713648796,56.82732118293643,65.58104092255235,
148,xair,1,45.0,50.0,concurrent,0,1,0,0,0,263,263,before_check,0,,,,,59.74526423960924,60.943452175706625,56.58726999536157,58.31848783418536,,,REVOKE,read_set_version_changed_at_gate,56.16441695019603,,,5.636594258248806,50.863493233919144,61.02332193404436,55.90252624824643,61.801011208444834,
149,xair,1,45.0,50.0,concurrent,0,1,0,0,0,265,265,before_check,0,,,,,59.712383430451155,61.04098493233323,57.01697617769241,58.219502214342356,,,REVOKE,read_set_version_changed_at_gate,57.214445900171995,,,4.755450878292322,50.0029087997973,60.718840919435024,55.02839619293809,61.96989677846432,
150,xair,1,45.0,50.0,concurrent,0,1,0,0,0,267,267,before_check,0,,,,,59.12860669195652,60.11286284774542,56.14955862984061,57.80441267415881,,,REVOKE,read_set_version_changed_at_gate,56.18867324665189,,,5.055051762610674,50.29599787667394,60.27186196297407,55.32319890335202,61.24372500926256,
151,xair,0,,50.0,control,1,0,0,0,0,,268,control,0,,1.2030769139528275,2.4623889476060867,61.44926976412535,58.98688081651926,60.24619285017252,,,,,EXECUTE,published_after_gate_recheck,55.886485148221254,55.902184918522835,0.01569977030158043,5.562264006584883,,,55.667494889348745,61.44874915480614,61.46444892510772
152,xair,0,,50.0,control,1,0,0,0,0,,269,control,0,,1.0431772097945213,2.4451562203466892,60.238990001380444,57.793833781033754,59.19581279158592,,,,,EXECUTE,published_after_gate_recheck,55.62372272834182,55.63847115263343,0.014748424291610718,4.615156911313534,,,54.73155900835991,60.23887963965535,60.25362806394696
153,xair,1,45.0,50.0,concurrent,0,1,0,0,0,271,271,before_check,0,,,,,58.41735331341624,59.44042233750224,55.917383171617985,57.07475496456027,,,REVOKE,read_set_version_changed_at_gate,55.93825317919254,,,4.74147405475378,50.05867313593626,59.41522493958473,55.11693237349391,60.67972723394632,
154,xair,1,45.0,50.0,concurrent,0,1,0,0,0,273,273,before_check,0,,,,,59.17420331388712,60.267454013228416,56.28039501607418,58.01789416000247,,,REVOKE,read_set_version_changed_at_gate,56.54985969886184,,,4.994259215891361,50.325945019721985,60.15641614794731,55.34786591306329,61.5441189147532,
155,xair,0,,50.0,control,1,0,0,0,0,,274,control,0,,1.3731559738516808,2.7495878748595715,61.02305091917515,58.27346304431558,59.64989494532347,,,,,EXECUTE,published_after_gate_recheck,56.07998790219426,56.09173979610205,0.011751893907785416,4.9428921192884445,,,55.027544032782316,61.022880021482706,61.03463191539049
156,xair,1,45.0,50.0,concurrent,0,1,0,0,0,276,276,before_check,0,,,,,58.498436119407415,59.82833122834563,55.585681926459074,57.03010084107518,,,REVOKE,read_set_version_changed_at_gate,56.23437790200114,,,4.713071975857019,49.99043606221676,59.81169920414686,55.04359491169453,60.94744987785816,
157,xair,1,45.0,50.0,concurrent,0,1,0,0,0,278,278,before_check,0,,,,,61.99246970936656,63.463970087468624,59.6802718937397,60.677943751215935,,,REVOKE,read_set_version_changed_at_gate,58.82282368838787,,,6.3063399866223335,52.71176993846893,63.40971775352955,56.7032378166914,65.1291636750102,
158,xair,0,,50.0,control,1,0,0,0,0,,279,control,0,,1.281763892620802,2.882407046854496,61.99620617553592,59.11379912868142,60.714442282915115,,,,,EXECUTE,published_after_gate_recheck,56.48011900484562,56.489937007427216,0.009818002581596375,5.5158971808850765,,,55.62444403767586,61.996016185730696,62.00583418831229
159,xair,0,,50.0,control,1,0,0,0,0,,280,control,0,,1.2377817183732986,2.5506550446152687,60.226607136428356,57.67595209181309,58.98882541805506,,,,,EXECUTE,published_after_gate_recheck,55.47218909487128,55.48239825293422,0.010209158062934875,4.754277877509594,,,54.85254619270563,60.22646697238088,60.23667613044381
160,xair,1,50.0,50.0,concurrent,0,1,0,0,0,282,282,before_check,0,,,,,63.47177503630519,65.13690808787942,61.01451488211751,62.25914973765612,,,REVOKE,read_set_version_changed_at_gate,61.864709947258234,,,4.545717034488916,54.809394758194685,64.63547796010971,55.06911315023899,66.41042698174715,
161,xair,0,,50.0,control,1,0,0,0,0,,283,control,0,,1.248982734978199,2.510388847440481,60.876745730638504,58.36635688319802,59.627762995660305,,,,,EXECUTE,published_after_gate_recheck,55.3148640319705,55.3330578841269,0.01819385215640068,5.5614919401705265,,,55.66154280677438,60.87635597214103,60.89454982429743
162,xair,0,,50.0,control,1,0,0,0,0,,284,control,0,,1.3321503065526485,2.6215389370918274,60.79042097553611,58.16888203844428,59.45827066898346,,,,,EXECUTE,published_after_gate_recheck,55.54829724133015,55.5593972094357,0.01109996810555458,5.242013838142157,,,55.348049849271774,60.7903110794723,60.80141104757786
163,xair,1,50.0,50.0,concurrent,1,0,0,1,0,286,285,after_check,0,after_middleware,1.2346869334578514,2.785947173833847,61.485915910452604,58.69996873661876,60.25122897699475,63.22731310501695,64.21527685597539,,,EXECUTE,published_after_gate_recheck,56.46337289363146,56.477047968655825,0.013675075024366379,5.022413097321987,55.339023005217314,66.82664575055242,55.65243074670434,61.485785990953445,61.49946106597781
164,xair,1,50.0,50.0,concurrent,0,1,0,0,0,288,288,before_check,0,,,,,66.58296892419457,67.92226200923324,63.243674114346504,64.46191994473338,,,REVOKE,read_set_version_changed_at_gate,62.21646722406149,,,6.894174963235855,57.11666913703084,67.10338592529297,57.58242309093475,69.11064218729734,
165,xair,1,50.0,50.0,concurrent,0,1,0,0,0,290,290,before_check,0,,,,,68.40655021369457,69.88409301266074,65.43009588494897,66.75226707011461,,,REVOKE,read_set_version_changed_at_gate,64.96557500213385,,,5.986782256513834,56.295237969607115,69.55037591978908,56.6457062959671,70.95235725864768,
166,xair,0,,50.0,control,1,0,0,0,0,,291,control,0,,1.2787389568984509,2.601431217044592,61.811957973986864,59.21052675694227,60.53321901708841,,,,,EXECUTE,published_after_gate_recheck,56.97574373334646,56.98656477034092,0.010821036994457245,4.836073145270348,,,55.58022577315569,61.81181687861681,61.82263791561127
167,xair,1,50.0,50.0,concurrent,0,1,0,0,0,293,293,before_check,0,,,,,63.406129367649555,64.56589512526989,60.84676692262292,62.12785141542554,,,REVOKE,read_set_version_changed_at_gate,60.44278014451265,,,5.169799085706472,55.44695630669594,63.976559322327375,55.740677285939455,65.61257923021913,
168,xair,1,50.0,50.0,concurrent,1,0,0,1,0,295,294,after_check,0,after_middleware,1.2927050702273846,2.665049396455288,60.99744001403451,58.33239061757922,59.704734943807125,62.22476297989488,63.56235221028328,,,EXECUTE,published_after_gate_recheck,56.06456473469734,56.07622675597668,0.011662021279335022,4.932735115289688,55.13441003859043,65.66474726423621,55.44653628021479,60.99729984998703,61.008961871266365
169,xair,1,50.0,50.0,concurrent,0,1,0,0,0,297,297,before_check,0,,,,,64.40242798998952,65.86411967873573,61.91075313836336,63.09201894327998,,,REVOKE,read_set_version_changed_at_gate,61.352786142379045,,,5.70121593773365,55.96205173060298,65.48804370686412,56.26560188829899,67.0540020801127,
170,xair,0,,50.0,control,1,0,0,0,0,,298,control,0,,1.3167201541364193,2.556486055254936,61.23589724302292,58.67941118776798,59.9191770888865,,,,,EXECUTE,published_after_gate_recheck,55.81213114783168,55.82392308861017,0.011791940778493881,5.423665978014469,,,55.54955918341875,61.23579712584615,61.24758906662464
171,xair,1,50.0,50.0,concurrent,1,0,0,1,0,300,299,after_check,0,after_middleware,1.556609757244587,2.8763357549905777,61.90321873873472,59.026882983744144,60.346608981490135,62.86760792136192,63.93363792449236,,,EXECUTE,published_after_gate_recheck,56.564323138445616,56.579762138426304,0.015438999980688095,5.338715855032206,55.53918890655041,66.2078051827848,56.09472095966339,61.90303899347782,61.91847799345851
172,xair,1,50.0,50.0,concurrent,0,1,0,0,0,302,302,before_check,0,,,,,63.926453702151775,65.11787977069616,61.760179698467255,62.74671107530594,,,REVOKE,read_set_version_changed_at_gate,60.70026196539402,,,5.591850727796555,55.86543073877692,64.97464096173644,56.199767626821995,66.29211269319057,
173,xair,1,50.0,50.0,concurrent,0,1,0,0,0,304,304,before_check,0,,,,,66.79674983024597,68.02488397806883,64.30926313623786,65.51812123507261,,,REVOKE,read_set_version_changed_at_gate,62.24157428368926,,,6.823781877756119,57.077154982835054,67.98220425844193,57.392275892198086,69.06535616144538,
174,xair,1,50.0,50.0,concurrent,0,1,0,0,0,306,306,before_check,0,,,,,62.71831877529621,63.861462753266096,60.48392690718174,61.4491980522871,,,REVOKE,read_set_version_changed_at_gate,59.598084073513746,,,5.303730722516775,55.57012790814042,63.73488577082753,55.930493865162134,64.90181479603052,
175,xair,1,50.0,50.0,concurrent,0,1,0,0,0,308,308,before_check,0,,,,,62.89215525612235,64.20275336131454,60.27976330369711,61.359239276498556,,,REVOKE,read_set_version_changed_at_gate,60.90305186808109,,,4.537233151495457,54.75648120045662,63.75898141413927,55.92162720859051,65.44028501957655,
176,xair,0,,50.0,control,1,0,0,0,0,,309,control,0,,1.2309490703046322,2.3712990805506706,59.717938769608736,57.346639689058065,58.486989699304104,,,,,EXECUTE,published_after_gate_recheck,55.14853587374091,55.1618910394609,0.013355165719985962,4.5692529529333115,,,54.68079913407564,59.71778882667422,59.73114399239421
177,xair,0,,50.0,control,1,0,0,0,0,,310,control,0,,0.9945346973836422,2.206368837505579,59.74309565499425,57.53672681748867,58.74856095761061,,,,,EXECUTE,published_after_gate_recheck,55.121906101703644,55.134430062025785,0.012523960322141647,4.621059633791447,,,54.7183589078486,59.74296573549509,59.75548969581723
178,xair,0,,50.0,control,1,0,0,0,0,,311,control,0,,1.2861322611570358,2.6993141509592533,61.44894612953067,58.749631978571415,60.16281386837363,,,,,EXECUTE,published_after_gate_recheck,56.0029586777091,56.015011854469776,0.012053176760673523,5.445687100291252,,,55.583753157407045,61.448645778000355,61.46069895476103
179,xair,1,50.0,50.0,concurrent,0,1,0,0,0,313,313,before_check,0,,,,,65.57805323973298,66.51835702359676,62.62942124158144,64.10256493836641,,,REVOKE,read_set_version_changed_at_gate,60.77818898484111,,,6.661777850240469,57.078246027231216,66.77336618304253,56.858424097299576,67.43996683508158,
180,xair,1,50.0,50.0,concurrent,1,0,0,1,0,315,314,after_check,0,after_middleware,1.547844149172306,3.2290280796587467,62.09751311689615,58.868485037237406,60.549668967723846,63.135240226984024,64.26369724795222,,,EXECUTE,published_after_gate_recheck,56.87615694478154,56.89140595495701,0.015249010175466537,5.221206229180098,55.50415301695466,66.50462187826633,55.86786614730954,62.09736317396164,62.112612184137106
181,xair,1,50.0,50.0,concurrent,1,0,0,1,0,317,316,after_check,0,after_middleware,1.3934141024947166,2.9895389452576637,61.656856909394264,58.6673179641366,60.26344280689955,62.817004043608904,64.35651192441583,,,EXECUTE,published_after_gate_recheck,56.724914349615574,56.734832003712654,0.00991765409708023,4.931702744215727,55.22753484547138,66.68762490153313,55.512649938464165,61.6566170938313,61.66653474792838
182,xair,1,50.0,50.0,concurrent,0,1,0,0,0,319,319,before_check,0,,,,,62.19708966091275,63.325917813926935,61.076357029378414,62.165780924260616,,,REVOKE,read_set_version_changed_at_gate,59.597714338451624,,,5.045885685831308,55.354141630232334,65.76241878792644,55.711071006953716,64.64360002428293,
183,xair,0,,50.0,control,1,0,0,0,0,,320,control,0,,1.1553773656487465,2.447922248393297,60.312794987112284,57.86487273871899,59.15741762146354,,,,,EXECUTE,published_after_gate_recheck,55.51140708848834,55.524562019854784,0.013154931366443634,4.801207687705755,,,54.918684996664524,60.312614776194096,60.32576970756054
184,xair,1,50.0,50.0,concurrent,1,0,0,1,0,322,321,after_check,0,after_middleware,1.2999488972127438,2.3995917290449142,61.26324785873294,58.863656129688025,59.963298961520195,62.69483407959342,64.2377189360559,,,EXECUTE,published_after_gate_recheck,56.09758710488677,56.111994199454784,0.014407094568014145,5.165510810911655,55.33460481092334,66.54002796858549,55.561570916324854,61.263097915798426,61.27750501036644
185,xair,1,50.0,50.0,concurrent,0,1,0,0,0,324,324,before_check,0,,,,,64.00474207475781,65.10569807142019,61.44467880949378,62.79099499806762,,,REVOKE,read_set_version_changed_at_gate,61.29354517906904,,,5.050094798207283,55.396250914782286,65.42361387982965,55.682357866317034,66.34363997727633,
186,xair,1,50.0,50.0,concurrent,0,1,0,0,0,326,326,before_check,0,,,,,62.81559029594064,63.916625920683146,60.54733507335186,61.69146113097668,,,REVOKE,read_set_version_changed_at_gate,59.67584019526839,,,5.291678011417389,55.47958705574274,63.88434628024697,55.73596805334091,64.96751820668578,
187,xair,1,50.0,50.0,concurrent,0,1,0,0,0,328,328,before_check,0,,,,,62.47132504358888,63.55231301859021,60.16364507377148,61.144255101680756,,,REVOKE,read_set_version_changed_at_gate,60.39088172838092,,,4.41114604473114,54.8283657990396,63.63729294389486,54.593334905803204,64.80202777311206,
188,xair,1,50.0,50.0,concurrent,1,0,0,1,0,330,329,after_check,0,after_middleware,1.1702552437782288,2.5364691391587257,60.73279306292534,58.19632392376661,59.56253781914711,61.64798000827432,62.73389793932438,,,EXECUTE,published_after_gate_recheck,55.83013501018286,55.84316002205014,0.013025011867284775,4.902316723018885,55.26940291747451,64.54931292682886,55.55362580344081,60.73245173320174,60.74547674506903
189,xair,1,50.0,50.0,concurrent,0,1,0,0,0,332,332,before_check,0,,,,,62.984077259898186,64.48910105973482,60.50733011215925,61.85006909072399,,,REVOKE,read_set_version_changed_at_gate,60.25277217850089,,,5.124174058437347,55.34971412271261,64.09794697538018,55.59195810928941,65.37694623693824,
190,xair,0,,50.0,control,1,0,0,0,0,,333,control,0,,1.0739751160144806,2.4018860422074795,59.83023904263973,57.42835300043225,58.75626392662525,,,,,EXECUTE,published_after_gate_recheck,55.331168696284294,55.34102814272046,0.009859446436166763,4.498930182307959,,,54.60719997063279,59.83009887859225,59.83995832502842
191,xair,1,50.0,50.0,concurrent,0,1,0,0,0,335,335,before_check,0,,,,,63.53008095175028,64.35645185410976,60.889908112585545,62.29287991300225,,,REVOKE,read_set_version_changed_at_gate,60.26213010773063,,,5.038201808929443,55.2562577649951,64.45481581613421,55.499203968793154,65.30033191666007,
192,xair,1,50.0,50.0,concurrent,1,0,0,1,0,337,336,after_check,0,after_middleware,1.5094620175659657,2.4824971333146095,61.264920979738235,58.782423846423626,59.75545896217227,62.43283208459616,63.839430920779705,,,EXECUTE,published_after_gate_recheck,56.04819394648075,56.062260176986456,0.01406623050570488,5.216606892645359,55.429453030228615,66.26975117251277,55.99396210163832,61.26480083912611,61.278867069631815
193,xair,1,50.0,50.0,concurrent,0,1,0,0,0,339,339,before_check,0,,,,,62.7543362788856,64.02920791879296,60.26457529515028,61.558482237160206,,,REVOKE,read_set_version_changed_at_gate,60.6067068874836,,,4.5415000058710575,54.702149238437414,63.984794076532125,54.88521186634898,65.14820689335465,
194,xair,1,50.0,50.0,concurrent,0,1,0,0,0,341,341,before_check,0,,,,,64.68793423846364,66.00171932950616,62.379252165555954,63.54834605008364,,,REVOKE,read_set_version_changed_at_gate,60.63848687335849,,,6.493793334811926,56.708152405917645,66.01440208032727,57.01211327686906,67.13228020817041,
195,xair,0,,50.0,control,1,0,0,0,0,,342,control,0,,1.0724421590566635,2.264008391648531,60.20942237228155,57.94541398063302,59.13698021322489,,,,,EXECUTE,published_after_gate_recheck,55.0689366646111,55.08167063817382,0.012733973562717438,5.140314344316721,,,55.251320358365774,60.20925100892782,60.22198498249054
196,xair,1,50.0,50.0,concurrent,1,0,0,1,0,344,343,after_check,0,after_middleware,1.3384209014475346,2.577675972133875,61.41870003193617,58.841024059802294,60.080279130488634,62.55858903750777,63.57234111055732,,,EXECUTE,published_after_gate_recheck,56.35477975010872,56.36984761804342,0.015067867934703827,5.063810385763645,55.36731705069542,66.10307935625315,55.69180613383651,61.418590135872364,61.43365800380707
197,xair,1,50.0,50.0,concurrent,0,1,0,0,0,346,346,before_check,0,,,,,61.79108889773488,62.985760159790516,59.288723859936,60.70838822051883,,,REVOKE,read_set_version_changed_at_gate,59.502465184777975,,,4.260222893208265,54.41962881013751,62.87417095154524,54.5875639654696,63.76268807798624,
198,xair,1,50.0,50.0,concurrent,0,1,0,0,0,348,348,before_check,0,,,,,64.0346179716289,65.3192582540214,61.296300031244755,62.47763615101576,,,REVOKE,read_set_version_changed_at_gate,63.673189375549555,,,4.562499932944775,54.737084079533815,64.9230140261352,55.42156798765063,68.23568930849433,
199,xair,1,50.0,50.0,concurrent,1,0,0,1,0,350,349,after_check,0,after_middleware,1.2724772095680237,2.5226520374417305,61.32783927023411,58.80518723279238,60.055362060666084,62.27105902507901,63.26508428901434,,,EXECUTE,published_after_gate_recheck,56.31337175145745,56.32412200793624,0.010750256478786469,5.014307331293821,55.31451804563403,65.28855999931693,55.63956731930375,61.327679082751274,61.33842933923006
200,xair,0,,50.0,control,1,0,0,0,0,,351,control,0,,1.198128331452608,2.5658439844846725,60.56645140051842,58.000607416033745,59.36832306906581,,,,,EXECUTE,published_after_gate_recheck,55.508341174572706,55.52017316222191,0.011831987649202347,5.057929083704948,,,55.17752002924681,60.566270258277655,60.57810224592686
201,xair,1,55.0,50.0,concurrent,1,0,0,1,0,353,352,after_check,0,after_middleware,1.566489227116108,2.730221953243017,60.79866690561175,58.068444952368736,59.232177678495646,67.2400719486177,68.53744573891163,,,EXECUTE,published_after_gate_recheck,55.98281184211373,55.99472392350435,0.011912081390619278,4.815694876015186,60.125373769551516,70.77941205352545,55.14887673780322,60.79850671812892,60.81041879951954
202,xair,1,55.0,50.0,concurrent,1,0,0,1,0,355,354,after_check,0,after_middleware,1.3881451450288296,2.6665329933166504,60.47267513349652,57.80614214017987,59.08452998846769,65.28137717396021,66.48541614413261,,,EXECUTE,published_after_gate_recheck,55.91421155259013,55.924441665410995,0.010230112820863724,4.558182321488857,59.81571227312088,68.53814702481031,54.8953409306705,60.47239387407899,60.48262398689985
203,xair,0,,50.0,control,1,0,0,0,0,,356,control,0,,1.0773208923637867,2.4808840826153755,60.11023512110114,57.629351038485765,59.032914228737354,,,,,EXECUTE,published_after_gate_recheck,55.77140487730503,55.78484991565347,0.013445038348436356,4.338560160249472,,,54.453833028674126,60.1099650375545,60.12341007590294
204,xair,1,55.0,50.0,concurrent,1,0,0,1,0,358,357,after_check,0,after_middleware,1.2402469292283058,2.6408149860799313,61.23652774840593,58.595712762326,59.99628081917763,65.90642873197794,67.2318059951067,,,EXECUTE,published_after_gate_recheck,55.90200889855623,55.91359082609415,0.01158192753791809,5.3343577310442924,60.640118550509214,69.59847593680024,55.6830489076674,61.236366629600525,61.24794855713844
205,xair,1,55.0,50.0,concurrent,1,0,0,1,0,360,359,after_check,0,after_middleware,1.203346997499466,2.6844958774745464,60.35003485158086,57.66553897410631,59.14668785408139,65.08106086403131,66.29694299772382,,,EXECUTE,published_after_gate_recheck,55.60453189536929,55.61648402363062,0.011952128261327744,4.745362792164087,59.90821588784456,68.16435605287552,54.951176047325134,60.34989468753338,60.361846815794706
206,xair,0,,50.0,control,1,0,0,0,0,,361,control,0,,1.1905636638402939,2.7042836882174015,60.658713802695274,57.95443011447787,59.46815013885498,,,,,EXECUTE,published_after_gate_recheck,55.598660837858915,55.61164487153292,0.012984033674001694,5.0598629750311375,,,55.1637951284647,60.65852381289005,60.671507846564054
207,xair,1,55.0,50.0,after_release,1,0,0,0,1,363,362,after_check,0,after_middleware,1.1885701678693295,2.319070976227522,59.417215175926685,57.09814419969916,58.228645008057356,64.76290430873632,66.00919319316745,,,EXECUTE,published_after_gate_recheck,54.76610874757171,54.77527575567365,0.009167008101940155,4.650986287742853,59.834528248757124,68.20662505924702,54.8741421662271,59.41709503531456,59.4262620434165
208,xair,1,55.0,50.0,concurrent,1,0,0,1,0,365,364,after_check,0,after_middleware,1.3087359257042408,2.674657851457596,61.27316690981388,58.598509058356285,59.96443098410964,66.74137618392706,68.19368107244372,,,EXECUTE,published_after_gate_recheck,56.238180957734585,56.2501628883183,0.011981930583715439,5.034856032580137,60.30640285462141,70.22728584706783,55.36334915086627,61.27303699031472,61.28501892089844
209,xair,1,55.0,50.0,concurrent,1,0,0,1,0,367,366,after_check,0,after_middleware,1.3770433142781258,2.8124460950493813,61.21873389929533,58.40628780424595,59.841690585017204,65.60619594529271,66.69894559308887,,,EXECUTE,published_after_gate_recheck,56.02185474708676,56.03415798395872,0.012303236871957779,5.196678917855024,60.47652196139097,68.99793865159154,55.506156757473946,61.21853366494179,61.230836901813745
210,xair,1,55.0,50.0,concurrent,1,0,0,1,0,369,368,after_check,0,after_middleware,1.3239039108157158,2.5636600330471992,61.37218279764056,58.80852276459336,60.048278886824846,66.28654291853309,67.45132803916931,,,EXECUTE,published_after_gate_recheck,56.05609901249409,56.07200879603624,0.01590978354215622,5.315912887454033,60.596787836402655,69.53217182308435,55.6747131049633,61.37201189994812,61.387921683490276
211,xair,0,,50.0,control,1,0,0,0,0,,370,control,0,,1.0885316878557205,2.6010600849986076,61.092727817595005,58.4916677325964,60.004196129739285,,,,,EXECUTE,published_after_gate_recheck,55.489185731858015,55.506758857518435,0.017573125660419464,5.603332072496414,,,55.72060868144035,61.09251780435443,61.11009093001485
212,xair,0,,50.0,control,1,0,0,0,0,,371,control,0,,1.0567428544163704,2.3824400268495083,59.47201792150736,57.08957789465785,58.41527506709099,,,,,EXECUTE,published_after_gate_recheck,54.944233037531376,54.95614605024457,0.011913012713193893,4.527634009718895,,,54.630103055387735,59.47186704725027,59.483780059963465
213,xair,0,,50.0,control,1,0,0,0,0,,372,control,0,,1.0989620350301266,2.2392109967768192,60.39599096402526,58.15677996724844,59.29702892899513,,,,,EXECUTE,published_after_gate_recheck,55.83239998668432,55.842157918959856,0.009757932275533676,4.563461057841778,,,54.66440785676241,60.3958610445261,60.405618976801634
214,xair,1,55.0,50.0,after_release,1,0,0,0,1,374,373,after_check,0,after_middleware,0.937288161367178,2.535437233746052,59.92380529642105,57.388368062675,58.98651713505387,65.80769410356879,67.10369512438774,,,EXECUTE,published_after_gate_recheck,55.09711988270283,55.107608903199434,0.010489020496606827,4.826545249670744,61.495393980294466,68.82238015532494,55.058958008885384,59.92366513237357,59.93415415287018
215,xair,1,55.0,50.0,after_release,1,0,0,0,1,376,375,after_check,0,after_middleware,1.229907851666212,2.204545773565769,60.56041968986392,58.35587391629815,59.33051183819771,65.74410479515791,66.82584388181567,,,EXECUTE,published_after_gate_recheck,55.17689883708954,55.19668571650982,0.019786879420280457,5.383369978517294,60.74779061600566,69.24475263804197,55.64252287149429,60.56026881560683,60.58005569502711
216,xair,1,55.0,50.0,concurrent,1,0,0,1,0,378,377,after_check,0,after_middleware,1.1948919855058193,2.5506149977445602,60.56317500770092,58.01256000995636,59.3682830221951,65.49323396757245,66.74664560705423,,,EXECUTE,published_after_gate_recheck,55.741067975759506,55.75504386797547,0.013975892215967178,4.821966867893934,60.058457776904106,68.74795071780682,55.11745763942599,60.56303484365344,60.57701073586941
217,xair,1,55.0,50.0,after_release,1,0,0,0,1,380,379,after_check,0,after_middleware,1.0327775962650776,2.232898958027363,60.35650707781315,58.123608119785786,59.32372948154807,65.70127513259649,66.89390214160085,,,EXECUTE,published_after_gate_recheck,55.277709383517504,55.28725730255246,0.009547919034957886,5.078657995909452,60.48516929149628,68.91720835119486,55.34912319853902,60.356367379426956,60.365915298461914
218,xair,1,55.0,50.0,concurrent,1,0,0,1,0,382,381,after_check,0,after_middleware,1.209670677781105,2.5364388711750507,60.2220450527966,57.68560618162155,59.0123743750155,64.89557307213545,65.79444883391261,,,EXECUTE,published_after_gate_recheck,55.52818812429905,55.553956888616085,0.025768764317035675,4.693726077675819,59.860166162252426,68.0149351246655,54.88844821229577,60.22191420197487,60.247682966291904
219,xair,1,55.0,50.0,concurrent,1,0,0,1,0,384,383,after_check,0,after_middleware,1.3514049351215363,2.5007110089063644,61.07900198549032,58.57829097658396,59.727597050368786,66.05953583493829,67.49687297269702,,,EXECUTE,published_after_gate_recheck,55.90382311493158,55.918119847774506,0.01429673284292221,5.17504895105958,60.44412078335881,69.48822876438498,55.50246965140104,61.07887206599116,61.093168798834085
220,xair,1,55.0,50.0,concurrent,1,0,0,1,0,386,385,after_check,0,after_middleware,1.130601391196251,2.4054129607975483,61.22141005471349,58.81599709391594,60.09080866351724,66.35198602452874,67.25181406363845,,,EXECUTE,published_after_gate_recheck,55.62590202316642,55.63739314675331,0.011491123586893082,5.595347844064236,60.80660177394748,69.41526290029287,55.85984094068408,61.221249867230654,61.23274099081755
221,xair,1,55.0,50.0,after_release,1,0,0,0,1,388,387,after_check,0,after_middleware,1.0894443839788437,2.0808042027056217,59.780496172606945,57.69969196990132,58.6910517886281,64.80925111100078,66.32880214601755,,,EXECUTE,published_after_gate_recheck,54.87527372315526,54.887205827981234,0.01193210482597351,4.905092064291239,60.12113485485315,68.56283312663436,55.1702668890357,59.7803657874465,59.79229789227247
222,xair,1,55.0,50.0,after_release,1,0,0,0,1,390,389,after_check,0,after_middleware,0.9169899858534336,2.173196990042925,59.8952011205256,57.722004130482674,58.978211134672165,65.27762021869421,66.46042922511697,,,EXECUTE,published_after_gate_recheck,55.1813580095768,55.19377067685127,0.012412667274475098,4.713703412562609,60.053689405322075,68.92210710793734,55.06256502121687,59.895061422139406,59.90747408941388
223,xair,0,,50.0,control,1,0,0,0,0,,391,control,0,,1.1404897086322308,2.656213939189911,60.12919079512358,57.472976855933666,58.988701086491346,,,,,EXECUTE,published_after_gate_recheck,55.768949910998344,55.78756472095847,0.018614809960126877,4.360000137239695,,,54.46650693193078,60.12895004823804,60.147564858198166
224,xair,1,55.0,50.0,concurrent,1,0,0,1,0,393,392,after_check,0,after_middleware,1.5245000831782818,2.7754269540309906,64.12121001631021,61.345783062279224,62.59670993313193,67.81500019133091,69.00466233491898,,,EXECUTE,published_after_gate_recheck,59.341462794691324,59.35389595106244,0.012433156371116638,4.779597278684378,59.969400987029076,70.94211736693978,55.01273134723306,64.1210600733757,64.13349322974682
225,xair,1,55.0,50.0,concurrent,1,0,0,1,0,395,394,after_check,0,after_middleware,1.31614925339818,2.54092738032341,61.672546435147524,59.131619054824114,60.356397181749344,66.23470643535256,67.54355132579803,,,EXECUTE,published_after_gate_recheck,55.908432230353355,55.92129612341523,0.012863893061876297,5.763924214988947,60.938950162380934,69.54684015363455,55.9845850802958,61.6723564453423,61.68522033840418
226,xair,1,55.0,50.0,concurrent,1,0,0,1,0,397,396,after_check,0,after_middleware,1.4858068898320198,2.9251682572066784,60.4452732950449,57.52010503783822,58.95946640521288,65.46189496293664,66.84739515185356,,,EXECUTE,published_after_gate_recheck,55.7645820081234,55.775672663003206,0.011090654879808426,4.6805813908576965,59.97402919456363,69.08276816830039,54.92428503930569,60.445163398981094,60.4562540538609
227,xair,1,55.0,50.0,concurrent,1,0,0,1,0,399,398,after_check,0,after_middleware,1.1964254081249237,2.794103231281042,60.98823342472315,58.194130193442106,59.791808016598225,65.1704790070653,66.59201625734568,,,EXECUTE,published_after_gate_recheck,56.240054313093424,56.25254800543189,0.012493692338466644,4.7480580396950245,60.390711296349764,68.73244233429432,55.44053437188268,60.98811235278845,61.000606045126915
228,xair,1,55.0,50.0,after_release,1,0,0,0,1,401,400,after_check,0,after_middleware,1.3926122337579727,2.461196854710579,59.904207941144705,57.443011086434126,58.51159570738673,65.47300610691309,66.66920986026525,,,EXECUTE,published_after_gate_recheck,55.435344111174345,55.44830905273557,0.012964941561222076,4.468753933906555,60.674794018268585,68.99869069457054,54.68033766373992,59.9040980450809,59.91706298664212
229,xair,0,,50.0,control,1,0,0,0,0,,402,control,0,,1.0930700227618217,2.488778904080391,60.59452285990119,58.1057439558208,59.50145283713937,,,,,EXECUTE,published_after_gate_recheck,55.64143089577556,55.651821196079254,0.010390300303697586,4.952951800078154,,,55.06381671875715,60.59438269585371,60.60477299615741
230,xair,1,55.0,50.0,concurrent,1,0,0,1,0,404,403,after_check,0,after_middleware,1.3578180223703384,2.6238332502543926,62.891914043575525,60.26808079332113,61.53409602120519,68.22628201916814,69.12737200036645,,,EXECUTE,published_after_gate_recheck,55.944989901036024,55.95894576981664,0.013955868780612946,6.94679282605648,62.271068803966045,71.17568468675017,57.32422787696123,62.891782727092505,62.90573859587312
231,xair,1,55.0,50.0,concurrent,1,0,0,1,0,406,405,after_check,0,after_middleware,1.1136392131447792,2.508586272597313,60.88385637849569,58.37527010589838,59.770217165350914,64.75963816046715,65.8189351670444,,,EXECUTE,published_after_gate_recheck,55.94665324315429,55.956592317670584,0.009939074516296387,4.937062971293926,60.14256598427892,67.59711215272546,55.185646284371614,60.883716214448214,60.89365528896451
232,xair,1,55.0,50.0,concurrent,1,0,0,1,0,408,407,after_check,0,after_middleware,1.335275825113058,2.6215286925435066,60.81227259710431,58.190743904560804,59.47699677199125,65.7853726297617,66.91695563495159,,,EXECUTE,published_after_gate_recheck,55.77058298513293,55.78509997576475,0.014516990631818771,5.041548982262611,60.28227787464857,68.9335186034441,55.34632783383131,60.812131967395544,60.82664895802736
233,xair,0,,50.0,control,1,0,0,0,0,,409,control,0,,1.142874825745821,2.2847368381917477,59.7549588419497,57.470222003757954,58.61208401620388,,,,,EXECUTE,published_after_gate_recheck,54.971544072031975,54.97981980443001,0.008275732398033142,4.783283919095993,,,54.88212686032057,59.75482799112797,59.763103723526
234,xair,1,55.0,50.0,concurrent,1,0,0,1,0,411,410,after_check,0,after_middleware,1.6098199412226677,2.8681810945272446,61.10275723040104,58.234576135873795,59.49293728917837,65.80521026626229,66.79582828655839,,,EXECUTE,published_after_gate_recheck,55.90855190530419,55.922277737408876,0.013725832104682922,5.194065161049366,60.40770327672362,69.08703688532114,55.431497283279896,61.10261706635356,61.11634289845824
235,xair,1,55.0,50.0,concurrent,1,0,0,1,0,413,412,after_check,0,after_middleware,1.371513120830059,2.5722356513142586,60.792294796556234,58.220059145241976,59.420781675726175,66.17407174780965,67.3209740780294,,,EXECUTE,published_after_gate_recheck,55.90219097211957,55.91295100748539,0.010760035365819931,4.8899841494858265,60.15821499750018,69.84336581081152,55.19123701378703,60.792175121605396,60.802935156971216
236,xair,1,55.0,50.0,after_release,1,0,0,0,1,415,414,after_check,0,after_middleware,1.1913753114640713,2.5852713733911514,60.00462733209133,57.41935595870018,58.81325202062726,65.60491397976875,66.71142019331455,,,EXECUTE,published_after_gate_recheck,55.31812412664294,55.326640140265226,0.008516013622283936,4.686362110078335,60.163695365190506,69.00950102135539,54.90229418501258,60.00448623672128,60.01300225034356
237,xair,1,55.0,50.0,concurrent,1,0,0,1,0,417,416,after_check,0,after_middleware,1.2592030689120293,2.546838950365782,61.024339869618416,58.477500919252634,59.76513680070639,66.40688795596361,67.58458819240332,,,EXECUTE,published_after_gate_recheck,55.64875388517976,55.65646896138787,0.007715076208114624,5.375464912503958,60.552454087883234,69.93847386911511,55.582520086318254,61.024218797683716,61.03193387389183
238,xair,1,55.0,50.0,concurrent,1,0,0,1,0,419,418,after_check,0,after_middleware,1.4169677160680294,2.6005590334534645,60.581708792597055,57.98114975914359,59.164741076529026,66.24253001064062,67.57857603952289,,,EXECUTE,published_after_gate_recheck,55.804586969316006,55.813563987612724,0.008977018296718597,4.776971880346537,60.013422742486,69.97116468846798,55.04854768514633,60.58155884966254,60.59053586795926
239,xair,0,,50.0,control,1,0,0,0,0,,420,control,0,,2.5377110578119755,4.012166988104582,63.33232019096613,59.32015320286155,60.794609133154154,,,,,EXECUTE,published_after_gate_recheck,57.55049316212535,57.5592489913106,0.008755829185247421,5.781706888228655,,,55.89375412091613,63.332200050354004,63.34095587953925
240,xair,1,60.0,50.0,after_release,1,0,0,0,1,422,421,after_check,0,after_middleware,1.2494339607656002,2.7989610098302364,62.840166967362165,60.04120595753193,61.590733006596565,71.73510501161218,72.8851119056344,,,EXECUTE,published_after_gate_recheck,56.27753399312496,56.2868220731616,0.009288080036640167,6.562442053109407,66.88483478501439,75.1002780161798,56.93025887012482,62.83997604623437,62.84926412627101
241,xair,1,60.0,50.0,after_release,1,0,0,0,1,424,423,after_check,0,after_middleware,1.2947688810527325,2.618832979351282,61.18781678378582,58.56898380443454,59.89304790273309,69.93920588865876,71.12979982048273,,,EXECUTE,published_after_gate_recheck,56.32540537044406,56.33992236107588,0.014516990631818771,4.862271714955568,65.0583291426301,73.17352388054132,55.1276970654726,61.18767708539963,61.20219407603145
242,xair,1,60.0,50.0,after_release,1,0,0,0,1,426,425,after_check,0,after_middleware,1.0133511386811733,2.6456541381776333,60.033701825886965,57.38804768770933,59.02035068720579,68.9813788048923,70.28257008641958,,,EXECUTE,published_after_gate_recheck,55.90950371697545,55.92282908037305,0.013325363397598267,4.124077968299389,64.32024389505386,72.34100205823779,54.37468504533172,60.03358168527484,60.04690704867244
243,xair,1,60.0,50.0,after_release,1,0,0,0,1,428,427,after_check,0,after_middleware,1.0942933149635792,2.3517226800322533,60.83580665290356,58.484083972871304,59.74151333793998,70.02894394099712,71.0952254012227,,,EXECUTE,published_after_gate_recheck,55.528168100863695,55.53915910422802,0.01099100336432457,5.307427607476711,65.541154704988,73.29483097419143,55.60324992984533,60.835595708340406,60.84658671170473
244,xair,0,,50.0,control,1,0,0,0,0,,429,control,0,,1.2324219569563866,2.76727182790637,60.48420676961541,57.71693494170904,59.251784812659025,,,,,EXECUTE,published_after_gate_recheck,55.79795502126217,55.8111104182899,0.013155397027730942,4.6861316077411175,,,54.80753676965833,60.484086629003286,60.49724202603102
245,xair,1,60.0,50.0,after_release,1,0,0,0,1,431,430,after_check,0,after_middleware,1.3472968712449074,2.499228809028864,60.35159807652235,57.852369267493486,59.00430120527744,69.4149723276496,70.48165425658226,,,EXECUTE,published_after_gate_recheck,55.660816840827465,55.67188793793321,0.0110710971057415,4.690631292760372,64.87029604613781,72.77100905776024,54.91782398894429,60.35144813358784,60.36251923069358
246,xair,1,60.0,50.0,after_release,1,0,0,0,1,433,432,after_check,0,after_middleware,1.1897929944097996,2.577667124569416,61.53105106204748,58.953383937478065,60.34125806763768,70.23721421137452,71.18952088057995,,,EXECUTE,published_after_gate_recheck,56.26395903527737,56.27322709187865,0.009268056601285934,5.2668810822069645,65.53265824913979,73.04284814745188,55.580305866897106,61.53084011748433,61.54010817408562
247,xair,0,,50.0,control,1,0,0,0,0,,434,control,0,,1.42727792263031,2.3578042164444923,59.755740221589804,57.39793600514531,58.328462298959494,,,,,EXECUTE,published_after_gate_recheck,55.30354706570506,55.31731294468045,0.013765878975391388,4.45201201364398,,,54.58648130297661,59.75555907934904,59.76932495832443
248,xair,1,60.0,50.0,after_release,1,0,0,0,1,436,435,after_check,0,after_middleware,1.2782379053533077,2.5351461954414845,61.814852990210056,59.27970679476857,60.53661508485675,70.28352096676826,71.51032285764813,,,EXECUTE,published_after_gate_recheck,56.150545831769705,56.161405984312296,0.010860152542591095,5.664166994392872,65.89481700211763,73.94759589806199,55.920613929629326,61.81471282616258,61.82557297870517
249,xair,1,60.0,50.0,after_release,1,0,0,0,1,438,437,after_check,0,after_middleware,1.1775894090533257,2.38414341583848,60.74095796793699,58.35681455209851,59.56336855888367,73.06714355945587,74.04359569773078,,,EXECUTE,published_after_gate_recheck,55.627475026994944,55.64006883651018,0.012593809515237808,5.113302730023861,65.30048279091716,76.26534393057227,55.370351765304804,60.740777757018805,60.75337156653404
250,xair,0,,50.0,control,1,0,0,0,0,,439,control,0,,1.3167401775717735,2.8259321115911007,64.22125780954957,61.39532569795847,62.9045176319778,,,,,EXECUTE,published_after_gate_recheck,56.453263852745295,56.46616825833917,0.01290440559387207,7.767793722450733,,,57.88605287671089,64.22105757519603,64.2339619807899
251,xair,1,60.0,50.0,after_release,1,0,0,0,1,441,440,after_check,0,after_middleware,1.435091719031334,2.835068851709366,61.39449402689934,58.55942517518997,59.959402307868004,70.44110726565123,71.69278524816036,,,EXECUTE,published_after_gate_recheck,56.10578181222081,56.12046970054507,0.014687888324260712,5.288562271744013,65.49820303916931,73.92436219379306,55.583312176167965,61.394344083964825,61.409031972289085
252,xair,1,60.0,50.0,after_release,1,0,0,0,1,443,442,after_check,0,after_middleware,1.3301363214850426,2.668747678399086,61.28626223653555,58.61751455813646,59.95612591505051,70.50736201927066,71.69281598180532,,,EXECUTE,published_after_gate_recheck,56.00362969562411,56.018589064478874,0.014959368854761124,5.282461177557707,65.46968128532171,73.7603148445487,55.54332723841071,61.28609087318182,61.30105024203658
253,xair,0,,50.0,control,1,0,0,0,0,,444,control,0,,1.312142238020897,2.6080128736793995,61.50055397301912,58.892541099339724,60.188411734998226,,,,,EXECUTE,published_after_gate_recheck,55.909444112330675,55.92153640463948,0.012092292308807373,5.5909897200763226,,,55.715509690344334,61.500433832407,61.512526124715805
254,xair,1,60.0,50.0,after_release,1,0,0,0,1,446,445,after_check,0,after_middleware,1.0029920376837254,2.3379968479275703,60.630831867456436,58.292835019528866,59.62783982977271,70.21943107247353,71.60135405138135,,,EXECUTE,published_after_gate_recheck,55.25489570572972,55.2664278075099,0.011532101780176163,5.375645123422146,65.61917113140225,73.61203618347645,55.66680897027254,60.63054082915187,60.642072930932045
255,xair,0,,50.0,control,1,0,0,0,0,,447,control,0,,1.2639407068490982,2.7004857547581196,60.643645003437996,57.943159248679876,59.3797042965889,,,,,EXECUTE,published_after_gate_recheck,55.8077129535377,55.82108814269304,0.013375189155340195,4.835512023419142,,,54.945704992860556,60.643224976956844,60.656600166112185
256,xair,1,60.0,50.0,after_release,1,0,0,0,1,449,448,after_check,0,after_middleware,1.252058893442154,2.710064873099327,60.55182404816151,57.84175917506218,59.29976515471935,69.14954399690032,70.3338161110878,,,EXECUTE,published_after_gate_recheck,56.16877041757107,56.18603341281414,0.01726299524307251,4.382892977446318,64.54706937074661,72.53190036863089,54.59630023688078,60.551663395017385,60.56892639026046
257,xair,1,60.0,50.0,after_release,1,0,0,0,1,451,450,after_check,0,after_middleware,1.250476110726595,2.809882164001465,60.64135208725929,57.83146992325783,59.3908759765327,69.28362604230642,70.35398436710238,,,EXECUTE,published_after_gate_recheck,55.945070926100016,55.958916898816824,0.013845972716808319,4.695919808000326,64.88067470490932,72.45472492650151,54.90140290930867,60.64099073410034,60.65483670681715
258,xair,0,,50.0,control,1,0,0,0,0,,452,control,0,,1.1513601057231426,2.4516601115465164,59.982956387102604,57.53129627555609,58.83159628137946,,,,,EXECUTE,published_after_gate_recheck,55.1324556581676,55.144838988780975,0.01238333061337471,4.850350320339203,,,54.95221819728613,59.9828059785068,59.99518930912018
259,xair,0,,50.0,control,1,0,0,0,0,,453,control,0,,1.1055339127779007,2.232649363577366,60.544128995388746,58.31147963181138,59.438595082610846,,,,,EXECUTE,published_after_gate_recheck,55.26607669889927,55.276034865528345,0.009958166629076004,5.277941934764385,,,55.39614101871848,60.544018633663654,60.55397680029273
260,xair,1,60.0,50.0,after_release,1,0,0,0,1,455,454,after_check,0,after_middleware,1.112628262490034,2.339379396289587,59.54059725627303,57.201217859983444,58.427968993783,69.23050619661808,70.12593559920788,,,EXECUTE,published_after_gate_recheck,54.970080964267254,54.982515051960945,0.012434087693691254,4.57030488178134,64.73763706162572,72.26375723257661,54.79414202272892,59.54038584604859,59.552819933742285
261,xair,1,60.0,50.0,after_release,1,0,0,0,1,457,456,after_check,0,after_middleware,1.1686524376273155,2.4005030281841755,59.99135226011276,57.59084923192859,58.82269982248545,69.74536227062345,70.97360724583268,,,EXECUTE,published_after_gate_recheck,55.312744341790676,55.328624323010445,0.015879981219768524,4.678417928516865,64.85829316079617,72.90617190301418,54.916772060096264,59.99116227030754,60.00704225152731
262,xair,1,60.0,50.0,after_release,1,0,0,0,1,459,458,after_check,0,after_middleware,1.020524650812149,2.1583097986876965,59.71679696813226,57.55848716944456,58.69627231732011,69.3734041415155,70.67298237234354,,,EXECUTE,published_after_gate_recheck,55.02696894109249,55.040092673152685,0.013123732060194016,4.689708352088928,64.83598100021482,72.5884661078453,54.89345733076334,59.71667729318142,59.72980102524161
263,xair,0,,50.0,control,1,0,0,0,0,,460,control,0,,1.4271773397922516,2.5804410688579082,60.18695933744311,57.606518268585205,58.75978199765086,,,,,EXECUTE,published_after_gate_recheck,55.63654191792011,55.65266218036413,0.016120262444019318,4.550197161734104,,,54.66544022783637,60.18673907965422,60.202859342098236
264,xair,1,60.0,50.0,after_release,1,0,0,0,1,462,461,after_check,0,after_middleware,1.362876035273075,2.734790090471506,60.313506051898,57.5787159614265,58.95063001662493,69.1380831412971,70.41722210124135,,,EXECUTE,published_after_gate_recheck,55.7942776940763,55.81153091043234,0.017253216356039047,4.519088193774223,64.69757203012705,72.28415505960584,54.752342868596315,60.31336588785052,60.33061910420656
265,xair,1,60.0,50.0,after_release,1,0,0,0,1,464,463,after_check,0,after_middleware,1.1524120345711708,2.34054122120142,59.9314603023231,57.59091908112168,58.77904826775193,68.97561764344573,70.24111226201057,,,EXECUTE,published_after_gate_recheck,55.47246430069208,55.485197342932224,0.012733042240142822,4.458866082131863,64.60871500894427,71.82778930291533,54.65555237606168,59.931330382823944,59.94406342506409
266,xair,0,,50.0,control,1,0,0,0,0,,465,control,0,,1.0495889000594616,2.4716570042073727,59.79398125782609,57.32232425361872,58.74439235776663,,,,,EXECUTE,published_after_gate_recheck,55.534259881824255,55.546713061630726,0.012453179806470871,4.259411245584488,,,54.36866311356425,59.79367112740874,59.806124307215214
267,xair,1,60.0,50.0,after_release,1,0,0,0,1,467,466,after_check,0,after_middleware,1.1694543063640594,2.0933779887855053,60.39229407906532,58.29891609027982,59.22283977270126,68.9624329097569,70.23269589990377,,,EXECUTE,published_after_gate_recheck,55.99376233294606,56.00654613226652,0.012783799320459366,4.3982407078146935,64.54943306744099,72.21413310617208,54.59125014021993,60.392003040760756,60.404786840081215
268,xair,0,,50.0,control,1,0,0,0,0,,468,control,0,,1.1217338033020496,2.225815784186125,60.06700359284878,57.84118780866265,58.94526978954673,,,,,EXECUTE,published_after_gate_recheck,55.20365992560983,55.21575268357992,0.01209275797009468,4.863223992288113,,,54.97290659695864,60.06688391789794,60.078976675868034
269,xair,1,60.0,50.0,after_release,1,0,0,0,1,470,469,after_check,0,after_middleware,1.0348111391067505,2.154452260583639,59.6754290163517,57.52097675576806,58.64061787724495,69.68028983101249,70.88584173470736,,,EXECUTE,published_after_gate_recheck,54.771377705037594,54.78275008499622,0.011372379958629608,4.903940949589014,65.07022073492408,72.7174379862845,55.07050966843963,59.67531865462661,59.68669103458524
270,xair,1,60.0,50.0,after_release,1,0,0,0,1,472,471,after_check,0,after_middleware,1.0744049213826656,2.174890134483576,59.8282259888947,57.653335854411125,58.753821067512035,69.0937303006649,70.59539714828134,,,EXECUTE,published_after_gate_recheck,55.14470860362053,55.15771359205246,0.013004988431930542,4.683377221226692,64.83096210286021,72.75690184906125,54.87735802307725,59.82808582484722,59.84109081327915
271,xair,1,60.0,50.0,after_release,1,0,0,0,1,474,473,after_check,0,after_middleware,1.2555760331451893,2.1936162374913692,59.80484187602997,57.6112256385386,58.54926584288478,69.31108748540282,70.22603275254369,,,EXECUTE,published_after_gate_recheck,55.2744222804904,55.28831807896495,0.013895798474550247,4.530308768153191,64.69535687938333,72.43440579622984,54.732614662498236,59.80473104864359,59.81862684711814
272,xair,1,60.0,50.0,after_release,1,0,0,0,1,476,475,after_check,0,after_middleware,0.7984782569110394,1.770561095327139,58.87890513986349,57.10834404453635,58.08042688295245,69.59821609780192,70.84466516971588,,,EXECUTE,published_after_gate_recheck,54.19314373284578,54.20542694628239,0.012283213436603546,4.6855611726641655,64.82981005683541,72.76393612846732,54.87603601068258,58.87870490550995,58.89098811894655
273,xair,1,60.0,50.0,after_release,1,0,0,0,1,478,477,after_check,0,after_middleware,1.217773649841547,2.623411826789379,60.00863388180733,57.38522205501795,58.79086023196578,70.11970411986113,70.93595620244741,,,EXECUTE,published_after_gate_recheck,55.64104998484254,55.655546952039,0.014496967196464539,4.367444198578596,64.5086569711566,73.11780890449882,54.54808007925749,60.008494183421135,60.0229911506176
274,xair,1,60.0,50.0,after_release,1,0,0,0,1,480,479,after_check,0,after_middleware,1.2006531469523907,2.333227079361677,60.726361349225044,58.39313426986337,59.525708202272654,69.22629801556468,70.489217992872,,,EXECUTE,published_after_gate_recheck,55.744735058397055,55.754924193024635,0.010189134627580643,4.981336183845997,65.26563735678792,72.77079811319709,55.32595934346318,60.72607124224305,60.73626037687063
275,xair,1,60.0,50.0,after_release,1,0,0,0,1,482,481,after_check,0,after_middleware,1.1567301116883755,2.3046829737722874,60.45087426900864,58.14619129523635,59.29414415732026,70.21739799529314,71.51939021423459,,,EXECUTE,published_after_gate_recheck,55.646199733018875,55.65560795366764,0.009408220648765564,4.804554395377636,65.07565127685666,73.7352380529046,55.125934071838856,60.45075412839651,60.46016234904528
276,xair,1,60.0,50.0,after_release,1,0,0,0,1,484,483,after_check,0,after_middleware,1.0392400436103344,2.242516726255417,60.9422056004405,58.699688874185085,59.90296555683017,70.80371771007776,71.95262284949422,,,EXECUTE,published_after_gate_recheck,56.239152792841196,56.25188676640391,0.012733973562717438,4.7029429115355015,64.96598478406668,74.38198057934642,54.99993683770299,60.9420957043767,60.954829677939415
277,xair,1,60.0,50.0,after_release,1,0,0,0,1,486,485,after_check,0,after_middleware,1.2852107174694538,2.8775190003216267,61.29683181643486,58.419312816113234,60.011621098965406,71.33964402601123,72.4623198620975,,,EXECUTE,published_after_gate_recheck,56.00543413311243,56.01774714887142,0.012313015758991241,5.291278008371592,65.57994801551104,74.84045205637813,55.62579212710261,61.29671214148402,61.30902515724301
278,xair,1,60.0,50.0,after_release,1,0,0,0,1,488,487,after_check,0,after_middleware,1.2320210225880146,2.5247461162507534,61.34680472314358,58.822058606892824,60.11478370055556,70.40552143007517,71.75748702138662,,,EXECUTE,published_after_gate_recheck,56.17828760296106,56.18989001959562,0.011602416634559631,5.168396979570389,65.41498797014356,74.04125202447176,55.466873571276665,61.34668458253145,61.35828699916601
279,xair,1,60.0,50.0,after_release,1,0,0,0,1,490,489,after_check,0,after_middleware,0.9541809558868408,2.4369219318032265,60.04057498648763,57.6036530546844,59.086394030600786,70.15315629541874,71.30151195451617,,,EXECUTE,published_after_gate_recheck,54.79094525799155,54.80101425200701,0.010068994015455246,5.249518901109695,65.40569011121988,73.3724469318986,55.43384188786149,60.04046415910125,60.0505331531167
280,xair,1,100.0,50.0,after_release,1,0,0,0,1,492,491,after_check,0,after_middleware,1.0871500708162785,2.210878301411867,59.44791343063116,57.237035129219294,58.36076335981488,109.88870728760958,111.16367904469371,,,EXECUTE,published_after_gate_recheck,54.98634185642004,54.99777290970087,0.011431053280830383,4.461451433598995,104.61747739464045,113.12686232849956,54.64129522442818,59.447793290019035,59.459224343299866
281,xair,1,100.0,50.0,after_release,1,0,0,0,1,494,493,after_check,0,after_middleware,0.911481212824583,2.2395718842744827,59.99207403510809,57.75250215083361,59.080592822283506,109.99689903110266,110.91985087841749,,,EXECUTE,published_after_gate_recheck,54.87108463421464,54.88126492127776,0.010180287063121796,5.120878107845783,105.26440106332302,113.3705391548574,55.29243592172861,59.99196274206042,60.002143029123545
282,xair,1,100.0,50.0,after_release,1,0,0,0,1,496,495,after_check,0,after_middleware,0.9802891872823238,2.2068601101636887,60.12451183050871,57.91765172034502,59.144222643226385,110.66713696345687,111.63363978266716,,,EXECUTE,published_after_gate_recheck,55.03893084824085,55.05228601396084,0.013355165719985962,5.085471086204052,105.23972380906343,114.59669889882207,55.30318710952997,60.124401934444904,60.13775710016489
283,xair,0,,50.0,control,1,0,0,0,0,,497,control,0,,1.2093191035091877,2.3847753182053566,59.76958619430661,57.384810876101255,58.560267090797424,,,,,EXECUTE,published_after_gate_recheck,55.104563012719154,55.118149146437645,0.0135861337184906,4.664891865104437,,,54.74689183756709,59.76945487782359,59.78304101154208
284,xair,1,100.0,50.0,after_release,1,0,0,0,1,499,498,after_check,0,after_middleware,1.1504590511322021,2.2065299563109875,60.124471783638,57.91794182732701,58.9740127325058,110.29449803754687,111.463971901685,,,EXECUTE,published_after_gate_recheck,55.462966207414865,55.47376722097397,0.010801013559103012,4.6613747254014015,104.92092603817582,113.76531887799501,54.96371863409877,60.12434093281627,60.13514194637537
285,xair,1,100.0,50.0,after_release,1,0,0,0,1,501,500,after_check,0,after_middleware,0.9618839249014854,2.4153408594429493,59.37854200601578,56.96320114657283,58.41665808111429,109.69038400799036,111.2847151234746,,,EXECUTE,published_after_gate_recheck,55.17297191545367,55.184924043715,0.011952128261327744,4.205440171062946,104.50124926865101,113.24458243325353,54.533823393285275,59.37841208651662,59.39036421477795
286,xair,1,100.0,50.0,after_release,1,0,0,0,1,503,502,after_check,0,after_middleware,1.4477558434009552,2.7539758011698723,61.084371991455555,58.33039619028568,59.6366161480546,111.0880458727479,112.21906822174788,,,EXECUTE,published_after_gate_recheck,56.21754191815853,56.23255018144846,0.015008263289928436,4.866559989750385,105.10174511000514,114.60354225710034,55.15814386308193,61.08410190790892,61.099110171198845
287,xair,1,100.0,50.0,after_release,1,0,0,0,1,505,504,after_check,0,after_middleware,1.150547992438078,2.3267949000000954,60.51807990297675,58.191285002976656,59.36753191053867,112.32918500900269,113.36375586688519,,,EXECUTE,published_after_gate_recheck,55.25737116113305,55.26971397921443,0.012342818081378937,5.260538775473833,105.626389849931,115.61836581677198,55.56058883666992,60.517909936606884,60.53025275468826
288,xair,1,100.0,50.0,after_release,1,0,0,0,1,507,506,after_check,0,after_middleware,0.8433321490883827,2.204915974289179,59.688113164156675,57.4831971898675,58.84478101506829,112.68000304698944,113.97918127477169,,,EXECUTE,published_after_gate_recheck,54.99966675415635,55.012301076203585,0.012634322047233582,4.688306245952845,104.84171798452735,116.27511819824576,54.87508326768875,59.687973000109196,59.70060732215643
289,xair,1,100.0,50.0,after_release,1,0,0,0,1,509,508,after_check,0,after_middleware,0.9335912764072418,2.05467501655221,59.740211348980665,57.685536332428455,58.80662007257342,109.9525773897767,111.09786527231336,,,EXECUTE,published_after_gate_recheck,54.94448263198137,54.955112747848034,0.010630115866661072,4.7956183552742,105.058204382658,113.21815336123109,55.092642083764076,59.74010098725557,59.750731103122234
290,xair,0,,50.0,control,1,0,0,0,0,,510,control,0,,0.9351340122520924,2.1024742163717747,59.25996042788029,57.15748621150851,58.324826415628195,,,,,EXECUTE,published_after_gate_recheck,54.55175694078207,54.56073395907879,0.008977018296718597,4.708093125373125,,,54.80149621143937,59.259850066155195,59.268827084451914
291,xair,1,100.0,50.0,after_release,1,0,0,0,1,512,511,after_check,0,after_middleware,1.0726824402809143,2.4646339006721973,60.527217108756304,58.062583208084106,59.45453466847539,110.61250418424606,111.74900596961379,,,EXECUTE,published_after_gate_recheck,55.55204255506396,55.55896554142237,0.0069229863584041595,4.9750544130802155,105.23704905062914,113.86373406276107,55.263071320950985,60.52709696814418,60.53401995450258
292,xair,0,,50.0,control,1,0,0,0,0,,513,control,0,,1.0296921245753765,2.3433458991348743,60.493312776088715,58.14996687695384,59.46362065151334,,,,,EXECUTE,published_after_gate_recheck,56.401616893708706,56.414560880512,0.012943986803293228,4.09156596288085,,,54.57494966685772,60.493182856589556,60.50612684339285
293,xair,0,,50.0,control,1,0,0,0,0,,514,control,0,,1.2616771273314953,2.8596450574696064,60.808074194937944,57.94842913746834,59.54639706760645,,,,,EXECUTE,published_after_gate_recheck,55.867294780910015,55.87970791384578,0.012413132935762405,4.940619226545095,,,55.0492899492383,60.80791400745511,60.82032714039087
294,xair,1,100.0,50.0,after_release,1,0,0,0,1,516,515,after_check,0,after_middleware,1.5566395595669746,2.8343466110527515,63.20567196235061,60.371325351297855,61.64903240278363,114.01105998083949,115.30539905652404,,,EXECUTE,published_after_gate_recheck,56.09206669032574,56.10651383176446,0.01444714143872261,7.113245315849781,107.3333821259439,118.09002328664064,57.394139003008604,63.20531200617552,63.21975914761424
295,xair,1,100.0,50.0,after_release,1,0,0,0,1,518,517,after_check,0,after_middleware,1.2540929019451141,2.306707203388214,60.82601798698306,58.51931078359485,59.57192508503795,110.57442286983132,111.60306306555867,,,EXECUTE,published_after_gate_recheck,55.388896726071835,55.40232174098492,0.013425014913082123,5.436961073428392,105.63649889081717,114.10369398072362,55.683910846710205,60.82585779950023,60.83928281441331
296,xair,1,100.0,50.0,after_release,1,0,0,0,1,520,519,after_check,0,after_middleware,1.1073271743953228,2.6111691258847713,59.95310004800558,57.34193092212081,58.84577287361026,109.9534877575934,111.03735072538257,,,EXECUTE,published_after_gate_recheck,55.186927784234285,55.19864009693265,0.011712312698364258,4.766012076288462,104.95992889627814,113.47025586292148,55.012782104313374,59.95293986052275,59.96465217322111
297,xair,1,100.0,50.0,after_release,1,0,0,0,1,522,521,after_check,0,after_middleware,1.3309470377862453,2.639993093907833,60.88861497119069,58.24862187728286,59.557667933404446,110.22073915228248,111.7776301689446,,,EXECUTE,published_after_gate_recheck,55.722333025187254,55.73312286287546,0.010789837688207626,5.1658921875059605,105.39141902700067,114.17151102796197,55.426166858524084,60.888225212693214,60.89901505038142
298,xair,0,,50.0,control,1,0,0,0,0,,523,control,0,,0.9986539371311665,2.209605649113655,59.05226990580559,56.84266425669193,58.05361596867442,,,,,EXECUTE,published_after_gate_recheck,54.741001687943935,54.75307395681739,0.01207226887345314,4.3111382983624935,,,54.41361712291837,59.05213998630643,59.06421225517988
299,xair,1,100.0,50.0,after_release,1,0,0,0,1,525,524,after_check,0,after_middleware,1.3190149329602718,2.691629808396101,60.16734195873141,57.47571215033531,58.84832702577114,109.28787896409631,110.28711311519146,,,EXECUTE,published_after_gate_recheck,55.83980260416865,55.85227673873305,0.01247413456439972,4.327228292822838,104.48306426405907,112.3511060141027,54.52109919860959,60.16703089699149,60.17950503155589
300,xair,1,100.0,50.0,after_release,1,0,0,0,1,527,526,after_check,0,after_middleware,1.0842438787221909,2.2920998744666576,62.2132308781147,59.92113100364804,61.12898699939251,111.81542091071606,112.75851121172309,,,EXECUTE,published_after_gate_recheck,55.543988943099976,55.55706284940243,0.013073906302452087,6.669122260063887,106.83609917759895,114.88941917195916,56.93239299580455,62.21311120316386,62.226185109466314
301,xair,1,100.0,50.0,after_release,1,0,0,0,1,529,528,after_check,0,after_middleware,0.9705107659101486,2.251013647764921,60.18365267664194,57.93263902887702,59.21314191073179,111.07794661074877,112.02880088239908,,,EXECUTE,published_after_gate_recheck,55.22594088688493,55.23518892005086,0.009248033165931702,4.95758093893528,105.22682964801788,114.05037390068173,55.25651900097728,60.18352182582021,60.19276985898614
302,xair,0,,50.0,control,1,0,0,0,0,,530,control,0,,1.1017872020602226,2.6848968118429184,62.59310292080045,59.90820610895753,61.491315718740225,,,,,EXECUTE,published_after_gate_recheck,55.54034095257521,55.55021995678544,0.009879004210233688,7.0526618510484695,,,57.1464947424829,62.593002803623676,62.60288180783391
303,xair,1,100.0,50.0,after_release,1,0,0,0,1,532,531,after_check,0,after_middleware,1.0703480802476406,2.361580263823271,59.93705987930298,57.57547961547971,58.86671179905534,110.31621787697077,111.73805594444275,,,EXECUTE,published_after_gate_recheck,55.2985779941082,55.308285634964705,0.00970764085650444,4.638371989130974,104.88258395344019,114.16404694318771,54.9048688262701,59.936949983239174,59.94665762409568
304,xair,1,100.0,50.0,after_release,1,0,0,0,1,534,533,after_check,0,after_middleware,2.498907968401909,3.622916992753744,61.75409909337759,58.131182100623846,59.25519112497568,112.35235910862684,113.83697390556335,,,EXECUTE,published_after_gate_recheck,57.0502239279449,57.06071387976408,0.010489951819181442,4.703735001385212,104.98964507132769,117.18301195651293,55.005347821861506,61.75395892933011,61.76444888114929
305,xair,1,100.0,50.0,after_release,1,0,0,0,1,536,535,after_check,0,after_middleware,1.3164603151381016,2.7436483651399612,61.752517241984606,59.008868876844645,60.436056926846504,114.40928792580962,115.52837723866105,,,EXECUTE,published_after_gate_recheck,56.15911213681102,56.1751420609653,0.016029924154281616,5.5930339731276035,105.77503917738795,117.81048914417624,55.8157479390502,61.75214610993862,61.7681760340929
306,xair,0,,50.0,control,1,0,0,0,0,,537,control,0,,1.2807929888367653,2.614706289023161,60.931796208024025,58.317089919000864,59.65100321918726,,,,,EXECUTE,published_after_gate_recheck,55.800910107791424,55.813653860241175,0.0127437524497509,5.130756180733442,,,55.249165277928114,60.931666288524866,60.94441004097462
307,xair,1,100.0,50.0,after_release,1,0,0,0,1,539,538,after_check,0,after_middleware,1.0671522468328476,2.41401931270957,61.56658800318837,59.1525686904788,60.499435756355524,113.47618699073792,114.70571393147111,,,EXECUTE,published_after_gate_recheck,56.64395168423653,56.65605375543237,0.012102071195840836,4.922505933791399,105.13316467404366,117.66488570719957,55.17241079360247,61.566457618027925,61.578559689223766
308,xair,0,,50.0,control,1,0,0,0,0,,540,control,0,,1.434100791811943,3.0042771250009537,62.03019805252552,59.02592092752457,60.59609726071358,,,,,EXECUTE,published_after_gate_recheck,56.47154804319143,56.48175720125437,0.010209158062934875,5.558419041335583,,,55.68796908482909,62.029967084527016,62.04017624258995
309,xair,1,100.0,50.0,after_release,1,0,0,0,1,542,541,after_check,0,after_middleware,1.4076908119022846,2.6146750897169113,62.84692883491516,60.23225374519825,61.43923802301288,112.45237616822124,113.81267802789807,,,EXECUTE,published_after_gate_recheck,56.31058616563678,56.33538216352463,0.024795997887849808,6.536212749779224,106.7708171904087,116.1515461280942,56.8153727799654,62.846798915416,62.87159491330385
310,xair,1,100.0,50.0,after_release,1,0,0,0,1,544,543,after_check,0,after_middleware,1.2169932015240192,2.3605679161846638,60.88122120127082,58.520653285086155,59.6642279997468,112.08254238590598,113.27183339744806,,,EXECUTE,published_after_gate_recheck,55.50220003351569,55.5201331153512,0.017933081835508347,5.37862116470933,105.67271616309881,115.35346927121282,55.73135940358043,60.88082119822502,60.89875428006053
311,xair,1,100.0,50.0,after_release,1,0,0,0,1,546,545,after_check,0,after_middleware,1.3360469602048397,2.8211227618157864,64.77571791037917,61.954595148563385,63.43967095017433,116.17912817746401,117.52688605338335,,,EXECUTE,published_after_gate_recheck,59.367312118411064,59.377501253038645,0.010189134627580643,5.408275872468948,105.94792291522026,120.26973208412528,55.80575903877616,64.77558799088001,64.7857771255076
312,xair,1,100.0,50.0,after_release,1,0,0,0,1,548,547,after_check,0,after_middleware,2.853723708540201,4.37207194045186,67.61926272884011,63.24719078838825,64.76553902029991,117.35197901725769,118.50890889763832,,,EXECUTE,published_after_gate_recheck,58.3894569426775,58.401268906891346,0.011811964213848114,9.229585994035006,111.17960792034864,120.74193870648742,59.97399007901549,67.6190429367125,67.63085490092635
313,xair,0,,50.0,control,1,0,0,0,0,,549,control,0,,1.27353984862566,2.8021978214383125,61.32358172908425,58.52138390764594,60.05004188045859,,,,,EXECUTE,published_after_gate_recheck,56.32305983453989,56.335794273763895,0.012734439224004745,5.000380799174309,,,55.124420672655106,61.3234406337142,61.336175072938204
314,xair,1,100.0,50.0,after_release,1,0,0,0,1,551,550,after_check,0,after_middleware,1.6738413833081722,3.1350720673799515,62.92323302477598,59.78816095739603,61.24939164146781,110.82826880738139,111.84243159368634,,,EXECUTE,published_after_gate_recheck,58.27046278864145,58.288436848670244,0.017974060028791428,4.652448929846287,104.83852168545127,114.27269084379077,54.845558013767004,62.92291171848774,62.94088577851653
315,xair,1,100.0,50.0,after_release,1,0,0,0,1,553,552,after_check,0,after_middleware,1.1798925697803497,2.7436669915914536,62.152175698429346,59.40850870683789,60.972283128648996,110.87650991976261,112.07188293337822,,,EXECUTE,published_after_gate_recheck,56.999217718839645,57.020196691155434,0.02097897231578827,5.152767989784479,105.38649000227451,114.47945004329085,55.39594078436494,62.151985708624125,62.17296468093991
316,xair,1,100.0,50.0,after_release,1,0,0,0,1,555,554,after_check,0,after_middleware,1.166568137705326,2.5697811506688595,61.155015137046576,58.585233986377716,59.98844699934125,110.67412002012134,111.73817608505487,,,EXECUTE,published_after_gate_recheck,55.92935113236308,55.94313703477383,0.01378590241074562,5.225333850830793,105.46004818752408,113.89766819775105,55.54312700405717,61.154684983193874,61.16847088560462
317,xair,0,,50.0,control,1,0,0,0,0,,556,control,0,,1.237441785633564,2.331865020096302,60.21008314564824,57.87821812555194,58.97264136001468,,,,,EXECUTE,published_after_gate_recheck,55.40638975799084,55.42245972901583,0.016069971024990082,4.803523421287537,,,55.456525180488825,60.209913179278374,60.225983150303364
318,xair,1,100.0,50.0,after_release,1,0,0,0,1,558,557,after_check,0,after_middleware,1.2711547315120697,2.7763089165091515,60.82711974158883,58.05081082507968,59.55596501007676,110.26138486340642,111.61930300295353,,,EXECUTE,published_after_gate_recheck,56.13401532173157,56.146398186683655,0.012382864952087402,4.6929847449064255,104.91988388821483,113.56608476489782,55.17875263467431,60.82700006663799,60.83938293159008
319,xair,1,100.0,50.0,after_release,1,0,0,0,1,560,559,after_check,0,after_middleware,1.3254256919026375,2.600749023258686,59.86956274136901,57.26881371811032,58.54413704946637,109.89372571930289,110.81253970041871,,,EXECUTE,published_after_gate_recheck,55.28461094945669,55.295190773904324,0.010579824447631836,4.584792070090771,104.78172497823834,112.96827392652631,54.8118338920176,59.86940301954746,59.879982843995094
