version_scope,pattern,target_rate_hz,run,gateway_released,outcome,reason,e2e_latency_ms,validation_to_gate_ms,achieved_rate_hz,goodput_ips
global,unrelated,0,0,1,EXECUTE,published_after_gate_recheck,14.97419411316514,3.8035158067941666,0.0,66.15383761699185
global,unrelated,0,1,1,EXECUTE,published_after_gate_recheck,14.33204859495163,4.18961001560092,0.0,66.15383761699185
global,unrelated,0,2,1,EXECUTE,published_after_gate_recheck,15.062189195305109,4.411756992340088,0.0,66.15383761699185
global,unrelated,0,3,1,EXECUTE,published_after_gate_recheck,15.306326560676098,4.27347794175148,0.0,66.15383761699185
global,unrelated,0,4,1,EXECUTE,published_after_gate_recheck,15.075684059411287,4.133114125579596,0.0,66.15383761699185
global,unrelated,0,5,1,EXECUTE,published_after_gate_recheck,15.82686323672533,4.247698932886124,0.0,66.15383761699185
global,unrelated,0,6,1,EXECUTE,published_after_gate_recheck,16.63231523707509,4.9275849014520645,0.0,66.15383761699185
global,unrelated,0,7,1,EXECUTE,published_after_gate_recheck,15.272382646799088,4.332839045673609,0.0,66.15383761699185
global,unrelated,0,8,1,EXECUTE,published_after_gate_recheck,15.230393968522549,4.447543993592262,0.0,66.15383761699185
global,unrelated,0,9,1,EXECUTE,published_after_gate_recheck,16.086250077933073,4.824500996619463,0.0,66.15383761699185
global,unrelated,0,10,1,EXECUTE,published_after_gate_recheck,14.933838043361902,4.337587859481573,0.0,66.15383761699185
global,unrelated,0,11,1,EXECUTE,published_after_gate_recheck,14.145168010145426,3.7947501987218857,0.0,66.15383761699185
global,unrelated,0,12,1,EXECUTE,published_after_gate_recheck,14.765201602131128,4.147971980273724,0.0,66.15383761699185
global,unrelated,0,13,1,EXECUTE,published_after_gate_recheck,15.828846953809261,4.488581325858831,0.0,66.15383761699185
global,unrelated,0,14,1,EXECUTE,published_after_gate_recheck,15.288283117115498,4.503408912569284,0.0,66.15383761699185
global,unrelated,0,15,1,EXECUTE,published_after_gate_recheck,14.669121243059635,3.738192841410637,0.0,66.15383761699185
global,unrelated,0,16,1,EXECUTE,published_after_gate_recheck,16.20836928486824,4.56894189119339,0.0,66.15383761699185
global,unrelated,0,17,1,EXECUTE,published_after_gate_recheck,14.838279224932194,4.064887296408415,0.0,66.15383761699185
global,unrelated,0,18,1,EXECUTE,published_after_gate_recheck,14.59427084773779,3.934752196073532,0.0,66.15383761699185
global,unrelated,0,19,1,EXECUTE,published_after_gate_recheck,14.068224001675844,4.180754069238901,0.0,66.15383761699185
global,unrelated,0,20,1,EXECUTE,published_after_gate_recheck,14.108299277722836,4.212142899632454,0.0,66.15383761699185
global,unrelated,0,21,1,EXECUTE,published_after_gate_recheck,14.89110803231597,4.278897773474455,0.0,66.15383761699185
global,unrelated,0,22,1,EXECUTE,published_after_gate_recheck,14.605202246457338,4.211039748042822,0.0,66.15383761699185
global,unrelated,0,23,1,EXECUTE,published_after_gate_recheck,14.713112730532885,4.366001114249229,0.0,66.15383761699185
global,unrelated,0,24,1,EXECUTE,published_after_gate_recheck,14.534980058670044,4.095815122127533,0.0,66.15383761699185
global,unrelated,0,25,1,EXECUTE,published_after_gate_recheck,14.374547637999058,4.389424808323383,0.0,66.15383761699185
global,unrelated,0,26,1,EXECUTE,published_after_gate_recheck,13.761107809841633,3.676977939903736,0.0,66.15383761699185
global,unrelated,0,27,1,EXECUTE,published_after_gate_recheck,14.30342486128211,3.608871251344681,0.0,66.15383761699185
global,unrelated,0,28,1,EXECUTE,published_after_gate_recheck,14.450030867010355,4.290570039302111,0.0,66.15383761699185
global,unrelated,0,29,1,EXECUTE,published_after_gate_recheck,15.394322108477354,4.5508877374231815,0.0,66.15383761699185
global,unrelated,0,30,1,EXECUTE,published_after_gate_recheck,14.569343999028206,4.151708912104368,0.0,66.15383761699185
global,unrelated,0,31,1,EXECUTE,published_after_gate_recheck,14.267107006162405,4.243131261318922,0.0,66.15383761699185
global,unrelated,0,32,1,EXECUTE,published_after_gate_recheck,14.351414982229471,3.853360190987587,0.0,66.15383761699185
global,unrelated,0,33,1,EXECUTE,published_after_gate_recheck,14.685472007840872,3.8465959951281548,0.0,66.15383761699185
global,unrelated,0,34,1,EXECUTE,published_after_gate_recheck,13.758732937276363,3.54005116969347,0.0,66.15383761699185
global,unrelated,0,35,1,EXECUTE,published_after_gate_recheck,14.701392035931349,4.444839432835579,0.0,66.15383761699185
global,unrelated,0,36,1,EXECUTE,published_after_gate_recheck,14.632762875407934,4.147351253777742,0.0,66.15383761699185
global,unrelated,0,37,1,EXECUTE,published_after_gate_recheck,15.33707370981574,4.291601944714785,0.0,66.15383761699185
global,unrelated,0,38,1,EXECUTE,published_after_gate_recheck,14.783104881644249,3.8063512183725834,0.0,66.15383761699185
global,unrelated,0,39,1,EXECUTE,published_after_gate_recheck,14.479576144367456,4.084021784365177,0.0,66.15383761699185
global,unrelated,0,40,1,EXECUTE,published_after_gate_recheck,15.785094816237688,4.096806049346924,0.0,66.15383761699185
global,unrelated,0,41,1,EXECUTE,published_after_gate_recheck,15.989948995411396,4.728640895336866,0.0,66.15383761699185
global,unrelated,0,42,1,EXECUTE,published_after_gate_recheck,14.942684210836887,4.076838959008455,0.0,66.15383761699185
global,unrelated,0,43,1,EXECUTE,published_after_gate_recheck,14.542082790285349,3.9589181542396545,0.0,66.15383761699185
global,unrelated,0,44,1,EXECUTE,published_after_gate_recheck,14.911185018718243,3.956462722271681,0.0,66.15383761699185
global,unrelated,0,45,1,EXECUTE,published_after_gate_recheck,14.442285988479853,4.191864747554064,0.0,66.15383761699185
global,unrelated,0,46,1,EXECUTE,published_after_gate_recheck,15.16745612025261,4.464305005967617,0.0,66.15383761699185
global,unrelated,0,47,1,EXECUTE,published_after_gate_recheck,14.805206097662449,4.403822124004364,0.0,66.15383761699185
global,unrelated,0,48,1,EXECUTE,published_after_gate_recheck,14.080145861953497,4.182517062872648,0.0,66.15383761699185
global,unrelated,0,49,1,EXECUTE,published_after_gate_recheck,15.500110108405352,4.120559897273779,0.0,66.15383761699185
global,unrelated,0,50,1,EXECUTE,published_after_gate_recheck,13.990709092468023,3.9079319685697556,0.0,66.15383761699185
global,unrelated,0,51,1,EXECUTE,published_after_gate_recheck,15.073600225150585,4.017547704279423,0.0,66.15383761699185
global,unrelated,0,52,1,EXECUTE,published_after_gate_recheck,15.946959145367146,4.343588836491108,0.0,66.15383761699185
global,unrelated,0,53,1,EXECUTE,published_after_gate_recheck,14.526953920722008,3.737811930477619,0.0,66.15383761699185
global,unrelated,0,54,1,EXECUTE,published_after_gate_recheck,15.283754095435143,4.110222216695547,0.0,66.15383761699185
global,unrelated,0,55,1,EXECUTE,published_after_gate_recheck,14.944897964596748,4.102997947484255,0.0,66.15383761699185
global,unrelated,0,56,1,EXECUTE,published_after_gate_recheck,15.767512377351522,4.059575963765383,0.0,66.15383761699185
global,unrelated,0,57,1,EXECUTE,published_after_gate_recheck,14.71799286082387,3.965659998357296,0.0,66.15383761699185
global,unrelated,0,58,1,EXECUTE,published_after_gate_recheck,16.41337387263775,3.8770739920437336,0.0,66.15383761699185
global,unrelated,0,59,1,EXECUTE,published_after_gate_recheck,15.335340984165668,4.256444983184338,0.0,66.15383761699185
global,unrelated,0,60,1,EXECUTE,published_after_gate_recheck,15.7963871024549,4.323251079767942,0.0,66.15383761699185
global,unrelated,0,61,1,EXECUTE,published_after_gate_recheck,14.890747144818306,4.144615959376097,0.0,66.15383761699185
global,unrelated,0,62,1,EXECUTE,published_after_gate_recheck,14.72287205979228,3.5190624184906483,0.0,66.15383761699185
global,unrelated,0,63,1,EXECUTE,published_after_gate_recheck,16.46433910354972,4.8841931857168674,0.0,66.15383761699185
global,unrelated,0,64,1,EXECUTE,published_after_gate_recheck,15.684926882386208,4.384265281260014,0.0,66.15383761699185
global,unrelated,0,65,1,EXECUTE,published_after_gate_recheck,14.97237989678979,4.163822159171104,0.0,66.15383761699185
global,unrelated,0,66,1,EXECUTE,published_after_gate_recheck,15.150934923440218,4.239643923938274,0.0,66.15383761699185
global,unrelated,0,67,1,EXECUTE,published_after_gate_recheck,14.672357123345137,4.466891288757324,0.0,66.15383761699185
global,unrelated,0,68,1,EXECUTE,published_after_gate_recheck,15.19488776102662,4.288426134735346,0.0,66.15383761699185
global,unrelated,0,69,1,EXECUTE,published_after_gate_recheck,14.692815020680428,4.114780109375715,0.0,66.15383761699185
global,unrelated,0,70,1,EXECUTE,published_after_gate_recheck,14.571668114513159,3.7918142043054104,0.0,66.15383761699185
global,unrelated,0,71,1,EXECUTE,published_after_gate_recheck,14.506116043776274,4.024279769510031,0.0,66.15383761699185
global,unrelated,0,72,1,EXECUTE,published_after_gate_recheck,14.57216963171959,4.005955997854471,0.0,66.15383761699185
global,unrelated,0,73,1,EXECUTE,published_after_gate_recheck,14.375960920006037,3.927268087863922,0.0,66.15383761699185
global,unrelated,0,74,1,EXECUTE,published_after_gate_recheck,14.638083055615425,4.090193659067154,0.0,66.15383761699185
global,unrelated,0,75,1,EXECUTE,published_after_gate_recheck,13.811733108013868,3.9617419242858887,0.0,66.15383761699185
global,unrelated,0,76,1,EXECUTE,published_after_gate_recheck,15.027794055640697,4.581405781209469,0.0,66.15383761699185
global,unrelated,0,77,1,EXECUTE,published_after_gate_recheck,14.714977238327265,4.517266061156988,0.0,66.15383761699185
global,unrelated,0,78,1,EXECUTE,published_after_gate_recheck,15.859724953770638,4.492147825658321,0.0,66.15383761699185
global,unrelated,0,79,1,EXECUTE,published_after_gate_recheck,15.565061941742897,4.524397663772106,0.0,66.15383761699185
global,unrelated,0,80,1,EXECUTE,published_after_gate_recheck,15.92080993577838,4.343209322541952,0.0,66.15383761699185
global,unrelated,0,81,1,EXECUTE,published_after_gate_recheck,16.283099073916674,4.60114236921072,0.0,66.15383761699185
global,unrelated,0,82,1,EXECUTE,published_after_gate_recheck,15.156214591115713,4.281391855329275,0.0,66.15383761699185
global,unrelated,0,83,1,EXECUTE,published_after_gate_recheck,15.564460773020983,4.141539800912142,0.0,66.15383761699185
global,unrelated,0,84,1,EXECUTE,published_after_gate_recheck,14.222573954612017,4.282865207642317,0.0,66.15383761699185
global,unrelated,0,85,1,EXECUTE,published_after_gate_recheck,15.64863882958889,4.284759052097797,0.0,66.15383761699185
global,unrelated,0,86,1,EXECUTE,published_after_gate_recheck,17.158551141619682,4.815103951841593,0.0,66.15383761699185
global,unrelated,0,87,1,EXECUTE,published_after_gate_recheck,16.97483705356717,4.684829153120518,0.0,66.15383761699185
global,unrelated,0,88,1,EXECUTE,published_after_gate_recheck,15.300444792956114,4.445700906217098,0.0,66.15383761699185
global,unrelated,0,89,1,EXECUTE,published_after_gate_recheck,15.299023129045963,4.432887304574251,0.0,66.15383761699185
global,unrelated,0,90,1,EXECUTE,published_after_gate_recheck,14.51912010088563,3.868146799504757,0.0,66.15383761699185
global,unrelated,0,91,1,EXECUTE,published_after_gate_recheck,15.566064044833183,4.629716277122498,0.0,66.15383761699185
global,unrelated,0,92,1,EXECUTE,published_after_gate_recheck,15.62100788578391,4.9115139991045,0.0,66.15383761699185
global,unrelated,0,93,1,EXECUTE,published_after_gate_recheck,14.602005016058683,4.0292199701070786,0.0,66.15383761699185
global,unrelated,0,94,1,EXECUTE,published_after_gate_recheck,14.676636084914207,4.139075055718422,0.0,66.15383761699185
global,unrelated,0,95,1,EXECUTE,published_after_gate_recheck,14.824241865426302,4.013048950582743,0.0,66.15383761699185
global,unrelated,0,96,1,EXECUTE,published_after_gate_recheck,15.94221917912364,4.427947103977203,0.0,66.15383761699185
global,unrelated,0,97,1,EXECUTE,published_after_gate_recheck,15.782740898430347,4.36957785859704,0.0,66.15383761699185
global,unrelated,0,98,1,EXECUTE,published_after_gate_recheck,15.286049339920282,4.137822892516851,0.0,66.15383761699185
global,unrelated,0,99,1,EXECUTE,published_after_gate_recheck,15.275419224053621,4.413920920342207,0.0,66.15383761699185
readset,unrelated,0,0,1,EXECUTE,published_after_gate_recheck,15.33689396455884,4.050379153341055,0.0,65.46845029711882
readset,unrelated,0,1,1,EXECUTE,published_after_gate_recheck,15.09340712800622,4.1440436616539955,0.0,65.46845029711882
readset,unrelated,0,2,1,EXECUTE,published_after_gate_recheck,16.78821723908186,4.934377036988735,0.0,65.46845029711882
readset,unrelated,0,3,1,EXECUTE,published_after_gate_recheck,15.283684711903334,4.325003828853369,0.0,65.46845029711882
readset,unrelated,0,4,1,EXECUTE,published_after_gate_recheck,15.940275974571705,4.458385054022074,0.0,65.46845029711882
readset,unrelated,0,5,1,EXECUTE,published_after_gate_recheck,15.479943249374628,4.488260019570589,0.0,65.46845029711882
readset,unrelated,0,6,1,EXECUTE,published_after_gate_recheck,15.760148875415325,4.4618709944188595,0.0,65.46845029711882
readset,unrelated,0,7,1,EXECUTE,published_after_gate_recheck,14.94330633431673,4.196923691779375,0.0,65.46845029711882
readset,unrelated,0,8,1,EXECUTE,published_after_gate_recheck,14.20007087290287,3.867235966026783,0.0,65.46845029711882
readset,unrelated,0,9,1,EXECUTE,published_after_gate_recheck,15.207922086119652,4.3759397231042385,0.0,65.46845029711882
readset,unrelated,0,10,1,EXECUTE,published_after_gate_recheck,14.94541997089982,4.252828657627106,0.0,65.46845029711882
readset,unrelated,0,11,1,EXECUTE,published_after_gate_recheck,15.646244864910841,4.395005758851767,0.0,65.46845029711882
readset,unrelated,0,12,1,EXECUTE,published_after_gate_recheck,14.668360352516174,4.246636759489775,0.0,65.46845029711882
readset,unrelated,0,13,1,EXECUTE,published_after_gate_recheck,15.15023410320282,4.301661159843206,0.0,65.46845029711882
readset,unrelated,0,14,1,EXECUTE,published_after_gate_recheck,15.439526177942753,4.238792695105076,0.0,65.46845029711882
readset,unrelated,0,15,1,EXECUTE,published_after_gate_recheck,15.211970079690218,4.432966932654381,0.0,65.46845029711882
readset,unrelated,0,16,1,EXECUTE,published_after_gate_recheck,16.162702813744545,4.366412293165922,0.0,65.46845029711882
readset,unrelated,0,17,1,EXECUTE,published_after_gate_recheck,15.729551203548908,4.203867167234421,0.0,65.46845029711882
readset,unrelated,0,18,1,EXECUTE,published_after_gate_recheck,13.977462891489267,3.9237509481608868,0.0,65.46845029711882
readset,unrelated,0,19,1,EXECUTE,published_after_gate_recheck,14.838218688964844,4.27312683314085,0.0,65.46845029711882
readset,unrelated,0,20,1,EXECUTE,published_after_gate_recheck,18.899276852607727,4.536581225693226,0.0,65.46845029711882
readset,unrelated,0,21,1,EXECUTE,published_after_gate_recheck,14.945049304515123,4.49015386402607,0.0,65.46845029711882
readset,unrelated,0,22,1,EXECUTE,published_after_gate_recheck,14.579804148525,4.261024296283722,0.0,65.46845029711882
readset,unrelated,0,23,1,EXECUTE,published_after_gate_recheck,14.74328013136983,4.0054949931800365,0.0,65.46845029711882
readset,unrelated,0,24,1,EXECUTE,published_after_gate_recheck,15.243788715451956,4.400867037475109,0.0,65.46845029711882
readset,unrelated,0,25,1,EXECUTE,published_after_gate_recheck,14.63070884346962,4.12396714091301,0.0,65.46845029711882
readset,unrelated,0,26,1,EXECUTE,published_after_gate_recheck,14.394675847142935,4.471899010241032,0.0,65.46845029711882
readset,unrelated,0,27,1,EXECUTE,published_after_gate_recheck,15.236715786159039,4.603838082402945,0.0,65.46845029711882
readset,unrelated,0,28,1,EXECUTE,published_after_gate_recheck,19.931134302169085,7.266994100064039,0.0,65.46845029711882
readset,unrelated,0,29,1,EXECUTE,published_after_gate_recheck,15.296587720513344,4.405546002089977,0.0,65.46845029711882
readset,unrelated,0,30,1,EXECUTE,published_after_gate_recheck,14.637391082942486,4.267525859177113,0.0,65.46845029711882
readset,unrelated,0,31,1,EXECUTE,published_after_gate_recheck,22.403861861675978,5.35855395719409,0.0,65.46845029711882
readset,unrelated,0,32,1,EXECUTE,published_after_gate_recheck,16.15551020950079,4.568080883473158,0.0,65.46845029711882
readset,unrelated,0,33,1,EXECUTE,published_after_gate_recheck,15.859493985772133,4.316718317568302,0.0,65.46845029711882
readset,unrelated,0,34,1,EXECUTE,published_after_gate_recheck,14.45176312699914,3.9319568313658237,0.0,65.46845029711882
readset,unrelated,0,35,1,EXECUTE,published_after_gate_recheck,15.937801916152239,4.528636112809181,0.0,65.46845029711882
readset,unrelated,0,36,1,EXECUTE,published_after_gate_recheck,15.259177889674902,4.4061872176826,0.0,65.46845029711882
readset,unrelated,0,37,1,EXECUTE,published_after_gate_recheck,14.758930075913668,3.7281750701367855,0.0,65.46845029711882
readset,unrelated,0,38,1,EXECUTE,published_after_gate_recheck,14.98962240293622,4.103497602045536,0.0,65.46845029711882
readset,unrelated,0,39,1,EXECUTE,published_after_gate_recheck,14.387092087417841,3.9915689267218113,0.0,65.46845029711882
readset,unrelated,0,40,1,EXECUTE,published_after_gate_recheck,14.516916126012802,4.294897895306349,0.0,65.46845029711882
readset,unrelated,0,41,1,EXECUTE,published_after_gate_recheck,15.732957050204277,4.5503671281039715,0.0,65.46845029711882
readset,unrelated,0,42,1,EXECUTE,published_after_gate_recheck,14.077570755034685,3.8920720107853413,0.0,65.46845029711882
readset,unrelated,0,43,1,EXECUTE,published_after_gate_recheck,14.551500789821148,4.190241917967796,0.0,65.46845029711882
readset,unrelated,0,44,1,EXECUTE,published_after_gate_recheck,15.45597705990076,4.113748203963041,0.0,65.46845029711882
readset,unrelated,0,45,1,EXECUTE,published_after_gate_recheck,14.151549898087978,4.029599949717522,0.0,65.46845029711882
readset,unrelated,0,46,1,EXECUTE,published_after_gate_recheck,15.943993348628283,4.283575806766748,0.0,65.46845029711882
readset,unrelated,0,47,1,EXECUTE,published_after_gate_recheck,14.652880374342203,4.1872663423419,0.0,65.46845029711882
readset,unrelated,0,48,1,EXECUTE,published_after_gate_recheck,14.400106854736805,4.102335777133703,0.0,65.46845029711882
readset,unrelated,0,49,1,EXECUTE,published_after_gate_recheck,14.28297720849514,4.030072130262852,0.0,65.46845029711882
readset,unrelated,0,50,1,EXECUTE,published_after_gate_recheck,16.012742184102535,4.642359912395477,0.0,65.46845029711882
readset,unrelated,0,51,1,EXECUTE,published_after_gate_recheck,15.016393270343542,4.1044410318136215,0.0,65.46845029711882
readset,unrelated,0,52,1,EXECUTE,published_after_gate_recheck,14.37573041766882,3.8325609639286995,0.0,65.46845029711882
readset,unrelated,0,53,1,EXECUTE,published_after_gate_recheck,15.274225734174252,4.438216798007488,0.0,65.46845029711882
readset,unrelated,0,54,1,EXECUTE,published_after_gate_recheck,15.5896982178092,4.395907279103994,0.0,65.46845029711882
readset,unrelated,0,55,1,EXECUTE,published_after_gate_recheck,14.77447897195816,3.839374054223299,0.0,65.46845029711882
readset,unrelated,0,56,1,EXECUTE,published_after_gate_recheck,15.73704369366169,4.645064938813448,0.0,65.46845029711882
readset,unrelated,0,57,1,EXECUTE,published_after_gate_recheck,16.30335720255971,4.7099171206355095,0.0,65.46845029711882
readset,unrelated,0,58,1,EXECUTE,published_after_gate_recheck,16.397194005548954,4.204749129712582,0.0,65.46845029711882
readset,unrelated,0,59,1,EXECUTE,published_after_gate_recheck,15.974740032106638,4.591634031385183,0.0,65.46845029711882
readset,unrelated,0,60,1,EXECUTE,published_after_gate_recheck,15.232537873089314,4.24753874540329,0.0,65.46845029711882
readset,unrelated,0,61,1,EXECUTE,published_after_gate_recheck,15.17506130039692,4.412017296999693,0.0,65.46845029711882
readset,unrelated,0,62,1,EXECUTE,published_after_gate_recheck,15.009590424597263,4.475956782698631,0.0,65.46845029711882
readset,unrelated,0,63,1,EXECUTE,published_after_gate_recheck,15.294634271413088,4.172938875854015,0.0,65.46845029711882
readset,unrelated,0,64,1,EXECUTE,published_after_gate_recheck,18.202160019427538,4.524347838014364,0.0,65.46845029711882
readset,unrelated,0,65,1,EXECUTE,published_after_gate_recheck,15.336873941123486,4.2158192954957485,0.0,65.46845029711882
readset,unrelated,0,66,1,EXECUTE,published_after_gate_recheck,15.21698897704482,4.53242426738143,0.0,65.46845029711882
readset,unrelated,0,67,1,EXECUTE,published_after_gate_recheck,15.417144633829594,3.9656502194702625,0.0,65.46845029711882
readset,unrelated,0,68,1,EXECUTE,published_after_gate_recheck,14.283266849815845,4.034128971397877,0.0,65.46845029711882
readset,unrelated,0,69,1,EXECUTE,published_after_gate_recheck,13.462587725371122,4.076418001204729,0.0,65.46845029711882
readset,unrelated,0,70,1,EXECUTE,published_after_gate_recheck,14.944077003747225,4.470056854188442,0.0,65.46845029711882
readset,unrelated,0,71,1,EXECUTE,published_after_gate_recheck,14.819744043052197,4.111564252525568,0.0,65.46845029711882
readset,unrelated,0,72,1,EXECUTE,published_after_gate_recheck,14.622353948652744,4.01647575199604,0.0,65.46845029711882
readset,unrelated,0,73,1,EXECUTE,published_after_gate_recheck,14.220229350030422,3.508221823722124,0.0,65.46845029711882
readset,unrelated,0,74,1,EXECUTE,published_after_gate_recheck,14.162240084260702,3.8659842684865,0.0,65.46845029711882
readset,unrelated,0,75,1,EXECUTE,published_after_gate_recheck,15.49310702830553,4.75333770737052,0.0,65.46845029711882
readset,unrelated,0,76,1,EXECUTE,published_after_gate_recheck,14.225379098206758,4.137703217566013,0.0,65.46845029711882
readset,unrelated,0,77,1,EXECUTE,published_after_gate_recheck,15.341232996433973,4.049927927553654,0.0,65.46845029711882
readset,unrelated,0,78,1,EXECUTE,published_after_gate_recheck,15.012686140835285,4.003471229225397,0.0,65.46845029711882
readset,unrelated,0,79,1,EXECUTE,published_after_gate_recheck,14.343020040541887,3.94189590588212,0.0,65.46845029711882
readset,unrelated,0,80,1,EXECUTE,published_after_gate_recheck,15.727437101304531,4.815475083887577,0.0,65.46845029711882
readset,unrelated,0,81,1,EXECUTE,published_after_gate_recheck,16.015307046473026,4.308653064072132,0.0,65.46845029711882
readset,unrelated,0,82,1,EXECUTE,published_after_gate_recheck,14.954396057873964,4.212954081594944,0.0,65.46845029711882
readset,unrelated,0,83,1,EXECUTE,published_after_gate_recheck,15.966705977916718,4.401698242872953,0.0,65.46845029711882
readset,unrelated,0,84,1,EXECUTE,published_after_gate_recheck,15.458932612091303,4.38613910228014,0.0,65.46845029711882
readset,unrelated,0,85,1,EXECUTE,published_after_gate_recheck,15.70822112262249,4.31426428258419,0.0,65.46845029711882
readset,unrelated,0,86,1,EXECUTE,published_after_gate_recheck,14.815776143223047,3.87963792309165,0.0,65.46845029711882
readset,unrelated,0,87,1,EXECUTE,published_after_gate_recheck,13.923082035034895,3.404727205634117,0.0,65.46845029711882
readset,unrelated,0,88,1,EXECUTE,published_after_gate_recheck,14.74991301074624,4.2300657369196415,0.0,65.46845029711882
readset,unrelated,0,89,1,EXECUTE,published_after_gate_recheck,13.890739995986223,4.114158917218447,0.0,65.46845029711882
readset,unrelated,0,90,1,EXECUTE,published_after_gate_recheck,14.587458223104477,3.9633959531784058,0.0,65.46845029711882
readset,unrelated,0,91,1,EXECUTE,published_after_gate_recheck,13.950543012470007,4.199708811938763,0.0,65.46845029711882
readset,unrelated,0,92,1,EXECUTE,published_after_gate_recheck,14.628284145146608,3.8993661291897297,0.0,65.46845029711882
readset,unrelated,0,93,1,EXECUTE,published_after_gate_recheck,14.544147066771984,4.092528950423002,0.0,65.46845029711882
readset,unrelated,0,94,1,EXECUTE,published_after_gate_recheck,14.219508040696383,4.008912015706301,0.0,65.46845029711882
readset,unrelated,0,95,1,EXECUTE,published_after_gate_recheck,14.799566008150578,3.7041991017758846,0.0,65.46845029711882
readset,unrelated,0,96,1,EXECUTE,published_after_gate_recheck,14.702703803777695,3.992329817265272,0.0,65.46845029711882
readset,unrelated,0,97,1,EXECUTE,published_after_gate_recheck,14.329543802887201,4.015663173049688,0.0,65.46845029711882
readset,unrelated,0,98,1,EXECUTE,published_after_gate_recheck,13.744296040385962,3.8100681267678738,0.0,65.46845029711882
readset,unrelated,0,99,1,EXECUTE,published_after_gate_recheck,14.283217024058104,3.769972827285528,0.0,65.46845029711882
global,related_same,0,0,1,EXECUTE,published_after_gate_recheck,15.401234850287437,4.380648955702782,0.0,62.785933462520354
global,related_same,0,1,1,EXECUTE,published_after_gate_recheck,14.405196066945791,3.946533892303705,0.0,62.785933462520354
global,related_same,0,2,1,EXECUTE,published_after_gate_recheck,17.962199170142412,5.223969928920269,0.0,62.785933462520354
global,related_same,0,3,1,EXECUTE,published_after_gate_recheck,15.422074124217033,4.0361019782722,0.0,62.785933462520354
global,related_same,0,4,1,EXECUTE,published_after_gate_recheck,15.480264090001583,4.516082815825939,0.0,62.785933462520354
global,related_same,0,5,1,EXECUTE,published_after_gate_recheck,15.366890002042055,4.156208131462336,0.0,62.785933462520354
global,related_same,0,6,1,EXECUTE,published_after_gate_recheck,15.707939863204956,3.7841200828552246,0.0,62.785933462520354
global,related_same,0,7,1,EXECUTE,published_after_gate_recheck,14.347678050398827,4.171987064182758,0.0,62.785933462520354
global,related_same,0,8,1,EXECUTE,published_after_gate_recheck,15.55558480322361,4.42414078861475,0.0,62.785933462520354
global,related_same,0,9,1,EXECUTE,published_after_gate_recheck,14.407209120690823,4.029740113765001,0.0,62.785933462520354
global,related_same,0,10,1,EXECUTE,published_after_gate_recheck,16.368128824979067,4.683275707066059,0.0,62.785933462520354
global,related_same,0,11,1,EXECUTE,published_after_gate_recheck,15.434087254106998,4.159814678132534,0.0,62.785933462520354
global,related_same,0,12,1,EXECUTE,published_after_gate_recheck,14.824542682617903,4.347055684775114,0.0,62.785933462520354
global,related_same,0,13,1,EXECUTE,published_after_gate_recheck,14.647080097347498,4.118947312235832,0.0,62.785933462520354
global,related_same,0,14,1,EXECUTE,published_after_gate_recheck,17.178518697619438,4.567889962345362,0.0,62.785933462520354
global,related_same,0,15,1,EXECUTE,published_after_gate_recheck,16.22022222727537,4.252629354596138,0.0,62.785933462520354
global,related_same,0,16,1,EXECUTE,published_after_gate_recheck,16.79023075848818,4.604728892445564,0.0,62.785933462520354
global,related_same,0,17,1,EXECUTE,published_after_gate_recheck,16.031768172979355,3.699050284922123,0.0,62.785933462520354
global,related_same,0,18,1,EXECUTE,published_after_gate_recheck,19.448517821729183,4.4126687571406364,0.0,62.785933462520354
global,related_same,0,19,1,EXECUTE,published_after_gate_recheck,15.112181659787893,4.206260666251183,0.0,62.785933462520354
global,related_same,0,20,1,EXECUTE,published_after_gate_recheck,15.336534008383751,4.47757076472044,0.0,62.785933462520354
global,related_same,0,21,1,EXECUTE,published_after_gate_recheck,15.221616718918085,4.373915959149599,0.0,62.785933462520354
global,related_same,0,22,1,EXECUTE,published_after_gate_recheck,14.58688685670495,4.213996231555939,0.0,62.785933462520354
global,related_same,0,23,1,EXECUTE,published_after_gate_recheck,14.098551124334335,3.7475512363016605,0.0,62.785933462520354
global,related_same,0,24,1,EXECUTE,published_after_gate_recheck,14.189621899276972,3.4501729533076286,0.0,62.785933462520354
global,related_same,0,25,1,EXECUTE,published_after_gate_recheck,14.96511697769165,4.314315039664507,0.0,62.785933462520354
global,related_same,0,26,1,EXECUTE,published_after_gate_recheck,14.855401124805212,4.216379951685667,0.0,62.785933462520354
global,related_same,0,27,1,EXECUTE,published_after_gate_recheck,14.724304899573326,4.705057013779879,0.0,62.785933462520354
global,related_same,0,28,1,EXECUTE,published_after_gate_recheck,15.045206993818283,3.932228311896324,0.0,62.785933462520354
global,related_same,0,29,1,EXECUTE,published_after_gate_recheck,14.795898925513029,4.132673144340515,0.0,62.785933462520354
global,related_same,0,30,1,EXECUTE,published_after_gate_recheck,14.2351477406919,3.668832592666149,0.0,62.785933462520354
global,related_same,0,31,1,EXECUTE,published_after_gate_recheck,14.34069499373436,4.1399868205189705,0.0,62.785933462520354
global,related_same,0,32,1,EXECUTE,published_after_gate_recheck,16.68380107730627,4.239834845066071,0.0,62.785933462520354
global,related_same,0,33,1,EXECUTE,published_after_gate_recheck,15.080722980201244,4.132032860070467,0.0,62.785933462520354
global,related_same,0,34,1,EXECUTE,published_after_gate_recheck,15.274898149073124,3.8302764296531677,0.0,62.785933462520354
global,related_same,0,35,1,EXECUTE,published_after_gate_recheck,15.274005942046642,4.2000398971140385,0.0,62.785933462520354
global,related_same,0,36,1,EXECUTE,published_after_gate_recheck,16.211223788559437,4.755012225359678,0.0,62.785933462520354
global,related_same,0,37,1,EXECUTE,published_after_gate_recheck,14.546260703355074,4.168942105025053,0.0,62.785933462520354
global,related_same,0,38,1,EXECUTE,published_after_gate_recheck,14.145798981189728,4.307691007852554,0.0,62.785933462520354
global,related_same,0,39,1,EXECUTE,published_after_gate_recheck,15.148491133004427,4.121732898056507,0.0,62.785933462520354
global,related_same,0,40,1,EXECUTE,published_after_gate_recheck,15.06316987797618,4.411427304148674,0.0,62.785933462520354
global,related_same,0,41,1,EXECUTE,published_after_gate_recheck,17.79760979115963,4.748248029500246,0.0,62.785933462520354
global,related_same,0,42,1,EXECUTE,published_after_gate_recheck,17.548843752592802,4.4650970958173275,0.0,62.785933462520354
global,related_same,0,43,1,EXECUTE,published_after_gate_recheck,15.707239042967558,4.334953147917986,0.0,62.785933462520354
global,related_same,0,44,1,EXECUTE,published_after_gate_recheck,15.828286297619343,4.2493618093431,0.0,62.785933462520354
global,related_same,0,45,1,EXECUTE,published_after_gate_recheck,15.62072616070509,3.9508328773081303,0.0,62.785933462520354
global,related_same,0,46,1,EXECUTE,published_after_gate_recheck,15.918314922600985,4.592175129801035,0.0,62.785933462520354
global,related_same,0,47,1,EXECUTE,published_after_gate_recheck,15.882426872849464,4.62162122130394,0.0,62.785933462520354
global,related_same,0,48,1,EXECUTE,published_after_gate_recheck,15.749007929116488,4.462402313947678,0.0,62.785933462520354
global,related_same,0,49,1,EXECUTE,published_after_gate_recheck,15.834156889468431,4.394275136291981,0.0,62.785933462520354
global,related_same,0,50,1,EXECUTE,published_after_gate_recheck,16.222435049712658,4.3797567486763,0.0,62.785933462520354
global,related_same,0,51,1,EXECUTE,published_after_gate_recheck,19.73352301865816,6.843569688498974,0.0,62.785933462520354
global,related_same,0,52,1,EXECUTE,published_after_gate_recheck,16.246099956333637,4.762856289744377,0.0,62.785933462520354
global,related_same,0,53,1,EXECUTE,published_after_gate_recheck,20.37741057574749,4.839739762246609,0.0,62.785933462520354
global,related_same,0,54,1,EXECUTE,published_after_gate_recheck,16.37970097362995,4.934006370604038,0.0,62.785933462520354
global,related_same,0,55,1,EXECUTE,published_after_gate_recheck,17.967869993299246,6.936684250831604,0.0,62.785933462520354
global,related_same,0,56,1,EXECUTE,published_after_gate_recheck,18.38569436222315,4.053234122693539,0.0,62.785933462520354
global,related_same,0,57,1,EXECUTE,published_after_gate_recheck,17.560585867613554,4.437907133251429,0.0,62.785933462520354
global,related_same,0,58,1,EXECUTE,published_after_gate_recheck,17.44919689372182,3.959869034588337,0.0,62.785933462520354
global,related_same,0,59,1,EXECUTE,published_after_gate_recheck,19.789528101682663,8.26095836237073,0.0,62.785933462520354
global,related_same,0,60,1,EXECUTE,published_after_gate_recheck,16.056543681770563,4.459716845303774,0.0,62.785933462520354
global,related_same,0,61,1,EXECUTE,published_after_gate_recheck,14.901087153702974,3.990987315773964,0.0,62.785933462520354
global,related_same,0,62,1,EXECUTE,published_after_gate_recheck,16.100015956908464,4.2159901931881905,0.0,62.785933462520354
global,related_same,0,63,1,EXECUTE,published_after_gate_recheck,15.56622376665473,4.534376785159111,0.0,62.785933462520354
global,related_same,0,64,1,EXECUTE,published_after_gate_recheck,17.916343174874783,5.864421837031841,0.0,62.785933462520354
global,related_same,0,65,1,EXECUTE,published_after_gate_recheck,15.279045794159174,4.2739491909742355,0.0,62.785933462520354
global,related_same,0,66,1,EXECUTE,published_after_gate_recheck,15.906212851405144,4.41863015294075,0.0,62.785933462520354
global,related_same,0,67,1,EXECUTE,published_after_gate_recheck,15.834116842597723,4.34103375300765,0.0,62.785933462520354
global,related_same,0,68,1,EXECUTE,published_after_gate_recheck,15.3599982149899,4.50352905318141,0.0,62.785933462520354
global,related_same,0,69,1,EXECUTE,published_after_gate_recheck,15.434997621923685,4.7011300921440125,0.0,62.785933462520354
global,related_same,0,70,1,EXECUTE,published_after_gate_recheck,15.85239078849554,4.230657126754522,0.0,62.785933462520354
global,related_same,0,71,1,EXECUTE,published_after_gate_recheck,16.08875533565879,4.354649689048529,0.0,62.785933462520354
global,related_same,0,72,1,EXECUTE,published_after_gate_recheck,15.196891035884619,4.309795331209898,0.0,62.785933462520354
global,related_same,0,73,1,EXECUTE,published_after_gate_recheck,16.68755803257227,4.114069044589996,0.0,62.785933462520354
global,related_same,0,74,1,EXECUTE,published_after_gate_recheck,16.986919101327658,4.125549923628569,0.0,62.785933462520354
global,related_same,0,75,1,EXECUTE,published_after_gate_recheck,15.945997089147568,4.814783111214638,0.0,62.785933462520354
global,related_same,0,76,1,EXECUTE,published_after_gate_recheck,15.286409761756659,4.440420772880316,0.0,62.785933462520354
global,related_same,0,77,1,EXECUTE,published_after_gate_recheck,16.167653258889914,4.243762232363224,0.0,62.785933462520354
global,related_same,0,78,1,EXECUTE,published_after_gate_recheck,14.60628304630518,4.190752748399973,0.0,62.785933462520354
global,related_same,0,79,1,EXECUTE,published_after_gate_recheck,13.712557032704353,3.7439041770994663,0.0,62.785933462520354
global,related_same,0,80,1,EXECUTE,published_after_gate_recheck,15.71018435060978,4.5065851882100105,0.0,62.785933462520354
global,related_same,0,81,1,EXECUTE,published_after_gate_recheck,15.11275302618742,4.131591878831387,0.0,62.785933462520354
global,related_same,0,82,1,EXECUTE,published_after_gate_recheck,14.901477843523026,4.401687998324633,0.0,62.785933462520354
global,related_same,0,83,1,EXECUTE,published_after_gate_recheck,15.354016795754433,4.5247189700603485,0.0,62.785933462520354
global,related_same,0,84,1,EXECUTE,published_after_gate_recheck,15.059223398566246,4.36838623136282,0.0,62.785933462520354
global,related_same,0,85,1,EXECUTE,published_after_gate_recheck,15.116732101887465,3.865803126245737,0.0,62.785933462520354
global,related_same,0,86,1,EXECUTE,published_after_gate_recheck,15.578466933220625,4.500233102589846,0.0,62.785933462520354
global,related_same,0,87,1,EXECUTE,published_after_gate_recheck,15.917594078928232,4.225326701998711,0.0,62.785933462520354
global,related_same,0,88,1,EXECUTE,published_after_gate_recheck,15.578417107462883,4.4397893361747265,0.0,62.785933462520354
global,related_same,0,89,1,EXECUTE,published_after_gate_recheck,15.424819197505713,4.243080969899893,0.0,62.785933462520354
global,related_same,0,90,1,EXECUTE,published_after_gate_recheck,15.020882245153189,4.142221063375473,0.0,62.785933462520354
global,related_same,0,91,1,EXECUTE,published_after_gate_recheck,16.307345125824213,4.175073001533747,0.0,62.785933462520354
global,related_same,0,92,1,EXECUTE,published_after_gate_recheck,15.24714520201087,4.451171029359102,0.0,62.785933462520354
global,related_same,0,93,1,EXECUTE,published_after_gate_recheck,16.165849287062883,4.8001352697610855,0.0,62.785933462520354
global,related_same,0,94,1,EXECUTE,published_after_gate_recheck,16.804317012429237,4.600862041115761,0.0,62.785933462520354
global,related_same,0,95,1,EXECUTE,published_after_gate_recheck,15.436029992997646,4.2006210424005985,0.0,62.785933462520354
global,related_same,0,96,1,EXECUTE,published_after_gate_recheck,15.73606301099062,4.120660945773125,0.0,62.785933462520354
global,related_same,0,97,1,EXECUTE,published_after_gate_recheck,17.244423273950815,4.1716559790074825,0.0,62.785933462520354
global,related_same,0,98,1,EXECUTE,published_after_gate_recheck,17.06433529034257,4.999780096113682,0.0,62.785933462520354
global,related_same,0,99,1,EXECUTE,published_after_gate_recheck,16.108771786093712,4.313813056796789,0.0,62.785933462520354
readset,related_same,0,0,1,EXECUTE,published_after_gate_recheck,15.557297971099615,4.189650062471628,0.0,63.17752813797535
readset,related_same,0,1,1,EXECUTE,published_after_gate_recheck,15.796296298503876,4.448807332664728,0.0,63.17752813797535
readset,related_same,0,2,1,EXECUTE,published_after_gate_recheck,16.37133490294218,4.24426281824708,0.0,63.17752813797535
readset,related_same,0,3,1,EXECUTE,published_after_gate_recheck,15.052089933305979,3.9363750256597996,0.0,63.17752813797535
readset,related_same,0,4,1,EXECUTE,published_after_gate_recheck,13.888547196984291,3.778638783842325,0.0,63.17752813797535
readset,related_same,0,5,1,EXECUTE,published_after_gate_recheck,14.3858902156353,4.382892977446318,0.0,63.17752813797535
readset,related_same,0,6,1,EXECUTE,published_after_gate_recheck,15.658287331461906,4.619416780769825,0.0,63.17752813797535
readset,related_same,0,7,1,EXECUTE,published_after_gate_recheck,14.809675049036741,4.417337942868471,0.0,63.17752813797535
readset,related_same,0,8,1,EXECUTE,published_after_gate_recheck,15.347194392234087,4.272256046533585,0.0,63.17752813797535
readset,related_same,0,9,1,EXECUTE,published_after_gate_recheck,14.446112792938948,4.175923764705658,0.0,63.17752813797535
readset,related_same,0,10,1,EXECUTE,published_after_gate_recheck,15.325934160500765,4.084493033587933,0.0,63.17752813797535
readset,related_same,0,11,1,EXECUTE,published_after_gate_recheck,16.20741793885827,4.541540984064341,0.0,63.17752813797535
readset,related_same,0,12,1,EXECUTE,published_after_gate_recheck,16.283841338008642,4.479413852095604,0.0,63.17752813797535
readset,related_same,0,13,1,EXECUTE,published_after_gate_recheck,14.695720747113228,4.04698308557272,0.0,63.17752813797535
readset,related_same,0,14,1,EXECUTE,published_after_gate_recheck,15.047702006995678,4.17341897264123,0.0,63.17752813797535
readset,related_same,0,15,1,EXECUTE,published_after_gate_recheck,15.107885003089905,4.4723208993673325,0.0,63.17752813797535
readset,related_same,0,16,1,EXECUTE,published_after_gate_recheck,16.414725687354803,4.5927767641842365,0.0,63.17752813797535
readset,related_same,0,17,1,EXECUTE,published_after_gate_recheck,16.26103837043047,5.060124211013317,0.0,63.17752813797535
readset,related_same,0,18,1,EXECUTE,published_after_gate_recheck,18.593294080346823,4.624636843800545,0.0,63.17752813797535
readset,related_same,0,19,1,EXECUTE,published_after_gate_recheck,16.114643309265375,3.8067717105150223,0.0,63.17752813797535
readset,related_same,0,20,1,EXECUTE,published_after_gate_recheck,14.820144977420568,4.541380796581507,0.0,63.17752813797535
readset,related_same,0,21,1,EXECUTE,published_after_gate_recheck,15.255691017955542,4.787982907146215,0.0,63.17752813797535
readset,related_same,0,22,1,EXECUTE,published_after_gate_recheck,14.177989214658737,4.239844623953104,0.0,63.17752813797535
readset,related_same,0,23,1,EXECUTE,published_after_gate_recheck,16.56006881967187,4.564453847706318,0.0,63.17752813797535
readset,related_same,0,24,1,EXECUTE,published_after_gate_recheck,15.216257888823748,3.9722523652017117,0.0,63.17752813797535
readset,related_same,0,25,1,EXECUTE,published_after_gate_recheck,15.920299105346203,4.163101315498352,0.0,63.17752813797535
readset,related_same,0,26,1,EXECUTE,published_after_gate_recheck,16.652932856231928,4.667907953262329,0.0,63.17752813797535
readset,related_same,0,27,1,EXECUTE,published_after_gate_recheck,15.534253790974617,4.368174821138382,0.0,63.17752813797535
readset,related_same,0,28,1,EXECUTE,published_after_gate_recheck,15.101814176887274,4.208625759929419,0.0,63.17752813797535
readset,related_same,0,29,1,EXECUTE,published_after_gate_recheck,14.525913167744875,4.266263917088509,0.0,63.17752813797535
readset,related_same,0,30,1,EXECUTE,published_after_gate_recheck,15.412947162985802,4.222833085805178,0.0,63.17752813797535
readset,related_same,0,31,1,EXECUTE,published_after_gate_recheck,15.119205228984356,4.105022177100182,0.0,63.17752813797535
readset,related_same,0,32,1,EXECUTE,published_after_gate_recheck,14.469746965914965,4.051420837640762,0.0,63.17752813797535
readset,related_same,0,33,1,EXECUTE,published_after_gate_recheck,16.325599048286676,4.650895018130541,0.0,63.17752813797535
readset,related_same,0,34,1,EXECUTE,published_after_gate_recheck,14.918829780071974,4.05579898506403,0.0,63.17752813797535
readset,related_same,0,35,1,EXECUTE,published_after_gate_recheck,15.415731817483902,4.508308134973049,0.0,63.17752813797535
readset,related_same,0,36,1,EXECUTE,published_after_gate_recheck,15.4179772362113,4.100793972611427,0.0,63.17752813797535
readset,related_same,0,37,1,EXECUTE,published_after_gate_recheck,15.074430964887142,3.981389105319977,0.0,63.17752813797535
readset,related_same,0,38,1,EXECUTE,published_after_gate_recheck,15.659148804843426,4.25809808075428,0.0,63.17752813797535
readset,related_same,0,39,1,EXECUTE,published_after_gate_recheck,14.787633437663317,4.033097065985203,0.0,63.17752813797535
readset,related_same,0,40,1,EXECUTE,published_after_gate_recheck,15.259578824043274,4.156237933784723,0.0,63.17752813797535
readset,related_same,0,41,1,EXECUTE,published_after_gate_recheck,16.044422052800655,4.342397209256887,0.0,63.17752813797535
readset,related_same,0,42,1,EXECUTE,published_after_gate_recheck,15.57251624763012,4.314634948968887,0.0,63.17752813797535
readset,related_same,0,43,1,EXECUTE,published_after_gate_recheck,15.444706194102764,4.461400210857391,0.0,63.17752813797535
readset,related_same,0,44,1,EXECUTE,published_after_gate_recheck,15.736093278974295,3.686546813696623,0.0,63.17752813797535
readset,related_same,0,45,1,EXECUTE,published_after_gate_recheck,15.17343707382679,4.42495197057724,0.0,63.17752813797535
readset,related_same,0,46,1,EXECUTE,published_after_gate_recheck,15.56283701211214,4.4225770980119705,0.0,63.17752813797535
readset,related_same,0,47,1,EXECUTE,published_after_gate_recheck,15.574009157717228,4.47037722915411,0.0,63.17752813797535
readset,related_same,0,48,1,EXECUTE,published_after_gate_recheck,15.453784260898829,4.223204217851162,0.0,63.17752813797535
readset,related_same,0,49,1,EXECUTE,published_after_gate_recheck,15.450877603143454,4.247098695486784,0.0,63.17752813797535
readset,related_same,0,50,1,EXECUTE,published_after_gate_recheck,14.886017888784409,3.9490386843681335,0.0,63.17752813797535
readset,related_same,0,51,1,EXECUTE,published_after_gate_recheck,14.456431847065687,4.068884067237377,0.0,63.17752813797535
readset,related_same,0,52,1,EXECUTE,published_after_gate_recheck,14.942644163966179,4.1845012456178665,0.0,63.17752813797535
readset,related_same,0,53,1,EXECUTE,published_after_gate_recheck,15.317617915570736,4.313141107559204,0.0,63.17752813797535
readset,related_same,0,54,1,EXECUTE,published_after_gate_recheck,15.003328211605549,4.3263970874249935,0.0,63.17752813797535
readset,related_same,0,55,1,EXECUTE,published_after_gate_recheck,15.212531201541424,4.27487026900053,0.0,63.17752813797535
readset,related_same,0,56,1,EXECUTE,published_after_gate_recheck,15.970902983099222,4.571917932480574,0.0,63.17752813797535
readset,related_same,0,57,1,EXECUTE,published_after_gate_recheck,14.867092948406935,4.04591066762805,0.0,63.17752813797535
readset,related_same,0,58,1,EXECUTE,published_after_gate_recheck,17.00884010642767,4.428267944604158,0.0,63.17752813797535
readset,related_same,0,59,1,EXECUTE,published_after_gate_recheck,15.15371073037386,4.603506997227669,0.0,63.17752813797535
readset,related_same,0,60,1,EXECUTE,published_after_gate_recheck,16.877835150808096,4.647239111363888,0.0,63.17752813797535
readset,related_same,0,61,1,EXECUTE,published_after_gate_recheck,14.717491809278727,4.255974665284157,0.0,63.17752813797535
readset,related_same,0,62,1,EXECUTE,published_after_gate_recheck,16.11710712313652,4.241066984832287,0.0,63.17752813797535
readset,related_same,0,63,1,EXECUTE,published_after_gate_recheck,15.210587065666914,4.339251201599836,0.0,63.17752813797535
readset,related_same,0,64,1,EXECUTE,published_after_gate_recheck,18.111899960786104,4.655044060200453,0.0,63.17752813797535
readset,related_same,0,65,1,EXECUTE,published_after_gate_recheck,15.305955894291401,4.194609820842743,0.0,63.17752813797535
readset,related_same,0,66,1,EXECUTE,published_after_gate_recheck,15.022754669189453,4.6844189055264,0.0,63.17752813797535
readset,related_same,0,67,1,EXECUTE,published_after_gate_recheck,15.938141848891973,4.495103843510151,0.0,63.17752813797535
readset,related_same,0,68,1,EXECUTE,published_after_gate_recheck,16.025356017053127,4.837715998291969,0.0,63.17752813797535
readset,related_same,0,69,1,EXECUTE,published_after_gate_recheck,15.842633321881294,4.57720784470439,0.0,63.17752813797535
readset,related_same,0,70,1,EXECUTE,published_after_gate_recheck,15.532701276242733,4.503108095377684,0.0,63.17752813797535
readset,related_same,0,71,1,EXECUTE,published_after_gate_recheck,16.341960057616234,4.609468393027782,0.0,63.17752813797535
readset,related_same,0,72,1,EXECUTE,published_after_gate_recheck,16.161801293492317,4.544025752693415,0.0,63.17752813797535
readset,related_same,0,73,1,EXECUTE,published_after_gate_recheck,16.27589575946331,4.999630153179169,0.0,63.17752813797535
readset,related_same,0,74,1,EXECUTE,published_after_gate_recheck,14.724275097250938,3.7391148507595062,0.0,63.17752813797535
readset,related_same,0,75,1,EXECUTE,published_after_gate_recheck,17.215368803590536,4.229195415973663,0.0,63.17752813797535
readset,related_same,0,76,1,EXECUTE,published_after_gate_recheck,15.807026997208595,4.697774071246386,0.0,63.17752813797535
readset,related_same,0,77,1,EXECUTE,published_after_gate_recheck,15.468460973352194,4.406035877764225,0.0,63.17752813797535
readset,related_same,0,78,1,EXECUTE,published_after_gate_recheck,16.08759304508567,4.598347935825586,0.0,63.17752813797535
readset,related_same,0,79,1,EXECUTE,published_after_gate_recheck,15.24726627394557,3.898473922163248,0.0,63.17752813797535
readset,related_same,0,80,1,EXECUTE,published_after_gate_recheck,15.600208658725023,4.416745621711016,0.0,63.17752813797535
readset,related_same,0,81,1,EXECUTE,published_after_gate_recheck,15.355137642472982,4.265012219548225,0.0,63.17752813797535
readset,related_same,0,82,1,EXECUTE,published_after_gate_recheck,15.538853127509356,5.1914299838244915,0.0,63.17752813797535
readset,related_same,0,83,1,EXECUTE,published_after_gate_recheck,16.733954660594463,4.5460588298738,0.0,63.17752813797535
readset,related_same,0,84,1,EXECUTE,published_after_gate_recheck,14.600752852857113,4.118135664612055,0.0,63.17752813797535
readset,related_same,0,85,1,EXECUTE,published_after_gate_recheck,15.301086939871311,3.96909611299634,0.0,63.17752813797535
readset,related_same,0,86,1,EXECUTE,published_after_gate_recheck,16.59130770713091,4.674320109188557,0.0,63.17752813797535
readset,related_same,0,87,1,EXECUTE,published_after_gate_recheck,15.585210174322128,4.473433364182711,0.0,63.17752813797535
readset,related_same,0,88,1,EXECUTE,published_after_gate_recheck,17.933065071702003,4.554274957627058,0.0,63.17752813797535
readset,related_same,0,89,1,EXECUTE,published_after_gate_recheck,22.71084813401103,6.38138223439455,0.0,63.17752813797535
readset,related_same,0,90,1,EXECUTE,published_after_gate_recheck,15.743326861411333,4.50179586187005,0.0,63.17752813797535
readset,related_same,0,91,1,EXECUTE,published_after_gate_recheck,15.321996062994003,4.316237755119801,0.0,63.17752813797535
readset,related_same,0,92,1,EXECUTE,published_after_gate_recheck,17.944726161658764,4.224876407533884,0.0,63.17752813797535
readset,related_same,0,93,1,EXECUTE,published_after_gate_recheck,18.90534907579422,3.9413440972566605,0.0,63.17752813797535
readset,related_same,0,94,1,EXECUTE,published_after_gate_recheck,15.867288690060377,4.183579236268997,0.0,63.17752813797535
readset,related_same,0,95,1,EXECUTE,published_after_gate_recheck,15.554632991552353,4.340342711657286,0.0,63.17752813797535
readset,related_same,0,96,1,EXECUTE,published_after_gate_recheck,16.06452977284789,4.256315995007753,0.0,63.17752813797535
readset,related_same,0,97,1,EXECUTE,published_after_gate_recheck,15.519676730036736,4.5069861225783825,0.0,63.17752813797535
readset,related_same,0,98,1,EXECUTE,published_after_gate_recheck,18.075822852551937,4.016014747321606,0.0,63.17752813797535
readset,related_same,0,99,1,EXECUTE,published_after_gate_recheck,16.20347984135151,4.285320173949003,0.0,63.17752813797535
global,unrelated,20,0,1,EXECUTE,published_after_gate_recheck,20.413028076291084,4.957812372595072,20.173471251765516,57.60656855343355
global,unrelated,20,1,1,EXECUTE,published_after_gate_recheck,18.371147103607655,4.536862019449472,20.173471251765516,57.60656855343355
global,unrelated,20,2,1,EXECUTE,published_after_gate_recheck,15.908826608210802,4.114869982004166,20.173471251765516,57.60656855343355
global,unrelated,20,3,1,EXECUTE,published_after_gate_recheck,15.888698864728212,4.239104222506285,20.173471251765516,57.60656855343355
global,unrelated,20,4,1,EXECUTE,published_after_gate_recheck,15.07724728435278,4.478922579437494,20.173471251765516,57.60656855343355
global,unrelated,20,5,1,EXECUTE,published_after_gate_recheck,16.097932122647762,4.811928141862154,20.173471251765516,57.60656855343355
global,unrelated,20,6,1,EXECUTE,published_after_gate_recheck,16.09380403533578,4.46130009368062,20.173471251765516,57.60656855343355
global,unrelated,20,7,1,EXECUTE,published_after_gate_recheck,15.494439750909805,4.4457209296524525,20.173471251765516,57.60656855343355
global,unrelated,20,8,1,EXECUTE,published_after_gate_recheck,19.559386186301708,5.096652079373598,20.173471251765516,57.60656855343355
global,unrelated,20,9,1,EXECUTE,published_after_gate_recheck,16.79968787357211,3.9871297776699066,20.173471251765516,57.60656855343355
global,unrelated,20,10,1,EXECUTE,published_after_gate_recheck,15.283314045518637,4.0749250911176205,20.173471251765516,57.60656855343355
global,unrelated,20,11,1,EXECUTE,published_after_gate_recheck,14.340735040605068,3.6037908867001534,20.173471251765516,57.60656855343355
global,unrelated,20,12,1,EXECUTE,published_after_gate_recheck,16.196276992559433,4.3328688479959965,20.173471251765516,57.60656855343355
global,unrelated,20,13,1,EXECUTE,published_after_gate_recheck,15.518635045737028,4.047083202749491,20.173471251765516,57.60656855343355
global,unrelated,20,14,1,EXECUTE,published_after_gate_recheck,14.661847613751888,4.106434062123299,20.173471251765516,57.60656855343355
global,unrelated,20,15,1,EXECUTE,published_after_gate_recheck,20.018606912344694,4.2107501067221165,20.173471251765516,57.60656855343355
global,unrelated,20,16,1,EXECUTE,published_after_gate_recheck,13.967474922537804,3.9846962317824364,20.173471251765516,57.60656855343355
global,unrelated,20,17,1,EXECUTE,published_after_gate_recheck,14.191454742103815,4.268919117748737,20.173471251765516,57.60656855343355
global,unrelated,20,18,0,REVOKE,context_version_changed_at_publish,17.14435499161482,6.516456138342619,20.173471251765516,57.60656855343355
global,unrelated,20,19,1,EXECUTE,published_after_gate_recheck,15.21375309675932,4.204859025776386,20.173471251765516,57.60656855343355
global,unrelated,20,20,1,EXECUTE,published_after_gate_recheck,14.066771138459444,3.8244053721427917,20.173471251765516,57.60656855343355
global,unrelated,20,21,1,EXECUTE,published_after_gate_recheck,14.617435168474913,4.118847195059061,20.173471251765516,57.60656855343355
global,unrelated,20,22,1,EXECUTE,published_after_gate_recheck,14.267116785049438,3.859862219542265,20.173471251765516,57.60656855343355
global,unrelated,20,23,1,EXECUTE,published_after_gate_recheck,14.413842000067234,4.262738395482302,20.173471251765516,57.60656855343355
global,unrelated,20,24,1,EXECUTE,published_after_gate_recheck,14.180965255945921,4.123736638575792,20.173471251765516,57.60656855343355
global,unrelated,20,25,1,EXECUTE,published_after_gate_recheck,17.81202806159854,4.2852298356592655,20.173471251765516,57.60656855343355
global,unrelated,20,26,1,EXECUTE,published_after_gate_recheck,16.33299281820655,4.455518908798695,20.173471251765516,57.60656855343355
global,unrelated,20,27,1,EXECUTE,published_after_gate_recheck,14.936081599444151,4.31747967377305,20.173471251765516,57.60656855343355
global,unrelated,20,28,1,EXECUTE,published_after_gate_recheck,20.515460055321455,4.665343090891838,20.173471251765516,57.60656855343355
global,unrelated,20,29,1,EXECUTE,published_after_gate_recheck,16.036767046898603,4.3846056796610355,20.173471251765516,57.60656855343355
global,unrelated,20,30,1,EXECUTE,published_after_gate_recheck,17.316448036581278,4.930390045046806,20.173471251765516,57.60656855343355
global,unrelated,20,31,1,EXECUTE,published_after_gate_recheck,18.294363282620907,4.873673897236586,20.173471251765516,57.60656855343355
global,unrelated,20,32,1,EXECUTE,published_after_gate_recheck,16.48564962670207,4.469664767384529,20.173471251765516,57.60656855343355
global,unrelated,20,33,1,EXECUTE,published_after_gate_recheck,16.745165921747684,4.52650198712945,20.173471251765516,57.60656855343355
global,unrelated,20,34,1,EXECUTE,published_after_gate_recheck,16.181768849492073,4.09708684310317,20.173471251765516,57.60656855343355
global,unrelated,20,35,1,EXECUTE,published_after_gate_recheck,16.696345061063766,4.224125295877457,20.173471251765516,57.60656855343355
global,unrelated,20,36,1,EXECUTE,published_after_gate_recheck,14.641670044511557,4.249582998454571,20.173471251765516,57.60656855343355
global,unrelated,20,37,1,EXECUTE,published_after_gate_recheck,15.51323477178812,4.254993051290512,20.173471251765516,57.60656855343355
global,unrelated,20,38,1,EXECUTE,published_after_gate_recheck,14.645897783339024,4.544035065919161,20.173471251765516,57.60656855343355
global,unrelated,20,39,1,EXECUTE,published_after_gate_recheck,15.491134021431208,4.019700922071934,20.173471251765516,57.60656855343355
global,unrelated,20,40,1,EXECUTE,published_after_gate_recheck,24.562462233006954,7.414440158754587,20.173471251765516,57.60656855343355
global,unrelated,20,41,1,EXECUTE,published_after_gate_recheck,18.917993176728487,6.172990892082453,20.173471251765516,57.60656855343355
global,unrelated,20,42,1,EXECUTE,published_after_gate_recheck,15.65976906567812,4.23860177397728,20.173471251765516,57.60656855343355
global,unrelated,20,43,1,EXECUTE,published_after_gate_recheck,14.652570243924856,4.3764798901975155,20.173471251765516,57.60656855343355
global,unrelated,20,44,1,EXECUTE,published_after_gate_recheck,14.490426052361727,4.3441299349069595,20.173471251765516,57.60656855343355
global,unrelated,20,45,1,EXECUTE,published_after_gate_recheck,14.89450503140688,4.211582243442535,20.173471251765516,57.60656855343355
global,unrelated,20,46,1,EXECUTE,published_after_gate_recheck,15.409108716994524,4.157219082117081,20.173471251765516,57.60656855343355
global,unrelated,20,47,1,EXECUTE,published_after_gate_recheck,13.980599120259285,3.709389828145504,20.173471251765516,57.60656855343355
global,unrelated,20,48,1,EXECUTE,published_after_gate_recheck,15.049885958433151,4.1225142776966095,20.173471251765516,57.60656855343355
global,unrelated,20,49,1,EXECUTE,published_after_gate_recheck,17.865126952528954,4.0450189262628555,20.173471251765516,57.60656855343355
global,unrelated,20,50,1,EXECUTE,published_after_gate_recheck,15.070184133946896,4.48268000036478,20.173471251765516,57.60656855343355
global,unrelated,20,51,1,EXECUTE,published_after_gate_recheck,15.063541010022163,4.0396288968622684,20.173471251765516,57.60656855343355
global,unrelated,20,52,0,REVOKE,context_version_changed_at_publish,17.868684139102697,6.890607997775078,20.173471251765516,57.60656855343355
global,unrelated,20,53,1,EXECUTE,published_after_gate_recheck,15.184918884187937,4.415945149958134,20.173471251765516,57.60656855343355
global,unrelated,20,54,1,EXECUTE,published_after_gate_recheck,14.65628668665886,4.072820767760277,20.173471251765516,57.60656855343355
global,unrelated,20,55,0,REVOKE,context_version_changed_at_publish,19.308645743876696,8.512170054018497,20.173471251765516,57.60656855343355
global,unrelated,20,56,1,EXECUTE,published_after_gate_recheck,17.102225683629513,4.7224899753928185,20.173471251765516,57.60656855343355
global,unrelated,20,57,1,EXECUTE,published_after_gate_recheck,15.844346024096012,4.578781314194202,20.173471251765516,57.60656855343355
global,unrelated,20,58,0,REVOKE,context_version_changed_at_publish,17.651335801929235,6.23756181448698,20.173471251765516,57.60656855343355
global,unrelated,20,59,1,EXECUTE,published_after_gate_recheck,15.8199411816895,4.220709204673767,20.173471251765516,57.60656855343355
global,unrelated,20,60,1,EXECUTE,published_after_gate_recheck,15.002256724983454,3.775903955101967,20.173471251765516,57.60656855343355
global,unrelated,20,61,0,REVOKE,context_version_changed_at_publish,15.556225087493658,4.844358656555414,20.173471251765516,57.60656855343355
global,unrelated,20,62,1,EXECUTE,published_after_gate_recheck,14.679089188575745,4.187987186014652,20.173471251765516,57.60656855343355
global,unrelated,20,63,1,EXECUTE,published_after_gate_recheck,15.677844174206257,4.149565007537603,20.173471251765516,57.60656855343355
global,unrelated,20,64,1,EXECUTE,published_after_gate_recheck,14.668019022792578,4.034148994833231,20.173471251765516,57.60656855343355
global,unrelated,20,65,1,EXECUTE,published_after_gate_recheck,13.758882880210876,3.705673385411501,20.173471251765516,57.60656855343355
global,unrelated,20,66,1,EXECUTE,published_after_gate_recheck,14.547693077474833,4.140849225223064,20.173471251765516,57.60656855343355
global,unrelated,20,67,1,EXECUTE,published_after_gate_recheck,15.280058141797781,4.1346768848598,20.173471251765516,57.60656855343355
global,unrelated,20,68,1,EXECUTE,published_after_gate_recheck,18.43463582918048,4.263930022716522,20.173471251765516,57.60656855343355
global,unrelated,20,69,1,EXECUTE,published_after_gate_recheck,15.966875944286585,4.145877901464701,20.173471251765516,57.60656855343355
global,unrelated,20,70,1,EXECUTE,published_after_gate_recheck,15.059183351695538,4.4497777707874775,20.173471251765516,57.60656855343355
global,unrelated,20,71,1,EXECUTE,published_after_gate_recheck,19.498401321470737,4.4679418206214905,20.173471251765516,57.60656855343355
global,unrelated,20,72,1,EXECUTE,published_after_gate_recheck,17.642228864133358,4.82107512652874,20.173471251765516,57.60656855343355
global,unrelated,20,73,1,EXECUTE,published_after_gate_recheck,16.701795160770416,3.7467596121132374,20.173471251765516,57.60656855343355
global,unrelated,20,74,1,EXECUTE,published_after_gate_recheck,15.813628677278757,3.9672930724918842,20.173471251765516,57.60656855343355
global,unrelated,20,75,1,EXECUTE,published_after_gate_recheck,16.140832100063562,4.421584773808718,20.173471251765516,57.60656855343355
global,unrelated,20,76,1,EXECUTE,published_after_gate_recheck,15.487636905163527,4.615067970007658,20.173471251765516,57.60656855343355
global,unrelated,20,77,1,EXECUTE,published_after_gate_recheck,16.767617780715227,4.74913977086544,20.173471251765516,57.60656855343355
global,unrelated,20,78,1,EXECUTE,published_after_gate_recheck,14.737859833985567,4.239574074745178,20.173471251765516,57.60656855343355
global,unrelated,20,79,1,EXECUTE,published_after_gate_recheck,15.346101950854063,4.460447933524847,20.173471251765516,57.60656855343355
global,unrelated,20,80,1,EXECUTE,published_after_gate_recheck,20.495562348514795,3.8471673615276814,20.173471251765516,57.60656855343355
global,unrelated,20,81,1,EXECUTE,published_after_gate_recheck,15.811605378985405,4.260282963514328,20.173471251765516,57.60656855343355
global,unrelated,20,82,1,EXECUTE,published_after_gate_recheck,14.620920643210411,3.822572063654661,20.173471251765516,57.60656855343355
global,unrelated,20,83,0,REVOKE,context_version_changed_at_publish,17.90066435933113,6.619750056415796,20.173471251765516,57.60656855343355
global,unrelated,20,84,1,EXECUTE,published_after_gate_recheck,15.108164865523577,4.582517314702272,20.173471251765516,57.60656855343355
global,unrelated,20,85,1,EXECUTE,published_after_gate_recheck,14.52683424577117,4.330424126237631,20.173471251765516,57.60656855343355
global,unrelated,20,86,1,EXECUTE,published_after_gate_recheck,20.750812254846096,4.430281929671764,20.173471251765516,57.60656855343355
global,unrelated,20,87,1,EXECUTE,published_after_gate_recheck,14.886498916894197,4.1804928332567215,20.173471251765516,57.60656855343355
global,unrelated,20,88,1,EXECUTE,published_after_gate_recheck,15.40231704711914,4.314885009080172,20.173471251765516,57.60656855343355
global,unrelated,20,89,1,EXECUTE,published_after_gate_recheck,20.139404106885195,4.213826265186071,20.173471251765516,57.60656855343355
global,unrelated,20,90,1,EXECUTE,published_after_gate_recheck,14.973361976444721,4.471179097890854,20.173471251765516,57.60656855343355
global,unrelated,20,91,1,EXECUTE,published_after_gate_recheck,15.936197713017464,4.721196833997965,20.173471251765516,57.60656855343355
global,unrelated,20,92,1,EXECUTE,published_after_gate_recheck,18.967656418681145,3.7684100680053234,20.173471251765516,57.60656855343355
global,unrelated,20,93,1,EXECUTE,published_after_gate_recheck,14.384848065674305,4.052923060953617,20.173471251765516,57.60656855343355
global,unrelated,20,94,1,EXECUTE,published_after_gate_recheck,15.88296890258789,4.4034318998456,20.173471251765516,57.60656855343355
global,unrelated,20,95,1,EXECUTE,published_after_gate_recheck,19.283527974039316,4.273186903446913,20.173471251765516,57.60656855343355
global,unrelated,20,96,1,EXECUTE,published_after_gate_recheck,15.703623183071613,4.385497886687517,20.173471251765516,57.60656855343355
global,unrelated,20,97,1,EXECUTE,published_after_gate_recheck,15.355879906564951,3.9890743792057037,20.173471251765516,57.60656855343355
global,unrelated,20,98,1,EXECUTE,published_after_gate_recheck,17.61227287352085,4.213314037770033,20.173471251765516,57.60656855343355
global,unrelated,20,99,1,EXECUTE,published_after_gate_recheck,14.593229163438082,3.911247942596674,20.173471251765516,57.60656855343355
readset,unrelated,20,0,1,EXECUTE,published_after_gate_recheck,18.869200721383095,4.803181160241365,20.243107327951698,63.434876615101736
readset,unrelated,20,1,1,EXECUTE,published_after_gate_recheck,15.488727949559689,4.444177728146315,20.243107327951698,63.434876615101736
readset,unrelated,20,2,1,EXECUTE,published_after_gate_recheck,14.615972060710192,4.037474747747183,20.243107327951698,63.434876615101736
readset,unrelated,20,3,1,EXECUTE,published_after_gate_recheck,18.672291189432144,4.407268948853016,20.243107327951698,63.434876615101736
readset,unrelated,20,4,1,EXECUTE,published_after_gate_recheck,14.706922229379416,3.855702932924032,20.243107327951698,63.434876615101736
readset,unrelated,20,5,1,EXECUTE,published_after_gate_recheck,15.430659987032413,4.1244979947805405,20.243107327951698,63.434876615101736
readset,unrelated,20,6,1,EXECUTE,published_after_gate_recheck,20.750429946929216,4.165954887866974,20.243107327951698,63.434876615101736
readset,unrelated,20,7,1,EXECUTE,published_after_gate_recheck,16.45561307668686,4.271453712135553,20.243107327951698,63.434876615101736
readset,unrelated,20,8,1,EXECUTE,published_after_gate_recheck,15.968549065291882,4.262336064130068,20.243107327951698,63.434876615101736
readset,unrelated,20,9,1,EXECUTE,published_after_gate_recheck,16.148666851222515,4.135668743401766,20.243107327951698,63.434876615101736
readset,unrelated,20,10,1,EXECUTE,published_after_gate_recheck,15.554442070424557,4.582877736538649,20.243107327951698,63.434876615101736
readset,unrelated,20,11,1,EXECUTE,published_after_gate_recheck,14.402531087398529,3.4467861987650394,20.243107327951698,63.434876615101736
readset,unrelated,20,12,1,EXECUTE,published_after_gate_recheck,19.261386711150408,4.0107849054038525,20.243107327951698,63.434876615101736
readset,unrelated,20,13,1,EXECUTE,published_after_gate_recheck,13.201227877289057,3.660647664219141,20.243107327951698,63.434876615101736
readset,unrelated,20,14,1,EXECUTE,published_after_gate_recheck,15.72689600288868,4.10377886146307,20.243107327951698,63.434876615101736
readset,unrelated,20,15,1,EXECUTE,published_after_gate_recheck,17.706209793686867,6.513921078294516,20.243107327951698,63.434876615101736
readset,unrelated,20,16,1,EXECUTE,published_after_gate_recheck,13.680336065590382,3.9105270989239216,20.243107327951698,63.434876615101736
readset,unrelated,20,17,1,EXECUTE,published_after_gate_recheck,14.849400147795677,4.350241739302874,20.243107327951698,63.434876615101736
readset,unrelated,20,18,1,EXECUTE,published_after_gate_recheck,14.114912133663893,4.5111640356481075,20.243107327951698,63.434876615101736
readset,unrelated,20,19,1,EXECUTE,published_after_gate_recheck,14.685111120343208,4.285159055143595,20.243107327951698,63.434876615101736
readset,unrelated,20,20,1,EXECUTE,published_after_gate_recheck,15.778684057295322,4.257287830114365,20.243107327951698,63.434876615101736
readset,unrelated,20,21,1,EXECUTE,published_after_gate_recheck,15.424218028783798,4.544446244835854,20.243107327951698,63.434876615101736
readset,unrelated,20,22,1,EXECUTE,published_after_gate_recheck,14.83887992799282,3.8564950227737427,20.243107327951698,63.434876615101736
readset,unrelated,20,23,1,EXECUTE,published_after_gate_recheck,13.576590921729803,3.7530609406530857,20.243107327951698,63.434876615101736
readset,unrelated,20,24,1,EXECUTE,published_after_gate_recheck,14.903221279382706,4.29128110408783,20.243107327951698,63.434876615101736
readset,unrelated,20,25,1,EXECUTE,published_after_gate_recheck,16.898503992706537,5.89753407984972,20.243107327951698,63.434876615101736
readset,unrelated,20,26,1,EXECUTE,published_after_gate_recheck,15.313048847019672,3.9558210410177708,20.243107327951698,63.434876615101736
readset,unrelated,20,27,1,EXECUTE,published_after_gate_recheck,15.559311024844646,4.115040879696608,20.243107327951698,63.434876615101736
readset,unrelated,20,28,1,EXECUTE,published_after_gate_recheck,18.863270059227943,8.058219216763973,20.243107327951698,63.434876615101736
readset,unrelated,20,29,1,EXECUTE,published_after_gate_recheck,14.59199609234929,4.32066572830081,20.243107327951698,63.434876615101736
readset,unrelated,20,30,1,EXECUTE,published_after_gate_recheck,13.989435974508524,3.8724150508642197,20.243107327951698,63.434876615101736
readset,unrelated,20,31,1,EXECUTE,published_after_gate_recheck,14.273298904299736,4.406245891004801,20.243107327951698,63.434876615101736
readset,unrelated,20,32,1,EXECUTE,published_after_gate_recheck,15.433935914188623,4.338488914072514,20.243107327951698,63.434876615101736
readset,unrelated,20,33,1,EXECUTE,published_after_gate_recheck,14.49463376775384,4.1634212248027325,20.243107327951698,63.434876615101736
readset,unrelated,20,34,1,EXECUTE,published_after_gate_recheck,15.997583977878094,4.2855096980929375,20.243107327951698,63.434876615101736
readset,unrelated,20,35,1,EXECUTE,published_after_gate_recheck,15.711246989667416,4.216089844703674,20.243107327951698,63.434876615101736
readset,unrelated,20,36,1,EXECUTE,published_after_gate_recheck,14.737078920006752,4.263188224285841,20.243107327951698,63.434876615101736
readset,unrelated,20,37,1,EXECUTE,published_after_gate_recheck,14.530309941619635,4.026603884994984,20.243107327951698,63.434876615101736
readset,unrelated,20,38,1,EXECUTE,published_after_gate_recheck,20.41261689737439,4.15292102843523,20.243107327951698,63.434876615101736
readset,unrelated,20,39,1,EXECUTE,published_after_gate_recheck,16.12314907833934,4.552531987428665,20.243107327951698,63.434876615101736
readset,unrelated,20,40,1,EXECUTE,published_after_gate_recheck,15.866416972130537,4.546360112726688,20.243107327951698,63.434876615101736
readset,unrelated,20,41,1,EXECUTE,published_after_gate_recheck,16.79780473932624,4.015704151242971,20.243107327951698,63.434876615101736
readset,unrelated,20,42,1,EXECUTE,published_after_gate_recheck,14.130130875855684,3.7018251605331898,20.243107327951698,63.434876615101736
readset,unrelated,20,43,1,EXECUTE,published_after_gate_recheck,14.67610476538539,4.312952049076557,20.243107327951698,63.434876615101736
readset,unrelated,20,44,1,EXECUTE,published_after_gate_recheck,18.468970898538828,7.6027242466807365,20.243107327951698,63.434876615101736
readset,unrelated,20,45,1,EXECUTE,published_after_gate_recheck,14.70848498865962,4.2679267935454845,20.243107327951698,63.434876615101736
readset,unrelated,20,46,1,EXECUTE,published_after_gate_recheck,16.114844009280205,4.572979640215635,20.243107327951698,63.434876615101736
readset,unrelated,20,47,1,EXECUTE,published_after_gate_recheck,18.905339296907187,8.150049950927496,20.243107327951698,63.434876615101736
readset,unrelated,20,48,1,EXECUTE,published_after_gate_recheck,13.635903131216764,3.829624969512224,20.243107327951698,63.434876615101736
readset,unrelated,20,49,1,EXECUTE,published_after_gate_recheck,14.642891939729452,4.415784031152725,20.243107327951698,63.434876615101736
readset,unrelated,20,50,1,EXECUTE,published_after_gate_recheck,14.272215776145458,3.9796866476535797,20.243107327951698,63.434876615101736
readset,unrelated,20,51,1,EXECUTE,published_after_gate_recheck,14.847395941615105,4.269250202924013,20.243107327951698,63.434876615101736
readset,unrelated,20,52,1,EXECUTE,published_after_gate_recheck,15.013117343187332,4.235356114804745,20.243107327951698,63.434876615101736
readset,unrelated,20,53,1,EXECUTE,published_after_gate_recheck,14.870509039610624,4.139356315135956,20.243107327951698,63.434876615101736
readset,unrelated,20,54,1,EXECUTE,published_after_gate_recheck,15.698582865297794,4.464767407625914,20.243107327951698,63.434876615101736
readset,unrelated,20,55,1,EXECUTE,published_after_gate_recheck,14.373826794326305,3.95868718624115,20.243107327951698,63.434876615101736
readset,unrelated,20,56,1,EXECUTE,published_after_gate_recheck,16.757830046117306,5.1823328249156475,20.243107327951698,63.434876615101736
readset,unrelated,20,57,1,EXECUTE,published_after_gate_recheck,19.308965653181076,4.5549762435257435,20.243107327951698,63.434876615101736
readset,unrelated,20,58,1,EXECUTE,published_after_gate_recheck,16.386383213102818,4.57743788138032,20.243107327951698,63.434876615101736
readset,unrelated,20,59,1,EXECUTE,published_after_gate_recheck,14.492370188236237,3.956293221563101,20.243107327951698,63.434876615101736
readset,unrelated,20,60,1,EXECUTE,published_after_gate_recheck,20.827094092965126,4.769948776811361,20.243107327951698,63.434876615101736
readset,unrelated,20,61,1,EXECUTE,published_after_gate_recheck,15.305986162275076,4.093319643288851,20.243107327951698,63.434876615101736
readset,unrelated,20,62,1,EXECUTE,published_after_gate_recheck,20.567587111145258,4.533795639872551,20.243107327951698,63.434876615101736
readset,unrelated,20,63,1,EXECUTE,published_after_gate_recheck,16.05075318366289,4.749089945107698,20.243107327951698,63.434876615101736
readset,unrelated,20,64,1,EXECUTE,published_after_gate_recheck,14.918338973075151,4.263618960976601,20.243107327951698,63.434876615101736
readset,unrelated,20,65,1,EXECUTE,published_after_gate_recheck,14.24549613147974,4.144886042922735,20.243107327951698,63.434876615101736
readset,unrelated,20,66,1,EXECUTE,published_after_gate_recheck,16.704389825463295,4.731337074190378,20.243107327951698,63.434876615101736
readset,unrelated,20,67,1,EXECUTE,published_after_gate_recheck,15.677724033594131,4.0488759987056255,20.243107327951698,63.434876615101736
readset,unrelated,20,68,1,EXECUTE,published_after_gate_recheck,14.906798023730516,3.9947149343788624,20.243107327951698,63.434876615101736
readset,unrelated,20,69,1,EXECUTE,published_after_gate_recheck,18.68402399122715,4.667226225137711,20.243107327951698,63.434876615101736
readset,unrelated,20,70,1,EXECUTE,published_after_gate_recheck,14.73118830472231,4.190391860902309,20.243107327951698,63.434876615101736
readset,unrelated,20,71,1,EXECUTE,published_after_gate_recheck,14.337488915771246,4.263498820364475,20.243107327951698,63.434876615101736
readset,unrelated,20,72,1,EXECUTE,published_after_gate_recheck,16.48588990792632,6.445182021707296,20.243107327951698,63.434876615101736
readset,unrelated,20,73,1,EXECUTE,published_after_gate_recheck,14.368196949362755,3.8193860091269016,20.243107327951698,63.434876615101736
readset,unrelated,20,74,1,EXECUTE,published_after_gate_recheck,14.77775489911437,4.126722924411297,20.243107327951698,63.434876615101736
readset,unrelated,20,75,1,EXECUTE,published_after_gate_recheck,20.044356118887663,9.763708338141441,20.243107327951698,63.434876615101736
readset,unrelated,20,76,1,EXECUTE,published_after_gate_recheck,14.785279985517263,4.175554029643536,20.243107327951698,63.434876615101736
readset,unrelated,20,77,1,EXECUTE,published_after_gate_recheck,14.710137620568275,4.711769986897707,20.243107327951698,63.434876615101736
readset,unrelated,20,78,1,EXECUTE,published_after_gate_recheck,15.089429914951324,4.607954993844032,20.243107327951698,63.434876615101736
readset,unrelated,20,79,1,EXECUTE,published_after_gate_recheck,14.580063987523317,4.3607912957668304,20.243107327951698,63.434876615101736
readset,unrelated,20,80,1,EXECUTE,published_after_gate_recheck,13.88487871736288,4.226509016007185,20.243107327951698,63.434876615101736
readset,unrelated,20,81,1,EXECUTE,published_after_gate_recheck,14.374358113855124,4.173851106315851,20.243107327951698,63.434876615101736
readset,unrelated,20,82,1,EXECUTE,published_after_gate_recheck,14.514461159706116,4.294436890631914,20.243107327951698,63.434876615101736
readset,unrelated,20,83,1,EXECUTE,published_after_gate_recheck,14.872472267597914,4.194980952888727,20.243107327951698,63.434876615101736
readset,unrelated,20,84,1,EXECUTE,published_after_gate_recheck,14.677726663649082,4.441874101758003,20.243107327951698,63.434876615101736
readset,unrelated,20,85,1,EXECUTE,published_after_gate_recheck,18.617338966578245,8.237464353442192,20.243107327951698,63.434876615101736
readset,unrelated,20,86,1,EXECUTE,published_after_gate_recheck,15.426913276314735,3.9611123502254486,20.243107327951698,63.434876615101736
readset,unrelated,20,87,1,EXECUTE,published_after_gate_recheck,14.004575088620186,3.8873031735420227,20.243107327951698,63.434876615101736
readset,unrelated,20,88,1,EXECUTE,published_after_gate_recheck,18.789762165397406,8.425396867096424,20.243107327951698,63.434876615101736
readset,unrelated,20,89,1,EXECUTE,published_after_gate_recheck,14.36114264652133,4.002187866717577,20.243107327951698,63.434876615101736
readset,unrelated,20,90,1,EXECUTE,published_after_gate_recheck,14.27656365558505,4.152039065957069,20.243107327951698,63.434876615101736
readset,unrelated,20,91,1,EXECUTE,published_after_gate_recheck,14.990944880992174,4.560846369713545,20.243107327951698,63.434876615101736
readset,unrelated,20,92,1,EXECUTE,published_after_gate_recheck,14.981877990067005,4.029790870845318,20.243107327951698,63.434876615101736
readset,unrelated,20,93,1,EXECUTE,published_after_gate_recheck,13.60516482964158,3.6359219811856747,20.243107327951698,63.434876615101736
readset,unrelated,20,94,1,EXECUTE,published_after_gate_recheck,15.258737374097109,3.9706393145024776,20.243107327951698,63.434876615101736
readset,unrelated,20,95,1,EXECUTE,published_after_gate_recheck,17.515171319246292,4.052072297781706,20.243107327951698,63.434876615101736
readset,unrelated,20,96,1,EXECUTE,published_after_gate_recheck,14.50681732967496,4.297873936593533,20.243107327951698,63.434876615101736
readset,unrelated,20,97,1,EXECUTE,published_after_gate_recheck,14.152693096548319,4.079553764313459,20.243107327951698,63.434876615101736
readset,unrelated,20,98,1,EXECUTE,published_after_gate_recheck,15.923584811389446,5.356159061193466,20.243107327951698,63.434876615101736
readset,unrelated,20,99,1,EXECUTE,published_after_gate_recheck,13.821600936353207,3.5865791141986847,20.243107327951698,63.434876615101736
global,related_same,20,0,1,EXECUTE,published_after_gate_recheck,16.871863044798374,4.5037297531962395,20.024597772236355,52.61160819701887
global,related_same,20,1,1,EXECUTE,published_after_gate_recheck,14.25089593976736,4.242700058966875,20.024597772236355,52.61160819701887
global,related_same,20,2,1,EXECUTE,published_after_gate_recheck,13.76060675829649,3.996999002993107,20.024597772236355,52.61160819701887
global,related_same,20,3,0,REVOKE,context_version_changed_at_publish,16.882163006812334,7.1432520635426044,20.024597772236355,52.61160819701887
global,related_same,20,4,1,EXECUTE,published_after_gate_recheck,13.630763161927462,4.061530344188213,20.024597772236355,52.61160819701887
global,related_same,20,5,1,EXECUTE,published_after_gate_recheck,14.133587013930082,4.129898734390736,20.024597772236355,52.61160819701887
global,related_same,20,6,1,EXECUTE,published_after_gate_recheck,14.21052124351263,3.881612326949835,20.024597772236355,52.61160819701887
global,related_same,20,7,1,EXECUTE,published_after_gate_recheck,14.165467116981745,3.835605923086405,20.024597772236355,52.61160819701887
global,related_same,20,8,1,EXECUTE,published_after_gate_recheck,14.088582247495651,4.038545768707991,20.024597772236355,52.61160819701887
global,related_same,20,9,1,EXECUTE,published_after_gate_recheck,13.747532851994038,3.611976746469736,20.024597772236355,52.61160819701887
global,related_same,20,10,0,REVOKE,context_version_changed_at_publish,16.69061416760087,6.530772894620895,20.024597772236355,52.61160819701887
global,related_same,20,11,1,EXECUTE,published_after_gate_recheck,14.297042973339558,4.257427994161844,20.024597772236355,52.61160819701887
global,related_same,20,12,1,EXECUTE,published_after_gate_recheck,14.70122067257762,4.480366129428148,20.024597772236355,52.61160819701887
global,related_same,20,13,1,EXECUTE,published_after_gate_recheck,14.03586333617568,3.9932718500494957,20.024597772236355,52.61160819701887
global,related_same,20,14,1,EXECUTE,published_after_gate_recheck,14.740275219082832,4.029400181025267,20.024597772236355,52.61160819701887
global,related_same,20,15,1,EXECUTE,published_after_gate_recheck,13.927349355071783,3.84726794436574,20.024597772236355,52.61160819701887
global,related_same,20,16,1,EXECUTE,published_after_gate_recheck,17.21473690122366,3.6647156812250614,20.024597772236355,52.61160819701887
global,related_same,20,17,1,EXECUTE,published_after_gate_recheck,15.414699912071228,4.305386915802956,20.024597772236355,52.61160819701887
global,related_same,20,18,1,EXECUTE,published_after_gate_recheck,18.63289810717106,4.303364083170891,20.024597772236355,52.61160819701887
global,related_same,20,19,1,EXECUTE,published_after_gate_recheck,16.981981229037046,4.919329192489386,20.024597772236355,52.61160819701887
global,related_same,20,20,1,EXECUTE,published_after_gate_recheck,17.226669937372208,6.123990286141634,20.024597772236355,52.61160819701887
global,related_same,20,21,1,EXECUTE,published_after_gate_recheck,15.536248218268156,4.183067940175533,20.024597772236355,52.61160819701887
global,related_same,20,22,1,EXECUTE,published_after_gate_recheck,15.777732245624065,4.5767067931592464,20.024597772236355,52.61160819701887
global,related_same,20,23,1,EXECUTE,published_after_gate_recheck,17.613614909350872,4.597866907715797,20.024597772236355,52.61160819701887
global,related_same,20,24,1,EXECUTE,published_after_gate_recheck,16.19254006072879,4.562721122056246,20.024597772236355,52.61160819701887
global,related_same,20,25,1,EXECUTE,published_after_gate_recheck,15.349137131124735,4.461320117115974,20.024597772236355,52.61160819701887
global,related_same,20,26,1,EXECUTE,published_after_gate_recheck,15.697850845754147,3.7943492643535137,20.024597772236355,52.61160819701887
global,related_same,20,27,1,EXECUTE,published_after_gate_recheck,15.107634011656046,4.0492769330739975,20.024597772236355,52.61160819701887
global,related_same,20,28,1,EXECUTE,published_after_gate_recheck,15.953761991113424,4.0650758892297745,20.024597772236355,52.61160819701887
global,related_same,20,29,1,EXECUTE,published_after_gate_recheck,18.854693975299597,4.224054981023073,20.024597772236355,52.61160819701887
global,related_same,20,30,1,EXECUTE,published_after_gate_recheck,14.442044775933027,4.278957843780518,20.024597772236355,52.61160819701887
global,related_same,20,31,1,EXECUTE,published_after_gate_recheck,14.82295012101531,4.465246573090553,20.024597772236355,52.61160819701887
global,related_same,20,32,0,REVOKE,context_version_changed_at_publish,16.541944816708565,6.186707876622677,20.024597772236355,52.61160819701887
global,related_same,20,33,1,EXECUTE,published_after_gate_recheck,14.779317658394575,4.316709004342556,20.024597772236355,52.61160819701887
global,related_same,20,34,1,EXECUTE,published_after_gate_recheck,14.955359045416117,4.280601162463427,20.024597772236355,52.61160819701887
global,related_same,20,35,0,REVOKE,context_version_changed_at_publish,21.966102067381144,10.319350752979517,20.024597772236355,52.61160819701887
global,related_same,20,36,1,EXECUTE,published_after_gate_recheck,15.131980180740356,4.091958049684763,20.024597772236355,52.61160819701887
global,related_same,20,37,1,EXECUTE,published_after_gate_recheck,14.18400090187788,3.926467150449753,20.024597772236355,52.61160819701887
global,related_same,20,38,0,REVOKE,context_version_changed_at_publish,17.509379889816046,6.391300819814205,20.024597772236355,52.61160819701887
global,related_same,20,39,1,EXECUTE,published_after_gate_recheck,14.571196865290403,3.753622993826866,20.024597772236355,52.61160819701887
global,related_same,20,40,1,EXECUTE,published_after_gate_recheck,14.308604877442122,4.204317927360535,20.024597772236355,52.61160819701887
global,related_same,20,41,1,EXECUTE,published_after_gate_recheck,13.99610796943307,3.6752349697053432,20.024597772236355,52.61160819701887
global,related_same,20,42,1,EXECUTE,published_after_gate_recheck,16.34189998731017,4.924047738313675,20.024597772236355,52.61160819701887
global,related_same,20,43,1,EXECUTE,published_after_gate_recheck,14.76780604571104,4.017747938632965,20.024597772236355,52.61160819701887
global,related_same,20,44,1,EXECUTE,published_after_gate_recheck,14.343451242893934,3.9059482514858246,20.024597772236355,52.61160819701887
global,related_same,20,45,1,EXECUTE,published_after_gate_recheck,16.208860091865063,3.9517441764473915,20.024597772236355,52.61160819701887
global,related_same,20,46,1,EXECUTE,published_after_gate_recheck,14.76947870105505,3.8407258689403534,20.024597772236355,52.61160819701887
global,related_same,20,47,1,EXECUTE,published_after_gate_recheck,14.875879045575857,4.484011791646481,20.024597772236355,52.61160819701887
global,related_same,20,48,0,REVOKE,context_version_changed_at_publish,16.826117876917124,6.346235983073711,20.024597772236355,52.61160819701887
global,related_same,20,49,1,EXECUTE,published_after_gate_recheck,14.252149034291506,4.05521783977747,20.024597772236355,52.61160819701887
global,related_same,20,50,1,EXECUTE,published_after_gate_recheck,14.527906198054552,4.1527519933879375,20.024597772236355,52.61160819701887
global,related_same,20,51,1,EXECUTE,published_after_gate_recheck,15.00229723751545,4.5546251349151134,20.024597772236355,52.61160819701887
global,related_same,20,52,1,EXECUTE,published_after_gate_recheck,16.10044715926051,3.9894147776067257,20.024597772236355,52.61160819701887
global,related_same,20,53,1,EXECUTE,published_after_gate_recheck,15.735311899334192,4.265592899173498,20.024597772236355,52.61160819701887
global,related_same,20,54,1,EXECUTE,published_after_gate_recheck,14.665053226053715,4.201722797006369,20.024597772236355,52.61160819701887
global,related_same,20,55,1,EXECUTE,published_after_gate_recheck,16.554849222302437,4.451280925422907,20.024597772236355,52.61160819701887
global,related_same,20,56,1,EXECUTE,published_after_gate_recheck,14.626150019466877,3.9529171772301197,20.024597772236355,52.61160819701887
global,related_same,20,57,1,EXECUTE,published_after_gate_recheck,15.51491767168045,4.413539543747902,20.024597772236355,52.61160819701887
global,related_same,20,58,1,EXECUTE,published_after_gate_recheck,15.6065602786839,4.120880737900734,20.024597772236355,52.61160819701887
global,related_same,20,59,1,EXECUTE,published_after_gate_recheck,14.62228363379836,4.01104474440217,20.024597772236355,52.61160819701887
global,related_same,20,60,1,EXECUTE,published_after_gate_recheck,14.74336115643382,3.96898714825511,20.024597772236355,52.61160819701887
global,related_same,20,61,0,REVOKE,context_version_changed_at_publish,17.110651824623346,6.803554017096758,20.024597772236355,52.61160819701887
global,related_same,20,62,1,EXECUTE,published_after_gate_recheck,15.026892069727182,4.520570859313011,20.024597772236355,52.61160819701887
global,related_same,20,63,1,EXECUTE,published_after_gate_recheck,14.182738959789276,3.9919191040098667,20.024597772236355,52.61160819701887
global,related_same,20,64,0,REVOKE,context_version_changed_at_publish,18.37397227063775,8.627776987850666,20.024597772236355,52.61160819701887
global,related_same,20,65,1,EXECUTE,published_after_gate_recheck,15.73985069990158,4.5728301629424095,20.024597772236355,52.61160819701887
global,related_same,20,66,1,EXECUTE,published_after_gate_recheck,15.91291418299079,3.955080173909664,20.024597772236355,52.61160819701887
global,related_same,20,67,0,REVOKE,context_version_changed_at_publish,19.56870360299945,8.077745325863361,20.024597772236355,52.61160819701887
global,related_same,20,68,1,EXECUTE,published_after_gate_recheck,15.287832356989384,4.212462808936834,20.024597772236355,52.61160819701887
global,related_same,20,69,1,EXECUTE,published_after_gate_recheck,16.34106831625104,4.336356185376644,20.024597772236355,52.61160819701887
global,related_same,20,70,0,REVOKE,context_version_changed_at_publish,18.161152955144644,6.814524997025728,20.024597772236355,52.61160819701887
global,related_same,20,71,1,EXECUTE,published_after_gate_recheck,15.086404047906399,4.103838931769133,20.024597772236355,52.61160819701887
global,related_same,20,72,1,EXECUTE,published_after_gate_recheck,14.963764231652021,4.310096148401499,20.024597772236355,52.61160819701887
global,related_same,20,73,0,REVOKE,context_version_changed_at_publish,19.36847809702158,8.103934116661549,20.024597772236355,52.61160819701887
global,related_same,20,74,1,EXECUTE,published_after_gate_recheck,14.79413639754057,4.01960127055645,20.024597772236355,52.61160819701887
global,related_same,20,75,1,EXECUTE,published_after_gate_recheck,15.018175821751356,4.397079814225435,20.024597772236355,52.61160819701887
global,related_same,20,76,0,REVOKE,context_version_changed_at_publish,19.87050985917449,8.518061134964228,20.024597772236355,52.61160819701887
global,related_same,20,77,1,EXECUTE,published_after_gate_recheck,14.666836708784103,4.036182072013617,20.024597772236355,52.61160819701887
global,related_same,20,78,1,EXECUTE,published_after_gate_recheck,15.83251403644681,4.433728288859129,20.024597772236355,52.61160819701887
global,related_same,20,79,0,REVOKE,context_version_changed_at_publish,21.924542728811502,11.033931281417608,20.024597772236355,52.61160819701887
global,related_same,20,80,1,EXECUTE,published_after_gate_recheck,18.412084318697453,4.219536203891039,20.024597772236355,52.61160819701887
global,related_same,20,81,1,EXECUTE,published_after_gate_recheck,16.227013897150755,4.055188037455082,20.024597772236355,52.61160819701887
global,related_same,20,82,1,EXECUTE,published_after_gate_recheck,17.454457003623247,4.276063293218613,20.024597772236355,52.61160819701887
global,related_same,20,83,1,EXECUTE,published_after_gate_recheck,15.735401771962643,4.212382715195417,20.024597772236355,52.61160819701887
global,related_same,20,84,1,EXECUTE,published_after_gate_recheck,14.54742206260562,3.9666020311415195,20.024597772236355,52.61160819701887
global,related_same,20,85,1,EXECUTE,published_after_gate_recheck,20.414981059730053,4.615009296685457,20.024597772236355,52.61160819701887
global,related_same,20,86,1,EXECUTE,published_after_gate_recheck,14.40262096002698,4.10377886146307,20.024597772236355,52.61160819701887
global,related_same,20,87,1,EXECUTE,published_after_gate_recheck,15.173646621406078,4.370761103928089,20.024597772236355,52.61160819701887
global,related_same,20,88,1,EXECUTE,published_after_gate_recheck,19.034121185541153,4.100985359400511,20.024597772236355,52.61160819701887
global,related_same,20,89,1,EXECUTE,published_after_gate_recheck,15.452891122549772,4.472631029784679,20.024597772236355,52.61160819701887
global,related_same,20,90,1,EXECUTE,published_after_gate_recheck,14.48933407664299,4.15237108245492,20.024597772236355,52.61160819701887
global,related_same,20,91,0,REVOKE,context_version_changed_at_publish,16.154056880623102,5.692460108548403,20.024597772236355,52.61160819701887
global,related_same,20,92,1,EXECUTE,published_after_gate_recheck,16.048208810389042,4.942713305354118,20.024597772236355,52.61160819701887
global,related_same,20,93,1,EXECUTE,published_after_gate_recheck,17.19423895701766,5.955222994089127,20.024597772236355,52.61160819701887
global,related_same,20,94,0,REVOKE,context_version_changed_at_publish,17.26437034085393,5.4241870529949665,20.024597772236355,52.61160819701887
global,related_same,20,95,1,EXECUTE,published_after_gate_recheck,13.534361962229013,3.7082270719110966,20.024597772236355,52.61160819701887
global,related_same,20,96,1,EXECUTE,published_after_gate_recheck,15.914166811853647,4.724783822894096,20.024597772236355,52.61160819701887
global,related_same,20,97,0,REVOKE,context_version_changed_at_publish,19.64242197573185,8.49154219031334,20.024597772236355,52.61160819701887
global,related_same,20,98,1,EXECUTE,published_after_gate_recheck,17.220719251781702,5.713679827749729,20.024597772236355,52.61160819701887
global,related_same,20,99,1,EXECUTE,published_after_gate_recheck,15.14568505808711,3.9981012232601643,20.024597772236355,52.61160819701887
readset,related_same,20,0,1,EXECUTE,published_after_gate_recheck,18.809388857334852,4.165185149759054,20.16331421377278,61.23365551118321
readset,related_same,20,1,1,EXECUTE,published_after_gate_recheck,15.943732112646103,4.047604277729988,20.16331421377278,61.23365551118321
readset,related_same,20,2,1,EXECUTE,published_after_gate_recheck,15.19843377172947,3.92846018075943,20.16331421377278,61.23365551118321
readset,related_same,20,3,1,EXECUTE,published_after_gate_recheck,17.81863020732999,4.238602239638567,20.16331421377278,61.23365551118321
readset,related_same,20,4,1,EXECUTE,published_after_gate_recheck,15.815041027963161,4.1740210726857185,20.16331421377278,61.23365551118321
readset,related_same,20,5,1,EXECUTE,published_after_gate_recheck,15.071857254952192,3.7773866206407547,20.16331421377278,61.23365551118321
readset,related_same,20,6,1,EXECUTE,published_after_gate_recheck,17.48342113569379,4.045960959047079,20.16331421377278,61.23365551118321
readset,related_same,20,7,1,EXECUTE,published_after_gate_recheck,13.677560724318027,3.891180269420147,20.16331421377278,61.23365551118321
readset,related_same,20,8,1,EXECUTE,published_after_gate_recheck,14.089343138039112,3.964527975767851,20.16331421377278,61.23365551118321
readset,related_same,20,9,1,EXECUTE,published_after_gate_recheck,19.41398298367858,8.177050855010748,20.16331421377278,61.23365551118321
readset,related_same,20,10,1,EXECUTE,published_after_gate_recheck,15.29822126030922,4.038305953145027,20.16331421377278,61.23365551118321
readset,related_same,20,11,1,EXECUTE,published_after_gate_recheck,15.676271170377731,4.54596895724535,20.16331421377278,61.23365551118321
readset,related_same,20,12,1,EXECUTE,published_after_gate_recheck,15.789102762937546,5.639469716697931,20.16331421377278,61.23365551118321
readset,related_same,20,13,1,EXECUTE,published_after_gate_recheck,14.858095906674862,4.1196392849087715,20.16331421377278,61.23365551118321
readset,related_same,20,14,1,EXECUTE,published_after_gate_recheck,13.901841826736927,3.735027741640806,20.16331421377278,61.23365551118321
readset,related_same,20,15,1,EXECUTE,published_after_gate_recheck,14.900765847414732,4.154074005782604,20.16331421377278,61.23365551118321
readset,related_same,20,16,1,EXECUTE,published_after_gate_recheck,13.69789894670248,4.2573269456624985,20.16331421377278,61.23365551118321
readset,related_same,20,17,1,EXECUTE,published_after_gate_recheck,15.371378976851702,4.218635149300098,20.16331421377278,61.23365551118321
readset,related_same,20,18,1,EXECUTE,published_after_gate_recheck,16.89607882872224,4.00103721767664,20.16331421377278,61.23365551118321
readset,related_same,20,19,1,EXECUTE,published_after_gate_recheck,16.533679328858852,4.467962775379419,20.16331421377278,61.23365551118321
readset,related_same,20,20,1,EXECUTE,published_after_gate_recheck,16.45100489258766,4.9194288440048695,20.16331421377278,61.23365551118321
readset,related_same,20,21,1,EXECUTE,published_after_gate_recheck,19.348941277712584,5.602531135082245,20.16331421377278,61.23365551118321
readset,related_same,20,22,1,EXECUTE,published_after_gate_recheck,18.818245735019445,4.462552722543478,20.16331421377278,61.23365551118321
readset,related_same,20,23,1,EXECUTE,published_after_gate_recheck,15.316545963287354,4.242329392582178,20.16331421377278,61.23365551118321
readset,related_same,20,24,1,EXECUTE,published_after_gate_recheck,14.54014889895916,4.130139015614986,20.16331421377278,61.23365551118321
readset,related_same,20,25,1,EXECUTE,published_after_gate_recheck,14.612444676458836,4.068613052368164,20.16331421377278,61.23365551118321
readset,related_same,20,26,1,EXECUTE,published_after_gate_recheck,13.601247686892748,3.5993331111967564,20.16331421377278,61.23365551118321
readset,related_same,20,27,1,EXECUTE,published_after_gate_recheck,13.98825366050005,3.8354462012648582,20.16331421377278,61.23365551118321
readset,related_same,20,28,1,EXECUTE,published_after_gate_recheck,19.02707712724805,6.119119934737682,20.16331421377278,61.23365551118321
readset,related_same,20,29,1,EXECUTE,published_after_gate_recheck,15.303420834243298,4.00374224409461,20.16331421377278,61.23365551118321
readset,related_same,20,30,1,EXECUTE,published_after_gate_recheck,15.208444092422724,3.8479589857161045,20.16331421377278,61.23365551118321
readset,related_same,20,31,1,EXECUTE,published_after_gate_recheck,18.07004166767001,7.013057824224234,20.16331421377278,61.23365551118321
readset,related_same,20,32,1,EXECUTE,published_after_gate_recheck,18.659318331629038,4.902978893369436,20.16331421377278,61.23365551118321
readset,related_same,20,33,1,EXECUTE,published_after_gate_recheck,16.426467802375555,4.813720937818289,20.16331421377278,61.23365551118321
readset,related_same,20,34,1,EXECUTE,published_after_gate_recheck,22.33795914798975,7.491524796932936,20.16331421377278,61.23365551118321
readset,related_same,20,35,1,EXECUTE,published_after_gate_recheck,16.80169301107526,4.884433001279831,20.16331421377278,61.23365551118321
readset,related_same,20,36,1,EXECUTE,published_after_gate_recheck,16.85552392154932,4.414993338286877,20.16331421377278,61.23365551118321
readset,related_same,20,37,1,EXECUTE,published_after_gate_recheck,15.756901819258928,4.815936088562012,20.16331421377278,61.23365551118321
readset,related_same,20,38,1,EXECUTE,published_after_gate_recheck,18.781788181513548,4.726678133010864,20.16331421377278,61.23365551118321
readset,related_same,20,39,1,EXECUTE,published_after_gate_recheck,16.11752901226282,4.643883090466261,20.16331421377278,61.23365551118321
readset,related_same,20,40,1,EXECUTE,published_after_gate_recheck,20.000644028186798,4.853746388107538,20.16331421377278,61.23365551118321
readset,related_same,20,41,1,EXECUTE,published_after_gate_recheck,16.14024117588997,4.607062786817551,20.16331421377278,61.23365551118321
readset,related_same,20,42,1,EXECUTE,published_after_gate_recheck,14.463044703006744,4.418069031089544,20.16331421377278,61.23365551118321
readset,related_same,20,43,1,EXECUTE,published_after_gate_recheck,15.872910153120756,4.661054816097021,20.16331421377278,61.23365551118321
readset,related_same,20,44,1,EXECUTE,published_after_gate_recheck,14.469166286289692,3.9311163127422333,20.16331421377278,61.23365551118321
readset,related_same,20,45,1,EXECUTE,published_after_gate_recheck,15.684396028518677,3.9681042544543743,20.16331421377278,61.23365551118321
readset,related_same,20,46,1,EXECUTE,published_after_gate_recheck,15.154371038079262,4.123224876821041,20.16331421377278,61.23365551118321
readset,related_same,20,47,1,EXECUTE,published_after_gate_recheck,15.379955060780048,4.305787850171328,20.16331421377278,61.23365551118321
readset,related_same,20,48,1,EXECUTE,published_after_gate_recheck,15.891003888100386,4.165454767644405,20.16331421377278,61.23365551118321
readset,related_same,20,49,1,EXECUTE,published_after_gate_recheck,17.49856024980545,4.569943994283676,20.16331421377278,61.23365551118321
readset,related_same,20,50,1,EXECUTE,published_after_gate_recheck,15.105759724974632,4.378204233944416,20.16331421377278,61.23365551118321
readset,related_same,20,51,1,EXECUTE,published_after_gate_recheck,15.809480100870132,4.295859020203352,20.16331421377278,61.23365551118321
readset,related_same,20,52,1,EXECUTE,published_after_gate_recheck,19.88088944926858,4.268558695912361,20.16331421377278,61.23365551118321
readset,related_same,20,53,1,EXECUTE,published_after_gate_recheck,15.91953681781888,4.205840639770031,20.16331421377278,61.23365551118321
readset,related_same,20,54,1,EXECUTE,published_after_gate_recheck,15.764777082949877,3.963565919548273,20.16331421377278,61.23365551118321
readset,related_same,20,55,1,EXECUTE,published_after_gate_recheck,17.917707096785307,4.68375813215971,20.16331421377278,61.23365551118321
readset,related_same,20,56,1,EXECUTE,published_after_gate_recheck,14.915964100509882,4.274980165064335,20.16331421377278,61.23365551118321
readset,related_same,20,57,1,EXECUTE,published_after_gate_recheck,16.87582116574049,4.471388645470142,20.16331421377278,61.23365551118321
readset,related_same,20,58,1,EXECUTE,published_after_gate_recheck,19.92217730730772,4.456581082195044,20.16331421377278,61.23365551118321
readset,related_same,20,59,1,EXECUTE,published_after_gate_recheck,18.057317938655615,4.934327676892281,20.16331421377278,61.23365551118321
readset,related_same,20,60,1,EXECUTE,published_after_gate_recheck,15.436450950801373,4.1195787489414215,20.16331421377278,61.23365551118321
readset,related_same,20,61,1,EXECUTE,published_after_gate_recheck,16.48148102685809,4.4390978291630745,20.16331421377278,61.23365551118321
readset,related_same,20,62,1,EXECUTE,published_after_gate_recheck,14.859126880764961,3.9793262258172035,20.16331421377278,61.23365551118321
readset,related_same,20,63,1,EXECUTE,published_after_gate_recheck,15.437452588230371,4.321536980569363,20.16331421377278,61.23365551118321
readset,related_same,20,64,1,EXECUTE,published_after_gate_recheck,18.41455791145563,4.305577836930752,20.16331421377278,61.23365551118321
readset,related_same,20,65,1,EXECUTE,published_after_gate_recheck,15.807938296347857,4.339542239904404,20.16331421377278,61.23365551118321
readset,related_same,20,66,1,EXECUTE,published_after_gate_recheck,15.601440332829952,4.465206991881132,20.16331421377278,61.23365551118321
readset,related_same,20,67,1,EXECUTE,published_after_gate_recheck,17.466869670897722,4.56023495644331,20.16331421377278,61.23365551118321
readset,related_same,20,68,1,EXECUTE,published_after_gate_recheck,14.702454209327698,3.942676819860935,20.16331421377278,61.23365551118321
readset,related_same,20,69,1,EXECUTE,published_after_gate_recheck,15.223671216517687,4.243992269039154,20.16331421377278,61.23365551118321
readset,related_same,20,70,1,EXECUTE,published_after_gate_recheck,19.615331199020147,3.622987773269415,20.16331421377278,61.23365551118321
readset,related_same,20,71,1,EXECUTE,published_after_gate_recheck,15.89625421911478,4.462372045964003,20.16331421377278,61.23365551118321
readset,related_same,20,72,1,EXECUTE,published_after_gate_recheck,15.741854440420866,3.8806507363915443,20.16331421377278,61.23365551118321
readset,related_same,20,73,1,EXECUTE,published_after_gate_recheck,16.177139710634947,3.959949128329754,20.16331421377278,61.23365551118321
readset,related_same,20,74,1,EXECUTE,published_after_gate_recheck,14.72221128642559,3.9479266852140427,20.16331421377278,61.23365551118321
readset,related_same,20,75,1,EXECUTE,published_after_gate_recheck,14.869766775518656,4.419391043484211,20.16331421377278,61.23365551118321
readset,related_same,20,76,1,EXECUTE,published_after_gate_recheck,18.571071326732635,7.343728095293045,20.16331421377278,61.23365551118321
readset,related_same,20,77,1,EXECUTE,published_after_gate_recheck,15.774745028465986,4.74658515304327,20.16331421377278,61.23365551118321
readset,related_same,20,78,1,EXECUTE,published_after_gate_recheck,15.432273037731647,4.605050198733807,20.16331421377278,61.23365551118321
readset,related_same,20,79,1,EXECUTE,published_after_gate_recheck,18.79592379555106,6.867945194244385,20.16331421377278,61.23365551118321
readset,related_same,20,80,1,EXECUTE,published_after_gate_recheck,14.217204414308071,3.8971821777522564,20.16331421377278,61.23365551118321
readset,related_same,20,81,1,EXECUTE,published_after_gate_recheck,15.778282191604376,4.571125842630863,20.16331421377278,61.23365551118321
readset,related_same,20,82,1,EXECUTE,published_after_gate_recheck,17.584540881216526,6.6485027782619,20.16331421377278,61.23365551118321
readset,related_same,20,83,1,EXECUTE,published_after_gate_recheck,15.814030077308416,4.860347602516413,20.16331421377278,61.23365551118321
readset,related_same,20,84,1,EXECUTE,published_after_gate_recheck,14.84444085508585,3.9483378641307354,20.16331421377278,61.23365551118321
readset,related_same,20,85,1,EXECUTE,published_after_gate_recheck,20.786649081856012,8.964638691395521,20.16331421377278,61.23365551118321
readset,related_same,20,86,1,EXECUTE,published_after_gate_recheck,14.62180307134986,4.322849679738283,20.16331421377278,61.23365551118321
readset,related_same,20,87,1,EXECUTE,published_after_gate_recheck,15.186010859906673,4.247329197824001,20.16331421377278,61.23365551118321
readset,related_same,20,88,1,EXECUTE,published_after_gate_recheck,18.14812934026122,7.547120098024607,20.16331421377278,61.23365551118321
readset,related_same,20,89,1,EXECUTE,published_after_gate_recheck,15.880784019827843,4.48200898244977,20.16331421377278,61.23365551118321
readset,related_same,20,90,1,EXECUTE,published_after_gate_recheck,14.505164232105017,4.033016040921211,20.16331421377278,61.23365551118321
readset,related_same,20,91,1,EXECUTE,published_after_gate_recheck,16.35668659582734,4.337065853178501,20.16331421377278,61.23365551118321
readset,related_same,20,92,1,EXECUTE,published_after_gate_recheck,15.711367130279541,4.564343020319939,20.16331421377278,61.23365551118321
readset,related_same,20,93,1,EXECUTE,published_after_gate_recheck,14.871100429445505,4.184911958873272,20.16331421377278,61.23365551118321
readset,related_same,20,94,1,EXECUTE,published_after_gate_recheck,16.41414500772953,4.57146717235446,20.16331421377278,61.23365551118321
readset,related_same,20,95,1,EXECUTE,published_after_gate_recheck,15.256633050739765,3.9149951189756393,20.16331421377278,61.23365551118321
readset,related_same,20,96,1,EXECUTE,published_after_gate_recheck,15.490561723709106,4.061659798026085,20.16331421377278,61.23365551118321
readset,related_same,20,97,1,EXECUTE,published_after_gate_recheck,15.222068876028061,4.56224987283349,20.16331421377278,61.23365551118321
readset,related_same,20,98,1,EXECUTE,published_after_gate_recheck,16.698429360985756,4.670321941375732,20.16331421377278,61.23365551118321
readset,related_same,20,99,1,EXECUTE,published_after_gate_recheck,14.153363648802042,3.8447538390755653,20.16331421377278,61.23365551118321
global,unrelated,100,0,1,EXECUTE,published_after_gate_recheck,17.008891329169273,4.460187163203955,100.05243625282954,15.750477182950602
global,unrelated,100,1,0,REVOKE,context_version_changed_at_publish,17.60186394676566,6.01623672991991,100.05243625282954,15.750477182950602
global,unrelated,100,2,0,REVOKE,context_version_changed_at_publish,17.69278384745121,6.675583776086569,100.05243625282954,15.750477182950602
global,unrelated,100,3,0,REVOKE,context_version_changed_at_publish,21.99754025787115,10.277331806719303,100.05243625282954,15.750477182950602
global,unrelated,100,4,0,REVOKE,context_version_changed_at_publish,18.064131028950214,7.188005838543177,100.05243625282954,15.750477182950602
global,unrelated,100,5,0,REVOKE,context_version_changed_at_publish,21.39513101428747,9.159283712506294,100.05243625282954,15.750477182950602
global,unrelated,100,6,0,REVOKE,context_version_changed_at_publish,18.501852173358202,6.721360143274069,100.05243625282954,15.750477182950602
global,unrelated,100,7,0,REVOKE,context_version_changed_at_publish,21.64527028799057,9.027807973325253,100.05243625282954,15.750477182950602
global,unrelated,100,8,0,REVOKE,context_version_changed_at_publish,19.908111076802015,6.175386253744364,100.05243625282954,15.750477182950602
global,unrelated,100,9,0,REVOKE,context_version_changed_at_publish,18.05016491562128,6.605152972042561,100.05243625282954,15.750477182950602
global,unrelated,100,10,0,REVOKE,context_version_changed_at_publish,19.54800495877862,7.8591350466012955,100.05243625282954,15.750477182950602
global,unrelated,100,11,1,EXECUTE,published_after_gate_recheck,16.994002740830183,4.757835995405912,100.05243625282954,15.750477182950602
global,unrelated,100,12,1,EXECUTE,published_after_gate_recheck,19.100193865597248,4.8483568243682384,100.05243625282954,15.750477182950602
global,unrelated,100,13,1,EXECUTE,published_after_gate_recheck,19.95587022975087,4.998266696929932,100.05243625282954,15.750477182950602
global,unrelated,100,14,1,EXECUTE,published_after_gate_recheck,19.795519299805164,4.714595153927803,100.05243625282954,15.750477182950602
global,unrelated,100,15,1,EXECUTE,published_after_gate_recheck,20.695417653769255,4.785006865859032,100.05243625282954,15.750477182950602
global,unrelated,100,16,0,REVOKE,context_version_changed_at_publish,25.77238203957677,9.594521019607782,100.05243625282954,15.750477182950602
global,unrelated,100,17,0,REVOKE,context_version_changed_at_publish,18.123792950063944,7.004741579294205,100.05243625282954,15.750477182950602
global,unrelated,100,18,0,REVOKE,context_version_changed_at_publish,21.376304794102907,9.334964212030172,100.05243625282954,15.750477182950602
global,unrelated,100,19,0,REVOKE,context_version_changed_at_publish,19.631782080978155,7.862220052629709,100.05243625282954,15.750477182950602
global,unrelated,100,20,0,REVOKE,context_version_changed_at_publish,17.584361135959625,6.086680106818676,100.05243625282954,15.750477182950602
global,unrelated,100,21,1,EXECUTE,published_after_gate_recheck,16.323565039783716,4.559174180030823,100.05243625282954,15.750477182950602
global,unrelated,100,22,0,REVOKE,context_version_changed_at_publish,24.935591965913773,8.419126272201538,100.05243625282954,15.750477182950602
global,unrelated,100,23,0,REVOKE,context_version_changed_at_publish,20.041610579937696,8.46367934718728,100.05243625282954,15.750477182950602
global,unrelated,100,24,0,REVOKE,context_version_changed_at_publish,22.94199215248227,10.968408081680536,100.05243625282954,15.750477182950602
global,unrelated,100,25,0,REVOKE,context_version_changed_at_publish,18.057577777653933,6.441223900765181,100.05243625282954,15.750477182950602
global,unrelated,100,26,0,REVOKE,context_version_changed_at_publish,18.208120949566364,7.129134610295296,100.05243625282954,15.750477182950602
global,unrelated,100,27,1,EXECUTE,published_after_gate_recheck,14.245024882256985,3.8358368910849094,100.05243625282954,15.750477182950602
global,unrelated,100,28,0,REVOKE,context_version_changed_at_publish,17.41517288610339,6.3948677852749825,100.05243625282954,15.750477182950602
global,unrelated,100,29,0,REVOKE,context_version_changed_at_publish,18.124524038285017,6.814585067331791,100.05243625282954,15.750477182950602
global,unrelated,100,30,0,REVOKE,context_version_changed_at_publish,19.798694644123316,8.867266587913036,100.05243625282954,15.750477182950602
global,unrelated,100,31,1,EXECUTE,published_after_gate_recheck,15.504238195717335,4.354078788310289,100.05243625282954,15.750477182950602
global,unrelated,100,32,0,REVOKE,context_version_changed_at_publish,15.946557745337486,5.202010273933411,100.05243625282954,15.750477182950602
global,unrelated,100,33,0,REVOKE,context_version_changed_at_publish,17.803112044930458,6.515574175864458,100.05243625282954,15.750477182950602
global,unrelated,100,34,1,EXECUTE,published_after_gate_recheck,15.88487159460783,5.161192733794451,100.05243625282954,15.750477182950602
global,unrelated,100,35,0,REVOKE,context_version_changed_at_publish,27.535289991647005,11.636481620371342,100.05243625282954,15.750477182950602
global,unrelated,100,36,0,REVOKE,context_version_changed_at_publish,19.12410883232951,6.369929760694504,100.05243625282954,15.750477182950602
global,unrelated,100,37,0,REVOKE,context_version_changed_at_publish,19.027757924050093,6.145869847387075,100.05243625282954,15.750477182950602
global,unrelated,100,38,0,REVOKE,context_version_changed_at_publish,23.874822072684765,8.592650759965181,100.05243625282954,15.750477182950602
global,unrelated,100,39,0,REVOKE,context_version_changed_at_publish,23.17582117393613,5.9853000566363335,100.05243625282954,15.750477182950602
global,unrelated,100,40,1,EXECUTE,published_after_gate_recheck,16.775271855294704,4.569873679429293,100.05243625282954,15.750477182950602
global,unrelated,100,41,1,EXECUTE,published_after_gate_recheck,17.10531208664179,4.063443746417761,100.05243625282954,15.750477182950602
global,unrelated,100,42,0,REVOKE,context_version_changed_at_publish,16.343803610652685,5.060393828898668,100.05243625282954,15.750477182950602
global,unrelated,100,43,0,REVOKE,context_version_changed_at_publish,19.633816089481115,7.878901902586222,100.05243625282954,15.750477182950602
global,unrelated,100,44,0,REVOKE,context_version_changed_at_publish,22.895514965057373,9.502297267317772,100.05243625282954,15.750477182950602
global,unrelated,100,45,0,REVOKE,context_version_changed_at_publish,17.992776818573475,6.654174067080021,100.05243625282954,15.750477182950602
global,unrelated,100,46,0,REVOKE,context_version_changed_at_publish,25.281712878495455,13.627666980028152,100.05243625282954,15.750477182950602
global,unrelated,100,47,1,EXECUTE,published_after_gate_recheck,17.84050138667226,4.3922602199018,100.05243625282954,15.750477182950602
global,unrelated,100,48,0,REVOKE,context_version_changed_at_publish,17.010434065014124,6.147142965346575,100.05243625282954,15.750477182950602
global,unrelated,100,49,1,EXECUTE,published_after_gate_recheck,14.903530944138765,4.504811018705368,100.05243625282954,15.750477182950602
global,unrelated,100,50,1,EXECUTE,published_after_gate_recheck,18.421070650219917,3.956712782382965,100.05243625282954,15.750477182950602
global,unrelated,100,51,0,REVOKE,context_version_changed_at_publish,16.526566818356514,5.879911128431559,100.05243625282954,15.750477182950602
global,unrelated,100,52,0,REVOKE,context_version_changed_at_publish,19.023560918867588,7.937021087855101,100.05243625282954,15.750477182950602
global,unrelated,100,53,1,EXECUTE,published_after_gate_recheck,15.267323236912489,4.2395140044391155,100.05243625282954,15.750477182950602
global,unrelated,100,54,1,EXECUTE,published_after_gate_recheck,19.44528194144368,4.247238859534264,100.05243625282954,15.750477182950602
global,unrelated,100,55,0,REVOKE,context_version_changed_at_publish,16.800730023533106,5.33160287886858,100.05243625282954,15.750477182950602
global,unrelated,100,56,0,REVOKE,context_version_changed_at_publish,17.977087758481503,6.979885045439005,100.05243625282954,15.750477182950602
global,unrelated,100,57,1,EXECUTE,published_after_gate_recheck,14.487229753285646,3.852187190204859,100.05243625282954,15.750477182950602
global,unrelated,100,58,0,REVOKE,context_version_changed_at_publish,18.21083575487137,6.748240906745195,100.05243625282954,15.750477182950602
global,unrelated,100,59,0,REVOKE,context_version_changed_at_publish,17.399944830685854,6.374139338731766,100.05243625282954,15.750477182950602
global,unrelated,100,60,1,EXECUTE,published_after_gate_recheck,16.961221117526293,5.055895075201988,100.05243625282954,15.750477182950602
global,unrelated,100,61,1,EXECUTE,published_after_gate_recheck,17.760630697011948,4.480646923184395,100.05243625282954,15.750477182950602
global,unrelated,100,62,1,EXECUTE,published_after_gate_recheck,18.931208178400993,3.9740758948028088,100.05243625282954,15.750477182950602
global,unrelated,100,63,0,REVOKE,context_version_changed_at_publish,17.99967885017395,7.008148822933435,100.05243625282954,15.750477182950602
global,unrelated,100,64,0,REVOKE,context_version_changed_at_publish,20.956828258931637,9.19622415676713,100.05243625282954,15.750477182950602
global,unrelated,100,65,0,REVOKE,context_version_changed_at_publish,15.985541045665741,5.599455907940865,100.05243625282954,15.750477182950602
global,unrelated,100,66,1,EXECUTE,published_after_gate_recheck,16.137416008859873,4.080926068127155,100.05243625282954,15.750477182950602
global,unrelated,100,67,0,REVOKE,context_version_changed_at_publish,26.177662890404463,9.5325349830091,100.05243625282954,15.750477182950602
global,unrelated,100,68,0,REVOKE,context_version_changed_at_publish,19.842857960611582,7.9824961721897125,100.05243625282954,15.750477182950602
global,unrelated,100,69,0,REVOKE,context_version_changed_at_publish,19.604691304266453,8.387396112084389,100.05243625282954,15.750477182950602
global,unrelated,100,70,0,REVOKE,context_version_changed_at_publish,21.101590245962143,9.138384833931923,100.05243625282954,15.750477182950602
global,unrelated,100,71,1,EXECUTE,published_after_gate_recheck,15.208522789180279,4.156578332185745,100.05243625282954,15.750477182950602
global,unrelated,100,72,0,REVOKE,context_version_changed_at_publish,23.568376898765564,8.95073264837265,100.05243625282954,15.750477182950602
global,unrelated,100,73,0,REVOKE,context_version_changed_at_publish,17.772092949599028,6.555028259754181,100.05243625282954,15.750477182950602
global,unrelated,100,74,0,REVOKE,context_version_changed_at_publish,23.8002329133451,6.937475875020027,100.05243625282954,15.750477182950602
global,unrelated,100,75,0,REVOKE,context_version_changed_at_publish,18.30594427883625,6.147272884845734,100.05243625282954,15.750477182950602
global,unrelated,100,76,0,REVOKE,context_version_changed_at_publish,19.680422730743885,7.433666847646236,100.05243625282954,15.750477182950602
global,unrelated,100,77,0,REVOKE,context_version_changed_at_publish,20.411184057593346,8.616406004875898,100.05243625282954,15.750477182950602
global,unrelated,100,78,0,REVOKE,context_version_changed_at_publish,18.374653067439795,6.936244200915098,100.05243625282954,15.750477182950602
global,unrelated,100,79,1,EXECUTE,published_after_gate_recheck,16.73411624506116,4.4372850097715855,100.05243625282954,15.750477182950602
global,unrelated,100,80,1,EXECUTE,published_after_gate_recheck,18.230373039841652,4.674870986491442,100.05243625282954,15.750477182950602
global,unrelated,100,81,0,REVOKE,context_version_changed_at_publish,17.623925115913153,5.8661759831011295,100.05243625282954,15.750477182950602
global,unrelated,100,82,0,REVOKE,context_version_changed_at_publish,17.48883118852973,6.184742785990238,100.05243625282954,15.750477182950602
global,unrelated,100,83,1,EXECUTE,published_after_gate_recheck,14.946041163057089,4.572389181703329,100.05243625282954,15.750477182950602
global,unrelated,100,84,1,EXECUTE,published_after_gate_recheck,19.036815967410803,4.36838623136282,100.05243625282954,15.750477182950602
global,unrelated,100,85,0,REVOKE,context_version_changed_at_publish,17.395886592566967,6.56772218644619,100.05243625282954,15.750477182950602
global,unrelated,100,86,0,REVOKE,context_version_changed_at_publish,17.58776791393757,7.328459993004799,100.05243625282954,15.750477182950602
global,unrelated,100,87,1,EXECUTE,published_after_gate_recheck,16.137786209583282,4.802651237696409,100.05243625282954,15.750477182950602
global,unrelated,100,88,0,REVOKE,context_version_changed_at_publish,24.607176892459393,9.634675923734903,100.05243625282954,15.750477182950602
global,unrelated,100,89,0,REVOKE,context_version_changed_at_publish,20.128284115344286,9.139876812696457,100.05243625282954,15.750477182950602
global,unrelated,100,90,0,REVOKE,context_version_changed_at_publish,17.470907885581255,6.005947943776846,100.05243625282954,15.750477182950602
global,unrelated,100,91,1,EXECUTE,published_after_gate_recheck,16.135202255100012,4.411707166582346,100.05243625282954,15.750477182950602
global,unrelated,100,92,0,REVOKE,context_version_changed_at_publish,17.92362704873085,5.842180922627449,100.05243625282954,15.750477182950602
global,unrelated,100,93,0,REVOKE,context_version_changed_at_publish,17.438216134905815,7.235344033688307,100.05243625282954,15.750477182950602
global,unrelated,100,94,0,REVOKE,context_version_changed_at_publish,21.18727983906865,8.854381740093231,100.05243625282954,15.750477182950602
global,unrelated,100,95,0,REVOKE,context_version_changed_at_publish,19.398515112698078,8.582311682403088,100.05243625282954,15.750477182950602
global,unrelated,100,96,1,EXECUTE,published_after_gate_recheck,15.55296964943409,4.497808869928122,100.05243625282954,15.750477182950602
global,unrelated,100,97,0,REVOKE,context_version_changed_at_publish,26.17713063955307,7.632139138877392,100.05243625282954,15.750477182950602
global,unrelated,100,98,0,REVOKE,context_version_changed_at_publish,18.61128816381097,7.073280867189169,100.05243625282954,15.750477182950602
global,unrelated,100,99,0,REVOKE,context_version_changed_at_publish,20.724792033433914,6.491418927907944,100.05243625282954,15.750477182950602
readset,unrelated,100,0,1,EXECUTE,published_after_gate_recheck,17.35176518559456,4.8912870697677135,100.02596235945066,53.379259973724956
readset,unrelated,100,1,1,EXECUTE,published_after_gate_recheck,18.815870862454176,3.8470481522381306,100.02596235945066,53.379259973724956
readset,unrelated,100,2,1,EXECUTE,published_after_gate_recheck,15.929827000945807,5.895180162042379,100.02596235945066,53.379259973724956
readset,unrelated,100,3,1,EXECUTE,published_after_gate_recheck,19.935511983931065,8.562114089727402,100.02596235945066,53.379259973724956
readset,unrelated,100,4,1,EXECUTE,published_after_gate_recheck,18.42972682788968,7.3867677710950375,100.02596235945066,53.379259973724956
readset,unrelated,100,5,1,EXECUTE,published_after_gate_recheck,16.62697410210967,3.9799059741199017,100.02596235945066,53.379259973724956
readset,unrelated,100,6,1,EXECUTE,published_after_gate_recheck,18.01036996766925,6.57595694065094,100.02596235945066,53.379259973724956
readset,unrelated,100,7,1,EXECUTE,published_after_gate_recheck,18.69459403678775,6.513521075248718,100.02596235945066,53.379259973724956
readset,unrelated,100,8,1,EXECUTE,published_after_gate_recheck,18.965210765600204,6.55866414308548,100.02596235945066,53.379259973724956
readset,unrelated,100,9,1,EXECUTE,published_after_gate_recheck,20.06271993741393,8.036246988922358,100.02596235945066,53.379259973724956
readset,unrelated,100,10,1,EXECUTE,published_after_gate_recheck,19.310730043798685,8.79497081041336,100.02596235945066,53.379259973724956
readset,unrelated,100,11,1,EXECUTE,published_after_gate_recheck,19.312634132802486,7.189769297838211,100.02596235945066,53.379259973724956
readset,unrelated,100,12,1,EXECUTE,published_after_gate_recheck,15.35543892532587,4.56500519067049,100.02596235945066,53.379259973724956
readset,unrelated,100,13,1,EXECUTE,published_after_gate_recheck,17.835272010415792,4.501786082983017,100.02596235945066,53.379259973724956
readset,unrelated,100,14,1,EXECUTE,published_after_gate_recheck,17.271623946726322,6.247822195291519,100.02596235945066,53.379259973724956
readset,unrelated,100,15,1,EXECUTE,published_after_gate_recheck,18.820900935679674,8.155901916325092,100.02596235945066,53.379259973724956
readset,unrelated,100,16,1,EXECUTE,published_after_gate_recheck,15.3890922665596,4.422686994075775,100.02596235945066,53.379259973724956
readset,unrelated,100,17,1,EXECUTE,published_after_gate_recheck,24.54418782144785,8.335488848388195,100.02596235945066,53.379259973724956
readset,unrelated,100,18,1,EXECUTE,published_after_gate_recheck,20.83255536854267,9.16339224204421,100.02596235945066,53.379259973724956
readset,unrelated,100,19,1,EXECUTE,published_after_gate_recheck,18.962586764246225,8.050654083490372,100.02596235945066,53.379259973724956
readset,unrelated,100,20,1,EXECUTE,published_after_gate_recheck,21.672249771654606,9.638322051614523,100.02596235945066,53.379259973724956
readset,unrelated,100,21,1,EXECUTE,published_after_gate_recheck,19.175997003912926,7.9486616887152195,100.02596235945066,53.379259973724956
readset,unrelated,100,22,1,EXECUTE,published_after_gate_recheck,18.860435113310814,7.747885771095753,100.02596235945066,53.379259973724956
readset,unrelated,100,23,1,EXECUTE,published_after_gate_recheck,19.567381124943495,8.622386958450079,100.02596235945066,53.379259973724956
readset,unrelated,100,24,1,EXECUTE,published_after_gate_recheck,21.28766803070903,9.503088891506195,100.02596235945066,53.379259973724956
readset,unrelated,100,25,1,EXECUTE,published_after_gate_recheck,18.334827851504087,7.405593991279602,100.02596235945066,53.379259973724956
readset,unrelated,100,26,1,EXECUTE,published_after_gate_recheck,15.253778081387281,4.154735244810581,100.02596235945066,53.379259973724956
readset,unrelated,100,27,1,EXECUTE,published_after_gate_recheck,17.85301510244608,6.905304733663797,100.02596235945066,53.379259973724956
readset,unrelated,100,28,1,EXECUTE,published_after_gate_recheck,16.775814350694418,5.30624482780695,100.02596235945066,53.379259973724956
readset,unrelated,100,29,1,EXECUTE,published_after_gate_recheck,15.118835028260946,4.192645661532879,100.02596235945066,53.379259973724956
readset,unrelated,100,30,1,EXECUTE,published_after_gate_recheck,19.367436412721872,3.873487003147602,100.02596235945066,53.379259973724956
readset,unrelated,100,31,1,EXECUTE,published_after_gate_recheck,16.36028429493308,5.801483988761902,100.02596235945066,53.379259973724956
readset,unrelated,100,32,1,EXECUTE,published_after_gate_recheck,18.97272514179349,7.98318674787879,100.02596235945066,53.379259973724956
readset,unrelated,100,33,1,EXECUTE,published_after_gate_recheck,16.855793073773384,4.638061858713627,100.02596235945066,53.379259973724956
readset,unrelated,100,34,1,EXECUTE,published_after_gate_recheck,23.799661081284285,7.589127868413925,100.02596235945066,53.379259973724956
readset,unrelated,100,35,1,EXECUTE,published_after_gate_recheck,20.310775842517614,8.75686900690198,100.02596235945066,53.379259973724956
readset,unrelated,100,36,1,EXECUTE,published_after_gate_recheck,18.964198883622885,7.7017187140882015,100.02596235945066,53.379259973724956
readset,unrelated,100,37,1,EXECUTE,published_after_gate_recheck,15.318328980356455,4.336114972829819,100.02596235945066,53.379259973724956
readset,unrelated,100,38,1,EXECUTE,published_after_gate_recheck,16.937275882810354,6.373296957463026,100.02596235945066,53.379259973724956
readset,unrelated,100,39,1,EXECUTE,published_after_gate_recheck,18.649909179657698,7.035680115222931,100.02596235945066,53.379259973724956
readset,unrelated,100,40,1,EXECUTE,published_after_gate_recheck,15.206869691610336,4.280720837414265,100.02596235945066,53.379259973724956
readset,unrelated,100,41,1,EXECUTE,published_after_gate_recheck,17.86930486559868,4.325155168771744,100.02596235945066,53.379259973724956
readset,unrelated,100,42,1,EXECUTE,published_after_gate_recheck,18.05303990840912,5.652775056660175,100.02596235945066,53.379259973724956
readset,unrelated,100,43,1,EXECUTE,published_after_gate_recheck,18.124184105545282,7.3998430743813515,100.02596235945066,53.379259973724956
readset,unrelated,100,44,1,EXECUTE,published_after_gate_recheck,24.746578186750412,6.886540912091732,100.02596235945066,53.379259973724956
readset,unrelated,100,45,1,EXECUTE,published_after_gate_recheck,20.867750979959965,5.703581031411886,100.02596235945066,53.379259973724956
readset,unrelated,100,46,1,EXECUTE,published_after_gate_recheck,25.640214793384075,7.144774775952101,100.02596235945066,53.379259973724956
readset,unrelated,100,47,1,EXECUTE,published_after_gate_recheck,18.12435407191515,6.61117397248745,100.02596235945066,53.379259973724956
readset,unrelated,100,48,1,EXECUTE,published_after_gate_recheck,19.957262091338634,4.962731152772903,100.02596235945066,53.379259973724956
readset,unrelated,100,49,1,EXECUTE,published_after_gate_recheck,19.546592142432928,8.313195779919624,100.02596235945066,53.379259973724956
readset,unrelated,100,50,1,EXECUTE,published_after_gate_recheck,15.13777021318674,4.232821986079216,100.02596235945066,53.379259973724956
readset,unrelated,100,51,1,EXECUTE,published_after_gate_recheck,19.740495830774307,4.469024017453194,100.02596235945066,53.379259973724956
readset,unrelated,100,52,1,EXECUTE,published_after_gate_recheck,17.31672789901495,6.133858114480972,100.02596235945066,53.379259973724956
readset,unrelated,100,53,1,EXECUTE,published_after_gate_recheck,17.41372002288699,5.872337147593498,100.02596235945066,53.379259973724956
readset,unrelated,100,54,1,EXECUTE,published_after_gate_recheck,15.331944916397333,4.334582015872002,100.02596235945066,53.379259973724956
readset,unrelated,100,55,1,EXECUTE,published_after_gate_recheck,17.79919397085905,6.681384984403849,100.02596235945066,53.379259973724956
readset,unrelated,100,56,1,EXECUTE,published_after_gate_recheck,17.085163854062557,5.5306958965957165,100.02596235945066,53.379259973724956
readset,unrelated,100,57,1,EXECUTE,published_after_gate_recheck,16.15735422819853,4.435773007571697,100.02596235945066,53.379259973724956
readset,unrelated,100,58,1,EXECUTE,published_after_gate_recheck,17.822586931288242,4.4455197639763355,100.02596235945066,53.379259973724956
readset,unrelated,100,59,1,EXECUTE,published_after_gate_recheck,16.7819750495255,5.978185683488846,100.02596235945066,53.379259973724956
readset,unrelated,100,60,1,EXECUTE,published_after_gate_recheck,18.625634256750345,7.386206649243832,100.02596235945066,53.379259973724956
readset,unrelated,100,61,1,EXECUTE,published_after_gate_recheck,16.149729024618864,4.542553331702948,100.02596235945066,53.379259973724956
readset,unrelated,100,62,1,EXECUTE,published_after_gate_recheck,25.354098062962294,9.67112509533763,100.02596235945066,53.379259973724956
readset,unrelated,100,63,1,EXECUTE,published_after_gate_recheck,19.747348967939615,7.566595915704966,100.02596235945066,53.379259973724956
readset,unrelated,100,64,1,EXECUTE,published_after_gate_recheck,19.450863357633352,7.053893990814686,100.02596235945066,53.379259973724956
readset,unrelated,100,65,1,EXECUTE,published_after_gate_recheck,20.99587069824338,8.952196221798658,100.02596235945066,53.379259973724956
readset,unrelated,100,66,1,EXECUTE,published_after_gate_recheck,17.326886765658855,6.1280569061636925,100.02596235945066,53.379259973724956
readset,unrelated,100,67,1,EXECUTE,published_after_gate_recheck,15.95999300479889,4.612894728779793,100.02596235945066,53.379259973724956
readset,unrelated,100,68,1,EXECUTE,published_after_gate_recheck,24.64652992784977,8.374501951038837,100.02596235945066,53.379259973724956
readset,unrelated,100,69,1,EXECUTE,published_after_gate_recheck,16.025586053729057,4.759570118039846,100.02596235945066,53.379259973724956
readset,unrelated,100,70,1,EXECUTE,published_after_gate_recheck,18.769193906337023,4.893740639090538,100.02596235945066,53.379259973724956
readset,unrelated,100,71,1,EXECUTE,published_after_gate_recheck,19.1991301253438,7.8022778034210205,100.02596235945066,53.379259973724956
readset,unrelated,100,72,1,EXECUTE,published_after_gate_recheck,17.7947748452425,6.307714153081179,100.02596235945066,53.379259973724956
readset,unrelated,100,73,1,EXECUTE,published_after_gate_recheck,18.00184277817607,6.906889379024506,100.02596235945066,53.379259973724956
readset,unrelated,100,74,1,EXECUTE,published_after_gate_recheck,14.881720300763845,4.059456288814545,100.02596235945066,53.379259973724956
readset,unrelated,100,75,1,EXECUTE,published_after_gate_recheck,20.953801926225424,4.6484810300171375,100.02596235945066,53.379259973724956
readset,unrelated,100,76,1,EXECUTE,published_after_gate_recheck,18.936927895992994,4.452061839401722,100.02596235945066,53.379259973724956
readset,unrelated,100,77,1,EXECUTE,published_after_gate_recheck,18.710773903876543,4.298354033380747,100.02596235945066,53.379259973724956
readset,unrelated,100,78,1,EXECUTE,published_after_gate_recheck,17.225257121026516,6.252530962228775,100.02596235945066,53.379259973724956
readset,unrelated,100,79,1,EXECUTE,published_after_gate_recheck,20.561104640364647,8.337953127920628,100.02596235945066,53.379259973724956
readset,unrelated,100,80,1,EXECUTE,published_after_gate_recheck,27.24490500986576,11.9315548799932,100.02596235945066,53.379259973724956
readset,unrelated,100,81,1,EXECUTE,published_after_gate_recheck,15.213693026453257,4.058575257658958,100.02596235945066,53.379259973724956
readset,unrelated,100,82,1,EXECUTE,published_after_gate_recheck,16.379570122808218,6.044088862836361,100.02596235945066,53.379259973724956
readset,unrelated,100,83,1,EXECUTE,published_after_gate_recheck,18.085672054439783,7.294205017387867,100.02596235945066,53.379259973724956
readset,unrelated,100,84,1,EXECUTE,published_after_gate_recheck,21.54668467119336,9.63350385427475,100.02596235945066,53.379259973724956
readset,unrelated,100,85,1,EXECUTE,published_after_gate_recheck,18.869762774556875,7.040918804705143,100.02596235945066,53.379259973724956
readset,unrelated,100,86,1,EXECUTE,published_after_gate_recheck,15.522412024438381,4.174633417278528,100.02596235945066,53.379259973724956
readset,unrelated,100,87,1,EXECUTE,published_after_gate_recheck,17.305036075413227,6.1414530500769615,100.02596235945066,53.379259973724956
readset,unrelated,100,88,1,EXECUTE,published_after_gate_recheck,18.66513816639781,6.500075105577707,100.02596235945066,53.379259973724956
readset,unrelated,100,89,1,EXECUTE,published_after_gate_recheck,19.212776329368353,8.024374954402447,100.02596235945066,53.379259973724956
readset,unrelated,100,90,1,EXECUTE,published_after_gate_recheck,18.874420784413815,8.2110152579844,100.02596235945066,53.379259973724956
readset,unrelated,100,91,1,EXECUTE,published_after_gate_recheck,22.56347192451358,8.57199216261506,100.02596235945066,53.379259973724956
readset,unrelated,100,92,1,EXECUTE,published_after_gate_recheck,21.734576672315598,10.975041426718235,100.02596235945066,53.379259973724956
readset,unrelated,100,93,1,EXECUTE,published_after_gate_recheck,17.78919482603669,7.25878868252039,100.02596235945066,53.379259973724956
readset,unrelated,100,94,1,EXECUTE,published_after_gate_recheck,19.35445098206401,7.842434104532003,100.02596235945066,53.379259973724956
readset,unrelated,100,95,1,EXECUTE,published_after_gate_recheck,14.095695689320564,3.7540332414209843,100.02596235945066,53.379259973724956
readset,unrelated,100,96,1,EXECUTE,published_after_gate_recheck,25.253277737647295,9.556039236485958,100.02596235945066,53.379259973724956
readset,unrelated,100,97,1,EXECUTE,published_after_gate_recheck,14.433159027248621,3.924943972378969,100.02596235945066,53.379259973724956
readset,unrelated,100,98,1,EXECUTE,published_after_gate_recheck,18.302788957953453,4.053323995321989,100.02596235945066,53.379259973724956
readset,unrelated,100,99,1,EXECUTE,published_after_gate_recheck,17.468262929469347,6.1673312447965145,100.02596235945066,53.379259973724956
global,related_same,100,0,1,EXECUTE,published_after_gate_recheck,18.28566612675786,4.1823056526482105,99.9862167034402,21.22315288398671
global,related_same,100,1,1,EXECUTE,published_after_gate_recheck,18.96097417920828,4.037254024296999,99.9862167034402,21.22315288398671
global,related_same,100,2,1,EXECUTE,published_after_gate_recheck,19.46259383112192,4.017336759716272,99.9862167034402,21.22315288398671
global,related_same,100,3,0,REVOKE,context_version_changed_at_publish,17.9517799988389,6.627744995057583,99.9862167034402,21.22315288398671
global,related_same,100,4,0,REVOKE,context_version_changed_at_publish,16.416970174759626,5.562596023082733,99.9862167034402,21.22315288398671
global,related_same,100,5,1,EXECUTE,published_after_gate_recheck,15.354877803474665,4.145597107708454,99.9862167034402,21.22315288398671
global,related_same,100,6,0,REVOKE,context_version_changed_at_publish,16.891370061784983,5.794811993837357,99.9862167034402,21.22315288398671
global,related_same,100,7,0,REVOKE,context_version_changed_at_publish,18.620244227349758,7.785607129335403,99.9862167034402,21.22315288398671
global,related_same,100,8,1,EXECUTE,published_after_gate_recheck,14.525471720844507,4.086887929588556,99.9862167034402,21.22315288398671
global,related_same,100,9,1,EXECUTE,published_after_gate_recheck,18.24678387492895,3.7072449922561646,99.9862167034402,21.22315288398671
global,related_same,100,10,0,REVOKE,context_version_changed_at_publish,16.732923220843077,6.631813012063503,99.9862167034402,21.22315288398671
global,related_same,100,11,0,REVOKE,context_version_changed_at_publish,20.529176108539104,8.852128405123949,99.9862167034402,21.22315288398671
global,related_same,100,12,0,REVOKE,context_version_changed_at_publish,20.072377752512693,8.024705108255148,99.9862167034402,21.22315288398671
global,related_same,100,13,0,REVOKE,context_version_changed_at_publish,17.879294231534004,7.037233095616102,99.9862167034402,21.22315288398671
global,related_same,100,14,0,REVOKE,context_version_changed_at_publish,22.01792784035206,9.109571110457182,99.9862167034402,21.22315288398671
global,related_same,100,15,0,REVOKE,context_version_changed_at_publish,17.924920190125704,5.163227207958698,99.9862167034402,21.22315288398671
global,related_same,100,16,0,REVOKE,context_version_changed_at_publish,20.474764052778482,8.199393283575773,99.9862167034402,21.22315288398671
global,related_same,100,17,1,EXECUTE,published_after_gate_recheck,15.11237258091569,4.475936759263277,99.9862167034402,21.22315288398671
global,related_same,100,18,1,EXECUTE,published_after_gate_recheck,19.1389680840075,3.785543143749237,99.9862167034402,21.22315288398671
global,related_same,100,19,0,REVOKE,context_version_changed_at_publish,16.798376105725765,5.913584027439356,99.9862167034402,21.22315288398671
global,related_same,100,20,0,REVOKE,context_version_changed_at_publish,18.429405987262726,8.129402063786983,99.9862167034402,21.22315288398671
global,related_same,100,21,1,EXECUTE,published_after_gate_recheck,15.296958852559328,4.524368327111006,99.9862167034402,21.22315288398671
global,related_same,100,22,0,REVOKE,context_version_changed_at_publish,16.5175786241889,6.001338828355074,99.9862167034402,21.22315288398671
global,related_same,100,23,0,REVOKE,context_version_changed_at_publish,18.05337006226182,7.801678031682968,99.9862167034402,21.22315288398671
global,related_same,100,24,0,REVOKE,context_version_changed_at_publish,19.669843837618828,8.60970327630639,99.9862167034402,21.22315288398671
global,related_same,100,25,1,EXECUTE,published_after_gate_recheck,15.280899126082659,4.438296891748905,99.9862167034402,21.22315288398671
global,related_same,100,26,1,EXECUTE,published_after_gate_recheck,19.890718162059784,4.086847882717848,99.9862167034402,21.22315288398671
global,related_same,100,27,1,EXECUTE,published_after_gate_recheck,20.947329699993134,4.3656411580741405,99.9862167034402,21.22315288398671
global,related_same,100,28,0,REVOKE,context_version_changed_at_publish,23.43167131766677,7.649973034858704,99.9862167034402,21.22315288398671
global,related_same,100,29,1,EXECUTE,published_after_gate_recheck,15.461658127605915,4.15959395468235,99.9862167034402,21.22315288398671
global,related_same,100,30,0,REVOKE,context_version_changed_at_publish,16.52232790365815,4.9683707766234875,99.9862167034402,21.22315288398671
global,related_same,100,31,0,REVOKE,context_version_changed_at_publish,17.962459940463305,7.198065053671598,99.9862167034402,21.22315288398671
global,related_same,100,32,1,EXECUTE,published_after_gate_recheck,14.95336415246129,3.892251756042242,99.9862167034402,21.22315288398671
global,related_same,100,33,0,REVOKE,context_version_changed_at_publish,17.583177890628576,6.456754170358181,99.9862167034402,21.22315288398671
global,related_same,100,34,0,REVOKE,context_version_changed_at_publish,19.31856432929635,5.865304265171289,99.9862167034402,21.22315288398671
global,related_same,100,35,0,REVOKE,context_version_changed_at_publish,18.22076505050063,7.558561395853758,99.9862167034402,21.22315288398671
global,related_same,100,36,1,EXECUTE,published_after_gate_recheck,15.624864026904106,4.451942164450884,99.9862167034402,21.22315288398671
global,related_same,100,37,1,EXECUTE,published_after_gate_recheck,18.050815910100937,3.985357005149126,99.9862167034402,21.22315288398671
global,related_same,100,38,0,REVOKE,context_version_changed_at_publish,17.928566318005323,6.004174705594778,99.9862167034402,21.22315288398671
global,related_same,100,39,0,REVOKE,context_version_changed_at_publish,19.530151039361954,7.6370579190552235,99.9862167034402,21.22315288398671
global,related_same,100,40,1,EXECUTE,published_after_gate_recheck,14.977781102061272,4.298914689570665,99.9862167034402,21.22315288398671
global,related_same,100,41,1,EXECUTE,published_after_gate_recheck,19.394617062062025,4.386880900710821,99.9862167034402,21.22315288398671
global,related_same,100,42,1,EXECUTE,published_after_gate_recheck,17.880986910313368,4.00385120883584,99.9862167034402,21.22315288398671
global,related_same,100,43,0,REVOKE,context_version_changed_at_publish,16.54127286747098,5.910088308155537,99.9862167034402,21.22315288398671
global,related_same,100,44,0,REVOKE,context_version_changed_at_publish,19.752257969230413,9.168731980025768,99.9862167034402,21.22315288398671
global,related_same,100,45,1,EXECUTE,published_after_gate_recheck,15.147167723625898,4.38010785728693,99.9862167034402,21.22315288398671
global,related_same,100,46,1,EXECUTE,published_after_gate_recheck,20.485714077949524,4.298444837331772,99.9862167034402,21.22315288398671
global,related_same,100,47,0,REVOKE,context_version_changed_at_publish,26.73940733075142,10.128481779247522,99.9862167034402,21.22315288398671
global,related_same,100,48,0,REVOKE,context_version_changed_at_publish,20.89220704510808,6.433560978621244,99.9862167034402,21.22315288398671
global,related_same,100,49,0,REVOKE,context_version_changed_at_publish,20.965132862329483,9.832806885242462,99.9862167034402,21.22315288398671
global,related_same,100,50,0,REVOKE,context_version_changed_at_publish,28.480723965913057,12.02499121427536,99.9862167034402,21.22315288398671
global,related_same,100,51,0,REVOKE,context_version_changed_at_publish,18.354776315391064,6.758931092917919,99.9862167034402,21.22315288398671
global,related_same,100,52,0,REVOKE,context_version_changed_at_publish,17.4000752158463,6.092430092394352,99.9862167034402,21.22315288398671
global,related_same,100,53,1,EXECUTE,published_after_gate_recheck,16.324856784194708,4.29717218503356,99.9862167034402,21.22315288398671
global,related_same,100,54,1,EXECUTE,published_after_gate_recheck,18.3518398553133,4.156398121267557,99.9862167034402,21.22315288398671
global,related_same,100,55,0,REVOKE,context_version_changed_at_publish,18.045716919004917,6.400858983397484,99.9862167034402,21.22315288398671
global,related_same,100,56,0,REVOKE,context_version_changed_at_publish,17.89440307766199,6.102889776229858,99.9862167034402,21.22315288398671
global,related_same,100,57,1,EXECUTE,published_after_gate_recheck,15.681320801377296,4.707873333245516,99.9862167034402,21.22315288398671
global,related_same,100,58,0,REVOKE,context_version_changed_at_publish,22.71109912544489,8.398306090384722,99.9862167034402,21.22315288398671
global,related_same,100,59,1,EXECUTE,published_after_gate_recheck,15.681910794228315,4.185322672128677,99.9862167034402,21.22315288398671
global,related_same,100,60,0,REVOKE,context_version_changed_at_publish,20.065254997462034,8.824346121400595,99.9862167034402,21.22315288398671
global,related_same,100,61,1,EXECUTE,published_after_gate_recheck,18.92209006473422,4.486327059566975,99.9862167034402,21.22315288398671
global,related_same,100,62,0,REVOKE,context_version_changed_at_publish,16.636131331324577,5.909518338739872,99.9862167034402,21.22315288398671
global,related_same,100,63,0,REVOKE,context_version_changed_at_publish,17.674218863248825,7.624495308846235,99.9862167034402,21.22315288398671
global,related_same,100,64,1,EXECUTE,published_after_gate_recheck,16.561021097004414,4.348749294877052,99.9862167034402,21.22315288398671
global,related_same,100,65,1,EXECUTE,published_after_gate_recheck,17.89654605090618,3.949088975787163,99.9862167034402,21.22315288398671
global,related_same,100,66,0,REVOKE,context_version_changed_at_publish,17.57593499496579,6.842176895588636,99.9862167034402,21.22315288398671
global,related_same,100,67,0,REVOKE,context_version_changed_at_publish,19.067412707954645,7.909188978374004,99.9862167034402,21.22315288398671
global,related_same,100,68,1,EXECUTE,published_after_gate_recheck,15.617511235177517,4.5723682269454,99.9862167034402,21.22315288398671
global,related_same,100,69,1,EXECUTE,published_after_gate_recheck,18.969919998198748,4.4211046770215034,99.9862167034402,21.22315288398671
global,related_same,100,70,0,REVOKE,context_version_changed_at_publish,16.55700383707881,5.758753977715969,99.9862167034402,21.22315288398671
global,related_same,100,71,0,REVOKE,context_version_changed_at_publish,19.459539093077183,8.730548899620771,99.9862167034402,21.22315288398671
global,related_same,100,72,0,REVOKE,context_version_changed_at_publish,17.190161161124706,7.016614079475403,99.9862167034402,21.22315288398671
global,related_same,100,73,1,EXECUTE,published_after_gate_recheck,16.767077147960663,4.230346996337175,99.9862167034402,21.22315288398671
global,related_same,100,74,1,EXECUTE,published_after_gate_recheck,19.317372236400843,4.087208770215511,99.9862167034402,21.22315288398671
global,related_same,100,75,0,REVOKE,context_version_changed_at_publish,16.162953805178404,5.780423991382122,99.9862167034402,21.22315288398671
global,related_same,100,76,0,REVOKE,context_version_changed_at_publish,19.464117009192705,8.81785387173295,99.9862167034402,21.22315288398671
global,related_same,100,77,1,EXECUTE,published_after_gate_recheck,14.334273058921099,4.034730140119791,99.9862167034402,21.22315288398671
global,related_same,100,78,0,REVOKE,context_version_changed_at_publish,16.14917814731598,6.250475998967886,99.9862167034402,21.22315288398671
global,related_same,100,79,0,REVOKE,context_version_changed_at_publish,19.300620071589947,8.184174075722694,99.9862167034402,21.22315288398671
global,related_same,100,80,1,EXECUTE,published_after_gate_recheck,15.320722945034504,4.403251223266125,99.9862167034402,21.22315288398671
global,related_same,100,81,0,REVOKE,context_version_changed_at_publish,24.453667923808098,8.39629303663969,99.9862167034402,21.22315288398671
global,related_same,100,82,0,REVOKE,context_version_changed_at_publish,21.732151973992586,10.023274924606085,99.9862167034402,21.22315288398671
global,related_same,100,83,0,REVOKE,context_version_changed_at_publish,18.83433572947979,7.438184693455696,99.9862167034402,21.22315288398671
global,related_same,100,84,0,REVOKE,context_version_changed_at_publish,20.222490187734365,7.9653640277683735,99.9862167034402,21.22315288398671
global,related_same,100,85,0,REVOKE,context_version_changed_at_publish,18.965352326631546,7.7635757625103,99.9862167034402,21.22315288398671
global,related_same,100,86,0,REVOKE,context_version_changed_at_publish,20.86170995607972,8.586219046264887,99.9862167034402,21.22315288398671
global,related_same,100,87,0,REVOKE,context_version_changed_at_publish,19.333573058247566,8.054690901190042,99.9862167034402,21.22315288398671
global,related_same,100,88,0,REVOKE,context_version_changed_at_publish,19.535301253199577,7.953632157295942,99.9862167034402,21.22315288398671
global,related_same,100,89,1,EXECUTE,published_after_gate_recheck,14.807931613177061,4.179351031780243,99.9862167034402,21.22315288398671
global,related_same,100,90,1,EXECUTE,published_after_gate_recheck,19.860992208123207,4.027646966278553,99.9862167034402,21.22315288398671
global,related_same,100,91,0,REVOKE,context_version_changed_at_publish,19.091487862169743,6.9542876444756985,99.9862167034402,21.22315288398671
global,related_same,100,92,0,REVOKE,context_version_changed_at_publish,18.16089218482375,5.978635977953672,99.9862167034402,21.22315288398671
global,related_same,100,93,0,REVOKE,context_version_changed_at_publish,18.06027302518487,7.129835896193981,99.9862167034402,21.22315288398671
global,related_same,100,94,0,REVOKE,context_version_changed_at_publish,19.451403059065342,8.19634785875678,99.9862167034402,21.22315288398671
global,related_same,100,95,1,EXECUTE,published_after_gate_recheck,14.736087061464787,4.3870313093066216,99.9862167034402,21.22315288398671
global,related_same,100,96,1,EXECUTE,published_after_gate_recheck,19.80088884010911,4.532975144684315,99.9862167034402,21.22315288398671
global,related_same,100,97,0,REVOKE,context_version_changed_at_publish,16.846566926687956,6.338140927255154,99.9862167034402,21.22315288398671
global,related_same,100,98,0,REVOKE,context_version_changed_at_publish,17.963311169296503,7.273877039551735,99.9862167034402,21.22315288398671
global,related_same,100,99,1,EXECUTE,published_after_gate_recheck,15.226847026497126,4.291841760277748,99.9862167034402,21.22315288398671
readset,related_same,100,0,1,EXECUTE,published_after_gate_recheck,21.666548680514097,7.790727075189352,99.96026424111155,52.2227559070499
readset,related_same,100,1,1,EXECUTE,published_after_gate_recheck,21.406662184745073,8.920486085116863,99.96026424111155,52.2227559070499
readset,related_same,100,2,1,EXECUTE,published_after_gate_recheck,18.31849804148078,6.653593387454748,99.96026424111155,52.2227559070499
readset,related_same,100,3,1,EXECUTE,published_after_gate_recheck,16.16602996364236,4.574072081595659,99.96026424111155,52.2227559070499
readset,related_same,100,4,1,EXECUTE,published_after_gate_recheck,19.83596384525299,4.896136000752449,99.96026424111155,52.2227559070499
readset,related_same,100,5,1,EXECUTE,published_after_gate_recheck,25.386108085513115,9.424862917512655,99.96026424111155,52.2227559070499
readset,related_same,100,6,1,EXECUTE,published_after_gate_recheck,19.567552022635937,8.109263610094786,99.96026424111155,52.2227559070499
readset,related_same,100,7,1,EXECUTE,published_after_gate_recheck,19.704298116266727,8.626834955066442,99.96026424111155,52.2227559070499
readset,related_same,100,8,1,EXECUTE,published_after_gate_recheck,31.448963098227978,9.779768995940685,99.96026424111155,52.2227559070499
readset,related_same,100,9,1,EXECUTE,published_after_gate_recheck,18.15928891301155,6.66841072961688,99.96026424111155,52.2227559070499
readset,related_same,100,10,1,EXECUTE,published_after_gate_recheck,14.309637248516083,4.296340048313141,99.96026424111155,52.2227559070499
readset,related_same,100,11,1,EXECUTE,published_after_gate_recheck,16.914675012230873,6.034431979060173,99.96026424111155,52.2227559070499
readset,related_same,100,12,1,EXECUTE,published_after_gate_recheck,16.913191881030798,5.415691062808037,99.96026424111155,52.2227559070499
readset,related_same,100,13,1,EXECUTE,published_after_gate_recheck,16.209180932492018,4.340232815593481,99.96026424111155,52.2227559070499
readset,related_same,100,14,1,EXECUTE,published_after_gate_recheck,17.5860240124166,4.332568030804396,99.96026424111155,52.2227559070499
readset,related_same,100,15,1,EXECUTE,published_after_gate_recheck,17.817188054323196,5.844555329531431,99.96026424111155,52.2227559070499
readset,related_same,100,16,1,EXECUTE,published_after_gate_recheck,18.013104796409607,7.924476638436317,99.96026424111155,52.2227559070499
readset,related_same,100,17,1,EXECUTE,published_after_gate_recheck,16.32007770240307,4.50069410726428,99.96026424111155,52.2227559070499
readset,related_same,100,18,1,EXECUTE,published_after_gate_recheck,23.476575035601854,6.772385910153389,99.96026424111155,52.2227559070499
readset,related_same,100,19,1,EXECUTE,published_after_gate_recheck,16.228606924414635,4.154464229941368,99.96026424111155,52.2227559070499
readset,related_same,100,20,1,EXECUTE,published_after_gate_recheck,18.418455962091684,6.339633837342262,99.96026424111155,52.2227559070499
readset,related_same,100,21,1,EXECUTE,published_after_gate_recheck,17.70503679290414,5.940134171396494,99.96026424111155,52.2227559070499
readset,related_same,100,22,1,EXECUTE,published_after_gate_recheck,20.160213112831116,8.594995830208063,99.96026424111155,52.2227559070499
readset,related_same,100,23,1,EXECUTE,published_after_gate_recheck,19.050430972129107,7.3524839244782925,99.96026424111155,52.2227559070499
readset,related_same,100,24,1,EXECUTE,published_after_gate_recheck,21.118912380188704,9.141050279140472,99.96026424111155,52.2227559070499
readset,related_same,100,25,1,EXECUTE,published_after_gate_recheck,18.928532022982836,7.124427240341902,99.96026424111155,52.2227559070499
readset,related_same,100,26,1,EXECUTE,published_after_gate_recheck,15.54186875000596,4.666364751756191,99.96026424111155,52.2227559070499
readset,related_same,100,27,1,EXECUTE,published_after_gate_recheck,18.04472366347909,4.238051362335682,99.96026424111155,52.2227559070499
readset,related_same,100,28,1,EXECUTE,published_after_gate_recheck,20.677302964031696,4.747466649860144,99.96026424111155,52.2227559070499
readset,related_same,100,29,1,EXECUTE,published_after_gate_recheck,18.940744921565056,4.132723901420832,99.96026424111155,52.2227559070499
readset,related_same,100,30,1,EXECUTE,published_after_gate_recheck,17.2195159830153,6.060890853404999,99.96026424111155,52.2227559070499
readset,related_same,100,31,1,EXECUTE,published_after_gate_recheck,17.801017966121435,6.816989276558161,99.96026424111155,52.2227559070499
readset,related_same,100,32,1,EXECUTE,published_after_gate_recheck,15.56002302095294,4.1578710079193115,99.96026424111155,52.2227559070499
readset,related_same,100,33,1,EXECUTE,published_after_gate_recheck,24.634648114442825,7.4977269396185875,99.96026424111155,52.2227559070499
readset,related_same,100,34,1,EXECUTE,published_after_gate_recheck,15.712459105998278,4.6680080704391,99.96026424111155,52.2227559070499
readset,related_same,100,35,1,EXECUTE,published_after_gate_recheck,17.711589112877846,6.331708747893572,99.96026424111155,52.2227559070499
readset,related_same,100,36,1,EXECUTE,published_after_gate_recheck,17.626440152525902,6.0478560626506805,99.96026424111155,52.2227559070499
readset,related_same,100,37,1,EXECUTE,published_after_gate_recheck,14.97464394196868,4.370730370283127,99.96026424111155,52.2227559070499
readset,related_same,100,38,1,EXECUTE,published_after_gate_recheck,16.985236667096615,4.638381768018007,99.96026424111155,52.2227559070499
readset,related_same,100,39,1,EXECUTE,published_after_gate_recheck,17.626799643039703,6.126022897660732,99.96026424111155,52.2227559070499
readset,related_same,100,40,1,EXECUTE,published_after_gate_recheck,18.912602681666613,7.96804903075099,99.96026424111155,52.2227559070499
readset,related_same,100,41,1,EXECUTE,published_after_gate_recheck,15.88647486642003,4.9784197472035885,99.96026424111155,52.2227559070499
readset,related_same,100,42,1,EXECUTE,published_after_gate_recheck,18.002395052462816,6.364812143146992,99.96026424111155,52.2227559070499
readset,related_same,100,43,1,EXECUTE,published_after_gate_recheck,17.410804983228445,5.986322183161974,99.96026424111155,52.2227559070499
readset,related_same,100,44,1,EXECUTE,published_after_gate_recheck,20.873972214758396,8.819345850497484,99.96026424111155,52.2227559070499
readset,related_same,100,45,1,EXECUTE,published_after_gate_recheck,18.415320198982954,7.067169062793255,99.96026424111155,52.2227559070499
readset,related_same,100,46,1,EXECUTE,published_after_gate_recheck,19.631471950560808,8.697237819433212,99.96026424111155,52.2227559070499
readset,related_same,100,47,1,EXECUTE,published_after_gate_recheck,15.506792813539505,4.404474049806595,99.96026424111155,52.2227559070499
readset,related_same,100,48,1,EXECUTE,published_after_gate_recheck,21.212697960436344,5.696237087249756,99.96026424111155,52.2227559070499
readset,related_same,100,49,1,EXECUTE,published_after_gate_recheck,19.795839209109545,5.579117685556412,99.96026424111155,52.2227559070499
readset,related_same,100,50,1,EXECUTE,published_after_gate_recheck,18.487855792045593,4.206051118671894,99.96026424111155,52.2227559070499
readset,related_same,100,51,1,EXECUTE,published_after_gate_recheck,18.2645870372653,4.155046306550503,99.96026424111155,52.2227559070499
readset,related_same,100,52,1,EXECUTE,published_after_gate_recheck,17.205609939992428,6.500787101686001,99.96026424111155,52.2227559070499
readset,related_same,100,53,1,EXECUTE,published_after_gate_recheck,19.83679598197341,5.843013059347868,99.96026424111155,52.2227559070499
readset,related_same,100,54,1,EXECUTE,published_after_gate_recheck,26.1835940182209,14.567249920219183,99.96026424111155,52.2227559070499
readset,related_same,100,55,1,EXECUTE,published_after_gate_recheck,17.1204200014472,4.559474065899849,99.96026424111155,52.2227559070499
readset,related_same,100,56,1,EXECUTE,published_after_gate_recheck,26.11963404342532,9.658870752900839,99.96026424111155,52.2227559070499
readset,related_same,100,57,1,EXECUTE,published_after_gate_recheck,18.712978344410658,8.2374750636518,99.96026424111155,52.2227559070499
readset,related_same,100,58,1,EXECUTE,published_after_gate_recheck,20.971545949578285,9.648993145674467,99.96026424111155,52.2227559070499
readset,related_same,100,59,1,EXECUTE,published_after_gate_recheck,17.661134246736765,7.021543104201555,99.96026424111155,52.2227559070499
readset,related_same,100,60,1,EXECUTE,published_after_gate_recheck,16.300562769174576,4.492568783462048,99.96026424111155,52.2227559070499
readset,related_same,100,61,1,EXECUTE,published_after_gate_recheck,20.489131100475788,4.849757999181747,99.96026424111155,52.2227559070499
readset,related_same,100,62,1,EXECUTE,published_after_gate_recheck,20.088298246264458,4.880937281996012,99.96026424111155,52.2227559070499
readset,related_same,100,63,1,EXECUTE,published_after_gate_recheck,18.221366219222546,4.292763769626617,99.96026424111155,52.2227559070499
readset,related_same,100,64,1,EXECUTE,published_after_gate_recheck,18.13866989687085,6.201955955475569,99.96026424111155,52.2227559070499
readset,related_same,100,65,1,EXECUTE,published_after_gate_recheck,17.945227678865194,6.9283489137887955,99.96026424111155,52.2227559070499
readset,related_same,100,66,1,EXECUTE,published_after_gate_recheck,21.471734158694744,8.833223022520542,99.96026424111155,52.2227559070499
readset,related_same,100,67,1,EXECUTE,published_after_gate_recheck,18.388058058917522,6.49387389421463,99.96026424111155,52.2227559070499
readset,related_same,100,68,1,EXECUTE,published_after_gate_recheck,21.464860998094082,8.023672737181187,99.96026424111155,52.2227559070499
readset,related_same,100,69,1,EXECUTE,published_after_gate_recheck,19.17382190003991,7.206620182842016,99.96026424111155,52.2227559070499
readset,related_same,100,70,1,EXECUTE,published_after_gate_recheck,18.85772030800581,8.767368737608194,99.96026424111155,52.2227559070499
readset,related_same,100,71,1,EXECUTE,published_after_gate_recheck,19.80384485796094,7.33702490106225,99.96026424111155,52.2227559070499
readset,related_same,100,72,1,EXECUTE,published_after_gate_recheck,21.025015972554684,9.34065505862236,99.96026424111155,52.2227559070499
readset,related_same,100,73,1,EXECUTE,published_after_gate_recheck,19.048096612095833,8.443981874734163,99.96026424111155,52.2227559070499
readset,related_same,100,74,1,EXECUTE,published_after_gate_recheck,19.6530818939209,8.028973825275898,99.96026424111155,52.2227559070499
readset,related_same,100,75,1,EXECUTE,published_after_gate_recheck,19.71777295693755,8.03227024152875,99.96026424111155,52.2227559070499
readset,related_same,100,76,1,EXECUTE,published_after_gate_recheck,17.83006126061082,5.876485258340836,99.96026424111155,52.2227559070499
readset,related_same,100,77,1,EXECUTE,published_after_gate_recheck,21.730249281972647,7.788161747157574,99.96026424111155,52.2227559070499
readset,related_same,100,78,1,EXECUTE,published_after_gate_recheck,17.17849913984537,4.988189321011305,99.96026424111155,52.2227559070499
readset,related_same,100,79,1,EXECUTE,published_after_gate_recheck,18.11621943488717,4.700428806245327,99.96026424111155,52.2227559070499
readset,related_same,100,80,1,EXECUTE,published_after_gate_recheck,18.060424365103245,6.523699965327978,99.96026424111155,52.2227559070499
readset,related_same,100,81,1,EXECUTE,published_after_gate_recheck,19.037806894630194,6.053406745195389,99.96026424111155,52.2227559070499
readset,related_same,100,82,1,EXECUTE,published_after_gate_recheck,16.56764280050993,5.386645905673504,99.96026424111155,52.2227559070499
readset,related_same,100,83,1,EXECUTE,published_after_gate_recheck,22.777733858674765,9.742718655616045,99.96026424111155,52.2227559070499
readset,related_same,100,84,1,EXECUTE,published_after_gate_recheck,19.71208304166794,8.151454385370016,99.96026424111155,52.2227559070499
readset,related_same,100,85,1,EXECUTE,published_after_gate_recheck,17.79627799987793,5.92480506747961,99.96026424111155,52.2227559070499
readset,related_same,100,86,1,EXECUTE,published_after_gate_recheck,15.600488055497408,4.5231361873447895,99.96026424111155,52.2227559070499
readset,related_same,100,87,1,EXECUTE,published_after_gate_recheck,18.975249957293272,4.392610862851143,99.96026424111155,52.2227559070499
readset,related_same,100,88,1,EXECUTE,published_after_gate_recheck,17.663167789578438,4.112346097826958,99.96026424111155,52.2227559070499
readset,related_same,100,89,1,EXECUTE,published_after_gate_recheck,20.14319086447358,8.625844027847052,99.96026424111155,52.2227559070499
readset,related_same,100,90,1,EXECUTE,published_after_gate_recheck,16.88616117462516,5.755939055234194,99.96026424111155,52.2227559070499
readset,related_same,100,91,1,EXECUTE,published_after_gate_recheck,21.085530053824186,8.090418763458729,99.96026424111155,52.2227559070499
readset,related_same,100,92,1,EXECUTE,published_after_gate_recheck,20.133163314312696,7.996872998774052,99.96026424111155,52.2227559070499
readset,related_same,100,93,1,EXECUTE,published_after_gate_recheck,14.91976110264659,4.230066202580929,99.96026424111155,52.2227559070499
readset,related_same,100,94,1,EXECUTE,published_after_gate_recheck,24.02288978919387,7.882448844611645,99.96026424111155,52.2227559070499
readset,related_same,100,95,1,EXECUTE,published_after_gate_recheck,15.756129752844572,4.3489886447787285,99.96026424111155,52.2227559070499
readset,related_same,100,96,1,EXECUTE,published_after_gate_recheck,25.998796802014112,9.911684785038233,99.96026424111155,52.2227559070499
readset,related_same,100,97,1,EXECUTE,published_after_gate_recheck,20.20301390439272,8.342470973730087,99.96026424111155,52.2227559070499
readset,related_same,100,98,1,EXECUTE,published_after_gate_recheck,19.416367169469595,6.497140042483807,99.96026424111155,52.2227559070499
readset,related_same,100,99,1,EXECUTE,published_after_gate_recheck,20.718070212751627,8.655278012156487,99.96026424111155,52.2227559070499
global,unrelated,500,0,0,REVOKE,context_version_changed_at_publish,35.274239256978035,10.904076974838972,198.15496835442323,0.0
global,unrelated,500,1,0,REVOKE,context_version_changed_at_publish,38.04998705163598,11.06814481317997,198.15496835442323,0.0
global,unrelated,500,2,0,REVOKE,context_version_changed_at_publish,307.34136514365673,10.946888010948896,198.15496835442323,0.0
global,unrelated,500,3,0,REVOKE,context_version_changed_at_publish,105.33356992527843,13.661670964211226,198.15496835442323,0.0
global,unrelated,500,4,0,REVOKE,context_version_changed_at_publish,67.64156464487314,54.53260103240609,198.15496835442323,0.0
global,unrelated,500,5,0,REVOKE,context_version_changed_at_publish,34.595625940710306,13.965009711682796,198.15496835442323,0.0
global,unrelated,500,6,0,REVOKE,context_version_changed_at_publish,47.1864091232419,27.52452017739415,198.15496835442323,0.0
global,unrelated,500,7,0,REVOKE,context_version_changed_at_publish,134.7530260682106,59.53877279534936,198.15496835442323,0.0
global,unrelated,500,8,0,REVOKE,context_version_changed_at_publish,46.31627583876252,11.43025467172265,198.15496835442323,0.0
global,unrelated,500,9,0,REVOKE,context_version_changed_at_publish,79.26355907693505,11.941343080252409,198.15496835442323,0.0
global,unrelated,500,10,0,REVOKE,context_version_changed_at_publish,96.51754098013043,70.23520115762949,198.15496835442323,0.0
global,unrelated,500,11,0,REVOKE,context_version_changed_at_publish,40.21146195009351,11.699629947543144,198.15496835442323,0.0
global,unrelated,500,12,0,REVOKE,context_version_changed_at_publish,28.806094080209732,11.169696226716042,198.15496835442323,0.0
global,unrelated,500,13,0,REVOKE,context_version_changed_at_publish,34.48370611295104,12.148302048444748,198.15496835442323,0.0
global,unrelated,500,14,0,REVOKE,context_version_changed_at_publish,68.56826366856694,9.792502038180828,198.15496835442323,0.0
global,unrelated,500,15,0,REVOKE,context_version_changed_at_publish,47.60630615055561,18.522370140999556,198.15496835442323,0.0
global,unrelated,500,16,0,REVOKE,context_version_changed_at_publish,196.93668000400066,11.286985594779253,198.15496835442323,0.0
global,unrelated,500,17,0,REVOKE,context_version_changed_at_publish,298.1528560630977,220.28030641376972,198.15496835442323,0.0
global,unrelated,500,18,0,REVOKE,context_version_changed_at_publish,318.46904195845127,11.372535955160856,198.15496835442323,0.0
global,unrelated,500,19,0,REVOKE,context_version_changed_at_publish,32.161178067326546,11.338583193719387,198.15496835442323,0.0
global,unrelated,500,20,0,REVOKE,context_version_changed_at_publish,36.04248072952032,10.393719654530287,198.15496835442323,0.0
global,unrelated,500,21,0,REVOKE,context_version_changed_at_publish,46.69328313320875,11.30067091435194,198.15496835442323,0.0
global,unrelated,500,22,0,REVOKE,context_version_changed_at_publish,89.60996102541685,12.633571866899729,198.15496835442323,0.0
global,unrelated,500,23,0,REVOKE,context_version_changed_at_publish,221.81409318000078,11.647372040897608,198.15496835442323,0.0
global,unrelated,500,24,0,REVOKE,context_version_changed_at_publish,56.882187724113464,11.242562904953957,198.15496835442323,0.0
global,unrelated,500,25,0,REVOKE,context_version_changed_at_publish,48.98088471964002,12.339981272816658,198.15496835442323,0.0
global,unrelated,500,26,0,REVOKE,context_version_changed_at_publish,43.38708007708192,11.354973074048758,198.15496835442323,0.0
global,unrelated,500,27,0,REVOKE,context_version_changed_at_publish,29.649626929312944,10.771939065307379,198.15496835442323,0.0
global,unrelated,500,28,0,REVOKE,context_version_changed_at_publish,47.1432376652956,19.621422048658133,198.15496835442323,0.0
global,unrelated,500,29,0,REVOKE,context_version_changed_at_publish,29.504775069653988,10.549922939389944,198.15496835442323,0.0
global,unrelated,500,30,0,REVOKE,context_version_changed_at_publish,28.63646624609828,10.413547046482563,198.15496835442323,0.0
global,unrelated,500,31,0,REVOKE,context_version_changed_at_publish,305.26898615062237,284.3570630066097,198.15496835442323,0.0
global,unrelated,500,32,0,REVOKE,context_version_changed_at_publish,181.41298508271575,144.30185966193676,198.15496835442323,0.0
global,unrelated,500,33,0,REVOKE,context_version_changed_at_publish,44.449844397604465,10.202711913734674,198.15496835442323,0.0
global,unrelated,500,34,0,REVOKE,context_version_changed_at_publish,218.25964516028762,197.11875217035413,198.15496835442323,0.0
global,unrelated,500,35,0,REVOKE,context_version_changed_at_publish,37.20372915267944,10.229952167719603,198.15496835442323,0.0
global,unrelated,500,36,0,REVOKE,context_version_changed_at_publish,40.10732704773545,11.089474894106388,198.15496835442323,0.0
global,unrelated,500,37,0,REVOKE,context_version_changed_at_publish,27.683108113706112,11.146422009915113,198.15496835442323,0.0
global,unrelated,500,38,0,REVOKE,context_version_changed_at_publish,179.62930910289288,76.5582537278533,198.15496835442323,0.0
global,unrelated,500,39,0,REVOKE,context_version_changed_at_publish,28.898478019982576,10.652384720742702,198.15496835442323,0.0
global,unrelated,500,40,0,REVOKE,context_version_changed_at_publish,159.8840751685202,11.06566982343793,198.15496835442323,0.0
global,unrelated,500,41,0,REVOKE,context_version_changed_at_publish,157.53511805087328,10.76069800183177,198.15496835442323,0.0
global,unrelated,500,42,0,REVOKE,context_version_changed_at_publish,29.681676998734474,10.953669901937246,198.15496835442323,0.0
global,unrelated,500,43,0,REVOKE,context_version_changed_at_publish,33.9121138677001,10.800682939589024,198.15496835442323,0.0
global,unrelated,500,44,0,REVOKE,context_version_changed_at_publish,217.19829412177205,199.0922149270773,198.15496835442323,0.0
global,unrelated,500,45,0,REVOKE,context_version_changed_at_publish,153.9299339056015,51.21534690260887,198.15496835442323,0.0
global,unrelated,500,46,0,REVOKE,context_version_changed_at_publish,124.3777796626091,89.01338092982769,198.15496835442323,0.0
global,unrelated,500,47,0,REVOKE,context_version_changed_at_publish,126.06337200850248,10.815450921654701,198.15496835442323,0.0
global,unrelated,500,48,0,REVOKE,context_version_changed_at_publish,135.51415409892797,11.147344019263983,198.15496835442323,0.0
global,unrelated,500,49,0,REVOKE,context_version_changed_at_publish,330.6067339144647,50.69741513580084,198.15496835442323,0.0
global,unrelated,500,50,0,REVOKE,context_version_changed_at_publish,97.54612995311618,64.4392273388803,198.15496835442323,0.0
global,unrelated,500,51,0,REVOKE,context_version_changed_at_publish,30.52549995481968,11.018061079084873,198.15496835442323,0.0
global,unrelated,500,52,0,REVOKE,context_version_changed_at_publish,47.69747704267502,11.464498937129974,198.15496835442323,0.0
global,unrelated,500,53,0,REVOKE,context_version_changed_at_publish,62.147106975317,24.962603114545345,198.15496835442323,0.0
global,unrelated,500,54,0,REVOKE,context_version_changed_at_publish,28.830058872699738,9.366353042423725,198.15496835442323,0.0
global,unrelated,500,55,0,REVOKE,context_version_changed_at_publish,41.10966809093952,10.725381784141064,198.15496835442323,0.0
global,unrelated,500,56,0,REVOKE,context_version_changed_at_publish,56.21768208220601,20.663887728005648,198.15496835442323,0.0
global,unrelated,500,57,0,REVOKE,context_version_changed_at_publish,147.09563134238124,19.219497684389353,198.15496835442323,0.0
global,unrelated,500,58,0,REVOKE,context_version_changed_at_publish,37.688449025154114,18.3293791487813,198.15496835442323,0.0
global,unrelated,500,59,0,REVOKE,context_version_changed_at_publish,144.60500935092568,39.900547824800014,198.15496835442323,0.0
global,unrelated,500,60,0,REVOKE,context_version_changed_at_publish,33.79753930494189,10.487366002053022,198.15496835442323,0.0
global,unrelated,500,61,0,REVOKE,context_version_changed_at_publish,38.34281722083688,10.133150964975357,198.15496835442323,0.0
global,unrelated,500,62,0,REVOKE,context_version_changed_at_publish,61.19437888264656,27.43351925164461,198.15496835442323,0.0
global,unrelated,500,63,0,REVOKE,context_version_changed_at_publish,30.566946603357792,11.178212240338326,198.15496835442323,0.0
global,unrelated,500,64,0,REVOKE,context_version_changed_at_publish,65.96949836239219,10.719532147049904,198.15496835442323,0.0
global,unrelated,500,65,0,REVOKE,context_version_changed_at_publish,39.11298094317317,20.70344192907214,198.15496835442323,0.0
global,unrelated,500,66,0,REVOKE,context_version_changed_at_publish,28.617721050977707,10.634420905262232,198.15496835442323,0.0
global,unrelated,500,67,0,REVOKE,context_version_changed_at_publish,41.131057776510715,19.706692080944777,198.15496835442323,0.0
global,unrelated,500,68,0,REVOKE,context_version_changed_at_publish,29.452748131006956,10.930617805570364,198.15496835442323,0.0
global,unrelated,500,69,0,REVOKE,context_version_changed_at_publish,171.78165586665273,151.04980999603868,198.15496835442323,0.0
global,unrelated,500,70,0,REVOKE,context_version_changed_at_publish,54.2679438367486,18.659879453480244,198.15496835442323,0.0
global,unrelated,500,71,0,REVOKE,context_version_changed_at_publish,162.9688716493547,23.49375793710351,198.15496835442323,0.0
global,unrelated,500,72,0,REVOKE,context_version_changed_at_publish,37.47854474931955,19.79429740458727,198.15496835442323,0.0
global,unrelated,500,73,0,REVOKE,context_version_changed_at_publish,74.78201203048229,39.62389938533306,198.15496835442323,0.0
global,unrelated,500,74,0,REVOKE,context_version_changed_at_publish,66.513960249722,10.858462192118168,198.15496835442323,0.0
global,unrelated,500,75,0,REVOKE,context_version_changed_at_publish,29.176157899200916,11.000939179211855,198.15496835442323,0.0
global,unrelated,500,76,0,REVOKE,context_version_changed_at_publish,27.808703016489744,11.24927494674921,198.15496835442323,0.0
global,unrelated,500,77,0,REVOKE,context_version_changed_at_publish,36.82543011382222,10.496192146092653,198.15496835442323,0.0
global,unrelated,500,78,0,REVOKE,context_version_changed_at_publish,105.17006320878863,81.15939609706402,198.15496835442323,0.0
global,unrelated,500,79,0,REVOKE,context_version_changed_at_publish,28.19031896069646,11.244276072829962,198.15496835442323,0.0
global,unrelated,500,80,0,REVOKE,context_version_changed_at_publish,26.62931103259325,10.669306851923466,198.15496835442323,0.0
global,unrelated,500,81,0,REVOKE,context_version_changed_at_publish,26.814968790858984,12.756191659718752,198.15496835442323,0.0
global,unrelated,500,82,0,REVOKE,context_version_changed_at_publish,24.135451298207045,8.406151086091995,198.15496835442323,0.0
global,unrelated,500,83,0,REVOKE,context_version_changed_at_publish,20.823577884584665,10.197853203862906,198.15496835442323,0.0
global,unrelated,500,84,0,REVOKE,context_version_changed_at_publish,62.63355864211917,20.66072216257453,198.15496835442323,0.0
global,unrelated,500,85,0,REVOKE,context_version_changed_at_publish,39.7708248347044,11.142696253955364,198.15496835442323,0.0
global,unrelated,500,86,0,REVOKE,context_version_changed_at_publish,44.95116509497166,14.869708102196455,198.15496835442323,0.0
global,unrelated,500,87,0,REVOKE,context_version_changed_at_publish,31.815860886126757,13.104386162012815,198.15496835442323,0.0
global,unrelated,500,88,0,REVOKE,context_version_changed_at_publish,29.361324850469828,11.573652736842632,198.15496835442323,0.0
global,unrelated,500,89,0,REVOKE,context_version_changed_at_publish,272.2158841788769,170.04810413345695,198.15496835442323,0.0
global,unrelated,500,90,0,REVOKE,context_version_changed_at_publish,115.16305198892951,21.262902300804853,198.15496835442323,0.0
global,unrelated,500,91,0,REVOKE,context_version_changed_at_publish,38.84052997455001,12.692874297499657,198.15496835442323,0.0
global,unrelated,500,92,0,REVOKE,context_version_changed_at_publish,56.403471156954765,10.8591727912426,198.15496835442323,0.0
global,unrelated,500,93,0,REVOKE,context_version_changed_at_publish,96.72738378867507,10.20234078168869,198.15496835442323,0.0
global,unrelated,500,94,0,REVOKE,context_version_changed_at_publish,37.819093093276024,11.529370676726103,198.15496835442323,0.0
global,unrelated,500,95,0,REVOKE,context_version_changed_at_publish,66.52223505079746,11.392703745514154,198.15496835442323,0.0
global,unrelated,500,96,0,REVOKE,context_version_changed_at_publish,177.7564249932766,20.056940149515867,198.15496835442323,0.0
global,unrelated,500,97,0,REVOKE,context_version_changed_at_publish,27.880246751010418,10.920679196715355,198.15496835442323,0.0
global,unrelated,500,98,0,REVOKE,context_version_changed_at_publish,60.49179099500179,35.57534422725439,198.15496835442323,0.0
global,unrelated,500,99,0,REVOKE,context_version_changed_at_publish,35.486917942762375,11.446676217019558,198.15496835442323,0.0
readset,unrelated,500,0,1,EXECUTE,published_after_gate_recheck,191.3498779758811,20.971105434000492,196.56378582034,15.103517296523542
readset,unrelated,500,1,1,EXECUTE,published_after_gate_recheck,40.26164626702666,22.03046204522252,196.56378582034,15.103517296523542
readset,unrelated,500,2,1,EXECUTE,published_after_gate_recheck,36.80373914539814,19.918990787118673,196.56378582034,15.103517296523542
readset,unrelated,500,3,1,EXECUTE,published_after_gate_recheck,41.39528330415487,10.708821006119251,196.56378582034,15.103517296523542
readset,unrelated,500,4,1,EXECUTE,published_after_gate_recheck,31.987152062356472,11.392693966627121,196.56378582034,15.103517296523542
readset,unrelated,500,5,1,EXECUTE,published_after_gate_recheck,28.105138801038265,10.839326307177544,196.56378582034,15.103517296523542
readset,unrelated,500,6,1,EXECUTE,published_after_gate_recheck,281.72688838094473,223.73041883111,196.56378582034,15.103517296523542
readset,unrelated,500,7,1,EXECUTE,published_after_gate_recheck,27.96998480334878,11.111156083643436,196.56378582034,15.103517296523542
readset,unrelated,500,8,1,EXECUTE,published_after_gate_recheck,64.72895108163357,10.412003844976425,196.56378582034,15.103517296523542
readset,unrelated,500,9,1,EXECUTE,published_after_gate_recheck,101.17746330797672,20.865777041763067,196.56378582034,15.103517296523542
readset,unrelated,500,10,1,EXECUTE,published_after_gate_recheck,43.45407523214817,20.28247294947505,196.56378582034,15.103517296523542
readset,unrelated,500,11,1,EXECUTE,published_after_gate_recheck,34.121726639568806,16.628988087177277,196.56378582034,15.103517296523542
readset,unrelated,500,12,1,EXECUTE,published_after_gate_recheck,54.043733049184084,33.20522792637348,196.56378582034,15.103517296523542
readset,unrelated,500,13,1,EXECUTE,published_after_gate_recheck,52.321162074804306,11.330658104270697,196.56378582034,15.103517296523542
readset,unrelated,500,14,1,EXECUTE,published_after_gate_recheck,47.0330398529768,10.47749724239111,196.56378582034,15.103517296523542
readset,unrelated,500,15,1,EXECUTE,published_after_gate_recheck,28.460274916142225,10.915189050137997,196.56378582034,15.103517296523542
readset,unrelated,500,16,1,EXECUTE,published_after_gate_recheck,52.214521914720535,31.74200188368559,196.56378582034,15.103517296523542
readset,unrelated,500,17,1,EXECUTE,published_after_gate_recheck,45.94244388863444,26.921988930553198,196.56378582034,15.103517296523542
readset,unrelated,500,18,1,EXECUTE,published_after_gate_recheck,28.177103959023952,10.221156757324934,196.56378582034,15.103517296523542
readset,unrelated,500,19,1,EXECUTE,published_after_gate_recheck,28.226155787706375,10.189587250351906,196.56378582034,15.103517296523542
readset,unrelated,500,20,1,EXECUTE,published_after_gate_recheck,64.09658398479223,11.182569898664951,196.56378582034,15.103517296523542
readset,unrelated,500,21,1,EXECUTE,published_after_gate_recheck,37.135512102395296,10.857310146093369,196.56378582034,15.103517296523542
readset,unrelated,500,22,1,EXECUTE,published_after_gate_recheck,29.060402419418097,10.846009012311697,196.56378582034,15.103517296523542
readset,unrelated,500,23,1,EXECUTE,published_after_gate_recheck,77.29266118258238,11.926676146686077,196.56378582034,15.103517296523542
readset,unrelated,500,24,1,EXECUTE,published_after_gate_recheck,120.65962376073003,102.74634696543217,196.56378582034,15.103517296523542
readset,unrelated,500,25,1,EXECUTE,published_after_gate_recheck,31.1711011454463,11.177639942616224,196.56378582034,15.103517296523542
readset,unrelated,500,26,1,EXECUTE,published_after_gate_recheck,288.0823230370879,13.741020113229752,196.56378582034,15.103517296523542
readset,unrelated,500,27,1,EXECUTE,published_after_gate_recheck,56.33142497390509,16.731058713048697,196.56378582034,15.103517296523542
readset,unrelated,500,28,1,EXECUTE,published_after_gate_recheck,70.0687188655138,11.991618201136589,196.56378582034,15.103517296523542
readset,unrelated,500,29,1,EXECUTE,published_after_gate_recheck,56.96828989312053,12.278727255761623,196.56378582034,15.103517296523542
readset,unrelated,500,30,1,EXECUTE,published_after_gate_recheck,33.03378587588668,12.451029848307371,196.56378582034,15.103517296523542
readset,unrelated,500,31,1,EXECUTE,published_after_gate_recheck,33.71608629822731,12.602784670889378,196.56378582034,15.103517296523542
readset,unrelated,500,32,1,EXECUTE,published_after_gate_recheck,29.89812334999442,11.350855696946383,196.56378582034,15.103517296523542
readset,unrelated,500,33,1,EXECUTE,published_after_gate_recheck,104.49430625885725,84.49484407901764,196.56378582034,15.103517296523542
readset,unrelated,500,34,1,EXECUTE,published_after_gate_recheck,31.31838794797659,14.937664847820997,196.56378582034,15.103517296523542
readset,unrelated,500,35,1,EXECUTE,published_after_gate_recheck,36.53295990079641,12.730353977531195,196.56378582034,15.103517296523542
readset,unrelated,500,36,1,EXECUTE,published_after_gate_recheck,192.88182305172086,11.083313263952732,196.56378582034,15.103517296523542
readset,unrelated,500,37,1,EXECUTE,published_after_gate_recheck,96.01387614384294,12.046561110764742,196.56378582034,15.103517296523542
readset,unrelated,500,38,1,EXECUTE,published_after_gate_recheck,118.82484192028642,17.68490020185709,196.56378582034,15.103517296523542
readset,unrelated,500,39,1,EXECUTE,published_after_gate_recheck,148.47725303843617,84.66400112956762,196.56378582034,15.103517296523542
readset,unrelated,500,40,1,EXECUTE,published_after_gate_recheck,56.8363331258297,19.149236846715212,196.56378582034,15.103517296523542
readset,unrelated,500,41,1,EXECUTE,published_after_gate_recheck,54.36982540413737,30.050708912312984,196.56378582034,15.103517296523542
readset,unrelated,500,42,1,EXECUTE,published_after_gate_recheck,38.292912766337395,10.268785990774632,196.56378582034,15.103517296523542
readset,unrelated,500,43,1,EXECUTE,published_after_gate_recheck,45.64735991880298,28.857922181487083,196.56378582034,15.103517296523542
readset,unrelated,500,44,1,EXECUTE,published_after_gate_recheck,54.807405918836594,10.723419021815062,196.56378582034,15.103517296523542
readset,unrelated,500,45,1,EXECUTE,published_after_gate_recheck,30.51019087433815,11.502601206302643,196.56378582034,15.103517296523542
readset,unrelated,500,46,1,EXECUTE,published_after_gate_recheck,77.1247772499919,20.675920881330967,196.56378582034,15.103517296523542
readset,unrelated,500,47,1,EXECUTE,published_after_gate_recheck,111.32113402709365,87.77373610064387,196.56378582034,15.103517296523542
readset,unrelated,500,48,1,EXECUTE,published_after_gate_recheck,53.75670501962304,10.467077605426311,196.56378582034,15.103517296523542
readset,unrelated,500,49,1,EXECUTE,published_after_gate_recheck,76.47176180034876,55.69004267454147,196.56378582034,15.103517296523542
readset,unrelated,500,50,1,EXECUTE,published_after_gate_recheck,29.623516835272312,8.461364079266787,196.56378582034,15.103517296523542
readset,unrelated,500,51,1,EXECUTE,published_after_gate_recheck,41.22906178236008,20.70050733163953,196.56378582034,15.103517296523542
readset,unrelated,500,52,1,EXECUTE,published_after_gate_recheck,30.161006841808558,12.750460766255856,196.56378582034,15.103517296523542
readset,unrelated,500,53,1,EXECUTE,published_after_gate_recheck,185.85849599912763,157.68044022843242,196.56378582034,15.103517296523542
readset,unrelated,500,54,1,EXECUTE,published_after_gate_recheck,39.179435931146145,18.475353252142668,196.56378582034,15.103517296523542
readset,unrelated,500,55,1,EXECUTE,published_after_gate_recheck,35.68618232384324,16.663153190165758,196.56378582034,15.103517296523542
readset,unrelated,500,56,1,EXECUTE,published_after_gate_recheck,120.69893768057227,10.753304697573185,196.56378582034,15.103517296523542
readset,unrelated,500,57,1,EXECUTE,published_after_gate_recheck,66.10363908112049,13.44196917489171,196.56378582034,15.103517296523542
readset,unrelated,500,58,1,EXECUTE,published_after_gate_recheck,36.226375959813595,10.15660585835576,196.56378582034,15.103517296523542
readset,unrelated,500,59,1,EXECUTE,published_after_gate_recheck,131.10928889364004,20.606820937246084,196.56378582034,15.103517296523542
readset,unrelated,500,60,1,EXECUTE,published_after_gate_recheck,29.41111009567976,10.878690052777529,196.56378582034,15.103517296523542
readset,unrelated,500,61,1,EXECUTE,published_after_gate_recheck,27.55601890385151,10.866237338632345,196.56378582034,15.103517296523542
readset,unrelated,500,62,1,EXECUTE,published_after_gate_recheck,66.00202899426222,10.849034413695335,196.56378582034,15.103517296523542
readset,unrelated,500,63,1,EXECUTE,published_after_gate_recheck,70.35233126953244,47.75549564510584,196.56378582034,15.103517296523542
readset,unrelated,500,64,1,EXECUTE,published_after_gate_recheck,49.19643001630902,30.491776764392853,196.56378582034,15.103517296523542
readset,unrelated,500,65,1,EXECUTE,published_after_gate_recheck,29.840716160833836,10.74855588376522,196.56378582034,15.103517296523542
readset,unrelated,500,66,1,EXECUTE,published_after_gate_recheck,28.16265681758523,9.78600000962615,196.56378582034,15.103517296523542
readset,unrelated,500,67,1,EXECUTE,published_after_gate_recheck,94.59926141425967,11.48509792983532,196.56378582034,15.103517296523542
readset,unrelated,500,68,1,EXECUTE,published_after_gate_recheck,30.208385083824396,11.14626182243228,196.56378582034,15.103517296523542
readset,unrelated,500,69,1,EXECUTE,published_after_gate_recheck,119.12474501878023,20.836993120610714,196.56378582034,15.103517296523542
readset,unrelated,500,70,1,EXECUTE,published_after_gate_recheck,28.7747448310256,10.173066053539515,196.56378582034,15.103517296523542
readset,unrelated,500,71,1,EXECUTE,published_after_gate_recheck,29.48287408798933,11.664172634482384,196.56378582034,15.103517296523542
readset,unrelated,500,72,1,EXECUTE,published_after_gate_recheck,39.57006894052029,13.534842990338802,196.56378582034,15.103517296523542
readset,unrelated,500,73,1,EXECUTE,published_after_gate_recheck,41.88155476003885,11.876712087541819,196.56378582034,15.103517296523542
readset,unrelated,500,74,1,EXECUTE,published_after_gate_recheck,27.871251106262207,11.138136964291334,196.56378582034,15.103517296523542
readset,unrelated,500,75,1,EXECUTE,published_after_gate_recheck,114.18155115097761,83.64031976088881,196.56378582034,15.103517296523542
readset,unrelated,500,76,1,EXECUTE,published_after_gate_recheck,36.75353527069092,16.99385279789567,196.56378582034,15.103517296523542
readset,unrelated,500,77,1,EXECUTE,published_after_gate_recheck,40.952331852167845,14.410787262022495,196.56378582034,15.103517296523542
readset,unrelated,500,78,1,EXECUTE,published_after_gate_recheck,31.454472802579403,12.018918991088867,196.56378582034,15.103517296523542
readset,unrelated,500,79,1,EXECUTE,published_after_gate_recheck,40.618065278977156,23.961786180734634,196.56378582034,15.103517296523542
readset,unrelated,500,80,1,EXECUTE,published_after_gate_recheck,36.388710141181946,16.574416309595108,196.56378582034,15.103517296523542
readset,unrelated,500,81,1,EXECUTE,published_after_gate_recheck,46.21432488784194,28.906092047691345,196.56378582034,15.103517296523542
readset,unrelated,500,82,1,EXECUTE,published_after_gate_recheck,38.58564095571637,17.5133072771132,196.56378582034,15.103517296523542
readset,unrelated,500,83,1,EXECUTE,published_after_gate_recheck,28.525318019092083,10.44048834592104,196.56378582034,15.103517296523542
readset,unrelated,500,84,1,EXECUTE,published_after_gate_recheck,143.14705412834883,13.08841584250331,196.56378582034,15.103517296523542
readset,unrelated,500,85,1,EXECUTE,published_after_gate_recheck,28.803419321775436,10.860977228730917,196.56378582034,15.103517296523542
readset,unrelated,500,86,1,EXECUTE,published_after_gate_recheck,27.766674291342497,10.043682996183634,196.56378582034,15.103517296523542
readset,unrelated,500,87,1,EXECUTE,published_after_gate_recheck,74.2428288795054,13.510858174413443,196.56378582034,15.103517296523542
readset,unrelated,500,88,1,EXECUTE,published_after_gate_recheck,38.01574278622866,20.709384232759476,196.56378582034,15.103517296523542
readset,unrelated,500,89,1,EXECUTE,published_after_gate_recheck,30.087789054960012,10.941298212856054,196.56378582034,15.103517296523542
readset,unrelated,500,90,1,EXECUTE,published_after_gate_recheck,250.2071433700621,13.524192851036787,196.56378582034,15.103517296523542
readset,unrelated,500,91,1,EXECUTE,published_after_gate_recheck,37.87531005218625,11.427328921854496,196.56378582034,15.103517296523542
readset,unrelated,500,92,1,EXECUTE,published_after_gate_recheck,30.24306008592248,9.05900588259101,196.56378582034,15.103517296523542
readset,unrelated,500,93,1,EXECUTE,published_after_gate_recheck,57.87610402330756,12.678116094321012,196.56378582034,15.103517296523542
readset,unrelated,500,94,1,EXECUTE,published_after_gate_recheck,88.97815505042672,20.374154206365347,196.56378582034,15.103517296523542
readset,unrelated,500,95,1,EXECUTE,published_after_gate_recheck,63.493591733276844,19.737921189516783,196.56378582034,15.103517296523542
readset,unrelated,500,96,1,EXECUTE,published_after_gate_recheck,56.24883063137531,11.116687208414078,196.56378582034,15.103517296523542
readset,unrelated,500,97,1,EXECUTE,published_after_gate_recheck,59.67591004446149,13.896301854401827,196.56378582034,15.103517296523542
readset,unrelated,500,98,1,EXECUTE,published_after_gate_recheck,96.25623980537057,60.015738010406494,196.56378582034,15.103517296523542
readset,unrelated,500,99,1,EXECUTE,published_after_gate_recheck,171.50913504883647,30.023096594959497,196.56378582034,15.103517296523542
global,related_same,500,0,0,REVOKE,context_version_changed_at_publish,71.58191688358784,14.848567079752684,194.9436263734181,0.0
global,related_same,500,1,0,REVOKE,context_version_changed_at_publish,34.52602494508028,10.252926032990217,194.9436263734181,0.0
global,related_same,500,2,0,REVOKE,context_version_changed_at_publish,30.119458213448524,11.082512326538563,194.9436263734181,0.0
global,related_same,500,3,0,REVOKE,context_version_changed_at_publish,29.985907953232527,10.634412057697773,194.9436263734181,0.0
global,related_same,500,4,0,REVOKE,context_version_changed_at_publish,83.52616615593433,62.083357013762,194.9436263734181,0.0
global,related_same,500,5,0,REVOKE,context_version_changed_at_publish,35.31821211799979,12.548422906547785,194.9436263734181,0.0
global,related_same,500,6,0,REVOKE,context_version_changed_at_publish,130.1896828226745,13.458140194416046,194.9436263734181,0.0
global,related_same,500,7,0,REVOKE,context_version_changed_at_publish,57.12471390143037,35.47895327210426,194.9436263734181,0.0
global,related_same,500,8,0,REVOKE,context_version_changed_at_publish,35.396468825638294,11.31270406767726,194.9436263734181,0.0
global,related_same,500,9,0,REVOKE,context_version_changed_at_publish,36.83813288807869,14.486909843981266,194.9436263734181,0.0
global,related_same,500,10,0,REVOKE,context_version_changed_at_publish,40.437516290694475,16.601806972175837,194.9436263734181,0.0
global,related_same,500,11,0,REVOKE,context_version_changed_at_publish,37.849792279303074,21.258254069834948,194.9436263734181,0.0
global,related_same,500,12,0,REVOKE,context_version_changed_at_publish,130.47591084614396,13.243505731225014,194.9436263734181,0.0
global,related_same,500,13,0,REVOKE,context_version_changed_at_publish,201.95756014436483,11.314807925373316,194.9436263734181,0.0
global,related_same,500,14,0,REVOKE,context_version_changed_at_publish,34.063848201185465,10.429417248815298,194.9436263734181,0.0
global,related_same,500,15,0,REVOKE,context_version_changed_at_publish,160.60271300375462,58.140529319643974,194.9436263734181,0.0
global,related_same,500,16,0,REVOKE,context_version_changed_at_publish,31.205356121063232,10.888609103858471,194.9436263734181,0.0
global,related_same,500,17,0,REVOKE,context_version_changed_at_publish,47.276146709918976,20.369817037135363,194.9436263734181,0.0
global,related_same,500,18,0,REVOKE,context_version_changed_at_publish,22.355081047862768,11.083473917096853,194.9436263734181,0.0
global,related_same,500,19,0,REVOKE,context_version_changed_at_publish,46.88231693580747,20.35573124885559,194.9436263734181,0.0
global,related_same,500,20,0,REVOKE,context_version_changed_at_publish,84.36834625899792,20.610827952623367,194.9436263734181,0.0
global,related_same,500,21,0,REVOKE,context_version_changed_at_publish,31.511911191046238,12.951779179275036,194.9436263734181,0.0
global,related_same,500,22,0,REVOKE,context_version_changed_at_publish,30.915622133761644,13.654027134180069,194.9436263734181,0.0
global,related_same,500,23,0,REVOKE,context_version_changed_at_publish,68.78026109188795,46.07880022376776,194.9436263734181,0.0
global,related_same,500,24,0,REVOKE,context_version_changed_at_publish,153.70486117899418,134.93049843236804,194.9436263734181,0.0
global,related_same,500,25,0,REVOKE,context_version_changed_at_publish,271.1204090155661,200.1308831386268,194.9436263734181,0.0
global,related_same,500,26,0,REVOKE,context_version_changed_at_publish,30.268006958067417,11.613389011472464,194.9436263734181,0.0
global,related_same,500,27,0,REVOKE,context_version_changed_at_publish,161.67611628770828,20.11975785717368,194.9436263734181,0.0
global,related_same,500,28,0,REVOKE,context_version_changed_at_publish,145.8454360254109,12.150376103818417,194.9436263734181,0.0
global,related_same,500,29,0,REVOKE,context_version_changed_at_publish,169.45389797911048,122.39035218954086,194.9436263734181,0.0
global,related_same,500,30,0,REVOKE,context_version_changed_at_publish,55.61467073857784,11.279341764748096,194.9436263734181,0.0
global,related_same,500,31,0,REVOKE,context_version_changed_at_publish,32.73772122338414,12.063693255186081,194.9436263734181,0.0
global,related_same,500,32,0,REVOKE,context_version_changed_at_publish,60.85981102660298,14.369728974997997,194.9436263734181,0.0
global,related_same,500,33,0,REVOKE,context_version_changed_at_publish,241.82466696947813,10.168076027184725,194.9436263734181,0.0
global,related_same,500,34,0,REVOKE,context_version_changed_at_publish,163.15405908972025,19.732510205358267,194.9436263734181,0.0
global,related_same,500,35,0,REVOKE,context_version_changed_at_publish,103.90416905283928,10.686779860407114,194.9436263734181,0.0
global,related_same,500,36,0,REVOKE,context_version_changed_at_publish,95.64036410301924,10.544042102992535,194.9436263734181,0.0
global,related_same,500,37,0,REVOKE,context_version_changed_at_publish,70.89980831369758,44.962044805288315,194.9436263734181,0.0
global,related_same,500,38,0,REVOKE,context_version_changed_at_publish,63.86033119633794,11.871583294123411,194.9436263734181,0.0
global,related_same,500,39,0,REVOKE,context_version_changed_at_publish,82.65860890969634,62.437841668725014,194.9436263734181,0.0
global,related_same,500,40,0,REVOKE,context_version_changed_at_publish,35.65512411296368,17.090132925659418,194.9436263734181,0.0
global,related_same,500,41,0,REVOKE,context_version_changed_at_publish,50.75029516592622,14.482761267572641,194.9436263734181,0.0
global,related_same,500,42,0,REVOKE,context_version_changed_at_publish,44.83635909855366,19.354842137545347,194.9436263734181,0.0
global,related_same,500,43,0,REVOKE,context_version_changed_at_publish,67.99180200323462,13.314689975231886,194.9436263734181,0.0
global,related_same,500,44,0,REVOKE,context_version_changed_at_publish,39.8670369759202,12.44540885090828,194.9436263734181,0.0
global,related_same,500,45,0,REVOKE,context_version_changed_at_publish,42.34700929373503,15.281459782272577,194.9436263734181,0.0
global,related_same,500,46,0,REVOKE,context_version_changed_at_publish,34.3567980453372,14.656046871095896,194.9436263734181,0.0
global,related_same,500,47,0,REVOKE,context_version_changed_at_publish,46.43233306705952,11.405458208173513,194.9436263734181,0.0
global,related_same,500,48,0,REVOKE,context_version_changed_at_publish,99.34984380379319,21.80466800928116,194.9436263734181,0.0
global,related_same,500,49,0,REVOKE,context_version_changed_at_publish,57.2039820253849,20.93010814860463,194.9436263734181,0.0
global,related_same,500,50,0,REVOKE,context_version_changed_at_publish,99.7439632192254,11.331148911267519,194.9436263734181,0.0
global,related_same,500,51,0,REVOKE,context_version_changed_at_publish,33.025199081748724,11.179593857377768,194.9436263734181,0.0
global,related_same,500,52,0,REVOKE,context_version_changed_at_publish,67.87162600085139,12.284377124160528,194.9436263734181,0.0
global,related_same,500,53,0,REVOKE,context_version_changed_at_publish,324.20968171209097,278.6427619867027,194.9436263734181,0.0
global,related_same,500,54,0,REVOKE,context_version_changed_at_publish,37.883845157921314,13.163476716727018,194.9436263734181,0.0
global,related_same,500,55,0,REVOKE,context_version_changed_at_publish,98.81335822865367,77.94363284483552,194.9436263734181,0.0
global,related_same,500,56,0,REVOKE,context_version_changed_at_publish,24.934529792517424,10.192241985350847,194.9436263734181,0.0
global,related_same,500,57,0,REVOKE,context_version_changed_at_publish,28.342393692582846,9.821868035942316,194.9436263734181,0.0
global,related_same,500,58,0,REVOKE,context_version_changed_at_publish,51.71263124793768,31.734006945043802,194.9436263734181,0.0
global,related_same,500,59,0,REVOKE,context_version_changed_at_publish,48.22303308174014,13.16663296893239,194.9436263734181,0.0
global,related_same,500,60,0,REVOKE,context_version_changed_at_publish,30.96543624997139,10.379662737250328,194.9436263734181,0.0
global,related_same,500,61,0,REVOKE,context_version_changed_at_publish,32.57265081629157,11.7982248775661,194.9436263734181,0.0
global,related_same,500,62,0,REVOKE,context_version_changed_at_publish,158.65794382989407,139.38544737175107,194.9436263734181,0.0
global,related_same,500,63,0,REVOKE,context_version_changed_at_publish,132.67517695203424,29.243684839457273,194.9436263734181,0.0
global,related_same,500,64,0,REVOKE,context_version_changed_at_publish,31.405140180140734,11.012602131813765,194.9436263734181,0.0
global,related_same,500,65,0,REVOKE,context_version_changed_at_publish,32.05956798046827,12.062421068549156,194.9436263734181,0.0
global,related_same,500,66,0,REVOKE,context_version_changed_at_publish,55.438920855522156,10.182713624089956,194.9436263734181,0.0
global,related_same,500,67,0,REVOKE,context_version_changed_at_publish,36.12133860588074,9.928797837346792,194.9436263734181,0.0
global,related_same,500,68,0,REVOKE,context_version_changed_at_publish,100.11029103770852,19.81022721156478,194.9436263734181,0.0
global,related_same,500,69,0,REVOKE,context_version_changed_at_publish,86.83272125199437,10.94881072640419,194.9436263734181,0.0
global,related_same,500,70,0,REVOKE,context_version_changed_at_publish,46.25563230365515,11.521336156874895,194.9436263734181,0.0
global,related_same,500,71,0,REVOKE,context_version_changed_at_publish,268.7763520516455,84.33236880227923,194.9436263734181,0.0
global,related_same,500,72,0,REVOKE,context_version_changed_at_publish,152.27441815659404,10.917292907834053,194.9436263734181,0.0
global,related_same,500,73,0,REVOKE,context_version_changed_at_publish,119.39654406160116,11.117628309875727,194.9436263734181,0.0
global,related_same,500,74,0,REVOKE,context_version_changed_at_publish,48.23682922869921,10.839978232979774,194.9436263734181,0.0
global,related_same,500,75,0,REVOKE,context_version_changed_at_publish,106.31720628589392,30.854757875204086,194.9436263734181,0.0
global,related_same,500,76,0,REVOKE,context_version_changed_at_publish,65.82817295566201,11.53604406863451,194.9436263734181,0.0
global,related_same,500,77,0,REVOKE,context_version_changed_at_publish,225.12222034856677,12.829940766096115,194.9436263734181,0.0
global,related_same,500,78,0,REVOKE,context_version_changed_at_publish,41.179748717695475,12.958311010152102,194.9436263734181,0.0
global,related_same,500,79,0,REVOKE,context_version_changed_at_publish,29.801021330058575,12.149283662438393,194.9436263734181,0.0
global,related_same,500,80,0,REVOKE,context_version_changed_at_publish,46.867309138178825,10.573037434369326,194.9436263734181,0.0
global,related_same,500,81,0,REVOKE,context_version_changed_at_publish,65.44359121471643,10.946225840598345,194.9436263734181,0.0
global,related_same,500,82,0,REVOKE,context_version_changed_at_publish,59.590991120785475,23.167595732957125,194.9436263734181,0.0
global,related_same,500,83,0,REVOKE,context_version_changed_at_publish,41.135554667562246,18.761650193482637,194.9436263734181,0.0
global,related_same,500,84,0,REVOKE,context_version_changed_at_publish,58.576256968081,15.77333314344287,194.9436263734181,0.0
global,related_same,500,85,0,REVOKE,context_version_changed_at_publish,97.44222508743405,67.33371689915657,194.9436263734181,0.0
global,related_same,500,86,0,REVOKE,context_version_changed_at_publish,83.72496906667948,10.404158849269152,194.9436263734181,0.0
global,related_same,500,87,0,REVOKE,context_version_changed_at_publish,29.5739253051579,11.033831164240837,194.9436263734181,0.0
global,related_same,500,88,0,REVOKE,context_version_changed_at_publish,42.668201960623264,10.963579174131155,194.9436263734181,0.0
global,related_same,500,89,0,REVOKE,context_version_changed_at_publish,39.31164462119341,11.594993993639946,194.9436263734181,0.0
global,related_same,500,90,0,REVOKE,context_version_changed_at_publish,145.04648698493838,30.568810645490885,194.9436263734181,0.0
global,related_same,500,91,0,REVOKE,context_version_changed_at_publish,31.76720906049013,11.331799905747175,194.9436263734181,0.0
global,related_same,500,92,0,REVOKE,context_version_changed_at_publish,73.03153723478317,19.04335804283619,194.9436263734181,0.0
global,related_same,500,93,0,REVOKE,context_version_changed_at_publish,38.11683179810643,17.68044102936983,194.9436263734181,0.0
global,related_same,500,94,0,REVOKE,context_version_changed_at_publish,28.037693351507187,10.664097033441067,194.9436263734181,0.0
global,related_same,500,95,0,REVOKE,context_version_changed_at_publish,70.74734242632985,54.22088596969843,194.9436263734181,0.0
global,related_same,500,96,0,REVOKE,context_version_changed_at_publish,37.25164895877242,11.249034199863672,194.9436263734181,0.0
global,related_same,500,97,0,REVOKE,context_version_changed_at_publish,154.42781802266836,11.12089492380619,194.9436263734181,0.0
global,related_same,500,98,0,REVOKE,context_version_changed_at_publish,365.2124982327223,300.2203949727118,194.9436263734181,0.0
global,related_same,500,99,0,REVOKE,context_version_changed_at_publish,46.84809409081936,23.600938264280558,194.9436263734181,0.0
readset,related_same,500,0,1,EXECUTE,published_after_gate_recheck,27.096816804260015,11.756387073546648,194.31472205549412,12.85133747315334
readset,related_same,500,1,1,EXECUTE,published_after_gate_recheck,33.75675296410918,10.66493894904852,194.31472205549412,12.85133747315334
readset,related_same,500,2,1,EXECUTE,published_after_gate_recheck,55.813353043049574,15.210838057100773,194.31472205549412,12.85133747315334
readset,related_same,500,3,1,EXECUTE,published_after_gate_recheck,56.988488882780075,11.413803789764643,194.31472205549412,12.85133747315334
readset,related_same,500,4,1,EXECUTE,published_after_gate_recheck,46.02107172831893,26.500128209590912,194.31472205549412,12.85133747315334
readset,related_same,500,5,1,EXECUTE,published_after_gate_recheck,124.55357005819678,67.48182466253638,194.31472205549412,12.85133747315334
readset,related_same,500,6,1,EXECUTE,published_after_gate_recheck,53.82345011457801,11.431396938860416,194.31472205549412,12.85133747315334
readset,related_same,500,7,1,EXECUTE,published_after_gate_recheck,38.825070951133966,11.253172997385263,194.31472205549412,12.85133747315334
readset,related_same,500,8,1,EXECUTE,published_after_gate_recheck,39.024815894663334,11.88233308494091,194.31472205549412,12.85133747315334
readset,related_same,500,9,1,EXECUTE,published_after_gate_recheck,91.98598889634013,10.977586265653372,194.31472205549412,12.85133747315334
readset,related_same,500,10,1,EXECUTE,published_after_gate_recheck,68.79636086523533,9.105503093451262,194.31472205549412,12.85133747315334
readset,related_same,500,11,1,EXECUTE,published_after_gate_recheck,31.772389076650143,10.911470744758844,194.31472205549412,12.85133747315334
readset,related_same,500,12,1,EXECUTE,published_after_gate_recheck,31.14938084036112,10.171523317694664,194.31472205549412,12.85133747315334
readset,related_same,500,13,1,EXECUTE,published_after_gate_recheck,140.14094322919846,11.6602866910398,194.31472205549412,12.85133747315334
readset,related_same,500,14,1,EXECUTE,published_after_gate_recheck,105.06159998476505,11.10475417226553,194.31472205549412,12.85133747315334
readset,related_same,500,15,1,EXECUTE,published_after_gate_recheck,456.21327916160226,215.33686202019453,194.31472205549412,12.85133747315334
readset,related_same,500,16,1,EXECUTE,published_after_gate_recheck,165.1915921829641,13.243375811725855,194.31472205549412,12.85133747315334
readset,related_same,500,17,1,EXECUTE,published_after_gate_recheck,46.69809201732278,11.827699840068817,194.31472205549412,12.85133747315334
readset,related_same,500,18,1,EXECUTE,published_after_gate_recheck,32.07690082490444,11.388827115297318,194.31472205549412,12.85133747315334
readset,related_same,500,19,1,EXECUTE,published_after_gate_recheck,36.83823300525546,11.160547845065594,194.31472205549412,12.85133747315334
readset,related_same,500,20,1,EXECUTE,published_after_gate_recheck,89.52445117756724,11.347658932209015,194.31472205549412,12.85133747315334
readset,related_same,500,21,1,EXECUTE,published_after_gate_recheck,156.3829556107521,134.61759081110358,194.31472205549412,12.85133747315334
readset,related_same,500,22,1,EXECUTE,published_after_gate_recheck,38.25412970036268,12.315344996750355,194.31472205549412,12.85133747315334
readset,related_same,500,23,1,EXECUTE,published_after_gate_recheck,100.3713607788086,12.540156953036785,194.31472205549412,12.85133747315334
readset,related_same,500,24,1,EXECUTE,published_after_gate_recheck,63.18842014297843,18.221145030111074,194.31472205549412,12.85133747315334
readset,related_same,500,25,1,EXECUTE,published_after_gate_recheck,27.940781321376562,10.942148976027966,194.31472205549412,12.85133747315334
readset,related_same,500,26,1,EXECUTE,published_after_gate_recheck,78.23471864685416,12.956899125128984,194.31472205549412,12.85133747315334
readset,related_same,500,27,1,EXECUTE,published_after_gate_recheck,82.01520191505551,14.929009135812521,194.31472205549412,12.85133747315334
readset,related_same,500,28,1,EXECUTE,published_after_gate_recheck,47.78276663273573,11.067513842135668,194.31472205549412,12.85133747315334
readset,related_same,500,29,1,EXECUTE,published_after_gate_recheck,64.30459395051003,10.598544031381607,194.31472205549412,12.85133747315334
readset,related_same,500,30,1,EXECUTE,published_after_gate_recheck,130.9101851657033,95.72646580636501,194.31472205549412,12.85133747315334
readset,related_same,500,31,1,EXECUTE,published_after_gate_recheck,77.12798332795501,11.583132203668356,194.31472205549412,12.85133747315334
readset,related_same,500,32,1,EXECUTE,published_after_gate_recheck,36.529815290123224,11.404756922274828,194.31472205549412,12.85133747315334
readset,related_same,500,33,1,EXECUTE,published_after_gate_recheck,69.54480521380901,14.400337357074022,194.31472205549412,12.85133747315334
readset,related_same,500,34,1,EXECUTE,published_after_gate_recheck,40.26834899559617,21.198080852627754,194.31472205549412,12.85133747315334
readset,related_same,500,35,1,EXECUTE,published_after_gate_recheck,22.096966858953238,11.138848029077053,194.31472205549412,12.85133747315334
readset,related_same,500,36,1,EXECUTE,published_after_gate_recheck,180.30596897006035,161.93040413782,194.31472205549412,12.85133747315334
readset,related_same,500,37,1,EXECUTE,published_after_gate_recheck,30.43515980243683,11.441817041486502,194.31472205549412,12.85133747315334
readset,related_same,500,38,1,EXECUTE,published_after_gate_recheck,30.052031856030226,11.11456286162138,194.31472205549412,12.85133747315334
readset,related_same,500,39,1,EXECUTE,published_after_gate_recheck,49.973086919635534,28.39273912832141,194.31472205549412,12.85133747315334
readset,related_same,500,40,1,EXECUTE,published_after_gate_recheck,22.219025995582342,10.693992953747511,194.31472205549412,12.85133747315334
readset,related_same,500,41,1,EXECUTE,published_after_gate_recheck,463.98581098765135,441.88031926751137,194.31472205549412,12.85133747315334
readset,related_same,500,42,1,EXECUTE,published_after_gate_recheck,75.20874217152596,55.75113696977496,194.31472205549412,12.85133747315334
readset,related_same,500,43,1,EXECUTE,published_after_gate_recheck,44.89776398986578,14.54081991687417,194.31472205549412,12.85133747315334
readset,related_same,500,44,1,EXECUTE,published_after_gate_recheck,36.03374399244785,20.53609909489751,194.31472205549412,12.85133747315334
readset,related_same,500,45,1,EXECUTE,published_after_gate_recheck,166.8633189983666,21.508613135665655,194.31472205549412,12.85133747315334
readset,related_same,500,46,1,EXECUTE,published_after_gate_recheck,34.44666741415858,12.80858088284731,194.31472205549412,12.85133747315334
readset,related_same,500,47,1,EXECUTE,published_after_gate_recheck,108.2058297470212,21.858269348740578,194.31472205549412,12.85133747315334
readset,related_same,500,48,1,EXECUTE,published_after_gate_recheck,43.291821144521236,14.134577941149473,194.31472205549412,12.85133747315334
readset,related_same,500,49,1,EXECUTE,published_after_gate_recheck,32.4095250107348,12.866118922829628,194.31472205549412,12.85133747315334
readset,related_same,500,50,1,EXECUTE,published_after_gate_recheck,26.093083899468184,10.644380934536457,194.31472205549412,12.85133747315334
readset,related_same,500,51,1,EXECUTE,published_after_gate_recheck,220.68504616618156,198.8397310487926,194.31472205549412,12.85133747315334
readset,related_same,500,52,1,EXECUTE,published_after_gate_recheck,124.58463804796338,13.369742780923843,194.31472205549412,12.85133747315334
readset,related_same,500,53,1,EXECUTE,published_after_gate_recheck,28.560963924974203,11.204490903764963,194.31472205549412,12.85133747315334
readset,related_same,500,54,1,EXECUTE,published_after_gate_recheck,29.38787592574954,10.839586146175861,194.31472205549412,12.85133747315334
readset,related_same,500,55,1,EXECUTE,published_after_gate_recheck,169.05895806849003,149.13025917485356,194.31472205549412,12.85133747315334
readset,related_same,500,56,1,EXECUTE,published_after_gate_recheck,111.50017008185387,14.249584637582302,194.31472205549412,12.85133747315334
readset,related_same,500,57,1,EXECUTE,published_after_gate_recheck,36.25918738543987,15.013337135314941,194.31472205549412,12.85133747315334
readset,related_same,500,58,1,EXECUTE,published_after_gate_recheck,39.423725102096796,19.70022963359952,194.31472205549412,12.85133747315334
readset,related_same,500,59,1,EXECUTE,published_after_gate_recheck,32.34864119440317,12.53337413072586,194.31472205549412,12.85133747315334
readset,related_same,500,60,1,EXECUTE,published_after_gate_recheck,48.969152849167585,13.867076020687819,194.31472205549412,12.85133747315334
readset,related_same,500,61,1,EXECUTE,published_after_gate_recheck,39.99869292601943,21.06696367263794,194.31472205549412,12.85133747315334
readset,related_same,500,62,1,EXECUTE,published_after_gate_recheck,31.608141027390957,12.187465094029903,194.31472205549412,12.85133747315334
readset,related_same,500,63,1,EXECUTE,published_after_gate_recheck,31.23235609382391,14.219637960195541,194.31472205549412,12.85133747315334
readset,related_same,500,64,1,EXECUTE,published_after_gate_recheck,123.22082882747054,10.807496029883623,194.31472205549412,12.85133747315334
readset,related_same,500,65,1,EXECUTE,published_after_gate_recheck,36.67850373312831,11.120613664388657,194.31472205549412,12.85133747315334
readset,related_same,500,66,1,EXECUTE,published_after_gate_recheck,197.42645882070065,12.683837208896875,194.31472205549412,12.85133747315334
readset,related_same,500,67,1,EXECUTE,published_after_gate_recheck,72.47580401599407,22.047704085707664,194.31472205549412,12.85133747315334
readset,related_same,500,68,1,EXECUTE,published_after_gate_recheck,32.26006403565407,11.886421125382185,194.31472205549412,12.85133747315334
readset,related_same,500,69,1,EXECUTE,published_after_gate_recheck,30.552611220628023,11.502720881253481,194.31472205549412,12.85133747315334
readset,related_same,500,70,1,EXECUTE,published_after_gate_recheck,273.32836110144854,18.980960827320814,194.31472205549412,12.85133747315334
readset,related_same,500,71,1,EXECUTE,published_after_gate_recheck,221.74375178292394,12.389445211738348,194.31472205549412,12.85133747315334
readset,related_same,500,72,1,EXECUTE,published_after_gate_recheck,61.20542902499437,41.74923710525036,194.31472205549412,12.85133747315334
readset,related_same,500,73,1,EXECUTE,published_after_gate_recheck,28.706977609544992,11.029723100364208,194.31472205549412,12.85133747315334
readset,related_same,500,74,1,EXECUTE,published_after_gate_recheck,85.5710031464696,11.852107010781765,194.31472205549412,12.85133747315334
readset,related_same,500,75,1,EXECUTE,published_after_gate_recheck,172.9419627226889,11.58009609207511,194.31472205549412,12.85133747315334
readset,related_same,500,76,1,EXECUTE,published_after_gate_recheck,36.913545336574316,11.652813293039799,194.31472205549412,12.85133747315334
readset,related_same,500,77,1,EXECUTE,published_after_gate_recheck,135.13129483908415,10.609525255858898,194.31472205549412,12.85133747315334
readset,related_same,500,78,1,EXECUTE,published_after_gate_recheck,78.14005203545094,11.403965763747692,194.31472205549412,12.85133747315334
readset,related_same,500,79,1,EXECUTE,published_after_gate_recheck,39.37095543369651,16.73523709177971,194.31472205549412,12.85133747315334
readset,related_same,500,80,1,EXECUTE,published_after_gate_recheck,98.92013808712363,14.054297935217619,194.31472205549412,12.85133747315334
readset,related_same,500,81,1,EXECUTE,published_after_gate_recheck,31.926208175718784,11.28289895132184,194.31472205549412,12.85133747315334
readset,related_same,500,82,1,EXECUTE,published_after_gate_recheck,31.412203796207905,10.789282154291868,194.31472205549412,12.85133747315334
readset,related_same,500,83,1,EXECUTE,published_after_gate_recheck,58.49719885736704,10.949773248285055,194.31472205549412,12.85133747315334
readset,related_same,500,84,1,EXECUTE,published_after_gate_recheck,31.91077895462513,10.762162040919065,194.31472205549412,12.85133747315334
readset,related_same,500,85,1,EXECUTE,published_after_gate_recheck,44.817222747951746,23.490562103688717,194.31472205549412,12.85133747315334
readset,related_same,500,86,1,EXECUTE,published_after_gate_recheck,30.584319960325956,11.033820919692516,194.31472205549412,12.85133747315334
readset,related_same,500,87,1,EXECUTE,published_after_gate_recheck,43.767184019088745,21.156562957912683,194.31472205549412,12.85133747315334
readset,related_same,500,88,1,EXECUTE,published_after_gate_recheck,31.98130102828145,9.370429906994104,194.31472205549412,12.85133747315334
readset,related_same,500,89,1,EXECUTE,published_after_gate_recheck,59.6049171872437,31.117280945181847,194.31472205549412,12.85133747315334
readset,related_same,500,90,1,EXECUTE,published_after_gate_recheck,52.079828921705484,13.704100158065557,194.31472205549412,12.85133747315334
readset,related_same,500,91,1,EXECUTE,published_after_gate_recheck,62.224240973591805,40.45181442052126,194.31472205549412,12.85133747315334
readset,related_same,500,92,1,EXECUTE,published_after_gate_recheck,30.037824995815754,10.800141841173172,194.31472205549412,12.85133747315334
readset,related_same,500,93,1,EXECUTE,published_after_gate_recheck,84.21876607462764,16.118761152029037,194.31472205549412,12.85133747315334
readset,related_same,500,94,1,EXECUTE,published_after_gate_recheck,54.82092220336199,10.610656812787056,194.31472205549412,12.85133747315334
readset,related_same,500,95,1,EXECUTE,published_after_gate_recheck,41.293191723525524,17.43927877396345,194.31472205549412,12.85133747315334
readset,related_same,500,96,1,EXECUTE,published_after_gate_recheck,47.854251228272915,11.263722088187933,194.31472205549412,12.85133747315334
readset,related_same,500,97,1,EXECUTE,published_after_gate_recheck,111.34060984477401,10.315764229744673,194.31472205549412,12.85133747315334
readset,related_same,500,98,1,EXECUTE,published_after_gate_recheck,37.97579789534211,13.539763167500496,194.31472205549412,12.85133747315334
readset,related_same,500,99,1,EXECUTE,published_after_gate_recheck,64.24761703237891,20.202653016895056,194.31472205549412,12.85133747315334
