publishing_interval_ms,version_scope,intent_kind,run,trace_time_s,gateway_released,reason,e2e_latency_ms,validation_to_gate_ms,achieved_update_rate_hz
1000,predicate,continuous,0,0.183,1,published_after_gate_recheck,17.401156947016716,4.78371512144804,1.0
1000,readset,discrete,1,0.719,1,published_after_gate_recheck,16.882574185729027,4.689428023993969,1.0
1000,readset,continuous,2,1.026,1,published_after_gate_recheck,17.99958012998104,4.586184397339821,1.0
1000,readset,continuous,3,1.981,1,published_after_gate_recheck,17.25496258586645,4.51893825083971,1.0
1000,predicate,continuous,4,2.125,1,published_after_gate_recheck,24.99404177069664,4.822577349841595,1.0
1000,predicate,discrete,5,2.63,1,published_after_gate_recheck,17.01027387753129,4.504441283643246,1.0
1000,predicate,discrete,6,3.445,1,published_after_gate_recheck,16.883565112948418,4.582707770168781,1.0
1000,global,discrete,7,3.934,1,published_after_gate_recheck,19.290291238576174,4.973832052201033,1.0
1000,global,continuous,8,4.182,1,published_after_gate_recheck,17.091386020183563,4.444768652319908,1.0
1000,readset,discrete,9,4.714,1,published_after_gate_recheck,20.495331846177578,5.091361701488495,1.0
1000,predicate,discrete,10,5.353,1,published_after_gate_recheck,19.384478218853474,4.604448098689318,1.0
1000,readset,discrete,11,5.767,1,published_after_gate_recheck,19.754181150346994,4.897378385066986,1.0
1000,predicate,discrete,12,6.261,1,published_after_gate_recheck,18.529654014855623,5.0970930606126785,1.0
1000,global,discrete,13,6.883,1,published_after_gate_recheck,20.510680973529816,5.118672735989094,1.0
1000,global,continuous,14,7.012,1,published_after_gate_recheck,17.330114264041185,4.561528097838163,1.0
1000,readset,discrete,15,7.771,1,published_after_gate_recheck,18.996510189026594,4.582867957651615,1.0
1000,global,continuous,16,8.379,1,published_after_gate_recheck,21.409806795418262,4.717180971056223,1.0
1000,predicate,continuous,17,8.851,1,published_after_gate_recheck,20.282773301005363,5.277791991829872,1.0
1000,global,continuous,18,9.161,1,published_after_gate_recheck,18.867127131670713,4.875216167420149,1.0
1000,readset,discrete,19,9.892,1,published_after_gate_recheck,19.67184664681554,5.283151753246784,1.0
1000,readset,continuous,20,10.443,1,published_after_gate_recheck,18.015179317444563,4.431154113262892,1.0
1000,global,discrete,21,10.992,0,context_version_changed_at_publish,22.61229418218136,8.777277078479528,1.0
1000,global,discrete,22,11.179,1,published_after_gate_recheck,16.044240910559893,3.8308370858430862,1.0
1000,predicate,continuous,23,11.805,1,published_after_gate_recheck,21.463267970830202,4.682995844632387,1.0
1000,predicate,discrete,24,12.159,1,published_after_gate_recheck,16.858438961207867,4.083971958607435,1.0
1000,predicate,continuous,25,12.62,1,published_after_gate_recheck,18.85586604475975,4.606651607900858,1.0
1000,global,continuous,26,13.133,1,published_after_gate_recheck,17.204758245497942,4.4509610161185265,1.0
1000,predicate,discrete,27,13.721,1,published_after_gate_recheck,17.593527678400278,4.278847947716713,1.0
1000,predicate,discrete,28,14.224,1,published_after_gate_recheck,18.666451331228018,5.191098898649216,1.0
1000,predicate,continuous,29,14.564,1,published_after_gate_recheck,19.568702671676874,5.245741922408342,1.0
1000,global,discrete,30,15.449,1,published_after_gate_recheck,16.665576957166195,4.4811079278588295,1.0
1000,predicate,discrete,31,15.727,1,published_after_gate_recheck,17.656175885349512,4.885957110673189,1.0
1000,readset,discrete,32,16.077,1,published_after_gate_recheck,18.737162929028273,4.750763066112995,1.0
1000,global,discrete,33,16.723,1,published_after_gate_recheck,21.504534874111414,5.062296986579895,1.0
1000,readset,continuous,34,17.294,1,published_after_gate_recheck,18.516690004616976,5.152266938239336,1.0
1000,predicate,discrete,35,17.945,1,published_after_gate_recheck,20.141087006777525,5.001713987439871,1.0
1000,predicate,continuous,36,18.087,1,published_after_gate_recheck,17.386820167303085,4.47858264669776,1.0
1000,global,continuous,37,18.688,1,published_after_gate_recheck,17.195662017911673,4.692413844168186,1.0
1000,predicate,discrete,38,19.35,1,published_after_gate_recheck,19.846364855766296,4.691791720688343,1.0
1000,readset,continuous,39,19.55,1,published_after_gate_recheck,17.349310219287872,4.820343106985092,1.0
1000,global,discrete,40,20.096,1,published_after_gate_recheck,16.742071136832237,4.633973818272352,1.0
1000,predicate,discrete,41,20.571,1,published_after_gate_recheck,16.728424932807684,4.062531981617212,1.0
1000,readset,discrete,42,21.009,1,published_after_gate_recheck,18.77178903669119,4.8312838189303875,1.0
1000,predicate,discrete,43,21.97,1,published_after_gate_recheck,16.19494426995516,4.018450155854225,1.0
1000,predicate,discrete,44,22.234,1,published_after_gate_recheck,17.132333014160395,3.932028077542782,1.0
1000,global,continuous,45,22.575,1,published_after_gate_recheck,17.27007096633315,4.524538293480873,1.0
1000,readset,discrete,46,23.111,1,published_after_gate_recheck,18.57222430408001,4.817076958715916,1.0
1000,global,continuous,47,23.711,1,published_after_gate_recheck,18.43227120116353,4.578038584440947,1.0
1000,readset,discrete,48,24.181,1,published_after_gate_recheck,17.802690155804157,4.674210213124752,1.0
1000,predicate,continuous,49,24.856,1,published_after_gate_recheck,17.35208509489894,4.598316736519337,1.0
1000,global,continuous,50,25.449,1,published_after_gate_recheck,19.811008125543594,5.197511985898018,1.0
1000,predicate,discrete,51,25.735,1,published_after_gate_recheck,18.26767297461629,4.190391860902309,1.0
1000,predicate,discrete,52,26.086,1,published_after_gate_recheck,18.44695908948779,5.1179323345422745,1.0
1000,global,continuous,53,26.624,1,published_after_gate_recheck,21.030114963650703,4.444960039108992,1.0
1000,predicate,discrete,54,27.125,1,published_after_gate_recheck,18.11089925467968,5.2088419906795025,1.0
1000,global,continuous,55,27.551,1,published_after_gate_recheck,24.79566028341651,5.382217932492495,1.0
1000,readset,discrete,56,28.259,1,published_after_gate_recheck,17.585422843694687,4.3277801014482975,1.0
1000,global,continuous,57,28.791,1,published_after_gate_recheck,17.772413790225983,4.758957773447037,1.0
1000,readset,discrete,58,29.162,1,published_after_gate_recheck,17.502917908132076,4.145428072661161,1.0
1000,global,discrete,59,29.631,1,published_after_gate_recheck,20.569821819663048,5.328266881406307,1.0
1000,predicate,continuous,60,30.196,1,published_after_gate_recheck,18.6850861646235,4.888071212917566,1.0
1000,readset,continuous,61,30.727,1,published_after_gate_recheck,18.25073082000017,4.809021949768066,1.0
1000,predicate,continuous,62,31.449,1,published_after_gate_recheck,17.903799656778574,4.62431600317359,1.0
1000,readset,discrete,63,31.875,1,published_after_gate_recheck,17.505302093923092,4.915591794997454,1.0
1000,readset,continuous,64,32.477,1,published_after_gate_recheck,18.221717327833176,4.527974873781204,1.0
1000,global,discrete,65,32.606,1,published_after_gate_recheck,17.457724083215,4.071739036589861,1.0
1000,global,discrete,66,33.052,1,published_after_gate_recheck,18.717977218329906,4.803963005542755,1.0
1000,global,discrete,67,33.679,1,published_after_gate_recheck,18.119744956493378,4.596644081175327,1.0
1000,global,discrete,68,34.358,1,published_after_gate_recheck,18.54830887168646,4.449788015335798,1.0
1000,global,discrete,69,34.594,1,published_after_gate_recheck,17.65411114320159,4.5738210901618,1.0
1000,readset,discrete,70,35.383,1,published_after_gate_recheck,16.85420097783208,4.67275595292449,1.0
1000,readset,continuous,71,35.614,1,published_after_gate_recheck,19.443518947809935,4.681712947785854,1.0
1000,readset,continuous,72,36.253,1,published_after_gate_recheck,18.656141124665737,4.780378192663193,1.0
1000,predicate,discrete,73,36.582,1,published_after_gate_recheck,17.72413309663534,4.856280982494354,1.0
1000,predicate,discrete,74,37.465,1,published_after_gate_recheck,29.34571634978056,7.65187619253993,1.0
1000,predicate,discrete,75,37.99,1,published_after_gate_recheck,19.9695760384202,5.479199346154928,1.0
1000,readset,discrete,76,38.31,1,published_after_gate_recheck,19.08701006323099,4.670062102377415,1.0
1000,predicate,continuous,77,38.744,1,published_after_gate_recheck,18.4830860234797,4.4205328449606895,1.0
1000,global,continuous,78,39.428,1,published_after_gate_recheck,24.2331949993968,4.821755923330784,1.0
1000,predicate,continuous,79,39.856,1,published_after_gate_recheck,20.15912067145109,4.842033609747887,1.0
1000,global,discrete,80,40.408,1,published_after_gate_recheck,18.553287722170353,4.375689197331667,1.0
1000,global,continuous,81,40.73,1,published_after_gate_recheck,17.131831031292677,4.410584922879934,1.0
1000,global,continuous,82,41.208,1,published_after_gate_recheck,20.19166201353073,7.2947656735777855,1.0
1000,readset,continuous,83,41.76,1,published_after_gate_recheck,17.92500913143158,4.515602253377438,1.0
1000,global,discrete,84,42.233,1,published_after_gate_recheck,18.21840088814497,4.555026069283485,1.0
1000,readset,continuous,85,42.943,1,published_after_gate_recheck,16.877104062587023,4.211582243442535,1.0
1000,predicate,continuous,86,43.5,1,published_after_gate_recheck,17.79020670801401,4.712210036814213,1.0
1000,readset,continuous,87,43.518,1,published_after_gate_recheck,15.154581982642412,4.7034150920808315,1.0
1000,predicate,discrete,88,44.032,1,published_after_gate_recheck,17.861441243439913,4.2372397147119045,1.0
1000,global,continuous,89,44.584,1,published_after_gate_recheck,18.263946287333965,4.940389189869165,1.0
1000,readset,continuous,90,45.383,1,published_after_gate_recheck,18.459551967680454,5.092003382742405,1.0
1000,predicate,continuous,91,45.905,1,published_after_gate_recheck,26.38127515092492,5.551465786993504,1.0
1000,readset,continuous,92,46.327,1,published_after_gate_recheck,17.128475941717625,4.576506093144417,1.0
1000,predicate,discrete,93,46.578,1,published_after_gate_recheck,16.02097786962986,3.9179609157145023,1.0
1000,global,continuous,94,47.143,1,published_after_gate_recheck,18.798117991536856,4.6740686520934105,1.0
1000,predicate,discrete,95,47.904,1,published_after_gate_recheck,22.55426486954093,5.037881433963776,1.0
1000,readset,continuous,96,48.418,1,published_after_gate_recheck,18.998404033482075,4.967560060322285,1.0
1000,global,discrete,97,48.582,1,published_after_gate_recheck,18.199143931269646,4.642629995942116,1.0
1000,global,discrete,98,49.365,1,published_after_gate_recheck,18.547588028013706,4.68496885150671,1.0
1000,readset,continuous,99,49.67,1,published_after_gate_recheck,18.063900992274284,4.589721094816923,1.0
1000,readset,discrete,100,50.487,1,published_after_gate_recheck,16.463066916912794,4.4981190003454685,1.0
1000,predicate,continuous,101,50.745,1,published_after_gate_recheck,17.307059839367867,4.440471064299345,1.0
1000,predicate,continuous,102,51.282,1,published_after_gate_recheck,19.50795017182827,5.494819022715092,1.0
1000,predicate,continuous,103,51.981,1,published_after_gate_recheck,18.717916682362556,4.728720989078283,1.0
1000,predicate,continuous,104,52.147,1,published_after_gate_recheck,18.47048383206129,5.013926886022091,1.0
1000,readset,discrete,105,52.868,1,published_after_gate_recheck,18.917040899395943,4.195170011371374,1.0
1000,global,continuous,106,53.495,1,published_after_gate_recheck,19.201484974473715,4.75529208779335,1.0
1000,global,continuous,107,53.708,1,published_after_gate_recheck,18.47275672480464,4.773125052452087,1.0
1000,readset,continuous,108,54.085,1,published_after_gate_recheck,17.321437131613493,4.669540096074343,1.0
1000,readset,discrete,109,54.8,1,published_after_gate_recheck,17.258379142731428,4.323300905525684,1.0
1000,global,discrete,110,55.455,1,published_after_gate_recheck,18.5803291387856,4.5922561548650265,1.0
1000,global,discrete,111,55.968,1,published_after_gate_recheck,18.06320995092392,5.130013916641474,1.0
1000,global,discrete,112,56.232,1,published_after_gate_recheck,18.940915819257498,4.530349746346474,1.0
1000,readset,continuous,113,56.655,1,published_after_gate_recheck,18.137749284505844,4.687273409217596,1.0
1000,global,continuous,114,57.031,1,published_after_gate_recheck,22.84902799874544,4.7778538428246975,1.0
1000,predicate,continuous,115,57.885,1,published_after_gate_recheck,19.39802384003997,5.5778450332582,1.0
1000,predicate,continuous,116,58.264,1,published_after_gate_recheck,20.04916500300169,5.544190760701895,1.0
1000,readset,continuous,117,58.665,1,published_after_gate_recheck,18.555844202637672,4.701961297541857,1.0
1000,global,continuous,118,59.484,1,published_after_gate_recheck,18.406343180686235,4.927734844386578,1.0
1000,predicate,continuous,119,59.664,1,published_after_gate_recheck,18.871476408094168,5.182503256946802,1.0
1000,predicate,continuous,120,60.003,1,published_after_gate_recheck,18.387116957455873,4.604818765074015,1.0
1000,predicate,continuous,121,60.982,1,published_after_gate_recheck,18.924735952168703,5.54106617346406,1.0
1000,readset,continuous,122,61.393,1,published_after_gate_recheck,18.45886092633009,4.720155615359545,1.0
1000,global,discrete,123,61.543,1,published_after_gate_recheck,17.577858176082373,4.84961923211813,1.0
1000,global,continuous,124,62.293,1,published_after_gate_recheck,16.999914776533842,4.0639652870595455,1.0
1000,predicate,discrete,125,62.75,1,published_after_gate_recheck,19.254623912274837,5.4665557108819485,1.0
1000,global,continuous,126,63.46,1,published_after_gate_recheck,20.941940136253834,6.85591297224164,1.0
1000,readset,discrete,127,63.544,1,published_after_gate_recheck,16.211755108088255,4.165245220065117,1.0
1000,global,discrete,128,64.378,1,published_after_gate_recheck,16.908241901546717,4.253871273249388,1.0
1000,global,continuous,129,64.579,1,published_after_gate_recheck,16.83614682406187,4.389164038002491,1.0
1000,predicate,continuous,130,65.423,1,published_after_gate_recheck,17.597554717212915,4.869245924055576,1.0
1000,readset,continuous,131,65.738,1,published_after_gate_recheck,17.803651746362448,4.73132636398077,1.0
1000,readset,discrete,132,66.464,1,published_after_gate_recheck,18.817995209246874,5.313449073582888,1.0
1000,global,discrete,133,66.907,1,published_after_gate_recheck,18.82883533835411,5.099637899547815,1.0
1000,readset,continuous,134,67.414,1,published_after_gate_recheck,19.845823757350445,4.949775990098715,1.0
1000,global,discrete,135,67.738,1,published_after_gate_recheck,17.908218316733837,4.655084107071161,1.0
1000,predicate,discrete,136,68.109,1,published_after_gate_recheck,17.850880045443773,4.7293128445744514,1.0
1000,predicate,continuous,137,68.613,1,published_after_gate_recheck,16.68447209522128,4.431634210050106,1.0
1000,readset,continuous,138,69.459,1,published_after_gate_recheck,17.87757081910968,4.652249161154032,1.0
1000,global,discrete,139,69.515,1,published_after_gate_recheck,16.474417876452208,4.844028037041426,1.0
1000,readset,discrete,140,70.12,1,published_after_gate_recheck,20.5799606628716,4.755802918225527,1.0
1000,readset,discrete,141,70.777,1,published_after_gate_recheck,16.758550889790058,4.334551747888327,1.0
1000,global,discrete,142,71.412,1,published_after_gate_recheck,18.4340737760067,4.672335926443338,1.0
1000,global,continuous,143,71.885,1,published_after_gate_recheck,18.50355602800846,4.895995836704969,1.0
1000,readset,continuous,144,72.321,1,published_after_gate_recheck,18.28782120719552,4.366411827504635,1.0
1000,predicate,continuous,145,72.708,1,published_after_gate_recheck,38.57831796631217,8.267169818282127,1.0
1000,global,discrete,146,73.124,1,published_after_gate_recheck,19.396160263568163,4.557440057396889,1.0
1000,global,discrete,147,73.637,1,published_after_gate_recheck,17.836303915828466,4.484393633902073,1.0
1000,predicate,continuous,148,74.146,1,published_after_gate_recheck,17.600029706954956,4.232910927385092,1.0
1000,readset,continuous,149,74.587,1,published_after_gate_recheck,17.01391115784645,4.268677905201912,1.0
1000,predicate,continuous,150,75.225,1,published_after_gate_recheck,18.858340103179216,5.496973171830177,1.0
1000,global,discrete,151,75.829,1,published_after_gate_recheck,20.720234140753746,4.237599670886993,1.0
1000,readset,continuous,152,76.482,1,published_after_gate_recheck,20.67153202369809,5.429165903478861,1.0
1000,global,continuous,153,76.633,1,published_after_gate_recheck,17.990111839026213,4.435913171619177,1.0
1000,predicate,discrete,154,77.032,1,published_after_gate_recheck,22.056321147829294,4.91853803396225,1.0
1000,global,discrete,155,77.86,1,published_after_gate_recheck,48.2989652082324,8.680455852299929,1.0
1000,readset,continuous,156,78.237,1,published_after_gate_recheck,19.661668222397566,4.44951793178916,1.0
1000,readset,continuous,157,78.954,1,published_after_gate_recheck,17.676403280347586,4.215608816593885,1.0
1000,predicate,discrete,158,79.194,1,published_after_gate_recheck,20.956567022949457,4.674360156059265,1.0
1000,predicate,continuous,159,79.839,1,published_after_gate_recheck,19.442937336862087,4.9683409743011,1.0
1000,readset,discrete,160,80.261,1,published_after_gate_recheck,17.19920802861452,4.44771395996213,1.0
1000,readset,continuous,161,80.581,1,published_after_gate_recheck,18.529794178903103,4.704715684056282,1.0
1000,predicate,continuous,162,81.496,1,published_after_gate_recheck,17.92415790259838,4.404654260724783,1.0
1000,global,continuous,163,81.668,1,published_after_gate_recheck,18.3419119566679,4.518116358667612,1.0
1000,global,discrete,164,82.106,1,published_after_gate_recheck,20.100370980799198,7.334019988775253,1.0
1000,predicate,continuous,165,82.872,1,published_after_gate_recheck,19.035583827644587,4.804193042218685,1.0
1000,predicate,continuous,166,83.242,1,published_after_gate_recheck,18.755076918751,4.554866347461939,1.0
1000,readset,continuous,167,83.561,1,published_after_gate_recheck,19.093001261353493,4.322109278291464,1.0
1000,predicate,discrete,168,84.405,1,published_after_gate_recheck,20.159701816737652,4.839418921619654,1.0
1000,predicate,discrete,169,84.819,1,published_after_gate_recheck,18.259947653859854,4.876718856394291,1.0
1000,global,discrete,170,85.453,1,published_after_gate_recheck,19.91358119994402,4.567990079522133,1.0
1000,global,discrete,171,85.756,1,published_after_gate_recheck,19.327170215547085,4.928095266222954,1.0
1000,readset,discrete,172,86.352,1,published_after_gate_recheck,21.416620817035437,4.91053331643343,1.0
1000,readset,discrete,173,86.847,1,published_after_gate_recheck,16.928050201386213,4.282995592802763,1.0
1000,predicate,discrete,174,87.016,1,published_after_gate_recheck,16.27550506964326,4.363537300378084,1.0
1000,global,continuous,175,87.513,1,published_after_gate_recheck,17.59671326726675,4.753036890178919,1.0
1000,readset,continuous,176,88.035,1,published_after_gate_recheck,17.77909602969885,4.488111007958651,1.0
1000,predicate,continuous,177,88.714,1,published_after_gate_recheck,17.973240930587053,4.7837249003350735,1.0
1000,predicate,discrete,178,89.016,1,published_after_gate_recheck,18.659076653420925,5.0629787147045135,1.0
1000,readset,continuous,179,89.825,1,published_after_gate_recheck,18.638999201357365,5.238869227468967,1.0
1000,readset,discrete,180,90.364,1,published_after_gate_recheck,17.11839670315385,4.701571073383093,1.0
1000,global,discrete,181,90.931,1,published_after_gate_recheck,18.405240960419178,4.829381126910448,1.0
1000,readset,discrete,182,91.307,1,published_after_gate_recheck,16.67479472234845,4.872109740972519,1.0
1000,readset,continuous,183,91.61,1,published_after_gate_recheck,19.907329231500626,4.74286824464798,1.0
1000,predicate,discrete,184,92.482,1,published_after_gate_recheck,20.93601878732443,5.097423680126667,1.0
1000,readset,discrete,185,92.951,1,published_after_gate_recheck,19.533036276698112,5.19111892208457,1.0
1000,global,discrete,186,93.322,1,published_after_gate_recheck,24.350123945623636,4.9406997859478,1.0
1000,predicate,discrete,187,93.632,1,published_after_gate_recheck,16.782136168330908,4.139095079153776,1.0
1000,global,continuous,188,94.46,1,published_after_gate_recheck,17.50903995707631,4.762435331940651,1.0
1000,readset,continuous,189,94.643,1,published_after_gate_recheck,20.434268284589052,6.810066290199757,1.0
1000,readset,continuous,190,95.466,1,published_after_gate_recheck,18.981782253831625,4.961719270795584,1.0
1000,readset,continuous,191,95.908,1,published_after_gate_recheck,17.193196807056665,4.538264125585556,1.0
1000,global,continuous,192,96.003,1,published_after_gate_recheck,17.871378920972347,4.348548129200935,1.0
1000,predicate,continuous,193,96.976,1,published_after_gate_recheck,20.16665507107973,4.849789198487997,1.0
1000,predicate,continuous,194,97.405,1,published_after_gate_recheck,17.873683013021946,5.129051860421896,1.0
1000,readset,continuous,195,97.506,1,published_after_gate_recheck,20.038084127008915,4.72506508231163,1.0
1000,global,continuous,196,98.291,1,published_after_gate_recheck,17.74493232369423,4.39849216490984,1.0
1000,global,discrete,197,98.612,1,published_after_gate_recheck,19.322562031447887,4.932544194161892,1.0
1000,predicate,discrete,198,99.411,1,published_after_gate_recheck,17.284438014030457,4.652759991586208,1.0
1000,global,continuous,199,99.837,1,published_after_gate_recheck,17.36806519329548,4.38216095790267,1.0
1000,predicate,continuous,200,100.019,1,published_after_gate_recheck,18.591401167213917,5.284665152430534,1.0
1000,global,discrete,201,100.921,1,published_after_gate_recheck,19.230428617447615,4.67928871512413,1.0
1000,global,discrete,202,101.404,1,published_after_gate_recheck,17.619987949728966,4.389846231788397,1.0
1000,global,discrete,203,101.808,1,published_after_gate_recheck,17.086085863411427,4.469416104257107,1.0
1000,readset,continuous,204,102.297,1,published_after_gate_recheck,17.84388767555356,4.827416967600584,1.0
1000,global,continuous,205,102.517,1,published_after_gate_recheck,18.742422573268414,4.643191117793322,1.0
1000,global,continuous,206,103.15,1,published_after_gate_recheck,16.943478025496006,4.590763244777918,1.0
1000,readset,continuous,207,103.899,1,published_after_gate_recheck,19.419673830270767,5.066515877842903,1.0
1000,predicate,continuous,208,104.129,1,published_after_gate_recheck,17.114258836954832,4.475034773349762,1.0
1000,predicate,discrete,209,104.867,1,published_after_gate_recheck,18.924645148217678,5.26427710428834,1.0
1000,predicate,discrete,210,105.256,1,published_after_gate_recheck,17.839689273387194,5.256300792098045,1.0
1000,global,continuous,211,105.685,1,published_after_gate_recheck,19.158033188432455,5.067356862127781,1.0
1000,global,discrete,212,106.048,1,published_after_gate_recheck,18.503135070204735,4.9995193257927895,1.0
1000,predicate,discrete,213,106.885,1,published_after_gate_recheck,17.62028830125928,4.509801045060158,1.0
1000,predicate,discrete,214,107.371,1,published_after_gate_recheck,22.443026304244995,7.416454143822193,1.0
1000,predicate,discrete,215,107.834,1,published_after_gate_recheck,16.836447175592184,4.800075199455023,1.0
1000,global,continuous,216,108.362,1,published_after_gate_recheck,18.685997929424047,4.927444271743298,1.0
1000,predicate,discrete,217,108.787,1,published_after_gate_recheck,17.238561064004898,4.375058226287365,1.0
1000,readset,continuous,218,109.494,1,published_after_gate_recheck,17.507837153971195,4.515180829912424,1.0
1000,global,discrete,219,109.968,1,published_after_gate_recheck,17.25479308515787,4.58188634365797,1.0
1000,readset,continuous,220,110.252,1,published_after_gate_recheck,17.303453758358955,4.43707499653101,1.0
1000,global,continuous,221,110.692,1,published_after_gate_recheck,16.626724041998386,4.301751032471657,1.0
1000,readset,continuous,222,111.29,1,published_after_gate_recheck,17.503980081528425,4.372403025627136,1.0
1000,readset,continuous,223,111.808,1,published_after_gate_recheck,17.433458007872105,4.357926081866026,1.0
1000,predicate,continuous,224,112.15,1,published_after_gate_recheck,17.337047029286623,4.593889228999615,1.0
1000,readset,discrete,225,112.785,1,published_after_gate_recheck,18.797996919602156,5.176862236112356,1.0
1000,global,discrete,226,113.46,1,published_after_gate_recheck,19.8958870023489,5.231795832514763,1.0
1000,readset,discrete,227,113.729,1,published_after_gate_recheck,17.383874859660864,4.86780283972621,1.0
1000,predicate,continuous,228,114.307,1,published_after_gate_recheck,17.711689695715904,4.824331030249596,1.0
1000,global,continuous,229,114.93,1,published_after_gate_recheck,16.831898130476475,4.471778869628906,1.0
1000,global,continuous,230,115.056,1,published_after_gate_recheck,16.634708736091852,4.59394883364439,1.0
1000,predicate,continuous,231,115.583,1,published_after_gate_recheck,16.88713300973177,4.349831026047468,1.0
1000,global,discrete,232,116.026,1,published_after_gate_recheck,15.593594871461391,4.327790345996618,1.0
1000,global,discrete,233,116.601,1,published_after_gate_recheck,17.531421035528183,4.962461069226265,1.0
1000,readset,continuous,234,117.117,1,published_after_gate_recheck,19.963665399700403,5.134533159434795,1.0
1000,predicate,discrete,235,117.761,1,published_after_gate_recheck,17.47387321665883,4.506805911660194,1.0
1000,predicate,discrete,236,118.143,1,published_after_gate_recheck,18.010389991104603,4.1244179010391235,1.0
1000,predicate,discrete,237,118.977,1,published_after_gate_recheck,20.558230113238096,5.688954144716263,1.0
1000,readset,continuous,238,119.034,1,published_after_gate_recheck,16.960900742560625,4.370379261672497,1.0
1000,predicate,continuous,239,119.716,1,published_after_gate_recheck,17.956047784537077,4.868763964623213,1.0
1000,global,continuous,240,120.27,1,published_after_gate_recheck,19.714387133717537,4.902728367596865,1.0
1000,predicate,discrete,241,120.791,1,published_after_gate_recheck,18.27060803771019,4.391818773001432,1.0
1000,predicate,continuous,242,121.351,1,published_after_gate_recheck,18.18773290142417,4.28420677781105,1.0
1000,readset,continuous,243,121.583,1,published_after_gate_recheck,18.026049714535475,4.266395233571529,1.0
1000,readset,discrete,244,122.325,1,published_after_gate_recheck,24.457174818962812,8.898525033146143,1.0
1000,predicate,continuous,245,122.666,1,published_after_gate_recheck,17.71592814475298,4.397219978272915,1.0
1000,predicate,discrete,246,123.197,1,published_after_gate_recheck,17.446442041546106,4.300739150494337,1.0
1000,readset,continuous,247,123.766,1,published_after_gate_recheck,17.720745876431465,4.58727590739727,1.0
1000,predicate,discrete,248,124.259,1,published_after_gate_recheck,17.298815306276083,4.4738431461155415,1.0
1000,global,continuous,249,124.728,1,published_after_gate_recheck,19.344222731888294,4.978009965270758,1.0
1000,predicate,discrete,250,125.307,1,published_after_gate_recheck,18.33546021953225,5.068388767540455,1.0
1000,predicate,discrete,251,125.902,1,published_after_gate_recheck,17.12643075734377,4.28047077730298,1.0
1000,readset,discrete,252,126.058,1,published_after_gate_recheck,16.40559919178486,4.084843676537275,1.0
1000,readset,discrete,253,126.635,1,published_after_gate_recheck,17.181074246764183,4.498009104281664,1.0
1000,readset,continuous,254,127.307,1,published_after_gate_recheck,19.104754086583853,4.782873671501875,1.0
1000,readset,continuous,255,127.891,1,published_after_gate_recheck,16.83721924200654,4.477992188185453,1.0
1000,readset,continuous,256,128.091,1,published_after_gate_recheck,29.13589309900999,6.876261439174414,1.0
1000,predicate,discrete,257,128.94,1,published_after_gate_recheck,17.672046087682247,4.288115072995424,1.0
1000,global,continuous,258,129.287,1,published_after_gate_recheck,16.54251618310809,4.794555250555277,1.0
1000,global,continuous,259,129.6,1,published_after_gate_recheck,20.064163021743298,4.8907664604485035,1.0
1000,predicate,discrete,260,130.357,1,published_after_gate_recheck,16.78869826719165,4.422045778483152,1.0
1000,readset,discrete,261,130.992,1,published_after_gate_recheck,17.322809901088476,4.879654850810766,1.0
1000,predicate,continuous,262,131.416,1,published_after_gate_recheck,18.014066852629185,4.538876004517078,1.0
1000,readset,continuous,263,131.92,1,published_after_gate_recheck,17.150346655398607,4.514630883932114,1.0
1000,readset,discrete,264,132.333,1,published_after_gate_recheck,18.64042179659009,4.8073590733110905,1.0
1000,predicate,continuous,265,132.601,1,published_after_gate_recheck,18.40436877682805,4.537553992122412,1.0
1000,readset,discrete,266,133.479,1,published_after_gate_recheck,20.319332368671894,5.179708357900381,1.0
1000,readset,continuous,267,133.681,1,published_after_gate_recheck,20.333989057689905,5.632407031953335,1.0
1000,predicate,discrete,268,134.483,1,published_after_gate_recheck,16.816010233014822,3.7588831037282944,1.0
1000,global,discrete,269,134.833,1,published_after_gate_recheck,18.276338931173086,4.209316801279783,1.0
1000,global,discrete,270,135.459,1,published_after_gate_recheck,18.02723202854395,4.887579008936882,1.0
1000,readset,continuous,271,135.653,1,published_after_gate_recheck,22.989701945334673,5.244568921625614,1.0
1000,global,continuous,272,136.043,1,published_after_gate_recheck,17.183258198201656,4.57665603607893,1.0
1000,readset,discrete,273,136.814,1,published_after_gate_recheck,18.714371137320995,4.934466909617186,1.0
1000,global,discrete,274,137.451,1,published_after_gate_recheck,19.359721802175045,4.908518865704536,1.0
1000,readset,discrete,275,137.815,1,published_after_gate_recheck,19.175587221980095,4.977548960596323,1.0
1000,predicate,discrete,276,138.204,1,published_after_gate_recheck,19.17230011895299,4.56587690860033,1.0
1000,predicate,discrete,277,138.71,1,published_after_gate_recheck,18.730641342699528,4.858986008912325,1.0
1000,predicate,continuous,278,139.473,1,published_after_gate_recheck,17.11568096652627,4.5021469704806805,1.0
1000,readset,continuous,279,139.793,1,published_after_gate_recheck,19.695771858096123,4.915392026305199,1.0
1000,readset,continuous,280,140.449,1,published_after_gate_recheck,16.705100890249014,4.382533021271229,1.0
1000,global,continuous,281,140.852,1,published_after_gate_recheck,17.17592403292656,4.375999793410301,1.0
1000,global,discrete,282,141.124,1,published_after_gate_recheck,18.31948012113571,4.12577111274004,1.0
1000,readset,discrete,283,141.649,1,published_after_gate_recheck,18.775324802845716,5.4020038805902,1.0
1000,predicate,discrete,284,142.477,1,published_after_gate_recheck,18.16744403913617,5.014767870306969,1.0
1000,readset,continuous,285,142.991,0,read_set_version_changed_at_gate,25.410043075680733,9.870709385722876,1.0
1000,readset,continuous,286,143.485,1,published_after_gate_recheck,20.600298885256052,5.051908083260059,1.0
1000,global,continuous,287,143.583,1,published_after_gate_recheck,17.469475977122784,4.546359647065401,1.0
1000,readset,continuous,288,144.302,1,published_after_gate_recheck,16.80357614532113,4.618505015969276,1.0
1000,predicate,continuous,289,144.819,1,published_after_gate_recheck,17.380197066813707,4.34879818931222,1.0
1000,readset,continuous,290,145.17,1,published_after_gate_recheck,17.262176144868135,4.393433220684528,1.0
1000,predicate,discrete,291,145.634,1,published_after_gate_recheck,17.339530866593122,4.8567019402980804,1.0
1000,predicate,continuous,292,146.009,1,published_after_gate_recheck,17.334802076220512,4.995702765882015,1.0
1000,readset,discrete,293,146.671,1,published_after_gate_recheck,20.394623279571533,5.1565952599048615,1.0
1000,predicate,continuous,294,147.39,1,published_after_gate_recheck,17.084371764212847,4.488951060920954,1.0
1000,readset,discrete,295,147.839,1,published_after_gate_recheck,20.395214203745127,4.5829578302800655,1.0
1000,readset,continuous,296,148.432,1,published_after_gate_recheck,17.04743318259716,4.127163905650377,1.0
1000,predicate,discrete,297,148.647,1,published_after_gate_recheck,17.13351486250758,4.510693252086639,1.0
1000,global,continuous,298,149.186,1,published_after_gate_recheck,18.502112943679094,4.945839289575815,1.0
1000,global,discrete,299,149.764,1,published_after_gate_recheck,17.646106891334057,4.52781468629837,1.0
1000,predicate,discrete,300,150.137,1,published_after_gate_recheck,17.671343870460987,4.4530341401696205,1.0
1000,global,continuous,301,150.947,1,published_after_gate_recheck,19.601525738835335,4.739512223750353,1.0
1000,readset,discrete,302,151.109,1,published_after_gate_recheck,18.12054682523012,4.371972288936377,1.0
1000,predicate,discrete,303,151.809,1,published_after_gate_recheck,17.62182079255581,4.518907982856035,1.0
1000,predicate,continuous,304,152.285,1,published_after_gate_recheck,17.220437992364168,4.218004178255796,1.0
1000,predicate,discrete,305,152.704,1,published_after_gate_recheck,17.370620276778936,4.705397877842188,1.0
1000,global,discrete,306,153.119,1,published_after_gate_recheck,17.64352200552821,4.5333560556173325,1.0
1000,global,discrete,307,153.663,1,published_after_gate_recheck,15.037602744996548,4.148713778704405,1.0
1000,readset,discrete,308,154.398,1,published_after_gate_recheck,23.613661993294954,5.142899230122566,1.0
1000,global,discrete,309,154.741,1,published_after_gate_recheck,17.040750943124294,4.589991178363562,1.0
1000,readset,continuous,310,155.025,1,published_after_gate_recheck,16.438191290944815,4.285058937966824,1.0
1000,predicate,continuous,311,155.587,1,published_after_gate_recheck,18.214272800832987,4.581916145980358,1.0
1000,global,continuous,312,156.473,1,published_after_gate_recheck,17.567899078130722,4.523486830294132,1.0
1000,readset,discrete,313,156.608,1,published_after_gate_recheck,16.022471245378256,4.176064860075712,1.0
1000,readset,discrete,314,157.048,1,published_after_gate_recheck,15.955985989421606,4.156648181378841,1.0
1000,readset,discrete,315,157.935,1,published_after_gate_recheck,17.62250205501914,4.818579647690058,1.0
1000,global,discrete,316,158.211,1,published_after_gate_recheck,17.579561099410057,4.459827207028866,1.0
1000,predicate,discrete,317,158.858,1,published_after_gate_recheck,17.720486037433147,4.764508921653032,1.0
1000,predicate,continuous,318,159.341,1,published_after_gate_recheck,19.377144053578377,4.810895770788193,1.0
1000,readset,discrete,319,159.531,1,published_after_gate_recheck,17.89290877059102,4.492097068578005,1.0
1000,predicate,discrete,320,160.064,1,published_after_gate_recheck,19.3915911950171,4.84063196927309,1.0
1000,global,continuous,321,160.756,1,published_after_gate_recheck,16.255045775324106,4.153131972998381,1.0
1000,readset,continuous,322,161.173,1,published_after_gate_recheck,18.892014399170876,5.220222752541304,1.0
1000,predicate,continuous,323,161.511,1,published_after_gate_recheck,19.22930683940649,4.945398773998022,1.0
1000,predicate,discrete,324,162.109,1,published_after_gate_recheck,18.1603217497468,4.947182256728411,1.0
1000,global,continuous,325,162.936,1,published_after_gate_recheck,18.906700890511274,4.418881144374609,1.0
1000,global,continuous,326,163.208,1,published_after_gate_recheck,18.23475118726492,4.238923080265522,1.0
1000,predicate,continuous,327,163.854,1,published_after_gate_recheck,18.386996816843748,4.658839665353298,1.0
1000,global,discrete,328,164.047,1,published_after_gate_recheck,17.70820328965783,4.166196100413799,1.0
1000,global,continuous,329,164.887,1,published_after_gate_recheck,18.061365000903606,5.315122194588184,1.0
1000,global,continuous,330,165.128,1,published_after_gate_recheck,20.994938910007477,4.823749884963036,1.0
1000,predicate,continuous,331,165.54,1,published_after_gate_recheck,17.34368037432432,4.515661858022213,1.0
1000,readset,discrete,332,166.419,1,published_after_gate_recheck,16.95437915623188,4.734452813863754,1.0
1000,readset,continuous,333,166.686,1,published_after_gate_recheck,17.91368890553713,4.664271138608456,1.0
1000,readset,discrete,334,167.107,1,published_after_gate_recheck,20.495371893048286,4.729823209345341,1.0
1000,global,continuous,335,167.574,1,published_after_gate_recheck,17.45144184678793,4.4112359173595905,1.0
1000,readset,continuous,336,168.238,1,published_after_gate_recheck,19.843630027025938,5.1521859131753445,1.0
1000,predicate,continuous,337,168.518,1,published_after_gate_recheck,17.228524200618267,4.686082247644663,1.0
1000,global,continuous,338,169.085,1,published_after_gate_recheck,16.928509809076786,4.251236096024513,1.0
1000,global,discrete,339,169.711,1,published_after_gate_recheck,17.59772514924407,4.711028188467026,1.0
1000,global,continuous,340,170.027,1,published_after_gate_recheck,18.41521915048361,5.147827789187431,1.0
1000,global,continuous,341,170.53,1,published_after_gate_recheck,19.361284095793962,5.168717820197344,1.0
1000,predicate,continuous,342,171.033,1,published_after_gate_recheck,22.269741166383028,6.3799298368394375,1.0
1000,predicate,discrete,343,171.764,1,published_after_gate_recheck,16.51471434161067,4.222691990435123,1.0
1000,global,discrete,344,172.207,1,published_after_gate_recheck,16.864190343767405,4.331165924668312,1.0
1000,global,discrete,345,172.585,1,published_after_gate_recheck,17.93237403035164,4.5916847884655,1.0
1000,global,continuous,346,173.451,1,published_after_gate_recheck,22.735385224223137,5.22976228967309,1.0
1000,readset,discrete,347,173.986,1,published_after_gate_recheck,17.932823859155178,4.440892022103071,1.0
1000,global,discrete,348,174.178,1,published_after_gate_recheck,19.346266984939575,4.15849220007658,1.0
1000,readset,discrete,349,174.976,1,published_after_gate_recheck,18.521258141845465,4.855770152062178,1.0
1000,readset,discrete,350,175.013,1,published_after_gate_recheck,16.083314083516598,4.281552974134684,1.0
1000,readset,discrete,351,175.746,1,published_after_gate_recheck,20.15287009999156,5.524745676666498,1.0
1000,predicate,continuous,352,176.324,1,published_after_gate_recheck,19.106006249785423,5.019027274101973,1.0
1000,global,continuous,353,176.512,1,published_after_gate_recheck,18.03138991817832,5.128731951117516,1.0
1000,predicate,continuous,354,177.455,1,published_after_gate_recheck,17.48628681525588,4.737108014523983,1.0
1000,global,continuous,355,177.84,1,published_after_gate_recheck,17.153332009911537,4.065847955644131,1.0
1000,predicate,continuous,356,178.113,1,published_after_gate_recheck,18.66123080253601,5.135374143719673,1.0
1000,readset,discrete,357,178.806,1,published_after_gate_recheck,17.53981737419963,4.707501735538244,1.0
1000,predicate,discrete,358,179.086,1,published_after_gate_recheck,17.224406357854605,4.12696273997426,1.0
1000,global,discrete,359,179.752,1,published_after_gate_recheck,19.8396616615355,4.482330288738012,1.0
1000,readset,discrete,360,180.031,1,published_after_gate_recheck,17.918437253683805,5.131406709551811,1.0
1000,global,discrete,361,180.736,1,published_after_gate_recheck,16.64769370108843,4.459998104721308,1.0
1000,readset,discrete,362,181.303,1,published_after_gate_recheck,17.36258529126644,4.609277006238699,1.0
1000,global,discrete,363,181.526,1,published_after_gate_recheck,16.731570940464735,4.476168192923069,1.0
1000,readset,discrete,364,182.037,1,published_after_gate_recheck,18.10987712815404,4.537503235042095,1.0
1000,global,discrete,365,182.513,1,published_after_gate_recheck,21.542116068303585,7.5608352199196815,1.0
1000,readset,continuous,366,183.313,1,published_after_gate_recheck,18.517612013965845,4.623653832823038,1.0
1000,predicate,discrete,367,183.955,1,published_after_gate_recheck,19.39097000285983,5.468049086630344,1.0
1000,readset,continuous,368,184.293,1,published_after_gate_recheck,17.139466013759375,4.714924842119217,1.0
1000,readset,discrete,369,184.789,1,published_after_gate_recheck,17.875577323138714,4.539365880191326,1.0
1000,global,discrete,370,185.172,1,published_after_gate_recheck,16.215110663324594,4.359147977083921,1.0
1000,predicate,continuous,371,185.603,1,published_after_gate_recheck,18.808066844940186,4.939818289130926,1.0
1000,global,continuous,372,186.415,1,published_after_gate_recheck,17.991714645177126,4.87689021974802,1.0
1000,predicate,discrete,373,186.869,1,published_after_gate_recheck,18.71364889666438,4.407208878546953,1.0
1000,predicate,continuous,374,187.483,1,published_after_gate_recheck,20.543312188237906,5.296556744724512,1.0
1000,predicate,continuous,375,187.975,1,published_after_gate_recheck,19.031595904380083,4.40224027261138,1.0
1000,readset,discrete,376,188.301,1,published_after_gate_recheck,15.419509261846542,3.79189383238554,1.0
1000,global,discrete,377,188.565,1,published_after_gate_recheck,18.549020867794752,4.666214343160391,1.0
1000,predicate,discrete,378,189.426,1,published_after_gate_recheck,19.404906313866377,4.683686885982752,1.0
1000,global,discrete,379,189.927,1,published_after_gate_recheck,17.333128955215216,4.835831932723522,1.0
1000,readset,continuous,380,190.212,1,published_after_gate_recheck,20.83104196935892,4.629394970834255,1.0
1000,readset,continuous,381,190.534,1,published_after_gate_recheck,17.09518302232027,4.212552681565285,1.0
1000,predicate,discrete,382,191.028,1,published_after_gate_recheck,18.63188622519374,4.53805411234498,1.0
1000,global,discrete,383,191.843,1,published_after_gate_recheck,16.72662189230323,4.320785868912935,1.0
1000,global,continuous,384,192.403,1,published_after_gate_recheck,17.40438397973776,4.497318062931299,1.0
1000,global,discrete,385,192.913,1,published_after_gate_recheck,17.267636954784393,4.108458291739225,1.0
1000,predicate,discrete,386,193.1,1,published_after_gate_recheck,18.582093063741922,5.0772749818861485,1.0
1000,predicate,continuous,387,193.938,1,published_after_gate_recheck,17.435119953006506,4.8500290140509605,1.0
1000,readset,continuous,388,194.245,1,published_after_gate_recheck,17.533554695546627,4.340724088251591,1.0
1000,global,continuous,389,194.817,1,published_after_gate_recheck,18.29020492732525,4.844157956540585,1.0
1000,readset,discrete,390,195.28,1,published_after_gate_recheck,16.57853415235877,4.787742160260677,1.0
1000,global,discrete,391,195.827,1,published_after_gate_recheck,18.0489718914032,4.608226008713245,1.0
1000,global,discrete,392,196.275,1,published_after_gate_recheck,17.813850659877062,4.622222390025854,1.0
1000,global,continuous,393,196.607,1,published_after_gate_recheck,18.015289679169655,4.1790311224758625,1.0
1000,global,continuous,394,197.226,1,published_after_gate_recheck,19.656627904623747,6.124289706349373,1.0
1000,global,discrete,395,197.567,1,published_after_gate_recheck,17.516273073852062,4.49241790920496,1.0
1000,readset,discrete,396,198.229,1,published_after_gate_recheck,17.423218116164207,4.6797702088952065,1.0
1000,readset,discrete,397,198.748,1,published_after_gate_recheck,18.278251867741346,4.911604803055525,1.0
1000,readset,discrete,398,199.05,1,published_after_gate_recheck,17.330193892121315,4.003020003437996,1.0
1000,predicate,discrete,399,199.847,1,published_after_gate_recheck,17.36001018434763,4.9379137344658375,1.0
1000,predicate,continuous,400,200.05,1,published_after_gate_recheck,17.282033804804087,4.653129726648331,1.0
1000,predicate,continuous,401,200.699,1,published_after_gate_recheck,19.696111790835857,5.273873917758465,1.0
1000,readset,discrete,402,201.358,1,published_after_gate_recheck,16.81591896340251,4.200711380690336,1.0
1000,readset,discrete,403,201.808,1,published_after_gate_recheck,17.970765940845013,4.811266902834177,1.0
1000,readset,discrete,404,202.385,1,published_after_gate_recheck,20.040147937834263,4.5527508482337,1.0
1000,global,discrete,405,202.646,1,published_after_gate_recheck,16.314768698066473,4.628643859177828,1.0
1000,readset,continuous,406,203.339,1,published_after_gate_recheck,16.088535077869892,3.942816983908415,1.0
1000,predicate,discrete,407,203.6,1,published_after_gate_recheck,18.187422305345535,4.227993078529835,1.0
1000,readset,continuous,408,204.079,1,published_after_gate_recheck,17.349209170788527,4.259049892425537,1.0
1000,predicate,discrete,409,204.758,1,published_after_gate_recheck,17.967510037124157,4.07616700977087,1.0
1000,global,discrete,410,205.43,1,published_after_gate_recheck,17.439058981835842,4.778746049851179,1.0
1000,predicate,continuous,411,205.58,1,published_after_gate_recheck,17.938044387847185,4.817317705601454,1.0
1000,readset,discrete,412,206.092,1,published_after_gate_recheck,16.737621743232012,4.341505002230406,1.0
1000,global,discrete,413,206.569,1,published_after_gate_recheck,17.402449157088995,4.597075283527374,1.0
1000,predicate,discrete,414,207.4,1,published_after_gate_recheck,15.968569088727236,3.964907955378294,1.0
1000,predicate,discrete,415,207.686,1,published_after_gate_recheck,19.04865773394704,4.617172759026289,1.0
1000,readset,continuous,416,208.389,1,published_after_gate_recheck,17.487098928540945,4.367042798548937,1.0
1000,readset,discrete,417,208.654,1,published_after_gate_recheck,17.395114991813898,4.911534953862429,1.0
1000,global,continuous,418,209.313,1,published_after_gate_recheck,23.648879025131464,6.29168376326561,1.0
1000,readset,discrete,419,209.958,1,published_after_gate_recheck,17.554303631186485,4.700828809291124,1.0
1000,global,continuous,420,210.016,1,published_after_gate_recheck,21.026779897511005,6.2898509204387665,1.0
1000,predicate,continuous,421,210.819,1,published_after_gate_recheck,18.65636184811592,4.657659213989973,1.0
1000,readset,continuous,422,211.288,1,published_after_gate_recheck,19.98714916408062,5.015189293771982,1.0
1000,global,discrete,423,211.651,1,published_after_gate_recheck,19.56715015694499,5.318727809935808,1.0
1000,global,continuous,424,212.091,1,published_after_gate_recheck,17.808932345360518,5.106721073389053,1.0
1000,global,continuous,425,212.854,1,published_after_gate_recheck,18.19468569010496,4.92487009614706,1.0
1000,readset,continuous,426,213.123,1,published_after_gate_recheck,17.074895091354847,4.359989892691374,1.0
1000,global,continuous,427,213.54,1,published_after_gate_recheck,19.06217308714986,4.77521913126111,1.0
1000,predicate,continuous,428,214.019,1,published_after_gate_recheck,17.28739310055971,4.412458278238773,1.0
1000,global,discrete,429,214.789,1,published_after_gate_recheck,18.0960800498724,4.619386978447437,1.0
1000,predicate,continuous,430,215.26,1,published_after_gate_recheck,21.198460832238197,4.0404098108410835,1.0
1000,global,continuous,431,215.64,1,published_after_gate_recheck,20.74627298861742,6.043587811291218,1.0
1000,predicate,discrete,432,216.469,1,published_after_gate_recheck,16.94263704121113,4.5009637251496315,1.0
1000,predicate,continuous,433,216.68,1,published_after_gate_recheck,18.454994075000286,4.737758077681065,1.0
1000,readset,discrete,434,217.249,1,published_after_gate_recheck,19.358669873327017,4.522966220974922,1.0
1000,readset,discrete,435,217.707,1,published_after_gate_recheck,21.170970052480698,5.311685148626566,1.0
1000,readset,discrete,436,218.029,1,published_after_gate_recheck,18.509477376937866,4.585252609103918,1.0
1000,readset,discrete,437,218.902,1,published_after_gate_recheck,18.44505500048399,4.29597869515419,1.0
1000,predicate,continuous,438,219.437,1,published_after_gate_recheck,21.951152943074703,7.432875223457813,1.0
1000,global,discrete,439,219.522,1,published_after_gate_recheck,17.82221719622612,4.821055103093386,1.0
1000,readset,continuous,440,220.132,1,published_after_gate_recheck,17.364037223160267,4.412227775901556,1.0
1000,global,continuous,441,220.542,1,published_after_gate_recheck,19.732309971004725,5.138450302183628,1.0
1000,predicate,continuous,442,221.278,1,published_after_gate_recheck,17.40835001692176,4.51502064242959,1.0
1000,predicate,continuous,443,221.688,1,published_after_gate_recheck,18.184085842221975,4.963072016835213,1.0
1000,global,continuous,444,222.476,1,published_after_gate_recheck,17.224575392901897,4.590623080730438,1.0
1000,readset,discrete,445,222.826,1,published_after_gate_recheck,16.922608949244022,4.819462075829506,1.0
1000,global,continuous,446,223.03,1,published_after_gate_recheck,17.630747985094786,4.779546987265348,1.0
1000,global,continuous,447,223.954,1,published_after_gate_recheck,18.395983148366213,4.903289023786783,1.0
1000,readset,continuous,448,224.269,1,published_after_gate_recheck,16.24243287369609,4.4316742569208145,1.0
1000,readset,discrete,449,224.931,1,published_after_gate_recheck,16.677520237863064,4.5160031877458096,1.0
1000,global,discrete,450,225.363,1,published_after_gate_recheck,20.254790782928467,5.872257053852081,1.0
1000,readset,discrete,451,225.763,1,published_after_gate_recheck,16.818744130432606,4.977757576853037,1.0
1000,readset,continuous,452,226.219,1,published_after_gate_recheck,18.56332691386342,4.788944963365793,1.0
1000,predicate,continuous,453,226.63,1,published_after_gate_recheck,17.387491185218096,4.2961398139595985,1.0
1000,readset,discrete,454,227.008,1,published_after_gate_recheck,21.261959802359343,5.869152024388313,1.0
1000,readset,discrete,455,227.676,1,published_after_gate_recheck,18.86594481766224,5.154541227966547,1.0
1000,global,continuous,456,228.246,1,published_after_gate_recheck,19.329525064677,5.310613662004471,1.0
1000,predicate,discrete,457,228.771,1,published_after_gate_recheck,20.070824772119522,4.8801349475979805,1.0
1000,predicate,discrete,458,229.352,1,published_after_gate_recheck,18.597000278532505,4.423277918249369,1.0
1000,predicate,continuous,459,229.905,1,published_after_gate_recheck,19.10997275263071,4.79082902893424,1.0
1000,readset,continuous,460,230.154,1,published_after_gate_recheck,21.639449056237936,5.146825686097145,1.0
1000,readset,discrete,461,230.714,1,published_after_gate_recheck,19.444601144641638,4.951871000230312,1.0
1000,predicate,discrete,462,231.306,1,published_after_gate_recheck,19.201664719730616,6.456793751567602,1.0
1000,readset,continuous,463,231.65,1,published_after_gate_recheck,18.969899974763393,4.7927116975188255,1.0
1000,predicate,discrete,464,232.08,1,published_after_gate_recheck,18.60960479825735,4.73501393571496,1.0
1000,global,continuous,465,232.873,1,published_after_gate_recheck,18.7989198602736,5.334949120879173,1.0
1000,predicate,discrete,466,233.253,1,published_after_gate_recheck,19.741067197173834,5.289132706820965,1.0
1000,predicate,continuous,467,233.614,1,published_after_gate_recheck,17.370388843119144,5.381056107580662,1.0
1000,readset,discrete,468,234.253,1,published_after_gate_recheck,17.45516899973154,4.548523109406233,1.0
1000,global,continuous,469,234.564,1,published_after_gate_recheck,18.51786207407713,4.771611653268337,1.0
1000,readset,discrete,470,235.159,1,published_after_gate_recheck,19.72452597692609,4.713333211839199,1.0
1000,global,continuous,471,235.938,1,published_after_gate_recheck,17.891776748001575,4.7926222905516624,1.0
1000,global,continuous,472,236.47,1,published_after_gate_recheck,19.62302578613162,5.051897838711739,1.0
1000,predicate,continuous,473,236.542,1,published_after_gate_recheck,19.782395102083683,4.7402638010680676,1.0
1000,readset,discrete,474,237.083,1,published_after_gate_recheck,16.903793904930353,4.546380136162043,1.0
1000,global,discrete,475,237.576,1,published_after_gate_recheck,19.121964927762747,4.855369683355093,1.0
1000,readset,discrete,476,238.262,1,published_after_gate_recheck,19.695171155035496,5.735400598496199,1.0
1000,global,discrete,477,238.711,1,published_after_gate_recheck,18.642054870724678,4.924869164824486,1.0
1000,readset,discrete,478,239.342,1,published_after_gate_recheck,16.87456900253892,4.6691796742379665,1.0
1000,readset,discrete,479,239.601,1,published_after_gate_recheck,17.813320737332106,4.845079965889454,1.0
1000,readset,continuous,480,240.497,1,published_after_gate_recheck,16.73969579860568,4.413160029798746,1.0
1000,predicate,continuous,481,240.692,1,published_after_gate_recheck,19.379168283194304,4.526643082499504,1.0
1000,predicate,continuous,482,241.383,1,published_after_gate_recheck,18.70198780670762,5.257824435830116,1.0
1000,global,continuous,483,241.549,1,published_after_gate_recheck,18.52028677240014,4.809373989701271,1.0
1000,readset,continuous,484,242.421,1,published_after_gate_recheck,19.039650913327932,4.711971152573824,1.0
1000,readset,continuous,485,242.501,1,published_after_gate_recheck,17.137472052127123,4.987707361578941,1.0
1000,global,discrete,486,243.246,1,published_after_gate_recheck,18.293260131031275,4.705839324742556,1.0
1000,readset,discrete,487,243.948,1,published_after_gate_recheck,17.20578083768487,5.105828866362572,1.0
1000,predicate,discrete,488,244.429,1,published_after_gate_recheck,19.12118401378393,4.79932501912117,1.0
1000,global,discrete,489,244.961,1,published_after_gate_recheck,17.943975050002337,4.884724039584398,1.0
1000,predicate,continuous,490,245.446,1,published_after_gate_recheck,18.920107278972864,4.856592044234276,1.0
1000,predicate,discrete,491,245.701,1,published_after_gate_recheck,18.0099387653172,4.52047074213624,1.0
1000,predicate,continuous,492,246.249,1,published_after_gate_recheck,17.018137965351343,4.311618860810995,1.0
1000,global,continuous,493,246.887,1,published_after_gate_recheck,22.40848122164607,5.2196127362549305,1.0
1000,predicate,discrete,494,247.15,1,published_after_gate_recheck,17.27041183039546,4.117845091968775,1.0
1000,predicate,discrete,495,247.66,1,published_after_gate_recheck,18.24324717745185,5.317998118698597,1.0
1000,predicate,continuous,496,248.026,1,published_after_gate_recheck,18.973165657371283,6.739214062690735,1.0
1000,global,continuous,497,248.651,1,published_after_gate_recheck,17.91662396863103,4.475417081266642,1.0
1000,readset,discrete,498,249.106,1,published_after_gate_recheck,17.24838139489293,4.155908245593309,1.0
1000,predicate,discrete,499,249.885,1,published_after_gate_recheck,18.078657798469067,5.245110020041466,1.0
1000,predicate,discrete,500,250.269,1,published_after_gate_recheck,18.66384595632553,4.818860907107592,1.0
1000,global,discrete,501,250.895,1,published_after_gate_recheck,27.194950729608536,5.235933233052492,1.0
1000,global,continuous,502,251.045,1,published_after_gate_recheck,21.94416057318449,8.64397780969739,1.0
1000,predicate,discrete,503,251.718,1,published_after_gate_recheck,17.579141072928905,4.97634569182992,1.0
1000,global,discrete,504,252.203,1,published_after_gate_recheck,19.317331723868847,6.0820309445261955,1.0
1000,readset,continuous,505,252.767,1,published_after_gate_recheck,18.137468956410885,4.5347982086241245,1.0
1000,global,discrete,506,253.099,1,published_after_gate_recheck,18.99111969396472,4.827606957405806,1.0
1000,predicate,discrete,507,253.637,1,published_after_gate_recheck,19.035502802580595,4.800997208803892,1.0
1000,global,continuous,508,254.426,1,published_after_gate_recheck,17.004243098199368,4.8570530489087105,1.0
1000,predicate,continuous,509,254.716,1,published_after_gate_recheck,19.520762842148542,5.287169944494963,1.0
1000,global,continuous,510,255.27,1,published_after_gate_recheck,16.76838891580701,4.938765894621611,1.0
1000,global,continuous,511,255.61,1,published_after_gate_recheck,17.038817051798105,4.707782994955778,1.0
1000,predicate,discrete,512,256.256,1,published_after_gate_recheck,16.28524297848344,4.449698142707348,1.0
1000,predicate,continuous,513,256.789,1,published_after_gate_recheck,18.579969182610512,4.6027651987969875,1.0
1000,predicate,discrete,514,257.076,1,published_after_gate_recheck,16.747751273214817,4.339250735938549,1.0
1000,global,continuous,515,257.968,1,published_after_gate_recheck,20.94257064163685,5.065553821623325,1.0
1000,global,discrete,516,258.099,1,published_after_gate_recheck,20.228051114827394,4.5905630104243755,1.0
1000,predicate,discrete,517,258.842,1,published_after_gate_recheck,17.256585881114006,4.085193853825331,1.0
1000,global,discrete,518,259.439,1,published_after_gate_recheck,18.346279859542847,5.44023560360074,1.0
1000,readset,discrete,519,259.529,1,published_after_gate_recheck,16.314026899635792,4.392541013658047,1.0
1000,readset,continuous,520,260.344,1,published_after_gate_recheck,17.724412959069014,4.718873184174299,1.0
1000,readset,discrete,521,260.835,1,published_after_gate_recheck,17.00519397854805,4.474495071917772,1.0
1000,global,discrete,522,261.426,1,published_after_gate_recheck,16.47801510989666,4.521563183516264,1.0
1000,predicate,continuous,523,261.823,1,published_after_gate_recheck,17.44073210284114,4.689318127930164,1.0
1000,predicate,continuous,524,262.141,1,published_after_gate_recheck,16.257390845566988,4.709265194833279,1.0
1000,predicate,discrete,525,262.784,1,published_after_gate_recheck,17.978540156036615,5.1743872463703156,1.0
1000,global,discrete,526,263.164,1,published_after_gate_recheck,19.729506224393845,5.067766644060612,1.0
1000,predicate,continuous,527,263.95,1,published_after_gate_recheck,18.40522000566125,4.184260964393616,1.0
1000,predicate,continuous,528,264.457,1,published_after_gate_recheck,22.60924829170108,4.508909769356251,1.0
1000,global,discrete,529,264.518,1,published_after_gate_recheck,21.520915906876326,4.581225104629993,1.0
1000,readset,continuous,530,265.288,1,published_after_gate_recheck,17.95766083523631,4.736897069960833,1.0
1000,readset,discrete,531,265.725,1,published_after_gate_recheck,19.132143817842007,5.313319154083729,1.0
1000,global,discrete,532,266.142,1,published_after_gate_recheck,17.296099103987217,4.5594037510454655,1.0
1000,readset,continuous,533,266.925,1,published_after_gate_recheck,18.428965006023645,5.150643642991781,1.0
1000,global,continuous,534,267.111,1,published_after_gate_recheck,17.659520730376244,4.3270280584692955,1.0
1000,readset,continuous,535,267.658,1,published_after_gate_recheck,18.648317083716393,5.097442772239447,1.0
1000,readset,continuous,536,268.428,1,published_after_gate_recheck,17.484673764556646,4.715967923402786,1.0
1000,readset,continuous,537,268.965,1,published_after_gate_recheck,19.285382237285376,5.0044492818415165,1.0
1000,readset,discrete,538,269.1,1,published_after_gate_recheck,19.818993285298347,4.645464941859245,1.0
1000,global,continuous,539,269.636,1,published_after_gate_recheck,18.142267130315304,4.987718071788549,1.0
1000,global,continuous,540,270.343,1,published_after_gate_recheck,18.39123386889696,4.480364732444286,1.0
1000,readset,discrete,541,270.972,1,published_after_gate_recheck,18.726062029600143,4.978490993380547,1.0
1000,global,discrete,542,271.437,1,published_after_gate_recheck,17.61038927361369,4.807410296052694,1.0
1000,readset,discrete,543,271.652,1,published_after_gate_recheck,18.326593097299337,4.343478940427303,1.0
1000,global,discrete,544,272.011,1,published_after_gate_recheck,16.969806980341673,4.728049971163273,1.0
1000,readset,continuous,545,272.914,1,published_after_gate_recheck,19.800338428467512,4.676683805882931,1.0
1000,predicate,continuous,546,273.144,1,published_after_gate_recheck,20.23913199082017,5.069941747933626,1.0
1000,predicate,continuous,547,273.823,1,published_after_gate_recheck,20.054535008966923,5.24061219766736,1.0
1000,readset,discrete,548,274.454,1,published_after_gate_recheck,19.28038289770484,5.160951986908913,1.0
1000,global,continuous,549,274.929,1,published_after_gate_recheck,17.109449952840805,4.195651039481163,1.0
1000,readset,discrete,550,275.097,1,published_after_gate_recheck,17.094722017645836,4.437254276126623,1.0
1000,predicate,discrete,551,275.904,1,published_after_gate_recheck,17.395566683262587,4.247188102453947,1.0
1000,global,discrete,552,276.299,1,published_after_gate_recheck,17.827106174081564,4.671083297580481,1.0
1000,readset,continuous,553,276.787,1,published_after_gate_recheck,17.495013307780027,4.813269712030888,1.0
1000,predicate,discrete,554,277.234,1,published_after_gate_recheck,16.599323134869337,4.6189757995307446,1.0
1000,global,discrete,555,277.919,1,published_after_gate_recheck,17.2894480638206,4.201413132250309,1.0
1000,readset,continuous,556,278.389,1,published_after_gate_recheck,17.06530712544918,4.526081960648298,1.0
1000,global,discrete,557,278.831,1,published_after_gate_recheck,18.23195582255721,4.916664212942123,1.0
1000,readset,continuous,558,279.33,1,published_after_gate_recheck,17.11172377690673,4.418639931827784,1.0
1000,predicate,discrete,559,279.755,1,published_after_gate_recheck,16.960150096565485,4.544135183095932,1.0
1000,global,discrete,560,280.219,1,published_after_gate_recheck,17.88709918037057,4.44676261395216,1.0
1000,readset,continuous,561,280.512,1,published_after_gate_recheck,17.01683597639203,4.462793003767729,1.0
1000,predicate,continuous,562,281.146,1,published_after_gate_recheck,17.578739672899246,4.499081056565046,1.0
1000,predicate,discrete,563,281.658,1,published_after_gate_recheck,25.61295311897993,5.242756102234125,1.0
1000,global,continuous,564,282.008,1,published_after_gate_recheck,19.989814143627882,5.19451592117548,1.0
1000,predicate,discrete,565,282.848,1,published_after_gate_recheck,17.65962177887559,4.719283897429705,1.0
1000,predicate,continuous,566,283.231,1,published_after_gate_recheck,18.92791222780943,5.208902060985565,1.0
1000,global,discrete,567,283.624,1,published_after_gate_recheck,23.45878165215254,6.35495176538825,1.0
1000,predicate,discrete,568,284.184,1,published_after_gate_recheck,19.847366027534008,4.918578080832958,1.0
1000,readset,continuous,569,284.794,1,published_after_gate_recheck,16.92791935056448,4.706338979303837,1.0
1000,global,discrete,570,285.25,1,published_after_gate_recheck,20.144394133239985,4.657849203795195,1.0
1000,global,continuous,571,285.558,1,published_after_gate_recheck,24.099753703922033,8.04242817685008,1.0
1000,predicate,continuous,572,286.034,1,published_after_gate_recheck,16.948868054896593,4.484103061258793,1.0
1000,readset,continuous,573,286.525,1,published_after_gate_recheck,19.046915229409933,4.8463428393006325,1.0
1000,readset,discrete,574,287.492,1,published_after_gate_recheck,18.369313795119524,4.824470728635788,1.0
1000,predicate,continuous,575,287.546,1,published_after_gate_recheck,16.17121882736683,4.228132776916027,1.0
1000,predicate,continuous,576,288.185,1,published_after_gate_recheck,16.833210829645395,4.513667896389961,1.0
1000,global,continuous,577,288.888,1,published_after_gate_recheck,17.247017938643694,4.5324526727199554,1.0
1000,readset,discrete,578,289.045,1,published_after_gate_recheck,16.30856702104211,4.841444082558155,1.0
1000,global,continuous,579,289.988,1,published_after_gate_recheck,16.899615991860628,4.146059043705463,1.0
1000,global,discrete,580,290.133,1,published_after_gate_recheck,16.244095750153065,4.188788123428822,1.0
1000,predicate,continuous,581,290.651,1,published_after_gate_recheck,18.371207173913717,4.621159750968218,1.0
1000,global,continuous,582,291.305,1,published_after_gate_recheck,19.819683860987425,4.799765069037676,1.0
1000,predicate,discrete,583,291.988,1,published_after_gate_recheck,18.603031989187002,5.067097023129463,1.0
1000,readset,continuous,584,292.139,1,published_after_gate_recheck,20.257967058569193,5.537980236113071,1.0
1000,predicate,continuous,585,292.742,1,published_after_gate_recheck,17.25156605243683,4.6853311359882355,1.0
1000,readset,discrete,586,293.049,1,published_after_gate_recheck,18.81638215854764,5.574728827923536,1.0
1000,predicate,discrete,587,293.676,1,published_after_gate_recheck,18.378380220383406,5.143681075423956,1.0
1000,readset,continuous,588,294.216,1,published_after_gate_recheck,19.467804115265608,7.4616689234972,1.0
1000,readset,discrete,589,294.711,1,published_after_gate_recheck,18.79189582541585,4.5411186292767525,1.0
1000,global,discrete,590,295.158,1,published_after_gate_recheck,15.974841080605984,3.9587467908859253,1.0
1000,global,continuous,591,295.553,1,published_after_gate_recheck,16.979556065052748,4.715506918728352,1.0
1000,readset,discrete,592,296.018,1,published_after_gate_recheck,20.169902127236128,4.8133800737559795,1.0
1000,predicate,continuous,593,296.815,1,published_after_gate_recheck,18.01028987392783,4.9187480472028255,1.0
1000,global,continuous,594,297.465,1,published_after_gate_recheck,19.549958873540163,4.4980887323617935,1.0
1000,readset,discrete,595,297.763,1,published_after_gate_recheck,18.148258794099092,4.855880048125982,1.0
1000,readset,continuous,596,298.415,1,published_after_gate_recheck,20.52923571318388,5.134142003953457,1.0
1000,readset,continuous,597,298.568,1,published_after_gate_recheck,24.696744978427887,5.379793234169483,1.0
1000,predicate,discrete,598,299.223,1,published_after_gate_recheck,17.106663901358843,4.469926003366709,1.0
1000,predicate,continuous,599,299.508,1,published_after_gate_recheck,18.01692321896553,4.770630970597267,1.0
100,predicate,discrete,0,0.285,1,published_after_gate_recheck,18.51435611024499,4.621319938451052,10.0
100,global,continuous,1,0.646,1,published_after_gate_recheck,19.285261631011963,5.473538767546415,10.0
100,readset,continuous,2,1.115,1,published_after_gate_recheck,17.04835519194603,4.539546091109514,10.0
100,global,discrete,3,1.953,1,published_after_gate_recheck,16.223598271608353,4.081005696207285,10.0
100,global,continuous,4,2.233,1,published_after_gate_recheck,17.30282185599208,4.855851177126169,10.0
100,global,discrete,5,2.742,1,published_after_gate_recheck,17.490353900939226,4.897679202258587,10.0
100,global,discrete,6,3.059,1,published_after_gate_recheck,15.998104121536016,4.245996009558439,10.0
100,predicate,continuous,7,3.844,1,published_after_gate_recheck,17.431093845516443,4.788944032043219,10.0
100,readset,discrete,8,4.114,1,published_after_gate_recheck,15.846510417759418,4.251916892826557,10.0
100,global,discrete,9,4.905,1,published_after_gate_recheck,17.803141847252846,5.014879163354635,10.0
100,readset,continuous,10,5.114,1,published_after_gate_recheck,16.934881918132305,3.8607330061495304,10.0
100,global,continuous,11,5.724,1,published_after_gate_recheck,18.220785073935986,4.84891701489687,10.0
100,global,discrete,12,6.351,1,published_after_gate_recheck,18.61398294568062,4.778936039656401,10.0
100,predicate,discrete,13,6.508,1,published_after_gate_recheck,15.55750798434019,4.3494803830981255,10.0
100,readset,continuous,14,7.354,1,published_after_gate_recheck,17.898700200021267,5.051406566053629,10.0
100,readset,discrete,15,7.871,1,published_after_gate_recheck,17.173469997942448,4.60775475949049,10.0
100,global,discrete,16,8.407,1,published_after_gate_recheck,17.447834834456444,4.550477024167776,10.0
100,predicate,continuous,17,8.502,1,published_after_gate_recheck,18.477576784789562,4.992487374693155,10.0
100,global,continuous,18,9.46,1,published_after_gate_recheck,18.75986624509096,4.928326234221458,10.0
100,global,continuous,19,9.873,1,published_after_gate_recheck,17.55839167162776,4.275730811059475,10.0
100,predicate,discrete,20,10.363,1,published_after_gate_recheck,19.140630960464478,4.623523913323879,10.0
100,predicate,continuous,21,10.571,1,published_after_gate_recheck,16.512559726834297,4.419011063873768,10.0
100,predicate,discrete,22,11.163,1,published_after_gate_recheck,20.16322873532772,4.921122919768095,10.0
100,global,continuous,23,11.822,1,published_after_gate_recheck,18.10812298208475,5.023044068366289,10.0
100,predicate,discrete,24,12.217,1,published_after_gate_recheck,16.75903331488371,4.450879991054535,10.0
100,global,discrete,25,12.742,1,published_after_gate_recheck,18.677120562642813,4.693344701081514,10.0
100,readset,discrete,26,13.249,1,published_after_gate_recheck,19.33584688231349,4.975924734026194,10.0
100,global,continuous,27,13.561,1,published_after_gate_recheck,23.07055424898863,4.485755693167448,10.0
100,predicate,continuous,28,14.164,1,published_after_gate_recheck,16.634828876703978,4.282623995095491,10.0
100,global,continuous,29,14.558,1,published_after_gate_recheck,18.48652306944132,4.652629140764475,10.0
100,predicate,discrete,30,15.217,1,published_after_gate_recheck,17.357415053993464,4.8627229407429695,10.0
100,readset,discrete,31,15.703,1,published_after_gate_recheck,18.7078476883471,4.986745771020651,10.0
100,readset,continuous,32,16.094,0,read_set_version_changed_at_gate,20.007016137242317,7.033997215330601,10.0
100,global,continuous,33,16.981,1,published_after_gate_recheck,19.41761001944542,4.832386039197445,10.0
100,global,discrete,34,17.021,1,published_after_gate_recheck,18.705063033849,4.814351908862591,10.0
100,readset,discrete,35,17.575,1,published_after_gate_recheck,18.264546990394592,4.7121611423790455,10.0
100,predicate,continuous,36,18.306,1,published_after_gate_recheck,17.34138373285532,4.733531270176172,10.0
100,predicate,discrete,37,18.525,1,published_after_gate_recheck,16.306994017213583,4.487027879804373,10.0
100,predicate,discrete,38,19.493,1,published_after_gate_recheck,23.990249261260033,8.684082888066769,10.0
100,global,discrete,39,19.768,1,published_after_gate_recheck,19.13922792300582,4.833979066461325,10.0
100,readset,continuous,40,20.091,0,read_set_version_changed_at_gate,25.703723542392254,10.628059972077608,10.0
100,global,continuous,41,20.69,1,published_after_gate_recheck,17.448294907808304,4.235846921801567,10.0
100,global,discrete,42,21.427,1,published_after_gate_recheck,18.330820836126804,5.078739020973444,10.0
100,global,discrete,43,21.825,1,published_after_gate_recheck,16.46269578486681,4.387902095913887,10.0
100,global,continuous,44,22.27,1,published_after_gate_recheck,21.992390975356102,5.118922796100378,10.0
100,readset,discrete,45,22.793,1,published_after_gate_recheck,21.627715788781643,8.89767287299037,10.0
100,predicate,continuous,46,23.257,1,published_after_gate_recheck,16.904765740036964,4.313323181122541,10.0
100,global,discrete,47,23.962,1,published_after_gate_recheck,18.154981080442667,4.774346947669983,10.0
100,readset,continuous,48,24.089,1,published_after_gate_recheck,17.328160349279642,4.736024886369705,10.0
100,predicate,discrete,49,24.524,1,published_after_gate_recheck,19.75674694404006,5.158348008990288,10.0
100,predicate,continuous,50,25.263,1,published_after_gate_recheck,17.56725925952196,4.464986734092236,10.0
100,readset,discrete,51,25.867,1,published_after_gate_recheck,20.486886147409678,4.240095149725676,10.0
100,global,continuous,52,26.197,0,context_version_changed_at_publish,20.21652925759554,7.008478976786137,10.0
100,predicate,discrete,53,26.704,1,published_after_gate_recheck,23.428746033459902,8.06450005620718,10.0
100,predicate,discrete,54,27.421,1,published_after_gate_recheck,16.99740020558238,4.300398286432028,10.0
100,readset,continuous,55,27.834,1,published_after_gate_recheck,17.12222397327423,4.972970113158226,10.0
100,readset,continuous,56,28.09,1,published_after_gate_recheck,20.30787104740739,4.858003929257393,10.0
100,global,discrete,57,28.516,1,published_after_gate_recheck,20.628681872040033,4.327908623963594,10.0
100,predicate,continuous,58,29.371,1,published_after_gate_recheck,18.4241971001029,4.984150640666485,10.0
100,global,continuous,59,29.583,1,published_after_gate_recheck,17.439930234104395,4.320015199482441,10.0
100,global,continuous,60,30.128,1,published_after_gate_recheck,17.563380766659975,4.736615810543299,10.0
100,readset,continuous,61,30.578,1,published_after_gate_recheck,17.553471960127354,4.750743042677641,10.0
100,readset,continuous,62,31.478,1,published_after_gate_recheck,18.845215905457735,4.867912735790014,10.0
100,readset,continuous,63,31.778,1,published_after_gate_recheck,17.970906104892492,4.707511980086565,10.0
100,readset,discrete,64,32.225,1,published_after_gate_recheck,19.134679343551397,4.662306979298592,10.0
100,global,continuous,65,32.778,1,published_after_gate_recheck,19.410045817494392,5.243417806923389,10.0
100,predicate,discrete,66,33.087,1,published_after_gate_recheck,22.49381225556135,5.126327741891146,10.0
100,global,discrete,67,33.948,1,published_after_gate_recheck,18.581009935587645,4.528276156634092,10.0
100,global,continuous,68,34.089,1,published_after_gate_recheck,20.177055150270462,5.458320956677198,10.0
100,readset,discrete,69,34.903,1,published_after_gate_recheck,19.950960762798786,5.246523302048445,10.0
100,global,continuous,70,35.099,1,published_after_gate_recheck,23.436269722878933,5.254568066447973,10.0
100,global,continuous,71,35.609,1,published_after_gate_recheck,17.130658961832523,4.561667796224356,10.0
100,global,continuous,72,36.238,1,published_after_gate_recheck,18.302949145436287,4.784105345606804,10.0
100,readset,discrete,73,36.951,1,published_after_gate_recheck,19.09195864573121,4.721908830106258,10.0
100,predicate,continuous,74,37.428,1,published_after_gate_recheck,23.30490294843912,5.21850073710084,10.0
100,predicate,discrete,75,37.871,1,published_after_gate_recheck,17.14325323700905,4.455919843167067,10.0
100,global,continuous,76,38.472,1,published_after_gate_recheck,17.884183209389448,4.5020561665296555,10.0
100,predicate,continuous,77,38.971,1,published_after_gate_recheck,19.13095312193036,5.181692074984312,10.0
100,readset,continuous,78,39.027,1,published_after_gate_recheck,18.422432709485292,4.755793139338493,10.0
100,predicate,continuous,79,39.623,1,published_after_gate_recheck,18.742002081125975,4.737858660519123,10.0
100,readset,continuous,80,40.138,1,published_after_gate_recheck,17.25550414994359,4.730395041406155,10.0
100,readset,continuous,81,40.874,1,published_after_gate_recheck,19.011517986655235,5.129593890160322,10.0
100,predicate,discrete,82,41.053,1,published_after_gate_recheck,18.55221576988697,5.041788797825575,10.0
100,global,continuous,83,41.869,1,published_after_gate_recheck,19.370040856301785,4.6797096729278564,10.0
100,global,continuous,84,42.19,0,context_version_changed_at_publish,26.871955953538418,11.346227023750544,10.0
100,readset,discrete,85,42.745,1,published_after_gate_recheck,18.61962303519249,4.64503513649106,10.0
100,readset,continuous,86,43.146,1,published_after_gate_recheck,18.03397387266159,5.01745380461216,10.0
100,readset,discrete,87,43.802,1,published_after_gate_recheck,19.391700625419617,4.865529015660286,10.0
100,global,discrete,88,44.352,1,published_after_gate_recheck,18.197271041572094,4.3669831939041615,10.0
100,predicate,discrete,89,44.656,1,published_after_gate_recheck,19.39619006589055,5.170741118490696,10.0
100,global,discrete,90,45.164,1,published_after_gate_recheck,17.315225675702095,4.488341044634581,10.0
100,predicate,continuous,91,45.695,1,published_after_gate_recheck,22.230027243494987,7.660341914743185,10.0
100,global,discrete,92,46.143,1,published_after_gate_recheck,18.608050886541605,4.606812726706266,10.0
100,readset,discrete,93,46.872,1,published_after_gate_recheck,18.73436802998185,5.136687308549881,10.0
100,readset,continuous,94,47.342,1,published_after_gate_recheck,17.72676780819893,4.0329559706151485,10.0
100,predicate,continuous,95,47.593,1,published_after_gate_recheck,22.210319992154837,8.977663703262806,10.0
100,readset,continuous,96,48.359,1,published_after_gate_recheck,18.027011305093765,5.11880312114954,10.0
100,predicate,continuous,97,48.602,1,published_after_gate_recheck,18.223801162093878,4.6090069226920605,10.0
100,readset,continuous,98,49.042,1,published_after_gate_recheck,18.15976994112134,4.9140192568302155,10.0
100,readset,discrete,99,49.859,1,published_after_gate_recheck,16.77395962178707,4.635035991668701,10.0
100,predicate,continuous,100,50.01,1,published_after_gate_recheck,17.374216113239527,4.30269306525588,10.0
100,readset,discrete,101,50.917,1,published_after_gate_recheck,18.96616304293275,4.821765702217817,10.0
100,predicate,discrete,102,51.48,1,published_after_gate_recheck,20.11018991470337,5.168747156858444,10.0
100,readset,continuous,103,51.934,1,published_after_gate_recheck,17.42790685966611,4.525220021605492,10.0
100,predicate,discrete,104,52.388,1,published_after_gate_recheck,19.425043836236,5.126648116856813,10.0
100,global,discrete,105,52.865,1,published_after_gate_recheck,19.713235087692738,5.531467963010073,10.0
100,readset,continuous,106,53.346,1,published_after_gate_recheck,19.599320832639933,5.08491974323988,10.0
100,predicate,continuous,107,53.802,1,published_after_gate_recheck,19.334273878484964,4.342386964708567,10.0
100,global,discrete,108,54.286,1,published_after_gate_recheck,16.828081104904413,4.508449230343103,10.0
100,global,discrete,109,54.502,1,published_after_gate_recheck,16.931767109781504,4.604258108884096,10.0
100,predicate,discrete,110,55.237,1,published_after_gate_recheck,17.156067304313183,4.458084236830473,10.0
100,global,discrete,111,55.775,1,published_after_gate_recheck,18.087244126945734,4.947802051901817,10.0
100,predicate,discrete,112,56.057,1,published_after_gate_recheck,20.619154907763004,4.606822971254587,10.0
100,predicate,continuous,113,56.949,1,published_after_gate_recheck,16.676286701112986,4.268748685717583,10.0
100,readset,continuous,114,57.372,1,published_after_gate_recheck,16.796461772173643,4.5765358954668045,10.0
100,global,discrete,115,57.514,1,published_after_gate_recheck,16.53285836800933,4.459727089852095,10.0
100,predicate,continuous,116,58.28,1,published_after_gate_recheck,16.77306881174445,4.835502244532108,10.0
100,global,continuous,117,58.588,1,published_after_gate_recheck,19.35923984274268,4.710206761956215,10.0
100,predicate,discrete,118,59.495,1,published_after_gate_recheck,21.373660303652287,6.826286669820547,10.0
100,predicate,continuous,119,59.618,1,published_after_gate_recheck,19.70241405069828,4.6803611330688,10.0
100,readset,discrete,120,60.225,1,published_after_gate_recheck,19.97961476445198,5.4844701662659645,10.0
100,global,discrete,121,60.756,1,published_after_gate_recheck,19.69651412218809,4.8226178623735905,10.0
100,predicate,continuous,122,61.397,1,published_after_gate_recheck,20.240214187651873,6.24777190387249,10.0
100,readset,discrete,123,61.523,1,published_after_gate_recheck,18.49589077755809,4.648720845580101,10.0
100,readset,continuous,124,62.42,1,published_after_gate_recheck,16.822490841150284,4.159322939813137,10.0
100,predicate,discrete,125,62.533,1,published_after_gate_recheck,18.394109793007374,4.783936310559511,10.0
100,predicate,discrete,126,63.124,1,published_after_gate_recheck,18.91968585550785,4.748778883367777,10.0
100,predicate,discrete,127,63.675,1,published_after_gate_recheck,17.819751985371113,4.774838220328093,10.0
100,readset,continuous,128,64.441,1,published_after_gate_recheck,16.185496002435684,3.903804812580347,10.0
100,predicate,continuous,129,64.548,1,published_after_gate_recheck,17.20016961917281,4.658980760723352,10.0
100,predicate,discrete,130,65.056,1,published_after_gate_recheck,20.30988410115242,4.9204109236598015,10.0
100,predicate,continuous,131,65.616,1,published_after_gate_recheck,15.871987212449312,4.120280034840107,10.0
100,readset,discrete,132,66.154,1,published_after_gate_recheck,18.795331940054893,5.341170821338892,10.0
100,readset,discrete,133,66.736,1,published_after_gate_recheck,18.53821985423565,4.970986396074295,10.0
100,readset,discrete,134,67.478,1,published_after_gate_recheck,20.78465512022376,5.301757249981165,10.0
100,global,continuous,135,67.779,1,published_after_gate_recheck,16.691635828465223,4.312580917030573,10.0
100,predicate,continuous,136,68.195,1,published_after_gate_recheck,20.135818049311638,6.992529146373272,10.0
100,readset,discrete,137,68.903,1,published_after_gate_recheck,18.740941304713488,4.775470122694969,10.0
100,predicate,discrete,138,69.093,1,published_after_gate_recheck,21.91190980374813,8.109123911708593,10.0
100,predicate,continuous,139,69.826,1,published_after_gate_recheck,22.171026095747948,4.73457295447588,10.0
100,global,continuous,140,70.37,1,published_after_gate_recheck,16.884908080101013,4.633092787116766,10.0
100,readset,continuous,141,70.922,1,published_after_gate_recheck,17.756995279341936,4.867260809987783,10.0
100,global,continuous,142,71.013,1,published_after_gate_recheck,17.115119844675064,4.327849950641394,10.0
100,global,discrete,143,71.975,1,published_after_gate_recheck,18.05903110653162,5.018085241317749,10.0
100,predicate,discrete,144,72.247,1,published_after_gate_recheck,17.850670032203197,4.859085660427809,10.0
100,predicate,discrete,145,72.658,1,published_after_gate_recheck,17.29936571791768,4.900895059108734,10.0
100,global,continuous,146,73.39,1,published_after_gate_recheck,16.438159625977278,4.250815138220787,10.0
100,predicate,continuous,147,73.831,1,published_after_gate_recheck,16.920886002480984,4.506915807723999,10.0
100,global,continuous,148,74.454,1,published_after_gate_recheck,19.128567073494196,4.827848169952631,10.0
100,predicate,continuous,149,74.932,1,published_after_gate_recheck,19.056523218750954,5.103024188429117,10.0
100,readset,discrete,150,75.148,1,published_after_gate_recheck,17.66348909586668,4.625147208571434,10.0
100,predicate,continuous,151,75.727,1,published_after_gate_recheck,16.49781223386526,4.163321107625961,10.0
100,readset,continuous,152,76.026,1,published_after_gate_recheck,18.308348953723907,4.591264296323061,10.0
100,global,continuous,153,76.544,1,published_after_gate_recheck,17.09376974031329,4.16853092610836,10.0
100,predicate,discrete,154,77.368,1,published_after_gate_recheck,21.662882063537836,5.240793339908123,10.0
100,global,continuous,155,77.889,0,context_version_changed_at_publish,27.23405510187149,9.164995048195124,10.0
100,predicate,discrete,156,78.149,1,published_after_gate_recheck,17.79899327084422,4.476978909224272,10.0
100,global,continuous,157,78.772,1,published_after_gate_recheck,18.548348918557167,4.790488164871931,10.0
100,global,discrete,158,79.393,0,context_version_changed_at_publish,24.573322851210833,7.210337556898594,10.0
100,global,discrete,159,79.502,1,published_after_gate_recheck,18.71768804267049,4.586453549563885,10.0
100,global,discrete,160,80.144,1,published_after_gate_recheck,20.552690140902996,5.528212059289217,10.0
100,readset,continuous,161,80.786,1,published_after_gate_recheck,18.294031731784344,4.446882754564285,10.0
100,predicate,discrete,162,81.356,1,published_after_gate_recheck,20.87441273033619,5.223670974373817,10.0
100,readset,discrete,163,81.61,1,published_after_gate_recheck,15.656894072890282,4.058835096657276,10.0
100,global,continuous,164,82.185,1,published_after_gate_recheck,22.58456079289317,4.920941777527332,10.0
100,predicate,continuous,165,82.56,1,published_after_gate_recheck,15.598745085299015,4.1204397566616535,10.0
100,readset,continuous,166,83.496,0,read_set_version_changed_at_gate,24.292125832289457,7.856209296733141,10.0
100,predicate,continuous,167,83.631,1,published_after_gate_recheck,15.57663269340992,4.279608838260174,10.0
100,predicate,continuous,168,84.111,1,published_after_gate_recheck,16.521647106856108,4.558613058179617,10.0
100,global,continuous,169,84.902,1,published_after_gate_recheck,20.507584791630507,7.0571997202932835,10.0
100,predicate,continuous,170,85.027,1,published_after_gate_recheck,21.321211010217667,5.9938449412584305,10.0
100,global,discrete,171,85.577,1,published_after_gate_recheck,17.834941390901804,4.80540469288826,10.0
100,predicate,continuous,172,86.477,1,published_after_gate_recheck,17.973130103200674,4.9957530573010445,10.0
100,readset,continuous,173,86.694,0,read_set_version_changed_at_gate,20.486406050622463,5.9011210687458515,10.0
100,predicate,continuous,174,87.143,1,published_after_gate_recheck,16.26237016171217,4.273256752640009,10.0
100,global,discrete,175,87.519,1,published_after_gate_recheck,17.03405799344182,4.614016972482204,10.0
100,predicate,continuous,176,88.369,1,published_after_gate_recheck,16.869149170815945,4.669030196964741,10.0
100,predicate,continuous,177,88.82,1,published_after_gate_recheck,17.815464176237583,4.768706858158112,10.0
100,global,discrete,178,89.154,1,published_after_gate_recheck,17.853395082056522,4.698825068771839,10.0
100,predicate,continuous,179,89.685,1,published_after_gate_recheck,16.933228820562363,4.516063258051872,10.0
100,predicate,discrete,180,90.045,1,published_after_gate_recheck,16.880921088159084,4.822497256100178,10.0
100,readset,discrete,181,90.637,1,published_after_gate_recheck,21.056896075606346,5.0085862167179585,10.0
100,readset,continuous,182,91.186,1,published_after_gate_recheck,17.40994304418564,4.657136742025614,10.0
100,readset,discrete,183,91.703,1,published_after_gate_recheck,16.075449995696545,3.965939860790968,10.0
100,readset,continuous,184,92.177,1,published_after_gate_recheck,16.54376881197095,4.619627259671688,10.0
100,global,continuous,185,92.622,1,published_after_gate_recheck,18.32545083016157,4.251066129654646,10.0
100,global,continuous,186,93.094,0,context_version_changed_at_publish,23.74008996412158,7.26128276437521,10.0
100,predicate,continuous,187,93.716,1,published_after_gate_recheck,17.125038895756006,4.567569121718407,10.0
100,predicate,continuous,188,94.005,1,published_after_gate_recheck,17.52200396731496,4.797079600393772,10.0
100,global,discrete,189,94.76,1,published_after_gate_recheck,17.38375425338745,4.5462497510015965,10.0
100,global,continuous,190,95.261,1,published_after_gate_recheck,19.425123929977417,4.673026967793703,10.0
100,global,discrete,191,95.866,1,published_after_gate_recheck,17.413961235433817,4.6132151037454605,10.0
100,global,discrete,192,96.07,1,published_after_gate_recheck,17.32242899015546,4.692493937909603,10.0
100,global,continuous,193,96.744,1,published_after_gate_recheck,16.658484004437923,4.6014427207410336,10.0
100,predicate,discrete,194,97.251,1,published_after_gate_recheck,17.87042710930109,5.030367989093065,10.0
100,predicate,discrete,195,97.845,1,published_after_gate_recheck,16.995505895465612,4.374256357550621,10.0
100,readset,discrete,196,98.207,1,published_after_gate_recheck,15.75859496369958,4.04365686699748,10.0
100,readset,continuous,197,98.934,1,published_after_gate_recheck,15.530387870967388,4.515662789344788,10.0
100,global,discrete,198,99.411,1,published_after_gate_recheck,15.989849343895912,4.196031950414181,10.0
100,predicate,continuous,199,99.591,1,published_after_gate_recheck,17.237470019608736,4.746113903820515,10.0
100,predicate,continuous,200,100.34,1,published_after_gate_recheck,16.319546848535538,4.795867949724197,10.0
100,global,continuous,201,100.968,1,published_after_gate_recheck,19.172700587660074,6.874577142298222,10.0
100,global,discrete,202,101.324,1,published_after_gate_recheck,16.499525401741266,4.3740770779550076,10.0
100,readset,continuous,203,101.554,1,published_after_gate_recheck,18.593214452266693,4.748228006064892,10.0
100,global,discrete,204,102.136,1,published_after_gate_recheck,17.709155101329088,4.617052152752876,10.0
100,global,discrete,205,102.849,1,published_after_gate_recheck,16.2045918405056,4.115602001547813,10.0
100,readset,continuous,206,103.054,1,published_after_gate_recheck,16.79258607327938,4.825623240321875,10.0
100,predicate,discrete,207,103.519,1,published_after_gate_recheck,18.175880890339613,4.888130817562342,10.0
100,predicate,continuous,208,104.296,1,published_after_gate_recheck,19.038398750126362,6.350253708660603,10.0
100,global,continuous,209,104.771,1,published_after_gate_recheck,16.181850340217352,4.410795867443085,10.0
100,readset,discrete,210,105.298,1,published_after_gate_recheck,21.987230982631445,4.471279215067625,10.0
100,readset,discrete,211,105.6,1,published_after_gate_recheck,20.299735013395548,5.163587164133787,10.0
100,global,continuous,212,106.316,1,published_after_gate_recheck,17.16231880709529,4.473211709409952,10.0
100,predicate,discrete,213,106.6,1,published_after_gate_recheck,18.8620169647038,4.384766332805157,10.0
100,global,continuous,214,107.359,1,published_after_gate_recheck,17.453845124691725,4.474293906241655,10.0
100,predicate,discrete,215,107.734,1,published_after_gate_recheck,16.987370792776346,4.760280717164278,10.0
100,predicate,discrete,216,108.072,1,published_after_gate_recheck,21.229830104857683,7.038044277578592,10.0
100,predicate,discrete,217,108.839,1,published_after_gate_recheck,16.108252108097076,4.604068119078875,10.0
100,global,continuous,218,109.399,1,published_after_gate_recheck,20.18101280555129,4.22967504709959,10.0
100,predicate,discrete,219,109.925,1,published_after_gate_recheck,17.56328111514449,4.765791818499565,10.0
100,predicate,continuous,220,110.383,1,published_after_gate_recheck,17.26985117420554,4.953443072736263,10.0
100,predicate,continuous,221,110.639,1,published_after_gate_recheck,17.795295920222998,5.108193960040808,10.0
100,readset,discrete,222,111.318,1,published_after_gate_recheck,16.525154002010822,4.276111721992493,10.0
100,global,discrete,223,111.578,1,published_after_gate_recheck,16.58797124400735,4.408590961247683,10.0
100,global,continuous,224,112.276,1,published_after_gate_recheck,15.653648879379034,3.926396369934082,10.0
100,predicate,discrete,225,112.942,1,published_after_gate_recheck,16.580927651375532,4.140818957239389,10.0
100,global,continuous,226,113.078,1,published_after_gate_recheck,17.78988726437092,4.613806027919054,10.0
100,readset,discrete,227,113.833,1,published_after_gate_recheck,17.492068000137806,4.287413787096739,10.0
100,readset,continuous,228,114.326,1,published_after_gate_recheck,17.09691621363163,4.667666740715504,10.0
100,predicate,discrete,229,114.635,1,published_after_gate_recheck,17.569873947650194,4.5112427324056625,10.0
100,predicate,discrete,230,115.36,1,published_after_gate_recheck,17.76657300069928,4.888612311333418,10.0
100,predicate,continuous,231,115.699,1,published_after_gate_recheck,19.291082862764597,4.667236004024744,10.0
100,global,continuous,232,116.102,1,published_after_gate_recheck,18.371847923845053,4.522235132753849,10.0
100,global,discrete,233,116.981,1,published_after_gate_recheck,17.346695065498352,4.931802861392498,10.0
100,predicate,continuous,234,117.436,1,published_after_gate_recheck,16.023311764001846,4.402810242027044,10.0
100,readset,discrete,235,117.919,1,published_after_gate_recheck,16.60621492192149,3.954899962991476,10.0
100,predicate,discrete,236,118.306,1,published_after_gate_recheck,22.881299257278442,4.916844889521599,10.0
100,predicate,discrete,237,118.643,1,published_after_gate_recheck,16.146643087267876,4.553392995148897,10.0
100,predicate,continuous,238,119.244,1,published_after_gate_recheck,16.100606881082058,4.155366215854883,10.0
100,predicate,discrete,239,119.91,1,published_after_gate_recheck,16.746007837355137,4.3234010227024555,10.0
100,readset,discrete,240,120.359,1,published_after_gate_recheck,19.115242175757885,4.783505108207464,10.0
100,readset,continuous,241,120.933,1,published_after_gate_recheck,16.80414704605937,4.540858790278435,10.0
100,global,continuous,242,121.138,1,published_after_gate_recheck,16.974867321550846,4.543194081634283,10.0
100,global,discrete,243,121.827,1,published_after_gate_recheck,17.793472856283188,4.749060142785311,10.0
100,global,continuous,244,122.292,0,context_version_changed_at_publish,21.496579982340336,9.27284685894847,10.0
100,readset,continuous,245,122.598,1,published_after_gate_recheck,20.53087903186679,3.959088120609522,10.0
100,predicate,continuous,246,123.107,1,published_after_gate_recheck,17.434881068766117,4.98826801776886,10.0
100,predicate,discrete,247,123.527,1,published_after_gate_recheck,16.46083313971758,4.4926488772034645,10.0
100,readset,discrete,248,124.482,1,published_after_gate_recheck,17.343558836728334,4.7287717461586,10.0
100,readset,continuous,249,124.597,0,read_set_version_changed_at_gate,22.833548951894045,8.649437688291073,10.0
100,readset,discrete,250,125.359,1,published_after_gate_recheck,19.96023813262582,5.206387955695391,10.0
100,readset,discrete,251,125.744,1,published_after_gate_recheck,21.609533112496138,5.160601809620857,10.0
100,predicate,continuous,252,126.349,1,published_after_gate_recheck,16.978103201836348,4.730965010821819,10.0
100,predicate,continuous,253,126.951,1,published_after_gate_recheck,16.788166016340256,4.432205110788345,10.0
100,predicate,continuous,254,127.02,1,published_after_gate_recheck,15.449386090040207,4.437175113707781,10.0
100,readset,discrete,255,127.631,1,published_after_gate_recheck,19.14304494857788,4.555567167699337,10.0
100,readset,continuous,256,128.311,1,published_after_gate_recheck,17.68431905657053,4.821805749088526,10.0
100,readset,continuous,257,128.805,1,published_after_gate_recheck,17.330253962427378,5.083467345684767,10.0
100,predicate,discrete,258,129.433,1,published_after_gate_recheck,16.343593131750822,4.460738971829414,10.0
100,readset,continuous,259,129.724,1,published_after_gate_recheck,16.3473398424685,4.688155837357044,10.0
100,readset,continuous,260,130.379,1,published_after_gate_recheck,16.39473857358098,4.52917767688632,10.0
100,global,continuous,261,130.562,1,published_after_gate_recheck,16.637795139104128,4.373074974864721,10.0
100,predicate,discrete,262,131.33,1,published_after_gate_recheck,16.21651416644454,4.598468076437712,10.0
100,readset,continuous,263,131.653,1,published_after_gate_recheck,17.321406863629818,4.545487929135561,10.0
100,predicate,discrete,264,132.193,1,published_after_gate_recheck,21.249968092888594,9.542784187942743,10.0
100,readset,discrete,265,132.923,1,published_after_gate_recheck,17.867883201688528,5.0285737961530685,10.0
100,global,continuous,266,133.36,1,published_after_gate_recheck,15.77287307009101,4.169883206486702,10.0
100,readset,discrete,267,133.749,1,published_after_gate_recheck,19.627845380455256,4.706711042672396,10.0
100,readset,continuous,268,134.051,1,published_after_gate_recheck,17.908398061990738,4.523676820099354,10.0
100,predicate,discrete,269,134.959,1,published_after_gate_recheck,16.4901171810925,4.410204011946917,10.0
100,readset,continuous,270,135.463,1,published_after_gate_recheck,17.87808071821928,5.294663831591606,10.0
100,global,discrete,271,135.958,1,published_after_gate_recheck,16.638887114822865,4.444749094545841,10.0
100,readset,discrete,272,136.172,1,published_after_gate_recheck,16.176159027963877,4.290380049496889,10.0
100,predicate,continuous,273,136.763,1,published_after_gate_recheck,17.79267191886902,4.420172888785601,10.0
100,global,discrete,274,137.276,1,published_after_gate_recheck,16.56725211068988,4.316818900406361,10.0
100,global,discrete,275,137.778,1,published_after_gate_recheck,16.6598460637033,4.479905124753714,10.0
100,readset,discrete,276,138.232,1,published_after_gate_recheck,16.883515752851963,4.6145073138177395,10.0
100,readset,continuous,277,138.687,1,published_after_gate_recheck,18.166271969676018,4.661926068365574,10.0
100,global,discrete,278,139.256,1,published_after_gate_recheck,19.193049054592848,4.89733787253499,10.0
100,global,discrete,279,139.658,1,published_after_gate_recheck,15.754768159240484,4.368745721876621,10.0
100,global,discrete,280,140.082,1,published_after_gate_recheck,16.834974754601717,4.877211060374975,10.0
100,global,discrete,281,140.977,1,published_after_gate_recheck,16.681987792253494,4.783214069902897,10.0
100,readset,continuous,282,141.496,0,read_set_version_changed_at_gate,18.48528115078807,5.9993150644004345,10.0
100,readset,continuous,283,141.961,1,published_after_gate_recheck,18.037670757621527,4.93832491338253,10.0
100,predicate,discrete,284,142.102,1,published_after_gate_recheck,16.544700134545565,4.187135957181454,10.0
100,readset,discrete,285,142.866,1,published_after_gate_recheck,16.98559708893299,4.871961195021868,10.0
100,predicate,discrete,286,143.081,1,published_after_gate_recheck,19.044379703700542,4.902207292616367,10.0
100,readset,discrete,287,143.743,1,published_after_gate_recheck,20.02830570563674,6.613026838749647,10.0
100,global,continuous,288,144.168,1,published_after_gate_recheck,16.72903634607792,4.350942559540272,10.0
100,global,discrete,289,144.551,1,published_after_gate_recheck,18.610205966979265,4.851631820201874,10.0
100,readset,continuous,290,145.078,1,published_after_gate_recheck,16.767708119004965,4.735064227133989,10.0
100,global,discrete,291,145.573,1,published_after_gate_recheck,18.067577853798866,4.835733212530613,10.0
100,readset,continuous,292,146.154,1,published_after_gate_recheck,16.596917994320393,4.766032099723816,10.0
100,readset,discrete,293,146.93,1,published_after_gate_recheck,15.646625310182571,4.276823718100786,10.0
100,predicate,continuous,294,147.101,1,published_after_gate_recheck,17.43765501305461,4.458324052393436,10.0
100,readset,discrete,295,147.868,1,published_after_gate_recheck,17.049817834049463,4.2459056712687016,10.0
100,global,continuous,296,148.002,1,published_after_gate_recheck,17.8043432533741,4.822517279535532,10.0
100,global,continuous,297,148.824,1,published_after_gate_recheck,16.5430367924273,4.480456002056599,10.0
100,global,continuous,298,149.377,1,published_after_gate_recheck,17.79760140925646,5.15219708904624,10.0
100,predicate,discrete,299,149.675,1,published_after_gate_recheck,17.928185872733593,4.9475328996777534,10.0
100,predicate,continuous,300,150.203,1,published_after_gate_recheck,54.565902799367905,5.136427003890276,10.0
100,predicate,continuous,301,150.82,1,published_after_gate_recheck,22.14446570724249,5.1765721291303635,10.0
100,predicate,continuous,302,151.122,1,published_after_gate_recheck,17.024139408022165,3.951914142817259,10.0
100,predicate,discrete,303,151.516,1,published_after_gate_recheck,15.300655737519264,4.194539971649647,10.0
100,global,discrete,304,152.028,1,published_after_gate_recheck,14.215691015124321,3.371626138687134,10.0
100,global,discrete,305,152.587,1,published_after_gate_recheck,18.53166799992323,4.783113952726126,10.0
100,readset,continuous,306,153.303,1,published_after_gate_recheck,18.336351960897446,4.071359056979418,10.0
100,global,discrete,307,153.544,1,published_after_gate_recheck,16.54432900249958,4.3304539285600185,10.0
100,global,discrete,308,154.289,1,published_after_gate_recheck,17.200771253556013,4.251014906913042,10.0
100,readset,discrete,309,154.537,1,published_after_gate_recheck,16.871473286300898,4.768826998770237,10.0
100,readset,continuous,310,155.277,1,published_after_gate_recheck,16.199312172830105,4.509700927883387,10.0
100,global,continuous,311,155.793,0,context_version_changed_at_publish,21.434804424643517,9.139146190136671,10.0
100,global,continuous,312,156.22,1,published_after_gate_recheck,18.184936605393887,4.453494679182768,10.0
100,predicate,continuous,313,156.547,1,published_after_gate_recheck,17.35633285716176,4.193036817014217,10.0
100,predicate,discrete,314,157.358,1,published_after_gate_recheck,16.048668883740902,4.161447286605835,10.0
100,global,continuous,315,157.995,0,context_version_changed_at_publish,19.308255054056644,7.868352346122265,10.0
100,readset,discrete,316,158.216,1,published_after_gate_recheck,15.9749211743474,4.67385770753026,10.0
100,predicate,discrete,317,158.626,1,published_after_gate_recheck,18.341731745749712,4.872320685535669,10.0
100,readset,discrete,318,159.296,1,published_after_gate_recheck,27.451142203062773,4.896556958556175,10.0
100,global,continuous,319,159.837,1,published_after_gate_recheck,16.465180087834597,4.576205741614103,10.0
100,predicate,discrete,320,160.1,1,published_after_gate_recheck,19.323914777487516,4.585253074765205,10.0
100,readset,continuous,321,160.522,1,published_after_gate_recheck,16.221213154494762,4.263820126652718,10.0
100,global,continuous,322,161.405,1,published_after_gate_recheck,16.5217868052423,4.053956363350153,10.0
100,global,discrete,323,161.672,1,published_after_gate_recheck,17.971117049455643,4.543465096503496,10.0
100,readset,continuous,324,162.198,1,published_after_gate_recheck,21.565310191363096,4.276884254068136,10.0
100,global,discrete,325,162.683,1,published_after_gate_recheck,17.70336413756013,4.684929270297289,10.0
100,predicate,discrete,326,163.235,1,published_after_gate_recheck,15.678285155445337,3.859810996800661,10.0
100,readset,discrete,327,163.946,1,published_after_gate_recheck,18.419538158923388,4.862192086875439,10.0
100,readset,continuous,328,164.282,1,published_after_gate_recheck,16.667740885168314,4.344911780208349,10.0
100,readset,continuous,329,164.916,1,published_after_gate_recheck,17.63192005455494,5.177163053303957,10.0
100,global,continuous,330,165.436,1,published_after_gate_recheck,16.900537069886923,4.811877850443125,10.0
100,readset,discrete,331,165.684,1,published_after_gate_recheck,16.91375207155943,4.616229794919491,10.0
100,global,discrete,332,166.323,1,published_after_gate_recheck,16.359583009034395,4.196743946522474,10.0
100,global,continuous,333,166.766,1,published_after_gate_recheck,17.626138869673014,4.715065937489271,10.0
100,readset,discrete,334,167.238,1,published_after_gate_recheck,16.846826765686274,4.710707813501358,10.0
100,predicate,continuous,335,167.65,1,published_after_gate_recheck,16.546192578971386,4.027946852147579,10.0
100,readset,continuous,336,168.109,1,published_after_gate_recheck,15.917422715574503,4.145768005400896,10.0
100,global,discrete,337,168.718,1,published_after_gate_recheck,15.744238160550594,4.1595641523599625,10.0
100,predicate,discrete,338,169.135,1,published_after_gate_recheck,16.06725389137864,4.423257894814014,10.0
100,global,continuous,339,169.738,1,published_after_gate_recheck,16.296114306896925,4.654933232814074,10.0
100,predicate,discrete,340,170.27,1,published_after_gate_recheck,17.134145833551884,4.760170821100473,10.0
100,readset,discrete,341,170.761,1,published_after_gate_recheck,17.630457878112793,4.682836122810841,10.0
100,readset,continuous,342,171.483,1,published_after_gate_recheck,17.77765341103077,4.91128396242857,10.0
100,readset,discrete,343,171.924,1,published_after_gate_recheck,17.033226788043976,4.093620926141739,10.0
100,readset,discrete,344,172.111,1,published_after_gate_recheck,15.269206836819649,4.438497591763735,10.0
100,readset,discrete,345,172.56,1,published_after_gate_recheck,17.46845291927457,4.462562967091799,10.0
100,global,continuous,346,173.273,1,published_after_gate_recheck,17.52475928515196,4.48871124535799,10.0
100,predicate,discrete,347,173.72,1,published_after_gate_recheck,15.535275917500257,4.675060976296663,10.0
100,global,discrete,348,174.406,1,published_after_gate_recheck,20.740692038089037,7.733288686722517,10.0
100,predicate,discrete,349,174.511,1,published_after_gate_recheck,16.01129909977317,4.377242177724838,10.0
100,readset,continuous,350,175.283,1,published_after_gate_recheck,19.91997193545103,4.294206853955984,10.0
100,global,continuous,351,175.816,1,published_after_gate_recheck,18.352071288973093,5.163456778973341,10.0
100,global,discrete,352,176.321,1,published_after_gate_recheck,17.966607119888067,4.529597703367472,10.0
100,global,continuous,353,176.582,1,published_after_gate_recheck,17.98407081514597,4.517586436122656,10.0
100,readset,discrete,354,177.085,1,published_after_gate_recheck,16.73169108107686,4.255884792655706,10.0
100,readset,continuous,355,177.896,0,read_set_version_changed_at_gate,19.275343976914883,6.5045529045164585,10.0
100,global,continuous,356,178.473,1,published_after_gate_recheck,18.541296012699604,4.546350333839655,10.0
100,global,continuous,357,178.975,1,published_after_gate_recheck,17.029169015586376,4.73161693662405,10.0
100,predicate,continuous,358,179.342,1,published_after_gate_recheck,16.110114753246307,3.9675841107964516,10.0
100,readset,discrete,359,179.794,1,published_after_gate_recheck,19.85201518982649,6.723924074321985,10.0
100,global,continuous,360,180.377,1,published_after_gate_recheck,17.800165340304375,4.981496371328831,10.0
100,global,continuous,361,180.777,1,published_after_gate_recheck,16.897651832550764,4.490674939006567,10.0
100,readset,discrete,362,181.107,1,published_after_gate_recheck,15.318900812417269,3.973094280809164,10.0
100,global,discrete,363,181.527,1,published_after_gate_recheck,17.804864328354597,4.919379949569702,10.0
100,predicate,continuous,364,182.258,1,published_after_gate_recheck,16.772226896137,4.149784799665213,10.0
100,readset,continuous,365,182.67,1,published_after_gate_recheck,17.829440999776125,4.159513395279646,10.0
100,readset,discrete,366,183.296,1,published_after_gate_recheck,19.822109024971724,6.939769722521305,10.0
100,predicate,discrete,367,183.686,1,published_after_gate_recheck,17.414742149412632,4.3868012726306915,10.0
100,predicate,continuous,368,184.336,1,published_after_gate_recheck,16.215201932936907,4.262676928192377,10.0
100,predicate,discrete,369,184.824,1,published_after_gate_recheck,16.26233058050275,4.643882159143686,10.0
100,predicate,continuous,370,185.181,1,published_after_gate_recheck,16.39017090201378,4.412578884512186,10.0
100,global,continuous,371,185.896,0,context_version_changed_at_publish,18.999877385795116,6.865088827908039,10.0
100,readset,discrete,372,186.193,1,published_after_gate_recheck,21.409276872873306,7.856951095163822,10.0
100,readset,continuous,373,186.904,1,published_after_gate_recheck,15.550765208899975,4.360901657491922,10.0
100,global,continuous,374,187.157,1,published_after_gate_recheck,15.917002689093351,3.9643472991883755,10.0
100,global,continuous,375,187.742,1,published_after_gate_recheck,16.00802270695567,4.216539673507214,10.0
100,readset,continuous,376,188.401,1,published_after_gate_recheck,19.74350167438388,4.7599198296666145,10.0
100,global,continuous,377,188.846,1,published_after_gate_recheck,17.054136376827955,4.266334231942892,10.0
100,predicate,discrete,378,189.151,1,published_after_gate_recheck,16.520705074071884,4.568972159177065,10.0
100,predicate,discrete,379,189.609,1,published_after_gate_recheck,19.55385599285364,4.61958721280098,10.0
100,readset,continuous,380,190.103,1,published_after_gate_recheck,28.343677055090666,5.5710324086248875,10.0
100,global,discrete,381,190.678,1,published_after_gate_recheck,17.792121041566133,4.515921697020531,10.0
100,readset,continuous,382,191.269,1,published_after_gate_recheck,17.691461835056543,5.129653960466385,10.0
100,predicate,continuous,383,192.0,1,published_after_gate_recheck,20.373904146254063,4.827176220715046,10.0
100,readset,continuous,384,192.317,1,published_after_gate_recheck,16.976439859718084,4.819632042199373,10.0
100,global,continuous,385,192.708,1,published_after_gate_recheck,20.248898770660162,7.15036503970623,10.0
100,readset,continuous,386,193.368,1,published_after_gate_recheck,16.50732010602951,4.725225269794464,10.0
100,readset,continuous,387,193.54,1,published_after_gate_recheck,17.360910773277283,4.461460281163454,10.0
100,readset,continuous,388,194.29,1,published_after_gate_recheck,17.74974074214697,4.560957197099924,10.0
100,predicate,continuous,389,194.761,1,published_after_gate_recheck,18.894267734140158,4.899180959910154,10.0
100,global,discrete,390,195.406,1,published_after_gate_recheck,18.660890869796276,4.898960702121258,10.0
100,global,discrete,391,195.791,1,published_after_gate_recheck,16.9784938916564,4.581124987453222,10.0
100,predicate,continuous,392,196.252,1,published_after_gate_recheck,16.129732131958008,4.449939355254173,10.0
100,readset,discrete,393,196.947,1,published_after_gate_recheck,19.864649046212435,7.16426083818078,10.0
100,global,continuous,394,197.287,1,published_after_gate_recheck,16.15989813581109,4.276513122022152,10.0
100,readset,discrete,395,197.964,1,published_after_gate_recheck,16.54299721121788,4.129476845264435,10.0
100,readset,continuous,396,198.463,1,published_after_gate_recheck,16.449891962110996,4.387491848319769,10.0
100,readset,continuous,397,198.542,1,published_after_gate_recheck,15.863713342696428,4.131770692765713,10.0
100,predicate,continuous,398,199.02,1,published_after_gate_recheck,16.987119801342487,4.658008925616741,10.0
100,readset,discrete,399,199.663,1,published_after_gate_recheck,18.754716962575912,4.941039718687534,10.0
100,readset,continuous,400,200.344,1,published_after_gate_recheck,16.371845733374357,4.56656701862812,10.0
100,global,discrete,401,200.771,1,published_after_gate_recheck,16.188031062483788,3.885660320520401,10.0
100,readset,continuous,402,201.019,1,published_after_gate_recheck,16.34625717997551,4.303143359720707,10.0
100,global,discrete,403,201.815,1,published_after_gate_recheck,15.472367871552706,4.301168955862522,10.0
100,predicate,continuous,404,202.059,1,published_after_gate_recheck,16.73089899122715,4.525430966168642,10.0
100,readset,discrete,405,202.864,1,published_after_gate_recheck,16.21571322903037,4.331937059760094,10.0
100,readset,continuous,406,203.332,1,published_after_gate_recheck,19.300911109894514,5.301005207002163,10.0
100,global,continuous,407,203.758,1,published_after_gate_recheck,16.540102194994688,4.152330104261637,10.0
100,global,continuous,408,204.492,1,published_after_gate_recheck,17.490954603999853,4.936771932989359,10.0
100,global,discrete,409,204.913,1,published_after_gate_recheck,16.893493942916393,4.125019069761038,10.0
100,predicate,continuous,410,205.038,1,published_after_gate_recheck,19.792023114860058,5.173415876924992,10.0
100,predicate,continuous,411,205.917,1,published_after_gate_recheck,15.594648197293282,4.225356969982386,10.0
100,readset,discrete,412,206.173,1,published_after_gate_recheck,16.56404696404934,4.431544803082943,10.0
100,readset,discrete,413,206.543,1,published_after_gate_recheck,17.02161505818367,4.282915033400059,10.0
100,predicate,continuous,414,207.106,1,published_after_gate_recheck,16.62678411230445,4.420843906700611,10.0
100,readset,continuous,415,207.522,1,published_after_gate_recheck,17.926452215760946,4.745453130453825,10.0
100,global,discrete,416,208.094,0,context_version_changed_at_publish,19.358810037374496,6.009815726429224,10.0
100,readset,discrete,417,208.576,1,published_after_gate_recheck,17.580052372068167,4.168391227722168,10.0
100,readset,continuous,418,209.196,0,read_set_version_changed_at_gate,19.006598740816116,6.007581017911434,10.0
100,readset,continuous,419,209.865,1,published_after_gate_recheck,18.17048992961645,4.957742057740688,10.0
100,global,continuous,420,210.206,1,published_after_gate_recheck,16.18724875152111,4.0363529697060585,10.0
100,global,continuous,421,210.568,1,published_after_gate_recheck,17.717550974339247,4.382201004773378,10.0
100,readset,continuous,422,211.377,1,published_after_gate_recheck,17.35144294798374,4.59148408845067,10.0
100,readset,continuous,423,211.551,1,published_after_gate_recheck,16.424243804067373,4.677025135606527,10.0
100,global,discrete,424,212.402,1,published_after_gate_recheck,16.932968981564045,3.9189429953694344,10.0
100,global,continuous,425,212.636,1,published_after_gate_recheck,16.373930033296347,4.610159434378147,10.0
100,global,continuous,426,213.052,1,published_after_gate_recheck,17.857423052191734,4.5149303041398525,10.0
100,global,discrete,427,213.932,1,published_after_gate_recheck,18.156034406274557,5.211257375776768,10.0
100,global,discrete,428,214.043,1,published_after_gate_recheck,16.559517942368984,4.009070806205273,10.0
100,predicate,discrete,429,214.612,1,published_after_gate_recheck,18.337013199925423,4.866850096732378,10.0
100,predicate,continuous,430,215.363,1,published_after_gate_recheck,17.23807118833065,4.72593680024147,10.0
100,readset,discrete,431,215.928,1,published_after_gate_recheck,17.31660822406411,5.036419257521629,10.0
100,global,discrete,432,216.189,1,published_after_gate_recheck,17.98797771334648,4.706881009042263,10.0
100,readset,discrete,433,217.0,1,published_after_gate_recheck,19.57354275509715,4.400446079671383,10.0
100,global,continuous,434,217.269,1,published_after_gate_recheck,16.960409935563803,4.535698797553778,10.0
100,readset,continuous,435,217.744,1,published_after_gate_recheck,18.477647099643946,5.120808258652687,10.0
100,readset,discrete,436,218.47,1,published_after_gate_recheck,17.40305032581091,4.851291887462139,10.0
100,readset,continuous,437,218.676,1,published_after_gate_recheck,17.25075487047434,4.528034944087267,10.0
100,readset,discrete,438,219.432,1,published_after_gate_recheck,16.28525322303176,4.7628856264054775,10.0
100,readset,continuous,439,219.977,1,published_after_gate_recheck,15.527120791375637,3.852908033877611,10.0
100,readset,discrete,440,220.291,1,published_after_gate_recheck,17.229003831744194,4.693735856562853,10.0
100,global,discrete,441,220.817,1,published_after_gate_recheck,17.51485001295805,4.799345042556524,10.0
100,predicate,discrete,442,221.441,1,published_after_gate_recheck,14.577759895473719,4.371881950646639,10.0
100,readset,discrete,443,221.762,1,published_after_gate_recheck,21.9239117577672,5.223199259489775,10.0
100,predicate,continuous,444,222.168,1,published_after_gate_recheck,16.394367907196283,4.5573897659778595,10.0
100,readset,continuous,445,222.653,1,published_after_gate_recheck,17.627582419663668,5.081193055957556,10.0
100,global,continuous,446,223.375,1,published_after_gate_recheck,16.015587374567986,4.223954863846302,10.0
100,global,discrete,447,223.675,1,published_after_gate_recheck,16.375272069126368,3.8475277833640575,10.0
100,predicate,continuous,448,224.095,1,published_after_gate_recheck,20.249601919203997,7.6604727655649185,10.0
100,global,continuous,449,224.574,1,published_after_gate_recheck,16.695062164217234,4.450799897313118,10.0
100,global,continuous,450,225.426,1,published_after_gate_recheck,17.702682875096798,4.741095006465912,10.0
100,predicate,continuous,451,225.913,1,published_after_gate_recheck,15.317908953875303,4.191373940557241,10.0
100,predicate,discrete,452,226.177,1,published_after_gate_recheck,18.08944810181856,4.769749008119106,10.0
100,global,continuous,453,226.884,1,published_after_gate_recheck,17.43535092100501,5.635823123157024,10.0
100,readset,continuous,454,227.074,1,published_after_gate_recheck,16.67939266189933,4.6593318693339825,10.0
100,readset,discrete,455,227.621,1,published_after_gate_recheck,15.891685150563717,4.047602880746126,10.0
100,predicate,continuous,456,228.145,1,published_after_gate_recheck,17.039768863469362,4.596013110131025,10.0
100,predicate,discrete,457,228.636,1,published_after_gate_recheck,16.186758875846863,4.161307122558355,10.0
100,predicate,continuous,458,229.201,1,published_after_gate_recheck,17.95735117048025,4.968572407960892,10.0
100,readset,continuous,459,229.502,1,published_after_gate_recheck,17.60102203115821,4.7571249306201935,10.0
100,predicate,continuous,460,230.419,1,published_after_gate_recheck,16.94075297564268,4.645917098969221,10.0
100,readset,continuous,461,230.94,1,published_after_gate_recheck,16.39912696555257,4.313834011554718,10.0
100,readset,continuous,462,231.269,1,published_after_gate_recheck,17.97943189740181,4.888991825282574,10.0
100,readset,discrete,463,231.886,1,published_after_gate_recheck,16.309028025716543,4.319434054195881,10.0
100,global,discrete,464,232.476,1,published_after_gate_recheck,17.33594387769699,4.696612246334553,10.0
100,predicate,discrete,465,232.61,1,published_after_gate_recheck,16.430375166237354,4.554674960672855,10.0
100,predicate,continuous,466,233.119,1,published_after_gate_recheck,22.5551868788898,7.828838191926479,10.0
100,global,discrete,467,233.703,1,published_after_gate_recheck,15.65922936424613,3.9312848821282387,10.0
100,readset,continuous,468,234.168,1,published_after_gate_recheck,18.76351283863187,5.1208981312811375,10.0
100,global,continuous,469,234.578,1,published_after_gate_recheck,16.841516830027103,4.412919282913208,10.0
100,global,continuous,470,235.02,1,published_after_gate_recheck,17.860157880932093,4.813179839402437,10.0
100,global,continuous,471,235.506,1,published_after_gate_recheck,16.529361717402935,4.336895886808634,10.0
100,readset,discrete,472,236.046,1,published_after_gate_recheck,15.626867767423391,4.607293754816055,10.0
100,predicate,continuous,473,236.908,1,published_after_gate_recheck,16.572152264416218,4.442254081368446,10.0
100,global,discrete,474,237.328,1,published_after_gate_recheck,17.805154900997877,4.859326872974634,10.0
100,readset,discrete,475,237.513,1,published_after_gate_recheck,17.13949628174305,5.194806028157473,10.0
100,predicate,continuous,476,238.299,1,published_after_gate_recheck,19.51891975477338,4.238502122461796,10.0
100,global,discrete,477,238.72,1,published_after_gate_recheck,16.689270734786987,4.563452210277319,10.0
100,global,discrete,478,239.361,1,published_after_gate_recheck,19.899845123291016,4.9357302486896515,10.0
100,global,discrete,479,239.501,1,published_after_gate_recheck,24.272248148918152,4.85664140433073,10.0
100,global,discrete,480,240.213,1,published_after_gate_recheck,17.175684217363596,4.943375010043383,10.0
100,predicate,discrete,481,240.892,1,published_after_gate_recheck,22.549465764313936,8.711053989827633,10.0
100,predicate,discrete,482,241.372,1,published_after_gate_recheck,18.41844618320465,5.186640657484531,10.0
100,global,continuous,483,241.746,1,published_after_gate_recheck,17.5335556268692,4.497747868299484,10.0
100,readset,discrete,484,242.29,1,published_after_gate_recheck,16.702525783330202,4.537302069365978,10.0
100,predicate,continuous,485,242.668,1,published_after_gate_recheck,16.957434825599194,4.073923919349909,10.0
100,global,discrete,486,243.351,1,published_after_gate_recheck,16.25654986128211,4.489724058657885,10.0
100,global,discrete,487,243.859,1,published_after_gate_recheck,18.544782884418964,5.626896861940622,10.0
100,readset,continuous,488,244.403,1,published_after_gate_recheck,17.904161009937525,4.659221041947603,10.0
100,global,continuous,489,244.728,1,published_after_gate_recheck,17.54148118197918,4.969634115695953,10.0
100,global,continuous,490,245.281,1,published_after_gate_recheck,20.331825129687786,5.190999247133732,10.0
100,predicate,continuous,491,245.893,1,published_after_gate_recheck,21.141002885997295,6.9916569627821445,10.0
100,predicate,discrete,492,246.125,1,published_after_gate_recheck,19.20440001413226,4.737107083201408,10.0
100,readset,discrete,493,246.523,1,published_after_gate_recheck,16.455593053251505,4.767805337905884,10.0
100,predicate,discrete,494,247.265,1,published_after_gate_recheck,16.61590300500393,4.404643084853888,10.0
100,global,continuous,495,247.706,1,published_after_gate_recheck,16.02192036807537,4.270161036401987,10.0
100,predicate,discrete,496,248.014,1,published_after_gate_recheck,17.50077400356531,4.376992117613554,10.0
100,global,continuous,497,248.752,1,published_after_gate_recheck,17.004954162985086,4.172847606241703,10.0
100,predicate,discrete,498,249.381,1,published_after_gate_recheck,16.329166013747454,4.689729306846857,10.0
100,predicate,discrete,499,249.979,1,published_after_gate_recheck,17.34818797558546,4.578510299324989,10.0
100,predicate,continuous,500,250.497,1,published_after_gate_recheck,19.290081225335598,6.302484776824713,10.0
100,readset,discrete,501,250.526,1,published_after_gate_recheck,16.400089021772146,4.631980322301388,10.0
100,predicate,discrete,502,251.237,1,published_after_gate_recheck,19.94751440361142,5.297248717397451,10.0
100,readset,discrete,503,251.989,1,published_after_gate_recheck,18.021680880337954,4.59679402410984,10.0
100,predicate,discrete,504,252.045,1,published_after_gate_recheck,16.92786905914545,4.552189726382494,10.0
100,readset,discrete,505,252.647,1,published_after_gate_recheck,16.173013020306826,4.376571159809828,10.0
100,global,discrete,506,253.319,1,published_after_gate_recheck,16.54737489297986,5.104457028210163,10.0
100,predicate,continuous,507,253.625,1,published_after_gate_recheck,17.686211969703436,4.734543152153492,10.0
100,global,discrete,508,254.079,1,published_after_gate_recheck,17.290450166910887,4.6120318584144115,10.0
100,predicate,continuous,509,254.75,1,published_after_gate_recheck,16.869510058313608,4.837365821003914,10.0
100,global,continuous,510,255.144,1,published_after_gate_recheck,14.767405111342669,4.377272911369801,10.0
100,global,discrete,511,255.824,1,published_after_gate_recheck,17.34743593260646,4.888801835477352,10.0
100,global,continuous,512,256.184,1,published_after_gate_recheck,17.746675293892622,4.622763022780418,10.0
100,readset,discrete,513,256.791,1,published_after_gate_recheck,16.981229186058044,5.079349968582392,10.0
100,readset,discrete,514,257.272,1,published_after_gate_recheck,16.46466040983796,4.88883163779974,10.0
100,readset,discrete,515,257.948,1,published_after_gate_recheck,15.630664769560099,3.9043650031089783,10.0
100,global,discrete,516,258.225,1,published_after_gate_recheck,15.031151007860899,4.445239901542664,10.0
100,predicate,discrete,517,258.513,1,published_after_gate_recheck,15.892636962234974,4.4567519798874855,10.0
100,predicate,continuous,518,259.183,1,published_after_gate_recheck,16.975818667560816,4.498729947954416,10.0
100,global,discrete,519,259.714,1,published_after_gate_recheck,16.963595990091562,4.383384250104427,10.0
100,readset,discrete,520,260.077,1,published_after_gate_recheck,18.513362854719162,5.063961260020733,10.0
100,predicate,discrete,521,260.986,1,published_after_gate_recheck,16.208339016884565,4.657127894461155,10.0
100,predicate,discrete,522,261.143,1,published_after_gate_recheck,16.465431544929743,4.419212229549885,10.0
100,readset,continuous,523,261.896,0,read_set_version_changed_at_gate,18.611347302794456,6.9630141369998455,10.0
100,readset,continuous,524,262.365,1,published_after_gate_recheck,16.11824007704854,4.376059863716364,10.0
100,global,continuous,525,262.749,1,published_after_gate_recheck,16.26368286088109,4.538003820925951,10.0
100,predicate,discrete,526,263.159,1,published_after_gate_recheck,15.741473063826561,4.185521975159645,10.0
100,global,discrete,527,263.7,1,published_after_gate_recheck,18.53986270725727,4.235066007822752,10.0
100,readset,discrete,528,264.196,1,published_after_gate_recheck,19.686675164848566,6.615872029215097,10.0
100,readset,discrete,529,264.581,1,published_after_gate_recheck,17.442965880036354,4.519178066402674,10.0
100,readset,continuous,530,265.035,1,published_after_gate_recheck,18.408737145364285,4.685830790549517,10.0
100,global,discrete,531,265.732,1,published_after_gate_recheck,15.8833391033113,4.1705952025949955,10.0
100,predicate,discrete,532,266.081,1,published_after_gate_recheck,21.46601304411888,4.589269869029522,10.0
100,predicate,discrete,533,266.554,1,published_after_gate_recheck,18.364954739809036,5.185249261558056,10.0
100,predicate,discrete,534,267.079,1,published_after_gate_recheck,18.92007701098919,5.188704933971167,10.0
100,global,discrete,535,267.635,1,published_after_gate_recheck,18.669215962290764,5.1181321032345295,10.0
100,predicate,discrete,536,268.411,1,published_after_gate_recheck,16.17618929594755,4.351734649389982,10.0
100,predicate,continuous,537,268.758,1,published_after_gate_recheck,17.772925086319447,4.714895971119404,10.0
100,predicate,discrete,538,269.409,1,published_after_gate_recheck,17.569913994520903,5.46891987323761,10.0
100,predicate,continuous,539,269.717,1,published_after_gate_recheck,16.45460119470954,4.791730083525181,10.0
100,readset,continuous,540,270.024,1,published_after_gate_recheck,17.182246781885624,4.369297064840794,10.0
100,predicate,continuous,541,270.811,1,published_after_gate_recheck,16.013232991099358,4.175443202257156,10.0
100,global,discrete,542,271.383,1,published_after_gate_recheck,16.337582375854254,4.752456210553646,10.0
100,global,continuous,543,271.606,1,published_after_gate_recheck,16.74100896343589,4.705618601292372,10.0
100,predicate,discrete,544,272.251,1,published_after_gate_recheck,17.095654271543026,4.580883774906397,10.0
100,readset,continuous,545,272.688,1,published_after_gate_recheck,16.975258011370897,4.334712866693735,10.0
100,global,discrete,546,273.192,0,context_version_changed_at_publish,21.010919008404016,8.650610223412514,10.0
100,predicate,discrete,547,273.743,1,published_after_gate_recheck,16.907792072743177,4.5459093526005745,10.0
100,global,continuous,548,274.495,0,context_version_changed_at_publish,19.652260933071375,6.758559960871935,10.0
100,predicate,continuous,549,274.621,1,published_after_gate_recheck,16.0499420017004,4.347987938672304,10.0
100,global,discrete,550,275.023,1,published_after_gate_recheck,15.66679310053587,4.102736711502075,10.0
100,predicate,continuous,551,275.785,1,published_after_gate_recheck,16.6546069085598,4.386609885841608,10.0
100,global,discrete,552,276.003,1,published_after_gate_recheck,17.902527004480362,4.50897915288806,10.0
100,predicate,discrete,553,276.532,1,published_after_gate_recheck,17.717870883643627,4.629797302186489,10.0
100,predicate,continuous,554,277.039,1,published_after_gate_recheck,22.50496204942465,5.2148038521409035,10.0
100,predicate,continuous,555,277.61,1,published_after_gate_recheck,17.825182992964983,5.123963113874197,10.0
100,global,discrete,556,278.409,1,published_after_gate_recheck,15.343425795435905,4.01348015293479,10.0
100,readset,continuous,557,278.95,1,published_after_gate_recheck,15.477227047085762,4.179420880973339,10.0
100,predicate,continuous,558,279.466,1,published_after_gate_recheck,17.439429182559252,4.358216188848019,10.0
100,predicate,continuous,559,279.539,1,published_after_gate_recheck,16.278180293738842,4.396128002554178,10.0
100,readset,discrete,560,280.489,1,published_after_gate_recheck,17.289787996560335,4.538293927907944,10.0
100,readset,discrete,561,280.99,1,published_after_gate_recheck,18.80314713343978,4.667818080633879,10.0
100,readset,discrete,562,281.346,1,published_after_gate_recheck,16.11484307795763,4.021473694592714,10.0
100,predicate,continuous,563,281.848,1,published_after_gate_recheck,16.727323178201914,4.141971003264189,10.0
100,readset,continuous,564,282.219,1,published_after_gate_recheck,15.462529845535755,4.097998142242432,10.0
100,readset,discrete,565,282.967,1,published_after_gate_recheck,17.90171628817916,4.161698278039694,10.0
100,global,discrete,566,283.478,1,published_after_gate_recheck,19.35396995395422,4.835481755435467,10.0
100,predicate,discrete,567,283.73,1,published_after_gate_recheck,16.640388872474432,4.71713999286294,10.0
100,global,discrete,568,284.332,1,published_after_gate_recheck,15.886915847659111,4.50411019846797,10.0
100,readset,continuous,569,284.952,1,published_after_gate_recheck,19.32200090959668,4.3475269339978695,10.0
100,readset,discrete,570,285.264,1,published_after_gate_recheck,15.55949216708541,3.968064673244953,10.0
100,predicate,discrete,571,285.755,1,published_after_gate_recheck,14.71369480714202,4.149686079472303,10.0
100,readset,discrete,572,286.223,1,published_after_gate_recheck,17.867631744593382,5.035957787185907,10.0
100,predicate,discrete,573,286.797,1,published_after_gate_recheck,23.57217436656356,5.3230170160532,10.0
100,readset,discrete,574,287.161,1,published_after_gate_recheck,15.526460018008947,4.317088983952999,10.0
100,readset,discrete,575,287.956,1,published_after_gate_recheck,16.194484196603298,4.180854186415672,10.0
100,predicate,continuous,576,288.313,1,published_after_gate_recheck,17.374496906995773,4.372472874820232,10.0
100,predicate,discrete,577,288.773,1,published_after_gate_recheck,18.41310504823923,4.58159577101469,10.0
100,global,discrete,578,289.061,1,published_after_gate_recheck,16.984364949166775,4.507455974817276,10.0
100,predicate,continuous,579,289.894,1,published_after_gate_recheck,28.844555839896202,8.468467742204666,10.0
100,global,discrete,580,290.468,1,published_after_gate_recheck,15.87730785831809,4.199349321424961,10.0
100,readset,discrete,581,290.855,1,published_after_gate_recheck,16.29298785701394,4.417829215526581,10.0
100,global,continuous,582,291.483,1,published_after_gate_recheck,18.849825020879507,4.810736048966646,10.0
100,predicate,discrete,583,291.653,1,published_after_gate_recheck,17.266152892261744,4.809764213860035,10.0
100,readset,continuous,584,292.005,1,published_after_gate_recheck,16.144738998264074,4.856131039559841,10.0
100,readset,continuous,585,292.976,1,published_after_gate_recheck,19.067243207246065,5.102143157273531,10.0
100,predicate,discrete,586,293.39,1,published_after_gate_recheck,17.386690247803926,4.782873205840588,10.0
100,predicate,discrete,587,293.711,1,published_after_gate_recheck,17.115761060267687,4.252969287335873,10.0
100,readset,discrete,588,294.056,1,published_after_gate_recheck,16.852717846632004,4.62460657581687,10.0
100,predicate,continuous,589,294.586,1,published_after_gate_recheck,18.265918828547,4.564804024994373,10.0
100,readset,continuous,590,295.272,1,published_after_gate_recheck,17.09952112287283,4.623553715646267,10.0
100,readset,discrete,591,295.728,1,published_after_gate_recheck,16.523229889571667,4.493449814617634,10.0
100,predicate,continuous,592,296.37,1,published_after_gate_recheck,17.462501768022776,4.4242399744689465,10.0
100,readset,continuous,593,296.842,1,published_after_gate_recheck,18.30774825066328,5.016402341425419,10.0
100,readset,discrete,594,297.498,1,published_after_gate_recheck,21.0303352214396,4.309625830501318,10.0
100,readset,discrete,595,297.87,1,published_after_gate_recheck,17.039909027516842,4.561147186905146,10.0
100,predicate,continuous,596,298.201,1,published_after_gate_recheck,17.994499765336514,4.483021330088377,10.0
100,global,continuous,597,298.84,1,published_after_gate_recheck,16.011790838092566,4.078570753335953,10.0
100,global,discrete,598,299.008,1,published_after_gate_recheck,18.299351911991835,4.896156024187803,10.0
100,predicate,discrete,599,299.721,1,published_after_gate_recheck,20.283915102481842,4.428979009389877,10.0
10,readset,continuous,0,0.45,0,read_set_version_changed_at_gate,25.1550548709929,8.534370921552181,77.0
10,predicate,discrete,1,0.761,1,published_after_gate_recheck,21.43191872164607,7.15535506606102,77.0
10,global,discrete,2,1.4,0,context_version_changed_at_publish,23.892947006970644,9.78397624567151,77.0
10,global,continuous,3,1.829,1,published_after_gate_recheck,20.461828913539648,4.6158600598573685,77.0
10,global,discrete,4,2.197,1,published_after_gate_recheck,21.323645953089,4.304124973714352,77.0
10,readset,discrete,5,2.663,1,published_after_gate_recheck,22.246437612921,8.050833828747272,77.0
10,readset,continuous,6,3.447,1,published_after_gate_recheck,21.58773085102439,4.736235830932856,77.0
10,predicate,discrete,7,3.532,1,published_after_gate_recheck,22.665894124656916,8.573054801672697,77.0
10,global,discrete,8,4.045,0,context_version_changed_at_publish,20.75591078028083,6.868967786431313,77.0
10,global,continuous,9,4.873,0,context_version_changed_at_publish,21.665386855602264,8.032209239900112,77.0
10,global,discrete,10,5.04,0,context_version_changed_at_publish,25.830882135778666,10.1445228792727,77.0
10,readset,continuous,11,5.96,1,published_after_gate_recheck,24.841275066137314,8.98951618000865,77.0
10,readset,discrete,12,6.132,1,published_after_gate_recheck,22.008650936186314,8.936505764722824,77.0
10,global,discrete,13,6.665,0,context_version_changed_at_publish,20.062259398400784,6.953384727239609,77.0
10,predicate,continuous,14,7.181,1,published_after_gate_recheck,16.94778585806489,4.429381340742111,77.0
10,predicate,continuous,15,7.795,1,published_after_gate_recheck,19.313394092023373,6.695933174341917,77.0
10,global,discrete,16,8.302,0,context_version_changed_at_publish,20.270289853215218,7.804181892424822,77.0
10,readset,discrete,17,8.781,1,published_after_gate_recheck,17.797792330384254,4.567378666251898,77.0
10,readset,continuous,18,9.24,0,read_set_version_changed_at_gate,23.253006394952536,9.433599188923836,77.0
10,readset,discrete,19,9.994,1,published_after_gate_recheck,20.066678058356047,8.675866760313511,77.0
10,predicate,discrete,20,10.394,1,published_after_gate_recheck,20.746252965182066,7.653268054127693,77.0
10,predicate,continuous,21,10.576,1,published_after_gate_recheck,19.5390279404819,7.257156074047089,77.0
10,predicate,discrete,22,11.445,1,published_after_gate_recheck,20.599255803972483,6.496577989310026,77.0
10,predicate,continuous,23,11.889,1,published_after_gate_recheck,26.749966200441122,8.188111707568169,77.0
10,global,continuous,24,12.059,0,context_version_changed_at_publish,24.231241084635258,8.906320203095675,77.0
10,global,discrete,25,12.852,0,context_version_changed_at_publish,29.769430868327618,8.982011117041111,77.0
10,readset,continuous,26,13.269,0,read_set_version_changed_at_gate,24.937666952610016,8.775894995778799,77.0
10,readset,continuous,27,13.621,1,published_after_gate_recheck,17.068563029170036,4.515943117439747,77.0
10,global,continuous,28,14.009,0,context_version_changed_at_publish,24.00719979777932,7.9117631539702415,77.0
10,global,discrete,29,14.882,1,published_after_gate_recheck,15.865656081587076,4.486567340791225,77.0
10,readset,continuous,30,15.349,0,read_set_version_changed_at_gate,24.427900090813637,8.907372131943703,77.0
10,predicate,discrete,31,15.872,1,published_after_gate_recheck,18.28678883612156,4.973981995135546,77.0
10,global,discrete,32,16.074,1,published_after_gate_recheck,19.915273878723383,4.531410988420248,77.0
10,global,continuous,33,16.776,1,published_after_gate_recheck,23.5143662430346,4.835231229662895,77.0
10,global,discrete,34,17.368,1,published_after_gate_recheck,20.675841253250837,4.316798876971006,77.0
10,predicate,discrete,35,17.569,1,published_after_gate_recheck,18.28658813610673,4.206942860037088,77.0
10,predicate,continuous,36,18.229,1,published_after_gate_recheck,19.87287402153015,4.777712747454643,77.0
10,predicate,continuous,37,18.648,1,published_after_gate_recheck,18.005840945988894,4.287574905902147,77.0
10,global,discrete,38,19.323,1,published_after_gate_recheck,17.858664970844984,4.657458048313856,77.0
10,predicate,continuous,39,19.777,1,published_after_gate_recheck,27.20011118799448,9.47939371690154,77.0
10,readset,discrete,40,20.146,1,published_after_gate_recheck,17.007948830723763,5.06479199975729,77.0
10,predicate,discrete,41,20.717,1,published_after_gate_recheck,19.03520291671157,6.588770542293787,77.0
10,global,continuous,42,21.421,1,published_after_gate_recheck,17.670993227511644,4.804544150829315,77.0
10,readset,continuous,43,21.627,0,read_set_version_changed_at_gate,18.434446305036545,6.00901385769248,77.0
10,global,discrete,44,22.359,1,published_after_gate_recheck,18.59168102964759,4.614156670868397,77.0
10,predicate,discrete,45,22.674,1,published_after_gate_recheck,20.5705133266747,7.280649617314339,77.0
10,readset,discrete,46,23.381,1,published_after_gate_recheck,23.2014087960124,10.240351781249046,77.0
10,global,continuous,47,23.586,0,context_version_changed_at_publish,21.107139997184277,6.846986245363951,77.0
10,predicate,discrete,48,24.415,1,published_after_gate_recheck,20.743477158248425,7.32334004715085,77.0
10,global,discrete,49,24.559,0,context_version_changed_at_publish,26.406432036310434,8.698598947376013,77.0
10,global,discrete,50,25.095,0,context_version_changed_at_publish,18.491883296519518,6.577118765562773,77.0
10,predicate,continuous,51,25.936,1,published_after_gate_recheck,19.766694866120815,7.1011618711054325,77.0
10,global,continuous,52,26.242,0,context_version_changed_at_publish,21.81668160483241,9.55880293622613,77.0
10,readset,continuous,53,26.815,0,read_set_version_changed_at_gate,20.87193913757801,6.714939139783382,77.0
10,readset,discrete,54,27.347,1,published_after_gate_recheck,19.303496927022934,5.9337918646633625,77.0
10,global,continuous,55,27.539,0,context_version_changed_at_publish,25.896786246448755,9.59580298513174,77.0
10,readset,discrete,56,28.228,1,published_after_gate_recheck,21.475660614669323,4.775859881192446,77.0
10,readset,discrete,57,28.501,1,published_after_gate_recheck,17.789264675229788,4.587376024574041,77.0
10,global,discrete,58,29.226,0,context_version_changed_at_publish,18.708440009504557,6.599220912903547,77.0
10,predicate,discrete,59,29.625,1,published_after_gate_recheck,20.674056839197874,6.878494750708342,77.0
10,global,continuous,60,30.107,1,published_after_gate_recheck,21.865942981094122,4.8134708777070045,77.0
10,global,continuous,61,30.712,0,context_version_changed_at_publish,20.736285019665956,8.758090902119875,77.0
10,predicate,continuous,62,31.133,1,published_after_gate_recheck,22.008840925991535,9.644104167819023,77.0
10,predicate,discrete,63,31.708,1,published_after_gate_recheck,25.95142787322402,9.620570112019777,77.0
10,global,discrete,64,32.448,0,context_version_changed_at_publish,27.596694882959127,9.514159988611937,77.0
10,global,continuous,65,32.999,0,context_version_changed_at_publish,25.20774258300662,8.621484972536564,77.0
10,readset,discrete,66,33.123,1,published_after_gate_recheck,22.538806311786175,9.7193350084126,77.0
10,readset,continuous,67,33.978,1,published_after_gate_recheck,17.70003791898489,4.893722012639046,77.0
10,readset,continuous,68,34.431,1,published_after_gate_recheck,18.93512485548854,4.832135979086161,77.0
10,predicate,discrete,69,34.789,1,published_after_gate_recheck,18.807956017553806,4.65871999040246,77.0
10,global,continuous,70,35.469,1,published_after_gate_recheck,17.270101234316826,4.727959632873535,77.0
10,readset,discrete,71,35.792,1,published_after_gate_recheck,15.831180848181248,4.352946765720844,77.0
10,readset,continuous,72,36.118,1,published_after_gate_recheck,16.94252621382475,4.8025911673903465,77.0
10,readset,discrete,73,36.844,1,published_after_gate_recheck,20.56854870170355,9.212763980031013,77.0
10,global,continuous,74,37.105,0,context_version_changed_at_publish,18.57067085802555,6.6016661003232,77.0
10,global,continuous,75,37.864,1,published_after_gate_recheck,17.009461764246225,4.362985957413912,77.0
10,predicate,discrete,76,38.346,1,published_after_gate_recheck,18.54706695303321,5.553308874368668,77.0
10,predicate,continuous,77,38.882,1,published_after_gate_recheck,17.80179888010025,4.727729130536318,77.0
10,global,continuous,78,39.064,0,context_version_changed_at_publish,20.511792972683907,7.741494104266167,77.0
10,predicate,discrete,79,39.677,1,published_after_gate_recheck,18.373541068285704,6.738161668181419,77.0
10,readset,continuous,80,40.231,1,published_after_gate_recheck,16.403454821556807,5.294923670589924,77.0
10,predicate,discrete,81,40.588,1,published_after_gate_recheck,20.46168874949217,4.43580187857151,77.0
10,readset,discrete,82,41.479,1,published_after_gate_recheck,21.33755199611187,5.14915119856596,77.0
10,predicate,discrete,83,41.941,1,published_after_gate_recheck,16.613339073956013,4.345502704381943,77.0
10,predicate,continuous,84,42.022,1,published_after_gate_recheck,16.556342132389545,4.737969022244215,77.0
10,readset,continuous,85,42.631,1,published_after_gate_recheck,17.678035888820887,4.390366841107607,77.0
10,predicate,discrete,86,43.259,1,published_after_gate_recheck,20.94434481114149,4.223973955959082,77.0
10,global,continuous,87,43.644,0,context_version_changed_at_publish,19.901147112250328,8.13145563006401,77.0
10,global,discrete,88,44.238,0,context_version_changed_at_publish,24.67932179570198,8.4327207878232,77.0
10,readset,discrete,89,44.699,1,published_after_gate_recheck,20.704164169728756,4.610559903085232,77.0
10,readset,continuous,90,45.078,1,published_after_gate_recheck,20.685758907347918,4.975403659045696,77.0
10,predicate,continuous,91,45.64,1,published_after_gate_recheck,23.108453955501318,8.855114225298166,77.0
10,global,continuous,92,46.366,0,context_version_changed_at_publish,18.73828610405326,6.601735018193722,77.0
10,predicate,continuous,93,46.899,1,published_after_gate_recheck,25.39707813411951,9.612604975700378,77.0
10,predicate,discrete,94,47.056,1,published_after_gate_recheck,18.50564917549491,6.73707015812397,77.0
10,global,discrete,95,47.812,0,context_version_changed_at_publish,21.237683948129416,8.730229921638966,77.0
10,readset,continuous,96,48.102,0,read_set_version_changed_at_gate,22.847003769129515,7.790766190737486,77.0
10,readset,discrete,97,48.667,1,published_after_gate_recheck,21.596097853034735,4.53239306807518,77.0
10,predicate,discrete,98,49.201,1,published_after_gate_recheck,22.297243122011423,8.570258971303701,77.0
10,readset,discrete,99,49.914,1,published_after_gate_recheck,20.240824203938246,7.851550355553627,77.0
10,global,continuous,100,50.016,0,context_version_changed_at_publish,18.0287747643888,6.155549082905054,77.0
10,readset,continuous,101,50.73,1,published_after_gate_recheck,19.2918935790658,4.734713118523359,77.0
10,readset,continuous,102,51.018,1,published_after_gate_recheck,20.527413114905357,4.4617909006774426,77.0
10,global,continuous,103,51.632,1,published_after_gate_recheck,17.701129894703627,4.925581160932779,77.0
10,readset,discrete,104,52.499,1,published_after_gate_recheck,20.44431585818529,4.7020320780575275,77.0
10,readset,discrete,105,52.788,1,published_after_gate_recheck,30.433547217398882,9.342036675661802,77.0
10,global,continuous,106,53.414,0,context_version_changed_at_publish,18.77776999026537,5.789963062852621,77.0
10,global,discrete,107,53.918,1,published_after_gate_recheck,21.308197174221277,5.046928767114878,77.0
10,global,discrete,108,54.051,1,published_after_gate_recheck,17.33185676857829,4.510000813752413,77.0
10,readset,discrete,109,54.533,1,published_after_gate_recheck,20.945657044649124,9.162208996713161,77.0
10,readset,continuous,110,55.153,0,read_set_version_changed_at_gate,21.7150398530066,8.595576975494623,77.0
10,global,continuous,111,55.514,0,context_version_changed_at_publish,22.71260181441903,6.556771229952574,77.0
10,predicate,discrete,112,56.399,1,published_after_gate_recheck,21.306362934410572,4.732008092105389,77.0
10,readset,continuous,113,56.9,0,read_set_version_changed_at_gate,24.83106730505824,10.08001109585166,77.0
10,global,continuous,114,57.276,0,context_version_changed_at_publish,18.359545152634382,6.593470927327871,77.0
10,predicate,discrete,115,57.75,1,published_after_gate_recheck,18.828655127435923,4.847544711083174,77.0
10,readset,discrete,116,58.292,1,published_after_gate_recheck,16.427449882030487,4.581436049193144,77.0
10,readset,continuous,117,58.784,0,read_set_version_changed_at_gate,19.301291089504957,6.970637943595648,77.0
10,predicate,discrete,118,59.075,1,published_after_gate_recheck,19.884706009179354,6.736117880791426,77.0
10,readset,discrete,119,59.792,1,published_after_gate_recheck,22.48549507930875,9.503088891506195,77.0
10,global,continuous,120,60.492,1,published_after_gate_recheck,16.77142595872283,4.339131060987711,77.0
10,predicate,discrete,121,60.966,1,published_after_gate_recheck,15.025388915091753,4.331447184085846,77.0
10,predicate,continuous,122,61.193,1,published_after_gate_recheck,21.5927311219275,8.883166126906872,77.0
10,global,discrete,123,61.952,0,context_version_changed_at_publish,21.332303062081337,9.284048341214657,77.0
10,readset,continuous,124,62.052,0,read_set_version_changed_at_gate,21.4896472170949,9.28414799273014,77.0
10,global,discrete,125,62.887,1,published_after_gate_recheck,20.573888905346394,4.267717245966196,77.0
10,readset,continuous,126,63.015,0,read_set_version_changed_at_gate,23.784502875059843,10.129825212061405,77.0
10,predicate,discrete,127,63.611,1,published_after_gate_recheck,23.195768240839243,9.663200005888939,77.0
10,readset,discrete,128,64.349,1,published_after_gate_recheck,21.650217939168215,5.570420995354652,77.0
10,global,discrete,129,64.901,1,published_after_gate_recheck,16.5230599232018,4.384245257824659,77.0
10,predicate,continuous,130,65.075,1,published_after_gate_recheck,22.538003977388144,6.5992907620966434,77.0
10,global,discrete,131,65.856,0,context_version_changed_at_publish,19.75458301603794,7.069534156471491,77.0
10,global,continuous,132,66.182,1,published_after_gate_recheck,17.184350173920393,4.887550137937069,77.0
10,readset,discrete,133,66.733,1,published_after_gate_recheck,17.257878091186285,4.97876014560461,77.0
10,global,discrete,134,67.457,1,published_after_gate_recheck,16.54160488396883,4.641477949917316,77.0
10,predicate,continuous,135,67.976,1,published_after_gate_recheck,19.15922574698925,6.753120105713606,77.0
10,global,continuous,136,68.082,0,context_version_changed_at_publish,21.99315233156085,9.016785770654678,77.0
10,readset,continuous,137,68.934,1,published_after_gate_recheck,18.6043051071465,4.742177203297615,77.0
10,predicate,discrete,138,69.26,1,published_after_gate_recheck,18.9662529155612,4.685469903051853,77.0
10,predicate,continuous,139,69.92,1,published_after_gate_recheck,23.298752028495073,8.14846670255065,77.0
10,global,discrete,140,70.316,1,published_after_gate_recheck,16.055983025580645,4.059296101331711,77.0
10,global,discrete,141,70.898,1,published_after_gate_recheck,21.785001270473003,4.18039271607995,77.0
10,predicate,discrete,142,71.049,1,published_after_gate_recheck,16.472976189106703,4.350923001766205,77.0
10,readset,discrete,143,71.748,1,published_after_gate_recheck,25.200840085744858,8.570598904043436,77.0
10,global,discrete,144,72.083,0,context_version_changed_at_publish,21.783749107271433,9.562099818140268,77.0
10,predicate,continuous,145,72.622,1,published_after_gate_recheck,15.499840024858713,4.380409140139818,77.0
10,predicate,continuous,146,73.191,1,published_after_gate_recheck,16.411621123552322,4.417847841978073,77.0
10,predicate,continuous,147,73.823,1,published_after_gate_recheck,21.06493106111884,9.08207893371582,77.0
10,readset,continuous,148,74.214,0,read_set_version_changed_at_gate,20.337206311523914,8.643767330795527,77.0
10,predicate,continuous,149,74.964,1,published_after_gate_recheck,20.3709383495152,8.626814931631088,77.0
10,global,discrete,150,75.431,1,published_after_gate_recheck,17.272615805268288,4.511243663728237,77.0
10,predicate,continuous,151,75.816,1,published_after_gate_recheck,16.489807050675154,4.441472701728344,77.0
10,readset,discrete,152,76.092,1,published_after_gate_recheck,18.255970906466246,4.983789753168821,77.0
10,global,continuous,153,76.841,1,published_after_gate_recheck,16.857547219842672,4.090794827789068,77.0
10,predicate,discrete,154,77.411,1,published_after_gate_recheck,16.70270599424839,4.393732640892267,77.0
10,readset,continuous,155,77.664,0,read_set_version_changed_at_gate,19.773497711867094,7.5874351896345615,77.0
10,global,discrete,156,78.451,1,published_after_gate_recheck,16.948296688497066,3.928480204194784,77.0
10,global,continuous,157,78.521,1,published_after_gate_recheck,17.12952693924308,4.4717686250805855,77.0
10,readset,continuous,158,79.227,0,read_set_version_changed_at_gate,17.49944081529975,6.606054026633501,77.0
10,global,discrete,159,79.569,1,published_after_gate_recheck,14.777353964745998,4.158211871981621,77.0
10,readset,discrete,160,80.206,1,published_after_gate_recheck,15.262645203620195,4.530199337750673,77.0
10,readset,continuous,161,80.765,1,published_after_gate_recheck,16.69662492349744,4.6304683201015,77.0
10,global,discrete,162,81.172,1,published_after_gate_recheck,16.555048990994692,4.718502052128315,77.0
10,global,continuous,163,81.752,0,context_version_changed_at_publish,21.425697952508926,8.971421048045158,77.0
10,predicate,discrete,164,82.04,1,published_after_gate_recheck,18.068088684231043,4.445790778845549,77.0
10,predicate,continuous,165,82.749,1,published_after_gate_recheck,20.780688151717186,5.109867081046104,77.0
10,predicate,discrete,166,83.392,1,published_after_gate_recheck,16.599041875451803,4.688847344368696,77.0
10,global,discrete,167,83.724,0,context_version_changed_at_publish,19.60684498772025,7.646366022527218,77.0
10,predicate,discrete,168,84.017,1,published_after_gate_recheck,16.119601670652628,4.5045409351587296,77.0
10,global,continuous,169,84.712,0,context_version_changed_at_publish,23.107482586055994,9.842636063694954,77.0
10,predicate,continuous,170,85.163,1,published_after_gate_recheck,15.825330279767513,4.720826633274555,77.0
10,predicate,continuous,171,85.998,1,published_after_gate_recheck,25.947841815650463,8.983053267002106,77.0
10,global,discrete,172,86.026,0,context_version_changed_at_publish,17.59429881349206,5.861617159098387,77.0
10,predicate,discrete,173,86.871,1,published_after_gate_recheck,19.824562594294548,4.927554167807102,77.0
10,global,discrete,174,87.075,0,context_version_changed_at_publish,18.333785701543093,5.576251074671745,77.0
10,predicate,continuous,175,87.952,1,published_after_gate_recheck,17.894853372126818,4.910072311758995,77.0
10,predicate,discrete,176,88.05,1,published_after_gate_recheck,17.73754833266139,4.90786787122488,77.0
10,predicate,discrete,177,88.908,1,published_after_gate_recheck,17.21916487440467,4.667818080633879,77.0
10,readset,discrete,178,89.234,1,published_after_gate_recheck,16.956853214651346,4.449718166142702,77.0
10,readset,continuous,179,89.996,0,read_set_version_changed_at_gate,19.139298237860203,6.654565222561359,77.0
10,global,discrete,180,90.107,0,context_version_changed_at_publish,26.528360322117805,9.239114355295897,77.0
10,predicate,discrete,181,90.852,1,published_after_gate_recheck,17.674088943749666,4.672436974942684,77.0
10,predicate,discrete,182,91.182,1,published_after_gate_recheck,17.133985180407763,4.808381199836731,77.0
10,readset,discrete,183,91.644,1,published_after_gate_recheck,21.173133049160242,9.557722136378288,77.0
10,readset,continuous,184,92.101,1,published_after_gate_recheck,15.518725849688053,4.2609539814293385,77.0
10,readset,continuous,185,92.662,1,published_after_gate_recheck,18.015610054135323,5.043732933700085,77.0
10,readset,continuous,186,93.144,0,read_set_version_changed_at_gate,20.34909836947918,6.917709019035101,77.0
10,readset,discrete,187,93.734,1,published_after_gate_recheck,18.874030094593763,4.917275160551071,77.0
10,readset,discrete,188,94.46,1,published_after_gate_recheck,17.295948695391417,5.3121168166399,77.0
10,predicate,continuous,189,94.653,1,published_after_gate_recheck,17.178830225020647,4.4889007695019245,77.0
10,predicate,continuous,190,95.234,1,published_after_gate_recheck,17.145658377557993,4.629795905202627,77.0
10,readset,continuous,191,95.736,1,published_after_gate_recheck,16.491770278662443,4.744281060993671,77.0
10,predicate,continuous,192,96.428,1,published_after_gate_recheck,27.273348066955805,9.94591973721981,77.0
10,global,discrete,193,96.961,0,context_version_changed_at_publish,22.8202142752707,10.009028017520905,77.0
10,global,continuous,194,97.294,0,context_version_changed_at_publish,18.639279063791037,5.96170499920845,77.0
10,global,continuous,195,97.502,0,context_version_changed_at_publish,21.483866963535547,7.785826921463013,77.0
10,predicate,continuous,196,98.142,1,published_after_gate_recheck,22.839799989014864,9.097138419747353,77.0
10,global,discrete,197,98.574,0,context_version_changed_at_publish,21.6297903098166,8.712545968592167,77.0
10,global,continuous,198,99.11,1,published_after_gate_recheck,19.591956865042448,4.8882910050451756,77.0
10,predicate,continuous,199,99.753,1,published_after_gate_recheck,22.47064793482423,8.505607955157757,77.0
10,readset,discrete,200,100.153,1,published_after_gate_recheck,16.746669076383114,4.668477922677994,77.0
10,predicate,continuous,201,100.769,1,published_after_gate_recheck,17.291510943323374,4.60302596911788,77.0
10,global,discrete,202,101.224,0,context_version_changed_at_publish,19.736126996576786,6.876580882817507,77.0
10,readset,discrete,203,101.908,1,published_after_gate_recheck,24.70438787713647,4.449978936463594,77.0
10,predicate,discrete,204,102.412,1,published_after_gate_recheck,21.013132762163877,8.341549895703793,77.0
10,readset,continuous,205,102.655,0,read_set_version_changed_at_gate,28.54435285553336,9.586014319211245,77.0
10,global,discrete,206,103.389,0,context_version_changed_at_publish,29.412451200187206,10.165521875023842,77.0
10,predicate,continuous,207,103.88,1,published_after_gate_recheck,23.84908404201269,9.303133934736252,77.0
10,predicate,discrete,208,104.295,1,published_after_gate_recheck,18.634642008692026,6.777876988053322,77.0
10,readset,discrete,209,104.734,1,published_after_gate_recheck,16.115794889628887,4.614898003637791,77.0
10,predicate,discrete,210,105.312,1,published_after_gate_recheck,17.485775984823704,4.373645875602961,77.0
10,global,continuous,211,105.859,0,context_version_changed_at_publish,25.968039873987436,9.365861769765615,77.0
10,predicate,discrete,212,106.283,1,published_after_gate_recheck,21.268171723932028,9.36002004891634,77.0
10,readset,continuous,213,106.986,1,published_after_gate_recheck,17.26943999528885,4.531471990048885,77.0
10,predicate,continuous,214,107.028,1,published_after_gate_recheck,25.84983827546239,9.058424737304449,77.0
10,global,discrete,215,107.805,0,context_version_changed_at_publish,18.44850182533264,6.536352913826704,77.0
10,readset,discrete,216,108.223,1,published_after_gate_recheck,22.71697111427784,8.182511199265718,77.0
10,readset,continuous,217,108.699,1,published_after_gate_recheck,19.776884000748396,4.447384271770716,77.0
10,predicate,continuous,218,109.484,1,published_after_gate_recheck,17.905632965266705,4.838166758418083,77.0
10,readset,discrete,219,109.831,1,published_after_gate_recheck,26.11389337107539,8.411751128733158,77.0
10,readset,discrete,220,110.246,1,published_after_gate_recheck,19.411989022046328,5.82608999684453,77.0
10,global,discrete,221,110.619,1,published_after_gate_recheck,19.949347246438265,4.622973967343569,77.0
10,readset,continuous,222,111.116,0,read_set_version_changed_at_gate,17.77723291888833,6.1165951192379,77.0
10,global,continuous,223,111.614,0,context_version_changed_at_publish,20.545857027173042,7.455677725374699,77.0
10,global,discrete,224,112.308,0,context_version_changed_at_publish,18.807776272296906,6.748349871486425,77.0
10,predicate,discrete,225,112.897,1,published_after_gate_recheck,26.594405062496662,8.814436849206686,77.0
10,readset,continuous,226,113.263,1,published_after_gate_recheck,19.632934127002954,8.621845860034227,77.0
10,readset,discrete,227,113.989,1,published_after_gate_recheck,15.994308050721884,4.420693963766098,77.0
10,readset,continuous,228,114.042,0,read_set_version_changed_at_gate,21.81839384138584,7.7748470939695835,77.0
10,predicate,discrete,229,114.707,1,published_after_gate_recheck,17.529628239572048,5.011782981455326,77.0
10,predicate,continuous,230,115.167,1,published_after_gate_recheck,18.370335921645164,6.321468856185675,77.0
10,predicate,continuous,231,115.54,1,published_after_gate_recheck,18.46651593223214,4.725004080682993,77.0
10,predicate,continuous,232,116.198,1,published_after_gate_recheck,21.46342769265175,4.596062935888767,77.0
10,global,discrete,233,116.997,0,context_version_changed_at_publish,18.216587137430906,6.711401976644993,77.0
10,readset,continuous,234,117.023,0,read_set_version_changed_at_gate,19.885146990418434,7.753035984933376,77.0
10,readset,continuous,235,117.942,1,published_after_gate_recheck,17.286892980337143,4.746844992041588,77.0
10,predicate,discrete,236,118.462,1,published_after_gate_recheck,16.086239833384752,4.627542104572058,77.0
10,readset,discrete,237,118.632,1,published_after_gate_recheck,20.33687476068735,7.5077456422150135,77.0
10,readset,continuous,238,119.403,0,read_set_version_changed_at_gate,23.671892005950212,8.743564132601023,77.0
10,readset,continuous,239,119.905,1,published_after_gate_recheck,21.627506241202354,7.861129008233547,77.0
10,global,discrete,240,120.479,1,published_after_gate_recheck,20.37481591105461,5.615795962512493,77.0
10,readset,continuous,241,120.933,1,published_after_gate_recheck,15.518183819949627,4.729303065687418,77.0
10,predicate,continuous,242,121.37,1,published_after_gate_recheck,16.444402281194925,4.281132016330957,77.0
10,predicate,continuous,243,121.974,1,published_after_gate_recheck,19.163052085787058,7.567327935248613,77.0
10,predicate,discrete,244,122.212,1,published_after_gate_recheck,16.223798040300608,4.8242611810564995,77.0
10,predicate,continuous,245,122.808,1,published_after_gate_recheck,22.280521225184202,4.79571707546711,77.0
10,predicate,discrete,246,123.261,1,published_after_gate_recheck,16.64930721744895,4.254040773957968,77.0
10,readset,continuous,247,123.925,0,read_set_version_changed_at_gate,21.254295948892832,6.37714471668005,77.0
10,global,continuous,248,124.481,1,published_after_gate_recheck,16.993642318993807,4.46785194799304,77.0
10,predicate,continuous,249,124.869,1,published_after_gate_recheck,21.29394095391035,5.0625279545784,77.0
10,global,continuous,250,125.475,0,context_version_changed_at_publish,18.411963246762753,6.195633672177792,77.0
10,global,continuous,251,125.675,0,context_version_changed_at_publish,18.381196074187756,7.439838256686926,77.0
10,predicate,discrete,252,126.112,1,published_after_gate_recheck,21.324507892131805,9.347476996481419,77.0
10,readset,continuous,253,126.566,1,published_after_gate_recheck,19.253192003816366,4.912136122584343,77.0
10,predicate,discrete,254,127.055,1,published_after_gate_recheck,18.673222977668047,7.31332041323185,77.0
10,global,discrete,255,127.636,0,context_version_changed_at_publish,17.600891645997763,6.045641843229532,77.0
10,predicate,discrete,256,128.197,1,published_after_gate_recheck,16.992010176181793,5.6534260511398315,77.0
10,predicate,continuous,257,128.903,1,published_after_gate_recheck,18.106199335306883,4.501054063439369,77.0
10,predicate,discrete,258,129.252,1,published_after_gate_recheck,16.644116025418043,4.869746044278145,77.0
10,global,discrete,259,129.944,0,context_version_changed_at_publish,21.838732063770294,7.403681054711342,77.0
10,readset,discrete,260,130.37,1,published_after_gate_recheck,18.747211899608374,4.444178193807602,77.0
10,readset,discrete,261,130.791,1,published_after_gate_recheck,16.619100235402584,4.626279696822166,77.0
10,global,discrete,262,131.065,1,published_after_gate_recheck,18.394601065665483,4.728330764919519,77.0
10,readset,discrete,263,131.934,1,published_after_gate_recheck,15.388742089271545,4.125209990888834,77.0
10,predicate,continuous,264,132.158,1,published_after_gate_recheck,16.45664544776082,4.742837976664305,77.0
10,predicate,discrete,265,132.766,1,published_after_gate_recheck,19.080306869000196,6.8059987388551235,77.0
10,global,continuous,266,133.442,0,context_version_changed_at_publish,23.205397184938192,10.1955677382648,77.0
10,global,continuous,267,133.735,0,context_version_changed_at_publish,19.464317709207535,6.802753079682589,77.0
10,readset,discrete,268,134.484,1,published_after_gate_recheck,19.638233818113804,7.047331891953945,77.0
10,readset,continuous,269,134.986,1,published_after_gate_recheck,27.90566487237811,8.32834467291832,77.0
10,predicate,continuous,270,135.358,1,published_after_gate_recheck,27.871922124177217,7.530517876148224,77.0
10,readset,continuous,271,135.818,1,published_after_gate_recheck,15.812826808542013,4.233662970364094,77.0
10,readset,discrete,272,136.478,1,published_after_gate_recheck,18.625753931701183,4.369017202407122,77.0
10,predicate,discrete,273,136.922,1,published_after_gate_recheck,16.441355925053358,4.324574023485184,77.0
10,global,discrete,274,137.256,1,published_after_gate_recheck,17.742646858096123,4.51325811445713,77.0
10,global,discrete,275,137.867,1,published_after_gate_recheck,22.06238219514489,5.044183693826199,77.0
10,readset,continuous,276,138.444,0,read_set_version_changed_at_gate,20.166445057839155,7.833878044039011,77.0
10,predicate,discrete,277,138.962,1,published_after_gate_recheck,22.290931083261967,7.947559934109449,77.0
10,readset,continuous,278,139.256,1,published_after_gate_recheck,16.13279664888978,4.227961879223585,77.0
10,readset,discrete,279,139.89,1,published_after_gate_recheck,22.812409326434135,7.271782960742712,77.0
10,predicate,continuous,280,140.134,1,published_after_gate_recheck,19.67669604346156,8.19656765088439,77.0
10,global,continuous,281,140.589,1,published_after_gate_recheck,20.015982910990715,4.590822849422693,77.0
10,readset,continuous,282,141.477,1,published_after_gate_recheck,15.650974120944738,4.396158270537853,77.0
10,readset,discrete,283,141.991,1,published_after_gate_recheck,22.65660697594285,8.482054341584444,77.0
10,predicate,discrete,284,142.409,1,published_after_gate_recheck,18.50381586700678,5.156203638762236,77.0
10,readset,discrete,285,142.68,1,published_after_gate_recheck,17.507876735180616,4.438526928424835,77.0
10,predicate,discrete,286,143.274,1,published_after_gate_recheck,19.5861360989511,9.114440064877272,77.0
10,readset,continuous,287,143.893,1,published_after_gate_recheck,17.788853961974382,4.65625524520874,77.0
10,readset,discrete,288,144.086,1,published_after_gate_recheck,17.93460687622428,6.2275840900838375,77.0
10,readset,continuous,289,144.993,0,read_set_version_changed_at_gate,20.949503872543573,8.974086958914995,77.0
10,readset,discrete,290,145.082,1,published_after_gate_recheck,14.935430604964495,4.269259050488472,77.0
10,predicate,continuous,291,145.536,1,published_after_gate_recheck,14.802121091634035,4.579430911689997,77.0
10,global,discrete,292,146.238,0,context_version_changed_at_publish,19.422720186412334,7.056930102407932,77.0
10,global,discrete,293,146.995,0,context_version_changed_at_publish,19.427517894655466,7.447883021086454,77.0
10,predicate,discrete,294,147.459,1,published_after_gate_recheck,26.292499154806137,9.753889869898558,77.0
10,global,discrete,295,147.537,1,published_after_gate_recheck,16.680785920470953,4.789656028151512,77.0
10,predicate,continuous,296,148.405,1,published_after_gate_recheck,16.662660986185074,4.7891149297356606,77.0
10,predicate,discrete,297,148.535,1,published_after_gate_recheck,15.20915376022458,4.590222146362066,77.0
10,predicate,continuous,298,149.108,1,published_after_gate_recheck,27.141140773892403,10.280798189342022,77.0
10,global,discrete,299,149.566,1,published_after_gate_recheck,24.70430824905634,5.2043539471924305,77.0
10,predicate,discrete,300,150.07,1,published_after_gate_recheck,16.254025045782328,4.772033076733351,77.0
10,global,continuous,301,150.714,0,context_version_changed_at_publish,20.345020107924938,8.189152926206589,77.0
10,predicate,continuous,302,151.241,1,published_after_gate_recheck,23.01571983844042,9.454398415982723,77.0
10,predicate,continuous,303,151.917,1,published_after_gate_recheck,26.296135038137436,8.684312924742699,77.0
10,readset,continuous,304,152.388,1,published_after_gate_recheck,26.863239239901304,9.828850161284208,77.0
10,readset,discrete,305,152.716,1,published_after_gate_recheck,18.818655982613564,6.443599238991737,77.0
10,readset,discrete,306,153.303,1,published_after_gate_recheck,21.103903651237488,9.376952890306711,77.0
10,readset,discrete,307,153.816,1,published_after_gate_recheck,17.062682192772627,4.547090735286474,77.0
10,predicate,discrete,308,154.218,1,published_after_gate_recheck,17.443146090954542,7.2027938440442085,77.0
10,global,continuous,309,154.722,1,published_after_gate_recheck,17.277945764362812,4.620268940925598,77.0
10,global,discrete,310,155.266,0,context_version_changed_at_publish,19.415736198425293,7.612281944602728,77.0
10,predicate,discrete,311,155.735,1,published_after_gate_recheck,18.454602919518948,6.640988867729902,77.0
10,predicate,discrete,312,156.075,1,published_after_gate_recheck,19.505003932863474,6.352297030389309,77.0
10,predicate,continuous,313,156.931,1,published_after_gate_recheck,22.49948214739561,8.892333135008812,77.0
10,readset,discrete,314,157.38,1,published_after_gate_recheck,18.86237831786275,5.980148911476135,77.0
10,readset,discrete,315,157.564,1,published_after_gate_recheck,17.154343891888857,5.0203693099319935,77.0
10,predicate,discrete,316,158.056,1,published_after_gate_recheck,23.247515317052603,5.0374409183859825,77.0
10,global,discrete,317,158.79,0,context_version_changed_at_publish,24.072553031146526,9.53391706570983,77.0
10,readset,discrete,318,159.299,1,published_after_gate_recheck,25.674208998680115,9.677927009761333,77.0
10,global,continuous,319,159.79,1,published_after_gate_recheck,19.582228735089302,5.653005558997393,77.0
10,predicate,discrete,320,160.382,1,published_after_gate_recheck,16.951793804764748,4.710367880761623,77.0
10,predicate,discrete,321,160.609,1,published_after_gate_recheck,20.953020080924034,5.4338849149644375,77.0
10,global,continuous,322,161.318,1,published_after_gate_recheck,15.567866619676352,4.332858137786388,77.0
10,readset,discrete,323,161.673,1,published_after_gate_recheck,14.624076895415783,4.320224747061729,77.0
10,predicate,discrete,324,162.42,1,published_after_gate_recheck,16.52079587802291,4.8496476374566555,77.0
10,global,discrete,325,162.684,0,context_version_changed_at_publish,20.64620517194271,7.296789903193712,77.0
10,global,continuous,326,163.41,1,published_after_gate_recheck,17.671104054898024,4.1059330105781555,77.0
10,global,discrete,327,163.7,1,published_after_gate_recheck,17.71777030080557,5.185488611459732,77.0
10,readset,discrete,328,164.44,1,published_after_gate_recheck,22.854838985949755,7.1730478666722775,77.0
10,global,discrete,329,164.905,0,context_version_changed_at_publish,20.169220864772797,7.501153741031885,77.0
10,predicate,continuous,330,165.02,1,published_after_gate_recheck,23.73446896672249,8.829144760966301,77.0
10,global,continuous,331,165.576,0,context_version_changed_at_publish,18.310754094272852,6.984463892877102,77.0
10,global,discrete,332,166.111,1,published_after_gate_recheck,18.69650697335601,4.502938129007816,77.0
10,global,continuous,333,166.638,1,published_after_gate_recheck,19.121774937957525,4.951017908751965,77.0
10,readset,continuous,334,167.405,0,read_set_version_changed_at_gate,18.635031767189503,7.431892678141594,77.0
10,readset,discrete,335,167.965,1,published_after_gate_recheck,19.603488966822624,7.4896723963320255,77.0
10,readset,continuous,336,168.074,0,read_set_version_changed_at_gate,19.81054712086916,7.463411893695593,77.0
10,readset,discrete,337,168.855,1,published_after_gate_recheck,17.58037321269512,5.307368002831936,77.0
10,readset,continuous,338,169.274,0,read_set_version_changed_at_gate,19.74976295605302,6.914813071489334,77.0
10,predicate,discrete,339,169.992,1,published_after_gate_recheck,16.5159460157156,4.265071824193001,77.0
10,predicate,continuous,340,170.057,1,published_after_gate_recheck,16.994524281471968,6.248622667044401,77.0
10,predicate,continuous,341,170.825,1,published_after_gate_recheck,19.565025810152292,6.273639854043722,77.0
10,predicate,discrete,342,171.487,1,published_after_gate_recheck,17.887739930301905,6.194922141730785,77.0
10,predicate,continuous,343,171.831,1,published_after_gate_recheck,17.426644917577505,4.378794692456722,77.0
10,readset,continuous,344,172.416,1,published_after_gate_recheck,16.39627106487751,4.362685140222311,77.0
10,global,discrete,345,172.861,0,context_version_changed_at_publish,23.095179814845324,9.53484931960702,77.0
10,readset,discrete,346,173.235,1,published_after_gate_recheck,19.447304774075747,7.349158171564341,77.0
10,readset,discrete,347,173.525,1,published_after_gate_recheck,19.00471607223153,7.205538917332888,77.0
10,readset,discrete,348,174.496,1,published_after_gate_recheck,18.042319919914007,5.984417162835598,77.0
10,predicate,discrete,349,174.744,1,published_after_gate_recheck,21.768339909613132,8.269706275314093,77.0
10,global,discrete,350,175.149,1,published_after_gate_recheck,19.845001865178347,4.603998269885778,77.0
10,global,continuous,351,175.518,0,context_version_changed_at_publish,27.369177900254726,8.917179889976978,77.0
10,predicate,continuous,352,176.419,1,published_after_gate_recheck,17.611010931432247,4.484884440898895,77.0
10,predicate,discrete,353,176.551,1,published_after_gate_recheck,21.65920613333583,8.965651039034128,77.0
10,predicate,discrete,354,177.243,1,published_after_gate_recheck,16.745757777243853,4.323911853134632,77.0
10,global,discrete,355,177.607,1,published_after_gate_recheck,19.664112012833357,4.17929096147418,77.0
10,global,discrete,356,178.211,1,published_after_gate_recheck,17.806037329137325,4.977138247340918,77.0
10,readset,discrete,357,178.715,1,published_after_gate_recheck,17.887639813125134,6.105554755777121,77.0
10,global,continuous,358,179.332,1,published_after_gate_recheck,18.250360153615475,4.934858996421099,77.0
10,global,discrete,359,179.528,1,published_after_gate_recheck,19.083393272012472,4.49045468121767,77.0
10,global,continuous,360,180.424,0,context_version_changed_at_publish,19.688297994434834,7.596722338348627,77.0
10,global,discrete,361,180.617,0,context_version_changed_at_publish,18.708770163357258,6.665435153990984,77.0
10,readset,discrete,362,181.079,1,published_after_gate_recheck,25.35058092325926,9.057092014700174,77.0
10,global,discrete,363,181.619,1,published_after_gate_recheck,19.44559207186103,4.5301890932023525,77.0
10,readset,continuous,364,182.072,1,published_after_gate_recheck,16.656761057674885,4.472231026738882,77.0
10,global,discrete,365,182.81,1,published_after_gate_recheck,19.131673965603113,4.750132095068693,77.0
10,predicate,discrete,366,183.205,1,published_after_gate_recheck,20.45214083045721,8.46352893859148,77.0
10,global,continuous,367,183.726,0,context_version_changed_at_publish,18.443753011524677,6.408252753317356,77.0
10,readset,continuous,368,184.164,0,read_set_version_changed_at_gate,18.586731050163507,6.7466977052390575,77.0
10,readset,discrete,369,184.742,1,published_after_gate_recheck,17.03578233718872,4.6031358651816845,77.0
10,predicate,continuous,370,185.161,1,published_after_gate_recheck,23.492334876209497,9.991605766117573,77.0
10,readset,discrete,371,185.96,1,published_after_gate_recheck,18.48384877666831,4.7534978948533535,77.0
10,global,continuous,372,186.031,1,published_after_gate_recheck,16.180776990950108,4.169372841715813,77.0
10,predicate,discrete,373,186.973,1,published_after_gate_recheck,21.40389708802104,9.409334044903517,77.0
10,predicate,continuous,374,187.252,1,published_after_gate_recheck,15.860024839639664,4.027385730296373,77.0
10,readset,discrete,375,187.952,1,published_after_gate_recheck,21.60049555823207,7.712460123002529,77.0
10,predicate,discrete,376,188.403,1,published_after_gate_recheck,16.264073085039854,4.200750961899757,77.0
10,predicate,discrete,377,188.906,1,published_after_gate_recheck,15.731434803456068,4.352105315774679,77.0
10,global,discrete,378,189.157,1,published_after_gate_recheck,15.998054295778275,4.700758960098028,77.0
10,predicate,continuous,379,189.986,1,published_after_gate_recheck,18.641323316842318,6.233816035091877,77.0
10,global,discrete,380,190.245,0,context_version_changed_at_publish,19.141703378409147,7.857180666178465,77.0
10,predicate,continuous,381,190.597,1,published_after_gate_recheck,16.63262490183115,4.650095012038946,77.0
10,global,continuous,382,191.419,1,published_after_gate_recheck,19.032047130167484,4.283917136490345,77.0
10,readset,discrete,383,191.899,1,published_after_gate_recheck,18.000361043959856,4.010844975709915,77.0
10,global,continuous,384,192.439,1,published_after_gate_recheck,17.641597893089056,4.300529137253761,77.0
10,predicate,discrete,385,192.872,1,published_after_gate_recheck,16.290513332933187,3.92933189868927,77.0
10,global,discrete,386,193.331,1,published_after_gate_recheck,18.146485090255737,4.689086694270372,77.0
10,global,continuous,387,193.829,1,published_after_gate_recheck,18.469592090696096,4.318231716752052,77.0
10,readset,discrete,388,194.23,1,published_after_gate_recheck,15.621136873960495,4.4952440075576305,77.0
10,global,discrete,389,194.932,1,published_after_gate_recheck,17.575754784047604,4.82275802642107,77.0
10,global,continuous,390,195.261,1,published_after_gate_recheck,15.853012911975384,4.6520172618329525,77.0
10,predicate,discrete,391,195.667,1,published_after_gate_recheck,22.887379862368107,4.743238911032677,77.0
10,predicate,discrete,392,196.25,1,published_after_gate_recheck,17.901376355439425,4.207964986562729,77.0
10,readset,continuous,393,196.565,1,published_after_gate_recheck,15.338386874645948,4.26599383354187,77.0
10,predicate,continuous,394,197.43,1,published_after_gate_recheck,18.61090585589409,4.096334800124168,77.0
10,predicate,continuous,395,197.722,1,published_after_gate_recheck,17.378354910761118,4.7477781772613525,77.0
10,predicate,discrete,396,198.263,1,published_after_gate_recheck,20.02760488539934,8.177442010492086,77.0
10,predicate,discrete,397,198.632,1,published_after_gate_recheck,16.268761828541756,4.534367006272078,77.0
10,global,continuous,398,199.108,0,context_version_changed_at_publish,18.462076783180237,6.446614861488342,77.0
10,readset,discrete,399,199.789,1,published_after_gate_recheck,16.538267955183983,4.233372863382101,77.0
10,global,discrete,400,200.044,0,context_version_changed_at_publish,20.905370824038982,8.438542019575834,77.0
10,readset,continuous,401,200.523,0,read_set_version_changed_at_gate,20.872990135103464,7.427215110510588,77.0
10,readset,continuous,402,201.406,1,published_after_gate_recheck,17.368846107274294,4.855579696595669,77.0
10,global,continuous,403,201.745,0,context_version_changed_at_publish,18.94371025264263,6.662759929895401,77.0
10,predicate,discrete,404,202.428,1,published_after_gate_recheck,26.751330122351646,8.78444965928793,77.0
10,predicate,continuous,405,202.766,1,published_after_gate_recheck,19.0202952362597,6.836106069386005,77.0
10,global,discrete,406,203.043,0,context_version_changed_at_publish,21.48743299767375,9.1125569306314,77.0
10,global,discrete,407,203.788,1,published_after_gate_recheck,14.703636057674885,3.8953679613769054,77.0
10,predicate,discrete,408,204.035,1,published_after_gate_recheck,16.09969511628151,4.591503646224737,77.0
10,readset,discrete,409,204.925,1,published_after_gate_recheck,18.09028908610344,7.392870262265205,77.0
10,readset,discrete,410,205.435,1,published_after_gate_recheck,18.959710840135813,7.9834479838609695,77.0
10,predicate,continuous,411,205.966,1,published_after_gate_recheck,20.009780768305063,7.168247830122709,77.0
10,readset,continuous,412,206.25,1,published_after_gate_recheck,19.674171693623066,5.013355985283852,77.0
10,predicate,continuous,413,206.597,1,published_after_gate_recheck,18.640742171555758,5.173155106604099,77.0
10,global,continuous,414,207.343,1,published_after_gate_recheck,15.283114276826382,4.209707956761122,77.0
10,readset,discrete,415,207.53,1,published_after_gate_recheck,17.445640172809362,4.10935003310442,77.0
10,predicate,continuous,416,208.384,1,published_after_gate_recheck,19.824242684990168,8.384109940379858,77.0
10,readset,discrete,417,208.868,1,published_after_gate_recheck,20.497546065598726,4.512806888669729,77.0
10,global,continuous,418,209.228,1,published_after_gate_recheck,17.38365413621068,4.752094857394695,77.0
10,predicate,discrete,419,209.797,1,published_after_gate_recheck,18.289173021912575,7.111031096428633,77.0
10,readset,continuous,420,210.092,1,published_after_gate_recheck,22.144526708871126,4.841622896492481,77.0
10,global,continuous,421,210.841,1,published_after_gate_recheck,16.627173870801926,3.974505700170994,77.0
10,global,continuous,422,211.257,1,published_after_gate_recheck,16.07238408178091,4.681053105741739,77.0
10,predicate,continuous,423,211.522,1,published_after_gate_recheck,17.302130814641714,4.976566880941391,77.0
10,global,continuous,424,212.29,1,published_after_gate_recheck,16.3004407659173,4.438488278537989,77.0
10,predicate,discrete,425,212.604,1,published_after_gate_recheck,20.432904828339815,7.595960982143879,77.0
10,global,discrete,426,213.345,1,published_after_gate_recheck,17.43941893801093,4.473482724279165,77.0
10,predicate,continuous,427,213.796,1,published_after_gate_recheck,20.046229008585215,7.774014957249165,77.0
10,readset,continuous,428,214.053,0,read_set_version_changed_at_gate,22.153593134135008,10.182604193687439,77.0
10,global,discrete,429,214.812,1,published_after_gate_recheck,17.35406881198287,4.405816085636616,77.0
10,global,discrete,430,215.395,0,context_version_changed_at_publish,19.05504008755088,7.22259096801281,77.0
10,global,continuous,431,215.968,1,published_after_gate_recheck,21.064129658043385,4.3826717883348465,77.0
10,global,discrete,432,216.11,0,context_version_changed_at_publish,23.220515344291925,8.450483903288841,77.0
10,global,discrete,433,216.629,1,published_after_gate_recheck,15.79434284940362,3.77512164413929,77.0
10,predicate,discrete,434,217.116,1,published_after_gate_recheck,20.152879878878593,7.75544997304678,77.0
10,global,continuous,435,217.804,0,context_version_changed_at_publish,21.161681972444057,7.893528789281845,77.0
10,global,discrete,436,218.245,0,context_version_changed_at_publish,20.435519982129335,7.387490011751652,77.0
10,global,continuous,437,218.843,1,published_after_gate_recheck,16.65937528014183,4.535278771072626,77.0
10,global,continuous,438,219.359,1,published_after_gate_recheck,18.502432852983475,5.041588097810745,77.0
10,predicate,discrete,439,219.927,1,published_after_gate_recheck,20.515721291303635,3.9952551014721394,77.0
10,global,discrete,440,220.246,0,context_version_changed_at_publish,19.14879633113742,6.537354085594416,77.0
10,predicate,discrete,441,220.666,1,published_after_gate_recheck,18.851357977837324,6.360342726111412,77.0
10,predicate,continuous,442,221.436,1,published_after_gate_recheck,18.59639910981059,6.012138910591602,77.0
10,readset,continuous,443,221.865,0,read_set_version_changed_at_gate,19.61760502308607,7.240523584187031,77.0
10,global,continuous,444,222.115,0,context_version_changed_at_publish,19.626973196864128,5.966524127870798,77.0
10,readset,discrete,445,222.78,1,published_after_gate_recheck,18.254837952554226,4.390127025544643,77.0
10,predicate,continuous,446,223.22,1,published_after_gate_recheck,17.8902349434793,4.146168939769268,77.0
10,readset,continuous,447,223.811,1,published_after_gate_recheck,17.050448805093765,4.308243282139301,77.0
10,readset,continuous,448,224.112,0,read_set_version_changed_at_gate,20.194667857140303,8.557265158742666,77.0
10,predicate,continuous,449,224.546,1,published_after_gate_recheck,18.604043871164322,6.34059589356184,77.0
10,global,continuous,450,225.104,0,context_version_changed_at_publish,20.911913365125656,8.942177053540945,77.0
10,global,discrete,451,225.929,0,context_version_changed_at_publish,27.7238842099905,7.276351097971201,77.0
10,readset,continuous,452,226.481,1,published_after_gate_recheck,17.557119950652122,5.437721963971853,77.0
10,global,discrete,453,226.576,0,context_version_changed_at_publish,18.845607060939074,7.020000834017992,77.0
10,global,continuous,454,227.449,1,published_after_gate_recheck,20.4307297244668,5.545283667743206,77.0
10,predicate,discrete,455,227.708,1,published_after_gate_recheck,25.804882869124413,8.388899266719818,77.0
10,readset,discrete,456,228.106,1,published_after_gate_recheck,28.91566976904869,9.854709263890982,77.0
10,readset,discrete,457,228.966,1,published_after_gate_recheck,18.50852370262146,7.361471187323332,77.0
10,predicate,continuous,458,229.129,1,published_after_gate_recheck,19.351936876773834,4.488741979002953,77.0
10,predicate,discrete,459,229.746,1,published_after_gate_recheck,17.790296580642462,6.003723945468664,77.0
10,predicate,continuous,460,230.25,1,published_after_gate_recheck,18.999386113137007,4.761282820254564,77.0
10,global,discrete,461,230.908,1,published_after_gate_recheck,20.47996362671256,4.651616793125868,77.0
10,global,discrete,462,231.199,1,published_after_gate_recheck,17.48404186218977,4.996513947844505,77.0
10,predicate,discrete,463,231.856,1,published_after_gate_recheck,17.500762827694416,6.473444867879152,77.0
10,readset,continuous,464,232.328,1,published_after_gate_recheck,21.96707297116518,5.192973185330629,77.0
10,readset,discrete,465,232.597,1,published_after_gate_recheck,19.101486075669527,6.47898530587554,77.0
10,predicate,continuous,466,233.212,1,published_after_gate_recheck,22.47982518747449,8.962824940681458,77.0
10,readset,continuous,467,233.731,1,published_after_gate_recheck,22.014602087438107,6.838330067694187,77.0
10,global,discrete,468,234.278,1,published_after_gate_recheck,23.15594395622611,5.38503285497427,77.0
10,readset,continuous,469,234.516,1,published_after_gate_recheck,19.605443347245455,7.207582704722881,77.0
10,global,continuous,470,235.394,0,context_version_changed_at_publish,19.648433197289705,5.731693003326654,77.0
10,readset,discrete,471,235.583,1,published_after_gate_recheck,20.873642060905695,7.421443704515696,77.0
10,predicate,continuous,472,236.314,1,published_after_gate_recheck,16.609582118690014,4.862983711063862,77.0
10,readset,continuous,473,236.566,1,published_after_gate_recheck,16.780972946435213,4.532353021204472,77.0
10,predicate,continuous,474,237.229,1,published_after_gate_recheck,16.27589389681816,4.121334291994572,77.0
10,readset,continuous,475,237.631,1,published_after_gate_recheck,19.065989181399345,5.289265885949135,77.0
10,predicate,continuous,476,238.42,1,published_after_gate_recheck,15.647233929485083,4.237391985952854,77.0
10,predicate,continuous,477,238.57,1,published_after_gate_recheck,16.482912003993988,4.202747251838446,77.0
10,readset,continuous,478,239.14,1,published_after_gate_recheck,17.528354190289974,5.023517180234194,77.0
10,readset,continuous,479,239.994,0,read_set_version_changed_at_gate,21.748372819274664,8.068190887570381,77.0
10,readset,discrete,480,240.383,1,published_after_gate_recheck,22.45711302384734,7.111645303666592,77.0
10,global,continuous,481,240.793,0,context_version_changed_at_publish,20.50204388797283,8.25308682397008,77.0
10,predicate,continuous,482,241.15,1,published_after_gate_recheck,18.0668942630291,4.149367101490498,77.0
10,predicate,continuous,483,241.9,1,published_after_gate_recheck,18.76235892996192,4.42845094949007,77.0
10,predicate,discrete,484,242.156,1,published_after_gate_recheck,15.944942831993103,4.036945756524801,77.0
10,global,continuous,485,242.513,1,published_after_gate_recheck,15.747703146189451,4.536774009466171,77.0
10,readset,continuous,486,243.196,0,read_set_version_changed_at_gate,17.983829136937857,6.239189300686121,77.0
10,readset,continuous,487,243.78,1,published_after_gate_recheck,18.96069198846817,4.209931008517742,77.0
10,predicate,continuous,488,244.308,1,published_after_gate_recheck,20.657756831496954,4.50998404994607,77.0
10,global,continuous,489,244.655,1,published_after_gate_recheck,17.347895074635744,4.767837002873421,77.0
10,global,discrete,490,245.273,0,context_version_changed_at_publish,28.835211880505085,10.127434972673655,77.0
10,global,discrete,491,245.865,0,context_version_changed_at_publish,19.82718799263239,6.563486997038126,77.0
10,predicate,continuous,492,246.13,1,published_after_gate_recheck,18.26178142800927,4.999532364308834,77.0
10,readset,continuous,493,246.505,1,published_after_gate_recheck,17.95829087495804,4.465860780328512,77.0
10,predicate,discrete,494,247.272,1,published_after_gate_recheck,22.875057999044657,8.60084081068635,77.0
10,predicate,continuous,495,247.772,1,published_after_gate_recheck,22.865539882332087,9.767439682036638,77.0
10,global,continuous,496,248.442,0,context_version_changed_at_publish,20.914338063448668,6.59903371706605,77.0
10,global,continuous,497,248.83,1,published_after_gate_recheck,19.574453122913837,4.16456488892436,77.0
10,predicate,continuous,498,249.315,1,published_after_gate_recheck,16.613206826150417,4.4350530952215195,77.0
10,readset,continuous,499,249.717,1,published_after_gate_recheck,17.763526178896427,5.123494192957878,77.0
10,readset,continuous,500,250.276,0,read_set_version_changed_at_gate,19.454567693173885,6.815921049565077,77.0
10,readset,discrete,501,250.803,1,published_after_gate_recheck,20.329299848526716,8.369346149265766,77.0
10,readset,continuous,502,251.175,0,read_set_version_changed_at_gate,19.611422903835773,5.427184049040079,77.0
10,readset,discrete,503,251.963,1,published_after_gate_recheck,21.92102698609233,8.582997135818005,77.0
10,predicate,continuous,504,252.27,1,published_after_gate_recheck,18.963116221129894,4.592478275299072,77.0
10,predicate,discrete,505,252.956,1,published_after_gate_recheck,19.66740796342492,8.033695630729198,77.0
10,predicate,continuous,506,253.306,1,published_after_gate_recheck,20.199345890432596,6.173384841531515,77.0
10,readset,discrete,507,253.76,1,published_after_gate_recheck,16.44220482558012,4.29964903742075,77.0
10,readset,discrete,508,254.487,1,published_after_gate_recheck,26.474551763385534,8.72171763330698,77.0
10,global,continuous,509,254.6,1,published_after_gate_recheck,16.07710076496005,4.482772201299667,77.0
10,readset,continuous,510,255.298,0,read_set_version_changed_at_gate,24.845756124705076,8.2988440990448,77.0
10,readset,discrete,511,255.969,1,published_after_gate_recheck,19.76896822452545,4.420324694365263,77.0
10,readset,continuous,512,256.212,0,read_set_version_changed_at_gate,21.298839710652828,7.7793188393116,77.0
10,global,continuous,513,256.577,0,context_version_changed_at_publish,31.737028155475855,9.69386100769043,77.0
10,predicate,discrete,514,257.079,1,published_after_gate_recheck,18.54471070691943,4.657871089875698,77.0
10,global,continuous,515,257.817,1,published_after_gate_recheck,16.954896971583366,4.327430855482817,77.0
10,readset,discrete,516,258.271,1,published_after_gate_recheck,17.848825082182884,4.556850995868444,77.0
10,readset,discrete,517,258.559,1,published_after_gate_recheck,17.579990904778242,4.448588006198406,77.0
10,readset,discrete,518,259.496,1,published_after_gate_recheck,20.53943509235978,8.02992982789874,77.0
10,predicate,discrete,519,259.527,1,published_after_gate_recheck,25.245225988328457,7.868896704167128,77.0
10,global,continuous,520,260.35,0,context_version_changed_at_publish,23.12933513894677,8.447553031146526,77.0
10,global,continuous,521,260.724,0,context_version_changed_at_publish,19.87279299646616,6.762050092220306,77.0
10,global,continuous,522,261.231,1,published_after_gate_recheck,17.182204872369766,4.461111966520548,77.0
10,global,continuous,523,261.689,1,published_after_gate_recheck,18.857277929782867,4.583851899951696,77.0
10,readset,discrete,524,262.137,1,published_after_gate_recheck,20.854466129094362,4.36074286699295,77.0
10,predicate,discrete,525,262.864,1,published_after_gate_recheck,19.421006087213755,7.197486702352762,77.0
10,global,continuous,526,263.071,1,published_after_gate_recheck,16.457485035061836,4.6799518167972565,77.0
10,readset,discrete,527,263.925,1,published_after_gate_recheck,17.969702370464802,5.818108096718788,77.0
10,predicate,continuous,528,264.064,1,published_after_gate_recheck,15.697537921369076,4.541561938822269,77.0
10,predicate,discrete,529,264.815,1,published_after_gate_recheck,17.693784087896347,4.75179823115468,77.0
10,readset,discrete,530,265.275,1,published_after_gate_recheck,18.844223115593195,6.59723998978734,77.0
10,global,continuous,531,265.972,0,context_version_changed_at_publish,22.4083517678082,9.273502975702286,77.0
10,readset,discrete,532,266.407,1,published_after_gate_recheck,18.315900582820177,6.49015000090003,77.0
10,readset,continuous,533,266.598,0,read_set_version_changed_at_gate,26.03157190605998,9.816572070121765,77.0
10,readset,discrete,534,267.318,1,published_after_gate_recheck,15.38267731666565,4.113218747079372,77.0
10,predicate,discrete,535,267.904,1,published_after_gate_recheck,19.40338173881173,7.87214282900095,77.0
10,readset,continuous,536,268.386,0,read_set_version_changed_at_gate,19.10885004326701,6.6351620480418205,77.0
10,predicate,continuous,537,268.577,1,published_after_gate_recheck,29.189647175371647,12.04001484438777,77.0
10,readset,continuous,538,269.116,0,read_set_version_changed_at_gate,18.748673610389233,7.998370099812746,77.0
10,readset,discrete,539,269.754,1,published_after_gate_recheck,20.101323258131742,5.2612642757594585,77.0
10,readset,continuous,540,270.364,0,read_set_version_changed_at_gate,19.784526899456978,6.613399833440781,77.0
10,predicate,continuous,541,270.68,1,published_after_gate_recheck,19.00685904547572,4.953715950250626,77.0
10,predicate,continuous,542,271.182,1,published_after_gate_recheck,16.96784235537052,4.590214230120182,77.0
10,predicate,discrete,543,271.527,1,published_after_gate_recheck,20.851029083132744,4.423261154443026,77.0
10,readset,discrete,544,272.176,1,published_after_gate_recheck,18.07577069848776,6.39503076672554,77.0
10,predicate,discrete,545,272.777,1,published_after_gate_recheck,21.396392956376076,4.583321046084166,77.0
10,global,continuous,546,273.361,1,published_after_gate_recheck,17.523434944450855,4.443279001861811,77.0
10,global,discrete,547,273.993,1,published_after_gate_recheck,15.794150065630674,4.741678014397621,77.0
10,readset,continuous,548,274.104,0,read_set_version_changed_at_gate,21.127928979694843,7.9192109405994415,77.0
10,global,continuous,549,274.757,1,published_after_gate_recheck,18.863618839532137,4.77566197514534,77.0
10,readset,continuous,550,275.402,0,read_set_version_changed_at_gate,23.9159413613379,8.89799790456891,77.0
10,global,discrete,551,275.579,1,published_after_gate_recheck,18.393798265606165,4.267659038305283,77.0
10,global,discrete,552,276.269,0,context_version_changed_at_publish,24.38934938982129,9.144180919975042,77.0
10,readset,continuous,553,276.648,0,read_set_version_changed_at_gate,26.520217768847942,9.345928207039833,77.0
10,global,continuous,554,277.183,0,context_version_changed_at_publish,20.33337764441967,9.064399637281895,77.0
10,global,continuous,555,277.856,0,context_version_changed_at_publish,17.472359351813793,6.449001841247082,77.0
10,global,discrete,556,278.219,0,context_version_changed_at_publish,25.98531497642398,9.705001953989267,77.0
10,global,discrete,557,278.851,0,context_version_changed_at_publish,23.810253012925386,9.228268172591925,77.0
10,readset,continuous,558,279.467,1,published_after_gate_recheck,22.155386861413717,4.926073830574751,77.0
10,predicate,discrete,559,279.841,1,published_after_gate_recheck,23.074060678482056,9.685184806585312,77.0
10,global,discrete,560,280.377,1,published_after_gate_recheck,18.13656510785222,5.099599715322256,77.0
10,readset,continuous,561,280.544,0,read_set_version_changed_at_gate,21.4420179836452,7.64042790979147,77.0
10,predicate,continuous,562,281.334,1,published_after_gate_recheck,19.481418654322624,6.7835901863873005,77.0
10,global,continuous,563,281.565,1,published_after_gate_recheck,18.932559061795473,4.962652921676636,77.0
10,predicate,discrete,564,282.029,1,published_after_gate_recheck,25.2814837731421,7.036806084215641,77.0
10,global,continuous,565,282.849,1,published_after_gate_recheck,18.197258934378624,4.172289744019508,77.0
10,predicate,discrete,566,283.19,1,published_after_gate_recheck,18.88067228719592,4.862484987825155,77.0
10,readset,continuous,567,283.927,1,published_after_gate_recheck,22.209427785128355,4.7906008549034595,77.0
10,predicate,continuous,568,284.268,1,published_after_gate_recheck,21.977793890982866,5.562689155340195,77.0
10,readset,discrete,569,284.604,1,published_after_gate_recheck,20.425880793482065,6.780675146728754,77.0
10,readset,discrete,570,285.43,1,published_after_gate_recheck,23.1815529987216,9.695074055343866,77.0
10,readset,continuous,571,285.732,1,published_after_gate_recheck,16.96128025650978,4.491808824241161,77.0
10,global,continuous,572,286.029,1,published_after_gate_recheck,19.130871631205082,4.1532739996910095,77.0
10,readset,discrete,573,286.675,1,published_after_gate_recheck,19.460579846054316,6.232956890016794,77.0
10,global,continuous,574,287.339,0,context_version_changed_at_publish,25.11465083807707,8.908066898584366,77.0
10,readset,discrete,575,287.802,1,published_after_gate_recheck,22.696622647345066,9.209912735968828,77.0
10,global,continuous,576,288.06,1,published_after_gate_recheck,21.292687859386206,4.893532954156399,77.0
10,readset,continuous,577,288.515,0,read_set_version_changed_at_gate,17.823017202317715,6.006122101098299,77.0
10,predicate,continuous,578,289.289,1,published_after_gate_recheck,21.198491100221872,5.33704599365592,77.0
10,readset,discrete,579,289.579,1,published_after_gate_recheck,24.62538192048669,8.710455615073442,77.0
10,readset,discrete,580,290.072,1,published_after_gate_recheck,15.57951606810093,4.164965823292732,77.0
10,global,continuous,581,290.745,0,context_version_changed_at_publish,21.416740957647562,6.806151941418648,77.0
10,predicate,continuous,582,291.336,1,published_after_gate_recheck,21.28956327214837,7.131724152714014,77.0
10,global,continuous,583,291.719,0,context_version_changed_at_publish,25.61877714470029,9.708087891340256,77.0
10,predicate,continuous,584,292.401,1,published_after_gate_recheck,16.197615768760443,4.6826680190861225,77.0
10,global,discrete,585,292.507,1,published_after_gate_recheck,17.653658986091614,4.237391985952854,77.0
10,readset,continuous,586,293.148,1,published_after_gate_recheck,22.417649161070585,5.122231785207987,77.0
10,global,discrete,587,293.983,0,context_version_changed_at_publish,21.65465708822012,9.002764709293842,77.0
10,global,continuous,588,294.431,0,context_version_changed_at_publish,22.360521834343672,9.24962805584073,77.0
10,readset,continuous,589,294.963,0,read_set_version_changed_at_gate,20.761841908097267,7.6295980252325535,77.0
10,predicate,continuous,590,295.198,1,published_after_gate_recheck,17.428006045520306,4.390269052237272,77.0
10,predicate,continuous,591,295.6,1,published_after_gate_recheck,23.20306422188878,8.388121146708727,77.0
10,readset,continuous,592,296.049,0,read_set_version_changed_at_gate,26.199495885521173,8.547239936888218,77.0
10,global,discrete,593,296.947,1,published_after_gate_recheck,15.942968893796206,4.450863227248192,77.0
10,global,continuous,594,297.109,1,published_after_gate_recheck,20.383472088724375,4.819313995540142,77.0
10,global,continuous,595,297.679,1,published_after_gate_recheck,19.44631291553378,4.699718672782183,77.0
10,predicate,continuous,596,298.285,1,published_after_gate_recheck,19.209078047424555,6.448050960898399,77.0
10,global,discrete,597,298.546,0,context_version_changed_at_publish,17.199706751853228,5.429388023912907,77.0
10,predicate,continuous,598,299.103,1,published_after_gate_recheck,20.604305900633335,8.363184053450823,77.0
10,global,discrete,599,299.991,0,context_version_changed_at_publish,23.51220417767763,9.691005572676659,77.0
