run,mode,inject,inject_offset_ms,publish_delay_ms,injection_window,gateway_released,gate_blocked,stale_publish,potential_stale_publish,post_release_invalidation,injection_version,check_version,version_order,stale_exact,position_vs_middleware,residual_lo_ms,residual_hi_ms,t_middleware_ms,store_io_lo_ms,store_io_hi_ms,injection_store_lo_ms,injection_store_hi_ms,commit_status,commit_age_ms,outcome,reason,validation_to_gate_ms,validation_to_publish_ms,recheck_to_publish_ms,t_validate_end_ms,t_injection_start_ms,t_injection_end_ms,t_recheck_start_ms,t_recheck_end_ms,t_publish_end_ms
0,xair_atomic,0,,50.0,control,1,0,0,0,0,,561,control,0,,0.9760512039065361,4.961919039487839,64.34621103107929,59.38429199159145,63.370159827172756,,,committed,66.2041015625,EXECUTE,authorization_committed,58.87098889797926,58.89663705602288,0.02564815804362297,5.469190888106823,,,55.55829405784607,64.34017978608608,64.3658279441297
1,xair_atomic,1,0.0,50.0,before_recheck,0,1,0,0,0,563,563,before_check,0,,,,,57.43276001885533,58.911343570798635,9.437314700335264,10.718378704041243,changed,61.175048828125,REVOKE,read_set_version_changed_at_commit,54.92113810032606,,,4.846992902457714,4.964794032275677,12.494720984250307,55.1386559382081,59.768131002783775,
2,xair_atomic,1,0.0,50.0,before_recheck,0,1,0,0,0,565,565,before_check,0,,,,,56.6827729344368,57.94656416401267,8.919223211705685,10.094118304550648,changed,59.89697265625,REVOKE,read_set_version_changed_at_commit,54.757933132350445,,,4.10073297098279,4.189790226519108,11.789689306169748,54.36357203871012,58.858666103333235,
3,xair_atomic,1,0.0,50.0,before_recheck,0,1,0,0,0,567,567,before_check,0,,,,,56.835259310901165,58.25768830254674,9.041122160851955,10.146556422114372,changed,60.50390625,REVOKE,read_set_version_changed_at_commit,54.87062409520149,,,4.183308221399784,4.271804355084896,12.209386099129915,54.42759208381176,59.053932316601276,
4,xair_atomic,1,0.0,50.0,before_recheck,0,1,0,0,0,569,569,before_check,0,,,,,56.81472085416317,57.97788314521313,8.93593393266201,10.01672213897109,changed,59.468994140625,REVOKE,read_set_version_changed_at_commit,54.74109994247556,,,4.231669008731842,4.3159169144928455,11.951322201639414,54.46860892698169,58.9727689512074,
5,xair_atomic,1,0.0,50.0,before_recheck,0,1,0,0,0,571,571,before_check,0,,,,,58.009291999042034,59.69871208071709,10.143870953470469,11.420146096497774,changed,61.384033203125,REVOKE,read_set_version_changed_at_commit,55.52133405581117,,,5.077485926449299,5.288451910018921,13.70391994714737,55.47472694888711,60.598819982260466,
6,xair_atomic,1,0.0,50.0,before_recheck,0,1,0,0,0,573,573,before_check,0,,,,,58.72218916192651,60.16655918210745,9.385418146848679,10.592893231660128,changed,62.2099609375,REVOKE,read_set_version_changed_at_commit,56.49589328095317,,,4.726356826722622,4.897627979516983,12.544604949653149,55.082370061427355,61.22225010767579,
7,xair_atomic,1,0.0,50.0,before_recheck,0,1,0,0,0,575,575,before_check,0,,,,,56.54821125790477,58.01676586270332,8.626575116068125,9.995994158089161,changed,60.2919921875,REVOKE,read_set_version_changed_at_commit,55.05241500213742,,,3.9400518871843815,4.039769060909748,12.768465094268322,54.20892219990492,58.992466889321804,
8,xair_atomic,1,0.0,50.0,before_recheck,0,1,0,0,0,577,577,before_check,0,,,,,58.30842396244407,59.79308905079961,9.563322179019451,10.707198176532984,changed,62.68994140625,REVOKE,read_set_version_changed_at_commit,56.005663238465786,,,4.80564683675766,5.054703913629055,12.624925933778286,55.33462483435869,60.811310075223446,
9,xair_atomic,1,0.0,50.0,before_recheck,0,1,0,0,0,579,579,before_check,0,,,,,58.64785984158516,60.12445967644453,9.911905974149704,11.087761726230383,changed,62.498046875,REVOKE,read_set_version_changed_at_commit,55.96779240295291,,,5.146575625985861,5.382638890296221,13.03992373868823,55.67157594487071,61.11436802893877,
10,xair_atomic,1,0.0,50.0,before_recheck,0,1,0,0,0,581,581,before_check,0,,,,,57.60459182783961,58.88168793171644,9.885245002806187,11.011288035660982,changed,61.39697265625,REVOKE,read_set_version_changed_at_commit,55.49133801832795,,,4.559593740850687,4.814512096345425,12.984570115804672,55.06808403879404,60.05093175917864,
11,xair_atomic,1,0.0,50.0,before_recheck,0,1,0,0,0,583,583,before_check,0,,,,,58.05527791380882,59.77925192564726,9.042604826390743,10.139081627130508,changed,61.9951171875,REVOKE,read_set_version_changed_at_commit,56.63699796423316,,,4.38180984929204,4.477809648960829,11.923438869416714,54.683972615748644,61.0188078135252,
12,xair_atomic,1,0.0,50.0,before_recheck,0,1,0,0,0,585,585,before_check,0,,,,,56.88165593892336,58.235005009919405,8.954610209912062,10.023885406553745,changed,60.278076171875,REVOKE,read_set_version_changed_at_commit,54.924925323575735,,,4.365529865026474,4.45926608517766,11.96427596732974,54.64508989825845,59.29045518860221,
13,xair_atomic,0,,50.0,control,1,0,0,0,0,,586,control,0,,0.8872039616107941,2.1373201161623,59.497143141925335,57.359823025763035,58.60993918031454,,,committed,61.216064453125,EXECUTE,authorization_committed,54.68583665788174,54.70436066389084,0.018524006009101868,4.807349294424057,,,54.883938282728195,59.493185952305794,59.511709958314896
14,xair_atomic,1,0.0,50.0,before_recheck,0,1,0,0,0,588,588,before_check,0,,,,,57.35160782933235,58.7451527826488,9.058564901351929,10.301305912435055,changed,61.177978515625,REVOKE,read_set_version_changed_at_commit,55.54425809532404,,,4.368735942989588,4.465507809072733,12.324512004852295,54.64242585003376,59.91299403831363,
15,xair_atomic,1,0.0,50.0,before_recheck,0,1,0,0,0,590,590,before_check,0,,,,,59.14981197565794,60.74494402855635,10.692961513996124,11.700962204486132,changed,63.43798828125,REVOKE,read_set_version_changed_at_commit,56.18011998012662,,,5.732415243983269,5.9883552603423595,13.618780300021172,56.27232324331999,61.91253522410989,
16,xair_atomic,1,0.0,50.0,before_recheck,0,1,0,0,0,592,592,before_check,0,,,,,58.36507910862565,59.75202098488808,9.875437244772911,11.152422986924648,changed,62.19091796875,REVOKE,read_set_version_changed_at_commit,55.962592363357544,,,4.970754962414503,5.207058973610401,13.171300292015076,55.48856221139431,60.93334732577205,
17,xair_atomic,1,0.0,50.0,before_recheck,0,1,0,0,0,594,594,before_check,0,,,,,57.98847274854779,59.45265991613269,8.90582799911499,10.057538747787476,changed,61.173095703125,REVOKE,read_set_version_changed_at_commit,56.17065215483308,,,4.4601378031075,4.575283732265234,12.046730611473322,54.78225788101554,60.63078995794058,
18,xair_atomic,1,0.0,50.0,before_recheck,0,1,0,0,0,596,596,before_check,0,,,,,58.57787886634469,60.097870882600546,10.048792697489262,11.335927993059158,changed,62.423095703125,REVOKE,read_set_version_changed_at_commit,56.09632330015302,,,5.222026724368334,5.3282566368579865,13.394379988312721,55.50547502934933,61.31835002452135,
19,xair_atomic,0,,50.0,control,1,0,0,0,0,,597,control,0,,0.7808650843799114,2.2799470461905003,60.69707404822111,58.41712700203061,59.9162089638412,,,committed,62.659912109375,EXECUTE,authorization_committed,55.402560625225306,55.41737889871001,0.014818273484706879,5.2908360958099365,,,55.367725901305676,60.69339672103524,60.70821499451995
20,xair_atomic,1,0.0,50.0,before_recheck,0,1,0,0,0,599,599,before_check,0,,,,,58.08702763170004,59.27242198958993,10.824738070368767,11.982921045273542,changed,61.31103515625,REVOKE,read_set_version_changed_at_commit,54.856627248227596,,,5.3889998234808445,5.516780074685812,14.214316848665476,55.85208488628268,60.24562707170844,
21,xair_atomic,1,0.0,50.0,before_recheck,0,1,0,0,0,601,601,before_check,0,,,,,57.702737394720316,59.16514107957482,9.944487363100052,11.217445135116577,changed,61.714111328125,REVOKE,read_set_version_changed_at_commit,55.44079327955842,,,4.946120083332062,5.0475201569497585,13.231945224106312,55.215541273355484,60.38691336289048,
22,xair_atomic,0,,50.0,control,1,0,0,0,0,,602,control,0,,1.1269338428974152,2.8785299509763718,61.62305176258087,58.7445218116045,60.496117919683456,,,committed,63.264892578125,EXECUTE,authorization_committed,56.64566392078996,56.66157370433211,0.01590978354215622,4.9740020185709,,,55.10844988748431,61.61966593936086,61.63557572290301
23,xair_atomic,1,0.0,50.0,before_recheck,0,1,0,0,0,604,604,before_check,0,,,,,58.26982110738754,59.81456907466054,10.931649710983038,11.88773289322853,changed,62.62890625,REVOKE,read_set_version_changed_at_commit,56.035188026726246,,,4.854297731071711,5.086794029921293,14.22532880678773,55.529589764773846,60.88948575779796,
24,xair_atomic,0,,50.0,control,1,0,0,0,0,,605,control,0,,0.943449791520834,2.3944019339978695,60.58232020586729,58.18791827186942,59.63887041434646,,,committed,62.2529296875,EXECUTE,authorization_committed,55.764681193977594,55.78354699537158,0.01886580139398575,4.8135812394320965,,,54.91873435676098,60.57826243340969,60.59712823480368
25,xair_atomic,1,0.0,50.0,before_recheck,0,1,0,0,0,607,607,before_check,0,,,,,58.06291289627552,59.41861588507891,9.954866953194141,11.454901192337275,changed,61.5380859375,REVOKE,read_set_version_changed_at_commit,55.31206214800477,,,4.8971278592944145,5.004479084163904,13.693721033632755,55.2887381054461,60.209190007299185,
26,xair_atomic,0,,50.0,control,1,0,0,0,0,,608,control,0,,1.1200220324099064,2.5254483334720135,60.66365214064717,58.13820380717516,59.54363010823727,,,committed,61.485107421875,EXECUTE,authorization_committed,55.826115887612104,55.85000058636069,0.023884698748588562,4.832546226680279,,,54.935545194894075,60.65866211429238,60.68254681304097
27,xair_atomic,1,0.0,50.0,before_recheck,0,1,0,0,0,610,610,before_check,0,,,,,58.09643492102623,59.4810931943357,10.23477129638195,11.247111018747091,changed,61.430908203125,REVOKE,read_set_version_changed_at_commit,55.76201621443033,,,4.841041751205921,5.017313174903393,13.091500848531723,55.33414287492633,60.60305796563625,
28,xair_atomic,1,0.0,50.0,before_recheck,0,1,0,0,0,612,612,before_check,0,,,,,57.53456195816398,58.80726967006922,9.006737731397152,10.223300661891699,changed,61.35205078125,REVOKE,read_set_version_changed_at_commit,55.22519908845425,,,4.550677724182606,4.66167600825429,12.12364574894309,54.96091302484274,59.77587681263685,
29,xair_atomic,1,0.0,50.0,before_recheck,0,1,0,0,0,614,614,before_check,0,,,,,57.81241273507476,58.94471658393741,9.907717816531658,11.209489777684212,changed,60.35205078125,REVOKE,read_set_version_changed_at_commit,55.373957846313715,,,4.61918581277132,4.707260988652706,12.94134883210063,54.87106367945671,59.993143659085035,
30,xair_atomic,0,,50.0,control,1,0,0,0,0,,615,control,0,,1.0079806670546532,2.6147556491196156,60.03671605139971,57.42196040228009,59.028735384345055,,,committed,60.548095703125,EXECUTE,authorization_committed,55.658550933003426,55.6788700632751,0.020319130271673203,4.373085219413042,,,54.455675184726715,60.03163615241647,60.05195528268814
31,xair_atomic,0,,50.0,control,1,0,0,0,0,,616,control,0,,1.083762850612402,2.5978130288422108,59.594384860247374,56.99657183140516,58.51062200963497,,,committed,60.2451171875,EXECUTE,authorization_committed,55.23946462199092,55.27794687077403,0.03848224878311157,4.331306088715792,,,54.411291144788265,59.57077071070671,59.60925295948982
32,xair_atomic,1,0.0,50.0,before_recheck,0,1,0,0,0,618,618,before_check,0,,,,,57.182170916348696,58.45913616940379,8.689472917467356,9.82022425159812,changed,60.384033203125,REVOKE,read_set_version_changed_at_commit,54.76562725380063,,,4.635185934603214,4.724744241684675,11.535381898283958,54.88773621618748,59.400813188403845,
33,xair_atomic,0,,50.0,control,1,0,0,0,0,,619,control,0,,0.7619904354214668,2.264058217406273,59.408868197351694,57.14480997994542,58.64687776193023,,,committed,61.10498046875,EXECUTE,authorization_committed,54.79153525084257,54.808106273412704,0.01657102257013321,4.613835830241442,,,54.685707204043865,59.40537108108401,59.421942103654146
34,xair_atomic,1,0.0,50.0,before_recheck,0,1,0,0,0,621,621,before_check,0,,,,,59.05494373291731,60.266376938670874,10.122460778802633,11.294099036604166,changed,62.948974609375,REVOKE,read_set_version_changed_at_commit,55.91649608686566,,,5.51316374912858,5.758244078606367,13.640962075442076,56.07319995760918,61.429659835994244,
35,xair_atomic,0,,50.0,control,1,0,0,0,0,,622,control,0,,1.1603068560361862,2.607391681522131,60.613296926021576,58.005905244499445,59.45299006998539,,,committed,61.35888671875,EXECUTE,authorization_committed,55.83703704178333,55.8680254034698,0.030988361686468124,4.769166931509972,,,54.861747194081545,60.606203973293304,60.63719233497977
36,xair_atomic,1,0.0,50.0,before_recheck,0,1,0,0,0,624,624,before_check,0,,,,,57.358530815690756,58.802039828151464,9.901897050440311,11.308256071060896,changed,61.1220703125,REVOKE,read_set_version_changed_at_commit,55.892922449857,,,4.103277809917927,4.511094186455011,13.551353942602873,55.07358489558101,59.99620025977492,
37,xair_atomic,1,0.0,50.0,before_recheck,0,1,0,0,0,626,626,before_check,0,,,,,57.81549867242575,58.90227761119604,9.674660861492157,10.870734695345163,changed,61.488037109375,REVOKE,read_set_version_changed_at_commit,55.42750796303153,,,4.53259376809001,4.741775803267956,12.967428658157587,55.11992098763585,59.96010173112154,
38,xair_atomic,1,0.0,50.0,before_recheck,0,1,0,0,0,628,628,before_check,0,,,,,57.62817710638046,59.12335216999054,9.605771861970425,10.873019229620695,changed,61.553955078125,REVOKE,read_set_version_changed_at_commit,55.09429285302758,,,4.896827042102814,4.994960967451334,12.945226859301329,55.20183499902487,59.991119895130396,
39,xair_atomic,1,0.0,50.0,before_recheck,0,1,0,0,0,630,630,before_check,0,,,,,57.58292227983475,58.76545142382383,9.215730242431164,10.090812109410763,changed,61.422119140625,REVOKE,read_set_version_changed_at_commit,54.842921905219555,,,4.735905211418867,4.843928385525942,12.07343116402626,55.01461401581764,59.57882711663842,
40,xair_atomic,1,30.0,50.0,before_recheck,0,1,0,0,0,632,632,before_check,0,,,,,62.24456802010536,63.7503731995821,41.1538602784276,42.112949304282665,changed,67.98388671875,REVOKE,read_set_version_changed_at_commit,59.06496196985245,,,5.7498081587255,36.041198298335075,44.194895308464766,56.154773104935884,64.81477012857795,
41,xair_atomic,1,30.0,50.0,before_recheck,0,1,0,0,0,634,634,before_check,0,,,,,56.98808701708913,58.15076781436801,39.052327163517475,40.26224697008729,changed,60.717041015625,REVOKE,read_set_version_changed_at_commit,54.728396236896515,,,4.339912906289101,34.49338395148516,42.39362617954612,54.513733834028244,59.068309143185616,
42,xair_atomic,0,,50.0,control,1,0,0,0,0,,635,control,0,,0.8775871247053146,2.2767120972275734,59.41332736983895,57.13661527261138,58.53574024513364,,,committed,60.89404296875,EXECUTE,authorization_committed,54.90714171901345,54.92374300956726,0.016601290553808212,4.501877352595329,,,54.57543022930622,59.40901907160878,59.42562036216259
43,xair_atomic,1,30.0,50.0,before_recheck,0,1,0,0,0,637,637,before_check,0,,,,,57.62643413618207,59.06732706353068,39.40784418955445,40.37610022351146,changed,60.887939453125,REVOKE,read_set_version_changed_at_commit,55.12934876605868,,,4.776411224156618,34.94691429659724,42.182259261608124,55.013532284647226,59.9057599902153,
44,xair_atomic,1,30.0,50.0,before_recheck,0,1,0,0,0,639,639,before_check,0,,,,,57.18216998502612,58.31728037446737,39.079297333955765,40.28372699394822,changed,60.030029296875,REVOKE,read_set_version_changed_at_commit,55.14748301357031,,,4.311058204621077,34.60849914699793,42.491980362683535,54.62378030642867,59.458541218191385,
45,xair_atomic,1,30.0,50.0,before_recheck,0,1,0,0,0,641,641,before_check,0,,,,,56.60416604951024,58.022947050631046,39.198581129312515,40.273447055369616,changed,59.888916015625,REVOKE,read_set_version_changed_at_commit,54.58583030849695,,,4.2964499443769455,34.456524066627026,42.15793311595917,54.459862876683474,58.8822802528739,
46,xair_atomic,1,30.0,50.0,before_recheck,0,1,0,0,0,643,643,before_check,0,,,,,57.69898975268006,58.98405099287629,40.40831094607711,41.603272780776024,changed,61.0029296875,REVOKE,read_set_version_changed_at_commit,54.78007439523935,,,5.2740746177732944,35.43047187849879,43.73163590207696,55.42741762474179,60.05414901301265,
47,xair_atomic,1,30.0,50.0,before_recheck,0,1,0,0,0,645,645,before_check,0,,,,,56.92338524386287,58.16443311050534,39.5820802077651,40.36096204072237,changed,60.6650390625,REVOKE,read_set_version_changed_at_commit,54.710653610527515,,,4.537402186542749,34.69473123550415,42.20312787219882,54.715021047741175,59.248055797070265,
48,xair_atomic,0,,50.0,control,1,0,0,0,0,,646,control,0,,1.1206218041479588,2.723699901252985,60.71644090116024,57.992740999907255,59.59581909701228,,,committed,61.2939453125,EXECUTE,authorization_committed,55.594371166080236,55.61642302200198,0.0220518559217453,5.116819869726896,,,55.193809792399406,60.71119103580713,60.73324289172888
49,xair_atomic,1,30.0,50.0,before_recheck,0,1,0,0,0,648,648,before_check,0,,,,,57.17745190486312,58.473081793636084,39.15282478556037,40.25288904085755,changed,60.757080078125,REVOKE,read_set_version_changed_at_commit,54.90549886599183,,,4.621470812708139,34.873115830123425,42.53647290170193,54.906100034713745,59.52696967869997,
50,xair_atomic,1,30.0,50.0,before_recheck,0,1,0,0,0,650,650,before_check,0,,,,,57.316392194479704,58.667457196861506,39.85057398676872,41.34708223864436,changed,61.08203125,REVOKE,read_set_version_changed_at_commit,55.59713672846556,,,4.191243089735508,34.45095382630825,45.84825690835714,54.47418987751007,59.788379818201065,
51,xair_atomic,1,30.0,50.0,before_recheck,0,1,0,0,0,652,652,before_check,0,,,,,58.97980276495218,60.41136896237731,44.59969373419881,45.46705074608326,changed,62.89111328125,REVOKE,read_set_version_changed_at_commit,55.79072004184127,,,5.725050810724497,35.98506189882755,48.073460813611746,56.01251590996981,61.515770852565765,
52,xair_atomic,1,30.0,50.0,before_recheck,0,1,0,0,0,654,654,before_check,0,,,,,58.73473407700658,60.51600584760308,41.823315899819136,44.23928912729025,changed,62.635009765625,REVOKE,read_set_version_changed_at_commit,56.43527861684561,,,5.232678260654211,35.464515909552574,46.78428312763572,55.46064116060734,61.66795687749982,
53,xair_atomic,1,30.0,50.0,before_recheck,0,1,0,0,0,656,656,before_check,0,,,,,59.54824993386865,60.927057173103094,44.84041593968868,45.93432787805796,changed,63.912109375,REVOKE,read_set_version_changed_at_commit,55.84591394290328,,,6.256998982280493,36.46271908655763,48.52403700351715,56.52181198820472,62.10291292518377,
54,xair_atomic,1,30.0,50.0,before_recheck,0,1,0,0,0,658,658,before_check,0,,,,,57.308957912027836,58.57895128428936,40.47436499968171,41.65050107985735,changed,61.85498046875,REVOKE,read_set_version_changed_at_commit,55.0707490183413,,,4.676023032516241,34.884047228842974,44.02467515319586,54.88841701298952,59.746772050857544,
55,xair_atomic,1,30.0,50.0,before_recheck,0,1,0,0,0,660,660,before_check,0,,,,,57.843531016260386,59.12178894504905,40.31923273578286,41.7709369212389,changed,60.903076171875,REVOKE,read_set_version_changed_at_commit,55.383224971592426,,,4.731596913188696,35.02372791990638,43.80322014912963,55.03683490678668,60.11482188478112,
56,xair_atomic,0,,50.0,control,1,0,0,0,0,,661,control,0,,1.2386939488351345,2.59728217497468,60.006759129464626,57.409476954489946,58.76806518062949,,,committed,60.251953125,EXECUTE,authorization_committed,55.43209705501795,55.45579083263874,0.02369377762079239,4.568501375615597,,,54.65563014149666,60.000598430633545,60.02429220825434
57,xair_atomic,0,,50.0,control,1,0,0,0,0,,662,control,0,,1.1092610657215118,2.600798849016428,61.38024618849158,58.779447339475155,60.27098512277007,,,committed,62.449951171875,EXECUTE,authorization_committed,56.03412678465247,56.061016861349344,0.02689007669687271,5.336642265319824,,,55.43722724542022,61.370769049972296,61.39765912666917
58,xair_atomic,0,,50.0,control,1,0,0,0,0,,663,control,0,,0.9994651190936565,2.3538563400506973,60.14179205521941,57.787935715168715,59.142326936125755,,,committed,60.927978515625,EXECUTE,authorization_committed,55.08991610258818,55.10604614391923,0.01613004133105278,5.048200022429228,,,55.12980883941054,60.138116125017405,60.15424616634846
59,xair_atomic,1,30.0,50.0,before_recheck,0,1,0,0,0,665,665,before_check,0,,,,,56.8800438195467,58.12477879226208,38.9875047840178,40.381439961493015,changed,60.72998046875,REVOKE,read_set_version_changed_at_commit,54.56064222380519,,,4.327097907662392,34.51270004734397,42.23384615033865,54.51569799333811,58.88774013146758,
60,xair_atomic,1,30.0,50.0,before_recheck,0,1,0,0,0,667,667,before_check,0,,,,,57.22704483196139,58.51731589064002,39.371104910969734,40.54867383092642,changed,60.85498046875,REVOKE,read_set_version_changed_at_commit,54.89400774240494,,,4.562018904834986,34.77300796657801,42.462714947760105,54.79154596105218,59.45602664723992,
61,xair_atomic,0,,50.0,control,1,0,0,0,0,,668,control,0,,1.3018320314586163,2.773753833025694,59.98314497992396,57.20939114689827,58.68131294846535,,,committed,60.922119140625,EXECUTE,authorization_committed,55.61001971364021,55.63106993213296,0.021050218492746353,4.367945250123739,,,54.45205792784691,59.97796496376395,59.9990151822567
62,xair_atomic,1,30.0,50.0,before_recheck,0,1,0,0,0,670,670,before_check,0,,,,,57.21655488014221,58.54467721655965,39.429765194654465,40.65137729048729,changed,60.6240234375,REVOKE,read_set_version_changed_at_commit,55.16424402594566,,,4.439149051904678,34.64662190526724,42.83180786296725,54.668715223670006,59.60339307785034,
63,xair_atomic,1,30.0,50.0,before_recheck,0,1,0,0,0,672,672,before_check,0,,,,,57.18362331390381,58.50777821615338,39.56128237769008,40.677606128156185,changed,60.449951171875,REVOKE,read_set_version_changed_at_commit,55.29112322255969,,,4.396188072860241,34.57238199189305,43.02542097866535,54.57878718152642,59.68731129541993,
64,xair_atomic,1,30.0,50.0,before_recheck,0,1,0,0,0,674,674,before_check,0,,,,,57.49783292412758,58.92188474535942,40.20017106086016,41.426762007176876,changed,60.845947265625,REVOKE,read_set_version_changed_at_commit,54.8651940189302,,,4.992636851966381,35.234744660556316,43.63535484299064,55.265645030885935,59.85783087089658,
65,xair_atomic,1,30.0,50.0,before_recheck,0,1,0,0,0,676,676,before_check,0,,,,,57.16548906639218,58.52679302915931,39.4614739343524,40.660073049366474,changed,60.94091796875,REVOKE,read_set_version_changed_at_commit,54.64981868863106,,,4.635046236217022,34.84032396227121,42.7712332457304,54.8456571996212,59.28486492484808,
66,xair_atomic,0,,50.0,control,1,0,0,0,0,,677,control,0,,1.2942380271852016,2.78710899874568,60.77036214992404,57.98325315117836,59.47612412273884,,,committed,61.216064453125,EXECUTE,authorization_committed,55.98786007612944,56.00960087031126,0.02174079418182373,4.776671063154936,,,54.85238879919052,60.76453113928437,60.786271933466196
67,xair_atomic,1,30.0,50.0,before_recheck,0,1,0,0,0,679,679,before_check,0,,,,,57.18516558408737,58.68734372779727,39.48878590017557,40.7623746432364,changed,60.7900390625,REVOKE,read_set_version_changed_at_commit,54.734828881919384,,,4.6935658901929855,34.90078775212169,42.53455996513367,54.920476861298084,59.42839477211237,
68,xair_atomic,0,,50.0,control,1,0,0,0,0,,680,control,0,,1.0998030193150043,2.388661727309227,60.20469078794122,57.81602906063199,59.10488776862621,,,committed,61.81689453125,EXECUTE,authorization_committed,54.88965008407831,54.906120989471674,0.016470905393362045,5.311193875968456,,,55.396019015461206,60.20084396004677,60.21731486544013
69,xair_atomic,0,,50.0,control,1,0,0,0,0,,681,control,0,,0.7763458415865898,2.287250943481922,59.47516160085797,57.18791065737605,58.69881575927138,,,committed,60.537109375,EXECUTE,authorization_committed,54.704932030290365,54.72610192373395,0.021169893443584442,4.7647999599576,,,54.8487426713109,59.469731990247965,59.49090188369155
70,xair_atomic,0,,50.0,control,1,0,0,0,0,,682,control,0,,0.9301546961069107,2.48978054150939,60.392983723431826,57.903203181922436,59.462829027324915,,,committed,62.3291015625,EXECUTE,authorization_committed,55.20773632451892,55.22215319797397,0.014416873455047607,5.1813507452607155,,,55.26170693337917,60.389087069779634,60.40350394323468
71,xair_atomic,1,30.0,50.0,before_recheck,0,1,0,0,0,684,684,before_check,0,,,,,57.036667596548796,58.46106959506869,39.67052698135376,40.75887892395258,changed,61.080078125,REVOKE,read_set_version_changed_at_commit,54.95051294565201,,,4.332247655838728,34.52191688120365,42.8536687977612,54.518903605639935,59.282760601490736,
72,xair_atomic,1,30.0,50.0,before_recheck,0,1,0,0,0,686,686,before_check,0,,,,,56.8685419857502,58.178729843348265,39.84137671068311,41.15279670804739,changed,60.4150390625,REVOKE,read_set_version_changed_at_commit,54.447850212454796,,,4.574822727590799,34.77796679362655,43.26402768492699,54.78044366464019,59.022672940045595,
73,xair_atomic,1,30.0,50.0,before_recheck,0,1,0,0,0,688,688,before_check,0,,,,,57.352058589458466,58.82780672982335,39.46793591603637,40.43183475732803,changed,60.52197265625,REVOKE,read_set_version_changed_at_commit,55.01997331157327,,,4.756002686917782,34.96724180877209,42.423500679433346,54.97128190472722,59.77597599849105,
74,xair_atomic,1,30.0,50.0,before_recheck,0,1,0,0,0,690,690,before_check,0,,,,,57.522608898580074,58.895044028759,39.56447681412101,40.66835809499025,changed,61.23388671875,REVOKE,read_set_version_changed_at_commit,55.102098267525434,,,4.740552976727486,34.92132620885968,42.59612504392862,54.92791114374995,59.84265124425292,
75,xair_atomic,1,30.0,50.0,before_recheck,0,1,0,0,0,692,692,before_check,0,,,,,56.88964109867811,57.96870635822415,39.39473908394575,40.471788961440325,changed,60.27197265625,REVOKE,read_set_version_changed_at_commit,54.18422585353255,,,4.660744220018387,34.83369201421738,42.40585817024112,54.84956409782171,58.84497007355094,
76,xair_atomic,1,30.0,50.0,before_recheck,0,1,0,0,0,694,694,before_check,0,,,,,57.129201013594866,58.53901570662856,40.57031497359276,41.741571854799986,changed,60.9580078125,REVOKE,read_set_version_changed_at_commit,54.856056813150644,,,4.602884873747826,34.93159590288997,43.98210486397147,54.94985170662403,59.45894168689847,
77,xair_atomic,1,30.0,50.0,before_recheck,0,1,0,0,0,696,696,before_check,0,,,,,57.65576800331473,59.158478397876024,39.93949107825756,41.39324836432934,changed,60.998046875,REVOKE,read_set_version_changed_at_commit,55.03213731572032,,,4.952962044626474,35.14620801433921,43.411745224148035,55.15066906809807,59.985099360346794,
78,xair_atomic,1,30.0,50.0,before_recheck,0,1,0,0,0,698,698,before_check,0,,,,,56.945476680994034,58.18921001628041,39.11104705184698,40.21165147423744,changed,60.2509765625,REVOKE,read_set_version_changed_at_commit,54.78200828656554,,,4.2385319247841835,34.45902932435274,42.12978109717369,54.476064164191484,59.020540211349726,
79,xair_atomic,1,30.0,50.0,before_recheck,0,1,0,0,0,700,700,before_check,0,,,,,58.68980893865228,60.108200181275606,40.91189615428448,42.14685223996639,changed,62.9130859375,REVOKE,read_set_version_changed_at_commit,55.57722877711058,,,5.55159617215395,35.79698922112584,44.26659923046827,55.81306200474501,61.128824949264526,
80,xair_atomic,1,40.0,50.0,before_recheck,0,1,0,0,0,702,702,before_check,0,,,,,58.168490417301655,59.67320315539837,50.68611307069659,52.09291214123368,changed,61.237060546875,REVOKE,read_set_version_changed_at_commit,55.63211301341653,,,4.921292420476675,45.1802434399724,54.688461124897,55.19347917288542,60.553405433893204,
81,xair_atomic,1,40.0,50.0,before_recheck,0,1,0,0,0,704,704,before_check,0,,,,,57.56018031388521,58.71160002425313,50.36130454391241,51.44076934084296,changed,60.93310546875,REVOKE,read_set_version_changed_at_commit,55.366444401443005,,,4.607263952493668,44.897633139044046,53.460157942026854,54.93744928389788,59.97370835393667,
82,xair_atomic,0,,50.0,control,1,0,0,0,0,,705,control,0,,0.95352903008461,2.5901198387145996,60.497029684484005,57.906909845769405,59.543500654399395,,,committed,62.18896484375,EXECUTE,authorization_committed,55.61694409698248,55.633926298469305,0.016982201486825943,4.8763686791062355,,,54.95705595239997,60.493312776088715,60.51029497757554
83,xair_atomic,1,40.0,50.0,before_recheck,0,1,0,0,0,707,707,before_check,0,,,,,58.05905628949404,59.505769982934,51.4345383271575,52.587210200726986,changed,61.56591796875,REVOKE,read_set_version_changed_at_commit,55.44913886114955,,,5.165421403944492,45.43570335954428,55.01795141026378,55.42674707248807,60.61456026509404,
84,xair_atomic,1,40.0,50.0,before_recheck,0,1,0,0,0,709,709,before_check,0,,,,,57.16329533606768,58.65597492083907,49.87683519721031,50.88837305083871,changed,61.261962890625,REVOKE,read_set_version_changed_at_commit,55.1232579164207,,,4.635577090084553,44.82545796781778,53.00237890332937,54.795663338154554,59.75883500650525,
85,xair_atomic,1,40.0,50.0,concurrent,0,1,0,0,0,711,711,before_check,0,,,,,58.53290390223265,60.007419902831316,54.29744767025113,55.34809874370694,changed,63.281005859375,REVOKE,read_set_version_changed_at_commit,56.070635095238686,,,5.2058459259569645,45.51052302122116,57.50826187431812,55.53250480443239,61.27648102119565,
86,xair_atomic,0,,50.0,control,1,0,0,0,0,,712,control,0,,1.1432850733399391,2.507283817976713,61.040648724883795,58.53336490690708,59.897363651543856,,,committed,62.2529296875,EXECUTE,authorization_committed,55.43093476444483,55.44583313167095,0.01489836722612381,5.607138853520155,,,55.7015216909349,61.03807361796498,61.05297198519111
87,xair_atomic,1,40.0,50.0,before_recheck,0,1,0,0,0,714,714,before_check,0,,,,,58.00268007442355,59.144041035324335,50.08853226900101,51.07605503872037,changed,61.9970703125,REVOKE,read_set_version_changed_at_commit,55.371083319187164,,,4.933556076139212,45.17868114635348,53.515962325036526,55.20252697169781,60.304639395326376,
88,xair_atomic,1,40.0,50.0,before_recheck,0,1,0,0,0,716,716,before_check,0,,,,,58.10704501345754,59.63406013324857,50.55367387831211,51.944092847406864,changed,61.326904296875,REVOKE,read_set_version_changed_at_commit,55.580396205186844,,,4.935618955641985,45.15635780990124,54.394510108977556,55.16775092110038,60.51601516082883,
89,xair_atomic,0,,50.0,control,1,0,0,0,0,,717,control,0,,0.8673476986587048,2.222639974206686,59.92556782439351,57.702927850186825,59.058220125734806,,,committed,61.382080078125,EXECUTE,authorization_committed,54.815099108964205,54.83622895553708,0.021129846572875977,5.106370896100998,,,55.196575820446014,59.9214700050652,59.94259985163808
90,xair_atomic,0,,50.0,control,1,0,0,0,0,,718,control,0,,1.0606697760522366,2.6807389222085476,60.54794508963823,57.867206167429686,59.487275313586,,,committed,62.339111328125,EXECUTE,authorization_committed,55.514901876449585,55.5396587587893,0.024756882339715958,5.028444342315197,,,55.111355148255825,60.54334621876478,60.5681031011045
91,xair_atomic,1,40.0,50.0,before_recheck,0,1,0,0,0,720,720,before_check,0,,,,,56.954564061015844,58.25769808143377,49.720811657607555,50.80879293382168,changed,60.72607421875,REVOKE,read_set_version_changed_at_commit,54.91159111261368,,,4.3883128091692924,44.62465085089207,53.07462392374873,54.62243780493736,59.29990392178297,
92,xair_atomic,1,40.0,50.0,before_recheck,0,1,0,0,0,722,722,before_check,0,,,,,57.732603047043085,59.10979676991701,50.21814489737153,51.37383285909891,changed,61.80908203125,REVOKE,read_set_version_changed_at_commit,55.19802775233984,,,4.887599963694811,45.05415679886937,53.98639477789402,55.063565727323294,60.08562771603465,
93,xair_atomic,1,40.0,50.0,before_recheck,0,1,0,0,0,724,724,before_check,0,,,,,57.34142893925309,58.42640530318022,49.703861586749554,50.816216971725225,changed,60.85205078125,REVOKE,read_set_version_changed_at_commit,54.52763009816408,,,4.83279675245285,45.0494778342545,52.86090401932597,55.05642294883728,59.36042685061693,
94,xair_atomic,1,40.0,50.0,before_recheck,0,1,0,0,0,726,726,before_check,0,,,,,57.429053355008364,58.700659312307835,50.171437207609415,51.74709437415004,changed,61.321044921875,REVOKE,read_set_version_changed_at_commit,54.975650273263454,,,4.719695076346397,44.950783252716064,53.89381106942892,54.95006311684847,59.69534534960985,
95,xair_atomic,1,40.0,50.0,before_recheck,0,1,0,0,0,728,728,before_check,0,,,,,57.29628400877118,58.46272315829992,50.03333790227771,51.52556812390685,changed,60.40087890625,REVOKE,read_set_version_changed_at_commit,54.84622810035944,,,4.784095101058483,45.00892199575901,53.92612190917134,55.00387400388718,59.63032320141792,
96,xair_atomic,1,40.0,50.0,before_recheck,0,1,0,0,0,730,730,before_check,0,,,,,58.673248160630465,59.89987915381789,50.72245094925165,51.615937147289515,changed,62.47607421875,REVOKE,read_set_version_changed_at_commit,55.44359888881445,,,5.396394059062004,45.64032610505819,53.850680124014616,55.6620080024004,60.83999294787645,
97,xair_atomic,1,40.0,50.0,concurrent,0,1,0,0,0,732,732,before_check,0,,,,,57.36452201381326,58.76160319894552,53.218002896755934,54.34259306639433,changed,60.157958984375,REVOKE,read_set_version_changed_at_commit,55.065039079636335,,,4.529958125203848,44.697828125208616,56.45605782046914,54.69529423862696,59.59499720484018,
98,xair_atomic,1,40.0,50.0,concurrent,0,1,0,0,0,734,734,before_check,0,,,,,58.896015863865614,60.57610781863332,52.4401837028563,53.802359849214554,changed,62.72802734375,REVOKE,read_set_version_changed_at_commit,56.0149597004056,,,5.593704991042614,45.939136762171984,56.43080081790686,56.03594984859228,61.60866469144821,
99,xair_atomic,0,,50.0,control,1,0,0,0,0,,735,control,0,,1.004133839160204,2.751672174781561,60.35059504210949,57.59892286732793,59.346461202949286,,,committed,61.66796875,EXECUTE,authorization_committed,55.442075710743666,55.461561772972345,0.019486062228679657,4.903570283204317,,,55.01358211040497,60.34564599394798,60.36513205617666
100,xair_atomic,1,40.0,50.0,before_recheck,0,1,0,0,0,737,737,before_check,0,,,,,58.72303107753396,60.37226505577564,51.360968966037035,52.53395903855562,changed,62.3330078125,REVOKE,read_set_version_changed_at_commit,56.27119122073054,,,5.484458990395069,45.739462133497,55.07434485480189,55.77172385528684,61.75565021112561,
101,xair_atomic,1,40.0,50.0,before_recheck,0,1,0,0,0,739,739,before_check,0,,,,,57.66847264021635,59.31771686300635,50.41774967685342,51.57263670116663,changed,61.366943359375,REVOKE,read_set_version_changed_at_commit,55.15742115676403,,,5.0015137530863285,45.23465596139431,53.752926643937826,55.23539800196886,60.15893490985036,
102,xair_atomic,1,40.0,50.0,before_recheck,0,1,0,0,0,741,741,before_check,0,,,,,57.97932576388121,59.38541376963258,49.674334935843945,50.800577737390995,changed,61.9541015625,REVOKE,read_set_version_changed_at_commit,55.166678968816996,,,5.122070200741291,45.365390833467245,52.82249208539724,55.381692945957184,60.28874916955829,
103,xair_atomic,1,40.0,50.0,before_recheck,0,1,0,0,0,743,743,before_check,0,,,,,56.75249407067895,57.95638309791684,50.013842061161995,51.22169805690646,changed,59.52392578125,REVOKE,read_set_version_changed_at_commit,54.934252984821796,,,4.198397044092417,44.45892013609409,53.555065765976906,54.45685796439648,59.13265002891421,
104,xair_atomic,1,40.0,50.0,before_recheck,0,1,0,0,0,745,745,before_check,0,,,,,58.09652619063854,59.285996947437525,51.55351012945175,52.81205102801323,changed,61.4599609375,REVOKE,read_set_version_changed_at_commit,55.17621710896492,,,5.271479953080416,45.55207118391991,55.51961110904813,55.62174320220947,60.447697062045336,
105,xair_atomic,1,40.0,50.0,before_recheck,0,1,0,0,0,747,747,before_check,0,,,,,57.332200929522514,58.58496204018593,49.99930411577225,51.0503058321774,changed,60.7548828125,REVOKE,read_set_version_changed_at_commit,55.14524923637509,,,4.493218846619129,44.74603803828359,53.56103600934148,54.750076960772276,59.63846808299422,
106,xair_atomic,1,40.0,50.0,before_recheck,0,1,0,0,0,749,749,before_check,0,,,,,57.170669082552195,58.317530900239944,49.3438052944839,50.71362527087331,changed,60.612060546875,REVOKE,read_set_version_changed_at_commit,54.518261924386024,,,4.7120810486376286,44.88619230687618,53.03947813808918,54.887495934963226,59.23034297302365,
107,xair_atomic,0,,50.0,control,1,0,0,0,0,,750,control,0,,2.364746294915676,4.743399098515511,64.97787637636065,60.234477277845144,62.61313008144498,,,committed,65.26806640625,EXECUTE,authorization_committed,59.804719872772694,59.825298842042685,0.02057896926999092,5.1672752015292645,,,55.257590021938086,64.97199507430196,64.99257404357195
108,xair_atomic,1,40.0,50.0,before_recheck,0,1,0,0,0,752,752,before_check,0,,,,,59.10902610048652,60.5186503380537,51.58825637772679,52.721983287483454,changed,63.159912109375,REVOKE,read_set_version_changed_at_commit,55.78947672620416,,,5.79093536362052,46.06855008751154,54.70884032547474,56.09348835423589,61.58041208982468,
109,xair_atomic,0,,50.0,control,1,0,0,0,0,,753,control,0,,0.8389740251004696,2.2982521913945675,59.857398737221956,57.55914654582739,59.01842471212149,,,committed,61.402099609375,EXECUTE,authorization_committed,55.060220416635275,55.07939634844661,0.019175931811332703,4.792740568518639,,,54.87198568880558,59.85296098515391,59.872136916965246
110,xair_atomic,0,,50.0,control,1,0,0,0,0,,754,control,0,,1.0587959550321102,2.462649717926979,59.898917097598314,57.436267379671335,58.840121142566204,,,committed,61.18603515625,EXECUTE,authorization_committed,55.407701060175896,55.42439175769687,0.016690697520971298,4.487429279834032,,,54.56383805721998,59.89513034000993,59.9118210375309
111,xair_atomic,1,40.0,50.0,before_recheck,0,1,0,0,0,756,756,before_check,0,,,,,56.53590802103281,57.623447850346565,49.229028634727,50.55465595796704,changed,60.0869140625,REVOKE,read_set_version_changed_at_commit,54.29485300555825,,,4.2452747002244,44.38673472031951,52.57829278707504,54.39278669655323,58.54012770578265,
112,xair_atomic,1,40.0,50.0,before_recheck,0,1,0,0,0,758,758,before_check,0,,,,,56.98056239634752,58.10854909941554,50.08283210918307,51.43180210143328,changed,60.469970703125,REVOKE,read_set_version_changed_at_commit,54.45862142369151,,,4.50373999774456,44.664205983281136,53.71701018884778,54.670699406415224,58.96236142143607,
113,xair_atomic,1,40.0,50.0,before_recheck,0,1,0,0,0,760,760,before_check,0,,,,,57.304480113089085,58.387482073158026,50.21783523261547,51.517392974346876,changed,60.5048828125,REVOKE,read_set_version_changed_at_commit,54.17204415425658,,,4.930560011416674,45.08559638634324,53.65593498572707,55.099633987993,59.102604165673256,
114,xair_atomic,0,,50.0,control,1,0,0,0,0,,761,control,0,,0.9455536492168903,2.3899837397038937,59.66834491118789,57.27836117148399,58.722791261971,,,committed,60.452880859375,EXECUTE,authorization_committed,55.19626382738352,55.213156156241894,0.01689232885837555,4.468243103474379,,,54.54820906743407,59.6645069308579,59.68139925971627
115,xair_atomic,1,40.0,50.0,before_recheck,0,1,0,0,0,763,763,before_check,0,,,,,57.538799941539764,58.90861991792917,50.80484598875046,51.94748006761074,changed,60.656005859375,REVOKE,read_set_version_changed_at_commit,54.82912575826049,,,5.170600954443216,45.33318104222417,54.27207099273801,55.32280169427395,59.999726712703705,
116,xair_atomic,0,,50.0,control,1,0,0,0,0,,764,control,0,,1.086127944290638,2.5438228622078896,59.848392847925425,57.304569985717535,58.76226490363479,,,committed,61.22412109375,EXECUTE,authorization_committed,55.263291113078594,55.27960089966655,0.016309786587953568,4.580853972584009,,,54.656000807881355,59.8441450856626,59.86045487225056
117,xair_atomic,1,40.0,50.0,before_recheck,0,1,0,0,0,766,766,before_check,0,,,,,57.08978697657585,58.29615006223321,49.99153036624193,51.15849897265434,changed,60.4560546875,REVOKE,read_set_version_changed_at_commit,54.75239083170891,,,4.4920481741428375,44.64624123647809,53.549014031887054,54.64686406776309,59.244439005851746,
118,xair_atomic,1,40.0,50.0,before_recheck,0,1,0,0,0,768,768,before_check,0,,,,,56.858392897993326,58.45963675528765,49.364843871444464,50.297172740101814,changed,60.926025390625,REVOKE,read_set_version_changed_at_commit,54.727574810385704,,,4.438486881554127,44.595636893063784,52.340376656502485,54.59272162988782,59.16606169193983,
119,xair_atomic,1,40.0,50.0,before_recheck,0,1,0,0,0,770,770,before_check,0,,,,,56.98942905291915,58.109319768846035,49.22889871522784,50.24650879204273,changed,60.575927734375,REVOKE,read_set_version_changed_at_commit,54.55486103892326,,,4.576155915856361,44.731220696121454,52.36857011914253,54.71913004294038,59.131016954779625,
120,xair_atomic,1,45.0,50.0,concurrent,0,1,0,0,0,772,772,before_check,0,,,,,59.03711123391986,60.31404668465257,54.72158407792449,57.750907726585865,changed,63.216064453125,REVOKE,read_set_version_changed_at_commit,56.47239927202463,,,4.789645783603191,49.96162373572588,59.964640997350216,54.96166506782174,61.26204505562782,
121,xair_atomic,1,45.0,50.0,concurrent,0,1,0,0,0,774,774,before_check,0,,,,,57.479598093777895,58.659170754253864,54.85814018175006,56.017615366727114,changed,61.01806640625,REVOKE,read_set_version_changed_at_commit,55.005377158522606,,,4.553703125566244,49.69553416594863,58.37770318612456,54.69541531056166,59.55908028408885,
122,xair_atomic,1,45.0,50.0,concurrent,0,1,0,0,0,776,776,before_check,0,,,,,57.848180178552866,59.34811430051923,54.69178827479482,56.00652517750859,changed,62.114990234375,REVOKE,read_set_version_changed_at_commit,55.174414068460464,,,5.026910919696093,50.17113732174039,57.983363047242165,55.172620341181755,60.20132498815656,
123,xair_atomic,1,45.0,50.0,concurrent,0,1,0,0,0,778,778,before_check,0,,,,,58.80015483126044,60.47935597598553,56.44494714215398,57.229639030992985,changed,62.462890625,REVOKE,read_set_version_changed_at_commit,56.28064880147576,,,5.320682190358639,50.63626915216446,59.98294521123171,55.636300239712,61.6013309918344,
124,xair_atomic,1,45.0,50.0,concurrent,0,1,0,0,0,780,780,before_check,0,,,,,58.11335705220699,59.49242413043976,55.21496897563338,56.41657439991832,changed,61.7958984375,REVOKE,read_set_version_changed_at_commit,55.75608415529132,,,5.070032086223364,50.256547052413225,59.01980819180608,55.257068015635014,60.82611624151468,
125,xair_atomic,1,45.0,50.0,concurrent,0,1,0,0,0,782,782,before_check,0,,,,,58.15817229449749,59.348395094275475,55.7764433324337,56.709133088588715,changed,62.197998046875,REVOKE,read_set_version_changed_at_commit,55.384759325534105,,,4.7530969604849815,50.10224832221866,59.348725248128176,55.125602055341005,60.13785628601909,
126,xair_atomic,1,45.0,50.0,concurrent,0,1,0,0,0,784,784,before_check,0,,,,,57.63149308040738,59.00918832048774,54.963157046586275,55.909162387251854,changed,60.592041015625,REVOKE,read_set_version_changed_at_commit,55.25004584342241,,,4.756944254040718,49.90269336849451,58.19818610325456,54.881233256310225,60.00699009746313,
127,xair_atomic,1,45.0,50.0,concurrent,0,1,0,0,0,786,786,before_check,0,,,,,58.91083367168903,60.24564802646637,56.402647867798805,57.780112605541945,changed,62.201904296875,REVOKE,read_set_version_changed_at_commit,56.19318503886461,,,4.937663674354553,50.23784190416336,60.12632371857762,55.254182778298855,61.130848713219166,
128,xair_atomic,1,45.0,50.0,concurrent,0,1,0,0,0,788,788,before_check,0,,,,,57.33123980462551,58.6825548671186,54.89389691501856,56.11605988815427,changed,60.573974609375,REVOKE,read_set_version_changed_at_commit,54.87555265426636,,,4.781491123139858,49.95606280863285,58.36388701573014,54.951956029981375,59.657043777406216,
129,xair_atomic,1,45.0,50.0,concurrent,0,1,0,0,0,790,790,before_check,0,,,,,56.98464019224048,58.23975522071123,54.38765790313482,55.35455187782645,changed,60.407958984375,REVOKE,read_set_version_changed_at_commit,54.99002803117037,,,4.366823006421328,49.55968027934432,57.279102969914675,54.56562200561166,59.356851037591696,
130,xair_atomic,0,,50.0,control,1,0,0,0,0,,791,control,0,,0.8673067204654217,2.2610719315707684,59.6814788877964,57.420406956225634,58.81417216733098,,,committed,61.2919921875,EXECUTE,authorization_committed,54.83320262283087,54.8502248711884,0.01702224835753441,4.844940267503262,,,54.91925496608019,59.67814289033413,59.695165138691664
131,xair_atomic,0,,50.0,control,1,0,0,0,0,,792,control,0,,0.9086839854717255,2.2928211838006973,59.5011399127543,57.2083187289536,58.59245592728257,,,committed,60.39794921875,EXECUTE,authorization_committed,54.918212816119194,54.93228975683451,0.014076940715312958,4.580191802233458,,,54.65048970654607,59.49840461835265,59.512481559067965
132,xair_atomic,0,,50.0,control,1,0,0,0,0,,793,control,0,,1.0033627040684223,2.4529220536351204,59.942719992250204,57.489797938615084,58.93935728818178,,,committed,61.35693359375,EXECUTE,authorization_committed,55.161458905786276,55.19469128921628,0.03323238343000412,4.776692017912865,,,54.85698813572526,59.93815092369914,59.971383307129145
133,xair_atomic,0,,50.0,control,1,0,0,0,0,,794,control,0,,0.9804093278944492,2.374374307692051,60.1640953682363,57.78972106054425,59.183686040341854,,,committed,61.3349609375,EXECUTE,authorization_committed,55.109783075749874,55.12207606807351,0.012292992323637009,5.0513772293925285,,,55.13113318011165,60.1611603051424,60.17345329746604
134,xair_atomic,0,,50.0,control,1,0,0,0,0,,795,control,0,,1.1389958672225475,2.613944001495838,60.499893967062235,57.8859499655664,59.36089809983969,,,committed,62.197998046875,EXECUTE,authorization_committed,55.971920024603605,56.021202355623245,0.04928233101963997,4.4929287396371365,,,54.596739821136,60.46484876424074,60.51413109526038
135,xair_atomic,1,45.0,50.0,concurrent,0,1,0,0,0,797,797,before_check,0,,,,,60.39460701867938,61.72482296824455,57.849641889333725,59.2116080224514,changed,64.302978515625,REVOKE,read_set_version_changed_at_commit,57.64542892575264,,,5.099476780742407,50.35686492919922,61.61886407062411,55.35760661587119,62.74490570649505,
136,xair_atomic,1,45.0,50.0,concurrent,0,1,0,0,0,799,799,before_check,0,,,,,57.98336397856474,59.38489316031337,55.33781088888645,56.657927110791206,changed,61.613037109375,REVOKE,read_set_version_changed_at_commit,55.26677705347538,,,4.9959528259932995,50.268881022930145,59.00693405419588,55.26690790429711,60.26272987946868,
137,xair_atomic,0,,50.0,control,1,0,0,0,0,,800,control,0,,0.903925858438015,2.4503967724740505,60.0188416428864,57.56844487041235,59.114915784448385,,,committed,60.93798828125,EXECUTE,authorization_committed,55.41790975257754,55.43815763667226,0.02024788409471512,4.596462938934565,,,54.68169879168272,60.01437269151211,60.03462057560682
138,xair_atomic,1,45.0,50.0,concurrent,0,1,0,0,0,802,802,before_check,0,,,,,57.50237125903368,58.88518504798412,54.88884821534157,55.94843626022339,changed,60.64599609375,REVOKE,read_set_version_changed_at_commit,55.18659623339772,,,4.739020951092243,49.89341599866748,58.55244118720293,54.90085016936064,59.925617184489965,
139,xair_atomic,0,,50.0,control,1,0,0,0,0,,803,control,0,,0.9611831046640873,2.549092285335064,59.58985723555088,57.04076495021582,58.62867413088679,,,committed,60.77197265625,EXECUTE,authorization_committed,54.853692185133696,54.86950231716037,0.015810132026672363,4.732809029519558,,,54.8030873760581,59.586501214653254,59.602311346679926
140,xair_atomic,1,45.0,50.0,concurrent,0,1,0,0,0,805,805,before_check,0,,,,,58.06263303384185,59.43050887435675,55.07416604086757,56.09325785189867,changed,61.73095703125,REVOKE,read_set_version_changed_at_commit,55.222623981535435,,,5.127590149641037,50.44715479016304,58.32353187724948,55.465579964220524,60.35021413117647,
141,xair_atomic,1,45.0,50.0,concurrent,0,1,0,0,0,807,807,before_check,0,,,,,58.16642753779888,59.13766007870436,55.46847637742758,56.6790672019124,changed,61.8740234375,REVOKE,read_set_version_changed_at_commit,55.338241159915924,,,4.650886170566082,49.87706523388624,58.70476737618446,54.87961135804653,59.989127330482006,
142,xair_atomic,1,45.0,50.0,concurrent,0,1,0,0,0,809,809,before_check,0,,,,,57.25051835179329,59.038032311946154,54.66052936390042,55.95893505960703,changed,61.26806640625,REVOKE,read_set_version_changed_at_commit,55.44768739491701,,,4.529356956481934,49.69557421281934,57.89956636726856,54.705142974853516,59.977044351398945,
143,xair_atomic,1,45.0,50.0,concurrent,0,1,0,0,0,811,811,before_check,0,,,,,58.19567106664181,59.59882400929928,55.14692235738039,56.462209206074476,changed,61.924072265625,REVOKE,read_set_version_changed_at_commit,55.753089021891356,,,4.864616319537163,50.168061163276434,59.032632037997246,55.19653530791402,60.61770534142852,
144,xair_atomic,1,45.0,50.0,concurrent,0,1,0,0,0,813,813,before_check,0,,,,,57.59016564115882,59.01659186929464,54.64957933872938,55.70608098059893,changed,61.2939453125,REVOKE,read_set_version_changed_at_commit,55.42112700641155,,,4.559603985399008,49.72098208963871,57.73569876328111,54.71650371327996,59.98073099181056,
145,xair_atomic,1,45.0,50.0,concurrent,0,1,0,0,0,815,815,before_check,0,,,,,56.982635986059904,58.15660813823342,54.40898705273867,55.57451397180557,changed,60.281982421875,REVOKE,read_set_version_changed_at_commit,54.445765912532806,,,4.54655010253191,49.67085784301162,57.944620959460735,54.699111729860306,58.992316015064716,
146,xair_atomic,1,45.0,50.0,concurrent,0,1,0,0,0,817,817,before_check,0,,,,,57.65401478856802,58.731245808303356,54.66365488246083,55.61381811276078,changed,60.72802734375,REVOKE,read_set_version_changed_at_commit,55.01992395147681,,,4.686953034251928,49.91551721468568,57.71762505173683,54.93888119235635,59.70687698572874,
147,xair_atomic,1,45.0,50.0,concurrent,0,1,0,0,0,819,819,before_check,0,,,,,57.04985186457634,58.142883237451315,54.184196051210165,55.51972193643451,changed,60.2099609375,REVOKE,read_set_version_changed_at_commit,54.644139017909765,,,4.369637928903103,49.52260013669729,57.697136886417866,54.516519885510206,59.01377694681287,
148,xair_atomic,1,45.0,50.0,concurrent,0,1,0,0,0,821,821,before_check,0,,,,,57.031597942113876,58.12400719150901,54.08777482807636,55.242761969566345,changed,59.948974609375,REVOKE,read_set_version_changed_at_commit,54.48525119572878,,,4.483100958168507,49.620463978499174,57.370574213564396,54.622508119791746,58.968352153897285,
149,xair_atomic,0,,50.0,control,1,0,0,0,0,,822,control,0,,0.933030154556036,2.392478287220001,59.60221029818058,57.20973201096058,58.669180143624544,,,committed,61.155029296875,EXECUTE,authorization_committed,55.023170076310635,55.04156416282058,0.01839408650994301,4.575514234602451,,,54.646894335746765,59.598684310913086,59.61707839742303
150,xair_atomic,1,45.0,50.0,concurrent,0,1,0,0,0,824,824,before_check,0,,,,,59.075912926346064,60.415877029299736,56.19853502139449,57.50959366559982,changed,63.19091796875,REVOKE,read_set_version_changed_at_commit,56.34250491857529,,,5.106138996779919,50.42246775701642,59.787567704916,55.43962074443698,61.448643915355206,
151,xair_atomic,1,45.0,50.0,concurrent,0,1,0,0,0,826,826,before_check,0,,,,,58.1855121999979,59.65231405571103,55.740094278007746,56.93847360089421,changed,62.133056640625,REVOKE,read_set_version_changed_at_commit,55.10000418871641,,,5.496201105415821,50.78031914308667,59.21184830367565,55.797933135181665,60.59620529413223,
152,xair_atomic,0,,50.0,control,1,0,0,0,0,,827,control,0,,1.250396016985178,2.5651827454566956,60.03100611269474,57.465823367238045,58.78061009570956,,,committed,61.7060546875,EXECUTE,authorization_committed,55.921985767781734,55.941502563655376,0.019516795873641968,4.104721359908581,,,54.18992694467306,60.026707127690315,60.04622392356396
153,xair_atomic,1,45.0,50.0,concurrent,0,1,0,0,0,829,829,before_check,0,,,,,58.15440509468317,59.69316093251109,55.482893250882626,56.78164912387729,changed,61.840087890625,REVOKE,read_set_version_changed_at_commit,56.361000053584576,,,4.798372276127338,50.09991303086281,59.53649803996086,55.122997146099806,61.159372329711914,
154,xair_atomic,1,45.0,50.0,concurrent,0,1,0,0,0,831,831,before_check,0,,,,,58.456400875002146,59.8601452074945,55.856483057141304,57.04715708270669,changed,62.510986328125,REVOKE,read_set_version_changed_at_commit,55.82742905244231,,,4.850420169532299,50.064215902239084,59.356288984417915,55.09547609835863,60.67784922197461,
155,xair_atomic,1,45.0,50.0,concurrent,0,1,0,0,0,833,833,before_check,0,,,,,57.448559906333685,58.7192140519619,54.606037214398384,55.75327901169658,changed,60.62890625,REVOKE,read_set_version_changed_at_commit,55.045181419700384,,,4.569422919303179,49.79363828897476,57.754604145884514,54.7933978959918,59.61460433900356,
156,xair_atomic,0,,50.0,control,1,0,0,0,0,,834,control,0,,0.9599109180271626,2.471467014402151,60.195603873580694,57.72413685917854,59.23569295555353,,,committed,61.97509765625,EXECUTE,authorization_committed,55.49695901572704,55.50939217209816,0.012433156371116638,4.696029704064131,,,54.775895085185766,60.192988719791174,60.20542187616229
157,xair_atomic,1,45.0,50.0,concurrent,0,1,0,0,0,836,836,before_check,0,,,,,57.40385642275214,58.78467718139291,54.968948010355234,56.12930515781045,changed,61.675048828125,REVOKE,read_set_version_changed_at_commit,55.46924704685807,,,4.454076290130615,49.68903213739395,58.81409207358956,54.70415111631155,59.92332333698869,
158,xair_atomic,1,45.0,50.0,concurrent,0,1,0,0,0,838,838,before_check,0,,,,,58.369037229567766,59.85902203246951,55.81359239295125,57.04743741080165,changed,62.3359375,REVOKE,read_set_version_changed_at_commit,56.10687332227826,,,4.971717018634081,50.20195432007313,59.73040126264095,55.2254393696785,61.07859034091234,
159,xair_atomic,1,45.0,50.0,concurrent,0,1,0,0,0,840,840,before_check,0,,,,,57.601888198405504,58.58563305810094,55.339002050459385,56.36629927903414,changed,60.83203125,REVOKE,read_set_version_changed_at_commit,54.95889997109771,,,4.680611193180084,49.865573178976774,58.77105100080371,54.86539425328374,59.63951116427779,
160,xair_atomic,0,,50.0,control,1,0,0,0,0,,841,control,0,,1.2715761549770832,2.6991241611540318,60.90480508282781,58.205680921673775,59.63322892785072,,,committed,62.238037109375,EXECUTE,authorization_committed,55.94079056754708,55.9570319019258,0.01624133437871933,4.9598561599850655,,,55.039110127836466,60.90064672753215,60.91688806191087
161,xair_atomic,0,,50.0,control,1,0,0,0,0,,842,control,0,,1.0169181041419506,2.326063811779022,60.29337691143155,57.96731309965253,59.2764588072896,,,committed,61.3310546875,EXECUTE,authorization_committed,55.33813079819083,55.364579893648624,0.026449095457792282,4.948554094880819,,,55.02947187051177,60.28668489307165,60.313133988529444
162,xair_atomic,1,50.0,50.0,concurrent,0,1,0,0,0,844,844,before_check,0,,,,,63.36034135892987,64.7497782483697,60.59839017689228,62.07125307992101,changed,66.6279296875,REVOKE,read_set_version_changed_at_commit,61.04045920073986,,,4.579822067171335,54.905659053474665,64.48769709095359,55.55280391126871,65.6202812679112,
163,xair_atomic,1,50.0,50.0,concurrent,0,1,0,0,0,846,846,before_check,0,,,,,63.39099816977978,65.04694512113929,60.58981316164136,62.100728042423725,changed,66.81103515625,REVOKE,read_set_version_changed_at_commit,61.948942951858044,,,4.731256049126387,54.92857191711664,64.54670708626509,55.15867378562689,66.68019900098443,
164,xair_atomic,0,,50.0,control,1,0,0,0,0,,847,control,0,,1.3738982379436493,2.982025034725666,61.72332027927041,58.741295244544744,60.34942204132676,,,committed,63.0400390625,EXECUTE,authorization_committed,55.96766201779246,55.98429264500737,0.0166306272149086,5.750999320298433,,,55.83797814324498,61.7186613380909,61.735291965305805
165,xair_atomic,1,50.0,50.0,concurrent,1,0,0,0,1,849,848,after_check,0,after_middleware,1.2882370501756668,2.6303050108253956,61.465857084840536,58.83555207401514,60.17762003466487,62.69474280998111,64.02106070891023,committed,62.10693359375,EXECUTE,authorization_committed,56.258877739310265,56.274286936968565,0.0154091976583004,5.2033220417797565,55.727981962263584,66.35061092674732,55.45337684452534,61.46219978109002,61.47760897874832
166,xair_atomic,1,50.0,50.0,concurrent,0,1,0,0,0,851,851,before_check,0,,,,,63.12939804047346,64.3187491223216,60.700710862874985,61.807517893612385,changed,66.216064453125,REVOKE,read_set_version_changed_at_commit,59.831240214407444,,,5.402986891567707,55.61162391677499,64.17883699759841,55.75336003676057,65.23422710597515,
167,xair_atomic,1,50.0,50.0,concurrent,1,0,0,0,1,853,852,after_check,0,after_middleware,1.3824435882270336,2.9298667795956135,60.053877998143435,57.12401121854782,58.6714344099164,61.15067610517144,62.400070019066334,committed,61.048095703125,EXECUTE,authorization_committed,56.06615683063865,56.08786689117551,0.02171006053686142,3.9822012186050415,54.199093952775,64.83248295262456,54.40726410597563,60.04835804924369,60.07006810978055
168,xair_atomic,1,50.0,50.0,concurrent,0,1,0,0,0,855,855,before_check,0,,,,,62.03596666455269,63.24248993769288,59.873609803617,60.92645460739732,changed,65.248046875,REVOKE,read_set_version_changed_at_commit,59.16735390201211,,,4.96039679273963,55.12494081631303,62.63809697702527,55.30710285529494,64.12775069475174,
169,xair_atomic,1,50.0,50.0,concurrent,1,0,0,0,1,857,856,after_check,0,after_middleware,1.2356978841125965,3.0895359814167023,61.63110677152872,58.54157079011202,60.395408887416124,62.61942069977522,63.2520979270339,committed,61.950927734375,EXECUTE,authorization_committed,56.831262074410915,56.84889480471611,0.017632730305194855,4.795997869223356,54.960972629487514,65.58687798678875,55.62262376770377,61.62725994363427,61.64489267393947
170,xair_atomic,1,50.0,50.0,concurrent,1,0,0,0,1,859,858,after_check,0,after_middleware,1.046484336256981,2.589939162135124,60.879046097397804,58.28910693526268,59.83256176114082,61.566295102238655,63.01648588851094,committed,61.47802734375,EXECUTE,authorization_committed,56.06202920898795,56.078029330819845,0.01600012183189392,4.812447819858789,54.972805082798004,64.93072677403688,55.24121876806021,60.87447702884674,60.890477150678635
171,xair_atomic,1,50.0,50.0,concurrent,0,1,0,0,0,861,861,before_check,0,,,,,62.719488982111216,64.16630279272795,59.54926088452339,61.0502571798861,changed,66.547119140625,REVOKE,read_set_version_changed_at_commit,60.66005490720272,,,4.518738016486168,54.689113050699234,64.14330983534455,54.84829191118479,65.17879292368889,
172,xair_atomic,0,,50.0,control,1,0,0,0,0,,862,control,0,,0.9957579895853996,2.3105647414922714,60.27733767405152,57.96677293255925,59.281579684466124,,,committed,62.1640625,EXECUTE,authorization_committed,55.32380426302552,55.34513434395194,0.021330080926418304,4.948654677718878,,,55.02695683389902,60.2724589407444,60.29378902167082
173,xair_atomic,1,50.0,50.0,concurrent,1,0,0,0,1,864,863,after_check,0,after_middleware,1.0389499366283417,2.449525985866785,59.19488659128547,56.74536060541868,58.155936654657125,60.570777859538794,61.656133737415075,committed,60.10400390625,EXECUTE,authorization_committed,54.77368179708719,54.795351810753345,0.021670013666152954,4.416335839778185,54.605045821517706,63.82771860808134,54.785775020718575,59.19001763686538,59.21168765053153
174,xair_atomic,0,,50.0,control,1,0,0,0,0,,865,control,0,,1.0462733916938305,2.538542728871107,60.571619775146246,58.03307704627514,59.525346383452415,,,committed,61.64990234375,EXECUTE,authorization_committed,55.24075822904706,55.25836115702987,0.01760292798280716,5.3269038908183575,,,55.404325015842915,60.56766211986542,60.585265047848225
175,xair_atomic,0,,50.0,control,1,0,0,0,0,,866,control,0,,1.0272967629134655,2.4499869905412197,59.70218777656555,57.25220078602433,58.674891013652086,,,committed,60.885986328125,EXECUTE,authorization_committed,55.31021812930703,55.32826203852892,0.01804390922188759,4.387450870126486,,,54.49194274842739,59.69766899943352,59.715712908655405
176,xair_atomic,1,50.0,50.0,concurrent,0,1,0,0,0,868,868,before_check,0,,,,,64.54065581783652,66.00321969017386,61.92758260294795,63.19194566458464,changed,68.333984375,REVOKE,read_set_version_changed_at_commit,62.802084255963564,,,4.5253196731209755,54.82807382941246,65.8212685957551,55.08483573794365,67.32740392908454,
177,xair_atomic,1,50.0,50.0,concurrent,0,1,0,0,0,870,870,before_check,0,,,,,64.19578799977899,65.58356201276183,61.475745402276516,62.864551320672035,changed,67.388916015625,REVOKE,read_set_version_changed_at_commit,61.02109281346202,,,5.730400327593088,55.93482032418251,65.41266106069088,56.13704910501838,66.75149314105511,
178,xair_atomic,1,50.0,50.0,concurrent,1,0,0,0,1,872,871,after_check,0,after_middleware,0.9036147966980934,2.131979912519455,59.85831096768379,57.72633105516434,58.9546961709857,61.298221815377474,62.4519269913435,committed,61.06396484375,EXECUTE,authorization_committed,54.73057087510824,54.747271817177534,0.01670094206929207,5.123462062329054,55.307923816144466,64.50843485072255,55.48926396295428,59.854032937437296,59.87073387950659
179,xair_atomic,0,,50.0,control,1,0,0,0,0,,873,control,0,,1.1495365761220455,2.8639729134738445,61.248468700796366,58.38449578732252,60.09893212467432,,,committed,62.5,EXECUTE,authorization_committed,56.79060611873865,56.80977180600166,0.019165687263011932,4.453083965927362,,,54.53426204621792,61.243690084666014,61.262855771929026
180,xair_atomic,0,,50.0,control,1,0,0,0,0,,874,control,0,,0.9209569543600082,2.4573602713644505,60.17050612717867,57.71314585581422,59.24954917281866,,,committed,60.799072265625,EXECUTE,authorization_committed,55.20829698070884,55.22614112123847,0.01784414052963257,4.957891069352627,,,55.038709193468094,60.166188050061464,60.1840321905911
181,xair_atomic,1,50.0,50.0,concurrent,0,1,0,0,0,876,876,before_check,0,,,,,62.532797921448946,63.57999285683036,60.1224759593606,61.36509822681546,changed,65.471923828125,REVOKE,read_set_version_changed_at_commit,59.4719760119915,,,4.84587112441659,55.01762917265296,63.39931394904852,55.21318595856428,64.31784713640809,
182,xair_atomic,1,50.0,50.0,concurrent,1,0,0,0,1,878,877,after_check,0,after_middleware,1.3532587327063084,2.840830013155937,61.84269394725561,59.001863934099674,60.4894352145493,62.96941777691245,68.27699486166239,committed,62.720947265625,EXECUTE,authorization_committed,56.41315830871463,56.43395707011223,0.020798761397600174,5.4237148724496365,55.86908711120486,70.92097587883472,55.5905238725245,61.836873181164265,61.857671942561865
183,xair_atomic,1,50.0,50.0,concurrent,0,1,0,0,0,880,880,before_check,0,,,,,63.40004596859217,64.62588487192988,60.495235957205296,61.730954330414534,changed,66.966064453125,REVOKE,read_set_version_changed_at_commit,60.16207113862038,,,5.353493615984917,55.55401463061571,63.99639369919896,55.73669774457812,65.5155647546053,
184,xair_atomic,1,50.0,50.0,concurrent,0,1,0,0,0,882,882,before_check,0,,,,,62.5134720467031,63.59253590926528,59.946947265416384,61.081075109541416,changed,66.4208984375,REVOKE,read_set_version_changed_at_commit,60.12236699461937,,,4.596112295985222,54.84093725681305,63.55871306732297,55.020835250616074,64.71847929060459,
185,xair_atomic,1,50.0,50.0,concurrent,0,1,0,0,0,884,884,before_check,0,,,,,61.13312300294638,62.54035281017423,59.05971257016063,59.91748161613941,changed,64.31005859375,REVOKE,read_set_version_changed_at_commit,59.10121975466609,,,4.4365739449858665,54.585789795964956,62.108021695166826,54.723587818443775,63.53779369965196,
186,xair_atomic,1,50.0,50.0,concurrent,0,1,0,0,0,886,886,before_check,0,,,,,63.14301397651434,64.54372080042958,60.33335207030177,61.463633086532354,changed,66.533935546875,REVOKE,read_set_version_changed_at_commit,60.41741976514459,,,4.918468184769154,55.066551081836224,63.7093260884285,55.20286690443754,65.33588794991374,
187,xair_atomic,1,50.0,50.0,concurrent,0,1,0,0,0,888,888,before_check,0,,,,,62.97043012455106,64.66286536306143,60.548486188054085,61.77555816248059,changed,67.02099609375,REVOKE,read_set_version_changed_at_commit,60.911457054317,,,4.580833949148655,54.728166200220585,63.77105228602886,54.90094097331166,65.49229100346565,
188,xair_atomic,1,50.0,50.0,concurrent,0,1,0,0,0,890,890,before_check,0,,,,,63.05428687483072,64.41161315888166,60.37602201104164,61.771891079843044,changed,66.56005859375,REVOKE,read_set_version_changed_at_commit,60.26006489992142,,,5.037900991737843,55.27953011915088,64.10779291763902,55.511285085231066,65.29796589165926,
189,xair_atomic,1,50.0,50.0,concurrent,1,0,0,0,1,892,891,after_check,0,after_middleware,1.1073569767177105,2.321043983101845,59.557697270065546,57.2366532869637,58.450340293347836,60.791391879320145,62.09928588941693,committed,60.174072265625,EXECUTE,authorization_committed,54.806473199278116,54.82181208208203,0.015338882803916931,4.747257102280855,54.92596793919802,64.22492396086454,55.09643815457821,59.55373030155897,59.56906918436289
190,xair_atomic,1,50.0,50.0,concurrent,0,1,0,0,0,894,894,before_check,0,,,,,65.82737993448973,68.69460921734571,63.43488208949566,64.52525686472654,changed,69.93505859375,REVOKE,read_set_version_changed_at_commit,64.75847493857145,,,5.161744076758623,55.425966158509254,67.03281216323376,55.70440785959363,69.92021901533008,
191,xair_atomic,1,50.0,50.0,concurrent,1,0,0,0,1,896,895,after_check,0,after_middleware,1.1828793212771416,2.403389196842909,63.80593730136752,61.40254810452461,62.62305798009038,65.47927716746926,66.76413724198937,committed,64.385009765625,EXECUTE,authorization_committed,59.17107220739126,59.19280322268605,0.021731015294790268,4.6309479512274265,54.91477716714144,69.87904105335474,55.18335988745093,63.80202015861869,63.82375117391348
192,xair_atomic,1,50.0,50.0,concurrent,1,0,0,0,1,898,897,after_check,0,after_middleware,1.1262735351920128,2.589988987892866,60.912990011274815,58.32300102338195,59.7867164760828,61.961818020790815,63.15049808472395,committed,62.552001953125,EXECUTE,authorization_committed,56.20466684922576,56.22286070138216,0.01819385215640068,4.703304264694452,55.008161813020706,65.40529802441597,55.37014082074165,60.90797111392021,60.92616496607661
193,xair_atomic,1,50.0,50.0,concurrent,1,0,0,0,1,900,899,after_check,0,after_middleware,1.1980780400335789,2.463061362504959,61.25410972163081,58.79104835912585,60.05603168159723,62.53500282764435,63.28373774886131,committed,62.073974609375,EXECUTE,authorization_committed,56.043134070932865,56.05746014043689,0.014326069504022598,5.2075497806072235,55.51853869110346,65.72195189073682,55.81892281770706,61.25068385154009,61.26500992104411
194,xair_atomic,1,50.0,50.0,concurrent,1,0,0,0,1,902,901,after_check,0,after_middleware,1.27820810303092,3.3219619654119015,61.37310294434428,58.05114097893238,60.09489484131336,62.38225568085909,63.56839183717966,committed,62.2919921875,EXECUTE,authorization_committed,56.367551907896996,56.39159679412842,0.024044886231422424,4.999449942260981,55.43475179001689,65.47094089910388,55.181948002427816,61.367001850157976,61.3910467363894
195,xair_atomic,1,50.0,50.0,concurrent,0,1,0,0,0,904,904,before_check,0,,,,,62.421238981187344,63.66781797260046,60.152231715619564,61.099470127373934,changed,65.04296875,REVOKE,read_set_version_changed_at_commit,60.09966414421797,,,4.563421010971069,54.75629912689328,63.46311420202255,54.910649079829454,64.66308515518904,
196,xair_atomic,0,,50.0,control,1,0,0,0,0,,905,control,0,,0.9997058659791946,2.467659767717123,59.598763938993216,57.13110417127609,58.59905807301402,,,committed,60.462890625,EXECUTE,authorization_committed,54.63083414360881,54.6471350826323,0.01630093902349472,4.963691812008619,,,55.03780720755458,59.59452595561743,59.61082689464092
197,xair_atomic,1,50.0,50.0,concurrent,0,1,0,0,0,907,907,before_check,0,,,,,62.111258041113615,63.505614176392555,59.65074198320508,60.6240383349359,changed,65.466064453125,REVOKE,read_set_version_changed_at_commit,59.94934169575572,,,4.365971311926842,54.51725097373128,63.052352983504534,54.704662412405014,64.31531300768256,
198,xair_atomic,0,,50.0,control,1,0,0,0,0,,908,control,0,,0.9963000193238258,2.5863833725452423,59.59112010896206,57.00473673641682,58.59482008963823,,,committed,60.48193359375,EXECUTE,authorization_committed,54.94503304362297,54.95882919058204,0.013796146959066391,4.642849788069725,,,54.71396911889315,59.587882831692696,59.60167897865176
199,xair_atomic,1,50.0,50.0,concurrent,1,0,0,0,1,910,909,after_check,0,after_middleware,0.8284952491521835,2.099469304084778,59.80161530897021,57.702146004885435,58.97312005981803,61.21033802628517,62.59709922596812,committed,60.700927734375,EXECUTE,authorization_committed,55.07366405799985,55.08676916360855,0.013105105608701706,4.724673926830292,55.040040984749794,64.91137109696865,54.897733964025974,59.79833798483014,59.81144309043884
200,xair_atomic,1,55.0,50.0,concurrent,1,0,0,0,1,912,911,after_check,0,after_middleware,1.1691227555274963,2.633139491081238,60.0844849832356,57.45134549215436,58.9153622277081,64.64179512113333,65.69685507565737,committed,60.06689453125,EXECUTE,authorization_committed,55.33475521951914,55.34606613218784,0.011310912668704987,4.746625199913979,59.968287125229836,67.7432743832469,54.89663314074278,60.08138041943312,60.09269133210182
201,xair_atomic,0,,50.0,control,1,0,0,0,0,,913,control,0,,0.8222218602895737,2.013436984270811,59.16925799101591,57.1558210067451,58.34703613072634,,,committed,59.950927734375,EXECUTE,authorization_committed,54.79983100667596,54.81140315532684,0.011572148650884628,4.366802051663399,,,54.436428938061,59.16663305833936,59.17820520699024
202,xair_atomic,1,55.0,50.0,concurrent,1,0,0,0,1,915,914,after_check,0,after_middleware,1.2459778226912022,2.4027377367019653,60.78708404675126,58.384346310049295,59.54110622406006,65.1639848947525,66.38821214437485,committed,62.77587890625,EXECUTE,authorization_committed,55.81294093281031,55.833689868450165,0.020748935639858246,4.969083238393068,60.22116215899587,68.4078810736537,55.23367505520582,60.782024171203375,60.80277310684323
203,xair_atomic,0,,50.0,control,1,0,0,0,0,,916,control,0,,1.058346126228571,2.3753968998789787,62.82737199217081,60.45197509229183,61.76902586594224,,,committed,64.006103515625,EXECUTE,authorization_committed,55.143124889582396,55.15692103654146,0.013796146959066391,7.681701797991991,,,57.76155786588788,62.82482668757439,62.83862283453345
204,xair_atomic,1,55.0,50.0,concurrent,1,0,0,0,1,918,917,after_check,0,after_middleware,1.311329659074545,2.796956803649664,60.715969651937485,57.91901284828782,59.40463999286294,64.55944059416652,65.8191149123013,committed,61.2080078125,EXECUTE,authorization_committed,55.933957919478416,55.95920607447624,0.025248154997825623,4.776581656187773,60.017138719558716,67.9392316378653,55.039099883288145,60.71053957566619,60.735787730664015
205,xair_atomic,0,,50.0,control,1,0,0,0,0,,919,control,0,,1.3382514007389545,2.869604155421257,60.67365128546953,57.804047130048275,59.33539988473058,,,committed,61.7080078125,EXECUTE,authorization_committed,55.88779179379344,55.91124575585127,0.023453962057828903,4.780038259923458,,,54.86483313143253,60.6678300537169,60.69128401577473
206,xair_atomic,1,55.0,50.0,concurrent,1,0,0,0,1,921,920,after_check,0,after_middleware,1.347848679870367,2.490562852472067,60.658592730760574,58.16802987828851,59.31074405089021,65.49796182662249,66.81323982775211,committed,61.330078125,EXECUTE,authorization_committed,55.50265917554498,55.51782809197903,0.015168916434049606,5.152316763997078,60.32674992457032,68.90705786645412,55.34381186589599,60.654975939542055,60.670144855976105
207,xair_atomic,1,55.0,50.0,concurrent,1,0,0,0,1,923,922,after_check,0,after_middleware,1.1061746627092361,2.7697859331965446,61.01977964863181,58.24999371543527,59.913604985922575,64.58091083914042,65.71425683796406,committed,61.5810546875,EXECUTE,authorization_committed,55.873434990644455,55.8894551359117,0.016020145267248154,5.142276640981436,60.31842390075326,67.59322294965386,55.33290095627308,61.01571163162589,61.03173177689314
208,xair_atomic,1,55.0,50.0,after_release,1,0,0,0,1,925,924,after_check,0,after_middleware,1.01374089717865,2.2725528106093407,60.437997803092,58.16544499248266,59.42425690591335,64.82540955767035,66.01103395223618,committed,61.998046875,EXECUTE,authorization_committed,55.351524613797665,55.36892777308822,0.01740315929055214,5.0815739668905735,60.46993797644973,68.1717679835856,55.28004188090563,60.43309858068824,60.45050173997879
209,xair_atomic,0,,50.0,control,1,0,0,0,0,,926,control,0,,0.9634876623749733,2.3854756727814674,60.60197623446584,58.21650056168437,59.638488572090864,,,committed,62.10693359375,EXECUTE,authorization_committed,55.54894590750337,55.567520670592785,0.01857476308941841,5.048542283475399,,,55.12755597010255,60.597488190978765,60.616062954068184
210,xair_atomic,1,55.0,50.0,concurrent,1,0,0,0,1,928,927,after_check,0,after_middleware,1.1439458467066288,2.7210447005927563,61.50627275928855,58.78522805869579,60.36232691258192,65.83780981600285,66.87499582767487,committed,63.739990234375,EXECUTE,authorization_committed,55.904993787407875,55.9258540160954,0.020860228687524796,5.596579983830452,60.77674496918917,68.9463117159903,55.796611122787,61.50157377123833,61.52243399992585
211,xair_atomic,1,55.0,50.0,concurrent,1,0,0,0,1,930,929,after_check,0,after_middleware,1.1853338219225407,2.4528210051357746,62.55416898056865,60.10134797543287,61.36883515864611,66.88088737428188,68.26033536344767,committed,63.68798828125,EXECUTE,authorization_committed,55.48475589603186,55.498240981251,0.013485085219144821,7.065987214446068,62.25058017298579,70.55534003302455,57.25873401388526,62.550743110477924,62.56422819569707
212,xair_atomic,1,55.0,50.0,concurrent,1,0,0,0,1,932,931,after_check,0,after_middleware,1.0849959217011929,2.8049731627106667,61.35587114840746,58.55089798569679,60.270875226706266,66.43636198714375,68.98099603131413,committed,62.51708984375,EXECUTE,authorization_committed,56.43333587795496,56.45515630021691,0.021820422261953354,4.9171750433743,60.183139983564615,71.51899812743068,55.20368833094835,61.35051092132926,61.37233134359121
213,xair_atomic,1,55.0,50.0,after_release,1,0,0,0,1,934,933,after_check,0,after_middleware,0.9466656483709812,2.331162802875042,65.48366462811828,63.152501825243235,64.5369989797473,70.08459698408842,71.25418074429035,committed,66.76708984375,EXECUTE,authorization_committed,57.148987893015146,57.16682132333517,0.01783343032002449,8.330649696290493,65.51946187391877,73.57283076271415,60.30535977333784,65.47963758930564,65.49747101962566
214,xair_atomic,1,55.0,50.0,concurrent,1,0,0,0,1,936,935,after_check,0,after_middleware,1.203878317028284,2.650903072208166,60.87965704500675,58.228753972798586,59.67577872797847,65.18000504001975,66.47137785330415,committed,61.64599609375,EXECUTE,authorization_committed,55.67846912890673,55.69765530526638,0.019186176359653473,5.196328740566969,60.40544807910919,68.66188766434789,55.42758898809552,60.874797869473696,60.89398404583335
215,xair_atomic,1,55.0,50.0,concurrent,1,0,0,0,1,938,937,after_check,0,after_middleware,1.0886620730161667,2.5010723620653152,60.077962931245565,57.57689056918025,58.9893008582294,64.85928362235427,66.0253306850791,committed,61.160888671875,EXECUTE,authorization_committed,55.61034195125103,55.628566071391106,0.018224120140075684,4.4634537771344185,59.726673644036055,68.25082655996084,54.68819197267294,60.07379572838545,60.092019848525524
216,xair_atomic,1,55.0,50.0,concurrent,1,0,0,0,1,940,939,after_check,0,after_middleware,1.2485422194004059,2.877097111195326,61.27589987590909,58.398802764713764,60.027357656508684,68.19046288728714,69.51241288334131,committed,62.325927734375,EXECUTE,authorization_committed,56.011744774878025,56.03295471519232,0.021209940314292908,5.258564837276936,60.51562400534749,71.82459067553282,55.526052601635456,61.27030961215496,61.29151955246925
217,xair_atomic,1,55.0,50.0,concurrent,1,0,0,0,1,942,941,after_check,0,after_middleware,1.226911786943674,6.1827898025512695,65.58351218700409,59.40072238445282,64.35660040006042,67.1604503877461,68.33795923739672,committed,63.137939453125,EXECUTE,authorization_committed,59.9242951720953,59.943401254713535,0.019106082618236542,5.654748063534498,60.894104186445475,71.80515443906188,55.929089430719614,65.5790432356298,65.59814931824803
218,xair_atomic,1,55.0,50.0,after_release,1,0,0,0,1,944,943,after_check,0,after_middleware,0.9485003538429737,2.3086522705852985,60.59737829491496,58.28872602432966,59.64887794107199,65.2946000918746,66.79669814184308,committed,62.076904296875,EXECUTE,authorization_committed,55.305348709225655,55.31955510377884,0.01420639455318451,5.288292188197374,60.626693069934845,68.80937423557043,55.46338623389602,60.59364089742303,60.60784729197621
219,xair_atomic,1,55.0,50.0,concurrent,1,0,0,0,1,946,945,after_check,0,after_middleware,1.0058870539069176,2.6116990484297276,60.32791221514344,57.716213166713715,59.322025161236525,64.58086147904396,65.92394132167101,committed,61.458984375,EXECUTE,authorization_committed,55.70881627500057,55.72261242195964,0.013796146959066391,4.616220947355032,59.76654915139079,67.99450609833002,54.78528421372175,60.325037222355604,60.33883336931467
220,xair_atomic,0,,50.0,control,1,0,0,0,0,,947,control,0,,1.201174221932888,2.431522123515606,61.088548973202705,58.6570268496871,59.88737475126982,,,committed,62.383056640625,EXECUTE,authorization_committed,56.04215105995536,56.06186809018254,0.019717030227184296,5.0413478165864944,,,55.13743404299021,61.08349887654185,61.10321590676904
221,xair_atomic,1,55.0,50.0,concurrent,1,0,0,0,1,949,948,after_check,0,after_middleware,1.3786572962999344,2.921141218394041,62.33639037236571,59.41524915397167,60.95773307606578,66.66689412668347,67.70429108291864,committed,63.1689453125,EXECUTE,authorization_committed,56.741643231362104,56.759617291390896,0.017974060028791428,5.59086911380291,60.88869413360953,69.82575124129653,55.928457994014025,62.332512345165014,62.350486405193806
222,xair_atomic,1,55.0,50.0,concurrent,1,0,0,0,1,951,950,after_check,0,after_middleware,1.248232088983059,2.8551160357892513,61.24455202370882,58.38943598791957,59.99631993472576,65.32815424725413,66.69588992372155,committed,61.64404296875,EXECUTE,authorization_committed,56.46729888394475,56.489942129701376,0.02264324575662613,4.771823063492775,60.05913810804486,69.0211821347475,55.09805120527744,61.239121947437525,61.26176519319415
223,xair_atomic,1,55.0,50.0,concurrent,1,0,0,0,1,953,952,after_check,0,after_middleware,1.4027212746441364,2.987785264849663,61.15190824493766,58.164122980087996,59.74918697029352,65.15553034842014,66.21756218373775,committed,62.05810546875,EXECUTE,authorization_committed,56.050196290016174,56.066337041556835,0.016140751540660858,5.097344052046537,60.395099222660065,68.85561207309365,55.367807392030954,61.14754034206271,61.16368109360337
224,xair_atomic,0,,50.0,control,1,0,0,0,0,,954,control,0,,1.065548975020647,2.6905080303549767,60.36211643368006,57.67160840332508,59.29656745865941,,,committed,61.68994140625,EXECUTE,authorization_committed,55.75769767165184,55.77672366052866,0.01902598887681961,4.5996494591236115,,,54.68822130933404,60.35734713077545,60.37637311965227
225,xair_atomic,1,55.0,50.0,concurrent,1,0,0,0,1,956,955,after_check,0,after_middleware,1.240517944097519,3.021148033440113,62.40191403776407,59.38076600432396,61.16139609366655,66.55348325148225,67.80011113733053,committed,63.48095703125,EXECUTE,authorization_committed,57.09243193268776,57.114142924547195,0.021710991859436035,5.304412450641394,60.50133844837546,72.03784212470055,55.728433188050985,62.39684438332915,62.41855537518859
226,xair_atomic,1,55.0,50.0,concurrent,1,0,0,0,1,958,957,after_check,0,after_middleware,1.215960830450058,2.7349209412932396,61.30924308672547,58.574322145432234,60.093282256275415,66.34412007406354,67.47689517214894,committed,61.85009765625,EXECUTE,authorization_committed,56.48176604881883,56.50090193375945,0.019135884940624237,4.822919145226479,60.132666025310755,69.59058996289968,55.14760408550501,61.304685194045305,61.32382107898593
227,xair_atomic,1,55.0,50.0,concurrent,1,0,0,0,1,960,959,after_check,0,after_middleware,1.2357691302895546,2.7079107239842415,61.12366495653987,58.41575423255563,59.887895826250315,65.42943278327584,66.86609797179699,committed,61.781982421875,EXECUTE,authorization_committed,56.39689741656184,56.41476018354297,0.017862766981124878,4.7224597074091434,59.999966993927956,69.30487370118499,55.00495480373502,61.119357123970985,61.13721989095211
228,xair_atomic,1,55.0,50.0,concurrent,1,0,0,0,1,962,961,after_check,0,after_middleware,1.3901791535317898,2.8317333199083805,61.32513331249356,58.49339999258518,59.93495415896177,64.75139129906893,65.93492114916444,committed,63.154052734375,EXECUTE,authorization_committed,56.47393083199859,56.496493984013796,0.022563152015209198,4.845150280743837,60.00503618270159,68.0644460953772,55.03057315945625,61.319081112742424,61.34164426475763
229,xair_atomic,1,55.0,50.0,concurrent,1,0,0,0,1,964,963,after_check,0,after_middleware,1.0493691079318523,2.4165743961930275,61.14942440763116,58.73285001143813,60.10005529969931,64.97471034526825,66.22658902779222,committed,62.155029296875,EXECUTE,authorization_committed,55.977108888328075,55.990505032241344,0.013396143913269043,5.169058218598366,60.37047225981951,68.29823600128293,55.419513024389744,61.14616710692644,61.15956325083971
230,xair_atomic,1,55.0,50.0,concurrent,1,0,0,0,1,966,965,after_check,0,after_middleware,1.2050601653754711,2.656784374266863,62.31772527098656,59.660940896719694,61.112665105611086,66.31223019212484,67.4408869817853,committed,62.927978515625,EXECUTE,authorization_committed,56.73544155433774,56.75604101270437,0.02059945836663246,5.578045267611742,60.864618979394436,69.53086797147989,55.894013959914446,62.31348682194948,62.334086280316114
231,xair_atomic,1,55.0,50.0,concurrent,1,0,0,0,1,968,967,after_check,0,after_middleware,1.3508936390280724,2.8993389569222927,61.65257701650262,58.753238059580326,60.301683377474546,65.64804306253791,66.79133838042617,committed,62.243896484375,EXECUTE,authorization_committed,56.79335072636604,56.807477958500385,0.014127232134342194,4.855599254369736,60.07595919072628,69.27954638376832,55.10478327050805,61.64894998073578,61.66307721287012
232,xair_atomic,1,55.0,50.0,concurrent,1,0,0,0,1,970,969,after_check,0,after_middleware,1.3617351651191711,2.788661979138851,61.040960252285004,58.25229827314615,59.67922508716583,65.33224042505026,66.47434318438172,committed,62.216064453125,EXECUTE,authorization_committed,55.77732529491186,55.795338936150074,0.018013641238212585,5.258555058389902,60.433941427618265,68.71803337708116,55.49253011122346,61.03588035330176,61.053893994539976
233,xair_atomic,1,55.0,50.0,concurrent,1,0,0,0,1,972,971,after_check,0,after_middleware,1.0208459571003914,2.359496895223856,60.73884293437004,58.379346039146185,59.71799697726965,64.39484190195799,65.47616003081203,committed,61.199951171875,EXECUTE,authorization_committed,55.951631627976894,55.96964480355382,0.018013175576925278,4.7829230315983295,59.957476798444986,67.26853270083666,55.0039429217577,60.734554659575224,60.75256783515215
234,xair_atomic,0,,50.0,control,1,0,0,0,0,,973,control,0,,1.5781708061695099,3.0574658885598183,61.3774205558002,58.31995466724038,59.79924974963069,,,committed,61.93701171875,EXECUTE,authorization_committed,56.06492469087243,56.09277682378888,0.0278521329164505,5.304310936480761,,,55.38739264011383,61.36923562735319,61.39708776026964
235,xair_atomic,0,,50.0,control,1,0,0,0,0,,974,control,0,,1.219789031893015,2.580741886049509,61.34828692302108,58.76754503697157,60.12849789112806,,,committed,62.22705078125,EXECUTE,authorization_committed,55.71650108322501,55.73232099413872,0.015819910913705826,5.628068931400776,,,55.707924999296665,61.34457001462579,61.360389925539494
236,xair_atomic,1,55.0,50.0,concurrent,1,0,0,0,1,976,975,after_check,0,after_middleware,1.4830920845270157,2.98195518553257,61.719383113086224,58.737427927553654,60.23629102855921,67.04085692763329,68.2125948369503,committed,62.450927734375,EXECUTE,authorization_committed,56.35127192363143,56.37292331084609,0.021651387214660645,5.363722797483206,60.67000376060605,70.66766079515219,55.69492978975177,61.714994721114635,61.736646108329296
237,xair_atomic,0,,50.0,control,1,0,0,0,0,,977,control,0,,1.1021969839930534,2.6230206713080406,63.81119694560766,61.18817627429962,62.70899996161461,,,committed,64.632080078125,EXECUTE,authorization_committed,55.95987709239125,55.97372306510806,0.013845972716808319,7.847914006561041,,,57.936075143516064,63.80779109895229,63.8216370716691
238,xair_atomic,1,55.0,50.0,concurrent,1,0,0,0,1,979,978,after_check,0,after_middleware,1.0542976669967175,2.619885839521885,61.552600003778934,58.93271416425705,60.49830233678222,65.99282007664442,67.34039820730686,committed,63.075927734375,EXECUTE,authorization_committed,56.24164501205087,56.26250524073839,0.020860228687524796,5.306065082550049,60.59431238099933,69.25995042547584,55.60587299987674,61.547710094600916,61.56857032328844
239,xair_atomic,0,,50.0,control,1,0,0,0,0,,980,control,0,,0.9840270504355431,2.346503082662821,60.23762281984091,57.89111973717809,59.253595769405365,,,committed,61.552978515625,EXECUTE,authorization_committed,55.46258436515927,55.47833302989602,0.01574866473674774,4.770830739289522,,,54.853330831974745,60.233415104448795,60.24916376918554
240,xair_atomic,1,60.0,50.0,after_release,1,0,0,0,1,982,981,after_check,0,after_middleware,0.9504128247499466,2.4718078784644604,60.22361712530255,57.75180924683809,59.27320430055261,69.95051633566618,71.32939342409372,committed,61.06689453125,EXECUTE,authorization_committed,55.7430200278759,55.76054332777858,0.017523299902677536,4.476739093661308,64.68808325007558,73.6698741093278,54.706907365471125,60.21975912153721,60.237282421439886
241,xair_atomic,1,60.0,50.0,after_release,1,0,0,0,1,984,983,after_check,0,after_middleware,1.212684903293848,2.855817787349224,60.856152791529894,58.00033500418067,59.643467888236046,69.61223110556602,70.8821527659893,committed,61.696044921875,EXECUTE,authorization_committed,55.98655715584755,56.00479105487466,0.018233899027109146,4.865447990596294,65.04108384251595,72.84066686406732,55.06435688585043,60.852005146443844,60.87023904547095
242,xair_atomic,0,,50.0,control,1,0,0,0,0,,985,control,0,,1.0496387258172035,2.5806808844208717,62.3003919608891,59.71971107646823,61.2507532350719,,,committed,64.02587890625,EXECUTE,authorization_committed,56.819218676537275,56.838384829461575,0.01916615292429924,5.476164165884256,,,55.57078681886196,62.29538284242153,62.31454899534583
243,xair_atomic,1,60.0,50.0,after_release,1,0,0,0,1,987,986,after_check,0,after_middleware,0.9946860373020172,2.613713964819908,61.73189636319876,59.11818239837885,60.73721032589674,70.6365923397243,71.8216453678906,committed,63.072998046875,EXECUTE,authorization_committed,56.18501966819167,56.20308266952634,0.018063001334667206,5.542488303035498,65.8592190593481,73.60596302896738,55.89414434507489,61.72750797122717,61.745570972561836
244,xair_atomic,0,,50.0,control,1,0,0,0,0,,988,control,0,,0.9970297105610371,2.537038642913103,60.61699381098151,58.07995516806841,59.619964100420475,,,committed,62.10400390625,EXECUTE,authorization_committed,55.922537576407194,55.936803575605154,0.0142659991979599,4.6913111582398415,,,54.77592581883073,60.613848734647036,60.628114733844995
245,xair_atomic,1,60.0,50.0,after_release,1,0,0,0,1,990,989,after_check,0,after_middleware,1.237673219293356,2.9777074232697487,60.78399810940027,57.806290686130524,59.546324890106916,70.38246467709541,71.49963080883026,committed,61.68310546875,EXECUTE,authorization_committed,56.17961008101702,56.20320374146104,0.023593660444021225,4.598055966198444,64.83166106045246,73.87360511347651,54.856796748936176,60.77766604721546,60.80125970765948
246,xair_atomic,1,60.0,50.0,after_release,1,0,0,0,1,992,991,after_check,0,after_middleware,1.238904893398285,2.7061370201408863,60.61985995620489,57.913722936064005,59.380955062806606,71.12409686669707,72.36849190667272,committed,61.58203125,EXECUTE,authorization_committed,55.70210423320532,55.724035017192364,0.021930783987045288,4.912355914711952,65.14808489009738,74.56083502620459,55.161179043352604,60.61446014791727,60.636390931904316
247,xair_atomic,1,60.0,50.0,after_release,1,0,0,0,1,994,993,after_check,0,after_middleware,1.1797230690717697,2.4494859389960766,60.292936861515045,57.84345092251897,59.113213792443275,70.85784804075956,72.08294607698917,committed,61.986083984375,EXECUTE,authorization_committed,55.579202715307474,55.59707572683692,0.017873011529445648,4.709355998784304,64.89584175869823,74.55802988260984,54.91429567337036,60.28855871409178,60.30643172562122
248,xair_atomic,1,60.0,50.0,after_release,1,0,0,0,1,996,995,after_check,0,after_middleware,1.3199257664382458,3.019354771822691,60.646390076726675,57.627035304903984,59.32646431028843,70.07931731641293,71.04026013985276,committed,61.715087890625,EXECUTE,authorization_committed,56.030749808996916,56.05326173827052,0.022511929273605347,4.60975943133235,64.78234007954597,73.09747999534011,54.79274829849601,60.640509240329266,60.66302116960287
249,xair_atomic,1,60.0,50.0,after_release,1,0,0,0,1,998,997,after_check,0,after_middleware,0.9579970501363277,2.333077136427164,59.69108687713742,57.35800974071026,58.733089827001095,69.63348994031549,70.74445392936468,committed,61.23193359375,EXECUTE,authorization_committed,55.34631619229913,55.365633219480515,0.019317027181386948,4.339770879596472,64.53763972967863,72.745808865875,54.55998983234167,59.6860870718956,59.705404099076986
250,xair_atomic,0,,50.0,control,1,0,0,0,0,,999,control,0,,1.2697218917310238,2.8966940008103848,60.53252564743161,57.63583164662123,59.26280375570059,,,committed,61.35888671875,EXECUTE,authorization_committed,55.872753728181124,55.88974570855498,0.016991980373859406,4.655553959310055,,,54.7614386305213,60.52830768749118,60.54529966786504
251,xair_atomic,1,60.0,50.0,after_release,1,0,0,0,1,1001,1000,after_check,0,after_middleware,0.9654420427978039,2.408148255199194,59.991721995174885,57.58357373997569,59.02627995237708,69.7665698826313,70.99274080246687,committed,61.159912109375,EXECUTE,authorization_committed,55.35320891067386,55.370451882481575,0.017242971807718277,4.634554963558912,64.8323530331254,73.36092367768288,54.84870309010148,59.98776387423277,60.00500684604049
252,xair_atomic,1,60.0,50.0,after_release,1,0,0,0,1,1003,1002,after_check,0,after_middleware,1.053656917065382,2.1870029158890247,59.57024125382304,57.38323833793402,58.51658433675766,70.17272291705012,71.17479294538498,committed,60.7451171875,EXECUTE,authorization_committed,55.12036196887493,55.1370931789279,0.01673121005296707,4.446112085133791,64.67808410525322,73.36814794689417,54.697159212082624,59.56647405400872,59.58320526406169
253,xair_atomic,1,60.0,50.0,after_release,1,0,0,0,1,1005,1004,after_check,0,after_middleware,1.097018364816904,2.412476111203432,59.73356729373336,57.321091182529926,58.636548928916454,69.79478290304542,71.14617805927992,committed,61.512939453125,EXECUTE,authorization_committed,55.59326894581318,55.610462091863155,0.01719314604997635,4.136430099606514,64.43495722487569,73.47001787275076,54.446067195385695,59.72969904541969,59.74689219146967
254,xair_atomic,0,,50.0,control,1,0,0,0,0,,1006,control,0,,1.3156281784176826,2.710214350372553,62.49620020389557,59.785985853523016,61.180572025477886,,,committed,63.35595703125,EXECUTE,authorization_committed,56.30163801833987,56.32427101954818,0.02263300120830536,6.188711151480675,,,56.292731780558825,62.49034916982055,62.51298217102885
255,xair_atomic,1,60.0,50.0,after_release,1,0,0,0,1,1008,1007,after_check,0,after_middleware,2.222750335931778,3.5591782070696354,62.44383193552494,58.884653728455305,60.22108159959316,70.92179683968425,72.11315259337425,committed,62.43505859375,EXECUTE,authorization_committed,56.72525288537145,56.75528012216091,0.03002723678946495,5.713598802685738,65.90492464601994,74.6550508774817,55.90368201956153,62.438851688057184,62.46887892484665
256,xair_atomic,1,60.0,50.0,concurrent,1,0,0,0,1,1010,1009,after_check,0,after_middleware,1.5856549143791199,3.3748107962310314,67.8153089247644,64.44049812853336,66.22965401038527,71.49154646322131,73.17956304177642,committed,69.23095703125,EXECUTE,authorization_committed,62.09670007228851,62.11929302662611,0.022592954337596893,5.712316837161779,66.08620472252369,75.96472883597016,56.13214988261461,67.80901690945029,67.83160986378789
257,xair_atomic,1,60.0,50.0,after_release,1,0,0,0,1,1012,1011,after_check,0,after_middleware,1.0822098702192307,2.5813221000134945,62.23692325875163,59.655601158738136,61.1547133885324,71.78039802238345,73.06997803971171,committed,64.531005859375,EXECUTE,authorization_committed,55.987049359828234,56.006725411862135,0.019676052033901215,6.24460494145751,66.55755918473005,74.99172305688262,56.52296310290694,62.231654301285744,62.251330353319645
258,xair_atomic,1,60.0,50.0,after_release,1,0,0,0,1,1014,1013,after_check,0,after_middleware,0.9696502238512039,2.3612910881638527,59.96860796585679,57.60731687769294,58.99895774200559,69.41836606711149,70.53641369566321,committed,61.717041015625,EXECUTE,authorization_committed,55.15938485041261,55.17550511285663,0.016120262444019318,4.805164877325296,64.98449807986617,72.54805788397789,54.99961506575346,59.964549727737904,59.98066999018192
259,xair_atomic,0,,50.0,control,1,0,0,0,0,,1015,control,0,,1.1177370324730873,2.6471270248293877,59.865294955670834,57.218167930841446,58.747557923197746,,,committed,60.967041015625,EXECUTE,authorization_committed,55.464108008891344,55.4801682010293,0.01606019213795662,4.3979608453810215,,,54.47963112965226,59.862068854272366,59.87812904641032
260,xair_atomic,1,60.0,50.0,after_release,1,0,0,0,1,1017,1016,after_check,0,after_middleware,1.069126185029745,2.4953223764896393,60.365413315594196,57.87009093910456,59.29628713056445,69.33212513104081,70.54983032867312,committed,61.9599609375,EXECUTE,authorization_committed,55.62249477952719,55.641098879277706,0.0186040997505188,4.739201162010431,64.91488823667169,72.41616118699312,54.932480212301016,60.36169594153762,60.38030004128814
261,xair_atomic,0,,50.0,control,1,0,0,0,0,,1018,control,0,,1.0337596759200096,2.4183569476008415,60.47621089965105,58.05785395205021,59.44245122373104,,,committed,61.64404296875,EXECUTE,authorization_committed,55.42182782664895,55.44133484363556,0.019507016986608505,5.049894098192453,,,55.12491101399064,60.471721924841404,60.49122894182801
262,xair_atomic,1,60.0,50.0,after_release,1,0,0,0,1,1020,1019,after_check,0,after_middleware,1.094052568078041,2.6046568527817726,59.33580081909895,56.73114396631718,58.24174825102091,69.53609781339765,70.8004399202764,committed,60.035888671875,EXECUTE,authorization_committed,55.31458696350455,55.331818759441376,0.01723179593682289,4.0169162675738335,64.25896706059575,72.71626405417919,54.27047796547413,59.331503231078386,59.34873502701521
263,xair_atomic,1,60.0,50.0,after_release,1,0,0,0,1,1022,1021,after_check,0,after_middleware,0.8952696807682514,2.0973249338567257,59.22053474932909,57.123209815472364,58.32526506856084,69.22594597563148,70.43057586997747,committed,59.9189453125,EXECUTE,authorization_committed,54.71693491563201,54.7321829944849,0.015248078852891922,4.499842878431082,64.64662496000528,72.93327199295163,54.656341671943665,59.21677779406309,59.23202587291598
264,xair_atomic,0,,50.0,control,1,0,0,0,0,,1023,control,0,,1.0056262835860252,2.5918022729456425,59.89297619089484,57.3011739179492,58.88734990730882,,,committed,60.594970703125,EXECUTE,authorization_committed,55.22163212299347,55.237933062016964,0.01630093902349472,4.667607136070728,,,54.74111111834645,59.8892392590642,59.90554019808769
265,xair_atomic,1,60.0,50.0,after_release,1,0,0,0,1,1025,1024,after_check,0,after_middleware,1.1104829609394073,2.738106995820999,59.81896724551916,57.08086024969816,58.708484284579754,69.3096830509603,70.55512024089694,committed,60.804931640625,EXECUTE,authorization_committed,55.250235833227634,55.265945848077536,0.0157100148499012,4.565355367958546,64.71541430801153,72.36662833020091,54.724309127777815,59.81559120118618,59.83130121603608
266,xair_atomic,1,60.0,50.0,after_release,1,0,0,0,1,1027,1026,after_check,0,after_middleware,1.0323459282517433,2.4964730255305767,60.17271103337407,57.676238007843494,59.14036510512233,69.5370202884078,70.64309529960155,committed,60.658935546875,EXECUTE,authorization_committed,55.25274993851781,55.269100703299046,0.01635076478123665,4.916134290397167,65.07127219811082,72.40833714604378,55.08546717464924,60.168884228914976,60.18523499369621
267,xair_atomic,1,60.0,50.0,after_release,1,0,0,0,1,1029,1028,after_check,0,after_middleware,1.2149689719080925,2.779854927212,60.71584997698665,57.93599504977465,59.500881005078554,70.13616384938359,71.2497029453516,committed,61.902099609375,EXECUTE,authorization_committed,56.034998036921024,56.05413392186165,0.019135884940624237,4.675352014601231,64.92372509092093,73.3009809628129,54.94253896176815,60.710350051522255,60.72948593646288
268,xair_atomic,0,,50.0,control,1,0,0,0,0,,1030,control,0,,1.160056795924902,2.4148807860910892,60.47818390652537,58.063303120434284,59.31812711060047,,,committed,62.216064453125,EXECUTE,authorization_committed,55.63295306637883,55.651016999036074,0.01806393265724182,4.841323010623455,,,54.931637831032276,60.47427607700229,60.49234000965953
269,xair_atomic,1,60.0,50.0,after_release,1,0,0,0,1,1032,1031,after_check,0,after_middleware,1.2209606356918812,3.0036447569727898,62.746339943259954,59.742695186287165,61.52537930756807,72.0145283266902,73.54446826502681,committed,64.368896484375,EXECUTE,authorization_committed,56.48481193929911,56.5011533908546,0.016341451555490494,6.2574599869549274,66.60654209554195,75.85012400522828,56.62545608356595,62.742271926254034,62.758613377809525
270,xair_atomic,0,,50.0,control,1,0,0,0,0,,1033,control,0,,1.2670783326029778,2.7861581183969975,60.575657058507204,57.78949894011021,59.308578725904226,,,committed,61.76806640625,EXECUTE,authorization_committed,55.68635417148471,55.71268405765295,0.0263298861682415,4.882218781858683,,,54.928140714764595,60.56857295334339,60.59490283951163
271,xair_atomic,1,60.0,50.0,after_release,1,0,0,0,1,1035,1034,after_check,0,after_middleware,0.9941151365637779,2.563419286161661,60.215982142835855,57.652562856674194,59.22186700627208,69.64313797652721,70.6702247262001,committed,61.5400390625,EXECUTE,authorization_committed,56.1314788646996,56.144383270293474,0.01290440559387207,4.081837832927704,64.36213990673423,72.93973304331303,54.37171692028642,60.213316697627306,60.22622110322118
272,xair_atomic,0,,50.0,control,1,0,0,0,0,,1036,control,0,,1.5117661096155643,3.0538090504705906,62.77946196496487,59.725652914494276,61.2676958553493,,,committed,64.201904296875,EXECUTE,authorization_committed,57.78330797329545,57.823213282972574,0.03990530967712402,4.985693842172623,,,55.08523713797331,62.76900181546807,62.8089071251452
273,xair_atomic,1,60.0,50.0,after_release,1,0,0,0,1,1038,1037,after_check,0,after_middleware,1.1849729344248772,2.7303420938551426,61.12242303788662,58.39208094403148,59.93745010346174,70.86522225290537,72.10631016641855,committed,61.8779296875,EXECUTE,authorization_committed,56.11014924943447,56.12809304147959,0.017943792045116425,5.007435102015734,65.33277221024036,74.16867930442095,55.34700816497207,61.117584351450205,61.13552814349532
274,xair_atomic,1,60.0,50.0,after_release,1,0,0,0,1,1040,1039,after_check,0,after_middleware,1.3178931549191475,2.844617236405611,61.491696164011955,58.647078927606344,60.17380300909281,70.87451918050647,72.40527123212814,committed,62.77197265625,EXECUTE,authorization_committed,56.54519470408559,56.56931968405843,0.024124979972839355,4.940680228173733,65.23493817076087,74.96927119791508,55.272447876632214,61.48587493225932,61.50999991223216
275,xair_atomic,1,60.0,50.0,after_release,1,0,0,0,1,1042,1041,after_check,0,after_middleware,0.9756903164088726,2.55641620606184,60.93016220256686,58.37374599650502,59.95447188615799,70.46024221926928,71.5478421188891,committed,61.837890625,EXECUTE,authorization_committed,55.645558051764965,55.66505389288068,0.01949584111571312,5.28066698461771,65.45457011088729,73.97322217002511,55.48469629138708,60.926225036382675,60.94572087749839
276,xair_atomic,1,60.0,50.0,after_release,1,0,0,0,1,1044,1043,after_check,0,after_middleware,1.0573836043477058,2.7864379808306694,62.68510362133384,59.89866564050317,61.62772001698613,70.14313573017716,71.41832867637277,committed,64.25,EXECUTE,authorization_committed,57.58486595004797,57.60233895853162,0.0174730084836483,5.095849744975567,65.25907292962074,73.65699857473373,55.292744655162096,62.68071569502354,62.698188703507185
277,xair_atomic,1,60.0,50.0,after_release,1,0,0,0,1,1046,1045,after_check,0,after_middleware,1.1725397780537605,2.7088019996881485,61.08258804306388,58.37378604337573,59.91004826501012,70.06187411025167,71.22192019596696,committed,61.6240234375,EXECUTE,authorization_committed,55.94897689297795,55.96286291256547,0.013886019587516785,5.130505189299583,65.32478611916304,73.48368316888809,55.34841027110815,61.079482082277536,61.09336810186505
278,xair_atomic,1,60.0,50.0,after_release,1,0,0,0,1,1048,1047,after_check,0,after_middleware,1.0529961436986923,2.7367048896849155,60.431265737861395,57.69456084817648,59.3782695941627,69.22742770984769,70.14838559553027,committed,61.402099609375,EXECUTE,authorization_committed,55.89811131358147,55.91511307284236,0.017001759260892868,4.529096651822329,64.71402058377862,72.45297962799668,54.731532000005245,60.427207965403795,60.44420972466469
279,xair_atomic,1,60.0,50.0,after_release,1,0,0,0,1,1050,1049,after_check,0,after_middleware,1.4155362732708454,3.2731909304857254,62.71631410345435,59.443123172968626,61.300777830183506,70.55072207003832,72.15945981442928,committed,63.98291015625,EXECUTE,authorization_committed,57.871764060109854,57.89238307625055,0.020619016140699387,4.839629866182804,65.13468082994223,74.4902128353715,55.15637015923858,62.71139392629266,62.73201294243336
280,xair_atomic,1,100.0,50.0,after_release,1,0,0,0,1,1052,1051,after_check,0,after_middleware,0.9204661473631859,2.4650939740240574,61.21550686657429,58.75041289255023,60.2950407192111,112.13432671502233,113.39281778782606,committed,63.0869140625,EXECUTE,authorization_committed,56.013176683336496,56.02993909269571,0.01676240935921669,5.1984828896820545,105.66043062135577,115.83585198968649,55.50090596079826,61.21165957301855,61.22842198237777
281,xair_atomic,1,100.0,50.0,after_release,1,0,0,0,1,1054,1053,after_check,0,after_middleware,0.9599407203495502,2.285297028720379,59.614482801407576,57.3291857726872,58.654542081058025,110.06023501977324,111.63559090346098,committed,60.9130859375,EXECUTE,authorization_committed,54.989506024867296,55.01008499413729,0.02057896926999092,4.620127845555544,104.82754791155457,113.55140479281545,54.839744698256254,59.60963387042284,59.63021283969283
282,xair_atomic,1,100.0,50.0,after_release,1,0,0,0,1,1056,1055,after_check,0,after_middleware,1.3345838524401188,2.874573227018118,61.41670513898134,58.542131911963224,60.08212128654122,111.00957728922367,112.2290650382638,committed,62.40087890625,EXECUTE,authorization_committed,56.12769164144993,56.146597024053335,0.018905382603406906,5.2841342985630035,105.49976024776697,114.75053522735834,55.50855118781328,61.41182594001293,61.43073132261634
283,xair_atomic,1,100.0,50.0,after_release,1,0,0,0,1,1058,1057,after_check,0,after_middleware,1.207496039569378,2.7265860699117184,60.42066588997841,57.69407982006669,59.21316985040903,110.10654224082828,111.28657590597868,committed,61.258056640625,EXECUTE,authorization_committed,55.71040930226445,55.72664923965931,0.016239937394857407,4.706048872321844,104.89328112453222,113.14261797815561,54.90239290520549,60.416458174586296,60.43269811198115
284,xair_atomic,1,100.0,50.0,after_release,1,0,0,0,1,1060,1059,after_check,0,after_middleware,1.032607164233923,2.424749080091715,59.97801572084427,57.553266640752554,58.945408556610346,110.42064195498824,111.85521306470037,committed,61.654052734375,EXECUTE,authorization_committed,55.62894605100155,55.64528703689575,0.016340985894203186,4.344971850514412,104.66452268883586,114.13080291822553,54.67597860842943,59.97391790151596,59.990258887410164
285,xair_atomic,1,100.0,50.0,after_release,1,0,0,0,1,1062,1061,after_check,0,after_middleware,1.315657515078783,2.9154587537050247,63.182055950164795,60.26659719645977,61.86639843508601,111.40537913888693,112.66963090747595,committed,63.93896484375,EXECUTE,authorization_committed,58.278847951442,58.309003710746765,0.030155759304761887,4.895835183560848,105.18151195719838,115.28181191533804,55.18383113667369,63.17468313500285,63.20483889430761
286,xair_atomic,0,,50.0,control,1,0,0,0,0,,1063,control,0,,1.0085618123412132,3.0836649239063263,61.15642609074712,58.07276116684079,60.147864278405905,,,committed,62.214111328125,EXECUTE,authorization_committed,56.05515604838729,56.06880132108927,0.013645272701978683,5.0983550027012825,,,55.175404995679855,61.15351105108857,61.16715632379055
287,xair_atomic,1,100.0,50.0,after_release,1,0,0,0,1,1065,1064,after_check,0,after_middleware,1.1674701236188412,2.523875329643488,66.92365696653724,64.39978163689375,65.7561868429184,116.64983863011003,117.80012724921107,committed,68.117919921875,EXECUTE,authorization_committed,55.95050984993577,55.96788180992007,0.01737195998430252,10.968809016048908,111.25498777255416,120.18865766003728,61.27495877444744,66.91931886598468,66.93669082596898
288,xair_atomic,1,100.0,50.0,after_release,1,0,0,0,1,1067,1066,after_check,0,after_middleware,1.219156663864851,2.6577156968414783,64.07719571143389,61.41948001459241,62.85803904756904,110.63597584143281,111.85358976945281,committed,65.533935546875,EXECUTE,authorization_committed,59.20854210853577,59.225935023278,0.01739291474223137,4.864546004682779,105.07726669311523,114.40798174589872,55.08389277383685,64.07308811321855,64.09048102796078
289,xair_atomic,0,,50.0,control,1,0,0,0,0,,1068,control,0,,1.0104961693286896,2.3101642727851868,59.92673011496663,57.616565842181444,58.91623394563794,,,committed,61.18896484375,EXECUTE,authorization_committed,55.04587199538946,55.06440717726946,0.018535181879997253,4.876318853348494,,,54.954069666564465,59.922190848737955,59.94072603061795
290,xair_atomic,1,100.0,50.0,after_release,1,0,0,0,1,1070,1069,after_check,0,after_middleware,1.040962990373373,2.3738830350339413,61.87573587521911,59.501852840185165,60.834772884845734,113.11813304200768,114.34749886393547,committed,63.7490234375,EXECUTE,authorization_committed,55.470287799835205,55.486227851361036,0.015940051525831223,6.401219870895147,106.88222385942936,116.36167811229825,56.6667839884758,61.87150767073035,61.887447722256184
291,xair_atomic,0,,50.0,control,1,0,0,0,0,,1071,control,0,,0.8548540063202381,2.1656029857695103,60.487651731818914,58.322048746049404,59.632797725498676,,,committed,62.055908203125,EXECUTE,authorization_committed,55.271856021136045,55.2913430146873,0.019486993551254272,5.211446899920702,,,55.26862991973758,60.48330292105675,60.502789914608
292,xair_atomic,1,100.0,50.0,after_release,1,0,0,0,1,1073,1072,after_check,0,after_middleware,1.09891127794981,2.778502181172371,61.25548202544451,58.47697984427214,60.1565707474947,111.17061879485846,112.20507975667715,committed,61.989990234375,EXECUTE,authorization_committed,56.00729584693909,56.02459888905287,0.017303042113780975,5.244349129498005,105.57101387530565,114.48729084804654,55.58551475405693,61.25164497643709,61.26894801855087
293,xair_atomic,1,100.0,50.0,after_release,1,0,0,0,1,1075,1074,after_check,0,after_middleware,1.091639045625925,2.566085197031498,60.27224799618125,57.70616279914975,59.180608950555325,110.50834599882364,112.04782500863075,committed,61.368896484375,EXECUTE,authorization_committed,56.016854010522366,56.038674898445606,0.02182088792324066,4.250254016369581,104.5418418943882,114.48966572061181,54.54005300998688,60.26710802689195,60.28892891481519
294,xair_atomic,1,100.0,50.0,after_release,1,0,0,0,1,1077,1076,after_check,0,after_middleware,1.2246579863131046,3.0497321859002113,61.695258133113384,58.64552594721317,60.47060014680028,110.80428212881088,112.02132515609264,committed,63.02392578125,EXECUTE,authorization_committed,56.58991914242506,56.6200059838593,0.03008684143424034,5.101962015032768,105.30165815725923,114.216233137995,55.329935159534216,61.69188115745783,61.72196799889207
295,xair_atomic,0,,50.0,control,1,0,0,0,0,,1078,control,0,,1.1629816144704819,2.635273616760969,60.073754750192165,57.438481133431196,58.91077313572168,,,committed,61.10595703125,EXECUTE,authorization_committed,55.34183792769909,55.36892917007208,0.027091242372989655,4.726035986095667,,,54.80743478983641,60.067873913794756,60.094965156167746
296,xair_atomic,0,,50.0,control,1,0,0,0,0,,1079,control,0,,1.104211900383234,2.696719951927662,60.75308006256819,58.056360110640526,59.648868162184954,,,committed,61.804931640625,EXECUTE,authorization_committed,56.07271892949939,56.091143283993006,0.01842435449361801,4.675582051277161,,,54.75803231820464,60.74830098077655,60.766725335270166
297,xair_atomic,1,100.0,50.0,after_release,1,0,0,0,1,1081,1080,after_check,0,after_middleware,0.8402974344789982,2.433456014841795,60.727532021701336,58.29407600685954,59.88723458722234,111.70368874445558,112.79384372755885,committed,61.43701171875,EXECUTE,authorization_committed,55.440752767026424,55.45359663665295,0.012843869626522064,5.283792968839407,105.51206301897764,115.18235458061099,55.48460502177477,60.72454573586583,60.73738960549235
298,xair_atomic,1,100.0,50.0,after_release,1,0,0,0,1,1083,1082,after_check,0,after_middleware,0.9014210663735867,2.2644284181296825,60.06606109440327,57.801632676273584,59.16464002802968,110.68573966622353,111.7466096766293,committed,61.18408203125,EXECUTE,authorization_committed,55.260153952986,55.27930986136198,0.01915590837597847,4.801197908818722,105.05808191373944,114.33878308162093,55.05209369584918,60.061351861804724,60.0805077701807
299,xair_atomic,0,,50.0,control,1,0,0,0,0,,1084,control,0,,0.9951568208634853,2.651945687830448,61.07489392161369,58.422948233783245,60.07973710075021,,,committed,62.930908203125,EXECUTE,authorization_committed,56.040077935904264,56.062831077724695,0.022753141820430756,5.029655992984772,,,55.12032192200422,61.069733928889036,61.09248707070947
300,xair_atomic,0,,50.0,control,1,0,0,0,0,,1085,control,0,,0.9782747365534306,2.313510049134493,61.13500567153096,58.82149562239647,60.15673093497753,,,committed,63.156982421875,EXECUTE,authorization_committed,55.37007097154856,55.3893968462944,0.019325874745845795,5.759736057370901,,,55.839791893959045,61.12980702891946,61.149132903665304
301,xair_atomic,1,100.0,50.0,after_release,1,0,0,0,1,1087,1086,after_check,0,after_middleware,1.0137720964848995,2.443114295601845,60.61845738440752,58.175343088805676,59.60468528792262,110.08000234141946,111.2481839954853,committed,61.5400390625,EXECUTE,authorization_committed,55.763217620551586,55.79040898010135,0.02719135954976082,4.849658347666264,105.07513303309679,113.92232123762369,55.06659112870693,60.61287596821785,60.64006732776761
302,xair_atomic,1,100.0,50.0,after_release,1,0,0,0,1,1089,1088,after_check,0,after_middleware,0.9648902341723442,2.436851616948843,60.07026927545667,57.633417658507824,59.10537904128432,110.04954623058438,111.26888403669,committed,61.7060546875,EXECUTE,authorization_committed,55.44070294126868,55.45998038724065,0.01927744597196579,4.62440587580204,104.90632709115744,113.450997043401,54.945013020187616,60.06510881707072,60.08438626304269
303,xair_atomic,1,100.0,50.0,after_release,1,0,0,0,1,1091,1090,after_check,0,after_middleware,1.1440571397542953,2.820781897753477,60.63246401026845,57.81168211251497,59.488406870514154,110.47674668952823,111.8789380416274,committed,61.846923828125,EXECUTE,authorization_committed,56.04932503774762,56.07689684256911,0.02757180482149124,4.576365929096937,104.7860006801784,114.26418274641037,54.810750763863325,60.62569096684456,60.65326277166605
304,xair_atomic,1,100.0,50.0,after_release,1,0,0,0,1,1093,1092,after_check,0,after_middleware,1.0771113447844982,2.5709839537739754,60.38954807445407,57.818564120680094,59.31243672966957,110.84770318120718,112.02564323320985,committed,61.943115234375,EXECUTE,authorization_committed,55.37564214318991,55.39981694892049,0.024174805730581284,5.007864907383919,105.23313004523516,114.22335589304566,55.227022152394056,60.383507050573826,60.40768185630441
305,xair_atomic,1,100.0,50.0,after_release,1,0,0,0,1,1095,1094,after_check,0,after_middleware,0.9082839824259281,2.3819180205464363,60.807440895587206,58.42552287504077,59.89915691316128,111.24718189239502,112.478232011199,committed,62.10498046875,EXECUTE,authorization_committed,55.534268729388714,55.55828381329775,0.02401508390903473,5.267561879009008,105.63326999545097,115.17239594832063,55.640877690166235,60.80183060839772,60.82584569230676
306,xair_atomic,1,100.0,50.0,after_release,1,0,0,0,1,1097,1096,after_check,0,after_middleware,1.3591400347650051,2.6848171837627888,61.56343035399914,58.87861317023635,60.20429031923413,111.92628601565957,113.09710331261158,committed,62.1708984375,EXECUTE,authorization_committed,56.22274009510875,56.24923016875982,0.026490073651075363,5.335059016942978,105.64882913604379,115.5446651391685,55.65633811056614,61.557799112051725,61.5842891857028
307,xair_atomic,1,100.0,50.0,after_release,1,0,0,0,1,1099,1098,after_check,0,after_middleware,0.9822631254792213,2.425961196422577,60.76010316610336,58.334141969680786,59.77784004062414,110.66118301823735,111.92330112680793,committed,62.591064453125,EXECUTE,authorization_committed,55.754070635885,55.773486848920584,0.019416213035583496,5.001955199986696,105.32184597104788,114.27941219881177,55.3234638646245,60.7560258358717,60.77544204890728
308,xair_atomic,0,,50.0,control,1,0,0,0,0,,1100,control,0,,1.0222680866718292,2.3194807581603527,59.99725079163909,57.67777003347874,58.97498270496726,,,committed,61.18896484375,EXECUTE,authorization_committed,55.01588620245457,55.03733595833182,0.021449755877256393,4.976736847311258,,,55.058545898646116,59.992623049765825,60.01407280564308
309,xair_atomic,1,100.0,50.0,after_release,1,0,0,0,1,1102,1101,after_check,0,after_middleware,1.0751169174909592,2.558911219239235,60.655205976217985,58.09629475697875,59.580089058727026,109.94753381237388,111.21566407382488,committed,61.68505859375,EXECUTE,authorization_committed,56.0244582593441,56.04951502755284,0.02505676820874214,4.625527653843164,104.84900884330273,113.51088993251324,54.87760668620467,60.649985913187265,60.67504268139601
310,xair_atomic,1,100.0,50.0,after_release,1,0,0,0,1,1104,1103,after_check,0,after_middleware,1.225458923727274,2.5918427854776382,60.748280957341194,58.156438171863556,59.52282203361392,110.18190393224359,111.38521134853363,committed,61.7080078125,EXECUTE,authorization_committed,56.371218990534544,56.40036379918456,0.029144808650016785,4.368886351585388,104.76088291034102,113.65388799458742,54.790663067251444,60.74010534211993,60.76925015076995
311,xair_atomic,1,100.0,50.0,after_release,1,0,0,0,1,1106,1105,after_check,0,after_middleware,1.1616889387369156,5.722555797547102,64.0078759752214,58.28532017767429,62.84618703648448,111.01562809199095,112.00421303510666,committed,62.445068359375,EXECUTE,authorization_committed,58.733049780130386,58.75002173706889,0.016971956938505173,5.2704280242323875,105.53935403004289,114.6157318726182,55.54660176858306,64.00347780436277,64.02044976130128
312,xair_atomic,1,100.0,50.0,after_release,1,0,0,0,1,1108,1107,after_check,0,after_middleware,1.1100922711193562,2.7408520691096783,61.2215381115675,58.48068604245782,60.11144584044814,110.3438469581306,111.31230415776372,committed,62.717041015625,EXECUTE,authorization_committed,56.08783708885312,56.109908036887646,0.022070948034524918,5.127789918333292,105.36679998040199,113.75366477295756,55.39324413985014,61.21562700718641,61.23769795522094
313,xair_atomic,1,100.0,50.0,after_release,1,0,0,0,1,1110,1109,after_check,0,after_middleware,1.070008147507906,2.699324395507574,60.04127440974116,57.34195001423359,58.97126626223326,110.0819162093103,111.07971798628569,committed,60.37890625,EXECUTE,authorization_committed,55.550308898091316,55.57428393512964,0.023975037038326263,4.485214129090309,104.7124220058322,113.08241542428732,54.72878739237785,60.035523027181625,60.05949806421995
314,xair_atomic,1,100.0,50.0,after_release,1,0,0,0,1,1112,1111,after_check,0,after_middleware,1.3120220974087715,2.8140703216195107,60.61850721016526,57.80443688854575,59.30648511275649,110.57288711890578,111.69578414410353,committed,61.678955078125,EXECUTE,authorization_committed,55.88799202814698,55.91364996507764,0.025657936930656433,4.724673926830292,104.95879407972097,114.1919968649745,54.97392686083913,60.612665954977274,60.63832389190793
315,xair_atomic,1,100.0,50.0,after_release,1,0,0,0,1,1114,1113,after_check,0,after_middleware,1.3247160241007805,2.7476148679852486,60.981469228863716,58.23385436087847,59.656753204762936,110.93252198770642,111.76615627482533,committed,61.73388671875,EXECUTE,authorization_committed,55.98588567227125,56.01115291938186,0.02526724711060524,4.989952314645052,105.25122424587607,114.11458207294345,55.26766926050186,60.975837986916304,61.00110523402691
316,xair_atomic,0,,50.0,control,1,0,0,0,0,,1115,control,0,,1.2276330962777138,2.7465629391372204,60.20933901891112,57.4627760797739,58.98170592263341,,,committed,61.27294921875,EXECUTE,authorization_committed,55.52995018661022,55.54916709661484,0.019216910004615784,4.674720112234354,,,54.75720018148422,60.204670298844576,60.22388720884919
317,xair_atomic,1,100.0,50.0,after_release,1,0,0,0,1,1117,1116,after_check,0,after_middleware,0.9321589022874832,2.416983712464571,61.12548802047968,58.70850430801511,60.193329118192196,110.58894731104374,111.6098533384502,committed,62.27587890625,EXECUTE,authorization_committed,55.9606091119349,55.98537623882294,0.024767126888036728,5.159539170563221,105.384964030236,113.73636219650507,55.37543026730418,61.12014828249812,61.14491540938616
318,xair_atomic,0,,50.0,control,1,0,0,0,0,,1118,control,0,,1.1433959007263184,2.655371557921171,60.9705476090312,58.31517605111003,59.82715170830488,,,committed,62.113037109375,EXECUTE,authorization_committed,55.62120117247105,55.6441037915647,0.02290261909365654,5.343875847756863,,,55.43171567842364,60.96507702022791,60.987979639321566
319,xair_atomic,1,100.0,50.0,after_release,1,0,0,0,1,1120,1119,after_check,0,after_middleware,1.1687017977237701,2.656443975865841,61.86063680797815,59.20419283211231,60.69193501025438,111.83085711672902,115.98550202324986,committed,63.10498046875,EXECUTE,authorization_committed,55.843508802354336,55.86843565106392,0.024926848709583282,6.011267192661762,106.26696888357401,118.48934879526496,56.27918615937233,61.8547759950161,61.87970284372568
