run,mode,inject,inject_offset_ms,publish_delay_ms,injection_window,gateway_released,gate_blocked,stale_publish,potential_stale_publish,post_release_invalidation,injection_version,check_version,version_order,stale_exact,position_vs_middleware,residual_lo_ms,residual_hi_ms,t_middleware_ms,store_io_lo_ms,store_io_hi_ms,injection_store_lo_ms,injection_store_hi_ms,commit_status,commit_age_ms,outcome,reason,validation_to_gate_ms,validation_to_publish_ms,recheck_to_publish_ms,t_validate_end_ms,t_injection_start_ms,t_injection_end_ms,t_recheck_start_ms,t_recheck_end_ms,t_publish_end_ms
0,xair,0,,50.0,control,1,0,0,0,0,,1,control,0,,1.32790207862854,3.0815517529845238,61.77250295877457,58.69095120579004,60.44460088014603,,,,,EXECUTE,published_after_gate_recheck,55.89794088155031,55.90882198885083,0.010881107300519943,5.874411202967167,,,55.98973389714956,61.77235208451748,61.783233191818
1,xair,1,0.0,50.0,before_recheck,0,1,0,0,0,3,3,before_check,0,,,,,60.384738724678755,61.48471310734749,9.828700218349695,11.088353116065264,,,REVOKE,read_set_version_changed_at_gate,57.56015982478857,,,5.155613180249929,5.392968188971281,13.291867915540934,55.7088372297585,62.7157730050385,
2,xair,1,0.0,50.0,before_recheck,0,1,0,0,0,5,5,before_check,0,,,,,58.45614988356829,59.83739206567407,9.860489051789045,11.140289716422558,,,REVOKE,read_set_version_changed_at_gate,55.61270611360669,,,5.237866193056107,5.380454007536173,13.219932094216347,55.676654912531376,60.8505723066628,
3,xair,1,0.0,50.0,before_recheck,0,1,0,0,0,7,7,before_check,0,,,,,57.755115907639265,58.93090087920427,9.56884166225791,10.903146117925644,,,REVOKE,read_set_version_changed_at_gate,55.51727721467614,,,4.600160755217075,4.7049568966031075,13.071693945676088,54.9918208271265,60.11743796989322,
4,xair,1,0.0,50.0,before_recheck,0,1,0,0,0,9,9,before_check,0,,,,,57.94436112046242,59.31505188345909,8.99389386177063,10.096111800521612,,,REVOKE,read_set_version_changed_at_gate,56.02076184004545,,,4.409532994031906,4.589590709656477,12.250893749296665,54.8914629034698,60.43029483407736,
5,xair,1,0.0,50.0,before_recheck,0,1,0,0,0,11,11,before_check,0,,,,,57.34906392171979,58.599148876965046,9.27149411290884,10.241554118692875,,,REVOKE,read_set_version_changed_at_gate,55.01892231404781,,,4.549184814095497,4.685420077294111,12.194609269499779,54.89540984854102,59.56810712814331,
6,xair,1,0.0,50.0,before_recheck,0,1,0,0,0,13,13,before_check,0,,,,,57.75888217613101,58.831995353102684,10.059533175081015,11.00898440927267,,,REVOKE,read_set_version_changed_at_gate,54.75512705743313,,,5.004127975553274,5.191299133002758,13.014436233788729,55.47356512397528,59.7592550329864,
7,xair,1,0.0,50.0,before_recheck,0,1,0,0,0,15,15,before_check,0,,,,,57.26123880594969,58.63470584154129,8.626936003565788,10.09460911154747,,,REVOKE,read_set_version_changed_at_gate,55.037567391991615,,,4.379736725240946,4.474464803934097,11.832490097731352,54.66367583721876,59.41730411723256,
8,xair,1,0.0,50.0,before_recheck,0,1,0,0,0,17,17,before_check,0,,,,,57.40157188847661,58.68087196722627,8.853449951857328,9.927614592015743,,,REVOKE,read_set_version_changed_at_gate,55.217353627085686,,,4.567909985780716,4.671643953770399,11.911206878721714,54.85431291162968,59.7852636128664,
9,xair,1,0.0,50.0,before_recheck,0,1,0,0,0,19,19,before_check,0,,,,,58.33261879161,59.445647057145834,10.15166612342,11.20762713253498,,,REVOKE,read_set_version_changed_at_gate,55.324094370007515,,,5.0867837853729725,5.285356193780899,13.612087815999985,55.55971711874008,60.41087815538049,
10,xair,1,0.0,50.0,before_recheck,0,1,0,0,0,21,21,before_check,0,,,,,57.15501867234707,58.417667634785175,9.388653561472893,10.597571730613708,,,REVOKE,read_set_version_changed_at_gate,54.91791199892759,,,4.574872553348541,4.664059728384018,12.607742566615343,54.847138933837414,59.492784552276134,
11,xair,1,0.0,50.0,before_recheck,0,1,0,0,0,23,23,before_check,0,,,,,56.4941898919642,57.51081695780158,8.407343178987503,9.615831077098846,,,REVOKE,read_set_version_changed_at_gate,54.42324513569474,,,4.121962934732437,4.199940245598555,11.844963300973177,54.3782701715827,58.54520807042718,
12,xair,1,0.0,50.0,before_recheck,0,1,0,0,0,25,25,before_check,0,,,,,57.321741711348295,58.75080265104771,9.461871813982725,10.387908667325974,,,REVOKE,read_set_version_changed_at_gate,55.06581999361515,,,4.908999893814325,4.985933657735586,12.089001014828682,55.161839816719294,59.974819887429476,
13,xair,0,,50.0,control,1,0,0,0,0,,26,control,0,,1.1629112996160984,2.4480223655700684,60.00378401950002,57.55576165392995,58.84087271988392,,,,,EXECUTE,published_after_gate_recheck,55.23976590484381,55.2539830096066,0.014217104762792587,4.763817880302668,,,54.86516375094652,60.003583785146475,60.01780088990927
14,xair,1,0.0,50.0,before_recheck,0,1,0,0,0,28,28,before_check,0,,,,,58.27150400727987,59.52239083126187,10.161294136196375,11.447296012192965,,,REVOKE,read_set_version_changed_at_gate,55.61618320643902,,,4.989339970052242,5.156213883310556,13.736251275986433,55.44013204053044,60.60552317649126,
15,xair,1,0.0,50.0,before_recheck,0,1,0,0,0,30,30,before_check,0,,,,,56.98730517178774,57.99797084182501,9.156298823654652,10.240742936730385,,,REVOKE,read_set_version_changed_at_gate,54.14673499763012,,,4.740184172987938,4.830502904951572,12.167798820883036,55.01776980236173,58.88691917061806,
16,xair,1,0.0,50.0,before_recheck,0,1,0,0,0,32,32,before_check,0,,,,,56.88933003693819,58.33923118188977,8.92203813418746,9.974443353712559,,,REVOKE,read_set_version_changed_at_gate,55.063895881175995,,,4.183188080787659,4.27407817915082,11.80865429341793,54.546684958040714,59.247083961963654,
17,xair,1,0.0,50.0,before_recheck,0,1,0,0,0,34,34,before_check,0,,,,,60.92719594016671,62.31476925313473,9.70859406515956,10.768262203782797,,,REVOKE,read_set_version_changed_at_gate,58.68743406608701,,,4.9103619530797005,5.095620173960924,13.238946907222271,55.36480015143752,63.59779601916671,
18,xair,1,0.0,50.0,before_recheck,0,1,0,0,0,36,36,before_check,0,,,,,59.57485921680927,61.16744736209512,10.315763298422098,11.709418147802353,,,REVOKE,read_set_version_changed_at_gate,56.03374633938074,,,6.411158014088869,6.509642116725445,13.907141052186489,56.72358023002744,62.44490435346961,
19,xair,0,,50.0,control,1,0,0,0,0,,37,control,0,,1.0474352166056633,2.2529172711074352,60.12130528688431,57.86838801577687,59.073870070278645,,,,,EXECUTE,published_after_gate_recheck,55.052956100553274,55.06398621946573,0.01103011891245842,5.068209022283554,,,55.16917398199439,60.12116512283683,60.13219524174929
20,xair,1,0.0,50.0,before_recheck,0,1,0,0,0,39,39,before_check,0,,,,,58.37889574468136,59.732344932854176,9.390567895025015,10.521890129894018,,,REVOKE,read_set_version_changed_at_gate,55.98672712221742,,,4.943614825606346,5.119293928146362,12.358505744487047,55.447966791689396,60.93034194782376,
21,xair,1,0.0,50.0,before_recheck,0,1,0,0,0,41,41,before_check,0,,,,,57.7785293571651,58.62228199839592,9.692143183201551,10.881134308874607,,,REVOKE,read_set_version_changed_at_gate,54.93889097124338,,,4.735344089567661,4.907797090709209,13.252242933958769,55.17875123769045,59.67423506081104,
22,xair,0,,50.0,control,1,0,0,0,0,,42,control,0,,1.0864287614822388,2.0639728754758835,59.487294871360064,57.42332199588418,58.400866109877825,,,,,EXECUTE,published_after_gate_recheck,54.58465684205294,54.59711095318198,0.012454111129045486,4.902467131614685,,,55.01719797030091,59.48712397366762,59.49957808479667
23,xair,1,0.0,50.0,before_recheck,0,1,0,0,0,44,44,before_check,0,,,,,57.88025027140975,59.277992229908705,9.524489287286997,10.785695165395737,,,REVOKE,read_set_version_changed_at_gate,55.62563007697463,,,4.8202029429376125,4.985603969544172,12.79953308403492,55.30457803979516,60.44583301991224,
24,xair,0,,50.0,control,1,0,0,0,0,,45,control,0,,0.9521967731416225,2.435749862343073,60.00848300755024,57.57273314520717,59.05628623440862,,,,,EXECUTE,published_after_gate_recheck,55.20374933257699,55.21411821246147,0.01036887988448143,4.804593976587057,,,54.90510817617178,60.00834330916405,60.01871218904853
25,xair,1,0.0,50.0,before_recheck,0,1,0,0,0,47,47,before_check,0,,,,,57.909755036234856,59.16672293096781,9.801778942346573,11.047165375202894,,,REVOKE,read_set_version_changed_at_gate,55.050230119377375,,,4.986816085875034,5.223249085247517,13.2084502838552,55.556079372763634,60.03704620525241,
26,xair,0,,50.0,control,1,0,0,0,0,,48,control,0,,1.1841319501399994,2.1829460747539997,58.81056608632207,56.62762001156807,57.62643413618207,,,,,EXECUTE,published_after_gate_recheck,54.49638096615672,54.50711213052273,0.010731164366006851,4.3140738271176815,,,54.4146578758955,58.8104547932744,58.82118595764041
27,xair,1,0.0,50.0,before_recheck,0,1,0,0,0,50,50,before_check,0,,,,,59.26947575062513,60.89436402544379,10.025958996266127,11.386180762201548,,,REVOKE,read_set_version_changed_at_gate,56.8547360599041,,,5.1306248642504215,5.26380492374301,13.47751496359706,55.55680999532342,61.98536092415452,
28,xair,1,0.0,50.0,before_recheck,0,1,0,0,0,52,52,before_check,0,,,,,58.77448804676533,59.812143445014954,10.722727049142122,12.018567882478237,,,REVOKE,read_set_version_changed_at_gate,55.58512406423688,,,5.355427041649818,5.6166271679103374,14.379377011209726,56.06042593717575,60.9405511058867,
29,xair,1,0.0,50.0,before_recheck,0,1,0,0,0,54,54,before_check,0,,,,,58.248060289770365,59.67717105522752,9.661786258220673,10.507453233003616,,,REVOKE,read_set_version_changed_at_gate,55.8318174444139,,,4.903608933091164,5.095700267702341,12.855388224124908,55.40061695501208,60.735426377505064,
30,xair,0,,50.0,control,1,0,0,0,0,,55,control,0,,0.996168702840805,2.253497950732708,60.66513480618596,58.41163685545325,59.668966103345156,,,,,EXECUTE,published_after_gate_recheck,55.19373016431928,55.20429881289601,0.01056864857673645,5.4713049903512,,,55.56828295812011,60.66503515467048,60.67560380324721
31,xair,0,,50.0,control,1,0,0,0,0,,56,control,0,,1.0251631028950214,2.1585598587989807,60.05554087460041,57.89698101580143,59.03037777170539,,,,,EXECUTE,published_after_gate_recheck,54.98202331364155,54.990148171782494,0.008124858140945435,5.073407664895058,,,55.18327001482248,60.055430978536606,60.06355583667755
32,xair,1,0.0,50.0,before_recheck,0,1,0,0,0,58,58,before_check,0,,,,,58.71925409883261,59.92010701447725,9.853937197476625,11.281505227088928,,,REVOKE,read_set_version_changed_at_gate,55.93731487169862,,,5.26700122281909,5.433063022792339,13.281237334012985,55.65475393086672,61.20431609451771,
33,xair,0,,50.0,control,1,0,0,0,0,,59,control,0,,0.929574016481638,2.156997099518776,58.91139479354024,56.75439769402146,57.9818207770586,,,,,EXECUTE,published_after_gate_recheck,54.75278291851282,54.76327193900943,0.010489020496606827,4.158491734415293,,,54.26254263147712,58.911274652928114,58.92176367342472
34,xair,1,0.0,50.0,before_recheck,0,1,0,0,0,61,61,before_check,0,,,,,59.936147183179855,61.38090696185827,11.667699087411165,12.979169841855764,,,REVOKE,read_set_version_changed_at_gate,57.37617425620556,,,5.0794389098882675,6.66414201259613,15.13383211567998,57.103211991488934,62.455613166093826,
35,xair,0,,50.0,control,1,0,0,0,0,,62,control,0,,1.0343296453356743,2.254779916256666,59.830027632415295,57.57524771615863,58.79569798707962,,,,,EXECUTE,published_after_gate_recheck,55.45815592631698,55.47291412949562,0.01475820317864418,4.371741786599159,,,54.48583187535405,59.829897712916136,59.84465591609478
36,xair,1,0.0,50.0,before_recheck,0,1,0,0,0,64,64,before_check,0,,,,,57.84095637500286,59.08642336726189,9.500384330749512,10.323618073016405,,,REVOKE,read_set_version_changed_at_gate,55.239967070519924,,,4.829761106520891,4.999910015612841,12.621168978512287,55.27477199211717,60.069728177040815,
37,xair,1,0.0,50.0,before_recheck,0,1,0,0,0,66,66,before_check,0,,,,,57.266498915851116,58.73726820573211,9.28341643884778,10.416303295642138,,,REVOKE,read_set_version_changed_at_gate,55.08253118023276,,,4.7133429907262325,4.808732308447361,12.361332308501005,55.00226095318794,59.795874170958996,
38,xair,1,0.0,50.0,before_recheck,0,1,0,0,0,68,68,before_check,0,,,,,57.98702035099268,58.996204286813736,9.619287215173244,10.64423006027937,,,REVOKE,read_set_version_changed_at_gate,54.942258168011904,,,5.266290158033371,5.389071069657803,12.63552624732256,55.65649829804897,60.208548326045275,
39,xair,1,0.0,50.0,before_recheck,0,1,0,0,0,70,70,before_check,0,,,,,57.73535883054137,59.15550282225013,9.57697769626975,10.704212822020054,,,REVOKE,read_set_version_changed_at_gate,55.59653602540493,,,4.539086017757654,4.625337664037943,12.934186961501837,54.8179647885263,60.135622043162584,
40,xair,1,30.0,50.0,before_recheck,0,1,0,0,0,72,72,before_check,0,,,,,58.41850023716688,59.471005108207464,42.32051922008395,43.628753162920475,,,REVOKE,read_set_version_changed_at_gate,54.72330702468753,,,5.629491992294788,35.938024055212736,45.96943408250809,55.98016642034054,60.35279901698232,
41,xair,1,30.0,50.0,before_recheck,0,1,0,0,0,74,74,before_check,0,,,,,57.855963706970215,58.96157771348953,40.066287852823734,41.430097073316574,,,REVOKE,read_set_version_changed_at_gate,55.15691125765443,,,5.041767843067646,35.21890379488468,43.770838994532824,55.23727089166641,60.198679100722075,
42,xair,0,,50.0,control,1,0,0,0,0,,75,control,0,,1.0287896730005741,2.2803377360105515,59.49274590238929,57.21240816637874,58.463956229388714,,,,,EXECUTE,published_after_gate_recheck,54.74028876051307,54.75494684651494,0.014658086001873016,4.752306267619133,,,54.85776998102665,59.4925950281322,59.50725311413407
43,xair,1,30.0,50.0,before_recheck,0,1,0,0,0,77,77,before_check,0,,,,,57.36881960183382,58.50872863084078,40.17703700810671,41.668674908578396,,,REVOKE,read_set_version_changed_at_gate,54.83746202662587,,,4.662045743316412,34.95785500854254,43.60103979706764,55.0021599046886,59.499507769942284,
44,xair,1,30.0,50.0,before_recheck,0,1,0,0,0,79,79,before_check,0,,,,,57.54831666126847,58.7100968696177,40.4001846909523,41.557696647942066,,,REVOKE,read_set_version_changed_at_gate,55.400737561285496,,,4.6514770947396755,34.83048593625426,45.05292372778058,54.89159282296896,60.05221465602517,
45,xair,1,30.0,50.0,before_recheck,0,1,0,0,0,81,81,before_check,0,,,,,57.7362603507936,58.70718136429787,40.875377133488655,42.14802524074912,,,REVOKE,read_set_version_changed_at_gate,54.86171692609787,,,4.789015278220177,35.30718991532922,44.29676616564393,55.41005590930581,59.65073220431805,
46,xair,1,30.0,50.0,before_recheck,0,1,0,0,0,83,83,before_check,0,,,,,58.714806102216244,59.86485304310918,39.85134605318308,40.856792125850916,,,REVOKE,read_set_version_changed_at_gate,56.46125786006451,,,4.541710950434208,34.78836687281728,42.57597774267197,54.85821980983019,61.002968810498714,
47,xair,1,30.0,50.0,before_recheck,0,1,0,0,0,85,85,before_check,0,,,,,57.10176005959511,58.33919206634164,39.38591293990612,40.588168893009424,,,REVOKE,read_set_version_changed_at_gate,54.79834787547588,,,4.5655257999897,34.73373502492905,42.57925366982818,54.787016939371824,59.363873675465584,
48,xair,0,,50.0,control,1,0,0,0,0,,86,control,0,,1.0306942276656628,2.0547150634229183,58.59017185866833,56.53545679524541,57.559477631002665,,,,,EXECUTE,published_after_gate_recheck,54.484518710523844,54.49983756989241,0.015318859368562698,4.105492029339075,,,54.213720839470625,58.59001073986292,58.60532959923148
49,xair,1,30.0,50.0,before_recheck,0,1,0,0,0,88,88,before_check,0,,,,,57.69088491797447,58.96305199712515,40.53113190457225,41.573216672986746,,,REVOKE,read_set_version_changed_at_gate,55.39487721398473,,,4.507927689701319,34.953897818923,43.81476202979684,55.012159049510956,59.90280490368605,
50,xair,1,30.0,50.0,before_recheck,0,1,0,0,0,90,90,before_check,0,,,,,57.700463104993105,58.91785677522421,40.436454117298126,41.60995502024889,,,REVOKE,read_set_version_changed_at_gate,54.58378605544567,,,5.274645984172821,35.521713085472584,43.79449412226677,55.554457008838654,59.85843203961849,
51,xair,1,30.0,50.0,before_recheck,0,1,0,0,0,92,92,before_check,0,,,,,57.772388216108084,58.98168729618192,40.38919508457184,41.74228431656957,,,REVOKE,read_set_version_changed_at_gate,55.2226840518415,,,4.727510269731283,35.029138904064894,44.0432601608336,55.09840091690421,59.95019432157278,
52,xair,1,30.0,50.0,before_recheck,0,1,0,0,0,94,94,before_check,0,,,,,56.809410918504,57.98396421596408,40.35708401352167,41.3796529173851,,,REVOKE,read_set_version_changed_at_gate,54.43802196532488,,,4.321427084505558,34.50882202014327,43.703441973775625,54.554590955376625,58.75944904983044,
53,xair,1,30.0,50.0,before_recheck,0,1,0,0,0,96,96,before_check,0,,,,,57.56521923467517,58.90178680419922,39.940784219652414,41.17221385240555,,,REVOKE,read_set_version_changed_at_gate,55.6415100581944,,,4.508348181843758,34.829615149647,43.46755985170603,54.87616406753659,60.14985824003816,
54,xair,1,30.0,50.0,before_recheck,0,1,0,0,0,98,98,before_check,0,,,,,57.540252804756165,58.70064999908209,39.449221920222044,40.87475594133139,,,REVOKE,read_set_version_changed_at_gate,54.421099834144115,,,5.065403878688812,35.2397239767015,42.81120887026191,55.28273666277528,59.48650371283293,
55,xair,1,30.0,50.0,before_recheck,0,1,0,0,0,100,100,before_check,0,,,,,57.07111209630966,58.27245628461242,39.27891235798597,40.77546996995807,,,REVOKE,read_set_version_changed_at_gate,54.70847012475133,,,4.493480082601309,34.66202039271593,42.696474120020866,54.68781106173992,59.20195020735264,
56,xair,0,,50.0,control,1,0,0,0,0,,101,control,0,,0.9879628196358681,2.2325278259813786,59.339156839996576,57.1066290140152,58.35119402036071,,,,,EXECUTE,published_after_gate_recheck,54.726243019104004,54.73707336932421,0.0108303502202034,4.612793680280447,,,54.71642501652241,59.33903669938445,59.349867049604654
57,xair,0,,50.0,control,1,0,0,0,0,,102,control,0,,1.0913880541920662,2.5015939027071,59.55402087420225,57.05242697149515,58.462632820010185,,,,,EXECUTE,published_after_gate_recheck,55.20661408081651,55.21797575056553,0.01136166974902153,4.347275942564011,,,54.456977639347315,59.55389002338052,59.56525169312954
58,xair,0,,50.0,control,1,0,0,0,0,,103,control,0,,1.1570206843316555,2.3012268356978893,59.214333072304726,56.913106236606836,58.05731238797307,,,,,EXECUTE,published_after_gate_recheck,54.78945095092058,54.80686388909817,0.017412938177585602,4.424752201884985,,,54.54312916845083,59.21420315280557,59.23161609098315
59,xair,1,30.0,50.0,before_recheck,0,1,0,0,0,105,105,before_check,0,,,,,56.23785872012377,57.35632684081793,39.86848797649145,41.1323388107121,,,REVOKE,read_set_version_changed_at_gate,54.22713700681925,,,4.079392645508051,34.3125038780272,43.0987779982388,54.349835962057114,58.3065296523273,
60,xair,1,30.0,50.0,before_recheck,0,1,0,0,0,107,107,before_check,0,,,,,57.19293002039194,58.06637881323695,39.226423017680645,40.45706195756793,,,REVOKE,read_set_version_changed_at_gate,54.38288813456893,,,4.570584744215012,34.768839832395315,42.46105160564184,54.79858769103885,58.95347287878394,
61,xair,0,,50.0,control,1,0,0,0,0,,108,control,0,,1.2614969164133072,2.086394000798464,61.222610995173454,59.13621699437499,59.96111407876015,,,,,EXECUTE,published_after_gate_recheck,54.9435606226325,54.95647480711341,0.012914184480905533,6.27895025536418,,,56.40114517882466,61.22251087799668,61.23542506247759
62,xair,1,30.0,50.0,before_recheck,0,1,0,0,0,110,110,before_check,0,,,,,57.51299066469073,58.57591610401869,40.04845581948757,41.06868989765644,,,REVOKE,read_set_version_changed_at_gate,54.730551317334175,,,4.77193295955658,35.04152223467827,43.18033205345273,55.1020079292357,59.502484276890755,
63,xair,1,30.0,50.0,before_recheck,0,1,0,0,0,112,112,before_check,0,,,,,56.985110975801945,58.22929507121444,39.6351502276957,40.98768858239055,,,REVOKE,read_set_version_changed_at_gate,54.89589087665081,,,4.195020068436861,34.41608930006623,43.074572924524546,54.46172691881657,59.09091094508767,
64,xair,1,30.0,50.0,before_recheck,0,1,0,0,0,114,114,before_check,0,,,,,57.05175595358014,58.10425104573369,40.17574479803443,41.46910132840276,,,REVOKE,read_set_version_changed_at_gate,54.63545257225633,,,4.469836130738258,34.75113771855831,43.816776014864445,54.80742594227195,59.105288702994585,
65,xair,1,30.0,50.0,before_recheck,0,1,0,0,0,116,116,before_check,0,,,,,57.86802666261792,58.73826006427407,40.662867948412895,41.6258848272264,,,REVOKE,read_set_version_changed_at_gate,54.54071378335357,,,5.143810994923115,35.38943501189351,43.593646958470345,55.44059304520488,59.68452477827668,
66,xair,0,,50.0,control,1,0,0,0,0,,117,control,0,,1.0650581680238247,2.045057248324156,58.9262330904603,56.881175842136145,57.861174922436476,,,,,EXECUTE,published_after_gate_recheck,54.407364688813686,54.42570894956589,0.01834426075220108,4.518738016486168,,,54.64155366644263,58.926102705299854,58.944446966052055
67,xair,1,30.0,50.0,before_recheck,0,1,0,0,0,119,119,before_check,0,,,,,57.41387465968728,58.61680069938302,40.55768996477127,41.58816393464804,,,REVOKE,read_set_version_changed_at_gate,55.098671931773424,,,4.596652928739786,34.805938601493835,43.447451665997505,54.84218988567591,59.69532486051321,
68,xair,0,,50.0,control,1,0,0,0,0,,120,control,0,,1.1577121913433075,2.464843913912773,61.03594088926911,58.57109697535634,59.878228697925806,,,,,EXECUTE,published_after_gate_recheck,55.66501384600997,55.68069312721491,0.01567928120493889,5.37076685577631,,,55.499222595244646,61.03578070178628,61.05145998299122
69,xair,0,,50.0,control,1,0,0,0,0,,121,control,0,,1.087140291929245,2.3993421345949173,60.39091106504202,57.9915689304471,59.303770773112774,,,,,EXECUTE,published_after_gate_recheck,55.70723256096244,55.71873486042023,0.011502299457788467,4.6835471875965595,,,54.79075387120247,60.390779748559,60.40228204801679
70,xair,0,,50.0,control,1,0,0,0,0,,122,control,0,,0.8540130220353603,2.245333045721054,59.93056716397405,57.68523411825299,59.076554141938686,,,,,EXECUTE,published_after_gate_recheck,54.70141628757119,54.71248738467693,0.0110710971057415,5.229029804468155,,,55.330857168883085,59.93044609203935,59.94151718914509
71,xair,1,30.0,50.0,before_recheck,0,1,0,0,0,124,124,before_check,0,,,,,57.50404391437769,58.852965012192726,41.11417522653937,42.17289108783007,,,REVOKE,read_set_version_changed_at_gate,54.95028290897608,,,4.97684720903635,35.15575593337417,44.19958405196667,55.192296858876944,59.92713011801243,
72,xair,1,30.0,50.0,before_recheck,0,1,0,0,0,126,126,before_check,0,,,,,57.684523053467274,58.76280600205064,39.69642519950867,41.05831030756235,,,REVOKE,read_set_version_changed_at_gate,55.12399924919009,,,4.700228106230497,34.8716233856976,43.38408401235938,54.92772115394473,59.82422735542059,
73,xair,1,30.0,50.0,before_recheck,0,1,0,0,0,128,128,before_check,0,,,,,56.84992717579007,57.98515724018216,39.77304929867387,40.87194101884961,,,REVOKE,read_set_version_changed_at_gate,54.518923163414,,,4.3555921874940395,34.52391130849719,43.29110914841294,54.57334592938423,58.87451535090804,
74,xair,1,30.0,50.0,before_recheck,0,1,0,0,0,130,130,before_check,0,,,,,58.74709691852331,59.91564877331257,40.815374813973904,42.3161699436605,,,REVOKE,read_set_version_changed_at_gate,55.985996033996344,,,5.1263379864394665,35.39366275072098,44.32577081024647,55.486008990556,61.11233402043581,
75,xair,1,30.0,50.0,before_recheck,0,1,0,0,0,132,132,before_check,0,,,,,57.26242111995816,58.27755620703101,39.54493114724755,40.830533020198345,,,REVOKE,read_set_version_changed_at_gate,54.72533078864217,,,4.576897248625755,34.79961911216378,42.91652701795101,54.8583809286356,59.30222803726792,
76,xair,1,30.0,50.0,before_recheck,0,1,0,0,0,134,134,before_check,0,,,,,57.65303270891309,58.90495190396905,39.892141707241535,41.14929074421525,,,REVOKE,read_set_version_changed_at_gate,54.94130589067936,,,4.901765845716,35.15058569610119,43.20742189884186,55.17993401736021,59.84307173639536,
77,xair,1,30.0,50.0,before_recheck,0,1,0,0,0,136,136,before_check,0,,,,,57.9278189688921,59.223719872534275,40.63676903024316,41.711265221238136,,,REVOKE,read_set_version_changed_at_gate,55.126534309238195,,,5.354133900254965,35.5661460198462,43.703452218323946,55.64267188310623,60.48066820949316,
78,xair,1,30.0,50.0,before_recheck,0,1,0,0,0,138,138,before_check,0,,,,,58.17925091832876,59.38024399802089,41.16484010592103,42.40910476073623,,,REVOKE,read_set_version_changed_at_gate,55.80243095755577,,,4.946049768477678,35.21772287786007,44.70817791298032,55.278439074754715,60.74848072603345,
79,xair,1,30.0,50.0,before_recheck,0,1,0,0,0,140,140,before_check,0,,,,,57.9602001234889,59.09847607836127,40.39013711735606,41.394311003386974,,,REVOKE,read_set_version_changed_at_gate,55.309646762907505,,,4.9887304194271564,35.266634076833725,43.898058123886585,55.323373060673475,60.29837718233466,
80,xair,1,40.0,50.0,before_recheck,0,1,0,0,0,142,142,before_check,0,,,,,56.434848345816135,57.96602135524154,49.43623812869191,50.66664610058069,,,REVOKE,read_set_version_changed_at_gate,54.65110205113888,,,4.197685047984123,44.35423295944929,52.5955050252378,54.38724625855684,58.848787099123,
81,xair,1,40.0,50.0,before_recheck,0,1,0,0,0,144,144,before_check,0,,,,,56.74502020701766,58.1527822650969,49.73023012280464,50.87453732267022,,,REVOKE,read_set_version_changed_at_gate,54.335759952664375,,,4.689658991992474,44.83877308666706,53.248110227286816,54.85906219109893,59.02541894465685,
82,xair,0,,50.0,control,1,0,0,0,0,,145,control,0,,1.0812683030962944,2.436491195112467,60.256969183683395,57.82047798857093,59.1757008805871,,,,,EXECUTE,published_after_gate_recheck,55.51970191299915,55.53623288869858,0.016530975699424744,4.737136885523796,,,54.80611277744174,60.25683879852295,60.273369774222374
83,xair,1,40.0,50.0,before_recheck,0,1,0,0,0,147,147,before_check,0,,,,,58.76801488921046,59.79206599295139,51.603573840111494,52.80204210430384,,,REVOKE,read_set_version_changed_at_gate,55.36310700699687,,,5.428744945675135,45.73658714070916,55.115513037890196,55.837446823716164,60.791851952672005,
84,xair,1,40.0,50.0,before_recheck,0,1,0,0,0,149,149,before_check,0,,,,,58.22203075513244,59.38365077599883,51.240622997283936,52.234027069061995,,,REVOKE,read_set_version_changed_at_gate,55.53270597010851,,,5.053390748798847,45.359378680586815,54.31514186784625,55.415777023881674,60.586096718907356,
85,xair,1,40.0,50.0,before_recheck,0,1,0,0,0,151,151,before_check,0,,,,,57.414206210523844,58.804844971746206,50.09222915396094,51.268226001411676,,,REVOKE,read_set_version_changed_at_gate,54.93514519184828,,,4.744401201605797,45.01682706177235,53.91567200422287,55.08962506428361,59.679546393454075,
86,xair,0,,50.0,control,1,0,0,0,0,,152,control,0,,1.0007373057305813,2.155934926122427,58.77159209921956,56.615657173097134,57.77085479348898,,,,,EXECUTE,published_after_gate_recheck,54.74939616397023,54.76606683805585,0.016670674085617065,4.02206601575017,,,54.12610713392496,58.7714621797204,58.78813285380602
87,xair,1,40.0,50.0,before_recheck,0,1,0,0,0,154,154,before_check,0,,,,,58.304956648498774,59.77245979011059,49.408144783228636,50.81938300281763,,,REVOKE,read_set_version_changed_at_gate,56.13150913268328,,,4.5512886717915535,44.70241675153375,53.191262762993574,54.73144166171551,60.68279780447483,
88,xair,1,40.0,50.0,concurrent,0,1,0,0,0,156,156,before_check,0,,,,,65.66560734063387,67.12722918018699,59.18679106980562,61.11685233190656,,,REVOKE,read_set_version_changed_at_gate,55.757286958396435,,,12.355591170489788,53.21334535256028,63.58028436079621,62.674906104803085,68.11287812888622,
89,xair,0,,50.0,control,1,0,0,0,0,,157,control,0,,1.127416267991066,2.3362338542938232,61.98718585073948,59.650951996445656,60.85976958274841,,,,,EXECUTE,published_after_gate_recheck,56.056990288197994,56.06765998527408,0.01066969707608223,5.929834675043821,,,56.21512699872255,61.986824963241816,61.9974946603179
90,xair,0,,50.0,control,1,0,0,0,0,,158,control,0,,0.8968319743871689,1.9852537661790848,58.909440878778696,56.92418711259961,58.01260890439153,,,,,EXECUTE,published_after_gate_recheck,54.463769774883986,54.47499081492424,0.011221040040254593,4.445550963282585,,,54.56668371334672,58.90932073816657,58.920541778206825
91,xair,1,40.0,50.0,before_recheck,0,1,0,0,0,160,160,before_check,0,,,,,56.57828692346811,57.75913316756487,49.29755814373493,50.39254203438759,,,REVOKE,read_set_version_changed_at_gate,54.24032127484679,,,4.356152843683958,44.51317200437188,52.44532413780689,54.55173505470157,58.59647411853075,
92,xair,1,40.0,50.0,before_recheck,0,1,0,0,0,162,162,before_check,0,,,,,58.39489586651325,59.601138811558485,50.63812294974923,51.969680935144424,,,REVOKE,read_set_version_changed_at_gate,55.31505774706602,,,5.2001262083649635,45.51549209281802,54.272822104394436,55.585806258022785,60.515183955430984,
93,xair,1,40.0,50.0,before_recheck,0,1,0,0,0,164,164,before_check,0,,,,,56.95792892947793,58.29642107710242,49.501108936965466,50.76166382059455,,,REVOKE,read_set_version_changed_at_gate,54.72676316276193,,,4.609497729688883,44.78075401857495,53.00951190292835,54.81491889804602,59.33626089245081,
94,xair,1,40.0,50.0,before_recheck,0,1,0,0,0,166,166,before_check,0,,,,,57.058589067310095,58.1235671415925,49.09161198884249,50.127966329455376,,,REVOKE,read_set_version_changed_at_gate,54.568336345255375,,,4.464847035706043,44.65644108131528,52.40711197257042,54.68065710738301,59.03318338096142,
95,xair,1,40.0,50.0,before_recheck,0,1,0,0,0,168,168,before_check,0,,,,,56.784875225275755,58.023008052259684,49.46830915287137,50.483533181250095,,,REVOKE,read_set_version_changed_at_gate,54.827522952109575,,,4.134006332606077,44.37868017703295,52.66757123172283,54.43139001727104,58.96152928471565,
96,xair,1,40.0,50.0,before_recheck,0,1,0,0,0,170,170,before_check,0,,,,,57.171531021595,58.31190990284085,49.17663102969527,50.34025525674224,,,REVOKE,read_set_version_changed_at_gate,55.0077510997653,,,4.370640031993389,44.49820425361395,52.31720395386219,54.56440011039376,59.37839113175869,
97,xair,1,40.0,50.0,before_recheck,0,1,0,0,0,172,172,before_check,0,,,,,57.0507338270545,58.338250033557415,50.83878990262747,51.86377326026559,,,REVOKE,read_set_version_changed_at_gate,55.15562789514661,,,4.326337017118931,44.53037399798632,54.28933398798108,54.537157993763685,59.48196491226554,
98,xair,1,40.0,50.0,before_recheck,0,1,0,0,0,174,174,before_check,0,,,,,57.50390375033021,58.81615588441491,50.01797992736101,51.27566820010543,,,REVOKE,read_set_version_changed_at_gate,55.07488688454032,,,4.7674039378762245,45.1073469594121,53.39135881513357,55.1441665738821,59.842290822416544,
99,xair,0,,50.0,control,1,0,0,0,0,,175,control,0,,1.3975519686937332,2.667503897100687,60.620680917054415,57.95317701995373,59.22312894836068,,,,,EXECUTE,published_after_gate_recheck,55.48168020322919,55.49466423690319,0.012984033674001694,5.138890817761421,,,55.24643883109093,60.62057102099061,60.63355505466461
100,xair,1,40.0,50.0,before_recheck,0,1,0,0,0,177,177,before_check,0,,,,,57.15104192495346,58.115791995078325,49.91611838340759,51.35264294221997,,,REVOKE,read_set_version_changed_at_gate,54.27906382828951,,,4.648571368306875,44.84661715105176,53.85936610400677,54.8792090266943,58.927635196596384,
101,xair,1,40.0,50.0,before_recheck,0,1,0,0,0,179,179,before_check,0,,,,,56.810753885656595,58.17926116287708,50.06883479654789,51.34009988978505,,,REVOKE,read_set_version_changed_at_gate,54.42965682595968,,,4.617202095687389,44.817682821303606,53.50374896079302,54.85026491805911,59.04685892164707,
102,xair,1,40.0,50.0,before_recheck,0,1,0,0,0,181,181,before_check,0,,,,,58.02135495468974,59.15095377713442,50.46478798612952,51.57228512689471,,,REVOKE,read_set_version_changed_at_gate,54.70013292506337,,,5.230833776295185,45.45072093605995,53.3695868216455,55.48828188329935,59.93096670135856,
103,xair,1,40.0,50.0,before_recheck,0,1,0,0,0,183,183,before_check,0,,,,,57.46420007199049,58.46061930060387,50.12247618287802,51.31562426686287,,,REVOKE,read_set_version_changed_at_gate,54.555351845920086,,,4.7087352722883224,44.850876089185476,53.573611192405224,54.96687535196543,59.26408711820841,
104,xair,1,40.0,50.0,before_recheck,0,1,0,0,0,185,185,before_check,0,,,,,58.35537100210786,59.484700206667185,50.567100290209055,51.50684341788292,,,REVOKE,read_set_version_changed_at_gate,55.326268542557955,,,5.326733458787203,45.707542449235916,53.58522245660424,55.775311309844255,60.65300200134516,
105,xair,1,40.0,50.0,before_recheck,0,1,0,0,0,187,187,before_check,0,,,,,56.811905931681395,57.77100473642349,49.05613511800766,49.860754981637,,,REVOKE,read_set_version_changed_at_gate,54.19488484039903,,,4.47160005569458,44.62709603831172,51.9502148963511,54.65815495699644,58.66648489609361,
106,xair,1,40.0,50.0,before_recheck,0,1,0,0,0,189,189,before_check,0,,,,,57.862427085638046,59.093797113746405,50.022958777844906,51.12394504249096,,,REVOKE,read_set_version_changed_at_gate,54.920617025345564,,,4.982968792319298,45.222022105008364,53.21026872843504,55.26539497077465,59.90358581766486,
107,xair,0,,50.0,control,1,0,0,0,0,,190,control,0,,1.027087215334177,2.3431358858942986,58.825644198805094,56.482508312910795,57.79855698347092,,,,,EXECUTE,published_after_gate_recheck,54.69772918149829,54.71162497997284,0.013895798474550247,4.127784166485071,,,54.23586303368211,58.82551334798336,58.83940914645791
108,xair,1,40.0,50.0,before_recheck,0,1,0,0,0,192,192,before_check,0,,,,,57.334356009960175,58.44699265435338,49.298149067908525,50.15412485226989,,,REVOKE,read_set_version_changed_at_gate,54.50174072757363,,,4.710217006504536,44.98982569202781,52.41363402456045,55.04543101415038,59.21195773407817,
109,xair,0,,50.0,control,1,0,0,0,0,,193,control,0,,1.036704983562231,2.3808469995856285,59.89873735234141,57.517890352755785,58.86203236877918,,,,,EXECUTE,published_after_gate_recheck,54.933091159909964,54.9455750733614,0.012483913451433182,4.965485073626041,,,55.06822420284152,59.898576233536005,59.91106014698744
110,xair,0,,50.0,control,1,0,0,0,0,,194,control,0,,1.0948539711534977,2.3274971172213554,59.5307070761919,57.20320995897055,58.435853105038404,,,,,EXECUTE,published_after_gate_recheck,54.93449419736862,54.94436202570796,0.009867828339338303,4.5960829593241215,,,54.695555940270424,59.53057715669274,59.54044498503208
111,xair,1,40.0,50.0,before_recheck,0,1,0,0,0,196,196,before_check,0,,,,,56.94761127233505,58.22126008570194,49.5907892473042,50.896378234028816,,,REVOKE,read_set_version_changed_at_gate,54.85795997083187,,,4.328902345150709,44.63178524747491,53.06430533528328,54.70840027555823,59.18686231598258,
112,xair,1,40.0,50.0,before_recheck,0,1,0,0,0,198,198,before_check,0,,,,,58.01467318087816,59.203432872891426,50.910403952002525,51.947489846497774,,,REVOKE,read_set_version_changed_at_gate,55.03023276105523,,,5.246714223176241,45.4827812500298,53.706259932368994,55.534730199724436,60.27694698423147,
113,xair,1,40.0,50.0,before_recheck,0,1,0,0,0,200,200,before_check,0,,,,,57.572112418711185,59.05072623863816,50.17794016748667,51.36764235794544,,,REVOKE,read_set_version_changed_at_gate,55.021105799824,,,4.90182638168335,45.11855822056532,53.54124028235674,55.166499223560095,59.92293218150735,
114,xair,0,,50.0,control,1,0,0,0,0,,201,control,0,,0.9872717782855034,2.4556871503591537,59.55215683206916,57.096469681710005,58.564885053783655,,,,,EXECUTE,published_after_gate_recheck,54.70795789733529,54.71821688115597,0.010258983820676804,4.844069015234709,,,54.951244965195656,59.55202691257,59.56228589639068
115,xair,1,40.0,50.0,before_recheck,0,1,0,0,0,203,203,before_check,0,,,,,58.04441822692752,59.255680069327354,50.59674521908164,51.96240684017539,,,REVOKE,read_set_version_changed_at_gate,55.58421183377504,,,4.839640110731125,45.07827199995518,54.46082493290305,55.115302093327045,60.42385194450617,
116,xair,0,,50.0,control,1,0,0,0,0,,204,control,0,,0.8269809186458588,1.922857016324997,59.046708047389984,57.12385103106499,58.219727128744125,,,,,EXECUTE,published_after_gate_recheck,54.46981219574809,54.480631835758686,0.010819640010595322,4.5767962001264095,,,54.690064396709204,59.0466083958745,59.057428035885096
117,xair,1,40.0,50.0,before_recheck,0,1,0,0,0,206,206,before_check,0,,,,,56.121460162103176,57.06547060981393,48.72097633779049,49.42061938345432,,,REVOKE,read_set_version_changed_at_gate,53.62669890746474,,,4.194570239633322,44.37955096364021,51.4619080349803,54.405611008405685,57.821269147098064,
118,xair,1,40.0,50.0,before_recheck,0,1,0,0,0,208,208,before_check,0,,,,,56.49569304659963,57.68511397764087,48.64771896973252,49.556823913007975,,,REVOKE,read_set_version_changed_at_gate,54.299562238156796,,,4.198997747153044,44.35754008591175,51.6577260568738,54.382448084652424,58.49855998530984,
119,xair,1,40.0,50.0,before_recheck,0,1,0,0,0,210,210,before_check,0,,,,,56.35678209364414,57.453328743577,48.735472839325666,49.96178392320871,,,REVOKE,read_set_version_changed_at_gate,54.189857095479965,,,4.130548797547817,44.290152844041586,51.89976003021002,54.30468171834946,58.32040589302778,
120,xair,1,45.0,50.0,concurrent,0,1,0,0,0,212,212,before_check,0,,,,,57.807272765785456,58.94139967858791,55.27837807312608,56.56089400872588,,,REVOKE,read_set_version_changed_at_gate,55.829653050750494,,,4.059785977005959,50.227231811732054,58.8957448489964,54.34396490454674,59.88943902775645,
121,xair,1,45.0,50.0,concurrent,0,1,0,0,0,214,214,before_check,0,,,,,56.74087209627032,57.971942238509655,54.00530016049743,55.186786223202944,,,REVOKE,read_set_version_changed_at_gate,54.31521078571677,,,4.387912340462208,49.55815616995096,57.317163329571486,54.5743671245873,58.70312312617898,
122,xair,1,45.0,50.0,concurrent,0,1,0,0,0,216,216,before_check,0,,,,,57.127698324620724,58.2954091951251,54.570370353758335,55.51962135359645,,,REVOKE,read_set_version_changed_at_gate,54.46847900748253,,,4.637791309505701,49.80619205161929,57.49438609927893,54.8209804110229,59.10627031698823,
123,xair,1,45.0,50.0,concurrent,0,1,0,0,0,218,218,before_check,0,,,,,56.9739188067615,58.22634883224964,54.664496798068285,55.8557016775012,,,REVOKE,read_set_version_changed_at_gate,54.236112628132105,,,4.742477089166641,49.93400210514665,57.83890187740326,54.94778789579868,58.978589717298746,
124,xair,1,45.0,50.0,concurrent,0,1,0,0,0,220,220,before_check,0,,,,,56.80141597986221,57.90442507714033,53.90471126884222,54.790663067251444,,,REVOKE,read_set_version_changed_at_gate,54.25678193569183,,,4.437465220689774,49.62536320090294,56.844537146389484,54.644118063151836,58.69424715638161,
125,xair,1,45.0,50.0,concurrent,0,1,0,0,0,222,222,before_check,0,,,,,57.14549217373133,58.30671079456806,54.42234314978123,55.628606118261814,,,REVOKE,read_set_version_changed_at_gate,54.35336334630847,,,4.701520781964064,49.880472011864185,58.24534501880407,54.897233843803406,59.05488412827253,
126,xair,1,45.0,50.0,concurrent,0,1,0,0,0,224,224,before_check,0,,,,,60.26404304429889,61.49661494418979,55.83829898387194,59.120927937328815,,,REVOKE,read_set_version_changed_at_gate,58.31905314698815,,,4.190772771835327,49.412514083087444,61.29156006500125,54.46736700832844,62.50982591882348,
127,xair,1,45.0,50.0,concurrent,0,1,0,0,0,226,226,before_check,0,,,,,58.1286558881402,59.66102099046111,55.583741050213575,56.794573087245226,,,REVOKE,read_set_version_changed_at_gate,56.186421774327755,,,4.612063057720661,49.88568089902401,59.351549949496984,54.90697221830487,60.798484832048416,
128,xair,1,45.0,50.0,concurrent,0,1,0,0,0,228,228,before_check,0,,,,,57.43052624166012,58.557420037686825,54.659588262438774,55.92428985983133,,,REVOKE,read_set_version_changed_at_gate,54.728467017412186,,,4.763477016240358,49.99386426061392,58.04366618394852,55.0381182692945,59.491944033652544,
129,xair,1,45.0,50.0,concurrent,0,1,0,0,0,230,230,before_check,0,,,,,57.4291436932981,58.709886856377125,54.2102949693799,55.33839063718915,,,REVOKE,read_set_version_changed_at_gate,55.59847876429558,,,4.406306892633438,49.632817041128874,57.31208389624953,54.70515275374055,60.004785656929016,
130,xair,0,,50.0,control,1,0,0,0,0,,231,control,0,,1.09476363286376,2.348145004361868,59.5461749471724,57.198029942810535,58.45141131430864,,,,,EXECUTE,published_after_gate_recheck,54.873619228601456,54.88474015146494,0.011120922863483429,4.672416020184755,,,54.782829247415066,59.54603524878621,59.557156171649694
131,xair,0,,50.0,control,1,0,0,0,0,,232,control,0,,1.153203658759594,2.250432036817074,59.645731933414936,57.39529989659786,58.49252827465534,,,,,EXECUTE,published_after_gate_recheck,54.94657577946782,54.97138202190399,0.024806242436170578,4.699026234447956,,,54.806162137538195,59.64560201391578,59.67040825635195
132,xair,0,,50.0,control,1,0,0,0,0,,233,control,0,,1.238333061337471,2.6112589985132217,60.54046098142862,57.9292019829154,59.30212792009115,,,,,EXECUTE,published_after_gate_recheck,55.772685911506414,55.78742269426584,0.014736782759428024,4.767665173858404,,,54.88235596567392,60.54035108536482,60.55508786812425
133,xair,0,,50.0,control,1,0,0,0,0,,234,control,0,,1.2482423335313797,2.5131250731647015,61.13301310688257,58.61988803371787,59.88477077335119,,,,,EXECUTE,published_after_gate_recheck,55.62053993344307,55.63935497775674,0.018815044313669205,5.5123018100857735,,,55.66551489755511,61.13284174352884,61.15165678784251
134,xair,0,,50.0,control,1,0,0,0,0,,235,control,0,,1.0851561091840267,1.9196807406842709,59.10708103328943,57.18740029260516,58.021924924105406,,,,,EXECUTE,published_after_gate_recheck,54.63200621306896,54.643928073346615,0.01192186027765274,4.474944900721312,,,54.5858689583838,59.106951113790274,59.118872974067926
135,xair,1,45.0,50.0,concurrent,0,1,0,0,0,237,237,before_check,0,,,,,57.40735260769725,58.90429066494107,54.874139837920666,56.048974860459566,,,REVOKE,read_set_version_changed_at_gate,55.005858186632395,,,4.754519555717707,49.939331598579884,58.273537550121546,54.957796819508076,59.7603777423501,
136,xair,1,45.0,50.0,concurrent,0,1,0,0,0,239,239,before_check,0,,,,,57.89513699710369,58.9670380577445,55.244334042072296,56.44008796662092,,,REVOKE,read_set_version_changed_at_gate,54.45878067985177,,,5.3634922951459885,50.57090613991022,58.776441030204296,55.59613415971398,59.82227297499776,
137,xair,0,,50.0,control,1,0,0,0,0,,240,control,0,,1.0831421241164207,2.2502820938825607,59.64905908331275,57.39877698943019,58.56591695919633,,,,,EXECUTE,published_after_gate_recheck,54.85770991072059,54.869923274964094,0.012213364243507385,4.791229031980038,,,54.88823726773262,59.648938942700624,59.66115230694413
138,xair,1,45.0,50.0,concurrent,0,1,0,0,0,242,242,before_check,0,,,,,57.84470308572054,59.22258784994483,54.9309472553432,56.21886299923062,,,REVOKE,read_set_version_changed_at_gate,55.58330100029707,,,4.673507995903492,49.86496223136783,58.5084380581975,54.8567371442914,60.25680899620056,
139,xair,0,,50.0,control,1,0,0,0,0,,243,control,0,,1.2193680740892887,2.6198960840702057,59.87025424838066,57.250358164310455,58.65088617429137,,,,,EXECUTE,published_after_gate_recheck,55.25045609101653,55.26791885495186,0.01746276393532753,4.6196370385587215,,,54.721133317798376,59.87009312957525,59.88755589351058
140,xair,1,45.0,50.0,concurrent,0,1,0,0,0,245,245,before_check,0,,,,,58.354499749839306,59.678793884813786,55.486468598246574,56.851178873330355,,,REVOKE,read_set_version_changed_at_gate,55.66734820604324,,,5.008185748010874,50.228343810886145,59.02411602437496,55.255424696952105,60.67553395405412,
141,xair,1,45.0,50.0,concurrent,0,1,0,0,0,247,247,before_check,0,,,,,57.82292177900672,59.542007744312286,55.26422196999192,56.2312756665051,,,REVOKE,read_set_version_changed_at_gate,55.61566213145852,,,4.644863773137331,50.499062053859234,58.830301743000746,55.52469100803137,60.26052590459585,
142,xair,1,45.0,50.0,concurrent,0,1,0,0,0,249,249,before_check,0,,,,,56.82261614128947,58.08666720986366,53.99274732917547,55.03954133018851,,,REVOKE,read_set_version_changed_at_gate,54.63653430342674,,,4.2969719506800175,49.48187433183193,57.371195405721664,54.507633205503225,58.93350625410676,
143,xair,1,45.0,50.0,concurrent,0,1,0,0,0,251,251,before_check,0,,,,,56.83791544288397,58.109861332923174,54.255640134215355,55.65309198573232,,,REVOKE,read_set_version_changed_at_gate,54.92970487102866,,,3.981339279562235,49.1887042298913,57.70402913913131,54.19480614364147,58.9110441505909,
144,xair,1,45.0,50.0,concurrent,0,1,0,0,0,253,253,before_check,0,,,,,57.601707987487316,58.883422054350376,54.94294920936227,56.12030811607838,,,REVOKE,read_set_version_changed_at_gate,54.867408238351345,,,4.689998924732208,49.94421126320958,58.5361709818244,54.97919721528888,59.55740716308355,
145,xair,1,45.0,50.0,concurrent,0,1,0,0,0,255,255,before_check,0,,,,,57.2392069734633,58.443065732717514,54.65735262259841,55.85850682109594,,,REVOKE,read_set_version_changed_at_gate,54.99947490170598,,,4.397890996187925,49.57822384312749,58.530539739876986,54.60229981690645,59.397365897893906,
146,xair,1,45.0,50.0,concurrent,0,1,0,0,0,257,257,before_check,0,,,,,57.841668371111155,59.13053639233112,54.933481849730015,55.90741941705346,,,REVOKE,read_set_version_changed_at_gate,55.204479955136776,,,4.765771329402924,49.96568104252219,58.66830935701728,54.980159271508455,59.9702512845397,
147,xair,1,45.0,50.0,concurrent,0,1,0,0,0,259,259,before_check,0,,,,,58.249332010746,59.702388010919094,55.634555872529745,56.87780911102891,,,REVOKE,read_set_version_changed_at_gate,55.94097077846527,,,4.876619204878807,50.1390160061419,58.88746911659837,55.180665105581284,60.81758998334408,
148,xair,1,45.0,50.0,concurrent,0,1,0,0,0,261,261,before_check,0,,,,,58.144956827163696,59.521568939089775,55.620300117880106,56.78559606894851,,,REVOKE,read_set_version_changed_at_gate,55.486118886619806,,,5.111929960548878,50.446173176169395,59.77263022214174,55.50446314737201,60.598048847168684,
149,xair,0,,50.0,control,1,0,0,0,0,,262,control,0,,1.011477317661047,2.0776279270648956,59.12861227989197,57.05098435282707,58.11713496223092,,,,,EXECUTE,published_after_gate_recheck,54.543619975447655,54.55808714032173,0.014467164874076843,4.584872163832188,,,54.691147059202194,59.12849213927984,59.14295930415392
150,xair,1,45.0,50.0,concurrent,0,1,0,0,0,264,264,before_check,0,,,,,57.99541575834155,59.232937172055244,55.52220577374101,56.62116780877113,,,REVOKE,read_set_version_changed_at_gate,55.69836683571339,,,4.577999003231525,49.80021063238382,58.52582072839141,54.82701165601611,60.27636583894491,
151,xair,1,45.0,50.0,concurrent,0,1,0,0,0,266,266,before_check,0,,,,,59.27223106846213,60.35450240597129,56.545887142419815,57.9763101413846,,,REVOKE,read_set_version_changed_at_gate,55.56498607620597,,,5.816372111439705,51.05328233912587,60.29672408476472,56.10996903851628,61.381358187645674,
152,xair,0,,50.0,control,1,0,0,0,0,,267,control,0,,1.1721891351044178,2.7195122092962265,60.16932521015406,57.44981300085783,58.99713607504964,,,,,EXECUTE,published_after_gate_recheck,55.48475589603186,55.49882212653756,0.01406623050570488,4.684458952397108,,,54.79382025077939,60.169214848428965,60.18328107893467
153,xair,1,45.0,50.0,concurrent,0,1,0,0,0,269,269,before_check,0,,,,,61.72294868156314,63.03802691400051,56.54082680121064,57.74092907086015,,,REVOKE,read_set_version_changed_at_gate,58.94276313483715,,,5.15825767070055,50.43707601726055,62.52589588984847,55.49012590199709,64.1010208055377,
154,xair,1,45.0,50.0,concurrent,0,1,0,0,0,271,271,before_check,0,,,,,61.84435775503516,63.008831813931465,59.67863369733095,60.669233091175556,,,REVOKE,read_set_version_changed_at_gate,55.90966297313571,,,8.258613757789135,53.61041985452175,63.183058984577656,58.655234053730965,64.16827673092484,
155,xair,1,45.0,50.0,concurrent,0,1,0,0,0,273,273,before_check,0,,,,,56.894551031291485,57.78159527108073,54.61469292640686,55.7553730905056,,,REVOKE,read_set_version_changed_at_gate,54.09634066745639,,,4.493911284953356,49.69671694561839,57.49834328889847,54.74012903869152,58.590251952409744,
156,xair,0,,50.0,control,1,0,0,0,0,,274,control,0,,1.2636207975447178,2.5690998882055283,61.18721375241876,58.61811386421323,59.92359295487404,,,,,EXECUTE,published_after_gate_recheck,56.012275628745556,56.02706270292401,0.01478707417845726,5.174838006496429,,,55.30518898740411,61.187113635241985,61.20190070942044
157,xair,1,45.0,50.0,concurrent,0,1,0,0,0,276,276,before_check,0,,,,,57.47658200562,58.335083071142435,54.460092913359404,55.78755401074886,,,REVOKE,read_set_version_changed_at_gate,55.02104526385665,,,4.607814829796553,49.821299966424704,58.067220728844404,54.880641866475344,59.6288600936532,
158,xair,1,45.0,50.0,concurrent,0,1,0,0,0,278,278,before_check,0,,,,,57.65175120905042,58.61124210059643,55.13580096885562,56.37342296540737,,,REVOKE,read_set_version_changed_at_gate,55.19954115152359,,,4.402258899062872,49.682159908115864,58.869997039437294,54.795663338154554,59.60180005058646,
159,xair,1,45.0,50.0,concurrent,0,1,0,0,0,280,280,before_check,0,,,,,57.70839797332883,58.95734066143632,55.20038167014718,56.44557764753699,,,REVOKE,read_set_version_changed_at_gate,55.407030042260885,,,4.587656818330288,49.763962626457214,58.666735887527466,54.78593474254012,59.99468686059117,
160,xair,0,,50.0,control,1,0,0,0,0,,281,control,0,,1.1263932101428509,2.4367421865463257,60.31864508986473,57.881902903318405,59.19225187972188,,,,,EXECUTE,published_after_gate_recheck,55.22861611098051,55.242231115698814,0.01361500471830368,5.089848767966032,,,55.202345829457045,60.31846487894654,60.332079883664846
161,xair,0,,50.0,control,1,0,0,0,0,,282,control,0,,1.0538771748542786,2.567045856267214,60.49175001680851,57.924704160541296,59.43787284195423,,,,,EXECUTE,published_after_gate_recheck,55.324435234069824,55.33599713817239,0.011561904102563858,5.166953895241022,,,55.26482313871384,60.491389129310846,60.50295103341341
162,xair,1,50.0,50.0,concurrent,1,0,0,1,0,284,283,after_check,0,after_middleware,1.122776884585619,2.440749667584896,60.22499967366457,57.784250006079674,59.10222278907895,61.72355078160763,62.75463476777077,,,EXECUTE,published_after_gate_recheck,55.56883290410042,55.58201810345054,0.013185199350118637,4.656065721064806,54.81903674080968,64.56294795498252,55.036925710737705,60.224898625165224,60.23808382451534
163,xair,1,50.0,50.0,concurrent,1,0,0,1,0,286,285,after_check,0,after_middleware,1.1022677645087242,2.264227718114853,60.806529596447945,58.54230187833309,59.70426183193922,62.34241183847189,63.47061786800623,,,EXECUTE,published_after_gate_recheck,55.08751096203923,55.12419017031789,0.036679208278656006,5.718868691474199,55.968102999031544,65.61441998928785,56.18905695155263,60.80637965351343,60.84305886179209
164,xair,0,,50.0,control,1,0,0,0,0,,287,control,0,,1.0243207216262817,2.235082909464836,59.67912403866649,57.44404112920165,58.654803317040205,,,,,EXECUTE,published_after_gate_recheck,54.988584946841,55.0012793391943,0.01269439235329628,4.690438974648714,,,54.79410011321306,59.679023921489716,59.69171831384301
165,xair,1,50.0,50.0,concurrent,1,0,0,1,0,289,288,after_check,0,after_middleware,1.227772794663906,2.4558566510677338,60.28288695961237,57.827030308544636,59.05511416494846,61.306067276746035,62.61927122250199,,,EXECUTE,published_after_gate_recheck,55.71481725201011,55.723573081195354,0.008755829185247421,4.56793000921607,54.73366612568498,64.61671832948923,54.8833473585546,60.28274726122618,60.291503090411425
166,xair,1,50.0,50.0,concurrent,1,0,0,1,0,291,290,after_check,0,after_middleware,1.2082173489034176,2.5737793184816837,61.219345312565565,58.64556599408388,60.01112796366215,62.086161226034164,63.29853506758809,,,EXECUTE,published_after_gate_recheck,55.701041128486395,55.71321398019791,0.012172851711511612,5.51818311214447,55.81161892041564,65.40012825280428,56.03262409567833,61.219224240630865,61.23139709234238
167,xair,1,50.0,50.0,concurrent,0,1,0,0,0,293,293,before_check,0,,,,,61.551366932690144,62.56295507773757,59.20476512983441,60.326239094138145,,,REVOKE,read_set_version_changed_at_gate,59.023605193942785,,,4.475245717912912,54.64052176102996,62.40361602976918,54.80741476640105,63.4988509118557,
168,xair,1,50.0,50.0,concurrent,0,1,0,0,0,295,295,before_check,0,,,,,62.0764521881938,63.26733622699976,59.95663534849882,61.22390320524573,,,REVOKE,read_set_version_changed_at_gate,59.97014092281461,,,4.4351001270115376,54.58859400823712,63.062983099371195,54.7464401461184,64.40524104982615,
169,xair,1,50.0,50.0,concurrent,1,0,0,1,0,297,296,after_check,0,after_middleware,1.2782481499016285,2.431320957839489,60.121866408735514,57.690545450896025,58.843618258833885,61.397850047796965,62.58905539289117,,,EXECUTE,published_after_gate_recheck,55.37880724295974,55.39377499371767,0.014967750757932663,4.742919001728296,54.91089029237628,64.43019909784198,55.162642151117325,60.121726244688034,60.13669399544597
170,xair,1,50.0,50.0,concurrent,1,0,0,1,0,299,298,after_check,0,after_middleware,0.7843221537768841,1.9366838969290257,59.18867513537407,57.251991238445044,58.404352981597185,60.93852827325463,61.978648882359266,,,EXECUTE,published_after_gate_recheck,54.9166901037097,54.92869205772877,0.012001954019069672,4.271875135600567,54.44166902452707,64.12111921235919,54.725461173802614,59.188565239310265,59.200567193329334
171,xair,1,50.0,50.0,concurrent,1,0,0,1,0,301,300,after_check,0,after_middleware,1.2123240157961845,2.5910609401762486,59.90769388154149,57.31663294136524,58.695369865745306,60.97838282585144,62.197289895266294,,,EXECUTE,published_after_gate_recheck,55.694068782031536,55.706342216581106,0.012273434549570084,4.213524982333183,54.5355249196291,64.711085986346,54.90773310884833,59.90759376436472,59.91986719891429
172,xair,0,,50.0,control,1,0,0,0,0,,302,control,0,,1.0017501190304756,1.8092142418026924,58.87693027034402,57.06771602854133,57.87518015131354,,,,,EXECUTE,published_after_gate_recheck,54.00691367685795,54.01782365515828,0.010909978300333023,4.869906231760979,,,54.99597918242216,58.87681990861893,58.88772988691926
173,xair,1,50.0,50.0,concurrent,1,0,0,1,0,304,303,after_check,0,after_middleware,1.1848630383610725,2.217911183834076,60.159416403621435,57.94150521978736,58.97455336526036,61.455277260392904,63.021145295351744,,,EXECUTE,published_after_gate_recheck,55.24645885452628,55.260194931179285,0.013736076653003693,4.91279736161232,55.18051516264677,65.06969826295972,55.451464373618364,60.1592562161386,60.172992292791605
174,xair,0,,50.0,control,1,0,0,0,0,,305,control,0,,1.0012192651629448,2.2604111582040787,59.363632928580046,57.10322177037597,58.3624136634171,,,,,EXECUTE,published_after_gate_recheck,54.86668599769473,54.88437972962856,0.01769373193383217,4.496805835515261,,,54.62083499878645,59.36349183320999,59.381185565143824
175,xair,0,,50.0,control,1,0,0,0,0,,306,control,0,,1.3268901966512203,2.6821219362318516,60.4921611957252,57.81003925949335,59.16527099907398,,,,,EXECUTE,published_after_gate_recheck,55.73988379910588,55.75784761458635,0.017963815480470657,4.752116277813911,,,54.873389191925526,60.492000076919794,60.509963892400265
176,xair,1,50.0,50.0,concurrent,1,0,0,1,0,308,307,after_check,0,after_middleware,0.9882841259241104,2.3147519677877426,60.80423481762409,58.48948284983635,59.81595069169998,62.253654934465885,63.33606503903866,,,EXECUTE,published_after_gate_recheck,55.37876673042774,55.39329396560788,0.014527235180139542,5.425367970019579,55.602516047656536,65.55829476565123,55.837506894022226,60.80413470044732,60.81866193562746
177,xair,1,50.0,50.0,concurrent,1,0,0,1,0,310,309,after_check,0,after_middleware,1.0939822532236576,2.427013125270605,59.54316025599837,57.11614713072777,58.449178002774715,60.62075216323137,61.928225215524435,,,EXECUTE,published_after_gate_recheck,55.32348295673728,55.33538479357958,0.011901836842298508,4.219557158648968,54.38146600499749,63.77240503206849,54.58741309121251,59.54304011538625,59.554941952228546
178,xair,1,50.0,50.0,concurrent,1,0,0,1,0,312,311,after_check,0,after_middleware,1.2309299781918526,2.5654127821326256,60.67454256117344,58.10912977904081,59.44361258298159,62.011290807276964,63.10080457478762,,,EXECUTE,published_after_gate_recheck,56.22738879173994,56.241906713694334,0.014517921954393387,4.447002895176411,54.61028590798378,65.04075368866324,54.92694955319166,60.67439168691635,60.688909608870745
179,xair,0,,50.0,control,1,0,0,0,0,,313,control,0,,1.153383869677782,2.41056177765131,63.71893407776952,61.30837230011821,62.565550208091736,,,,,EXECUTE,published_after_gate_recheck,59.116780292242765,59.12902299314737,0.012242700904607773,4.601974040269852,,,54.71679521724582,63.71875433251262,63.730997033417225
180,xair,0,,50.0,control,1,0,0,0,0,,314,control,0,,1.3307458721101284,2.7902848087251186,60.29045069590211,57.50016588717699,58.95970482379198,,,,,EXECUTE,published_after_gate_recheck,55.961871054023504,55.97718013450503,0.015309080481529236,4.328419920057058,,,54.442148655653,60.29029097408056,60.30560005456209
181,xair,1,50.0,50.0,concurrent,1,0,0,1,0,316,315,after_check,0,after_middleware,1.1650756932795048,2.283623907715082,60.56253192946315,58.278908021748066,59.39745623618364,62.19160882756114,63.38122021406889,,,EXECUTE,published_after_gate_recheck,55.73336314409971,55.74491387233138,0.011550728231668472,4.828839097172022,55.15134986490011,65.33340318128467,55.406448896974325,60.562202241271734,60.5737529695034
182,xair,1,50.0,50.0,concurrent,0,1,0,0,0,318,318,before_check,0,,,,,62.80639162287116,63.9892709441483,60.2918048389256,61.50462990626693,,,REVOKE,read_set_version_changed_at_gate,59.961233753710985,,,5.16327703371644,55.429643020033836,63.82976192981005,55.78681267797947,65.12451078742743,
183,xair,1,50.0,50.0,concurrent,1,0,0,1,0,320,319,after_check,0,after_middleware,1.0437588207423687,2.3439479991793633,59.60154999047518,57.257601991295815,58.55779116973281,61.179229989647865,62.32000980526209,,,EXECUTE,published_after_gate_recheck,55.09243905544281,55.10509293526411,0.012653879821300507,4.50896006077528,54.67341374605894,64.41459991037846,54.90172188729048,59.60139911621809,59.61405299603939
184,xair,1,50.0,50.0,concurrent,1,0,0,1,0,322,321,after_check,0,after_middleware,1.144446898251772,2.091473899781704,60.05617184564471,57.96469794586301,58.91172494739294,61.30236992612481,62.859802041202784,,,EXECUTE,published_after_gate_recheck,55.398964788764715,55.410746950656176,0.011782161891460419,4.656847100704908,54.93595590814948,64.82956791296601,55.240968242287636,60.055811889469624,60.067594051361084
185,xair,1,50.0,50.0,concurrent,1,0,0,1,0,324,323,after_check,0,after_middleware,1.0267873294651508,2.346802968531847,59.04251104220748,56.69570807367563,58.01572371274233,60.411227867007256,61.4979169331491,,,EXECUTE,published_after_gate_recheck,54.838642943650484,54.8538020811975,0.015159137547016144,4.203736782073975,54.3693327344954,63.6987560428679,54.62102498859167,59.04237972572446,59.057538863271475
186,xair,1,50.0,50.0,concurrent,0,1,0,0,0,326,326,before_check,0,,,,,61.67113175615668,62.65679094940424,59.479689691215754,60.515874065458775,,,REVOKE,read_set_version_changed_at_gate,59.26999682560563,,,4.142270889133215,54.30500162765384,62.693639658391476,54.48335688561201,63.412267714738846,
187,xair,1,50.0,50.0,concurrent,1,0,0,1,0,328,327,after_check,0,after_middleware,0.971662811934948,2.225514966994524,60.412820894271135,58.18730592727661,59.44115808233619,62.59626802057028,63.707221765071154,,,EXECUTE,published_after_gate_recheck,55.160467978566885,55.17190881073475,0.011440832167863846,5.2522229962050915,55.534699000418186,65.99267991259694,55.74411200359464,60.41269097477198,60.42413180693984
188,xair,1,50.0,50.0,concurrent,1,0,0,1,0,330,329,after_check,0,after_middleware,1.181586179882288,2.375576179474592,59.67940529808402,57.30382911860943,58.49781911820173,60.65548723563552,61.92393600940704,,,EXECUTE,published_after_gate_recheck,55.229667108505964,55.2387242205441,0.009057112038135529,4.449618048965931,54.666581097990274,63.96939419209957,54.87216729670763,59.679285157471895,59.68834226951003
189,xair,1,50.0,50.0,concurrent,0,1,0,0,0,332,332,before_check,0,,,,,62.87513114511967,64.01540990918875,60.681275092065334,61.672184150666,,,REVOKE,read_set_version_changed_at_gate,60.22990867495537,,,4.829881247133017,55.1052438095212,63.92881786450744,55.401850026100874,65.05978992208838,
190,xair,1,50.0,50.0,concurrent,1,0,0,1,0,334,333,after_check,0,after_middleware,1.3075633905828,2.666342072188854,60.3106589987874,57.64431692659855,59.0030956082046,61.45403394475579,62.725740019232035,,,EXECUTE,published_after_gate_recheck,55.54962670430541,55.56587781757116,0.016251113265752792,4.7609019093215466,54.930655751377344,64.81763487681746,55.1273450255394,60.31052861362696,60.32677972689271
191,xair,1,50.0,50.0,concurrent,0,1,0,0,0,336,336,before_check,0,,,,,67.54663633182645,69.03823418542743,63.1942399777472,65.3430512174964,,,REVOKE,read_set_version_changed_at_gate,67.86380987614393,,,4.596284125000238,54.87207695841789,68.53086221963167,56.180271320044994,72.46009400114417,
192,xair,1,50.0,50.0,concurrent,0,1,0,0,0,338,338,before_check,0,,,,,63.5081478394568,64.86030481755733,61.21010705828667,62.28901073336601,,,REVOKE,read_set_version_changed_at_gate,61.02068116888404,,,4.757625982165337,54.92116790264845,64.44853311404586,55.13823498040438,65.77830715104938,
193,xair,1,50.0,50.0,concurrent,1,0,0,1,0,340,339,after_check,0,after_middleware,1.1414620094001293,2.6569748297333717,60.694599989801645,58.03762516006827,59.553137980401516,61.92462705075741,63.054257072508335,,,EXECUTE,published_after_gate_recheck,55.81934377551079,55.834822822362185,0.01547904685139656,4.875136073678732,55.04807597026229,65.00658020377159,55.33668817952275,60.69447984918952,60.709958896040916
194,xair,1,50.0,50.0,concurrent,0,1,0,0,0,342,342,before_check,0,,,,,63.26310895383358,64.38819970935583,60.36971090361476,61.668737791478634,,,REVOKE,read_set_version_changed_at_gate,60.91080605983734,,,4.646897781640291,54.958808701485395,64.42052964121103,55.200171656906605,65.55770384147763,
195,xair,1,50.0,50.0,concurrent,1,0,0,1,0,344,343,after_check,0,after_middleware,1.1608977802097797,2.436881884932518,60.5084509588778,58.071569073945284,59.34755317866802,61.755461152642965,62.730951234698296,,,EXECUTE,published_after_gate_recheck,55.76953990384936,55.783405900001526,0.013865996152162552,4.738811403512955,54.901332128793,64.89533232524991,55.06976833567023,60.50835130736232,60.52221730351448
196,xair,0,,50.0,control,1,0,0,0,0,,345,control,0,,1.600863877683878,3.0105789192020893,61.83443870395422,58.82385978475213,60.23357482627034,,,,,EXECUTE,published_after_gate_recheck,57.63374688103795,57.64832487329841,0.014577992260456085,4.200560972094536,,,54.32254495099187,61.834307853132486,61.84888584539294
197,xair,1,50.0,50.0,concurrent,0,1,0,0,0,347,347,before_check,0,,,,,66.93648034706712,68.22318397462368,64.49638213962317,65.49223093315959,,,REVOKE,read_set_version_changed_at_gate,60.94620330259204,,,8.010488003492355,58.27593198046088,67.92002636939287,58.53963736444712,68.9566913060844,
198,xair,0,,50.0,control,1,0,0,0,0,,348,control,0,,1.038749236613512,2.312619239091873,59.72192483022809,57.40930559113622,58.68317559361458,,,,,EXECUTE,published_after_gate_recheck,55.203267838805914,55.21621182560921,0.012943986803293228,4.518516827374697,,,54.62690582498908,59.72178466618061,59.734728652983904
199,xair,1,50.0,50.0,concurrent,0,1,0,0,0,350,350,before_check,0,,,,,62.72876588627696,63.72382305562496,60.462393797934055,61.443936079740524,,,REVOKE,read_set_version_changed_at_gate,60.43102499097586,,,4.544997122138739,54.77478401735425,63.72531596571207,55.04683405160904,64.9760221131146,
200,xair,1,55.0,50.0,after_release,1,0,0,0,1,352,351,after_check,0,after_middleware,1.0572941973805428,2.3988401517271996,59.868951328098774,57.470111176371574,58.81165713071823,64.93236124515533,66.08238816261292,,,EXECUTE,published_after_gate_recheck,55.31775299459696,55.331588722765446,0.013835728168487549,4.551068414002657,60.14808500185609,68.03550338372588,54.75209141150117,59.868821408599615,59.8826571367681
201,xair,0,,50.0,control,1,0,0,0,0,,353,control,0,,0.8993069641292095,1.768236979842186,59.05371066182852,57.28547368198633,58.15440369769931,,,,,EXECUTE,published_after_gate_recheck,54.344607051461935,54.35649026185274,0.011883210390806198,4.708973690867424,,,54.8089980147779,59.05358074232936,59.065463952720165
202,xair,1,55.0,50.0,after_release,1,0,0,0,1,355,354,after_check,0,after_middleware,0.9322790428996086,2.12200079113245,59.787457808852196,57.665457017719746,58.85517876595259,65.0242930278182,66.00425159558654,,,EXECUTE,published_after_gate_recheck,55.12748612090945,55.14359613880515,0.016110017895698547,4.659801721572876,59.930596966296434,67.73812370374799,54.8463580198586,59.78728784248233,59.80339786037803
203,xair,0,,50.0,control,1,0,0,0,0,,356,control,0,,1.1520208790898323,2.641976810991764,60.16334379091859,57.521366979926825,59.011322911828756,,,,,EXECUTE,published_after_gate_recheck,55.656618904322386,55.66859105601907,0.011972151696681976,4.506594967097044,,,54.611217230558395,60.16321387141943,60.17518602311611
204,xair,1,55.0,50.0,after_release,1,0,0,0,1,358,357,after_check,0,after_middleware,0.9111487306654453,1.9233273342251778,59.90614090114832,57.98281356692314,58.994992170482874,65.1245410554111,66.16496294736862,,,EXECUTE,published_after_gate_recheck,54.95157605037093,54.96322829276323,0.01165224239230156,4.954434931278229,60.185916256159544,68.33172822371125,55.22340629249811,59.90601098164916,59.91766322404146
205,xair,0,,50.0,control,1,0,0,0,0,,359,control,0,,1.2547639198601246,2.4830782786011696,59.83733106404543,57.35425278544426,58.582567144185305,,,,,EXECUTE,published_after_gate_recheck,55.20424898713827,55.218566209077835,0.014317221939563751,4.632881842553616,,,54.73421700298786,59.83713082969189,59.85144805163145
206,xair,1,55.0,50.0,concurrent,1,0,0,1,0,361,360,after_check,0,after_middleware,1.2796707451343536,2.688033040612936,61.688083689659834,59.0000506490469,60.40841294452548,66.45791279152036,67.32704397290945,,,EXECUTE,published_after_gate_recheck,56.10947776585817,56.124585680663586,0.015107914805412292,5.578476004302502,60.9062067233026,69.44543775171041,55.9684126637876,61.687953770160675,61.70306168496609
207,xair,1,55.0,50.0,after_release,1,0,0,0,1,363,362,after_check,0,after_middleware,1.033127773553133,2.227919176220894,60.03027316182852,57.802353985607624,58.997145388275385,65.61835715547204,66.85537798330188,,,EXECUTE,published_after_gate_recheck,55.268620140850544,55.28081301599741,0.012192875146865845,4.761453252285719,60.217805206775665,68.98905104026198,55.016758386045694,60.03007339313626,60.04226626828313
208,xair,1,55.0,50.0,concurrent,1,0,0,1,0,365,364,after_check,0,after_middleware,1.6737696714699268,2.787258941680193,60.77053304761648,57.98327410593629,59.096763376146555,66.22637901455164,67.36560631543398,,,EXECUTE,published_after_gate_recheck,55.72821293026209,55.75370974838734,0.025496818125247955,5.042140372097492,60.291483998298645,69.826222024858,55.35252811387181,60.77035330235958,60.79585012048483
209,xair,0,,50.0,control,1,0,0,0,0,,366,control,0,,0.9784246794879436,2.322806976735592,60.40315283462405,58.08034585788846,59.42472815513611,,,,,EXECUTE,published_after_gate_recheck,55.32480590045452,55.34001486375928,0.015208963304758072,5.078237038105726,,,55.186556186527014,60.40304293856025,60.418251901865005
210,xair,1,55.0,50.0,after_release,1,0,0,0,1,368,367,after_check,0,after_middleware,1.154595986008644,2.190249040722847,59.73500991240144,57.54476087167859,58.580413926392794,64.51834412291646,65.70040201768279,,,EXECUTE,published_after_gate_recheck,55.09019596502185,55.10925082489848,0.01905485987663269,4.6446542255580425,59.9714838899672,67.51509616151452,54.90285390987992,59.73485019057989,59.753905050456524
211,xair,1,55.0,50.0,concurrent,1,0,0,1,0,370,369,after_check,0,after_middleware,1.357967033982277,3.5503702238202095,64.7798739373684,61.22950371354818,63.421906903386116,66.35431805625558,67.66953598707914,,,EXECUTE,published_after_gate_recheck,59.34636015444994,59.35942521318793,0.01306505873799324,5.433393642306328,60.65398408100009,69.94864204898477,55.711771827191114,64.77975379675627,64.79281885549426
212,xair,1,55.0,50.0,after_release,1,0,0,0,1,372,371,after_check,0,after_middleware,1.0634460486471653,2.181984018534422,60.668922029435635,58.48693801090121,59.60547598078847,65.69392886012793,66.66002096608281,,,EXECUTE,published_after_gate_recheck,54.97897695749998,54.99599874019623,0.0170217826962471,5.68981422111392,60.90952316299081,68.70914623141289,55.908620823174715,60.6687911786139,60.68581296131015
213,xair,1,55.0,50.0,after_release,1,0,0,0,1,374,373,after_check,0,after_middleware,1.084625255316496,2.1661240607500076,59.08030131831765,56.914177257567644,57.995676063001156,64.24919934943318,65.28706615790725,,,EXECUTE,published_after_gate_recheck,54.6314949169755,54.64396812021732,0.012473203241825104,4.44864621385932,59.603061992675066,67.08970805630088,54.64057205244899,59.08014113083482,59.09261433407664
214,xair,1,55.0,50.0,after_release,1,0,0,0,1,376,375,after_check,0,after_middleware,1.1424636468291283,2.145555801689625,60.448608826845884,58.30305302515626,59.306145180016756,66.1505158059299,67.5393519923091,,,EXECUTE,published_after_gate_recheck,55.22016901522875,55.235608015209436,0.015438999980688095,5.2283089607954025,60.63125096261501,69.64498199522495,55.538095999509096,60.44847797602415,60.46391697600484
215,xair,1,55.0,50.0,concurrent,1,0,0,1,0,378,377,after_check,0,after_middleware,1.2873150408267975,2.6188031770288944,60.07011840119958,57.451315224170685,58.78280336037278,64.39122511073947,65.56702125817537,,,EXECUTE,published_after_gate_recheck,55.58253871276975,55.59938075020909,0.016842037439346313,4.4874693267047405,59.80289727449417,67.9051373153925,54.722946137189865,60.07000803947449,60.086850076913834
216,xair,1,55.0,50.0,concurrent,1,0,0,1,0,380,379,after_check,0,after_middleware,1.2527098879218102,2.692490816116333,61.33795715868473,58.6454663425684,60.08524727076292,65.83915231749415,66.84594135731459,,,EXECUTE,published_after_gate_recheck,56.02424778044224,56.03609001263976,0.011842232197523117,5.313589237630367,60.62644300982356,68.86071106418967,55.679341312497854,61.337837018072605,61.34967925027013
217,xair,1,55.0,50.0,concurrent,1,0,0,1,0,382,381,after_check,0,after_middleware,1.3056001625955105,2.6511740870773792,60.08046818897128,57.4292941018939,58.77486802637577,64.69032587483525,65.91514404863119,,,EXECUTE,published_after_gate_recheck,55.638163816183805,55.65315205603838,0.014988239854574203,4.441862925887108,59.81981894001365,68.08069674298167,54.71724504604936,60.08002674207091,60.09501498192549
218,xair,1,55.0,50.0,concurrent,1,0,0,1,0,384,383,after_check,0,after_middleware,1.1665690690279007,2.4654660373926163,60.63627125695348,58.17080521956086,59.46970218792558,65.99265011027455,67.31114396825433,,,EXECUTE,published_after_gate_recheck,55.8514641597867,55.86411710828543,0.012652948498725891,4.784686956554651,60.021838173270226,69.3708281032741,55.04807736724615,60.63615111634135,60.64880406484008
219,xair,1,55.0,50.0,concurrent,1,0,0,1,0,386,385,after_check,0,after_middleware,1.2359782122075558,2.546486910432577,60.08241092786193,57.53592401742935,58.84643271565437,65.31784404069185,66.43485883250833,,,EXECUTE,published_after_gate_recheck,55.667167995125055,55.676805786788464,0.00963779166340828,4.4151428155601025,59.66799380257726,68.59312858432531,54.70466194674373,60.08231081068516,60.091948602348566
220,xair,0,,50.0,control,1,0,0,0,0,,387,control,0,,0.994865782558918,2.5167707353830338,59.476545080542564,56.95977434515953,58.481679297983646,,,,,EXECUTE,published_after_gate_recheck,55.01443287357688,55.02319009974599,0.008757226169109344,4.4619920663535595,,,54.55447128042579,59.47642493993044,59.48518216609955
221,xair,1,55.0,50.0,after_release,1,0,0,0,1,389,388,after_check,0,after_middleware,1.0531358420848846,2.2336808033287525,59.49621181935072,57.26253101602197,58.443075977265835,65.0615026243031,66.35794462636113,,,EXECUTE,published_after_gate_recheck,54.85036503523588,54.866835940629244,0.016470905393362045,4.645735956728458,59.95448073372245,68.45837505534291,55.01457303762436,59.49610099196434,59.5125718973577
222,xair,1,55.0,50.0,concurrent,1,0,0,1,0,391,390,after_check,0,after_middleware,1.146361231803894,2.529987134039402,60.23887498304248,57.70888784900308,59.092513751238585,65.3920229524374,66.71604700386524,,,EXECUTE,published_after_gate_recheck,55.6552461348474,55.67039409652352,0.015147961676120758,4.583518952131271,59.74408704787493,68.70167190209031,54.797425866127014,60.238765086978674,60.253913048654795
223,xair,1,55.0,50.0,after_release,1,0,0,0,1,393,392,after_check,0,after_middleware,1.1293287388980389,2.484290860593319,60.04122458398342,57.5569337233901,58.91189584508538,65.21080294623971,66.48194789886475,,,EXECUTE,published_after_gate_recheck,55.157401133328676,55.17391208559275,0.01651095226407051,4.883662797510624,60.200012754648924,68.57417291030288,55.08916359394789,60.0410639308393,60.05757488310337
224,xair,0,,50.0,control,1,0,0,0,0,,394,control,0,,1.2939074076712132,2.2266870364546776,59.78838028386235,57.561693247407675,58.49447287619114,,,,,EXECUTE,published_after_gate_recheck,54.97697275131941,54.990076925605536,0.01310417428612709,4.811277147382498,,,54.917071014642715,59.788249898701906,59.80135407298803
225,xair,1,55.0,50.0,concurrent,1,0,0,1,0,396,395,after_check,0,after_middleware,1.3693193905055523,2.595619298517704,60.134950093925,57.539330795407295,58.76563070341945,64.93051676079631,66.09581410884857,,,EXECUTE,published_after_gate_recheck,55.71306496858597,55.72750186547637,0.01443689689040184,4.421514924615622,59.57456910982728,68.0764289572835,54.622408002614975,60.13457989320159,60.14901679009199
226,xair,1,55.0,50.0,after_release,1,0,0,0,1,398,397,after_check,0,after_middleware,0.9805699810385704,2.1599819883704185,60.393826104700565,58.23384411633015,59.413256123661995,65.43003441765904,66.50903914123774,,,EXECUTE,published_after_gate_recheck,55.12229586020112,55.13720400631428,0.014908146113157272,5.27142034843564,60.64126035198569,68.59850930050015,55.65877305343747,60.39371620863676,60.40862435474992
227,xair,1,55.0,50.0,after_release,1,0,0,0,1,400,399,after_check,0,after_middleware,1.1900332756340504,2.415311988443136,59.835419058799744,57.42010707035661,58.64538578316569,65.25251222774386,66.37571891769767,,,EXECUTE,published_after_gate_recheck,55.22928619757295,55.24127883836627,0.011992640793323517,4.605981986969709,59.98673290014267,68.66955291479826,54.80071296915412,59.835268184542656,59.84726082533598
228,xair,1,55.0,50.0,after_release,1,0,0,0,1,402,401,after_check,0,after_middleware,1.084744930267334,2.274547703564167,59.28352288901806,57.00897518545389,58.198777958750725,64.26208326593041,65.39006903767586,,,EXECUTE,published_after_gate_recheck,54.92714885622263,54.93880109861493,0.01165224239230156,4.356243181973696,59.50508825480938,67.40284524857998,54.546224884688854,59.283392038196325,59.29504428058863
229,xair,1,55.0,50.0,concurrent,1,0,0,1,0,404,403,after_check,0,after_middleware,1.7037359066307545,3.063427284359932,60.50869124010205,57.44526395574212,58.8049553334713,65.76846912503242,67.21909018233418,,,EXECUTE,published_after_gate_recheck,56.06962414458394,56.08878983184695,0.019165687263011932,4.438897129148245,59.69856120646,69.64392028748989,54.75488631054759,60.508521273732185,60.5276869609952
230,xair,1,55.0,50.0,concurrent,1,0,0,1,0,406,405,after_check,0,after_middleware,1.3213888742029667,2.6899967342615128,60.69643376395106,58.00643702968955,59.3750448897481,66.20094086974859,67.30978097766638,,,EXECUTE,published_after_gate_recheck,55.81785133108497,55.83139602094889,0.013544689863920212,4.878482781350613,60.13693381100893,69.41291689872742,55.198058020323515,60.69633411243558,60.7098788022995
231,xair,1,55.0,50.0,concurrent,1,0,0,1,0,408,407,after_check,0,after_middleware,1.3447627425193787,3.007772844284773,60.690172016620636,57.68239917233586,59.34540927410126,65.42055634781718,66.67972914874554,,,EXECUTE,published_after_gate_recheck,56.34218407794833,56.36402498930693,0.021840911358594894,4.347817040979862,59.59112010896206,69.01512015610933,54.66177221387625,60.690001118928194,60.71184203028679
232,xair,1,55.0,50.0,concurrent,1,0,0,1,0,410,409,after_check,0,after_middleware,1.587799284607172,2.857732120901346,61.014571227133274,58.15683910623193,59.4267719425261,65.803746227175,66.85742316767573,,,EXECUTE,published_after_gate_recheck,55.82408281043172,55.8368768543005,0.012794043868780136,5.190378054976463,60.55089086294174,69.23876004293561,55.55670103058219,61.01446086540818,61.02725490927696
233,xair,1,55.0,50.0,concurrent,1,0,0,1,0,412,411,after_check,0,after_middleware,1.3542911037802696,2.4085482582449913,60.68924022838473,58.28069197013974,59.334949124604464,65.99667808040977,67.05474248155951,,,EXECUTE,published_after_gate_recheck,55.64540717750788,55.661116261035204,0.015709083527326584,5.043732933700085,60.21539121866226,69.36475588008761,55.26814004406333,60.68914011120796,60.70484919473529
234,xair,0,,50.0,control,1,0,0,0,0,,413,control,0,,1.313242595642805,2.692420966923237,61.376187950372696,58.68376698344946,60.06294535472989,,,,,EXECUTE,published_after_gate_recheck,56.67845532298088,56.691840291023254,0.013384968042373657,4.697632975876331,,,54.810851346701384,61.37608829885721,61.389473266899586
235,xair,0,,50.0,control,1,0,0,0,0,,414,control,0,,0.9937640279531479,2.162436954677105,60.02491293475032,57.862475980073214,59.03114890679717,,,,,EXECUTE,published_after_gate_recheck,54.8831969499588,54.89599099382758,0.012794043868780136,5.141606088727713,,,55.248872842639685,60.024803038686514,60.037597082555294
236,xair,1,55.0,50.0,after_release,1,0,0,0,1,416,415,after_check,0,after_middleware,1.1541349813342094,2.321224194020033,59.89953828975558,57.57831409573555,58.74540330842137,66.50017201900482,67.78981210663915,,,EXECUTE,published_after_gate_recheck,55.372274946421385,55.38647202774882,0.014197081327438354,4.527053330093622,60.07174216210842,69.67267440631986,54.92399400100112,59.89932827651501,59.913525357842445
237,xair,0,,50.0,control,1,0,0,0,0,,417,control,0,,1.1253510601818562,2.397267147898674,59.76807093247771,57.37080378457904,58.64271987229586,,,,,EXECUTE,published_after_gate_recheck,55.22269383072853,55.23555772379041,0.012863893061876297,4.545227158814669,,,54.64884685352445,59.7679209895432,59.780784882605076
238,xair,1,55.0,50.0,after_release,1,0,0,0,1,419,418,after_check,0,after_middleware,0.8735894225537777,2.272874116897583,59.62489312514663,57.352019008249044,58.75130370259285,65.21936878561974,66.12864509224892,,,EXECUTE,published_after_gate_recheck,54.592872969806194,54.60345325991511,0.010580290108919144,5.031909793615341,60.187648981809616,68.47432581707835,55.22822495549917,59.624782763421535,59.635363053530455
239,xair,0,,50.0,control,1,0,0,0,0,,420,control,0,,1.3733361847698689,2.591382246464491,60.50633732229471,57.91495507583022,59.13300113752484,,,,,EXECUTE,published_after_gate_recheck,55.432998575270176,55.44745596125722,0.01445738598704338,5.073228385299444,,,55.21681299433112,60.50622696056962,60.52068434655666
240,xair,1,60.0,50.0,after_release,1,0,0,0,1,422,421,after_check,0,after_middleware,1.0188817977905273,2.1252469159662724,60.32829266041517,58.2030457444489,59.309410862624645,70.48040814697742,71.6067529283464,,,EXECUTE,published_after_gate_recheck,55.147633887827396,55.15893502160907,0.011301133781671524,5.180548876523972,65.47410693019629,73.95370583981276,55.56851299479604,60.32818276435137,60.33948389813304
241,xair,1,60.0,50.0,after_release,1,0,0,0,1,424,423,after_check,0,after_middleware,1.2711849994957447,2.6111286133527756,60.639907605946064,58.02877899259329,59.36872260645032,69.63112577795982,70.90646866708994,,,EXECUTE,published_after_gate_recheck,55.81942293792963,55.8359338901937,0.01651095226407051,4.8203538171947,64.99669095501304,73.15608859062195,55.036624893546104,60.63977675512433,60.6562877073884
242,xair,0,,50.0,control,1,0,0,0,0,,425,control,0,,1.0721520520746708,2.33013229444623,59.60472533479333,57.2745930403471,58.53257328271866,,,,,EXECUTE,published_after_gate_recheck,54.78427233174443,54.79472130537033,0.010448973625898361,4.820323083549738,,,54.92449412122369,59.60459541529417,59.61504438892007
243,xair,1,60.0,50.0,after_release,1,0,0,0,1,427,426,after_check,0,after_middleware,1.1817468330264091,2.4944599717855453,59.79305878281593,57.29859881103039,58.611311949789524,69.87837981432676,70.9736249409616,,,EXECUTE,published_after_gate_recheck,55.19363982602954,55.20320776849985,0.009567942470312119,4.599289037287235,64.90019103512168,72.9327411390841,54.940484929829836,59.792928863316774,59.80249680578709
244,xair,0,,50.0,control,1,0,0,0,0,,428,control,0,,0.9650909341871738,2.0434134639799595,59.515247121453285,57.471833657473326,58.55015618726611,,,,,EXECUTE,published_after_gate_recheck,54.610325023531914,54.623288568109274,0.012963544577360153,4.904812201857567,,,55.02006411552429,59.51513722538948,59.52810076996684
245,xair,1,60.0,50.0,after_release,1,0,0,0,1,430,429,after_check,0,after_middleware,0.9204968810081482,2.162206918001175,59.365236200392246,57.20302928239107,58.4447393193841,69.30095609277487,70.49215119332075,,,EXECUTE,published_after_gate_recheck,54.817925207316875,54.831641260534525,0.01371605321764946,4.547181073576212,64.7108149714768,72.52740999683738,54.775926284492016,59.36510628089309,59.37882233411074
246,xair,1,60.0,50.0,after_release,1,0,0,0,1,432,431,after_check,0,after_middleware,1.198458019644022,2.578477840870619,59.96014177799225,57.38166393712163,58.76168375834823,69.73577197641134,70.78825682401657,,,EXECUTE,published_after_gate_recheck,55.49244023859501,55.504953023046255,0.012512784451246262,4.467601887881756,64.77933283895254,72.63660384342074,54.84784068539739,59.960042126476765,59.97255491092801
247,xair,1,60.0,50.0,after_release,1,0,0,0,1,434,433,after_check,0,after_middleware,1.1913352645933628,2.6983930729329586,60.92349020764232,58.22509713470936,59.732154943048954,71.00232923403382,72.3879081197083,,,EXECUTE,published_after_gate_recheck,55.6659959256649,55.677386932075024,0.011391006410121918,5.257394164800644,65.52160624414682,74.63675690814853,55.6009141728282,60.923390090465546,60.93478109687567
248,xair,1,60.0,50.0,after_release,1,0,0,0,1,436,435,after_check,0,after_middleware,1.1521214619278908,2.439347095787525,60.6564492918551,58.21710219606757,59.504327829927206,70.18397422507405,71.33651617914438,,,EXECUTE,published_after_gate_recheck,55.576296988874674,55.588820949196815,0.012523960322141647,5.080031231045723,65.37200603634119,73.41022603213787,55.41464500129223,60.6563282199204,60.66885218024254
249,xair,1,60.0,50.0,after_release,1,0,0,0,1,438,437,after_check,0,after_middleware,1.0547391138970852,2.619083970785141,60.456864070147276,57.837780099362135,59.40212495625019,70.6188390031457,71.87450397759676,,,EXECUTE,published_after_gate_recheck,55.70595012977719,55.71593903005123,0.009988900274038315,4.750792868435383,65.05038170143962,73.99425096809864,55.10087497532368,60.456742998212576,60.466731898486614
250,xair,0,,50.0,control,1,0,0,0,0,,439,control,0,,0.7930481806397438,2.3542270064353943,59.20018628239632,56.84595927596092,58.40713810175657,,,,,EXECUTE,published_after_gate_recheck,54.86777890473604,54.87676616758108,0.008987262845039368,4.332256969064474,,,54.428594186902046,59.200035873800516,59.209023136645555
251,xair,1,60.0,50.0,after_release,1,0,0,0,1,441,440,after_check,0,after_middleware,1.1184089817106724,2.5941370986402035,60.32108003273606,57.72694293409586,59.20267105102539,69.56682587042451,70.61930978670716,,,EXECUTE,published_after_gate_recheck,55.43574271723628,55.45053072273731,0.014788005501031876,4.8852162435650826,65.04612416028976,72.59940495714545,55.096648167818785,60.32095896080136,60.335746966302395
252,xair,1,60.0,50.0,after_release,1,0,0,0,1,443,442,after_check,0,after_middleware,1.1170157231390476,2.5635496713221073,59.80960000306368,57.24605033174157,58.69258427992463,69.43317502737045,70.79052226617932,,,EXECUTE,published_after_gate_recheck,55.12106418609619,55.132064037024975,0.010999850928783417,4.688416142016649,64.86429320648313,73.19451216608286,54.90752309560776,59.80948032811284,59.820480179041624
253,xair,1,60.0,50.0,after_release,1,0,0,0,1,445,444,after_check,0,after_middleware,1.3031340204179287,2.646754961460829,60.76397001743317,58.11721505597234,59.46083599701524,70.21884899586439,71.29600970074534,,,EXECUTE,published_after_gate_recheck,55.99616514518857,56.00631423294544,0.010149087756872177,4.767684731632471,65.06756413727999,73.72727105394006,55.120812729001045,60.76384987682104,60.77399896457791
254,xair,0,,50.0,control,1,0,0,0,0,,446,control,0,,1.3360059820115566,2.608233131468296,60.5762479826808,57.9680148512125,59.24024200066924,,,,,EXECUTE,published_after_gate_recheck,55.59466173872352,55.60596287250519,0.011301133781671524,4.981426056474447,,,55.073664989322424,60.576087795197964,60.587388928979635
255,xair,1,60.0,50.0,after_release,1,0,0,0,1,448,447,after_check,0,after_middleware,1.0296916589140892,2.566174603998661,60.39078999310732,57.82461538910866,59.36109833419323,70.68920135498047,71.75724534317851,,,EXECUTE,published_after_gate_recheck,55.45077193528414,55.458677001297474,0.007905066013336182,4.93971724063158,65.19666640087962,74.02736321091652,55.21863605827093,60.39048917591572,60.398394241929054
256,xair,1,60.0,50.0,after_release,1,0,0,0,1,450,449,after_check,0,after_middleware,0.8522788994014263,1.9062566570937634,59.16584189981222,57.25958524271846,58.313563000410795,69.6597695350647,70.90923422947526,,,EXECUTE,published_after_gate_recheck,54.49523916468024,54.50942600145936,0.014186836779117584,4.6704718843102455,64.86359098926187,72.86509312689304,54.90863509476185,59.16571104899049,59.179897885769606
257,xair,1,60.0,50.0,after_release,1,0,0,0,1,452,451,after_check,0,after_middleware,1.0683336295187473,2.5039780884981155,62.66647996380925,60.162501875311136,61.598146334290504,70.58809231966734,72.06341903656721,,,EXECUTE,published_after_gate_recheck,58.02291817963123,58.0344689078629,0.011550728231668472,4.643462132662535,64.96698595583439,74.06667806208134,55.017679929733276,62.66638031229377,62.677931040525436
258,xair,1,60.0,50.0,after_release,1,0,0,0,1,454,453,after_check,0,after_middleware,1.1267340742051601,2.288893796503544,60.41992409154773,58.131030295044184,59.29319001734257,69.96036320924759,71.28387596458197,,,EXECUTE,published_after_gate_recheck,55.28023187071085,55.28947990387678,0.009248033165931702,5.139582324773073,65.38872700184584,73.41285096481442,55.428109131753445,60.41981419548392,60.429062228649855
259,xair,0,,50.0,control,1,0,0,0,0,,455,control,0,,1.3034059666097164,2.760168630629778,60.92061381787062,58.16044518724084,59.6172078512609,,,,,EXECUTE,published_after_gate_recheck,55.77571131289005,55.79168116673827,0.015969853848218918,5.144781898707151,,,55.29069108888507,60.920493211597204,60.93646306544542
260,xair,1,60.0,50.0,after_release,1,0,0,0,1,457,456,after_check,0,after_middleware,1.2915930710732937,2.3611201904714108,60.27697632089257,57.91585613042116,58.98538324981928,69.83186211436987,71.00664637982845,,,EXECUTE,published_after_gate_recheck,55.82304112613201,55.839471984654665,0.01643085852265358,4.453805275261402,64.74113138392568,72.9493610560894,54.82183210551739,60.27684640139341,60.29327725991607
261,xair,0,,50.0,control,1,0,0,0,0,,458,control,0,,1.1224858462810516,2.1933550015091896,59.467657934874296,57.27430293336511,58.345172088593245,,,,,EXECUTE,published_after_gate_recheck,54.87895989790559,54.893297143280506,0.014337245374917984,4.588588140904903,,,54.71251718699932,59.46754803881049,59.48188528418541
262,xair,1,60.0,50.0,after_release,1,0,0,0,1,460,459,after_check,0,after_middleware,0.9002392180263996,2.057210076600313,60.101638082414865,58.04442800581455,59.201398864388466,69.24347905442119,70.54901821538806,,,EXECUTE,published_after_gate_recheck,55.402000434696674,55.41523499414325,0.013234559446573257,4.699506796896458,64.88802703097463,72.58222298696637,54.90975687280297,60.10150723159313,60.114741791039705
263,xair,1,60.0,50.0,after_release,1,0,0,0,1,462,461,after_check,0,after_middleware,1.1382652446627617,2.6085940189659595,61.204967088997364,58.596373070031404,60.0667018443346,69.90356696769595,70.99747890606523,,,EXECUTE,published_after_gate_recheck,55.64305279403925,55.655647069215775,0.012594275176525116,5.5617839097976685,65.75219798833132,73.11392994597554,55.813081096857786,61.20483670383692,61.21743097901344
264,xair,0,,50.0,control,1,0,0,0,0,,463,control,0,,0.9266790002584457,2.2598998621106148,59.81385800987482,57.553958147764206,58.887179009616375,,,,,EXECUTE,published_after_gate_recheck,55.24887377396226,55.2577399648726,0.008866190910339355,4.56488411873579,,,54.662293288856745,59.81375789269805,59.82262408360839
265,xair,1,60.0,50.0,after_release,1,0,0,0,1,465,464,after_check,0,after_middleware,1.03086419403553,2.3360620252788067,61.21193012222648,58.87586809694767,60.18106592819095,70.64168201759458,71.56811002641916,,,EXECUTE,published_after_gate_recheck,55.42950192466378,55.43813807889819,0.008636154234409332,5.782317835837603,65.96650090068579,73.27252672985196,55.99314905703068,61.211819760501385,61.220455914735794
266,xair,1,60.0,50.0,after_release,1,0,0,0,1,467,466,after_check,0,after_middleware,0.9254361502826214,2.0217429846525192,59.55540342256427,57.53366043791175,58.62996727228165,69.9627990834415,71.073392406106,,,EXECUTE,published_after_gate_recheck,54.867968894541264,54.880592972040176,0.012624077498912811,4.687324166297913,64.91131102666259,73.0478074401617,54.95099537074566,59.555293060839176,59.56791713833809
267,xair,1,60.0,50.0,after_release,1,0,0,0,1,469,468,after_check,0,after_middleware,1.1134487576782703,2.3951339535415173,59.713569935411215,57.3184359818697,58.600121177732944,69.52553801238537,70.84047514945269,,,EXECUTE,published_after_gate_recheck,55.01509504392743,55.0258350558579,0.010740011930465698,4.698385018855333,64.86042635515332,72.96495093032718,54.89657213911414,59.713480062782764,59.72422007471323
268,xair,0,,50.0,control,1,0,0,0,0,,470,control,0,,0.9754300117492676,1.9480749033391476,59.76177006959915,57.813695166260004,58.786340057849884,,,,,EXECUTE,published_after_gate_recheck,55.135891772806644,55.14766415581107,0.011772383004426956,4.625758156180382,,,54.72114309668541,59.761649928987026,59.77342231199145
269,xair,1,60.0,50.0,after_release,1,0,0,0,1,472,471,after_check,0,after_middleware,1.100814901292324,2.5777360424399376,60.50540506839752,57.927669025957584,59.4045901671052,69.700145162642,70.80242317169905,,,EXECUTE,published_after_gate_recheck,55.95205305144191,55.964005179703236,0.011952128261327744,4.553202074021101,64.72931010648608,72.85372214391828,54.75376406684518,60.50525512546301,60.51720725372434
270,xair,0,,50.0,control,1,0,0,0,0,,473,control,0,,0.8671972900629044,2.0805331878364086,58.61388612538576,56.53335293754935,57.74668883532286,,,,,EXECUTE,published_after_gate_recheck,54.10378519445658,54.11248141899705,0.00869622454047203,4.509980790317059,,,54.5952171087265,58.613765984773636,58.62246220931411
271,xair,1,60.0,50.0,after_release,1,0,0,0,1,475,474,after_check,0,after_middleware,1.3031549751758575,2.5314087979495525,60.889766085892916,58.35835728794336,59.58661111071706,69.97858732938766,70.85783733054996,,,EXECUTE,published_after_gate_recheck,55.853769183158875,55.86619209498167,0.012422911822795868,5.035866983234882,65.24843303486705,72.94733729213476,55.30388606712222,60.88963616639376,60.90205907821655
272,xair,0,,50.0,control,1,0,0,0,0,,476,control,0,,1.0753781534731388,2.573298290371895,60.35906122997403,57.78576293960214,59.28368307650089,,,,,EXECUTE,published_after_gate_recheck,55.28780585154891,55.297303944826126,0.009498093277215958,5.071114283055067,,,55.17064733430743,60.35892013460398,60.36841822788119
273,xair,1,60.0,50.0,after_release,1,0,0,0,1,478,477,after_check,0,after_middleware,1.232953742146492,2.5161607190966606,61.64017505943775,59.12401434034109,60.40722131729126,69.82786627486348,70.78721513971686,,,EXECUTE,published_after_gate_recheck,56.76540778949857,56.77617900073528,0.010771211236715317,4.874636419117451,65.09952526539564,72.86511408165097,55.163223296403885,61.64004420861602,61.650815419852734
274,xair,1,60.0,50.0,after_release,1,0,0,0,1,480,479,after_check,0,after_middleware,1.0264660231769085,2.1641203202307224,59.69906225800514,57.53494193777442,58.672596234828234,69.02571022510529,69.6479887701571,,,EXECUTE,published_after_gate_recheck,54.90749282762408,54.92094764485955,0.013454817235469818,4.79142926633358,64.94945334270597,71.78121013566852,55.00253103673458,59.69892209395766,59.71237691119313
275,xair,1,60.0,50.0,after_release,1,0,0,0,1,482,481,after_check,0,after_middleware,1.2149191461503506,2.5142673403024673,59.84687898308039,57.33261164277792,58.63195983693004,70.31433703377843,71.47630676627159,,,EXECUTE,published_after_gate_recheck,55.27075380086899,55.28895789757371,0.01820409670472145,4.576005041599274,64.88684471696615,73.33486387506127,54.94409101083875,59.84675884246826,59.86496293917298
276,xair,1,60.0,50.0,after_release,1,0,0,0,1,484,483,after_check,0,after_middleware,1.0460028424859047,2.269086893647909,59.816712979227304,57.547626085579395,58.7707101367414,70.26142813265324,71.44377613440156,,,EXECUTE,published_after_gate_recheck,55.2483219653368,55.26557471603155,0.01725275069475174,4.568280186504126,64.93198033422232,73.619669303298,54.986570961773396,59.816602151840925,59.83385490253568
277,xair,1,60.0,50.0,after_release,1,0,0,0,1,486,485,after_check,0,after_middleware,1.1907038278877735,2.5046290829777718,60.407442040741444,57.90281295776367,59.21673821285367,69.244340993464,70.39894722402096,,,EXECUTE,published_after_gate_recheck,55.600432213395834,55.61640206724405,0.015969853848218918,4.80689899995923,64.98404825106263,72.25879607722163,55.04358792677522,60.407331213355064,60.42330106720328
278,xair,1,60.0,50.0,after_release,1,0,0,0,1,488,487,after_check,0,after_middleware,1.1268043890595436,2.2538192570209503,59.81241539120674,57.55859613418579,58.6856110021472,69.58939740434289,70.49474632367492,,,EXECUTE,published_after_gate_recheck,55.00858277082443,55.02365110442042,0.015068333595991135,4.803722258657217,64.95900033041835,72.66107015311718,55.00009609386325,59.81230502948165,59.82737336307764
279,xair,1,60.0,50.0,after_release,1,0,0,0,1,490,489,after_check,0,after_middleware,1.178230158984661,2.414700109511614,59.88345807418227,57.46875796467066,58.70522791519761,69.56854881718755,71.0954531095922,,,EXECUTE,published_after_gate_recheck,55.253342259675264,55.26877101510763,0.015428755432367325,4.630005918443203,64.78413194417953,73.31187091767788,54.83165988698602,59.88334817811847,59.898776933550835
280,xair,1,100.0,50.0,after_release,1,0,0,0,1,492,491,after_check,0,after_middleware,1.1249999515712261,2.0443047396838665,59.681839775294065,57.6375350356102,58.55683982372284,110.21691001951694,111.40746297314763,,,EXECUTE,published_after_gate_recheck,54.520606994628906,54.53673703595996,0.01613004133105278,5.161132663488388,105.31361075118184,113.74212382361293,55.34913204610348,59.681739658117294,59.69786969944835
281,xair,1,100.0,50.0,after_release,1,0,0,0,1,494,493,after_check,0,after_middleware,0.7927673868834972,1.9271653145551682,59.40200528129935,57.474839966744184,58.609237894415855,111.47438921034336,112.9568200558424,,,EXECUTE,published_after_gate_recheck,54.56456867977977,54.57468796521425,0.010119285434484482,4.837326239794493,105.02797504886985,117.36722523346543,55.051452945917845,59.40189491957426,59.412014205008745
282,xair,1,100.0,50.0,after_release,1,0,0,0,1,496,495,after_check,0,after_middleware,0.9064297191798687,2.275118138641119,59.609664138406515,57.334545999765396,58.703234419226646,109.38699217513204,110.60125008225441,,,EXECUTE,published_after_gate_recheck,54.96937921270728,54.98125124722719,0.011872034519910812,4.640105180442333,104.80158030986786,112.61096131056547,54.83078910037875,59.609484393149614,59.621356427669525
283,xair,1,100.0,50.0,after_release,1,0,0,0,1,498,497,after_check,0,after_middleware,1.03086419403553,2.231806982308626,60.08527707308531,57.85347009077668,59.05441287904978,109.93746481835842,111.33495718240738,,,EXECUTE,published_after_gate_recheck,55.00676902011037,55.0188422203064,0.012073200196027756,5.078217014670372,105.31380120664835,113.42507787048817,55.34677719697356,60.08498603478074,60.09705923497677
284,xair,1,100.0,50.0,after_release,1,0,0,0,1,500,499,after_check,0,after_middleware,1.0656388476490974,2.4384548887610435,59.269876684993505,56.83142179623246,58.20423783734441,109.54305483028293,110.73538195341825,,,EXECUTE,published_after_gate_recheck,54.743916261941195,54.75366394966841,0.009747687727212906,4.525820724666119,104.67958077788353,113.04108798503876,54.70932088792324,59.26973698660731,59.279484674334526
285,xair,1,100.0,50.0,after_release,1,0,0,0,1,502,501,after_check,0,after_middleware,0.8872342295944691,2.1976931020617485,59.72839705646038,57.53070395439863,58.84116282686591,110.15585483983159,111.56783392652869,,,EXECUTE,published_after_gate_recheck,54.96690422296524,54.97699324041605,0.010089017450809479,4.761372692883015,104.99723674729466,113.871606066823,55.02294888719916,59.728276915848255,59.738365933299065
286,xair,0,,50.0,control,1,0,0,0,0,,503,control,0,,1.290930900722742,2.754267305135727,63.959014136344194,61.20474683120847,62.66808323562145,,,,,EXECUTE,published_after_gate_recheck,58.660694397985935,58.67406912147999,0.013374723494052887,5.298019852489233,,,55.412570014595985,63.95871425047517,63.97208897396922
287,xair,1,100.0,50.0,after_release,1,0,0,0,1,505,504,after_check,0,after_middleware,1.2839389964938164,2.874222118407488,62.85385088995099,59.9796287715435,61.569911893457174,111.45174596458673,112.62643989175558,,,EXECUTE,published_after_gate_recheck,56.97219632565975,56.985491421073675,0.013295095413923264,5.88152464479208,106.12966166809201,115.03840470686555,56.17689387872815,62.85372097045183,62.867016065865755
288,xair,1,100.0,50.0,after_release,1,0,0,0,1,507,506,after_check,0,after_middleware,1.1038812808692455,2.3642261512577534,60.28897920623422,57.92475305497646,59.18509792536497,110.14951299875975,111.40355607494712,,,EXECUTE,published_after_gate_recheck,55.189210921525955,55.19720632582903,0.007995404303073883,5.099656991660595,105.29961390420794,113.33330627530813,55.30003923922777,60.28886791318655,60.296863317489624
289,xair,0,,50.0,control,1,0,0,0,0,,508,control,0,,1.3014222495257854,2.512774895876646,60.4225299321115,57.909755036234856,59.121107682585716,,,,,EXECUTE,published_after_gate_recheck,55.527606047689915,55.5410822853446,0.013476237654685974,4.894802812486887,,,55.00070797279477,60.4224088601768,60.43588509783149
290,xair,1,100.0,50.0,after_release,1,0,0,0,1,510,509,after_check,0,after_middleware,1.2181857600808144,2.6279110461473465,60.18230877816677,57.554397732019424,58.96412301808596,110.7782730832696,111.93257803097367,,,EXECUTE,published_after_gate_recheck,55.41784968227148,55.456021800637245,0.03817211836576462,4.76433802396059,104.9266536720097,114.47131074965,54.972183890640736,60.18218770623207,60.220359824597836
291,xair,0,,50.0,control,1,0,0,0,0,,511,control,0,,1.1112149804830551,2.2790362127125263,59.43249212577939,57.153455913066864,58.321277145296335,,,,,EXECUTE,published_after_gate_recheck,55.128687992691994,55.16226077452302,0.03357278183102608,4.3037040159106255,,,54.419808089733124,59.43239200860262,59.465964790433645
292,xair,1,100.0,50.0,after_release,1,0,0,0,1,513,512,after_check,0,after_middleware,1.0737045668065548,2.3685339838266373,60.25962391868234,57.8910899348557,59.18591935187578,111.18331225588918,112.63266112655401,,,EXECUTE,published_after_gate_recheck,55.12630334123969,55.14072999358177,0.01442665234208107,5.133199971169233,105.44228134676814,115.03214295953512,55.48944417387247,60.259503312408924,60.273929964751005
293,xair,1,100.0,50.0,after_release,1,0,0,0,1,515,514,after_check,0,after_middleware,1.4451909810304642,2.9808618128299713,60.26268983259797,57.281828019768,58.81749885156751,110.7030319981277,111.75786098465323,,,EXECUTE,published_after_gate_recheck,56.20069894939661,56.22078711166978,0.020088162273168564,4.061830695718527,104.39929505810142,113.7471729889512,54.43369364365935,60.26252964511514,60.282617807388306
294,xair,1,100.0,50.0,after_release,1,0,0,0,1,517,516,after_check,0,after_middleware,1.046712975949049,2.1585486829280853,59.61444275453687,57.45589407160878,58.56772977858782,110.45457469299436,111.37758754193783,,,EXECUTE,published_after_gate_recheck,54.97858580201864,54.9981826916337,0.0195968896150589,4.63574705645442,104.77952798828483,113.69191901758313,54.877025075256824,59.61433285847306,59.63392974808812
295,xair,0,,50.0,control,1,0,0,0,0,,518,control,0,,1.1349800042808056,2.3860870860517025,60.575847979635,58.1897608935833,59.440867975354195,,,,,EXECUTE,published_after_gate_recheck,55.03225605934858,55.045540910214186,0.013284850865602493,5.543481092900038,,,55.657911114394665,60.57573715224862,60.58902200311422
296,xair,0,,50.0,control,1,0,0,0,0,,519,control,0,,1.0425359942018986,2.38852109760046,61.18351733312011,58.79499623551965,60.14098133891821,,,,,EXECUTE,published_after_gate_recheck,55.736348032951355,55.75190717354417,0.015559140592813492,5.4470691829919815,,,55.59003306552768,61.18341721594334,61.19897635653615
297,xair,1,100.0,50.0,after_release,1,0,0,0,1,521,520,after_check,0,after_middleware,0.922180712223053,2.0114039070904255,59.652164578437805,57.64076067134738,58.72998386621475,110.57537188753486,111.84226861223578,,,EXECUTE,published_after_gate_recheck,54.8583404161036,54.86854026094079,0.01019984483718872,4.793703556060791,105.1543615758419,114.21801568940282,55.1899429410696,59.65204397216439,59.66224381700158
298,xair,1,100.0,50.0,after_release,1,0,0,0,1,523,522,after_check,0,after_middleware,0.9978022426366806,2.310234121978283,59.62614621967077,57.31591209769249,58.62834397703409,110.64260918647051,111.88335623592138,,,EXECUTE,published_after_gate_recheck,54.785524029284716,54.79596275836229,0.010438729077577591,4.8405323177576065,105.15083512291312,114.25613798201084,55.19273830577731,59.62605634704232,59.6364950761199
299,xair,0,,50.0,control,1,0,0,0,0,,524,control,0,,0.9043659083545208,2.164329867810011,59.7456987015903,57.58136883378029,58.84133279323578,,,,,EXECUTE,published_after_gate_recheck,54.68647833913565,54.698190186172724,0.01171184703707695,5.059100687503815,,,55.15170097351074,59.74557902663946,59.75729087367654
300,xair,0,,50.0,control,1,0,0,0,0,,525,control,0,,1.0001356713473797,1.99917983263731,59.579899068921804,57.580719236284494,58.579763397574425,,,,,EXECUTE,published_after_gate_recheck,54.645872209221125,54.65792492032051,0.012052711099386215,4.9338871613144875,,,55.036626290529966,59.57975937053561,59.591812081635
301,xair,1,100.0,50.0,after_release,1,0,0,0,1,527,526,after_check,0,after_middleware,1.7562550492584705,3.325830213725567,61.98649434372783,58.66066413000226,60.23023929446936,110.75296625494957,111.86033301055431,,,EXECUTE,published_after_gate_recheck,56.206599809229374,56.21685879305005,0.010258983820676804,5.779764149338007,105.99855612963438,113.91860526055098,56.01472035050392,61.98636395856738,61.99662294238806
302,xair,1,100.0,50.0,after_release,1,0,0,0,1,529,528,after_check,0,after_middleware,0.9973808191716671,1.9655181095004082,59.235052205622196,57.26953409612179,58.23767138645053,109.71114132553339,110.75487919151783,,,EXECUTE,published_after_gate_recheck,54.602270014584064,54.61589526385069,0.01362524926662445,4.6326820738613605,104.91301910951734,112.83913906663656,54.95936004444957,59.234952088445425,59.24857733771205
303,xair,1,100.0,50.0,after_release,1,0,0,0,1,531,530,after_check,0,after_middleware,1.0506408289074898,2.249599900096655,59.324418660253286,57.07481876015663,58.2737778313458,110.49771588295698,111.88447801396251,,,EXECUTE,published_after_gate_recheck,54.842621088027954,54.8542533069849,0.011632218956947327,4.481667652726173,104.72927382215858,114.13232469931245,54.68029575422406,59.32428874075413,59.335920959711075
304,xair,1,100.0,50.0,after_release,1,0,0,0,1,533,532,after_check,0,after_middleware,1.2645828537642956,2.660672180354595,60.2782191708684,57.6175469905138,59.0136363171041,110.12315331026912,111.50661902502179,,,EXECUTE,published_after_gate_recheck,55.7880038395524,55.80502562224865,0.0170217826962471,4.490094259381294,104.67508202418685,113.68557717651129,54.723968263715506,60.2780980989337,60.295119881629944
305,xair,1,100.0,50.0,after_release,1,0,0,0,1,535,534,after_check,0,after_middleware,0.9110188111662865,2.4254503659904003,61.88963167369366,59.46418130770326,60.97861286252737,115.55941309779882,116.85425182804465,,,EXECUTE,published_after_gate_recheck,54.7201307490468,54.72995899617672,0.009828247129917145,7.169350981712341,107.3126308619976,119.14335703477263,57.33776278793812,61.889481730759144,61.89930997788906
306,xair,1,100.0,50.0,after_release,1,0,0,0,1,537,536,after_check,0,after_middleware,1.0871603153645992,2.3256330750882626,61.943843960762024,59.61821088567376,60.856683645397425,111.22844787314534,112.15647868812084,,,EXECUTE,published_after_gate_recheck,55.99911976605654,56.0137378051877,0.01461803913116455,5.944402888417244,106.2683816999197,114.00982597842813,56.296498980373144,61.94352265447378,61.958140693604946
307,xair,1,100.0,50.0,after_release,1,0,0,0,1,539,538,after_check,0,after_middleware,1.134367659687996,2.3498679511249065,60.149185825139284,57.79931787401438,59.01481816545129,110.30721897259355,111.38254590332508,,,EXECUTE,published_after_gate_recheck,54.992602206766605,55.00284116715193,0.01023896038532257,5.156463943421841,105.39684584364295,113.64649375900626,55.433548986911774,60.149066150188446,60.15930511057377
308,xair,0,,50.0,control,1,0,0,0,0,,540,control,0,,1.0288301855325699,2.34660180285573,59.569458942860365,57.222857140004635,58.540628757327795,,,,,EXECUTE,published_after_gate_recheck,54.880332201719284,54.88950898870826,0.009176786988973618,4.688996821641922,,,54.78471191599965,59.569329023361206,59.57850581035018
309,xair,1,100.0,50.0,after_release,1,0,0,0,1,542,541,after_check,0,after_middleware,1.0261749848723412,2.4189380928874016,60.21165382117033,57.79271572828293,59.18547883629799,110.4401876218617,111.73772299662232,,,EXECUTE,published_after_gate_recheck,55.40258204564452,55.40943378582597,0.0068517401814460754,4.8089418560266495,105.03861401230097,114.05662260949612,55.06440671160817,60.21152390167117,60.21837564185262
310,xair,1,100.0,50.0,after_release,1,0,0,0,1,544,543,after_check,0,after_middleware,1.2052012607455254,2.319151069968939,60.61676377430558,58.29761270433664,59.41156251356006,110.27998803183436,111.4981728605926,,,EXECUTE,published_after_gate_recheck,55.59868970885873,55.61308702453971,0.014397315680980682,5.0179739482700825,105.24428961798549,113.72614279389381,55.289188865572214,60.61666365712881,60.63106097280979
311,xair,1,100.0,50.0,after_release,1,0,0,0,1,546,545,after_check,0,after_middleware,1.0803560726344585,2.2761300206184387,60.44065300375223,58.16452298313379,59.36029693111777,110.56052427738905,111.7190271615982,,,EXECUTE,published_after_gate_recheck,54.86613465473056,54.88013103604317,0.013996381312608719,5.574418231844902,105.76282301917672,113.35393507033587,55.80189032480121,60.44055288657546,60.45454926788807
312,xair,1,100.0,50.0,after_release,1,0,0,0,1,548,547,after_check,0,after_middleware,1.0590259917080402,2.1444326266646385,59.89897670224309,57.75454407557845,58.83995071053505,110.26782495900989,111.47039104253054,,,EXECUTE,published_after_gate_recheck,54.930536076426506,54.94306003674865,0.012523960322141647,4.9683209508657455,105.20061897113919,113.64125367254019,55.24123879149556,59.89885702729225,59.91138098761439
313,xair,1,100.0,50.0,after_release,1,0,0,0,1,550,549,after_check,0,after_middleware,0.9041866287589073,2.0637516863644123,59.304491616785526,57.240739930421114,58.40030498802662,109.49353175237775,110.42824573814869,,,EXECUTE,published_after_gate_recheck,54.387206211686134,54.40059211105108,0.013385899364948273,4.9171545542776585,105.0703339278698,112.52987897023559,55.09012471884489,59.30436076596379,59.31774666532874
314,xair,1,100.0,50.0,after_release,1,0,0,0,1,552,551,after_check,0,after_middleware,1.0039140470325947,2.008798997849226,60.308224987238646,58.29942598938942,59.30431094020605,110.28956482186913,111.3837780430913,,,EXECUTE,published_after_gate_recheck,55.010286159813404,55.022158194333315,0.011872034519910812,5.297818686813116,105.61084793880582,113.5525768622756,55.65321072936058,60.30810484662652,60.31997688114643
315,xair,1,100.0,50.0,after_release,1,0,0,0,1,554,553,after_check,0,after_middleware,0.9806700982153416,2.281550318002701,59.496121015399694,57.214570697396994,58.51545091718435,110.04873365163803,111.09836306422949,,,EXECUTE,published_after_gate_recheck,54.882456082850695,54.8975239507854,0.015067867934703827,4.613544791936874,104.90209795534611,113.64184506237507,54.94205700233579,59.49600087478757,59.51106874272227
316,xair,0,,50.0,control,1,0,0,0,0,,555,control,0,,0.8191568776965141,2.0757149904966354,58.504771906882524,56.42905691638589,57.68561502918601,,,,,EXECUTE,published_after_gate_recheck,54.19538728892803,54.20743906870484,0.0120517797768116,4.309284966439009,,,54.4082960113883,58.50467225536704,58.51672403514385
317,xair,1,100.0,50.0,after_release,1,0,0,0,1,557,556,after_check,0,after_middleware,1.0229190811514854,2.1400754339993,59.24206506460905,57.10198963060975,58.219145983457565,109.83769781887531,111.18198977783322,,,EXECUTE,published_after_gate_recheck,54.98183285817504,54.996199905872345,0.01436704769730568,4.260061774402857,104.54116063192487,113.33458870649338,54.58106007426977,59.241894632577896,59.2562616802752
318,xair,0,,50.0,control,1,0,0,0,0,,558,control,0,,1.0592667385935783,2.318108920007944,60.17382303252816,57.85571411252022,59.114556293934584,,,,,EXECUTE,published_after_gate_recheck,55.169954895973206,55.1811158657074,0.011160969734191895,5.003758240491152,,,55.133878253400326,60.17371313646436,60.18487410619855
319,xair,1,100.0,50.0,after_release,1,0,0,0,1,560,559,after_check,0,after_middleware,1.1509493924677372,2.361039165407419,60.161540284752846,57.80050111934543,59.01059089228511,110.23705825209618,111.33746197447181,,,EXECUTE,published_after_gate_recheck,55.2938780747354,55.30332587659359,0.009447801858186722,4.867522045969963,105.09127425029874,113.21809096261859,55.11391116306186,60.161400120705366,60.17084792256355
