publishing_interval_ms,version_scope,intent_kind,run,trace_time_s,gateway_released,reason,e2e_latency_ms,validation_to_gate_ms,achieved_update_rate_hz
1000,readset,continuous,0,0.428,1,published_after_gate_recheck,23.27300189062953,5.595036782324314,1.0
1000,readset,continuous,1,0.558,1,published_after_gate_recheck,18.31842726096511,4.721297882497311,1.0
1000,global,continuous,2,1.221,1,published_after_gate_recheck,19.08611785620451,4.781951196491718,1.0
1000,readset,discrete,3,1.517,1,published_after_gate_recheck,17.385637387633324,4.533435683697462,1.0
1000,predicate,continuous,4,2.177,1,published_after_gate_recheck,17.648381181061268,4.656445700675249,1.0
1000,readset,discrete,5,2.792,1,published_after_gate_recheck,17.73199811577797,4.52436925843358,1.0
1000,readset,continuous,6,3.355,1,published_after_gate_recheck,18.062105868011713,4.654882941395044,1.0
1000,predicate,discrete,7,3.637,1,published_after_gate_recheck,18.766968976706266,4.080976825207472,1.0
1000,predicate,continuous,8,4.33,1,published_after_gate_recheck,17.75935897603631,4.75018285214901,1.0
1000,predicate,discrete,9,4.777,1,published_after_gate_recheck,17.298784106969833,4.585673101246357,1.0
1000,readset,continuous,10,5.183,1,published_after_gate_recheck,18.151343800127506,4.630677867680788,1.0
1000,global,continuous,11,5.753,1,published_after_gate_recheck,18.593634013086557,5.0736078992486,1.0
1000,readset,discrete,12,6.401,1,published_after_gate_recheck,18.267943058162928,4.459136165678501,1.0
1000,predicate,continuous,13,6.895,1,published_after_gate_recheck,17.321426887065172,4.6206689439713955,1.0
1000,predicate,discrete,14,7.209,1,published_after_gate_recheck,17.466539051383734,4.421615041792393,1.0
1000,predicate,continuous,15,7.897,1,published_after_gate_recheck,17.08031492307782,4.305167123675346,1.0
1000,readset,discrete,16,8.22,1,published_after_gate_recheck,21.26523619517684,6.7770639434456825,1.0
1000,predicate,discrete,17,8.737,1,published_after_gate_recheck,18.33556918427348,4.817788023501635,1.0
1000,global,discrete,18,9.114,1,published_after_gate_recheck,20.324632059782743,4.44553978741169,1.0
1000,global,discrete,19,9.75,1,published_after_gate_recheck,21.33570797741413,6.861683912575245,1.0
1000,predicate,continuous,20,10.029,1,published_after_gate_recheck,17.93095003813505,4.401437006890774,1.0
1000,predicate,discrete,21,10.923,1,published_after_gate_recheck,17.02538225799799,4.5068650506436825,1.0
1000,global,discrete,22,11.185,1,published_after_gate_recheck,17.505211289972067,4.165875725448132,1.0
1000,global,continuous,23,11.68,1,published_after_gate_recheck,16.4854577742517,4.408972337841988,1.0
1000,readset,continuous,24,12.428,1,published_after_gate_recheck,17.21328403800726,4.596733953803778,1.0
1000,predicate,continuous,25,12.843,1,published_after_gate_recheck,20.851170178502798,8.016981184482574,1.0
1000,global,discrete,26,13.228,1,published_after_gate_recheck,17.82327936962247,4.841703921556473,1.0
1000,global,continuous,27,13.933,1,published_after_gate_recheck,16.97754207998514,4.587916657328606,1.0
1000,global,discrete,28,14.299,1,published_after_gate_recheck,19.517897628247738,4.959053359925747,1.0
1000,readset,discrete,29,14.931,1,published_after_gate_recheck,17.304164357483387,4.8838830552995205,1.0
1000,predicate,discrete,30,15.132,1,published_after_gate_recheck,16.763459891080856,4.358137026429176,1.0
1000,global,continuous,31,15.893,1,published_after_gate_recheck,17.30438508093357,4.611290991306305,1.0
1000,global,continuous,32,16.474,1,published_after_gate_recheck,16.182961408048868,3.897923044860363,1.0
1000,global,continuous,33,16.701,1,published_after_gate_recheck,21.048340015113354,4.188077989965677,1.0
1000,readset,continuous,34,17.38,1,published_after_gate_recheck,20.49884758889675,5.054812878370285,1.0
1000,readset,discrete,35,17.987,1,published_after_gate_recheck,18.831439781934023,4.921954125165939,1.0
1000,readset,discrete,36,18.296,1,published_after_gate_recheck,18.363963346928358,4.622702952474356,1.0
1000,predicate,continuous,37,18.879,1,published_after_gate_recheck,17.740763258188963,4.43965895101428,1.0
1000,global,discrete,38,19.055,1,published_after_gate_recheck,18.455734942108393,4.956367891281843,1.0
1000,predicate,continuous,39,19.557,1,published_after_gate_recheck,17.88215897977352,4.811085760593414,1.0
1000,readset,continuous,40,20.412,1,published_after_gate_recheck,16.933510079979897,4.273217171430588,1.0
1000,readset,continuous,41,20.885,1,published_after_gate_recheck,17.811276018619537,4.545697942376137,1.0
1000,global,discrete,42,21.077,1,published_after_gate_recheck,19.08231107518077,4.868633579462767,1.0
1000,global,continuous,43,21.898,1,published_after_gate_recheck,17.674269154667854,4.428048152476549,1.0
1000,global,discrete,44,22.072,1,published_after_gate_recheck,18.491962924599648,4.585193004459143,1.0
1000,global,discrete,45,22.926,1,published_after_gate_recheck,21.33498713374138,4.936861805617809,1.0
1000,global,discrete,46,23.465,1,published_after_gate_recheck,17.099000047892332,4.154805094003677,1.0
1000,global,continuous,47,23.766,1,published_after_gate_recheck,17.60762371122837,4.225197248160839,1.0
1000,predicate,continuous,48,24.149,1,published_after_gate_recheck,18.774433061480522,4.347977694123983,1.0
1000,predicate,discrete,49,24.881,1,published_after_gate_recheck,18.289924133569002,4.831594880670309,1.0
1000,predicate,continuous,50,25.434,1,published_after_gate_recheck,17.640565987676382,4.4060456566512585,1.0
1000,readset,discrete,51,25.578,1,published_after_gate_recheck,18.09165207669139,4.801978822797537,1.0
1000,global,discrete,52,26.236,1,published_after_gate_recheck,19.829913042485714,4.688916727900505,1.0
1000,global,discrete,53,26.825,1,published_after_gate_recheck,17.635435797274113,4.648431204259396,1.0
1000,readset,continuous,54,27.382,1,published_after_gate_recheck,20.20595781505108,5.566332954913378,1.0
1000,readset,continuous,55,27.508,1,published_after_gate_recheck,17.807018011808395,4.711268935352564,1.0
1000,predicate,continuous,56,28.402,1,published_after_gate_recheck,22.056110203266144,4.60224412381649,1.0
1000,predicate,discrete,57,28.813,1,published_after_gate_recheck,18.526557832956314,4.507937002927065,1.0
1000,readset,discrete,58,29.412,1,published_after_gate_recheck,18.303950317204,5.008697044104338,1.0
1000,readset,discrete,59,29.565,1,published_after_gate_recheck,17.212661914527416,4.349359776824713,1.0
1000,global,continuous,60,30.207,1,published_after_gate_recheck,19.434321206063032,4.845540039241314,1.0
1000,readset,discrete,61,30.813,1,published_after_gate_recheck,18.138410057872534,4.543854855000973,1.0
1000,predicate,continuous,62,31.449,1,published_after_gate_recheck,19.204809796065092,5.33195398747921,1.0
1000,global,continuous,63,31.707,1,published_after_gate_recheck,17.45363511145115,4.462993238121271,1.0
1000,global,continuous,64,32.47,1,published_after_gate_recheck,19.73313232883811,5.456326995044947,1.0
1000,global,discrete,65,32.765,1,published_after_gate_recheck,16.38094335794449,4.635096061974764,1.0
1000,predicate,continuous,66,33.458,1,published_after_gate_recheck,18.514264840632677,4.552882164716721,1.0
1000,readset,discrete,67,33.989,1,published_after_gate_recheck,17.92511995881796,4.794504959136248,1.0
1000,predicate,continuous,68,34.04,1,published_after_gate_recheck,16.821298748254776,4.639534279704094,1.0
1000,predicate,discrete,69,34.603,1,published_after_gate_recheck,20.08045418187976,5.385092925280333,1.0
1000,readset,discrete,70,35.158,1,published_after_gate_recheck,19.9870178475976,5.245300941169262,1.0
1000,global,discrete,71,35.767,1,published_after_gate_recheck,18.324948847293854,5.026801023632288,1.0
1000,readset,continuous,72,36.357,1,published_after_gate_recheck,18.71098391711712,5.221777129918337,1.0
1000,readset,continuous,73,36.797,1,published_after_gate_recheck,18.658034037798643,4.910101648420095,1.0
1000,readset,continuous,74,37.173,1,published_after_gate_recheck,19.755813758820295,5.365245975553989,1.0
1000,predicate,continuous,75,37.589,1,published_after_gate_recheck,21.54572168365121,5.7634031400084496,1.0
1000,readset,continuous,76,38.217,1,published_after_gate_recheck,19.11725616082549,5.438753869384527,1.0
1000,predicate,continuous,77,38.996,1,published_after_gate_recheck,23.63259717822075,6.5127182751894,1.0
1000,global,continuous,78,39.097,1,published_after_gate_recheck,18.228578846901655,4.953282885253429,1.0
1000,global,continuous,79,39.589,1,published_after_gate_recheck,17.1695020981133,4.441182129085064,1.0
1000,readset,discrete,80,40.27,1,published_after_gate_recheck,19.083081744611263,4.73831919953227,1.0
1000,readset,discrete,81,40.59,1,published_after_gate_recheck,17.53285387530923,4.385257139801979,1.0
1000,predicate,continuous,82,41.398,1,published_after_gate_recheck,21.178503055125475,5.446859169751406,1.0
1000,predicate,discrete,83,41.739,1,published_after_gate_recheck,21.12045418471098,4.7546797432005405,1.0
1000,predicate,continuous,84,42.039,1,published_after_gate_recheck,16.803535167127848,4.509409889578819,1.0
1000,readset,continuous,85,42.737,1,published_after_gate_recheck,17.612562980502844,4.13487758487463,1.0
1000,predicate,discrete,86,43.35,1,published_after_gate_recheck,17.827937845140696,4.363415762782097,1.0
1000,readset,discrete,87,43.792,1,published_after_gate_recheck,16.236362047493458,4.118317272514105,1.0
1000,predicate,discrete,88,44.113,1,published_after_gate_recheck,21.52627520263195,5.061446223407984,1.0
1000,global,discrete,89,44.97,1,published_after_gate_recheck,18.902653828263283,4.571275785565376,1.0
1000,predicate,discrete,90,45.054,1,published_after_gate_recheck,16.155899967998266,4.2800395749509335,1.0
1000,readset,continuous,91,45.513,1,published_after_gate_recheck,17.438046168535948,4.905562847852707,1.0
1000,global,continuous,92,46.122,1,published_after_gate_recheck,18.098825123161077,4.511283244937658,1.0
1000,readset,discrete,93,46.942,1,published_after_gate_recheck,16.834093257784843,4.554535262286663,1.0
1000,predicate,continuous,94,47.263,1,published_after_gate_recheck,18.811041954904795,4.473552573472261,1.0
1000,global,discrete,95,47.829,1,published_after_gate_recheck,19.221471156924963,4.766963887959719,1.0
1000,readset,continuous,96,48.185,1,published_after_gate_recheck,18.718157894909382,4.854477010667324,1.0
1000,predicate,discrete,97,48.679,1,published_after_gate_recheck,16.63074130192399,4.203507211059332,1.0
1000,readset,discrete,98,49.22,1,published_after_gate_recheck,17.606812994927168,4.323851782828569,1.0
1000,global,continuous,99,49.594,1,published_after_gate_recheck,17.13945483788848,4.385376814752817,1.0
1000,global,continuous,100,50.297,1,published_after_gate_recheck,17.500764224678278,4.659250844269991,1.0
1000,predicate,discrete,101,50.657,1,published_after_gate_recheck,18.68810085579753,5.062116775661707,1.0
1000,global,discrete,102,51.476,1,published_after_gate_recheck,24.873765651136637,8.051847107708454,1.0
1000,global,discrete,103,51.89,1,published_after_gate_recheck,17.709756270051003,4.726727027446032,1.0
1000,global,continuous,104,52.095,1,published_after_gate_recheck,18.499016761779785,4.7237626276910305,1.0
1000,readset,discrete,105,52.967,1,published_after_gate_recheck,18.855704925954342,4.730475135147572,1.0
1000,predicate,discrete,106,53.062,1,published_after_gate_recheck,18.145432695746422,4.773464985191822,1.0
1000,readset,discrete,107,53.963,1,published_after_gate_recheck,17.299084924161434,4.435530863702297,1.0
1000,global,discrete,108,54.223,1,published_after_gate_recheck,16.467655077576637,4.2051891796290874,1.0
1000,global,discrete,109,54.916,1,published_after_gate_recheck,18.12772871926427,4.439929965883493,1.0
1000,global,discrete,110,55.263,1,published_after_gate_recheck,17.21100974828005,4.602024331688881,1.0
1000,readset,discrete,111,55.713,1,published_after_gate_recheck,16.610492952167988,4.495725035667419,1.0
1000,global,continuous,112,56.179,1,published_after_gate_recheck,17.413188703358173,4.49082488194108,1.0
1000,predicate,continuous,113,56.782,1,published_after_gate_recheck,18.847739789634943,5.371828097850084,1.0
1000,global,continuous,114,57.265,1,published_after_gate_recheck,19.99057410284877,4.856660962104797,1.0
1000,predicate,discrete,115,57.561,1,published_after_gate_recheck,17.479724250733852,4.665703047066927,1.0
1000,predicate,continuous,116,58.24,1,published_after_gate_recheck,18.030406907200813,4.748248960822821,1.0
1000,global,continuous,117,58.741,1,published_after_gate_recheck,17.480475828051567,4.7913286834955215,1.0
1000,predicate,continuous,118,59.42,1,published_after_gate_recheck,17.78765209019184,4.369687754660845,1.0
1000,global,continuous,119,59.583,1,published_after_gate_recheck,17.80883129686117,5.1290118135511875,1.0
1000,global,discrete,120,60.097,1,published_after_gate_recheck,18.898335751146078,5.278903059661388,1.0
1000,global,discrete,121,60.543,1,published_after_gate_recheck,18.30483227968216,4.909630864858627,1.0
1000,predicate,discrete,122,61.196,1,published_after_gate_recheck,19.442475866526365,4.929537884891033,1.0
1000,readset,continuous,123,61.709,1,published_after_gate_recheck,16.948798205703497,4.965655971318483,1.0
1000,predicate,discrete,124,62.18,1,published_after_gate_recheck,16.280123963952065,4.357164725661278,1.0
1000,predicate,discrete,125,62.544,1,published_after_gate_recheck,17.257247120141983,4.22842288389802,1.0
1000,global,continuous,126,63.462,1,published_after_gate_recheck,17.601733095943928,4.5670680701732635,1.0
1000,global,discrete,127,63.527,1,published_after_gate_recheck,15.561566222459078,4.260723944753408,1.0
1000,predicate,continuous,128,64.341,1,published_after_gate_recheck,17.558220773935318,4.894432611763477,1.0
1000,predicate,continuous,129,64.61,1,published_after_gate_recheck,18.04757909849286,4.567909985780716,1.0
1000,predicate,discrete,130,65.243,1,published_after_gate_recheck,18.72623199597001,5.082826130092144,1.0
1000,predicate,continuous,131,65.7,1,published_after_gate_recheck,21.08996734023094,5.359706003218889,1.0
1000,predicate,continuous,132,66.253,1,published_after_gate_recheck,22.305086720734835,5.101971793919802,1.0
1000,global,continuous,133,66.552,1,published_after_gate_recheck,18.52451404556632,5.026651080697775,1.0
1000,global,discrete,134,67.109,1,published_after_gate_recheck,17.444157041609287,4.409062210470438,1.0
1000,global,discrete,135,67.546,1,published_after_gate_recheck,17.380337696522474,4.552782047539949,1.0
1000,predicate,discrete,136,68.352,1,published_after_gate_recheck,19.671905785799026,4.56398306414485,1.0
1000,predicate,discrete,137,68.512,1,published_after_gate_recheck,22.242188919335604,4.999479744583368,1.0
1000,readset,discrete,138,69.337,1,published_after_gate_recheck,17.67559116706252,4.602415021508932,1.0
1000,predicate,continuous,139,69.636,1,published_after_gate_recheck,21.39850612729788,5.0520277582108974,1.0
1000,readset,continuous,140,70.054,1,published_after_gate_recheck,17.961707897484303,5.015058908611536,1.0
1000,global,continuous,141,70.918,1,published_after_gate_recheck,16.90997602418065,4.367675166577101,1.0
1000,global,discrete,142,71.373,1,published_after_gate_recheck,17.332988791167736,4.526903852820396,1.0
1000,predicate,discrete,143,71.571,1,published_after_gate_recheck,20.356772001832724,5.335188936442137,1.0
1000,readset,discrete,144,72.127,1,published_after_gate_recheck,17.602093052119017,4.498700145632029,1.0
1000,predicate,continuous,145,72.875,1,published_after_gate_recheck,17.31649786233902,4.512846935540438,1.0
1000,global,discrete,146,73.155,1,published_after_gate_recheck,19.452305044978857,5.258576013147831,1.0
1000,readset,continuous,147,73.873,1,published_after_gate_recheck,18.98424606770277,4.380127880722284,1.0
1000,readset,discrete,148,74.281,1,published_after_gate_recheck,18.168546725064516,4.597756080329418,1.0
1000,global,continuous,149,74.776,1,published_after_gate_recheck,16.26670826226473,3.971680998802185,1.0
1000,global,continuous,150,75.147,1,published_after_gate_recheck,18.000821117311716,4.2522079311311245,1.0
1000,readset,continuous,151,75.765,1,published_after_gate_recheck,18.806262873113155,4.446901846677065,1.0
1000,predicate,discrete,152,76.438,1,published_after_gate_recheck,17.674660310149193,4.4269859790802,1.0
1000,predicate,discrete,153,76.545,1,published_after_gate_recheck,17.068502958863974,5.094677675515413,1.0
1000,global,continuous,154,77.242,1,published_after_gate_recheck,19.645506981760263,5.181100219488144,1.0
1000,readset,discrete,155,77.745,1,published_after_gate_recheck,18.520487006753683,4.85431682318449,1.0
1000,global,continuous,156,78.008,1,published_after_gate_recheck,15.956695657223463,4.718172363936901,1.0
1000,predicate,discrete,157,78.641,1,published_after_gate_recheck,17.571296077221632,4.586795810610056,1.0
1000,readset,continuous,158,79.1,1,published_after_gate_recheck,18.30310933291912,5.263634957373142,1.0
1000,readset,continuous,159,79.835,1,published_after_gate_recheck,18.508384004235268,5.035627167671919,1.0
1000,global,continuous,160,80.341,1,published_after_gate_recheck,17.53501733765006,4.470326937735081,1.0
1000,readset,discrete,161,80.816,1,published_after_gate_recheck,21.27739880234003,6.072393152862787,1.0
1000,global,continuous,162,81.206,1,published_after_gate_recheck,18.25511921197176,4.549526143819094,1.0
1000,predicate,discrete,163,81.9,1,published_after_gate_recheck,18.010418862104416,4.418679978698492,1.0
1000,global,discrete,164,82.413,1,published_after_gate_recheck,16.758631449192762,4.472670610994101,1.0
1000,global,discrete,165,82.849,1,published_after_gate_recheck,19.431565888226032,4.812277853488922,1.0
1000,global,discrete,166,83.027,1,published_after_gate_recheck,17.180732917040586,4.310688003897667,1.0
1000,global,discrete,167,83.595,1,published_after_gate_recheck,17.156247049570084,4.340623039752245,1.0
1000,predicate,continuous,168,84.413,1,published_after_gate_recheck,19.237400963902473,4.98272804543376,1.0
1000,predicate,discrete,169,84.603,1,published_after_gate_recheck,17.75791635736823,4.283827263861895,1.0
1000,global,continuous,170,85.3,1,published_after_gate_recheck,18.739116843789816,4.7594597563147545,1.0
1000,readset,discrete,171,85.96,1,published_after_gate_recheck,18.191630020737648,4.664130043238401,1.0
1000,predicate,discrete,172,86.155,1,published_after_gate_recheck,23.888466879725456,4.3487390503287315,1.0
1000,global,discrete,173,86.723,1,published_after_gate_recheck,20.05132893100381,4.887649789452553,1.0
1000,global,continuous,174,87.186,1,published_after_gate_recheck,17.878312151879072,4.850168712437153,1.0
1000,readset,discrete,175,87.775,1,published_after_gate_recheck,17.176194116473198,4.183268640190363,1.0
1000,readset,discrete,176,88.177,1,published_after_gate_recheck,17.431562766432762,4.626450128853321,1.0
1000,global,continuous,177,88.605,1,published_after_gate_recheck,18.163406290113926,4.932725336402655,1.0
1000,readset,continuous,178,89.476,1,published_after_gate_recheck,17.062109895050526,4.327549133449793,1.0
1000,predicate,discrete,179,89.69,1,published_after_gate_recheck,17.503058072179556,4.503929987549782,1.0
1000,readset,discrete,180,90.472,1,published_after_gate_recheck,16.627025324851274,4.3117390014231205,1.0
1000,readset,continuous,181,90.715,1,published_after_gate_recheck,17.419361043721437,3.9855982176959515,1.0
1000,predicate,continuous,182,91.071,1,published_after_gate_recheck,17.85855507478118,4.440600983798504,1.0
1000,global,continuous,183,91.605,1,published_after_gate_recheck,18.893766216933727,4.430081229656935,1.0
1000,predicate,discrete,184,92.207,1,published_after_gate_recheck,20.211518742144108,4.786079283803701,1.0
1000,predicate,continuous,185,92.994,1,published_after_gate_recheck,23.82872626185417,6.696242839097977,1.0
1000,predicate,discrete,186,93.219,1,published_after_gate_recheck,18.72604200616479,5.026591010391712,1.0
1000,predicate,discrete,187,93.557,1,published_after_gate_recheck,18.853230867534876,5.185707937926054,1.0
1000,global,continuous,188,94.183,1,published_after_gate_recheck,16.18050690740347,4.472882021218538,1.0
1000,predicate,continuous,189,94.706,1,published_after_gate_recheck,17.60355569422245,4.277574829757214,1.0
1000,readset,continuous,190,95.29,1,published_after_gate_recheck,18.957406282424927,5.109897349029779,1.0
1000,predicate,continuous,191,95.572,1,published_after_gate_recheck,27.24917186424136,5.764996167272329,1.0
1000,predicate,discrete,192,96.152,1,published_after_gate_recheck,17.503969371318817,4.3049766682088375,1.0
1000,global,continuous,193,96.559,1,published_after_gate_recheck,18.87154532596469,4.716719035059214,1.0
1000,readset,continuous,194,97.164,1,published_after_gate_recheck,17.797460313886404,4.823650233447552,1.0
1000,predicate,discrete,195,97.751,1,published_after_gate_recheck,19.55571910366416,4.679820034652948,1.0
1000,readset,discrete,196,98.396,1,published_after_gate_recheck,19.296031910926104,5.029015243053436,1.0
1000,readset,continuous,197,98.565,1,published_after_gate_recheck,19.482501782476902,5.444854963570833,1.0
1000,predicate,discrete,198,99.063,1,published_after_gate_recheck,18.449422903358936,4.521602764725685,1.0
1000,readset,continuous,199,99.566,1,published_after_gate_recheck,17.517514992505312,4.292984027415514,1.0
1000,predicate,discrete,200,100.196,1,published_after_gate_recheck,16.342710237950087,4.387350752949715,1.0
1000,global,continuous,201,100.952,1,published_after_gate_recheck,17.9828479886055,4.29746275767684,1.0
1000,global,continuous,202,101.494,1,published_after_gate_recheck,18.660719972103834,4.461058881133795,1.0
1000,global,discrete,203,101.737,1,published_after_gate_recheck,18.59489595517516,4.4496189802885056,1.0
1000,readset,continuous,204,102.454,1,published_after_gate_recheck,17.98034366220236,4.920170642435551,1.0
1000,readset,discrete,205,102.656,1,published_after_gate_recheck,17.905934248119593,4.49844915419817,1.0
1000,global,continuous,206,103.185,1,published_after_gate_recheck,19.887440837919712,5.499827675521374,1.0
1000,global,discrete,207,103.617,1,published_after_gate_recheck,20.22452326491475,5.343794822692871,1.0
1000,readset,discrete,208,104.257,1,published_after_gate_recheck,19.11281794309616,5.02427713945508,1.0
1000,readset,continuous,209,104.611,1,published_after_gate_recheck,19.734134431928396,5.329167935997248,1.0
1000,readset,discrete,210,105.426,1,published_after_gate_recheck,17.628543078899384,4.445509985089302,1.0
1000,predicate,discrete,211,105.891,1,published_after_gate_recheck,21.823092363774776,5.027612671256065,1.0
1000,readset,discrete,212,106.353,1,published_after_gate_recheck,18.772638868540525,4.566597286611795,1.0
1000,predicate,discrete,213,106.823,1,published_after_gate_recheck,15.92455618083477,4.284197930246592,1.0
1000,global,discrete,214,107.167,1,published_after_gate_recheck,17.230406403541565,4.1990880854427814,1.0
1000,global,discrete,215,107.662,1,published_after_gate_recheck,18.37338088080287,4.925930872559547,1.0
1000,readset,continuous,216,108.321,1,published_after_gate_recheck,17.310396302491426,4.798042122274637,1.0
1000,global,continuous,217,108.685,1,published_after_gate_recheck,16.62582205608487,4.11320710554719,1.0
1000,readset,continuous,218,109.293,1,published_after_gate_recheck,20.180711057037115,5.313639994710684,1.0
1000,predicate,discrete,219,109.597,1,published_after_gate_recheck,16.54331712052226,3.9914287626743317,1.0
1000,global,continuous,220,110.294,1,published_after_gate_recheck,15.938352327793837,4.577999003231525,1.0
1000,predicate,continuous,221,110.928,1,published_after_gate_recheck,16.446474939584732,4.134295973926783,1.0
1000,global,discrete,222,111.324,1,published_after_gate_recheck,16.299869865179062,4.32202871888876,1.0
1000,global,continuous,223,111.649,1,published_after_gate_recheck,17.6623472943902,4.519500304013491,1.0
1000,readset,continuous,224,112.149,1,published_after_gate_recheck,16.25276170670986,4.4634537771344185,1.0
1000,predicate,continuous,225,112.66,1,published_after_gate_recheck,20.25203499943018,4.802039358764887,1.0
1000,readset,continuous,226,113.168,1,published_after_gate_recheck,16.425505746155977,4.5233359560370445,1.0
1000,global,discrete,227,113.911,1,published_after_gate_recheck,18.219692166894674,4.376170225441456,1.0
1000,global,continuous,228,114.047,1,published_after_gate_recheck,17.064405139535666,4.312311299145222,1.0
1000,global,continuous,229,114.803,1,published_after_gate_recheck,17.623623833060265,4.724664147943258,1.0
1000,global,continuous,230,115.105,1,published_after_gate_recheck,17.69800391048193,5.0202589482069016,1.0
1000,readset,continuous,231,115.77,1,published_after_gate_recheck,17.91097316890955,4.834459628909826,1.0
1000,global,discrete,232,116.358,1,published_after_gate_recheck,18.107752315700054,4.282474052160978,1.0
1000,readset,continuous,233,116.717,1,published_after_gate_recheck,20.904719829559326,5.56041207164526,1.0
1000,readset,discrete,234,117.103,1,published_after_gate_recheck,15.868791844695807,4.331386182457209,1.0
1000,global,continuous,235,117.797,1,published_after_gate_recheck,19.19085392728448,4.92735393345356,1.0
1000,global,discrete,236,118.162,1,published_after_gate_recheck,17.067580949515104,4.337948746979237,1.0
1000,predicate,continuous,237,118.782,1,published_after_gate_recheck,17.983288038522005,4.820424132049084,1.0
1000,readset,discrete,238,119.366,1,published_after_gate_recheck,18.662643153220415,4.561538342386484,1.0
1000,readset,discrete,239,119.662,1,published_after_gate_recheck,20.839376840740442,5.694393999874592,1.0
1000,readset,discrete,240,120.269,1,published_after_gate_recheck,16.92518312484026,4.3675038032233715,1.0
1000,global,discrete,241,120.788,1,published_after_gate_recheck,17.00305985286832,4.584360867738724,1.0
1000,readset,continuous,242,121.255,1,published_after_gate_recheck,17.982536926865578,4.778214730322361,1.0
1000,readset,continuous,243,121.649,1,published_after_gate_recheck,20.324621815234423,4.816535860300064,1.0
1000,predicate,continuous,244,122.109,1,published_after_gate_recheck,17.78095867484808,4.54756198450923,1.0
1000,readset,discrete,245,122.926,1,published_after_gate_recheck,17.497988883405924,4.600330721586943,1.0
1000,readset,discrete,246,123.084,1,published_after_gate_recheck,17.72677805274725,4.463954828679562,1.0
1000,global,discrete,247,123.567,1,published_after_gate_recheck,17.286440823227167,4.965476226061583,1.0
1000,predicate,continuous,248,124.0,1,published_after_gate_recheck,21.99183963239193,4.483590833842754,1.0
1000,readset,discrete,249,124.966,1,published_after_gate_recheck,19.503651186823845,4.9079167656600475,1.0
1000,readset,continuous,250,125.121,1,published_after_gate_recheck,16.781113110482693,4.725835751742125,1.0
1000,global,continuous,251,125.851,1,published_after_gate_recheck,23.042661137878895,8.512891363352537,1.0
1000,readset,continuous,252,126.165,1,published_after_gate_recheck,17.435340210795403,4.723692778497934,1.0
1000,readset,discrete,253,126.817,1,published_after_gate_recheck,18.568395636975765,5.039834883064032,1.0
1000,readset,continuous,254,127.291,1,published_after_gate_recheck,18.290814943611622,4.745111800730228,1.0
1000,predicate,continuous,255,127.645,1,published_after_gate_recheck,16.889106016606092,4.114049021154642,1.0
1000,readset,discrete,256,128.194,1,published_after_gate_recheck,18.219441641122103,4.658540245145559,1.0
1000,predicate,continuous,257,128.951,1,published_after_gate_recheck,17.789325211197138,4.805365111678839,1.0
1000,readset,continuous,258,129.34,1,published_after_gate_recheck,18.197871278971434,4.4370838440954685,1.0
1000,global,discrete,259,129.567,1,published_after_gate_recheck,18.36550608277321,4.754720255732536,1.0
1000,global,discrete,260,130.42,1,published_after_gate_recheck,17.634705174714327,4.592084791511297,1.0
1000,predicate,discrete,261,130.709,1,published_after_gate_recheck,16.592098865658045,4.35162428766489,1.0
1000,readset,continuous,262,131.002,1,published_after_gate_recheck,18.84795119985938,4.714764654636383,1.0
1000,predicate,discrete,263,131.77,1,published_after_gate_recheck,18.066424410790205,4.796027671545744,1.0
1000,readset,continuous,264,132.419,1,published_after_gate_recheck,17.009071074426174,4.173099063336849,1.0
1000,global,discrete,265,132.8,1,published_after_gate_recheck,17.394153866916895,4.502236843109131,1.0
1000,predicate,continuous,266,133.136,1,published_after_gate_recheck,18.015709705650806,4.869265016168356,1.0
1000,predicate,discrete,267,133.782,1,published_after_gate_recheck,19.452175125479698,5.296777933835983,1.0
1000,global,continuous,268,134.042,1,published_after_gate_recheck,17.490002792328596,4.179300274699926,1.0
1000,predicate,continuous,269,134.543,1,published_after_gate_recheck,19.45055229589343,5.274967290461063,1.0
1000,predicate,continuous,270,135.03,1,published_after_gate_recheck,17.145095858722925,4.446081817150116,1.0
1000,global,discrete,271,135.771,1,published_after_gate_recheck,17.593298107385635,4.37256321310997,1.0
1000,readset,discrete,272,136.27,1,published_after_gate_recheck,16.988953109830618,4.803752060979605,1.0
1000,global,discrete,273,136.703,1,published_after_gate_recheck,17.63415290042758,4.828477744013071,1.0
1000,predicate,discrete,274,137.313,1,published_after_gate_recheck,16.90488588064909,4.429740831255913,1.0
1000,readset,continuous,275,137.607,1,published_after_gate_recheck,18.36651796475053,4.544505849480629,1.0
1000,global,discrete,276,138.498,1,published_after_gate_recheck,21.224919706583023,4.659331403672695,1.0
1000,readset,discrete,277,138.59,1,published_after_gate_recheck,17.1636207960546,4.5671178959310055,1.0
1000,readset,discrete,278,139.206,1,published_after_gate_recheck,17.097957897931337,4.705388098955154,1.0
1000,predicate,continuous,279,139.814,1,published_after_gate_recheck,22.91681384667754,4.636228084564209,1.0
1000,readset,discrete,280,140.053,1,published_after_gate_recheck,16.85706526041031,4.506454803049564,1.0
1000,predicate,discrete,281,140.995,1,published_after_gate_recheck,26.068667881190777,4.691501148045063,1.0
1000,global,discrete,282,141.036,1,published_after_gate_recheck,15.889380127191544,4.448405932635069,1.0
1000,readset,discrete,283,141.864,1,published_after_gate_recheck,20.474803168326616,4.635465797036886,1.0
1000,readset,continuous,284,142.033,1,published_after_gate_recheck,18.00318667665124,4.974122159183025,1.0
1000,global,continuous,285,142.742,1,published_after_gate_recheck,17.551337834447622,4.261464811861515,1.0
1000,global,discrete,286,143.449,1,published_after_gate_recheck,19.32906312867999,5.944051779806614,1.0
1000,predicate,discrete,287,143.811,1,published_after_gate_recheck,18.31987127661705,5.326273385435343,1.0
1000,global,discrete,288,144.109,1,published_after_gate_recheck,15.806975774466991,4.045871086418629,1.0
1000,readset,continuous,289,144.963,1,published_after_gate_recheck,17.642438877373934,4.797981120646,1.0
1000,predicate,discrete,290,145.089,1,published_after_gate_recheck,17.413869965821505,4.464085213840008,1.0
1000,readset,discrete,291,145.59,1,published_after_gate_recheck,15.562867745757103,4.066129215061665,1.0
1000,global,continuous,292,146.256,1,published_after_gate_recheck,16.360515262931585,4.506444092839956,1.0
1000,predicate,continuous,293,146.822,1,published_after_gate_recheck,16.983231995254755,4.377211909741163,1.0
1000,predicate,discrete,294,147.19,1,published_after_gate_recheck,18.92523607239127,4.940369166433811,1.0
1000,predicate,discrete,295,147.769,1,published_after_gate_recheck,18.435096368193626,4.515481181442738,1.0
1000,readset,continuous,296,148.269,1,published_after_gate_recheck,16.693839337676764,4.660685081034899,1.0
1000,predicate,continuous,297,148.605,1,published_after_gate_recheck,19.435321912169456,4.8628742806613445,1.0
1000,global,continuous,298,149.219,1,published_after_gate_recheck,17.630217131227255,4.535099025815725,1.0
1000,readset,discrete,299,149.61,1,published_after_gate_recheck,18.97644205018878,4.740994889289141,1.0
1000,predicate,discrete,300,150.453,1,published_after_gate_recheck,17.64729805290699,4.497017245739698,1.0
1000,readset,discrete,301,150.825,1,published_after_gate_recheck,17.57021388038993,4.373825155198574,1.0
1000,predicate,continuous,302,151.068,1,published_after_gate_recheck,18.564078956842422,4.651016090065241,1.0
1000,readset,continuous,303,151.724,1,published_after_gate_recheck,18.146665301173925,4.7516850754618645,1.0
1000,global,continuous,304,152.135,1,published_after_gate_recheck,18.99380376562476,4.61909594014287,1.0
1000,readset,discrete,305,152.847,1,published_after_gate_recheck,16.79453905671835,4.213884938508272,1.0
1000,global,continuous,306,153.499,1,published_after_gate_recheck,18.436158075928688,4.352386109530926,1.0
1000,readset,continuous,307,153.64,1,published_after_gate_recheck,17.674389760941267,4.595010075718164,1.0
1000,readset,discrete,308,154.333,1,published_after_gate_recheck,17.36333593726158,4.811587277799845,1.0
1000,global,discrete,309,154.646,1,published_after_gate_recheck,21.50738099589944,4.313973244279623,1.0
1000,readset,discrete,310,155.219,1,published_after_gate_recheck,26.35130798444152,9.14050918072462,1.0
1000,predicate,continuous,311,155.757,1,published_after_gate_recheck,18.725590780377388,4.8288702964782715,1.0
1000,global,discrete,312,156.246,1,published_after_gate_recheck,18.467336893081665,4.860689863562584,1.0
1000,predicate,continuous,313,156.761,1,published_after_gate_recheck,19.502699840813875,5.106039810925722,1.0
1000,global,continuous,314,157.274,1,published_after_gate_recheck,18.748945090919733,4.428008105605841,1.0
1000,predicate,continuous,315,157.776,1,published_after_gate_recheck,18.263994716107845,4.198316019028425,1.0
1000,predicate,discrete,316,158.417,1,published_after_gate_recheck,18.26060889288783,4.823368974030018,1.0
1000,predicate,continuous,317,158.948,1,published_after_gate_recheck,17.257036175578833,4.458534996956587,1.0
1000,global,continuous,318,159.111,1,published_after_gate_recheck,17.145246267318726,4.41575376316905,1.0
1000,predicate,discrete,319,159.765,1,published_after_gate_recheck,18.267642240971327,4.597154911607504,1.0
1000,readset,discrete,320,160.405,1,published_after_gate_recheck,18.226846121251583,4.938484635204077,1.0
1000,predicate,discrete,321,160.968,1,published_after_gate_recheck,19.253332167863846,5.858622025698423,1.0
1000,readset,continuous,322,161.199,1,published_after_gate_recheck,17.41772796958685,4.005866125226021,1.0
1000,readset,continuous,323,161.625,1,published_after_gate_recheck,19.79952584952116,5.2504101768136024,1.0
1000,global,discrete,324,162.352,1,published_after_gate_recheck,17.00272923335433,4.426865838468075,1.0
1000,readset,discrete,325,162.964,1,published_after_gate_recheck,18.386746291071177,4.748579114675522,1.0
1000,readset,discrete,326,163.089,1,published_after_gate_recheck,19.8913780041039,4.886267241090536,1.0
1000,global,discrete,327,163.647,1,published_after_gate_recheck,18.554000183939934,4.184009041637182,1.0
1000,global,continuous,328,164.341,1,published_after_gate_recheck,18.03774107247591,4.4617909006774426,1.0
1000,readset,discrete,329,164.564,1,published_after_gate_recheck,20.55080607533455,5.632306914776564,1.0
1000,readset,discrete,330,165.136,1,published_after_gate_recheck,17.55886198952794,4.24193823710084,1.0
1000,global,continuous,331,165.679,1,published_after_gate_recheck,17.73708686232567,4.8292698338627815,1.0
1000,readset,discrete,332,166.152,1,published_after_gate_recheck,18.394350074231625,4.86963614821434,1.0
1000,readset,discrete,333,166.765,1,published_after_gate_recheck,16.439321916550398,4.221790935844183,1.0
1000,global,continuous,334,167.228,1,published_after_gate_recheck,17.722669057548046,4.710858222097158,1.0
1000,global,discrete,335,167.589,1,published_after_gate_recheck,17.17365998774767,4.417558200657368,1.0
1000,global,continuous,336,168.362,1,published_after_gate_recheck,19.69925779849291,5.290344823151827,1.0
1000,predicate,continuous,337,168.756,1,published_after_gate_recheck,19.657408818602562,4.9510193057358265,1.0
1000,global,discrete,338,169.384,1,published_after_gate_recheck,17.929226625710726,4.8060668632388115,1.0
1000,global,continuous,339,169.542,1,published_after_gate_recheck,19.87194223329425,4.784657154232264,1.0
1000,predicate,discrete,340,170.46,1,published_after_gate_recheck,21.91048674285412,5.8081368915736675,1.0
1000,predicate,continuous,341,170.717,1,published_after_gate_recheck,18.46821792423725,4.8138718120753765,1.0
1000,predicate,continuous,342,171.348,1,published_after_gate_recheck,19.74175777286291,5.0603533163666725,1.0
1000,readset,discrete,343,171.771,1,published_after_gate_recheck,19.100735895335674,4.971266258507967,1.0
1000,global,continuous,344,172.481,1,published_after_gate_recheck,19.1531740128994,4.922425374388695,1.0
1000,predicate,continuous,345,172.983,1,published_after_gate_recheck,18.854022957384586,5.174538120627403,1.0
1000,global,discrete,346,173.265,1,published_after_gate_recheck,17.73174712434411,4.338329192250967,1.0
1000,global,discrete,347,173.7,1,published_after_gate_recheck,21.726761013269424,7.0963529869914055,1.0
1000,predicate,discrete,348,174.005,1,published_after_gate_recheck,16.928961034864187,4.769158083945513,1.0
1000,predicate,continuous,349,174.543,1,published_after_gate_recheck,18.854432739317417,5.202400032430887,1.0
1000,global,discrete,350,175.089,1,published_after_gate_recheck,17.907757312059402,4.632690921425819,1.0
1000,predicate,continuous,351,175.892,1,published_after_gate_recheck,17.21001695841551,4.851813428103924,1.0
1000,global,continuous,352,176.15,1,published_after_gate_recheck,17.986766062676907,4.404151812195778,1.0
1000,predicate,continuous,353,176.566,1,published_after_gate_recheck,17.640456091612577,4.804073367267847,1.0
1000,global,discrete,354,177.339,1,published_after_gate_recheck,18.398878164589405,4.499891772866249,1.0
1000,predicate,continuous,355,177.555,1,published_after_gate_recheck,18.536837305873632,4.588597919791937,1.0
1000,predicate,continuous,356,178.074,1,published_after_gate_recheck,18.363713286817074,4.670543130487204,1.0
1000,predicate,discrete,357,178.707,1,published_after_gate_recheck,16.639508306980133,4.246466793119907,1.0
1000,readset,discrete,358,179.475,1,published_after_gate_recheck,17.495103180408478,4.582036752253771,1.0
1000,global,continuous,359,179.665,1,published_after_gate_recheck,18.237935844808817,4.857243038713932,1.0
1000,predicate,discrete,360,180.264,1,published_after_gate_recheck,18.876384012401104,4.989491309970617,1.0
1000,readset,continuous,361,180.77,1,published_after_gate_recheck,17.2720137052238,4.420373123139143,1.0
1000,global,discrete,362,181.008,1,published_after_gate_recheck,17.54517713561654,4.781370982527733,1.0
1000,readset,continuous,363,181.643,1,published_after_gate_recheck,19.77885700762272,4.94409492239356,1.0
1000,readset,continuous,364,182.077,1,published_after_gate_recheck,18.59200093895197,4.955979064106941,1.0
1000,readset,continuous,365,182.623,1,published_after_gate_recheck,17.485264223068953,4.574924241751432,1.0
1000,predicate,continuous,366,183.151,1,published_after_gate_recheck,17.28175301104784,4.662398248910904,1.0
1000,global,discrete,367,183.705,1,published_after_gate_recheck,17.838576808571815,4.631668794900179,1.0
1000,predicate,continuous,368,184.224,1,published_after_gate_recheck,17.384654842317104,4.378545098006725,1.0
1000,readset,discrete,369,184.729,1,published_after_gate_recheck,17.859927378594875,4.771632142364979,1.0
1000,readset,continuous,370,185.086,1,published_after_gate_recheck,17.99209462478757,4.84143290668726,1.0
1000,readset,continuous,371,185.581,1,published_after_gate_recheck,19.819103181362152,5.573496222496033,1.0
1000,global,discrete,372,186.012,1,published_after_gate_recheck,20.45259205624461,4.817938897758722,1.0
1000,readset,discrete,373,186.92,1,published_after_gate_recheck,17.647137865424156,4.688465967774391,1.0
1000,predicate,discrete,374,187.264,1,published_after_gate_recheck,18.461194820702076,4.870276898145676,1.0
1000,readset,continuous,375,187.608,1,published_after_gate_recheck,19.92229698225856,4.809574224054813,1.0
1000,predicate,discrete,376,188.209,1,published_after_gate_recheck,17.390066292136908,4.32203896343708,1.0
1000,global,discrete,377,188.507,1,published_after_gate_recheck,18.379672896116972,4.626239184290171,1.0
1000,predicate,discrete,378,189.433,1,published_after_gate_recheck,17.075394745916128,4.364588763564825,1.0
1000,global,discrete,379,189.929,1,published_after_gate_recheck,18.321994226425886,4.75702527910471,1.0
1000,readset,discrete,380,190.229,1,published_after_gate_recheck,18.859262112528086,5.0100102089345455,1.0
1000,global,continuous,381,190.689,1,published_after_gate_recheck,18.037330359220505,4.3939342722296715,1.0
1000,global,discrete,382,191.035,1,published_after_gate_recheck,19.92284692823887,5.320632364600897,1.0
1000,predicate,continuous,383,191.917,1,published_after_gate_recheck,18.549230881035328,4.430021159350872,1.0
1000,global,continuous,384,192.08,1,published_after_gate_recheck,17.552589997649193,4.378523677587509,1.0
1000,predicate,continuous,385,192.728,1,published_after_gate_recheck,18.414537888020277,5.027121864259243,1.0
1000,predicate,continuous,386,193.449,1,published_after_gate_recheck,19.901919178664684,5.216327030211687,1.0
1000,readset,continuous,387,193.951,1,published_after_gate_recheck,23.52674910798669,5.330850835889578,1.0
1000,readset,continuous,388,194.036,1,published_after_gate_recheck,20.160462707281113,4.7901468351483345,1.0
1000,readset,continuous,389,194.651,1,published_after_gate_recheck,17.483361065387726,4.24608588218689,1.0
1000,predicate,discrete,390,195.364,1,published_after_gate_recheck,16.026548109948635,4.336616024374962,1.0
1000,predicate,continuous,391,195.872,1,published_after_gate_recheck,15.921120066195726,3.642112948000431,1.0
1000,predicate,continuous,392,196.168,1,published_after_gate_recheck,17.938294913619757,4.668748937547207,1.0
1000,predicate,discrete,393,196.79,1,published_after_gate_recheck,18.434565979987383,4.663159139454365,1.0
1000,global,discrete,394,197.227,1,published_after_gate_recheck,18.29810906201601,5.096060689538717,1.0
1000,global,continuous,395,197.943,1,published_after_gate_recheck,18.90965597704053,4.592746961861849,1.0
1000,predicate,discrete,396,198.448,1,published_after_gate_recheck,19.628155045211315,4.996604286134243,1.0
1000,readset,continuous,397,198.962,1,published_after_gate_recheck,18.647885881364346,4.609467927366495,1.0
1000,readset,discrete,398,199.358,1,published_after_gate_recheck,19.003433175385,4.929468035697937,1.0
1000,readset,discrete,399,199.827,1,published_after_gate_recheck,18.18602904677391,4.385697655379772,1.0
1000,predicate,discrete,400,200.355,1,published_after_gate_recheck,19.638524390757084,4.770671017467976,1.0
1000,readset,continuous,401,200.577,1,published_after_gate_recheck,16.899445094168186,4.256485961377621,1.0
1000,readset,continuous,402,201.319,1,published_after_gate_recheck,22.581936325877905,4.801939241588116,1.0
1000,readset,continuous,403,201.745,1,published_after_gate_recheck,18.23613280430436,5.121978931128979,1.0
1000,global,discrete,404,202.225,1,published_after_gate_recheck,17.69106090068817,4.625748842954636,1.0
1000,readset,continuous,405,202.646,1,published_after_gate_recheck,17.740933690220118,5.129322875291109,1.0
1000,global,continuous,406,203.153,1,published_after_gate_recheck,17.184450291097164,4.2978329584002495,1.0
1000,readset,discrete,407,203.716,1,published_after_gate_recheck,18.033993896096945,4.580433014780283,1.0
1000,global,discrete,408,204.442,1,published_after_gate_recheck,18.257062882184982,4.828107543289661,1.0
1000,global,continuous,409,204.999,1,published_after_gate_recheck,23.188975173979998,4.7266678884625435,1.0
1000,global,continuous,410,205.225,1,published_after_gate_recheck,19.294248893857002,4.581484943628311,1.0
1000,global,continuous,411,205.772,1,published_after_gate_recheck,18.834636081010103,4.603616893291473,1.0
1000,readset,continuous,412,206.406,1,published_after_gate_recheck,20.100240129977465,4.894101992249489,1.0
1000,global,continuous,413,206.66,1,published_after_gate_recheck,16.37567300349474,4.616621881723404,1.0
1000,readset,continuous,414,207.499,1,published_after_gate_recheck,15.838615130633116,4.147510975599289,1.0
1000,predicate,discrete,415,207.764,1,published_after_gate_recheck,18.058709800243378,4.9016159027814865,1.0
1000,readset,continuous,416,208.059,1,published_after_gate_recheck,19.270794931799173,7.032684050500393,1.0
1000,predicate,discrete,417,208.671,1,published_after_gate_recheck,17.758095636963844,4.415253177285194,1.0
1000,global,discrete,418,209.312,1,published_after_gate_recheck,18.949151039123535,5.114174913614988,1.0
1000,readset,continuous,419,209.98,1,published_after_gate_recheck,17.980142030864954,4.690330009907484,1.0
1000,predicate,discrete,420,210.17,1,published_after_gate_recheck,17.66660436987877,4.200048744678497,1.0
1000,global,discrete,421,210.698,1,published_after_gate_recheck,20.40695631876588,5.125776864588261,1.0
1000,readset,discrete,422,211.229,1,published_after_gate_recheck,18.751158844679594,4.223504103720188,1.0
1000,predicate,continuous,423,211.565,1,published_after_gate_recheck,17.951538786292076,5.251202266663313,1.0
1000,predicate,continuous,424,212.003,1,published_after_gate_recheck,20.611479878425598,9.042465128004551,1.0
1000,global,continuous,425,212.905,1,published_after_gate_recheck,17.108478117734194,4.3494501151144505,1.0
1000,predicate,continuous,426,213.041,1,published_after_gate_recheck,20.153579767793417,4.463694989681244,1.0
1000,readset,discrete,427,213.87,1,published_after_gate_recheck,18.58813315629959,4.826165270060301,1.0
1000,predicate,discrete,428,214.417,1,published_after_gate_recheck,17.94535806402564,4.552170168608427,1.0
1000,predicate,discrete,429,214.928,1,published_after_gate_recheck,19.241880159825087,4.7210766933858395,1.0
1000,predicate,discrete,430,215.006,1,published_after_gate_recheck,18.233458045870066,4.930521361529827,1.0
1000,predicate,continuous,431,215.754,1,published_after_gate_recheck,20.007075276225805,5.225724074989557,1.0
1000,readset,continuous,432,216.008,1,published_after_gate_recheck,17.32748793438077,4.439048003405333,1.0
1000,predicate,discrete,433,216.558,1,published_after_gate_recheck,18.57310626655817,4.48710797354579,1.0
1000,readset,discrete,434,217.137,1,published_after_gate_recheck,20.823406986892223,6.413102149963379,1.0
1000,readset,continuous,435,217.732,1,published_after_gate_recheck,25.382359977811575,4.959294106811285,1.0
1000,readset,continuous,436,218.185,1,published_after_gate_recheck,18.703490030020475,4.917745944112539,1.0
1000,readset,continuous,437,218.569,1,published_after_gate_recheck,18.448321148753166,4.74643474444747,1.0
1000,global,continuous,438,219.225,1,published_after_gate_recheck,17.830442171543837,4.886637907475233,1.0
1000,predicate,continuous,439,219.842,1,published_after_gate_recheck,17.50325784087181,4.665403161197901,1.0
1000,readset,continuous,440,220.166,1,published_after_gate_recheck,17.964913975447416,4.566867835819721,1.0
1000,readset,continuous,441,220.846,1,published_after_gate_recheck,15.855416189879179,3.985688090324402,1.0
1000,readset,discrete,442,221.157,1,published_after_gate_recheck,17.081127036362886,4.731797147542238,1.0
1000,global,continuous,443,221.895,1,published_after_gate_recheck,16.96935622021556,4.411877132952213,1.0
1000,predicate,discrete,444,222.348,1,published_after_gate_recheck,21.215141750872135,5.248186178505421,1.0
1000,readset,discrete,445,222.737,1,published_after_gate_recheck,18.70169583708048,4.892989993095398,1.0
1000,predicate,discrete,446,223.169,1,published_after_gate_recheck,19.916816148906946,5.478138104081154,1.0
1000,global,continuous,447,223.648,1,published_after_gate_recheck,18.57647206634283,4.938505124300718,1.0
1000,global,discrete,448,224.111,1,published_after_gate_recheck,18.86381022632122,4.925320856273174,1.0
1000,readset,discrete,449,224.508,1,published_after_gate_recheck,21.58897276967764,5.055374000221491,1.0
1000,readset,continuous,450,225.256,1,published_after_gate_recheck,18.066666088998318,4.6107713133096695,1.0
1000,predicate,continuous,451,225.865,1,published_after_gate_recheck,18.987393006682396,4.36440808698535,1.0
1000,readset,discrete,452,226.212,1,published_after_gate_recheck,17.866960261017084,4.660914186388254,1.0
1000,global,continuous,453,226.745,1,published_after_gate_recheck,18.33519898355007,4.8430259339511395,1.0
1000,predicate,continuous,454,227.47,1,published_after_gate_recheck,18.045865930616856,4.887680057436228,1.0
1000,global,discrete,455,227.643,1,published_after_gate_recheck,17.947592306882143,4.8323459923267365,1.0
1000,predicate,continuous,456,228.21,1,published_after_gate_recheck,18.848472274839878,4.589380696415901,1.0
1000,predicate,continuous,457,228.94,1,published_after_gate_recheck,21.191186737269163,5.04158902913332,1.0
1000,predicate,discrete,458,229.382,1,published_after_gate_recheck,18.143860157579184,4.8135509714484215,1.0
1000,global,continuous,459,229.581,1,published_after_gate_recheck,17.933534923940897,4.419832956045866,1.0
1000,readset,continuous,460,230.203,1,published_after_gate_recheck,17.66401994973421,4.564253147691488,1.0
1000,global,discrete,461,230.781,1,published_after_gate_recheck,18.316504079848528,4.497417248785496,1.0
1000,global,discrete,462,231.133,1,published_after_gate_recheck,18.304440658539534,5.2482872270047665,1.0
1000,predicate,continuous,463,231.891,1,published_after_gate_recheck,18.02733214572072,4.819402005523443,1.0
1000,readset,discrete,464,232.406,1,published_after_gate_recheck,18.301364965736866,4.822697956115007,1.0
1000,global,continuous,465,232.52,1,published_after_gate_recheck,19.685121718794107,4.861300811171532,1.0
1000,predicate,continuous,466,233.296,1,published_after_gate_recheck,18.684514798223972,4.740183241665363,1.0
1000,global,continuous,467,233.501,1,published_after_gate_recheck,18.545313272625208,4.630507901310921,1.0
1000,global,continuous,468,234.249,1,published_after_gate_recheck,17.074824776500463,4.532694350928068,1.0
1000,readset,continuous,469,234.504,1,published_after_gate_recheck,15.940535813570023,4.143925383687019,1.0
1000,readset,discrete,470,235.316,1,published_after_gate_recheck,18.0825749412179,4.359678830951452,1.0
1000,readset,discrete,471,235.546,1,published_after_gate_recheck,16.33181096985936,4.327488597482443,1.0
1000,global,discrete,472,236.026,1,published_after_gate_recheck,17.181723844259977,5.042449571192265,1.0
1000,readset,continuous,473,236.853,1,published_after_gate_recheck,19.104511942714453,5.178445018827915,1.0
1000,global,continuous,474,237.029,1,published_after_gate_recheck,18.78345012664795,4.378594923764467,1.0
1000,readset,continuous,475,237.677,1,published_after_gate_recheck,15.87581541389227,3.8255969993770123,1.0
1000,predicate,continuous,476,238.02,1,published_after_gate_recheck,16.98687905445695,4.27141273394227,1.0
1000,predicate,continuous,477,238.789,1,published_after_gate_recheck,18.043220974504948,4.788883961737156,1.0
1000,predicate,continuous,478,239.116,1,published_after_gate_recheck,19.163403194397688,4.970835987478495,1.0
1000,global,discrete,479,239.708,1,published_after_gate_recheck,16.350605990737677,4.247448872774839,1.0
1000,global,discrete,480,240.355,1,published_after_gate_recheck,16.788587905466557,4.293725825846195,1.0
1000,readset,continuous,481,240.775,1,published_after_gate_recheck,17.027145251631737,4.1625588200986385,1.0
1000,predicate,continuous,482,241.36,1,published_after_gate_recheck,18.548259045928717,4.735123831778765,1.0
1000,readset,discrete,483,241.91,1,published_after_gate_recheck,16.997429076582193,4.514911212027073,1.0
1000,global,discrete,484,242.094,1,published_after_gate_recheck,19.153423607349396,4.777813330292702,1.0
1000,predicate,discrete,485,242.64,1,published_after_gate_recheck,18.265116959810257,4.740763921290636,1.0
1000,readset,continuous,486,243.092,1,published_after_gate_recheck,17.25379005074501,4.411055706441402,1.0
1000,predicate,continuous,487,243.9,1,published_after_gate_recheck,18.007805105298758,4.900042898952961,1.0
1000,readset,discrete,488,244.302,1,published_after_gate_recheck,16.91327104344964,4.433648195117712,1.0
1000,readset,continuous,489,244.607,1,published_after_gate_recheck,21.552826277911663,5.103465169668198,1.0
1000,predicate,continuous,490,245.116,1,published_after_gate_recheck,17.834439873695374,4.57993196323514,1.0
1000,global,discrete,491,245.553,1,published_after_gate_recheck,19.016206730157137,4.928966984152794,1.0
1000,predicate,discrete,492,246.231,1,published_after_gate_recheck,17.23999483510852,4.961177706718445,1.0
1000,predicate,continuous,493,246.623,1,published_after_gate_recheck,22.764117922633886,7.764377165585756,1.0
1000,predicate,discrete,494,247.204,1,published_after_gate_recheck,17.86284288391471,4.194959998130798,1.0
1000,global,continuous,495,247.766,1,published_after_gate_recheck,17.598656937479973,4.81271930038929,1.0
1000,readset,discrete,496,248.35,1,published_after_gate_recheck,18.054171930998564,5.082144867628813,1.0
1000,global,discrete,497,248.765,1,published_after_gate_recheck,16.738173086196184,4.241286776959896,1.0
1000,global,discrete,498,249.235,1,published_after_gate_recheck,18.704331014305353,4.509089980274439,1.0
1000,global,discrete,499,249.638,1,published_after_gate_recheck,16.59371191635728,4.566406831145287,1.0
1000,global,discrete,500,250.355,1,published_after_gate_recheck,20.533913746476173,5.549812223762274,1.0
1000,global,continuous,501,250.585,1,published_after_gate_recheck,19.635247997939587,4.95148915797472,1.0
1000,readset,continuous,502,251.111,1,published_after_gate_recheck,18.61422322690487,4.830142017453909,1.0
1000,readset,discrete,503,251.655,1,published_after_gate_recheck,19.87482700496912,5.144190974533558,1.0
1000,global,discrete,504,252.499,1,published_after_gate_recheck,18.345088232308626,4.476999863982201,1.0
1000,global,discrete,505,252.583,1,published_after_gate_recheck,17.439058050513268,5.039664916694164,1.0
1000,predicate,discrete,506,253.412,1,published_after_gate_recheck,18.589365761727095,4.374878015369177,1.0
1000,readset,continuous,507,253.941,1,published_after_gate_recheck,17.763095907866955,4.629665985703468,1.0
1000,readset,discrete,508,254.463,1,published_after_gate_recheck,17.758377362042665,4.350292030721903,1.0
1000,readset,discrete,509,254.972,1,published_after_gate_recheck,19.46045970544219,5.245841108262539,1.0
1000,readset,discrete,510,255.354,1,published_after_gate_recheck,17.912014853209257,4.546149168163538,1.0
1000,global,discrete,511,255.571,1,published_after_gate_recheck,15.458791982382536,3.871724009513855,1.0
1000,predicate,discrete,512,256.1,1,published_after_gate_recheck,16.387665178626776,4.089511930942535,1.0
1000,global,continuous,513,256.885,1,published_after_gate_recheck,17.609186936169863,4.485905636101961,1.0
1000,predicate,discrete,514,257.359,1,published_after_gate_recheck,17.812146805226803,4.400215111672878,1.0
1000,predicate,continuous,515,257.763,1,published_after_gate_recheck,17.25629484280944,4.227512050420046,1.0
1000,readset,discrete,516,258.145,1,published_after_gate_recheck,18.37838999927044,4.530459642410278,1.0
1000,global,discrete,517,258.935,1,published_after_gate_recheck,19.308986142277718,5.240802653133869,1.0
1000,global,discrete,518,259.171,1,published_after_gate_recheck,17.51626282930374,4.6223122626543045,1.0
1000,readset,continuous,519,259.778,1,published_after_gate_recheck,18.227155786007643,4.632750991731882,1.0
1000,readset,continuous,520,260.458,1,published_after_gate_recheck,17.626950051635504,4.847795236855745,1.0
1000,predicate,discrete,521,260.72,1,published_after_gate_recheck,18.163886852562428,5.080170929431915,1.0
1000,predicate,discrete,522,261.333,1,published_after_gate_recheck,20.163520239293575,4.600461106747389,1.0
1000,global,continuous,523,261.686,1,published_after_gate_recheck,19.77168396115303,5.332683678716421,1.0
1000,readset,continuous,524,262.381,1,published_after_gate_recheck,16.358571127057076,4.496426321566105,1.0
1000,predicate,discrete,525,262.935,1,published_after_gate_recheck,21.691535133868456,5.1679159514606,1.0
1000,predicate,discrete,526,263.014,1,published_after_gate_recheck,21.828272845596075,6.736117880791426,1.0
1000,readset,discrete,527,263.715,1,published_after_gate_recheck,18.615353852510452,4.843356087803841,1.0
1000,predicate,discrete,528,264.487,1,published_after_gate_recheck,18.149219918996096,4.444798920303583,1.0
1000,global,continuous,529,264.997,0,context_version_changed_at_publish,20.768753718584776,6.134729832410812,1.0
1000,readset,discrete,530,265.263,1,published_after_gate_recheck,17.171294894069433,4.870978184044361,1.0
1000,predicate,continuous,531,265.558,1,published_after_gate_recheck,16.764571890234947,4.406688269227743,1.0
1000,predicate,discrete,532,266.074,1,published_after_gate_recheck,17.90972100570798,4.398662131279707,1.0
1000,readset,continuous,533,266.961,1,published_after_gate_recheck,18.011131323873997,5.340609233826399,1.0
1000,predicate,discrete,534,267.322,1,published_after_gate_recheck,17.37129082903266,4.831704776734114,1.0
1000,global,discrete,535,267.57,1,published_after_gate_recheck,19.942814949899912,4.390327259898186,1.0
1000,global,discrete,536,268.48,1,published_after_gate_recheck,18.923573195934296,4.949265159666538,1.0
1000,readset,discrete,537,268.532,1,published_after_gate_recheck,16.66805101558566,4.89115621894598,1.0
1000,global,discrete,538,269.163,1,published_after_gate_recheck,19.02620494365692,4.997255280613899,1.0
1000,global,continuous,539,269.858,1,published_after_gate_recheck,18.445394933223724,4.441873170435429,1.0
1000,predicate,discrete,540,270.007,1,published_after_gate_recheck,16.087801661342382,4.368154797703028,1.0
1000,readset,continuous,541,270.78,1,published_after_gate_recheck,17.182365991175175,4.416115116328001,1.0
1000,predicate,continuous,542,271.263,1,published_after_gate_recheck,16.641952097415924,4.01145638898015,1.0
1000,predicate,continuous,543,271.863,1,published_after_gate_recheck,16.48086030036211,4.278797656297684,1.0
1000,predicate,continuous,544,272.208,1,published_after_gate_recheck,17.187805846333504,4.573730751872063,1.0
1000,predicate,continuous,545,272.763,1,published_after_gate_recheck,18.35517678409815,4.844057839363813,1.0
1000,global,continuous,546,273.242,1,published_after_gate_recheck,18.36058683693409,4.621180240064859,1.0
1000,predicate,discrete,547,273.606,1,published_after_gate_recheck,18.254326656460762,5.269165150821209,1.0
1000,predicate,discrete,548,274.35,1,published_after_gate_recheck,17.355690710246563,4.484814126044512,1.0
1000,global,discrete,549,274.678,1,published_after_gate_recheck,16.710611060261726,4.171586129814386,1.0
1000,predicate,discrete,550,275.336,1,published_after_gate_recheck,19.00755986571312,5.218359641730785,1.0
1000,global,continuous,551,275.787,1,published_after_gate_recheck,18.144510686397552,4.809012170881033,1.0
1000,predicate,continuous,552,276.377,1,published_after_gate_recheck,18.716884776949883,4.587886855006218,1.0
1000,global,continuous,553,276.892,1,published_after_gate_recheck,19.736428279429674,4.6940273605287075,1.0
1000,global,continuous,554,277.145,1,published_after_gate_recheck,16.64063986390829,4.406957887113094,1.0
1000,global,continuous,555,277.916,1,published_after_gate_recheck,20.51592990756035,5.718779284507036,1.0
1000,readset,continuous,556,278.396,1,published_after_gate_recheck,17.172628082334995,4.427926614880562,1.0
1000,readset,discrete,557,278.821,1,published_after_gate_recheck,17.78273331001401,4.491847939789295,1.0
1000,predicate,continuous,558,279.148,1,published_after_gate_recheck,18.45044642686844,4.488891921937466,1.0
1000,predicate,continuous,559,279.544,1,published_after_gate_recheck,19.681804813444614,5.930095911026001,1.0
1000,readset,discrete,560,280.488,1,published_after_gate_recheck,18.24081176891923,4.896786995232105,1.0
1000,predicate,discrete,561,280.844,1,published_after_gate_recheck,16.621745191514492,4.231818951666355,1.0
1000,global,continuous,562,281.054,1,published_after_gate_recheck,17.05637900158763,4.3725743889808655,1.0
1000,predicate,continuous,563,281.962,1,published_after_gate_recheck,18.03649915382266,4.601613152772188,1.0
1000,readset,continuous,564,282.313,1,published_after_gate_recheck,20.65740479156375,5.324339028447866,1.0
1000,predicate,discrete,565,282.616,1,published_after_gate_recheck,18.277982249855995,4.243993200361729,1.0
1000,predicate,discrete,566,283.156,1,published_after_gate_recheck,17.09685567766428,3.8856500759720802,1.0
1000,predicate,discrete,567,283.996,1,published_after_gate_recheck,20.689947064965963,7.254451047629118,1.0
1000,global,continuous,568,284.129,1,published_after_gate_recheck,18.278333358466625,4.809482954442501,1.0
1000,global,discrete,569,284.65,1,published_after_gate_recheck,17.733859829604626,4.64592594653368,1.0
1000,predicate,discrete,570,285.305,1,published_after_gate_recheck,18.231754656881094,5.096661858260632,1.0
1000,global,continuous,571,285.704,1,published_after_gate_recheck,18.663895782083273,4.582768306136131,1.0
1000,global,discrete,572,286.09,1,published_after_gate_recheck,17.66711613163352,5.15602296218276,1.0
1000,readset,continuous,573,286.822,1,published_after_gate_recheck,18.51710071787238,4.969052039086819,1.0
1000,predicate,discrete,574,287.062,1,published_after_gate_recheck,19.09833075478673,5.2523440681397915,1.0
1000,predicate,continuous,575,287.5,1,published_after_gate_recheck,19.054389093071222,4.963922780007124,1.0
1000,global,continuous,576,288.29,1,published_after_gate_recheck,18.332744017243385,4.333941265940666,1.0
1000,readset,discrete,577,288.874,1,published_after_gate_recheck,17.96279987320304,4.5599546283483505,1.0
1000,global,discrete,578,289.444,1,published_after_gate_recheck,19.5512012578547,4.95422538369894,1.0
1000,readset,discrete,579,289.541,1,published_after_gate_recheck,17.59159378707409,4.5083677396178246,1.0
1000,global,discrete,580,290.06,1,published_after_gate_recheck,18.556193448603153,4.153483081609011,1.0
1000,readset,continuous,581,290.609,1,published_after_gate_recheck,23.041327949613333,5.672702100127935,1.0
1000,readset,continuous,582,291.066,1,published_after_gate_recheck,18.62508337944746,5.076984874904156,1.0
1000,predicate,continuous,583,291.531,1,published_after_gate_recheck,17.95464474707842,4.3373568914830685,1.0
1000,readset,discrete,584,292.178,1,published_after_gate_recheck,18.400190863758326,5.397145636379719,1.0
1000,readset,continuous,585,292.635,1,published_after_gate_recheck,19.577630329877138,5.010369699448347,1.0
1000,predicate,discrete,586,293.363,1,published_after_gate_recheck,22.336797323077917,5.14342961832881,1.0
1000,readset,discrete,587,293.566,1,published_after_gate_recheck,18.35036789998412,5.244649015367031,1.0
1000,global,continuous,588,294.281,1,published_after_gate_recheck,18.018554896116257,4.937923979014158,1.0
1000,readset,discrete,589,294.999,1,published_after_gate_recheck,21.2132278829813,4.857233259826899,1.0
1000,global,continuous,590,295.063,1,published_after_gate_recheck,19.576488062739372,4.911874886602163,1.0
1000,readset,discrete,591,295.555,1,published_after_gate_recheck,18.077385146170855,4.432565998286009,1.0
1000,predicate,continuous,592,296.251,1,published_after_gate_recheck,18.626375123858452,5.068027880042791,1.0
1000,readset,continuous,593,296.904,1,published_after_gate_recheck,17.90672494098544,4.140308126807213,1.0
1000,predicate,discrete,594,297.157,1,published_after_gate_recheck,18.279164098203182,4.425291903316975,1.0
1000,readset,discrete,595,297.624,1,published_after_gate_recheck,19.203458447009325,4.592006094753742,1.0
1000,predicate,continuous,596,298.379,1,published_after_gate_recheck,16.919572837650776,4.808881785720587,1.0
1000,global,continuous,597,298.67,1,published_after_gate_recheck,18.086102325469255,4.819752182811499,1.0
1000,predicate,continuous,598,299.199,1,published_after_gate_recheck,17.234032973647118,4.814311861991882,1.0
1000,global,discrete,599,299.765,1,published_after_gate_recheck,16.816639807075262,4.517695866525173,1.0
100,global,discrete,0,0.036,1,published_after_gate_recheck,17.770278733223677,4.525730852037668,10.0
100,predicate,discrete,1,0.507,1,published_after_gate_recheck,17.875827383249998,5.127268843352795,10.0
100,predicate,discrete,2,1.114,1,published_after_gate_recheck,27.285661082714796,5.869641900062561,10.0
100,predicate,discrete,3,1.886,1,published_after_gate_recheck,18.58204184100032,4.732820205390453,10.0
100,readset,discrete,4,2.134,1,published_after_gate_recheck,17.53720222041011,4.311118274927139,10.0
100,predicate,discrete,5,2.669,1,published_after_gate_recheck,17.634965013712645,4.467350896447897,10.0
100,global,continuous,6,3.325,1,published_after_gate_recheck,19.679830875247717,4.414712078869343,10.0
100,readset,continuous,7,3.528,1,published_after_gate_recheck,22.28343626484275,5.141235888004303,10.0
100,readset,discrete,8,4.357,1,published_after_gate_recheck,17.53648091107607,4.7514853067696095,10.0
100,predicate,discrete,9,4.685,1,published_after_gate_recheck,17.970023211091757,4.600450862199068,10.0
100,readset,continuous,10,5.41,1,published_after_gate_recheck,19.038598984479904,5.383710842579603,10.0
100,predicate,continuous,11,5.613,1,published_after_gate_recheck,19.833639729768038,4.176655784249306,10.0
100,global,continuous,12,6.33,1,published_after_gate_recheck,17.520250286906958,4.639884922653437,10.0
100,predicate,discrete,13,6.61,1,published_after_gate_recheck,18.56249524280429,4.33630496263504,10.0
100,predicate,discrete,14,7.359,1,published_after_gate_recheck,18.778431229293346,4.395556636154652,10.0
100,predicate,continuous,15,7.907,1,published_after_gate_recheck,21.316622849553823,4.671603906899691,10.0
100,global,continuous,16,8.087,1,published_after_gate_recheck,18.77205865457654,4.844469018280506,10.0
100,readset,discrete,17,8.803,1,published_after_gate_recheck,18.209754023700953,4.595662001520395,10.0
100,predicate,discrete,18,9.053,1,published_after_gate_recheck,25.809010956436396,7.788361981511116,10.0
100,readset,discrete,19,9.664,1,published_after_gate_recheck,18.088296055793762,4.479903727769852,10.0
100,predicate,continuous,20,10.231,1,published_after_gate_recheck,18.19907408207655,5.0191860646009445,10.0
100,readset,continuous,21,10.716,1,published_after_gate_recheck,18.64048233255744,4.970315378159285,10.0
100,global,discrete,22,11.199,1,published_after_gate_recheck,22.732308134436607,5.038142204284668,10.0
100,predicate,discrete,23,11.731,1,published_after_gate_recheck,17.109639942646027,4.83873812481761,10.0
100,predicate,discrete,24,12.216,1,published_after_gate_recheck,17.182065173983574,4.763366188853979,10.0
100,readset,continuous,25,12.767,1,published_after_gate_recheck,16.71200292184949,4.59780590608716,10.0
100,global,discrete,26,13.118,1,published_after_gate_recheck,20.229453220963478,5.126236937940121,10.0
100,readset,discrete,27,13.979,1,published_after_gate_recheck,17.078571021556854,4.170403815805912,10.0
100,predicate,discrete,28,14.371,1,published_after_gate_recheck,17.07585621625185,4.308622796088457,10.0
100,readset,continuous,29,14.696,0,read_set_version_changed_at_gate,18.882565200328827,6.350434385240078,10.0
100,predicate,discrete,30,15.401,1,published_after_gate_recheck,19.922626670449972,4.8605091869831085,10.0
100,predicate,discrete,31,15.594,1,published_after_gate_recheck,20.381757989525795,6.7568570375442505,10.0
100,predicate,discrete,32,16.096,1,published_after_gate_recheck,25.062279775738716,5.296175833791494,10.0
100,predicate,discrete,33,16.603,1,published_after_gate_recheck,18.313617911189795,4.545228090137243,10.0
100,global,continuous,34,17.458,1,published_after_gate_recheck,19.059878308326006,4.677996970713139,10.0
100,predicate,discrete,35,17.829,1,published_after_gate_recheck,17.188337165862322,4.773004911839962,10.0
100,global,discrete,36,18.038,1,published_after_gate_recheck,18.048089928925037,4.705116618424654,10.0
100,global,discrete,37,18.575,1,published_after_gate_recheck,18.016651272773743,4.557029809802771,10.0
100,readset,discrete,38,19.399,1,published_after_gate_recheck,22.297301795333624,4.787391051650047,10.0
100,global,discrete,39,19.908,1,published_after_gate_recheck,18.06801836937666,4.036993719637394,10.0
100,predicate,continuous,40,20.165,1,published_after_gate_recheck,17.531080171465874,4.427527077496052,10.0
100,readset,discrete,41,20.827,1,published_after_gate_recheck,18.10321304947138,4.513318184763193,10.0
100,global,discrete,42,21.097,1,published_after_gate_recheck,20.720834843814373,4.4576930813491344,10.0
100,predicate,continuous,43,21.932,1,published_after_gate_recheck,16.403995919972658,4.394995979964733,10.0
100,global,continuous,44,22.158,1,published_after_gate_recheck,16.040382906794548,4.41748695448041,10.0
100,predicate,continuous,45,22.988,1,published_after_gate_recheck,17.474585212767124,4.436472896486521,10.0
100,global,continuous,46,23.124,1,published_after_gate_recheck,15.12998528778553,4.303093068301678,10.0
100,global,continuous,47,23.805,1,published_after_gate_recheck,17.76914671063423,5.021580960601568,10.0
100,readset,continuous,48,24.385,1,published_after_gate_recheck,15.392828732728958,3.9623938500881195,10.0
100,global,discrete,49,24.634,1,published_after_gate_recheck,17.9717973805964,4.927234258502722,10.0
100,readset,discrete,50,25.302,1,published_after_gate_recheck,16.993943136185408,4.323109984397888,10.0
100,predicate,discrete,51,25.994,1,published_after_gate_recheck,20.377940963953733,7.004712242633104,10.0
100,predicate,continuous,52,26.437,1,published_after_gate_recheck,16.736188903450966,4.488471429795027,10.0
100,readset,discrete,53,26.831,1,published_after_gate_recheck,16.706984024494886,4.272624850273132,10.0
100,readset,continuous,54,27.076,1,published_after_gate_recheck,16.375472769141197,4.335834179073572,10.0
100,global,discrete,55,27.802,1,published_after_gate_recheck,16.454200260341167,4.517455119639635,10.0
100,global,continuous,56,28.321,1,published_after_gate_recheck,17.52037089318037,4.608436021953821,10.0
100,global,discrete,57,28.852,1,published_after_gate_recheck,17.983329016715288,4.176735877990723,10.0
100,readset,continuous,58,29.164,1,published_after_gate_recheck,17.36497785896063,4.513237159699202,10.0
100,predicate,discrete,59,29.556,1,published_after_gate_recheck,18.62562308087945,6.008082069456577,10.0
100,readset,discrete,60,30.418,1,published_after_gate_recheck,16.388647258281708,3.994976170361042,10.0
100,predicate,discrete,61,30.586,1,published_after_gate_recheck,18.21794919669628,4.4732228852808475,10.0
100,global,continuous,62,31.281,1,published_after_gate_recheck,20.207210909575224,4.879574757069349,10.0
100,global,continuous,63,31.727,1,published_after_gate_recheck,18.26008828356862,4.842634778469801,10.0
100,readset,continuous,64,32.182,1,published_after_gate_recheck,17.00855977833271,4.370228853076696,10.0
100,readset,discrete,65,32.652,1,published_after_gate_recheck,17.940086778253317,4.6875751577317715,10.0
100,global,discrete,66,33.338,1,published_after_gate_recheck,20.381798036396503,4.397841170430183,10.0
100,readset,continuous,67,33.625,1,published_after_gate_recheck,16.071101184934378,4.562729969620705,10.0
100,global,continuous,68,34.453,1,published_after_gate_recheck,16.010758001357317,4.57619596272707,10.0
100,predicate,continuous,69,34.554,1,published_after_gate_recheck,14.987157192081213,4.287423565983772,10.0
100,predicate,continuous,70,35.311,1,published_after_gate_recheck,17.26693520322442,4.522193688899279,10.0
100,global,continuous,71,35.823,1,published_after_gate_recheck,15.912524424493313,4.445590078830719,10.0
100,predicate,continuous,72,36.453,1,published_after_gate_recheck,17.699196003377438,4.296320024877787,10.0
100,global,discrete,73,36.789,1,published_after_gate_recheck,18.609063234180212,4.820864647626877,10.0
100,predicate,discrete,74,37.012,1,published_after_gate_recheck,15.763765200972557,4.366050940006971,10.0
100,global,continuous,75,37.895,0,context_version_changed_at_publish,20.853493828326464,6.728113163262606,10.0
100,readset,continuous,76,38.377,1,published_after_gate_recheck,16.766846645623446,4.176305141299963,10.0
100,predicate,continuous,77,38.92,1,published_after_gate_recheck,16.75316086038947,4.425322636961937,10.0
100,predicate,continuous,78,39.489,1,published_after_gate_recheck,16.442928928881884,4.3929810635745525,10.0
100,predicate,discrete,79,39.823,1,published_after_gate_recheck,17.090352717787027,4.4213454239070415,10.0
100,readset,continuous,80,40.073,1,published_after_gate_recheck,19.508049823343754,4.751615226268768,10.0
100,readset,discrete,81,40.805,1,published_after_gate_recheck,21.76637575030327,5.073388107120991,10.0
100,readset,discrete,82,41.496,1,published_after_gate_recheck,20.025300327688456,6.460039876401424,10.0
100,predicate,continuous,83,41.991,1,published_after_gate_recheck,17.795175779610872,4.976447205990553,10.0
100,global,continuous,84,42.166,1,published_after_gate_recheck,15.87726827710867,4.354419186711311,10.0
100,readset,discrete,85,42.62,1,published_after_gate_recheck,15.970171894878149,4.174450878053904,10.0
100,global,continuous,86,43.229,1,published_after_gate_recheck,16.45014202222228,4.335083067417145,10.0
100,predicate,continuous,87,43.78,1,published_after_gate_recheck,16.724606975913048,4.172998946160078,10.0
100,global,continuous,88,44.377,1,published_after_gate_recheck,18.558787647634745,4.650614690035582,10.0
100,readset,continuous,89,44.752,1,published_after_gate_recheck,18.17063009366393,4.458754789084196,10.0
100,global,discrete,90,45.127,1,published_after_gate_recheck,20.828307140618563,5.481543950736523,10.0
100,global,continuous,91,45.573,1,published_after_gate_recheck,18.452429212629795,4.878313280642033,10.0
100,readset,discrete,92,46.155,1,published_after_gate_recheck,20.037032198160887,4.56015532836318,10.0
100,predicate,discrete,93,46.888,1,published_after_gate_recheck,16.54511084780097,4.405634943395853,10.0
100,predicate,discrete,94,47.02,1,published_after_gate_recheck,17.979171127080917,4.741064738482237,10.0
100,global,discrete,95,47.594,0,context_version_changed_at_publish,22.594360169023275,7.56188714876771,10.0
100,readset,discrete,96,48.417,1,published_after_gate_recheck,15.85040707141161,4.398302175104618,10.0
100,global,continuous,97,48.773,1,published_after_gate_recheck,16.850854270160198,4.410744644701481,10.0
100,predicate,discrete,98,49.101,1,published_after_gate_recheck,19.984352868050337,4.46355389431119,10.0
100,predicate,continuous,99,49.546,1,published_after_gate_recheck,17.04888604581356,4.123937338590622,10.0
100,global,continuous,100,50.401,1,published_after_gate_recheck,19.943946972489357,5.030027125030756,10.0
100,readset,continuous,101,50.96,1,published_after_gate_recheck,20.505751948803663,4.764167591929436,10.0
100,readset,discrete,102,51.34,1,published_after_gate_recheck,15.72381891310215,3.815698903053999,10.0
100,predicate,continuous,103,51.901,1,published_after_gate_recheck,16.774381045252085,4.103329032659531,10.0
100,readset,discrete,104,52.185,1,published_after_gate_recheck,16.79402682930231,4.575022961944342,10.0
100,readset,continuous,105,52.959,1,published_after_gate_recheck,16.540362033993006,4.112284630537033,10.0
100,global,discrete,106,53.093,0,context_version_changed_at_publish,19.904994405806065,8.290203288197517,10.0
100,predicate,continuous,107,53.751,1,published_after_gate_recheck,17.890876159071922,4.76265512406826,10.0
100,readset,continuous,108,54.173,1,published_after_gate_recheck,16.316751949489117,4.6569169498980045,10.0
100,global,discrete,109,54.562,1,published_after_gate_recheck,19.191755913197994,4.489703103899956,10.0
100,readset,continuous,110,55.321,1,published_after_gate_recheck,18.903314601629972,5.641484167426825,10.0
100,global,discrete,111,55.922,1,published_after_gate_recheck,16.7127950116992,4.801387898623943,10.0
100,global,continuous,112,56.316,1,published_after_gate_recheck,15.51668019965291,4.634073935449123,10.0
100,readset,discrete,113,56.628,1,published_after_gate_recheck,15.847873408347368,4.430932924151421,10.0
100,readset,continuous,114,57.063,1,published_after_gate_recheck,16.184714157134295,4.683265928179026,10.0
100,readset,continuous,115,57.599,1,published_after_gate_recheck,22.27010065689683,4.832455888390541,10.0
100,predicate,discrete,116,58.419,1,published_after_gate_recheck,17.350863199681044,4.321448039263487,10.0
100,predicate,continuous,117,58.651,1,published_after_gate_recheck,15.852591022849083,4.1230348870158195,10.0
100,global,discrete,118,59.099,1,published_after_gate_recheck,21.453178022056818,4.5623090118169785,10.0
100,global,continuous,119,59.986,1,published_after_gate_recheck,18.21373077109456,4.701079800724983,10.0
100,global,discrete,120,60.492,1,published_after_gate_recheck,17.340142279863358,4.098149016499519,10.0
100,predicate,continuous,121,60.627,1,published_after_gate_recheck,17.43219466879964,4.266955889761448,10.0
100,readset,continuous,122,61.227,1,published_after_gate_recheck,16.950111370533705,4.1208406910300255,10.0
100,readset,discrete,123,61.751,1,published_after_gate_recheck,18.97652167826891,5.058540962636471,10.0
100,readset,continuous,124,62.171,1,published_after_gate_recheck,18.698090221732855,4.963221028447151,10.0
100,global,discrete,125,62.988,1,published_after_gate_recheck,19.227201584726572,4.756784066557884,10.0
100,global,discrete,126,63.024,1,published_after_gate_recheck,18.72635306790471,4.9579208716750145,10.0
100,global,continuous,127,63.922,1,published_after_gate_recheck,17.00303005054593,4.282214213162661,10.0
100,predicate,discrete,128,64.387,1,published_after_gate_recheck,18.2102438993752,4.658899735659361,10.0
100,global,continuous,129,64.62,1,published_after_gate_recheck,17.108917701989412,4.611731972545385,10.0
100,global,continuous,130,65.178,1,published_after_gate_recheck,20.49610298126936,6.08846265822649,10.0
100,global,discrete,131,65.995,0,context_version_changed_at_publish,19.3139361217618,7.748977746814489,10.0
100,global,continuous,132,66.058,1,published_after_gate_recheck,15.288552735000849,4.440621938556433,10.0
100,global,discrete,133,66.822,1,published_after_gate_recheck,16.335336957126856,4.423980135470629,10.0
100,readset,discrete,134,67.478,1,published_after_gate_recheck,19.446292892098427,5.50707196816802,10.0
100,global,discrete,135,67.68,1,published_after_gate_recheck,19.46622086688876,4.663869738578796,10.0
100,global,continuous,136,68.374,1,published_after_gate_recheck,17.110451124608517,4.265502095222473,10.0
100,global,continuous,137,68.734,1,published_after_gate_recheck,16.75580581650138,4.316679202020168,10.0
100,predicate,discrete,138,69.137,1,published_after_gate_recheck,18.696627113968134,4.618173930794001,10.0
100,predicate,continuous,139,69.899,1,published_after_gate_recheck,20.532291382551193,4.497317131608725,10.0
100,readset,continuous,140,70.409,1,published_after_gate_recheck,16.8381012044847,4.157740157097578,10.0
100,readset,discrete,141,70.837,1,published_after_gate_recheck,17.875656951218843,5.037781782448292,10.0
100,global,continuous,142,71.184,1,published_after_gate_recheck,16.454790718853474,4.2856307700276375,10.0
100,readset,continuous,143,71.572,1,published_after_gate_recheck,19.295029807835817,4.631550051271915,10.0
100,readset,continuous,144,72.31,1,published_after_gate_recheck,16.715971287339926,3.7318719550967216,10.0
100,predicate,continuous,145,72.663,1,published_after_gate_recheck,17.028898000717163,4.068463109433651,10.0
100,predicate,discrete,146,73.119,1,published_after_gate_recheck,17.121491953730583,4.116302821785212,10.0
100,predicate,continuous,147,73.769,1,published_after_gate_recheck,18.26511789113283,4.759930074214935,10.0
100,global,discrete,148,74.128,1,published_after_gate_recheck,19.296472892165184,4.548623692244291,10.0
100,predicate,discrete,149,74.609,1,published_after_gate_recheck,17.50024314969778,4.248430952429771,10.0
100,readset,discrete,150,75.42,1,published_after_gate_recheck,17.822226975113153,5.110969301313162,10.0
100,global,discrete,151,75.736,1,published_after_gate_recheck,16.73691999167204,4.09345980733633,10.0
100,global,continuous,152,76.186,1,published_after_gate_recheck,17.609497997909784,4.615680314600468,10.0
100,global,discrete,153,76.855,1,published_after_gate_recheck,16.76227804273367,4.204519093036652,10.0
100,predicate,discrete,154,77.453,1,published_after_gate_recheck,18.428874667733908,4.603497218340635,10.0
100,global,continuous,155,77.928,1,published_after_gate_recheck,18.431789707392454,4.553663078695536,10.0
100,predicate,continuous,156,78.175,1,published_after_gate_recheck,17.76378694921732,4.795636981725693,10.0
100,predicate,discrete,157,78.799,1,published_after_gate_recheck,19.214307889342308,4.244673997163773,10.0
100,readset,discrete,158,79.297,1,published_after_gate_recheck,20.65604319795966,6.8662818521261215,10.0
100,global,discrete,159,79.934,1,published_after_gate_recheck,17.147440928965807,4.394344054162502,10.0
100,predicate,continuous,160,80.305,1,published_after_gate_recheck,17.073091119527817,4.887840244919062,10.0
100,readset,continuous,161,80.799,1,published_after_gate_recheck,20.750129129737616,4.899331834167242,10.0
100,global,continuous,162,81.248,1,published_after_gate_recheck,17.586915288120508,4.417126998305321,10.0
100,readset,continuous,163,81.53,1,published_after_gate_recheck,17.6039170473814,4.409172106534243,10.0
100,readset,continuous,164,82.347,1,published_after_gate_recheck,16.299420036375523,4.757225047796965,10.0
100,readset,continuous,165,82.56,1,published_after_gate_recheck,17.43862684816122,4.724584054201841,10.0
100,global,discrete,166,83.456,1,published_after_gate_recheck,19.570427015423775,5.216546822339296,10.0
100,global,discrete,167,83.632,1,published_after_gate_recheck,18.135443795472383,4.649261943995953,10.0
100,predicate,continuous,168,84.489,1,published_after_gate_recheck,18.29332998022437,4.895283840596676,10.0
100,global,continuous,169,84.779,1,published_after_gate_recheck,17.98975095152855,4.487690050154924,10.0
100,predicate,continuous,170,85.016,1,published_after_gate_recheck,18.56842590495944,5.09125180542469,10.0
100,readset,discrete,171,85.551,1,published_after_gate_recheck,17.541650217026472,4.644894041121006,10.0
100,predicate,continuous,172,86.042,1,published_after_gate_recheck,17.049257177859545,4.336665850132704,10.0
100,readset,discrete,173,86.712,1,published_after_gate_recheck,17.83861732110381,4.413701128214598,10.0
100,readset,continuous,174,87.496,0,read_set_version_changed_at_gate,22.54705084487796,8.590426761657,10.0
100,global,discrete,175,87.694,0,context_version_changed_at_publish,23.32542184740305,6.196575239300728,10.0
100,predicate,discrete,176,88.089,1,published_after_gate_recheck,16.32213220000267,4.364757798612118,10.0
100,global,discrete,177,88.762,1,published_after_gate_recheck,17.19738496467471,4.501525778323412,10.0
100,readset,discrete,178,89.498,1,published_after_gate_recheck,22.536100819706917,6.749844178557396,10.0
100,global,continuous,179,89.587,1,published_after_gate_recheck,17.466158140450716,4.278847947716713,10.0
100,predicate,discrete,180,90.302,1,published_after_gate_recheck,17.22855307161808,4.2846291325986385,10.0
100,global,discrete,181,90.56,1,published_after_gate_recheck,18.303299322724342,4.589329939335585,10.0
100,readset,discrete,182,91.277,1,published_after_gate_recheck,18.441667780280113,5.157114937901497,10.0
100,predicate,discrete,183,91.983,1,published_after_gate_recheck,18.673374317586422,4.911585245281458,10.0
100,global,continuous,184,92.24,1,published_after_gate_recheck,23.20873225107789,5.115346983075142,10.0
100,global,continuous,185,92.943,1,published_after_gate_recheck,18.081263173371553,4.938205238431692,10.0
100,global,discrete,186,93.346,1,published_after_gate_recheck,18.888096790760756,4.646166227757931,10.0
100,readset,continuous,187,93.999,1,published_after_gate_recheck,20.507133565843105,4.355611279606819,10.0
100,global,discrete,188,94.057,1,published_after_gate_recheck,18.136485945433378,4.839008674025536,10.0
100,global,discrete,189,94.687,1,published_after_gate_recheck,18.38867925107479,4.500532988458872,10.0
100,readset,discrete,190,95.173,1,published_after_gate_recheck,17.128875013440847,4.539996851235628,10.0
100,global,continuous,191,95.946,1,published_after_gate_recheck,16.73351414501667,3.985307179391384,10.0
100,readset,continuous,192,96.344,1,published_after_gate_recheck,18.46076501533389,4.683697130531073,10.0
100,predicate,continuous,193,96.541,1,published_after_gate_recheck,16.883986070752144,4.512996878474951,10.0
100,predicate,discrete,194,97.415,1,published_after_gate_recheck,17.86772208288312,4.53950697556138,10.0
100,predicate,continuous,195,97.502,1,published_after_gate_recheck,20.907785277813673,4.600401036441326,10.0
100,readset,discrete,196,98.437,1,published_after_gate_recheck,16.934681218117476,4.328310023993254,10.0
100,global,continuous,197,98.586,1,published_after_gate_recheck,17.88901211693883,4.534357227385044,10.0
100,global,discrete,198,99.424,1,published_after_gate_recheck,18.26649997383356,4.7560930252075195,10.0
100,predicate,discrete,199,99.57,1,published_after_gate_recheck,17.51533104106784,4.525280091911554,10.0
100,readset,continuous,200,100.084,1,published_after_gate_recheck,17.582778353244066,4.854637663811445,10.0
100,global,continuous,201,100.581,1,published_after_gate_recheck,16.760353930294514,4.108977969735861,10.0
100,global,continuous,202,101.161,1,published_after_gate_recheck,21.284702233970165,4.731236957013607,10.0
100,predicate,continuous,203,101.642,1,published_after_gate_recheck,17.205960117280483,4.42372914403677,10.0
100,global,continuous,204,102.034,1,published_after_gate_recheck,22.1787397749722,5.9173619374632835,10.0
100,readset,discrete,205,102.658,1,published_after_gate_recheck,17.565094865858555,4.435933195054531,10.0
100,global,discrete,206,103.101,1,published_after_gate_recheck,17.5097300671041,4.305247683078051,10.0
100,global,discrete,207,103.996,0,context_version_changed_at_publish,18.820649944245815,6.126975174993277,10.0
100,readset,discrete,208,104.228,1,published_after_gate_recheck,16.29890874028206,4.2477198876440525,10.0
100,global,discrete,209,104.604,1,published_after_gate_recheck,16.085367649793625,3.9286608807742596,10.0
100,predicate,discrete,210,105.281,1,published_after_gate_recheck,16.433120239526033,4.070707131177187,10.0
100,readset,continuous,211,105.937,1,published_after_gate_recheck,17.97506306320429,4.572058096528053,10.0
100,readset,continuous,212,106.206,1,published_after_gate_recheck,18.361998721957207,4.497317131608725,10.0
100,readset,continuous,213,106.925,1,published_after_gate_recheck,18.9786059781909,4.535970278084278,10.0
100,readset,discrete,214,107.234,1,published_after_gate_recheck,18.947558011859655,4.756603855639696,10.0
100,readset,continuous,215,107.811,1,published_after_gate_recheck,18.225823063403368,4.497036803513765,10.0
100,global,continuous,216,108.382,1,published_after_gate_recheck,17.961657606065273,4.600320942699909,10.0
100,predicate,continuous,217,108.786,1,published_after_gate_recheck,20.18986875191331,4.962170030921698,10.0
100,global,discrete,218,109.176,1,published_after_gate_recheck,17.557680141180754,4.316178150475025,10.0
100,global,discrete,219,109.885,1,published_after_gate_recheck,18.020238261669874,4.345872905105352,10.0
100,readset,discrete,220,110.047,1,published_after_gate_recheck,18.527839798480272,4.815445281565189,10.0
100,readset,discrete,221,110.592,1,published_after_gate_recheck,23.5209078527987,8.818494156002998,10.0
100,readset,continuous,222,111.402,1,published_after_gate_recheck,19.487702287733555,5.1229409873485565,10.0
100,readset,continuous,223,111.507,1,published_after_gate_recheck,16.500627156347036,4.933866672217846,10.0
100,readset,discrete,224,112.348,1,published_after_gate_recheck,17.401105724275112,4.952962044626474,10.0
100,readset,discrete,225,112.862,1,published_after_gate_recheck,16.26755017787218,4.447493702173233,10.0
100,readset,discrete,226,113.143,1,published_after_gate_recheck,16.936293803155422,4.2113312520086765,10.0
100,predicate,continuous,227,113.717,1,published_after_gate_recheck,16.219670418649912,4.144656006246805,10.0
100,global,discrete,228,114.102,1,published_after_gate_recheck,18.85475404560566,4.240827169269323,10.0
100,global,continuous,229,114.97,1,published_after_gate_recheck,17.7379478700459,4.200169816613197,10.0
100,global,discrete,230,115.228,1,published_after_gate_recheck,18.29810906201601,5.262843333184719,10.0
100,readset,discrete,231,115.802,1,published_after_gate_recheck,22.01461186632514,6.1963750049471855,10.0
100,global,discrete,232,116.329,1,published_after_gate_recheck,16.21593302115798,4.235586151480675,10.0
100,global,continuous,233,116.9,1,published_after_gate_recheck,19.088012166321278,4.33010421693325,10.0
100,readset,continuous,234,117.36,1,published_after_gate_recheck,17.962840851396322,4.346664994955063,10.0
100,global,continuous,235,117.92,1,published_after_gate_recheck,18.17779429256916,4.396237432956696,10.0
100,readset,discrete,236,118.461,1,published_after_gate_recheck,19.11985082551837,4.936511162668467,10.0
100,global,discrete,237,118.868,1,published_after_gate_recheck,17.169742844998837,3.98528715595603,10.0
100,global,continuous,238,119.294,0,context_version_changed_at_publish,19.19190725311637,6.574605125933886,10.0
100,readset,continuous,239,119.642,1,published_after_gate_recheck,15.108786057680845,4.160505253821611,10.0
100,readset,continuous,240,120.189,1,published_after_gate_recheck,20.29482601210475,4.725665785372257,10.0
100,readset,discrete,241,120.651,1,published_after_gate_recheck,17.331155017018318,4.34863893315196,10.0
100,predicate,discrete,242,121.47,1,published_after_gate_recheck,18.54518288746476,4.553372971713543,10.0
100,global,discrete,243,121.539,1,published_after_gate_recheck,15.195549000054598,4.059245344251394,10.0
100,readset,continuous,244,122.37,1,published_after_gate_recheck,17.443775665014982,4.53106127679348,10.0
100,readset,continuous,245,122.605,1,published_after_gate_recheck,14.791479799896479,4.120761062949896,10.0
100,predicate,continuous,246,123.25,1,published_after_gate_recheck,20.272403955459595,4.9046119675040245,10.0
100,readset,discrete,247,123.772,1,published_after_gate_recheck,22.22478622570634,4.86339395865798,10.0
100,global,continuous,248,124.299,1,published_after_gate_recheck,20.178417209535837,4.025522153824568,10.0
100,predicate,continuous,249,124.75,1,published_after_gate_recheck,17.201982904225588,4.9226549454033375,10.0
100,predicate,continuous,250,125.091,1,published_after_gate_recheck,18.46248796209693,4.825131967663765,10.0
100,predicate,continuous,251,125.739,1,published_after_gate_recheck,17.104208935052156,4.54640993848443,10.0
100,predicate,continuous,252,126.324,1,published_after_gate_recheck,16.90937438979745,4.210439044982195,10.0
100,global,continuous,253,126.944,1,published_after_gate_recheck,17.692833207547665,4.685450810939074,10.0
100,predicate,discrete,254,127.481,1,published_after_gate_recheck,20.74326714500785,4.9713668413460255,10.0
100,readset,discrete,255,127.691,1,published_after_gate_recheck,16.978444065898657,4.020572640001774,10.0
100,readset,continuous,256,128.146,1,published_after_gate_recheck,17.889843322336674,5.000371020287275,10.0
100,global,discrete,257,128.633,1,published_after_gate_recheck,16.974846832454205,4.269108641892672,10.0
100,readset,discrete,258,129.258,1,published_after_gate_recheck,17.241185996681452,4.570745397359133,10.0
100,global,continuous,259,129.737,1,published_after_gate_recheck,16.46956941112876,4.294046200811863,10.0
100,global,discrete,260,130.286,1,published_after_gate_recheck,15.450676903128624,4.135448019951582,10.0
100,readset,discrete,261,130.807,1,published_after_gate_recheck,18.069600220769644,4.759639035910368,10.0
100,global,discrete,262,131.278,1,published_after_gate_recheck,21.896811202168465,8.421959821134806,10.0
100,predicate,continuous,263,131.852,1,published_after_gate_recheck,19.39187105745077,4.97559504583478,10.0
100,readset,discrete,264,132.127,1,published_after_gate_recheck,17.60160317644477,4.5698536559939384,10.0
100,predicate,continuous,265,132.575,1,published_after_gate_recheck,19.536792766302824,4.876588936895132,10.0
100,readset,continuous,266,133.247,1,published_after_gate_recheck,17.49715581536293,4.512597341090441,10.0
100,predicate,discrete,267,133.918,1,published_after_gate_recheck,17.111713998019695,4.149113781750202,10.0
100,predicate,continuous,268,134.021,1,published_after_gate_recheck,15.637056902050972,4.1164131835103035,10.0
100,global,continuous,269,134.829,1,published_after_gate_recheck,17.577386926859617,5.151285324245691,10.0
100,predicate,continuous,270,135.351,1,published_after_gate_recheck,16.708336304873228,4.297792911529541,10.0
100,global,discrete,271,135.705,1,published_after_gate_recheck,15.823376830667257,3.877825103700161,10.0
100,readset,continuous,272,136.083,1,published_after_gate_recheck,17.56747905164957,4.402941092848778,10.0
100,readset,discrete,273,136.532,1,published_after_gate_recheck,15.144201926887035,3.882423974573612,10.0
100,readset,discrete,274,137.144,1,published_after_gate_recheck,16.42033690586686,4.557840991765261,10.0
100,predicate,discrete,275,137.684,1,published_after_gate_recheck,17.64165796339512,4.487027879804373,10.0
100,readset,discrete,276,138.342,1,published_after_gate_recheck,18.523612059652805,5.16611197963357,10.0
100,global,discrete,277,138.855,1,published_after_gate_recheck,17.676823772490025,4.238311201334,10.0
100,readset,continuous,278,139.454,1,published_after_gate_recheck,22.144916001707315,5.6617530062794685,10.0
100,predicate,continuous,279,139.843,1,published_after_gate_recheck,17.54199108108878,4.899623338133097,10.0
100,predicate,continuous,280,140.453,1,published_after_gate_recheck,18.304140772670507,4.975002724677324,10.0
100,predicate,discrete,281,140.695,1,published_after_gate_recheck,23.01523881033063,6.299048196524382,10.0
100,global,discrete,282,141.395,0,context_version_changed_at_publish,20.705025177448988,7.508356124162674,10.0
100,predicate,discrete,283,141.577,1,published_after_gate_recheck,18.179135862737894,4.96709905564785,10.0
100,readset,continuous,284,142.209,1,published_after_gate_recheck,15.601710882037878,4.26535215228796,10.0
100,readset,continuous,285,142.9,1,published_after_gate_recheck,22.66952069476247,4.990302957594395,10.0
100,readset,discrete,286,143.468,1,published_after_gate_recheck,18.351640086621046,4.728671163320541,10.0
100,readset,continuous,287,143.843,1,published_after_gate_recheck,18.087083008140326,4.585623275488615,10.0
100,predicate,discrete,288,144.047,1,published_after_gate_recheck,20.03446687012911,4.455910064280033,10.0
100,readset,discrete,289,144.588,1,published_after_gate_recheck,17.109600361436605,4.449568223208189,10.0
100,predicate,discrete,290,145.119,1,published_after_gate_recheck,16.968784853816032,4.621700849384069,10.0
100,predicate,continuous,291,145.557,1,published_after_gate_recheck,18.310011830180883,5.221105180680752,10.0
100,global,continuous,292,146.042,1,published_after_gate_recheck,19.919761922210455,4.789645783603191,10.0
100,readset,continuous,293,146.624,1,published_after_gate_recheck,20.030949730426073,4.803682211786509,10.0
100,predicate,discrete,294,147.497,1,published_after_gate_recheck,25.958150625228882,5.200918298214674,10.0
100,readset,continuous,295,147.704,1,published_after_gate_recheck,16.794498078525066,4.1792308911681175,10.0
100,readset,discrete,296,148.295,1,published_after_gate_recheck,21.184924989938736,6.907138973474503,10.0
100,predicate,discrete,297,148.92,1,published_after_gate_recheck,16.39947760850191,4.280910827219486,10.0
100,readset,continuous,298,149.081,1,published_after_gate_recheck,16.897460911422968,4.025002010166645,10.0
100,global,discrete,299,149.648,1,published_after_gate_recheck,17.9669177159667,4.854387138038874,10.0
100,global,continuous,300,150.192,0,context_version_changed_at_publish,22.904462181031704,5.382407922297716,10.0
100,global,discrete,301,150.805,1,published_after_gate_recheck,16.83970307931304,4.302621819078922,10.0
100,predicate,continuous,302,151.313,1,published_after_gate_recheck,18.354524858295918,4.418068565428257,10.0
100,global,discrete,303,151.798,1,published_after_gate_recheck,21.45591424778104,4.3915389105677605,10.0
100,global,discrete,304,152.238,1,published_after_gate_recheck,18.70098477229476,4.606934264302254,10.0
100,readset,continuous,305,152.868,1,published_after_gate_recheck,17.695819027721882,4.392710980027914,10.0
100,global,continuous,306,153.01,1,published_after_gate_recheck,17.471008002758026,4.728070925921202,10.0
100,readset,continuous,307,153.538,1,published_after_gate_recheck,17.260191962122917,4.508999176323414,10.0
100,predicate,discrete,308,154.379,1,published_after_gate_recheck,17.41393143311143,4.5685009099543095,10.0
100,predicate,discrete,309,154.562,1,published_after_gate_recheck,17.02105300500989,4.284137859940529,10.0
100,predicate,continuous,310,155.209,1,published_after_gate_recheck,18.795843236148357,4.756443668156862,10.0
100,readset,continuous,311,155.991,1,published_after_gate_recheck,19.616643898189068,5.647935904562473,10.0
100,global,discrete,312,156.332,1,published_after_gate_recheck,15.64810797572136,4.041170701384544,10.0
100,readset,discrete,313,156.667,1,published_after_gate_recheck,17.456119880080223,4.065648186951876,10.0
100,global,discrete,314,157.322,1,published_after_gate_recheck,16.65790192782879,4.1662161238491535,10.0
100,predicate,discrete,315,157.721,1,published_after_gate_recheck,17.477078828960657,4.899842664599419,10.0
100,global,discrete,316,158.358,1,published_after_gate_recheck,15.292050316929817,3.9442400448024273,10.0
100,predicate,continuous,317,158.704,1,published_after_gate_recheck,20.674386993050575,4.538114182651043,10.0
100,predicate,continuous,318,159.126,1,published_after_gate_recheck,19.182448741048574,4.837265238165855,10.0
100,readset,continuous,319,159.587,1,published_after_gate_recheck,23.05112686008215,6.889746058732271,10.0
100,global,discrete,320,160.132,1,published_after_gate_recheck,16.255006194114685,4.214517306536436,10.0
100,readset,continuous,321,160.922,1,published_after_gate_recheck,15.8552760258317,4.195972811430693,10.0
100,readset,continuous,322,161.453,1,published_after_gate_recheck,15.082566998898983,4.090945236384869,10.0
100,global,continuous,323,161.831,1,published_after_gate_recheck,16.130803152918816,4.058564081788063,10.0
100,predicate,discrete,324,162.437,1,published_after_gate_recheck,18.49406724795699,4.529096651822329,10.0
100,readset,discrete,325,162.978,1,published_after_gate_recheck,17.845340073108673,5.163998808711767,10.0
100,predicate,discrete,326,163.26,1,published_after_gate_recheck,16.73613814637065,4.5655760914087296,10.0
100,global,continuous,327,163.852,1,published_after_gate_recheck,19.3013409152627,6.338602397590876,10.0
100,global,continuous,328,164.151,1,published_after_gate_recheck,15.928313136100769,4.574933089315891,10.0
100,predicate,discrete,329,164.613,1,published_after_gate_recheck,16.04998204857111,4.0673911571502686,10.0
100,predicate,discrete,330,165.101,1,published_after_gate_recheck,62.23096279427409,4.472040105611086,10.0
100,global,continuous,331,165.922,1,published_after_gate_recheck,19.09722900018096,5.033404100686312,10.0
100,predicate,discrete,332,166.259,1,published_after_gate_recheck,19.226120319217443,7.296780124306679,10.0
100,global,continuous,333,166.665,1,published_after_gate_recheck,16.30380842834711,4.591815173625946,10.0
100,predicate,continuous,334,167.478,1,published_after_gate_recheck,17.559804022312164,4.535018000751734,10.0
100,predicate,discrete,335,167.576,1,published_after_gate_recheck,16.025675926357508,4.535198211669922,10.0
100,global,discrete,336,168.107,1,published_after_gate_recheck,15.660000033676624,4.435561131685972,10.0
100,global,discrete,337,168.679,1,published_after_gate_recheck,16.252601984888315,4.530169069766998,10.0
100,readset,continuous,338,169.001,1,published_after_gate_recheck,19.553794991225004,4.728020168840885,10.0
100,global,discrete,339,169.532,1,published_after_gate_recheck,17.134075984358788,4.290518816560507,10.0
100,predicate,discrete,340,170.107,1,published_after_gate_recheck,16.178492922335863,4.1245282627642155,10.0
100,readset,discrete,341,170.525,1,published_after_gate_recheck,16.509172972291708,4.3073720298707485,10.0
100,predicate,discrete,342,171.425,1,published_after_gate_recheck,23.550072219222784,8.636652957648039,10.0
100,readset,continuous,343,171.904,1,published_after_gate_recheck,18.54007411748171,4.847425036132336,10.0
100,global,continuous,344,172.421,1,published_after_gate_recheck,16.122897621244192,4.686091560870409,10.0
100,global,discrete,345,172.685,1,published_after_gate_recheck,16.357597894966602,4.224174655973911,10.0
100,global,continuous,346,173.345,1,published_after_gate_recheck,20.228140987455845,4.796267952769995,10.0
100,predicate,discrete,347,173.659,1,published_after_gate_recheck,16.333072911947966,4.381780046969652,10.0
100,predicate,discrete,348,174.302,1,published_after_gate_recheck,16.74460479989648,4.300849046558142,10.0
100,readset,discrete,349,174.795,1,published_after_gate_recheck,20.460004918277264,8.681597653776407,10.0
100,readset,continuous,350,175.377,1,published_after_gate_recheck,17.73595530539751,4.756473936140537,10.0
100,global,discrete,351,175.637,1,published_after_gate_recheck,15.765547752380371,4.405436106026173,10.0
100,readset,continuous,352,176.059,1,published_after_gate_recheck,16.937988344579935,4.446052014827728,10.0
100,predicate,continuous,353,176.671,1,published_after_gate_recheck,16.744635067880154,4.723841790109873,10.0
100,readset,continuous,354,177.389,1,published_after_gate_recheck,18.719038926064968,4.785527940839529,10.0
100,readset,continuous,355,177.645,1,published_after_gate_recheck,16.314136795699596,4.454496782273054,10.0
100,readset,discrete,356,178.122,1,published_after_gate_recheck,16.353951767086983,4.343709908425808,10.0
100,readset,continuous,357,178.763,1,published_after_gate_recheck,14.84118402004242,3.842479083687067,10.0
100,readset,discrete,358,179.212,1,published_after_gate_recheck,16.828162129968405,4.435831680893898,10.0
100,readset,continuous,359,179.776,1,published_after_gate_recheck,20.395194180309772,5.050726234912872,10.0
100,global,continuous,360,180.002,1,published_after_gate_recheck,18.329507671296597,4.860138054937124,10.0
100,readset,discrete,361,180.555,1,published_after_gate_recheck,19.264942966401577,4.756995011121035,10.0
100,readset,discrete,362,181.294,1,published_after_gate_recheck,21.600063890218735,4.523647017776966,10.0
100,predicate,discrete,363,181.563,1,published_after_gate_recheck,16.279743053019047,4.191804677248001,10.0
100,global,continuous,364,182.463,1,published_after_gate_recheck,16.10676757991314,4.092517774552107,10.0
100,readset,continuous,365,182.504,1,published_after_gate_recheck,14.967902097851038,4.0160249918699265,10.0
100,predicate,continuous,366,183.15,1,published_after_gate_recheck,18.071583937853575,4.524769261479378,10.0
100,readset,continuous,367,183.83,1,published_after_gate_recheck,18.405830953270197,4.694606643170118,10.0
100,readset,discrete,368,184.263,1,published_after_gate_recheck,17.722959630191326,4.844699054956436,10.0
100,global,discrete,369,184.864,1,published_after_gate_recheck,17.490714322775602,3.8691586814820766,10.0
100,predicate,continuous,370,185.1,1,published_after_gate_recheck,18.801713827997446,4.74206730723381,10.0
100,readset,continuous,371,185.703,1,published_after_gate_recheck,15.893027186393738,4.59835771471262,10.0
100,predicate,continuous,372,186.346,1,published_after_gate_recheck,18.229630310088396,4.9350387416779995,10.0
100,global,discrete,373,186.831,1,published_after_gate_recheck,17.07738870754838,4.115832038223743,10.0
100,global,continuous,374,187.069,1,published_after_gate_recheck,18.415410071611404,4.490904975682497,10.0
100,global,discrete,375,187.556,1,published_after_gate_recheck,19.992579240351915,4.539807792752981,10.0
100,predicate,continuous,376,188.182,1,published_after_gate_recheck,18.821500707417727,5.1360661163926125,10.0
100,predicate,continuous,377,188.906,1,published_after_gate_recheck,17.677785363048315,4.879513755440712,10.0
100,global,discrete,378,189.382,1,published_after_gate_recheck,17.82266702502966,4.490133840590715,10.0
100,predicate,discrete,379,189.642,1,published_after_gate_recheck,16.671387944370508,4.489824175834656,10.0
100,predicate,continuous,380,190.334,1,published_after_gate_recheck,17.653740011155605,4.7529879957437515,10.0
100,readset,discrete,381,190.595,1,published_after_gate_recheck,21.50493487715721,6.585425231605768,10.0
100,readset,continuous,382,191.164,1,published_after_gate_recheck,16.787886153906584,4.536942113190889,10.0
100,readset,discrete,383,191.503,1,published_after_gate_recheck,17.79774995520711,4.4419229961931705,10.0
100,global,discrete,384,192.268,1,published_after_gate_recheck,16.48641098290682,4.069854971021414,10.0
100,global,continuous,385,192.523,1,published_after_gate_recheck,17.139344941824675,4.473002161830664,10.0
100,readset,continuous,386,193.441,1,published_after_gate_recheck,16.068866942077875,4.285640083253384,10.0
100,global,discrete,387,193.826,1,published_after_gate_recheck,15.387649182230234,4.026865120977163,10.0
100,global,continuous,388,194.361,1,published_after_gate_recheck,20.036079920828342,5.534233059734106,10.0
100,readset,discrete,389,194.757,1,published_after_gate_recheck,16.409045085310936,4.298073705285788,10.0
100,predicate,continuous,390,195.137,1,published_after_gate_recheck,16.33026823401451,4.454778041690588,10.0
100,predicate,continuous,391,195.589,1,published_after_gate_recheck,16.778027173131704,4.430642351508141,10.0
100,predicate,discrete,392,196.312,1,published_after_gate_recheck,16.473676078021526,4.284938797354698,10.0
100,global,discrete,393,196.642,1,published_after_gate_recheck,16.550880856812,4.714154172688723,10.0
100,predicate,discrete,394,197.286,1,published_after_gate_recheck,18.022251781076193,4.443577025085688,10.0
100,readset,continuous,395,197.657,1,published_after_gate_recheck,19.31422622874379,5.54805900901556,10.0
100,predicate,continuous,396,198.107,1,published_after_gate_recheck,17.08833035081625,4.685420077294111,10.0
100,global,continuous,397,198.923,1,published_after_gate_recheck,18.712527118623257,5.1480489782989025,10.0
100,global,discrete,398,199.48,1,published_after_gate_recheck,19.13419784978032,4.619075916707516,10.0
100,readset,discrete,399,199.572,1,published_after_gate_recheck,16.291864681988955,4.486627411097288,10.0
100,predicate,discrete,400,200.221,1,published_after_gate_recheck,16.27465384081006,4.016624763607979,10.0
100,readset,continuous,401,200.88,1,published_after_gate_recheck,21.495787892490625,5.466205067932606,10.0
100,predicate,discrete,402,201.473,1,published_after_gate_recheck,17.87308230996132,4.386148881167173,10.0
100,readset,discrete,403,201.62,1,published_after_gate_recheck,21.99655817821622,5.188833922147751,10.0
100,global,discrete,404,202.069,1,published_after_gate_recheck,18.134793266654015,4.474054090678692,10.0
100,predicate,continuous,405,202.616,1,published_after_gate_recheck,19.576687831431627,5.215545184910297,10.0
100,predicate,discrete,406,203.42,1,published_after_gate_recheck,16.12164592370391,4.410093650221825,10.0
100,readset,discrete,407,203.623,1,published_after_gate_recheck,16.462916042655706,3.8214288651943207,10.0
100,readset,continuous,408,204.14,1,published_after_gate_recheck,17.838135827332735,4.4228676706552505,10.0
100,readset,continuous,409,204.871,1,published_after_gate_recheck,17.14329281821847,4.0976181626319885,10.0
100,readset,discrete,410,205.294,1,published_after_gate_recheck,21.25523705035448,7.03293364495039,10.0
100,readset,continuous,411,205.869,1,published_after_gate_recheck,22.327930200845003,6.120052188634872,10.0
100,global,discrete,412,206.218,1,published_after_gate_recheck,16.63346728309989,4.688366316258907,10.0
100,global,continuous,413,207.0,1,published_after_gate_recheck,21.058508194983006,4.855639301240444,10.0
100,predicate,discrete,414,207.263,1,published_after_gate_recheck,17.13025802746415,4.679188597947359,10.0
100,global,discrete,415,207.641,1,published_after_gate_recheck,18.23308737948537,4.748247563838959,10.0
100,predicate,continuous,416,208.054,1,published_after_gate_recheck,18.713759258389473,5.0659142434597015,10.0
100,predicate,discrete,417,208.666,1,published_after_gate_recheck,23.655180353671312,7.167526986449957,10.0
100,predicate,continuous,418,209.045,1,published_after_gate_recheck,17.775848973542452,4.079483915120363,10.0
100,predicate,discrete,419,209.604,1,published_after_gate_recheck,19.574895035475492,5.062628071755171,10.0
100,readset,continuous,420,210.467,1,published_after_gate_recheck,18.30299897119403,5.088966805487871,10.0
100,readset,discrete,421,210.771,1,published_after_gate_recheck,20.191021263599396,5.1796273328363895,10.0
100,global,continuous,422,211.203,1,published_after_gate_recheck,20.122150890529156,6.045863032341003,10.0
100,global,discrete,423,211.671,1,published_after_gate_recheck,20.515027921646833,5.231644958257675,10.0
100,global,continuous,424,212.151,1,published_after_gate_recheck,18.389000091701746,4.552020225673914,10.0
100,predicate,continuous,425,212.657,1,published_after_gate_recheck,17.531030345708132,4.5052822679281235,10.0
100,predicate,continuous,426,213.144,1,published_after_gate_recheck,16.938768792897463,4.563231021165848,10.0
100,global,continuous,427,213.621,1,published_after_gate_recheck,18.967355135828257,4.632741678506136,10.0
100,predicate,discrete,428,214.097,1,published_after_gate_recheck,25.115429423749447,5.006222054362297,10.0
100,global,continuous,429,214.599,1,published_after_gate_recheck,21.709589287638664,4.697203170508146,10.0
100,global,continuous,430,215.103,1,published_after_gate_recheck,18.967374693602324,5.017813295125961,10.0
100,readset,continuous,431,215.64,1,published_after_gate_recheck,17.853535246104002,4.252918995916843,10.0
100,readset,continuous,432,216.307,1,published_after_gate_recheck,19.347298424690962,5.196298006922007,10.0
100,predicate,discrete,433,216.972,1,published_after_gate_recheck,16.711633186787367,4.173110239207745,10.0
100,global,discrete,434,217.156,1,published_after_gate_recheck,17.533214297145605,4.690090194344521,10.0
100,global,continuous,435,217.909,1,published_after_gate_recheck,16.288540326058865,4.26578288897872,10.0
100,global,continuous,436,218.126,1,published_after_gate_recheck,15.329028945416212,4.470496904104948,10.0
100,readset,continuous,437,218.668,1,published_after_gate_recheck,14.994371216744184,4.347456619143486,10.0
100,global,continuous,438,219.437,1,published_after_gate_recheck,15.213993843644857,4.022637382149696,10.0
100,global,discrete,439,219.989,1,published_after_gate_recheck,18.212928902357817,4.653149750083685,10.0
100,predicate,discrete,440,220.423,1,published_after_gate_recheck,21.153796929866076,4.636748693883419,10.0
100,readset,continuous,441,220.894,0,read_set_version_changed_at_gate,18.602109979838133,6.084995809942484,10.0
100,readset,continuous,442,221.382,1,published_after_gate_recheck,18.13463307917118,4.770189058035612,10.0
100,readset,discrete,443,221.535,1,published_after_gate_recheck,21.911317948251963,5.359273869544268,10.0
100,global,continuous,444,222.446,1,published_after_gate_recheck,20.77656891196966,4.448035266250372,10.0
100,global,discrete,445,222.673,1,published_after_gate_recheck,19.016016274690628,4.671835340559483,10.0
100,predicate,discrete,446,223.43,1,published_after_gate_recheck,16.725309193134308,4.5500569976866245,10.0
100,global,continuous,447,223.694,0,context_version_changed_at_publish,23.290275130420923,8.429204113781452,10.0
100,predicate,continuous,448,224.346,1,published_after_gate_recheck,16.49975497275591,4.465828184038401,10.0
100,readset,discrete,449,224.547,1,published_after_gate_recheck,18.37104605510831,4.617973696440458,10.0
100,global,continuous,450,225.195,0,context_version_changed_at_publish,19.414394162595272,6.619459018111229,10.0
100,global,discrete,451,225.815,1,published_after_gate_recheck,16.74235099926591,4.192595835775137,10.0
100,global,discrete,452,226.109,1,published_after_gate_recheck,17.720134928822517,4.12745401263237,10.0
100,global,continuous,453,226.847,1,published_after_gate_recheck,19.79784294962883,5.298200063407421,10.0
100,readset,continuous,454,227.036,1,published_after_gate_recheck,16.927467193454504,4.421935882419348,10.0
100,predicate,continuous,455,227.995,1,published_after_gate_recheck,20.281631033867598,6.517927628010511,10.0
100,readset,continuous,456,228.499,1,published_after_gate_recheck,20.919878035783768,4.511093720793724,10.0
100,global,discrete,457,228.579,1,published_after_gate_recheck,17.002849839627743,4.796408582478762,10.0
100,predicate,continuous,458,229.289,1,published_after_gate_recheck,18.964518792927265,4.809072241187096,10.0
100,predicate,continuous,459,229.831,1,published_after_gate_recheck,17.18167494982481,4.3687159195542336,10.0
100,global,discrete,460,230.382,1,published_after_gate_recheck,20.735863130539656,4.441562108695507,10.0
100,global,continuous,461,230.723,1,published_after_gate_recheck,18.76774989068508,4.446431994438171,10.0
100,predicate,continuous,462,231.408,1,published_after_gate_recheck,17.044417094439268,4.350251983851194,10.0
100,readset,continuous,463,231.67,1,published_after_gate_recheck,17.763776704669,4.79478482156992,10.0
100,readset,continuous,464,232.135,1,published_after_gate_recheck,17.332156654447317,4.674169234931469,10.0
100,predicate,continuous,465,232.624,1,published_after_gate_recheck,16.86780620366335,4.626680165529251,10.0
100,global,continuous,466,233.12,1,published_after_gate_recheck,17.940238118171692,4.81881108134985,10.0
100,global,discrete,467,233.64,1,published_after_gate_recheck,16.034351661801338,4.17893985286355,10.0
100,predicate,continuous,468,234.353,1,published_after_gate_recheck,16.934750601649284,4.879042971879244,10.0
100,predicate,continuous,469,234.97,1,published_after_gate_recheck,20.62633680179715,4.974492825567722,10.0
100,global,discrete,470,235.357,1,published_after_gate_recheck,16.638836823403835,4.24179807305336,10.0
100,readset,continuous,471,235.992,0,read_set_version_changed_at_gate,22.029589861631393,8.62550176680088,10.0
100,predicate,continuous,472,236.397,1,published_after_gate_recheck,18.804328981786966,6.194720976054668,10.0
100,global,continuous,473,236.881,1,published_after_gate_recheck,17.983449157327414,4.004532936960459,10.0
100,readset,discrete,474,237.101,1,published_after_gate_recheck,18.74369475990534,4.520240239799023,10.0
100,readset,continuous,475,237.778,1,published_after_gate_recheck,17.74857798591256,4.693965893238783,10.0
100,readset,continuous,476,238.039,1,published_after_gate_recheck,17.54410518333316,4.622031003236771,10.0
100,readset,discrete,477,238.788,1,published_after_gate_recheck,17.469143960624933,4.872630815953016,10.0
100,global,continuous,478,239.449,1,published_after_gate_recheck,18.52690801024437,4.316337872296572,10.0
100,readset,discrete,479,239.689,1,published_after_gate_recheck,25.333978701382875,8.320509921759367,10.0
100,predicate,discrete,480,240.253,1,published_after_gate_recheck,16.775483265519142,4.665943793952465,10.0
100,predicate,continuous,481,240.508,1,published_after_gate_recheck,17.04251393675804,4.8825000412762165,10.0
100,predicate,discrete,482,241.344,1,published_after_gate_recheck,18.243947066366673,4.3195937760174274,10.0
100,readset,discrete,483,241.689,1,published_after_gate_recheck,18.401212990283966,4.476417787373066,10.0
100,predicate,discrete,484,242.41,1,published_after_gate_recheck,16.55564969405532,4.302462097257376,10.0
100,predicate,discrete,485,242.566,1,published_after_gate_recheck,16.879206988960505,4.099190700799227,10.0
100,readset,discrete,486,243.186,1,published_after_gate_recheck,18.48289603367448,4.776261281222105,10.0
100,predicate,continuous,487,243.637,1,published_after_gate_recheck,18.53491412475705,4.170593805611134,10.0
100,predicate,continuous,488,244.219,1,published_after_gate_recheck,16.41923375427723,4.416394978761673,10.0
100,predicate,continuous,489,244.567,1,published_after_gate_recheck,17.66814710572362,4.637289792299271,10.0
100,global,discrete,490,245.233,1,published_after_gate_recheck,17.655193340033293,4.999339114874601,10.0
100,global,discrete,491,245.69,1,published_after_gate_recheck,17.571066040545702,4.737799055874348,10.0
100,predicate,continuous,492,246.044,1,published_after_gate_recheck,20.202272105962038,5.24942809715867,10.0
100,readset,discrete,493,246.581,1,published_after_gate_recheck,20.110519137233496,5.331913940608501,10.0
100,readset,continuous,494,247.099,1,published_after_gate_recheck,19.39283311367035,4.187897313386202,10.0
100,readset,discrete,495,247.866,1,published_after_gate_recheck,16.43340103328228,4.294577986001968,10.0
100,readset,discrete,496,248.405,1,published_after_gate_recheck,16.959236934781075,4.553723149001598,10.0
100,predicate,discrete,497,248.983,1,published_after_gate_recheck,18.310121726244688,5.020238924771547,10.0
100,predicate,discrete,498,249.248,1,published_after_gate_recheck,17.53681106492877,4.9100518226623535,10.0
100,global,continuous,499,249.552,1,published_after_gate_recheck,16.837588977068663,4.283517133444548,10.0
100,global,continuous,500,250.164,1,published_after_gate_recheck,19.195783883333206,5.284935235977173,10.0
100,readset,continuous,501,250.769,1,published_after_gate_recheck,22.662196774035692,5.22506283596158,10.0
100,predicate,continuous,502,251.016,1,published_after_gate_recheck,17.375538125634193,4.359348211437464,10.0
100,readset,discrete,503,251.978,1,published_after_gate_recheck,18.474070355296135,4.574863240122795,10.0
100,readset,continuous,504,252.455,1,published_after_gate_recheck,20.27706243097782,4.9403090961277485,10.0
100,readset,continuous,505,252.983,1,published_after_gate_recheck,17.67615182325244,4.69439709559083,10.0
100,readset,discrete,506,253.029,1,published_after_gate_recheck,14.670523814857006,4.023218061774969,10.0
100,predicate,continuous,507,253.864,1,published_after_gate_recheck,18.084407784044743,4.9114348366856575,10.0
100,global,continuous,508,254.199,1,published_after_gate_recheck,21.7542527243495,5.068479105830193,10.0
100,global,continuous,509,254.899,1,published_after_gate_recheck,19.427477847784758,4.6165017411112785,10.0
100,predicate,discrete,510,255.141,1,published_after_gate_recheck,16.990625765174627,4.560396075248718,10.0
100,predicate,continuous,511,255.551,1,published_after_gate_recheck,16.687387134879827,4.195141140371561,10.0
100,predicate,continuous,512,256.055,1,published_after_gate_recheck,16.13872777670622,4.227071069180965,10.0
100,predicate,discrete,513,256.789,1,published_after_gate_recheck,18.47954001277685,4.378885962069035,10.0
100,predicate,discrete,514,257.133,1,published_after_gate_recheck,16.866193152964115,4.256103653460741,10.0
100,readset,discrete,515,257.626,1,published_after_gate_recheck,16.113570891320705,4.775018896907568,10.0
100,readset,discrete,516,258.057,1,published_after_gate_recheck,16.467826440930367,4.275131039321423,10.0
100,predicate,continuous,517,258.768,1,published_after_gate_recheck,18.326221965253353,4.31034667417407,10.0
100,readset,discrete,518,259.381,1,published_after_gate_recheck,25.070596020668745,6.7367288284003735,10.0
100,readset,continuous,519,259.824,1,published_after_gate_recheck,19.985534716397524,4.408772103488445,10.0
100,predicate,continuous,520,260.413,1,published_after_gate_recheck,16.014615073800087,4.351133946329355,10.0
100,readset,discrete,521,260.756,1,published_after_gate_recheck,18.823283724486828,4.881819244474173,10.0
100,readset,discrete,522,261.212,1,published_after_gate_recheck,17.121681943535805,4.651396069675684,10.0
100,global,discrete,523,261.584,1,published_after_gate_recheck,18.92876299098134,4.854076076298952,10.0
100,predicate,continuous,524,262.194,1,published_after_gate_recheck,19.633775111287832,6.9337887689471245,10.0
100,readset,continuous,525,262.936,1,published_after_gate_recheck,16.08823286369443,4.903238732367754,10.0
100,global,continuous,526,263.092,0,context_version_changed_at_publish,23.662824649363756,8.912811055779457,10.0
100,global,continuous,527,263.698,1,published_after_gate_recheck,21.5954864397645,4.533997271209955,10.0
100,predicate,discrete,528,264.247,1,published_after_gate_recheck,15.242567285895348,4.038377199321985,10.0
100,predicate,discrete,529,264.518,1,published_after_gate_recheck,16.178222373127937,4.439317621290684,10.0
100,global,discrete,530,265.399,1,published_after_gate_recheck,20.178206730633974,4.635978024452925,10.0
100,global,discrete,531,265.754,1,published_after_gate_recheck,17.24872086197138,4.710967652499676,10.0
100,predicate,discrete,532,266.112,1,published_after_gate_recheck,20.486063789576292,5.412132944911718,10.0
100,global,continuous,533,266.57,1,published_after_gate_recheck,17.25455140694976,4.030121024698019,10.0
100,readset,discrete,534,267.354,1,published_after_gate_recheck,17.405334394425154,4.310006275773048,10.0
100,predicate,continuous,535,267.644,1,published_after_gate_recheck,16.471812967211008,4.27269609645009,10.0
100,global,continuous,536,268.21,1,published_after_gate_recheck,15.91508835554123,4.291831981390715,10.0
100,global,continuous,537,268.871,1,published_after_gate_recheck,16.396301332861185,4.086015745997429,10.0
100,readset,discrete,538,269.371,1,published_after_gate_recheck,18.292809836566448,4.6082548797130585,10.0
100,global,continuous,539,269.832,1,published_after_gate_recheck,16.351608093827963,4.295429214835167,10.0
100,predicate,discrete,540,270.334,1,published_after_gate_recheck,16.283009201288223,4.381890874356031,10.0
100,readset,discrete,541,270.844,1,published_after_gate_recheck,16.249386128038168,4.391419235616922,10.0
100,global,discrete,542,271.048,1,published_after_gate_recheck,16.223578248173,3.7646032869815826,10.0
100,global,discrete,543,271.93,1,published_after_gate_recheck,16.952896025031805,4.0820990689098835,10.0
100,global,continuous,544,272.208,1,published_after_gate_recheck,18.379672896116972,4.654110874980688,10.0
100,predicate,discrete,545,272.545,1,published_after_gate_recheck,21.75004594027996,4.484673961997032,10.0
100,predicate,discrete,546,273.37,1,published_after_gate_recheck,17.50999130308628,4.477601032704115,10.0
100,predicate,continuous,547,273.894,1,published_after_gate_recheck,21.72889607027173,8.001721929758787,10.0
100,predicate,discrete,548,274.06,1,published_after_gate_recheck,17.141378950327635,4.336274694651365,10.0
100,readset,continuous,549,274.512,1,published_after_gate_recheck,17.035068944096565,4.854407161474228,10.0
100,predicate,continuous,550,275.079,1,published_after_gate_recheck,16.63524005562067,4.109770059585571,10.0
100,readset,discrete,551,275.565,1,published_after_gate_recheck,16.544169280678034,4.338278900831938,10.0
100,readset,discrete,552,276.117,1,published_after_gate_recheck,15.98181389272213,4.610700998455286,10.0
100,readset,discrete,553,276.768,1,published_after_gate_recheck,17.220567911863327,4.422006197273731,10.0
100,readset,discrete,554,277.491,1,published_after_gate_recheck,16.967071685940027,4.749700892716646,10.0
100,predicate,continuous,555,277.898,1,published_after_gate_recheck,18.45002407208085,5.181862041354179,10.0
100,readset,continuous,556,278.133,1,published_after_gate_recheck,18.35148874670267,4.95387427508831,10.0
100,predicate,continuous,557,278.667,1,published_after_gate_recheck,18.451277166604996,4.627260845154524,10.0
100,readset,discrete,558,279.395,1,published_after_gate_recheck,24.26626579836011,10.437853168696165,10.0
100,global,continuous,559,279.579,1,published_after_gate_recheck,17.75395916774869,4.4343797490000725,10.0
100,readset,discrete,560,280.084,1,published_after_gate_recheck,18.985409289598465,4.509700927883387,10.0
100,predicate,continuous,561,280.887,1,published_after_gate_recheck,17.04335631802678,4.176215268671513,10.0
100,predicate,discrete,562,281.473,1,published_after_gate_recheck,16.42640819773078,4.487598780542612,10.0
100,global,discrete,563,281.617,1,published_after_gate_recheck,16.076311003416777,4.5828791335225105,10.0
100,predicate,discrete,564,282.491,1,published_after_gate_recheck,17.590921837836504,4.804334137588739,10.0
100,global,discrete,565,282.989,1,published_after_gate_recheck,18.637136090546846,4.932964686304331,10.0
100,readset,discrete,566,283.093,1,published_after_gate_recheck,21.774011198431253,9.013079106807709,10.0
100,global,continuous,567,283.508,1,published_after_gate_recheck,16.396570950746536,4.586754832416773,10.0
100,global,continuous,568,284.044,1,published_after_gate_recheck,19.0543788485229,4.662367980927229,10.0
100,readset,discrete,569,284.991,1,published_after_gate_recheck,20.728730130940676,5.104667041450739,10.0
100,predicate,discrete,570,285.247,1,published_after_gate_recheck,17.052752897143364,4.635105840861797,10.0
100,predicate,continuous,571,285.978,1,published_after_gate_recheck,17.878292128443718,4.597265273332596,10.0
100,global,discrete,572,286.06,1,published_after_gate_recheck,18.763693049550056,4.79194987565279,10.0
100,readset,continuous,573,286.918,1,published_after_gate_recheck,17.96509511768818,4.757496062666178,10.0
100,global,continuous,574,287.292,0,context_version_changed_at_publish,23.638238199055195,8.565159048885107,10.0
100,predicate,continuous,575,287.969,1,published_after_gate_recheck,17.039619386196136,4.117725882679224,10.0
100,predicate,continuous,576,288.354,1,published_after_gate_recheck,16.290392260998487,4.232251085340977,10.0
100,readset,continuous,577,288.525,1,published_after_gate_recheck,19.101056270301342,4.857863765209913,10.0
100,global,discrete,578,289.23,1,published_after_gate_recheck,18.538870848715305,5.005381070077419,10.0
100,predicate,continuous,579,289.53,1,published_after_gate_recheck,24.52981099486351,6.515613757073879,10.0
100,readset,discrete,580,290.139,1,published_after_gate_recheck,17.220518086105585,4.190040752291679,10.0
100,predicate,continuous,581,290.96,1,published_after_gate_recheck,16.70567225664854,4.439750220626593,10.0
100,predicate,discrete,582,291.012,1,published_after_gate_recheck,15.6267867423594,3.993040882050991,10.0
100,predicate,discrete,583,291.632,1,published_after_gate_recheck,18.48860690370202,4.658369813114405,10.0
100,global,discrete,584,292.134,1,published_after_gate_recheck,16.971400938928127,4.140348173677921,10.0
100,predicate,discrete,585,292.664,1,published_after_gate_recheck,18.3635619468987,4.591834265738726,10.0
100,global,continuous,586,293.347,1,published_after_gate_recheck,19.90636670961976,6.884686648845673,10.0
100,predicate,discrete,587,293.586,1,published_after_gate_recheck,19.30917613208294,4.746514838188887,10.0
100,global,continuous,588,294.352,1,published_after_gate_recheck,18.760667648166418,4.4064270332455635,10.0
100,predicate,continuous,589,294.801,1,published_after_gate_recheck,20.270749926567078,5.05905132740736,10.0
100,predicate,continuous,590,295.18,1,published_after_gate_recheck,19.71246302127838,4.928696900606155,10.0
100,global,discrete,591,295.839,1,published_after_gate_recheck,19.65553592890501,5.644089076668024,10.0
100,readset,discrete,592,296.241,1,published_after_gate_recheck,17.17689586803317,4.094060976058245,10.0
100,predicate,discrete,593,296.925,1,published_after_gate_recheck,21.569246891885996,4.959474317729473,10.0
100,global,continuous,594,297.118,1,published_after_gate_recheck,19.742559175938368,4.879704676568508,10.0
100,predicate,continuous,595,297.513,1,published_after_gate_recheck,19.721348769962788,4.951940383762121,10.0
100,predicate,continuous,596,298.131,1,published_after_gate_recheck,18.291627056896687,4.913768731057644,10.0
100,predicate,discrete,597,298.521,1,published_after_gate_recheck,17.042634077370167,4.556178115308285,10.0
100,readset,discrete,598,299.3,1,published_after_gate_recheck,21.080058068037033,5.305693950504065,10.0
100,predicate,discrete,599,299.538,1,published_after_gate_recheck,16.697497107088566,4.124558996409178,10.0
10,readset,continuous,0,0.19,1,published_after_gate_recheck,17.392600886523724,4.146920051425695,77.0
10,global,continuous,1,0.915,0,context_version_changed_at_publish,19.145539961755276,7.371199317276478,77.0
10,readset,discrete,2,1.047,1,published_after_gate_recheck,18.934193067252636,6.530261132866144,77.0
10,predicate,discrete,3,1.83,1,published_after_gate_recheck,18.398859072476625,4.463164135813713,77.0
10,readset,discrete,4,2.491,1,published_after_gate_recheck,17.680099699646235,4.9338568933308125,77.0
10,predicate,discrete,5,2.509,1,published_after_gate_recheck,15.834136866033077,4.4916970655322075,77.0
10,predicate,continuous,6,3.15,1,published_after_gate_recheck,18.992843106389046,4.698474891483784,77.0
10,global,continuous,7,3.581,1,published_after_gate_recheck,17.213844694197178,4.405776038765907,77.0
10,predicate,discrete,8,4.113,1,published_after_gate_recheck,30.87459411472082,10.585248935967684,77.0
10,global,discrete,9,4.746,0,context_version_changed_at_publish,20.08578320965171,6.0495492070913315,77.0
10,predicate,discrete,10,5.39,1,published_after_gate_recheck,23.920017294585705,8.717294782400131,77.0
10,readset,continuous,11,5.519,0,read_set_version_changed_at_gate,28.107973746955395,10.100480169057846,77.0
10,readset,continuous,12,6.403,0,read_set_version_changed_at_gate,21.04812767356634,8.501739706844091,77.0
10,predicate,discrete,13,6.708,1,published_after_gate_recheck,21.82679995894432,4.329591989517212,77.0
10,predicate,discrete,14,7.326,1,published_after_gate_recheck,19.54419817775488,6.387865170836449,77.0
10,readset,discrete,15,7.805,1,published_after_gate_recheck,23.021111264824867,4.695118870586157,77.0
10,readset,discrete,16,8.302,1,published_after_gate_recheck,24.486158974468708,7.992985658347607,77.0
10,readset,discrete,17,8.544,1,published_after_gate_recheck,21.174354944378138,9.518097154796124,77.0
10,global,discrete,18,9.253,0,context_version_changed_at_publish,20.83405666053295,7.911332882940769,77.0
10,global,continuous,19,9.645,0,context_version_changed_at_publish,19.550167955458164,7.046941202133894,77.0
10,readset,continuous,20,10.413,1,published_after_gate_recheck,21.05024317279458,8.833303116261959,77.0
10,readset,continuous,21,10.881,0,read_set_version_changed_at_gate,23.414778988808393,9.872522205114365,77.0
10,readset,continuous,22,11.059,0,read_set_version_changed_at_gate,26.198410894721746,9.234125260263681,77.0
10,global,continuous,23,11.946,0,context_version_changed_at_publish,18.212939146906137,6.268781144171953,77.0
10,global,continuous,24,12.114,0,context_version_changed_at_publish,18.992431927472353,7.35990796238184,77.0
10,readset,continuous,25,12.535,0,read_set_version_changed_at_gate,20.465945824980736,5.7247900404036045,77.0
10,global,continuous,26,13.037,0,context_version_changed_at_publish,17.532352823764086,5.663224961608648,77.0
10,global,continuous,27,13.854,0,context_version_changed_at_publish,20.57747496291995,8.308978751301765,77.0
10,readset,discrete,28,14.131,1,published_after_gate_recheck,18.140022177249193,4.5920247212052345,77.0
10,global,continuous,29,14.899,1,published_after_gate_recheck,19.868815783411264,4.55885287374258,77.0
10,readset,continuous,30,15.405,0,read_set_version_changed_at_gate,20.054734777659178,6.431946996599436,77.0
10,global,discrete,31,15.967,0,context_version_changed_at_publish,27.21039019525051,9.823028929531574,77.0
10,predicate,discrete,32,16.063,1,published_after_gate_recheck,20.24980215355754,8.14954936504364,77.0
10,global,discrete,33,16.645,1,published_after_gate_recheck,17.67374761402607,4.276372957974672,77.0
10,predicate,discrete,34,17.121,1,published_after_gate_recheck,26.124272029846907,11.11830910667777,77.0
10,readset,continuous,35,17.804,1,published_after_gate_recheck,19.050791393965483,4.638822749257088,77.0
10,global,discrete,36,18.467,1,published_after_gate_recheck,20.74039075523615,4.097567871212959,77.0
10,readset,continuous,37,18.697,0,read_set_version_changed_at_gate,19.271065015345812,7.342806085944176,77.0
10,global,discrete,38,19.083,0,context_version_changed_at_publish,19.926404114812613,8.285604882985353,77.0
10,readset,continuous,39,19.558,1,published_after_gate_recheck,16.426428221166134,4.360570106655359,77.0
10,global,continuous,40,20.107,1,published_after_gate_recheck,22.069244645535946,4.577287007123232,77.0
10,global,continuous,41,20.948,1,published_after_gate_recheck,20.447753369808197,4.3916902504861355,77.0
10,global,continuous,42,21.207,0,context_version_changed_at_publish,18.07446964085102,6.266637239605188,77.0
10,predicate,discrete,43,21.718,1,published_after_gate_recheck,20.53843205794692,4.848196171224117,77.0
10,readset,continuous,44,22.19,1,published_after_gate_recheck,18.450445029884577,4.6553839929401875,77.0
10,predicate,continuous,45,22.766,1,published_after_gate_recheck,22.5454680621624,4.685239866375923,77.0
10,global,continuous,46,23.118,1,published_after_gate_recheck,20.777911879122257,4.550797864794731,77.0
10,readset,discrete,47,23.584,1,published_after_gate_recheck,21.370553877204657,9.434419684112072,77.0
10,global,continuous,48,24.399,0,context_version_changed_at_publish,23.94074574112892,8.693189825862646,77.0
10,predicate,discrete,49,24.61,1,published_after_gate_recheck,18.74405611306429,4.358988255262375,77.0
10,readset,discrete,50,25.396,1,published_after_gate_recheck,18.293500877916813,5.684194155037403,77.0
10,readset,discrete,51,25.827,1,published_after_gate_recheck,21.764833945780993,4.863024223595858,77.0
10,global,discrete,52,26.175,0,context_version_changed_at_publish,19.504493102431297,6.403662730008364,77.0
10,readset,discrete,53,26.984,1,published_after_gate_recheck,24.003724101930857,8.18741088733077,77.0
10,predicate,discrete,54,27.047,1,published_after_gate_recheck,24.65378399938345,5.022292025387287,77.0
10,readset,continuous,55,27.678,1,published_after_gate_recheck,22.319172974675894,5.103485193103552,77.0
10,readset,discrete,56,28.499,1,published_after_gate_recheck,19.248712807893753,4.488540813326836,77.0
10,predicate,discrete,57,28.768,1,published_after_gate_recheck,24.80536699295044,8.02780082449317,77.0
10,global,discrete,58,29.044,0,context_version_changed_at_publish,19.88836284726858,7.558710873126984,77.0
10,predicate,discrete,59,29.711,1,published_after_gate_recheck,23.459622636437416,9.172579273581505,77.0
10,readset,continuous,60,30.376,0,read_set_version_changed_at_gate,19.67073418200016,6.6712056286633015,77.0
10,predicate,continuous,61,30.698,1,published_after_gate_recheck,21.717004012316465,4.7004977241158485,77.0
10,readset,continuous,62,31.355,0,read_set_version_changed_at_gate,21.549238823354244,7.6376888900995255,77.0
10,readset,continuous,63,31.559,1,published_after_gate_recheck,19.835623912513256,4.4969371519982815,77.0
10,global,continuous,64,32.353,0,context_version_changed_at_publish,19.562242086976767,7.709704805165529,77.0
10,readset,continuous,65,32.553,0,read_set_version_changed_at_gate,23.44499621540308,10.715383104979992,77.0
10,global,continuous,66,33.486,0,context_version_changed_at_publish,18.72290624305606,5.8941892348229885,77.0
10,predicate,discrete,67,33.505,1,published_after_gate_recheck,21.82154916226864,7.487657945603132,77.0
10,readset,continuous,68,34.254,1,published_after_gate_recheck,20.140506327152252,7.095632143318653,77.0
10,global,continuous,69,34.886,0,context_version_changed_at_publish,19.341266248375177,6.663091015070677,77.0
10,global,continuous,70,35.471,1,published_after_gate_recheck,17.102896701544523,4.569683223962784,77.0
10,predicate,discrete,71,35.932,1,published_after_gate_recheck,28.168889228254557,7.928415201604366,77.0
10,readset,continuous,72,36.486,0,read_set_version_changed_at_gate,18.122470006346703,5.906441248953342,77.0
10,global,discrete,73,36.924,0,context_version_changed_at_publish,18.642635084688663,6.914461962878704,77.0
10,global,continuous,74,37.47,1,published_after_gate_recheck,18.557766918092966,4.589070100337267,77.0
10,readset,continuous,75,37.512,0,read_set_version_changed_at_gate,20.8927970379591,8.763791993260384,77.0
10,global,discrete,76,38.193,0,context_version_changed_at_publish,20.46751929447055,8.577482774853706,77.0
10,global,discrete,77,38.531,1,published_after_gate_recheck,17.919098027050495,4.2136250995099545,77.0
10,global,continuous,78,39.044,1,published_after_gate_recheck,20.86539613083005,5.2276779897511005,77.0
10,global,continuous,79,39.696,0,context_version_changed_at_publish,19.71855480223894,6.832698825746775,77.0
10,global,discrete,80,40.37,1,published_after_gate_recheck,16.424835193902254,4.966647829860449,77.0
10,readset,continuous,81,40.685,0,read_set_version_changed_at_gate,19.11498187109828,6.877111736685038,77.0
10,predicate,discrete,82,41.315,1,published_after_gate_recheck,18.52767961099744,5.76416403055191,77.0
10,predicate,continuous,83,41.607,1,published_after_gate_recheck,18.146855756640434,6.076349876821041,77.0
10,readset,continuous,84,42.053,1,published_after_gate_recheck,19.317902624607086,7.6755499467253685,77.0
10,global,discrete,85,42.544,0,context_version_changed_at_publish,19.440733827650547,7.954414002597332,77.0
10,predicate,continuous,86,43.021,1,published_after_gate_recheck,22.929167840629816,9.180243127048016,77.0
10,global,continuous,87,43.592,0,context_version_changed_at_publish,21.315841004252434,9.637570939958096,77.0
10,readset,discrete,88,44.359,1,published_after_gate_recheck,25.51347715780139,9.472440928220749,77.0
10,predicate,discrete,89,44.866,1,published_after_gate_recheck,20.374936051666737,6.913139950484037,77.0
10,predicate,discrete,90,45.453,1,published_after_gate_recheck,22.766802925616503,8.110946975648403,77.0
10,readset,discrete,91,45.786,1,published_after_gate_recheck,21.43094688653946,8.073866833001375,77.0
10,predicate,discrete,92,46.229,1,published_after_gate_recheck,19.385830033570528,4.672346170991659,77.0
10,predicate,continuous,93,46.833,1,published_after_gate_recheck,20.793902222067118,7.857722230255604,77.0
10,readset,continuous,94,47.157,1,published_after_gate_recheck,21.416319999843836,4.744441248476505,77.0
10,global,continuous,95,47.569,0,context_version_changed_at_publish,25.00191703438759,10.380283929407597,77.0
10,predicate,discrete,96,48.284,1,published_after_gate_recheck,20.552289206534624,8.35732975974679,77.0
10,predicate,discrete,97,48.896,1,published_after_gate_recheck,19.724946934729815,6.89306203275919,77.0
10,predicate,discrete,98,49.035,1,published_after_gate_recheck,18.149841111153364,6.607506889849901,77.0
10,predicate,continuous,99,49.767,1,published_after_gate_recheck,26.532557792961597,9.184760972857475,77.0
10,readset,discrete,100,50.154,1,published_after_gate_recheck,19.638444297015667,7.6346443966031075,77.0
10,global,discrete,101,50.621,0,context_version_changed_at_publish,27.98746805638075,10.414168238639832,77.0
10,global,discrete,102,51.483,0,context_version_changed_at_publish,20.72372008115053,8.532557636499405,77.0
10,readset,continuous,103,51.551,0,read_set_version_changed_at_gate,22.327549755573273,8.834184147417545,77.0
10,predicate,continuous,104,52.387,1,published_after_gate_recheck,21.35034603998065,4.469044040888548,77.0
10,global,discrete,105,52.833,0,context_version_changed_at_publish,20.79280000180006,7.116200868040323,77.0
10,readset,continuous,106,53.039,1,published_after_gate_recheck,19.26566520705819,4.403140861541033,77.0
10,global,continuous,107,53.588,1,published_after_gate_recheck,19.947553984820843,4.362835083156824,77.0
10,readset,discrete,108,54.179,1,published_after_gate_recheck,24.77920800447464,9.203906636685133,77.0
10,global,discrete,109,54.513,1,published_after_gate_recheck,17.498448956757784,4.424000158905983,77.0
10,global,discrete,110,55.4,1,published_after_gate_recheck,17.591634299606085,4.3137031607329845,77.0
10,predicate,discrete,111,55.684,1,published_after_gate_recheck,19.376481883227825,5.580919794738293,77.0
10,readset,continuous,112,56.151,0,read_set_version_changed_at_gate,23.51024793460965,9.42434137687087,77.0
10,global,continuous,113,56.679,1,published_after_gate_recheck,19.08423425629735,4.7036041505634785,77.0
10,global,continuous,114,57.303,0,context_version_changed_at_publish,22.58325880393386,8.394287899136543,77.0
10,readset,continuous,115,57.893,0,read_set_version_changed_at_gate,20.794973708689213,7.653508801013231,77.0
10,global,discrete,116,58.493,0,context_version_changed_at_publish,23.086121771484613,8.071893826127052,77.0
10,predicate,discrete,117,58.89,1,published_after_gate_recheck,25.48831980675459,9.973971638828516,77.0
10,predicate,continuous,118,59.128,1,published_after_gate_recheck,23.092004004865885,5.08367782458663,77.0
10,global,discrete,119,59.59,1,published_after_gate_recheck,20.160473883152008,5.27935428544879,77.0
10,global,discrete,120,60.244,0,context_version_changed_at_publish,20.02786472439766,7.148741744458675,77.0
10,predicate,continuous,121,60.717,1,published_after_gate_recheck,17.294556833803654,4.610860720276833,77.0
10,global,discrete,122,61.389,1,published_after_gate_recheck,27.45851594954729,5.2412631921470165,77.0
10,predicate,discrete,123,61.855,1,published_after_gate_recheck,16.400279011577368,4.292863886803389,77.0
10,readset,discrete,124,62.415,1,published_after_gate_recheck,19.74262995645404,7.596672046929598,77.0
10,predicate,discrete,125,62.644,1,published_after_gate_recheck,18.33927584812045,5.266901105642319,77.0
10,global,continuous,126,63.476,0,context_version_changed_at_publish,22.401507943868637,4.678616765886545,77.0
10,predicate,discrete,127,63.664,1,published_after_gate_recheck,18.954991828650236,6.865750998258591,77.0
10,global,continuous,128,64.218,1,published_after_gate_recheck,20.369705744087696,4.707863088697195,77.0
10,readset,discrete,129,64.555,1,published_after_gate_recheck,18.8639210537076,5.9745898470282555,77.0
10,predicate,discrete,130,65.355,1,published_after_gate_recheck,19.264892674982548,6.231070030480623,77.0
10,global,continuous,131,65.912,1,published_after_gate_recheck,15.460145194083452,3.7404880858957767,77.0
10,readset,continuous,132,66.101,1,published_after_gate_recheck,23.395493160933256,8.658875245600939,77.0
10,readset,discrete,133,66.76,1,published_after_gate_recheck,17.97562465071678,4.359709098935127,77.0
10,readset,continuous,134,67.38,1,published_after_gate_recheck,17.066308297216892,4.793272819370031,77.0
10,predicate,discrete,135,67.74,1,published_after_gate_recheck,25.712299160659313,11.057104915380478,77.0
10,predicate,discrete,136,68.057,1,published_after_gate_recheck,18.49974785000086,6.2366812489926815,77.0
10,predicate,continuous,137,68.892,1,published_after_gate_recheck,17.69628981128335,4.8521230928599834,77.0
10,global,continuous,138,69.099,1,published_after_gate_recheck,17.59212464094162,5.005981773138046,77.0
10,global,continuous,139,69.935,1,published_after_gate_recheck,22.00473379343748,7.124867290258408,77.0
10,predicate,discrete,140,70.491,1,published_after_gate_recheck,15.855647157877684,4.408020060509443,77.0
10,predicate,continuous,141,70.542,1,published_after_gate_recheck,16.278711147606373,4.407629370689392,77.0
10,predicate,discrete,142,71.174,1,published_after_gate_recheck,19.254403188824654,8.086571004241705,77.0
10,predicate,continuous,143,71.932,1,published_after_gate_recheck,16.577942296862602,4.318532068282366,77.0
10,readset,continuous,144,72.081,1,published_after_gate_recheck,17.056620214134455,3.9694770239293575,77.0
10,readset,discrete,145,72.616,1,published_after_gate_recheck,18.74187309294939,6.222012918442488,77.0
10,predicate,discrete,146,73.375,1,published_after_gate_recheck,15.716054942458868,4.648601170629263,77.0
10,predicate,continuous,147,73.808,1,published_after_gate_recheck,20.70151874795556,4.567749332636595,77.0
10,global,continuous,148,74.046,1,published_after_gate_recheck,17.09138508886099,4.8488471657037735,77.0
10,predicate,continuous,149,74.543,1,published_after_gate_recheck,17.414261121302843,5.0192466005682945,77.0
10,readset,continuous,150,75.341,1,published_after_gate_recheck,18.14471185207367,5.335881374776363,77.0
10,readset,continuous,151,75.783,0,read_set_version_changed_at_gate,20.376598928123713,7.947991136461496,77.0
10,predicate,discrete,152,76.088,1,published_after_gate_recheck,19.156108610332012,4.443927202373743,77.0
10,predicate,discrete,153,76.784,1,published_after_gate_recheck,19.475047942250967,6.541071925312281,77.0
10,readset,discrete,154,77.331,1,published_after_gate_recheck,18.043651711195707,4.548303317278624,77.0
10,predicate,discrete,155,77.568,1,published_after_gate_recheck,16.979073639959097,4.891396965831518,77.0
10,global,continuous,156,78.123,1,published_after_gate_recheck,16.475319862365723,4.3979608453810215,77.0
10,readset,discrete,157,78.829,1,published_after_gate_recheck,19.909212365746498,6.750114262104034,77.0
10,readset,discrete,158,79.221,1,published_after_gate_recheck,18.298619892448187,4.77610994130373,77.0
10,readset,continuous,159,79.611,0,read_set_version_changed_at_gate,22.70314423367381,9.074885863810778,77.0
10,predicate,discrete,160,80.275,1,published_after_gate_recheck,19.499123096466064,6.353479810059071,77.0
10,global,discrete,161,80.813,1,published_after_gate_recheck,15.819309279322624,4.613796249032021,77.0
10,predicate,discrete,162,81.444,1,published_after_gate_recheck,19.122335128486156,7.411544676870108,77.0
10,predicate,continuous,163,81.514,1,published_after_gate_recheck,15.596430283039808,4.709315020591021,77.0
10,global,continuous,164,82.171,1,published_after_gate_recheck,17.54904491826892,4.264391027390957,77.0
10,global,discrete,165,82.753,0,context_version_changed_at_publish,19.563843961805105,7.5952899642288685,77.0
10,predicate,continuous,166,83.421,1,published_after_gate_recheck,22.671944927424192,8.781505282968283,77.0
10,global,continuous,167,83.688,1,published_after_gate_recheck,21.618749015033245,5.110988859087229,77.0
10,predicate,discrete,168,84.174,1,published_after_gate_recheck,19.219387788325548,7.184278219938278,77.0
10,readset,discrete,169,84.841,1,published_after_gate_recheck,20.457821898162365,7.943512871861458,77.0
10,readset,discrete,170,85.188,1,published_after_gate_recheck,21.273641847074032,4.8645357601344585,77.0
10,readset,continuous,171,85.943,1,published_after_gate_recheck,20.428225863724947,8.513201959431171,77.0
10,predicate,continuous,172,86.476,1,published_after_gate_recheck,17.907897010445595,5.862939171493053,77.0
10,global,continuous,173,86.511,1,published_after_gate_recheck,16.91511459648609,3.9808982983231544,77.0
10,global,continuous,174,87.132,0,context_version_changed_at_publish,26.813125237822533,11.585266329348087,77.0
10,predicate,continuous,175,87.897,1,published_after_gate_recheck,18.614412751048803,6.864859256893396,77.0
10,readset,discrete,176,88.313,1,published_after_gate_recheck,15.847271773964167,4.087359178811312,77.0
10,readset,discrete,177,88.991,1,published_after_gate_recheck,18.305292818695307,4.705958999693394,77.0
10,readset,continuous,178,89.381,1,published_after_gate_recheck,17.451781779527664,4.809664096683264,77.0
10,global,discrete,179,89.565,1,published_after_gate_recheck,17.09591271355748,4.4038621708750725,77.0
10,global,discrete,180,90.062,1,published_after_gate_recheck,16.643214970827103,4.223363008350134,77.0
10,global,discrete,181,90.543,1,published_after_gate_recheck,16.933558974415064,5.1508331671357155,77.0
10,predicate,continuous,182,91.031,1,published_after_gate_recheck,23.58160214498639,9.630708023905754,77.0
10,predicate,discrete,183,91.64,1,published_after_gate_recheck,18.932468723505735,4.402829799801111,77.0
10,global,continuous,184,92.167,0,context_version_changed_at_publish,18.53309106081724,6.524240132421255,77.0
10,readset,discrete,185,92.53,1,published_after_gate_recheck,18.732093274593353,4.519389010965824,77.0
10,readset,discrete,186,93.249,1,published_after_gate_recheck,21.03877067565918,5.00829704105854,77.0
10,predicate,continuous,187,93.806,1,published_after_gate_recheck,17.985582817345858,6.462363991886377,77.0
10,predicate,discrete,188,94.389,1,published_after_gate_recheck,25.643860921263695,9.704997763037682,77.0
10,readset,discrete,189,94.954,1,published_after_gate_recheck,19.670835230499506,4.549114964902401,77.0
10,global,discrete,190,95.382,1,published_after_gate_recheck,19.703746307641268,5.326353013515472,77.0
10,global,discrete,191,95.574,0,context_version_changed_at_publish,21.55654225498438,6.56873406842351,77.0
10,predicate,discrete,192,96.274,1,published_after_gate_recheck,18.37200904265046,6.35397108271718,77.0
10,predicate,discrete,193,96.578,1,published_after_gate_recheck,26.50530682876706,9.61004989221692,77.0
10,readset,continuous,194,97.184,0,read_set_version_changed_at_gate,20.953301340341568,7.482797838747501,77.0
10,readset,discrete,195,97.915,1,published_after_gate_recheck,18.373209983110428,6.546973250806332,77.0
10,readset,discrete,196,98.426,1,published_after_gate_recheck,18.3112439699471,7.048442959785461,77.0
10,readset,discrete,197,98.585,1,published_after_gate_recheck,18.201318103820086,7.05077825114131,77.0
10,predicate,discrete,198,99.22,1,published_after_gate_recheck,23.896632716059685,9.087779559195042,77.0
10,predicate,discrete,199,99.856,1,published_after_gate_recheck,19.155458081513643,6.2354980036616325,77.0
10,readset,discrete,200,100.248,1,published_after_gate_recheck,25.817847810685635,9.104881901293993,77.0
10,predicate,discrete,201,100.844,1,published_after_gate_recheck,15.64152492210269,4.171837121248245,77.0
10,predicate,continuous,202,101.138,1,published_after_gate_recheck,21.546863950788975,5.04541490226984,77.0
10,readset,discrete,203,101.655,1,published_after_gate_recheck,18.159057945013046,5.993294063955545,77.0
10,readset,continuous,204,102.074,1,published_after_gate_recheck,14.450020156800747,4.126802086830139,77.0
10,global,continuous,205,102.891,1,published_after_gate_recheck,18.631053622812033,5.345729645341635,77.0
10,predicate,continuous,206,103.451,1,published_after_gate_recheck,20.011463668197393,4.754200112074614,77.0
10,readset,continuous,207,103.552,1,published_after_gate_recheck,17.28911604732275,4.702571779489517,77.0
10,global,continuous,208,104.096,1,published_after_gate_recheck,16.083343885838985,4.302782006561756,77.0
10,predicate,continuous,209,104.743,1,published_after_gate_recheck,20.11972712352872,7.620215881615877,77.0
10,readset,continuous,210,105.396,0,read_set_version_changed_at_gate,19.79226293042302,6.314617116004229,77.0
10,predicate,discrete,211,105.707,1,published_after_gate_recheck,15.350177884101868,4.115681163966656,77.0
10,global,discrete,212,106.182,0,context_version_changed_at_publish,21.336008794605732,8.37478181347251,77.0
10,readset,discrete,213,106.909,1,published_after_gate_recheck,25.629444047808647,9.490936063230038,77.0
10,predicate,continuous,214,107.101,1,published_after_gate_recheck,20.290017127990723,5.273062735795975,77.0
10,predicate,continuous,215,107.863,1,published_after_gate_recheck,20.874183159321547,8.248085156083107,77.0
10,global,discrete,216,108.165,0,context_version_changed_at_publish,19.84413107857108,6.740686018019915,77.0
10,global,continuous,217,108.93,0,context_version_changed_at_publish,23.44486489892006,8.617908228188753,77.0
10,predicate,continuous,218,109.118,1,published_after_gate_recheck,24.970558006316423,8.838192094117403,77.0
10,global,discrete,219,109.621,0,context_version_changed_at_publish,21.203982178121805,7.66468932852149,77.0
10,predicate,discrete,220,110.383,1,published_after_gate_recheck,21.557313855737448,7.7733239158988,77.0
10,global,continuous,221,110.742,0,context_version_changed_at_publish,22.001647856086493,8.661129046231508,77.0
10,global,discrete,222,111.471,0,context_version_changed_at_publish,22.289376705884933,7.1724760346114635,77.0
10,readset,discrete,223,111.867,1,published_after_gate_recheck,21.85526303946972,4.419191274791956,77.0
10,global,continuous,224,112.066,1,published_after_gate_recheck,16.27975283190608,4.090182948857546,77.0
10,readset,continuous,225,112.602,1,published_after_gate_recheck,16.74567675217986,4.509339574724436,77.0
10,global,discrete,226,113.042,1,published_after_gate_recheck,18.040426075458527,4.749731160700321,77.0
10,global,continuous,227,113.864,0,context_version_changed_at_publish,20.85078787058592,8.086931891739368,77.0
10,global,continuous,228,114.087,1,published_after_gate_recheck,21.282819099724293,4.404603969305754,77.0
10,predicate,discrete,229,114.715,1,published_after_gate_recheck,20.064022857695818,6.945369765162468,77.0
10,readset,continuous,230,115.193,0,read_set_version_changed_at_gate,20.322948694229126,7.328839972615242,77.0
10,predicate,discrete,231,115.981,1,published_after_gate_recheck,17.208064906299114,4.374025855213404,77.0
10,readset,continuous,232,116.495,0,read_set_version_changed_at_gate,19.83980182558298,8.25502723455429,77.0
10,global,discrete,233,116.745,0,context_version_changed_at_publish,24.59139609709382,9.153473190963268,77.0
10,readset,discrete,234,117.347,1,published_after_gate_recheck,18.16759491339326,5.259186960756779,77.0
10,global,continuous,235,117.655,0,context_version_changed_at_publish,19.523487892001867,6.910955999046564,77.0
10,readset,discrete,236,118.199,1,published_after_gate_recheck,19.232321996241808,4.771711770445108,77.0
10,predicate,continuous,237,118.648,1,published_after_gate_recheck,29.048858676105738,8.892794139683247,77.0
10,readset,discrete,238,119.021,1,published_after_gate_recheck,22.83582277595997,8.5382591933012,77.0
10,global,continuous,239,119.538,1,published_after_gate_recheck,20.03887528553605,4.9634817987680435,77.0
10,global,discrete,240,120.425,0,context_version_changed_at_publish,19.054639153182507,6.6887689754366875,77.0
10,readset,discrete,241,120.912,1,published_after_gate_recheck,16.59338129684329,5.224952008575201,77.0
10,global,continuous,242,121.423,0,context_version_changed_at_publish,21.484126802533865,9.123255964368582,77.0
10,predicate,continuous,243,121.637,1,published_after_gate_recheck,17.64508383348584,5.299802869558334,77.0
10,predicate,discrete,244,122.375,1,published_after_gate_recheck,16.715961042791605,4.891716875135899,77.0
10,readset,continuous,245,122.532,0,read_set_version_changed_at_gate,21.586329210549593,9.054386988282204,77.0
10,global,continuous,246,123.184,1,published_after_gate_recheck,19.02362983673811,5.029586143791676,77.0
10,global,discrete,247,123.564,1,published_after_gate_recheck,17.15347170829773,4.576805979013443,77.0
10,predicate,continuous,248,124.129,1,published_after_gate_recheck,17.15283142402768,4.785899072885513,77.0
10,predicate,continuous,249,124.664,1,published_after_gate_recheck,20.20242204889655,7.468351628631353,77.0
10,readset,continuous,250,125.13,1,published_after_gate_recheck,15.844406094402075,4.61059994995594,77.0
10,readset,discrete,251,125.755,1,published_after_gate_recheck,19.627042580395937,7.001334801316261,77.0
10,readset,continuous,252,126.271,1,published_after_gate_recheck,17.00375135987997,4.817849025130272,77.0
10,predicate,discrete,253,126.636,1,published_after_gate_recheck,20.685788709670305,7.22462497651577,77.0
10,readset,continuous,254,127.46,1,published_after_gate_recheck,21.1807768791914,4.99517098069191,77.0
10,predicate,continuous,255,127.834,1,published_after_gate_recheck,27.748428750783205,10.498546995222569,77.0
10,readset,discrete,256,128.214,1,published_after_gate_recheck,17.737336922436953,4.884443711489439,77.0
10,readset,discrete,257,128.667,1,published_after_gate_recheck,20.01552190631628,6.654213648289442,77.0
10,readset,continuous,258,129.195,0,read_set_version_changed_at_gate,22.07283116877079,6.50304090231657,77.0
10,readset,continuous,259,129.509,1,published_after_gate_recheck,17.12330523878336,4.26250696182251,77.0
10,global,discrete,260,130.24,0,context_version_changed_at_publish,23.453601635992527,7.666692603379488,77.0
10,readset,continuous,261,130.669,0,read_set_version_changed_at_gate,25.324943009763956,9.217233397066593,77.0
10,predicate,continuous,262,131.076,1,published_after_gate_recheck,23.02895486354828,5.167774856090546,77.0
10,predicate,continuous,263,131.807,1,published_after_gate_recheck,17.07534585148096,5.5802492424845695,77.0
10,readset,discrete,264,132.024,1,published_after_gate_recheck,20.408748649060726,6.965477950870991,77.0
10,global,continuous,265,132.707,1,published_after_gate_recheck,21.24009933322668,4.579752217978239,77.0
10,readset,discrete,266,133.368,1,published_after_gate_recheck,20.194146782159805,4.26888931542635,77.0
10,global,discrete,267,133.752,1,published_after_gate_recheck,16.2861249409616,4.912465810775757,77.0
10,predicate,discrete,268,134.34,1,published_after_gate_recheck,19.209550227969885,5.0391340628266335,77.0
10,global,continuous,269,134.508,1,published_after_gate_recheck,15.607380773872137,4.190863110125065,77.0
10,readset,discrete,270,135.468,1,published_after_gate_recheck,19.683348014950752,4.441473167389631,77.0
10,readset,continuous,271,135.586,0,read_set_version_changed_at_gate,19.239616114646196,6.056171841919422,77.0
10,readset,continuous,272,136.175,0,read_set_version_changed_at_gate,19.305469002574682,6.219707895070314,77.0
10,predicate,continuous,273,136.616,1,published_after_gate_recheck,19.752969034016132,7.227329071611166,77.0
10,readset,continuous,274,137.253,1,published_after_gate_recheck,20.41806699708104,7.4487049132585526,77.0
10,predicate,continuous,275,137.668,1,published_after_gate_recheck,25.285187643021345,8.745777886360884,77.0
10,global,discrete,276,138.168,0,context_version_changed_at_publish,26.799850165843964,7.655653171241283,77.0
10,predicate,discrete,277,138.923,1,published_after_gate_recheck,15.788951888680458,4.595001228153706,77.0
10,global,discrete,278,139.155,1,published_after_gate_recheck,17.610139213502407,4.524828866124153,77.0
10,readset,discrete,279,139.852,1,published_after_gate_recheck,16.900177113711834,4.561327397823334,77.0
10,predicate,discrete,280,140.394,1,published_after_gate_recheck,19.06463783234358,6.043298169970512,77.0
10,readset,discrete,281,140.557,1,published_after_gate_recheck,18.556043971329927,6.400077138096094,77.0
10,readset,continuous,282,141.023,0,read_set_version_changed_at_gate,21.161402110010386,7.917454000562429,77.0
10,global,discrete,283,141.576,0,context_version_changed_at_publish,19.966909661889076,6.082421168684959,77.0
10,predicate,continuous,284,142.455,1,published_after_gate_recheck,19.447014667093754,6.835533771663904,77.0
10,predicate,continuous,285,142.971,1,published_after_gate_recheck,16.569807194173336,4.565245006233454,77.0
10,readset,discrete,286,143.172,1,published_after_gate_recheck,22.406237199902534,9.041872806847095,77.0
10,global,continuous,287,143.779,1,published_after_gate_recheck,20.106723066419363,4.93678217753768,77.0
10,readset,continuous,288,144.051,0,read_set_version_changed_at_gate,22.689738776534796,9.46247298270464,77.0
10,predicate,continuous,289,144.865,1,published_after_gate_recheck,19.748369697481394,6.326529663056135,77.0
10,predicate,discrete,290,145.298,1,published_after_gate_recheck,25.07230918854475,9.134968277066946,77.0
10,global,discrete,291,145.617,1,published_after_gate_recheck,20.548261236399412,4.24631591886282,77.0
10,predicate,discrete,292,146.401,1,published_after_gate_recheck,18.682350870221853,4.013711120933294,77.0
10,predicate,continuous,293,146.644,1,published_after_gate_recheck,20.983658265322447,8.893003687262535,77.0
10,global,discrete,294,147.244,0,context_version_changed_at_publish,21.10331179574132,9.002089034765959,77.0
10,predicate,discrete,295,147.849,1,published_after_gate_recheck,18.141245935112238,5.089438986033201,77.0
10,predicate,discrete,296,148.044,1,published_after_gate_recheck,19.564866088330746,8.296305313706398,77.0
10,predicate,discrete,297,148.88,1,published_after_gate_recheck,16.684070695191622,4.1458881460130215,77.0
10,predicate,continuous,298,149.368,1,published_after_gate_recheck,20.529747009277344,4.4335778802633286,77.0
10,readset,continuous,299,149.504,1,published_after_gate_recheck,16.53795689344406,4.868493881076574,77.0
10,readset,discrete,300,150.146,1,published_after_gate_recheck,19.910244271159172,7.136388681828976,77.0
10,readset,discrete,301,150.906,1,published_after_gate_recheck,15.67505905404687,4.292211961001158,77.0
10,predicate,continuous,302,151.199,1,published_after_gate_recheck,16.369542106986046,4.284107126295567,77.0
10,predicate,continuous,303,151.848,1,published_after_gate_recheck,16.20155619457364,4.252338316291571,77.0
10,global,discrete,304,152.499,1,published_after_gate_recheck,21.762730088084936,5.526878871023655,77.0
10,predicate,continuous,305,152.997,1,published_after_gate_recheck,17.60556036606431,6.0208262875676155,77.0
10,readset,discrete,306,153.203,1,published_after_gate_recheck,22.138074040412903,8.678230922669172,77.0
10,global,discrete,307,153.828,1,published_after_gate_recheck,20.48698579892516,4.619196057319641,77.0
10,global,discrete,308,154.325,0,context_version_changed_at_publish,21.14394912496209,6.92169601097703,77.0
10,readset,continuous,309,154.606,0,read_set_version_changed_at_gate,19.622304011136293,6.130340974777937,77.0
10,readset,discrete,310,155.388,1,published_after_gate_recheck,26.83703973889351,8.773549925535917,77.0
10,global,discrete,311,155.775,0,context_version_changed_at_publish,20.173177123069763,7.992764934897423,77.0
10,predicate,discrete,312,156.442,1,published_after_gate_recheck,18.887114245444536,4.7980621457099915,77.0
10,readset,discrete,313,156.876,1,published_after_gate_recheck,15.76588861644268,4.092998802661896,77.0
10,readset,discrete,314,157.144,1,published_after_gate_recheck,20.59762319549918,8.446827065199614,77.0
10,predicate,continuous,315,157.843,1,published_after_gate_recheck,17.77113089337945,4.6776351518929005,77.0
10,global,continuous,316,158.129,1,published_after_gate_recheck,16.657391097396612,4.379104822874069,77.0
10,predicate,continuous,317,158.713,1,published_after_gate_recheck,16.81026816368103,5.1464661955833435,77.0
10,predicate,discrete,318,159.308,1,published_after_gate_recheck,20.700275897979736,4.79279225692153,77.0
10,predicate,continuous,319,159.813,1,published_after_gate_recheck,18.05302919819951,4.656887147575617,77.0
10,global,continuous,320,160.091,1,published_after_gate_recheck,18.4884462505579,4.58231708034873,77.0
10,global,continuous,321,160.507,1,published_after_gate_recheck,18.38789787143469,4.564844071865082,77.0
10,predicate,discrete,322,161.133,1,published_after_gate_recheck,15.78419329598546,4.42495197057724,77.0
10,global,continuous,323,161.546,0,context_version_changed_at_publish,20.235524978488684,6.376843899488449,77.0
10,readset,discrete,324,162.263,1,published_after_gate_recheck,22.375148721039295,8.771997410804033,77.0
10,global,discrete,325,162.56,1,published_after_gate_recheck,17.4420028924942,4.2729671113193035,77.0
10,global,discrete,326,163.013,1,published_after_gate_recheck,15.448573045432568,4.162068944424391,77.0
10,predicate,discrete,327,163.764,1,published_after_gate_recheck,23.457819130271673,6.9893728941679,77.0
10,predicate,continuous,328,164.39,1,published_after_gate_recheck,14.985093846917152,4.115250892937183,77.0
10,global,continuous,329,164.641,0,context_version_changed_at_publish,22.90744660422206,8.505728095769882,77.0
10,global,continuous,330,165.386,1,published_after_gate_recheck,19.042937085032463,5.043382290750742,77.0
10,global,discrete,331,165.698,1,published_after_gate_recheck,15.98735386505723,4.395947325974703,77.0
10,predicate,continuous,332,166.282,1,published_after_gate_recheck,15.586161985993385,4.358718171715736,77.0
10,predicate,continuous,333,166.672,1,published_after_gate_recheck,15.312718227505684,4.394093994051218,77.0
10,global,discrete,334,167.373,0,context_version_changed_at_publish,19.61073186248541,8.170498069375753,77.0
10,predicate,discrete,335,167.622,1,published_after_gate_recheck,15.3995412401855,4.172497894614935,77.0
10,global,continuous,336,168.055,1,published_after_gate_recheck,25.247015990316868,4.883911926299334,77.0
10,global,discrete,337,168.832,1,published_after_gate_recheck,16.90564677119255,4.332197364419699,77.0
10,readset,discrete,338,169.422,1,published_after_gate_recheck,16.166701447218657,4.759460221976042,77.0
10,global,continuous,339,169.651,1,published_after_gate_recheck,15.616338234394789,4.373505245894194,77.0
10,predicate,continuous,340,170.086,1,published_after_gate_recheck,20.55541379377246,8.717735763639212,77.0
10,readset,continuous,341,170.675,0,read_set_version_changed_at_gate,18.34758184850216,7.045879028737545,77.0
10,readset,continuous,342,171.393,0,read_set_version_changed_at_gate,21.659244783222675,8.913502562791109,77.0
10,readset,discrete,343,171.52,1,published_after_gate_recheck,17.24171731621027,4.01064520701766,77.0
10,global,discrete,344,172.428,0,context_version_changed_at_publish,26.94449108093977,9.555677883327007,77.0
10,global,continuous,345,172.932,1,published_after_gate_recheck,16.140912659466267,4.02919901534915,77.0
10,readset,discrete,346,173.212,1,published_after_gate_recheck,16.346298158168793,4.8746950924396515,77.0
10,readset,discrete,347,173.658,1,published_after_gate_recheck,21.808335091918707,4.951719660311937,77.0
10,global,continuous,348,174.475,1,published_after_gate_recheck,18.824507016688585,4.631248768419027,77.0
10,predicate,discrete,349,174.855,1,published_after_gate_recheck,20.928284153342247,6.924692075699568,77.0
10,predicate,discrete,350,175.012,1,published_after_gate_recheck,15.713060274720192,4.509189166128635,77.0
10,readset,continuous,351,175.532,1,published_after_gate_recheck,16.209149733185768,4.350121598690748,77.0
10,global,continuous,352,176.314,1,published_after_gate_recheck,15.072737820446491,4.015924874693155,77.0
10,predicate,continuous,353,176.789,1,published_after_gate_recheck,18.42763228341937,4.9537126906216145,77.0
10,global,continuous,354,177.276,0,context_version_changed_at_publish,19.578061066567898,6.309797987341881,77.0
10,predicate,continuous,355,177.852,1,published_after_gate_recheck,16.047457233071327,4.176646005362272,77.0
10,predicate,continuous,356,178.222,1,published_after_gate_recheck,15.60906507074833,4.730385262519121,77.0
10,global,continuous,357,178.771,0,context_version_changed_at_publish,22.221480030566454,8.901760913431644,77.0
10,readset,discrete,358,179.24,1,published_after_gate_recheck,24.73781118169427,10.25196397677064,77.0
10,predicate,continuous,359,179.841,1,published_after_gate_recheck,19.334022887051105,5.125475116074085,77.0
10,readset,discrete,360,180.223,1,published_after_gate_recheck,25.312909856438637,6.731308065354824,77.0
10,global,discrete,361,180.667,1,published_after_gate_recheck,22.37368607893586,4.859135951846838,77.0
10,predicate,continuous,362,181.053,1,published_after_gate_recheck,22.22669031471014,9.308002889156342,77.0
10,global,discrete,363,181.73,0,context_version_changed_at_publish,24.040131829679012,8.035526145249605,77.0
10,global,continuous,364,182.096,1,published_after_gate_recheck,19.180065020918846,5.3394269198179245,77.0
10,predicate,continuous,365,182.628,1,published_after_gate_recheck,16.62708492949605,4.293534904718399,77.0
10,predicate,continuous,366,183.456,1,published_after_gate_recheck,21.195154637098312,6.8501620553433895,77.0
10,readset,continuous,367,183.518,0,read_set_version_changed_at_gate,17.766673117876053,5.955893080681562,77.0
10,readset,continuous,368,184.006,1,published_after_gate_recheck,18.441177904605865,6.3897171057760715,77.0
10,readset,discrete,369,184.518,1,published_after_gate_recheck,19.841955974698067,4.7418056055903435,77.0
10,predicate,continuous,370,185.467,1,published_after_gate_recheck,15.714813023805618,4.2991251684725285,77.0
10,global,continuous,371,185.547,0,context_version_changed_at_publish,19.331959076225758,7.058742921799421,77.0
10,readset,continuous,372,186.359,1,published_after_gate_recheck,19.44234687834978,5.1507530733942986,77.0
10,global,continuous,373,186.895,0,context_version_changed_at_publish,19.84233595430851,6.015255115926266,77.0
10,predicate,discrete,374,187.033,1,published_after_gate_recheck,18.52518506348133,4.788372665643692,77.0
10,predicate,continuous,375,187.653,1,published_after_gate_recheck,17.339490819722414,4.644813947379589,77.0
10,global,continuous,376,188.46,1,published_after_gate_recheck,20.85006795823574,4.359119106084108,77.0
10,predicate,discrete,377,188.985,1,published_after_gate_recheck,20.876427181065083,6.313574966043234,77.0
10,predicate,discrete,378,189.364,1,published_after_gate_recheck,20.976655185222626,9.029891341924667,77.0
10,readset,discrete,379,189.844,1,published_after_gate_recheck,17.274959944188595,4.387932829558849,77.0
10,readset,continuous,380,190.141,1,published_after_gate_recheck,18.31487100571394,4.731747787445784,77.0
10,predicate,continuous,381,190.968,1,published_after_gate_recheck,20.915881264954805,4.882109817117453,77.0
10,readset,continuous,382,191.242,0,read_set_version_changed_at_gate,22.37692102789879,8.320760913193226,77.0
10,global,continuous,383,191.925,0,context_version_changed_at_publish,17.723260913044214,6.244785618036985,77.0
10,predicate,continuous,384,192.096,1,published_after_gate_recheck,23.06979103013873,6.650997791439295,77.0
10,readset,discrete,385,192.864,1,published_after_gate_recheck,22.389044053852558,9.573111310601234,77.0
10,global,continuous,386,193.065,1,published_after_gate_recheck,17.097916919738054,4.380969796329737,77.0
10,global,continuous,387,193.834,0,context_version_changed_at_publish,19.19279806315899,7.520218845456839,77.0
10,predicate,continuous,388,194.169,1,published_after_gate_recheck,19.22569004818797,4.706901032477617,77.0
10,readset,continuous,389,194.973,1,published_after_gate_recheck,16.63895696401596,4.139726981520653,77.0
10,global,continuous,390,195.236,0,context_version_changed_at_publish,30.115339905023575,8.996708318591118,77.0
10,global,discrete,391,195.657,1,published_after_gate_recheck,18.089136574417353,4.5171137899160385,77.0
10,readset,discrete,392,196.074,1,published_after_gate_recheck,20.578799303621054,8.021899964660406,77.0
10,global,continuous,393,196.792,0,context_version_changed_at_publish,22.42051437497139,8.98327399045229,77.0
10,global,discrete,394,197.014,0,context_version_changed_at_publish,19.25139781087637,7.081847172230482,77.0
10,predicate,continuous,395,197.694,1,published_after_gate_recheck,19.807861652225256,7.038373965770006,77.0
10,predicate,discrete,396,198.289,1,published_after_gate_recheck,18.422683235257864,4.443606827408075,77.0
10,readset,discrete,397,198.585,1,published_after_gate_recheck,19.39380494877696,6.833720952272415,77.0
10,predicate,continuous,398,199.234,1,published_after_gate_recheck,19.121313001960516,6.858548149466515,77.0
10,readset,continuous,399,199.738,1,published_after_gate_recheck,20.888258703052998,4.45882510393858,77.0
10,readset,continuous,400,200.171,1,published_after_gate_recheck,18.045635893940926,4.733379930257797,77.0
10,global,continuous,401,200.784,1,published_after_gate_recheck,17.13494723662734,4.644653759896755,77.0
10,global,discrete,402,201.083,1,published_after_gate_recheck,16.25151000916958,4.472430795431137,77.0
10,readset,discrete,403,201.925,1,published_after_gate_recheck,19.48968507349491,7.204066030681133,77.0
10,global,discrete,404,202.431,0,context_version_changed_at_publish,25.230736006051302,8.009606972336769,77.0
10,readset,continuous,405,202.809,1,published_after_gate_recheck,18.613191321492195,4.3496498838067055,77.0
10,global,discrete,406,203.245,0,context_version_changed_at_publish,19.028208684176207,7.340962067246437,77.0
10,readset,continuous,407,203.543,1,published_after_gate_recheck,16.795480623841286,4.858995787799358,77.0
10,readset,continuous,408,204.428,0,read_set_version_changed_at_gate,25.773886125534773,9.443657007068396,77.0
10,predicate,continuous,409,204.872,1,published_after_gate_recheck,16.98267087340355,4.383173771202564,77.0
10,global,discrete,410,205.318,1,published_after_gate_recheck,17.8679833188653,4.794836044311523,77.0
10,readset,discrete,411,205.932,1,published_after_gate_recheck,16.719677951186895,4.558471962809563,77.0
10,readset,continuous,412,206.027,1,published_after_gate_recheck,25.09024227038026,5.474481265991926,77.0
10,global,discrete,413,206.795,0,context_version_changed_at_publish,19.031394738703966,6.739293225109577,77.0
10,predicate,discrete,414,207.023,1,published_after_gate_recheck,17.236759420484304,4.280049819499254,77.0
10,predicate,continuous,415,207.541,1,published_after_gate_recheck,15.693423338234425,4.334020894020796,77.0
10,predicate,continuous,416,208.039,1,published_after_gate_recheck,15.417355112731457,4.272405058145523,77.0
10,readset,continuous,417,208.887,0,read_set_version_changed_at_gate,18.881793599575758,7.097376044839621,77.0
10,global,discrete,418,209.406,1,published_after_gate_recheck,21.100908052176237,6.21426897123456,77.0
10,readset,discrete,419,209.525,1,published_after_gate_recheck,21.801142022013664,7.379735819995403,77.0
10,predicate,discrete,420,210.064,1,published_after_gate_recheck,14.4564020447433,4.0590050630271435,77.0
10,readset,discrete,421,210.666,1,published_after_gate_recheck,21.362106781452894,6.61998987197876,77.0
10,readset,discrete,422,211.302,1,published_after_gate_recheck,21.759083028882742,9.618365205824375,77.0
10,global,discrete,423,211.826,0,context_version_changed_at_publish,18.425448797643185,6.5404800698161125,77.0
10,global,continuous,424,212.054,0,context_version_changed_at_publish,20.569270942360163,8.537427056580782,77.0
10,global,discrete,425,212.973,1,published_after_gate_recheck,14.81481408700347,3.922730218619108,77.0
10,readset,continuous,426,213.192,1,published_after_gate_recheck,16.069849021732807,4.501855932176113,77.0
10,predicate,discrete,427,213.778,1,published_after_gate_recheck,21.740728057920933,5.171872675418854,77.0
10,predicate,discrete,428,214.35,1,published_after_gate_recheck,17.099139746278524,4.759109113365412,77.0
10,readset,discrete,429,214.828,1,published_after_gate_recheck,26.370094157755375,7.880064193159342,77.0
10,readset,discrete,430,215.467,1,published_after_gate_recheck,20.534113980829716,4.175092559307814,77.0
10,readset,continuous,431,215.564,1,published_after_gate_recheck,15.827233903110027,4.239433910697699,77.0
10,readset,discrete,432,216.036,1,published_after_gate_recheck,15.414990950375795,3.963945899158716,77.0
10,readset,discrete,433,216.53,1,published_after_gate_recheck,17.54105929285288,4.328089766204357,77.0
10,readset,discrete,434,217.325,1,published_after_gate_recheck,20.832804962992668,7.687101606279612,77.0
10,global,continuous,435,217.969,1,published_after_gate_recheck,20.315554924309254,4.823970142751932,77.0
10,predicate,discrete,436,218.244,1,published_after_gate_recheck,20.693433936685324,6.782946176826954,77.0
10,predicate,continuous,437,218.661,1,published_after_gate_recheck,17.51246489584446,4.870907869189978,77.0
10,global,continuous,438,219.172,0,context_version_changed_at_publish,21.79361693561077,6.347978953272104,77.0
10,predicate,discrete,439,219.865,1,published_after_gate_recheck,19.124479964375496,7.446139119565487,77.0
10,predicate,discrete,440,220.275,1,published_after_gate_recheck,17.91872689500451,6.647221278399229,77.0
10,readset,continuous,441,220.686,0,read_set_version_changed_at_gate,18.161763437092304,6.034492049366236,77.0
10,global,continuous,442,221.16,1,published_after_gate_recheck,17.51802582293749,4.227189812809229,77.0
10,global,discrete,443,221.871,1,published_after_gate_recheck,17.588197719305754,4.827586933970451,77.0
10,predicate,discrete,444,222.204,1,published_after_gate_recheck,18.868369981646538,6.9712377153337,77.0
10,predicate,discrete,445,222.609,1,published_after_gate_recheck,20.00084426254034,5.0020040944218636,77.0
10,predicate,continuous,446,223.231,1,published_after_gate_recheck,15.80808823928237,4.496825858950615,77.0
10,readset,discrete,447,223.589,1,published_after_gate_recheck,21.502069663256407,4.86694136634469,77.0
10,global,continuous,448,224.347,1,published_after_gate_recheck,21.16864500567317,7.236497011035681,77.0
10,readset,continuous,449,224.613,0,read_set_version_changed_at_gate,20.27434716001153,8.083796128630638,77.0
10,readset,continuous,450,225.189,0,read_set_version_changed_at_gate,19.879275932908058,6.8709212355315685,77.0
10,predicate,discrete,451,225.917,1,published_after_gate_recheck,21.19402214884758,6.5796454437077045,77.0
10,global,discrete,452,226.38,1,published_after_gate_recheck,18.93869088962674,4.365791101008654,77.0
10,predicate,continuous,453,226.731,1,published_after_gate_recheck,17.10911886766553,4.877731204032898,77.0
10,readset,continuous,454,227.26,1,published_after_gate_recheck,16.398585867136717,4.439057782292366,77.0
10,global,continuous,455,227.645,0,context_version_changed_at_publish,22.435361053794622,6.279720924794674,77.0
10,readset,continuous,456,228.028,1,published_after_gate_recheck,20.37467621266842,4.4234986416995525,77.0
10,predicate,continuous,457,228.915,1,published_after_gate_recheck,17.09651481360197,4.015052691102028,77.0
10,predicate,continuous,458,229.109,1,published_after_gate_recheck,20.621548872441053,4.82748681679368,77.0
10,global,discrete,459,229.56,1,published_after_gate_recheck,19.60078300908208,5.223711021244526,77.0
10,global,discrete,460,230.296,0,context_version_changed_at_publish,17.285639885812998,5.787549074739218,77.0
10,predicate,discrete,461,230.602,1,published_after_gate_recheck,21.774922031909227,8.25196085497737,77.0
10,readset,continuous,462,231.256,1,published_after_gate_recheck,15.871667303144932,4.196452908217907,77.0
10,readset,discrete,463,231.93,1,published_after_gate_recheck,24.400518275797367,9.372374042868614,77.0
10,predicate,continuous,464,232.492,1,published_after_gate_recheck,22.458916064351797,9.697523899376392,77.0
10,predicate,continuous,465,232.909,1,published_after_gate_recheck,19.627383910119534,4.937533754855394,77.0
10,global,continuous,466,233.251,1,published_after_gate_recheck,17.009221948683262,4.989691078662872,77.0
10,readset,continuous,467,233.662,1,published_after_gate_recheck,18.44014599919319,4.739683121442795,77.0
10,global,discrete,468,234.5,1,published_after_gate_recheck,18.105127848684788,4.557250067591667,77.0
10,predicate,continuous,469,234.658,1,published_after_gate_recheck,18.68107682093978,6.1779809184372425,77.0
10,readset,discrete,470,235.086,1,published_after_gate_recheck,24.773658253252506,5.107542034238577,77.0
10,readset,discrete,471,235.843,1,published_after_gate_recheck,17.200179863721132,4.256225191056728,77.0
10,readset,discrete,472,236.181,1,published_after_gate_recheck,22.778093814849854,8.742902893573046,77.0
10,global,continuous,473,236.671,1,published_after_gate_recheck,17.692663706839085,4.53488714993,77.0
10,predicate,discrete,474,237.278,1,published_after_gate_recheck,19.66649666428566,4.13145124912262,77.0
10,readset,discrete,475,237.697,1,published_after_gate_recheck,18.346089869737625,5.018115043640137,77.0
10,predicate,discrete,476,238.13,1,published_after_gate_recheck,19.493973348289728,4.834019113332033,77.0
10,global,discrete,477,238.595,0,context_version_changed_at_publish,20.452712196856737,7.121120113879442,77.0
10,readset,continuous,478,239.22,1,published_after_gate_recheck,21.350796800106764,4.799484740942717,77.0
10,predicate,continuous,479,239.968,1,published_after_gate_recheck,22.235416807234287,5.118913017213345,77.0
10,global,continuous,480,240.084,0,context_version_changed_at_publish,19.543976988643408,7.3701366782188416,77.0
10,predicate,discrete,481,240.952,1,published_after_gate_recheck,22.902818396687508,8.671359159052372,77.0
10,predicate,continuous,482,241.133,1,published_after_gate_recheck,21.489616949111223,7.165011949837208,77.0
10,global,discrete,483,241.941,1,published_after_gate_recheck,16.028320882469416,4.574422258883715,77.0
10,global,continuous,484,242.22,1,published_after_gate_recheck,16.04610402137041,4.175372887402773,77.0
10,predicate,continuous,485,242.597,1,published_after_gate_recheck,17.23515521734953,4.4342391192913055,77.0
10,readset,discrete,486,243.245,1,published_after_gate_recheck,18.306786194443703,6.1569311656057835,77.0
10,global,continuous,487,243.551,1,published_after_gate_recheck,17.03871600329876,4.293845966458321,77.0
10,global,discrete,488,244.059,1,published_after_gate_recheck,19.991026259958744,4.700007848441601,77.0
10,global,discrete,489,244.845,1,published_after_gate_recheck,16.705281101167202,4.22584917396307,77.0
10,readset,continuous,490,245.465,1,published_after_gate_recheck,17.661504913121462,4.800747148692608,77.0
10,global,continuous,491,245.906,1,published_after_gate_recheck,24.00196110829711,6.4024413004517555,77.0
10,global,continuous,492,246.045,0,context_version_changed_at_publish,18.76698900014162,5.753142759203911,77.0
10,readset,discrete,493,246.726,1,published_after_gate_recheck,19.320156890898943,6.225979886949062,77.0
10,predicate,continuous,494,247.299,1,published_after_gate_recheck,25.837623979896307,9.949686005711555,77.0
10,predicate,continuous,495,247.674,1,published_after_gate_recheck,19.808654207736254,7.753035984933376,77.0
10,global,discrete,496,248.138,1,published_after_gate_recheck,19.361293874680996,3.838983364403248,77.0
10,readset,continuous,497,248.743,0,read_set_version_changed_at_gate,21.164277102798223,8.245590142905712,77.0
10,readset,continuous,498,249.039,1,published_after_gate_recheck,17.36222393810749,4.271143116056919,77.0
10,predicate,discrete,499,249.97,1,published_after_gate_recheck,15.767160803079605,4.336165264248848,77.0
10,predicate,discrete,500,250.126,1,published_after_gate_recheck,16.542856115847826,4.551307763904333,77.0
10,predicate,continuous,501,250.641,1,published_after_gate_recheck,19.041333813220263,4.89214900881052,77.0
10,predicate,discrete,502,251.495,1,published_after_gate_recheck,18.447599839419127,6.239346228539944,77.0
10,predicate,continuous,503,251.821,1,published_after_gate_recheck,15.965714119374752,3.951733000576496,77.0
10,readset,discrete,504,252.03,1,published_after_gate_recheck,21.107248961925507,5.337262991815805,77.0
10,global,discrete,505,252.506,1,published_after_gate_recheck,17.29357521981001,4.672435577958822,77.0
10,predicate,discrete,506,253.259,1,published_after_gate_recheck,20.20344417542219,4.555988125503063,77.0
10,global,discrete,507,253.708,0,context_version_changed_at_publish,23.384943138808012,7.2075421921908855,77.0
10,predicate,discrete,508,254.1,1,published_after_gate_recheck,16.510795801877975,4.795606713742018,77.0
10,readset,discrete,509,254.814,1,published_after_gate_recheck,15.806395094841719,4.271514248102903,77.0
10,predicate,continuous,510,255.4,1,published_after_gate_recheck,21.168584935367107,4.524868912994862,77.0
10,global,discrete,511,255.642,1,published_after_gate_recheck,16.622225288301706,4.4481949880719185,77.0
10,predicate,continuous,512,256.217,1,published_after_gate_recheck,19.503029994666576,4.235456231981516,77.0
10,global,continuous,513,256.664,0,context_version_changed_at_publish,20.553220063447952,6.136071868240833,77.0
10,global,discrete,514,257.339,0,context_version_changed_at_publish,25.942631997168064,9.759800042957067,77.0
10,predicate,continuous,515,257.68,1,published_after_gate_recheck,18.158447928726673,4.325824789702892,77.0
10,predicate,continuous,516,258.101,1,published_after_gate_recheck,17.698765266686678,4.120680969208479,77.0
10,predicate,discrete,517,258.702,1,published_after_gate_recheck,21.771174855530262,9.277786128222942,77.0
10,readset,continuous,518,259.082,0,read_set_version_changed_at_gate,22.08004519343376,9.020053315907717,77.0
10,predicate,continuous,519,259.582,1,published_after_gate_recheck,21.56626060605049,8.95799696445465,77.0
10,global,continuous,520,260.115,0,context_version_changed_at_publish,19.433570094406605,6.215551868081093,77.0
10,predicate,continuous,521,260.796,1,published_after_gate_recheck,19.29148333147168,6.394886877387762,77.0
10,readset,continuous,522,261.482,1,published_after_gate_recheck,17.293293960392475,4.364679101854563,77.0
10,predicate,discrete,523,261.736,1,published_after_gate_recheck,19.852526020258665,8.005339186638594,77.0
10,global,discrete,524,262.485,0,context_version_changed_at_publish,19.4084532558918,5.940234754234552,77.0
10,predicate,discrete,525,262.642,1,published_after_gate_recheck,19.670092966407537,7.146687712520361,77.0
10,global,continuous,526,263.194,1,published_after_gate_recheck,17.828146927058697,4.842925816774368,77.0
10,readset,continuous,527,263.921,1,published_after_gate_recheck,17.450779676437378,4.303675144910812,77.0
10,readset,continuous,528,264.245,0,read_set_version_changed_at_gate,19.15787300094962,7.195659913122654,77.0
10,readset,continuous,529,264.607,0,read_set_version_changed_at_gate,25.932963006198406,8.59013618901372,77.0
10,predicate,discrete,530,265.0,1,published_after_gate_recheck,19.482120871543884,4.665574058890343,77.0
10,readset,continuous,531,265.593,0,read_set_version_changed_at_gate,20.777651108801365,7.350159343332052,77.0
10,readset,discrete,532,266.248,1,published_after_gate_recheck,23.14739767462015,5.925056058913469,77.0
10,global,discrete,533,266.931,0,context_version_changed_at_publish,24.953806772828102,8.781414944678545,77.0
10,predicate,continuous,534,267.025,1,published_after_gate_recheck,27.730816043913364,11.559878010302782,77.0
10,predicate,continuous,535,267.73,1,published_after_gate_recheck,23.8993177190423,8.881933987140656,77.0
10,global,continuous,536,268.079,1,published_after_gate_recheck,17.472119070589542,4.0005650371313095,77.0
10,readset,continuous,537,268.665,1,published_after_gate_recheck,24.775360710918903,4.742477089166641,77.0
10,readset,discrete,538,269.235,1,published_after_gate_recheck,21.099014207720757,6.9386279210448265,77.0
10,global,discrete,539,269.77,1,published_after_gate_recheck,18.824697006493807,4.144055303186178,77.0
10,readset,discrete,540,270.395,1,published_after_gate_recheck,19.51583381742239,6.928739137947559,77.0
10,global,discrete,541,270.916,0,context_version_changed_at_publish,19.57823196426034,6.898733321577311,77.0
10,global,discrete,542,271.37,1,published_after_gate_recheck,18.2510819286108,4.61294362321496,77.0
10,predicate,discrete,543,271.887,1,published_after_gate_recheck,26.903443969786167,8.419555611908436,77.0
10,predicate,discrete,544,272.261,1,published_after_gate_recheck,16.986349131911993,4.94101969525218,77.0
10,predicate,continuous,545,272.801,1,published_after_gate_recheck,17.678337171673775,4.461218602955341,77.0
10,readset,discrete,546,273.159,1,published_after_gate_recheck,26.14384889602661,9.118346963077784,77.0
10,global,discrete,547,273.995,0,context_version_changed_at_publish,20.645744167268276,6.898242048919201,77.0
10,global,discrete,548,274.253,1,published_after_gate_recheck,16.378588043153286,4.370329901576042,77.0
10,readset,discrete,549,274.536,1,published_after_gate_recheck,19.25990404561162,6.4587583765387535,77.0
10,readset,continuous,550,275.468,0,read_set_version_changed_at_gate,27.531933970749378,10.32001106068492,77.0
10,global,continuous,551,275.844,0,context_version_changed_at_publish,19.742258824408054,6.826097145676613,77.0
10,predicate,discrete,552,276.111,1,published_after_gate_recheck,18.116238061338663,4.575613886117935,77.0
10,predicate,continuous,553,276.588,1,published_after_gate_recheck,26.824295055121183,9.417007677257061,77.0
10,predicate,continuous,554,277.488,1,published_after_gate_recheck,20.89709509164095,4.714083857834339,77.0
10,predicate,continuous,555,277.978,1,published_after_gate_recheck,21.043069195002317,4.930620081722736,77.0
10,readset,continuous,556,278.476,0,read_set_version_changed_at_gate,18.507782835513353,6.833781022578478,77.0
10,predicate,discrete,557,278.963,1,published_after_gate_recheck,16.28060406073928,4.783975891768932,77.0
10,global,discrete,558,279.312,1,published_after_gate_recheck,17.668297979980707,4.510452039539814,77.0
10,global,discrete,559,279.541,1,published_after_gate_recheck,17.736786045134068,4.408871755003929,77.0
10,predicate,continuous,560,280.103,1,published_after_gate_recheck,21.204252261668444,8.85988213121891,77.0
10,readset,discrete,561,280.757,1,published_after_gate_recheck,17.605409026145935,4.423969890922308,77.0
10,global,continuous,562,281.182,0,context_version_changed_at_publish,22.28387724608183,9.551430121064186,77.0
10,readset,continuous,563,281.594,0,read_set_version_changed_at_gate,19.34864977374673,7.464563939720392,77.0
10,readset,continuous,564,282.451,1,published_after_gate_recheck,16.220401041209698,4.737068433314562,77.0
10,predicate,continuous,565,282.502,1,published_after_gate_recheck,15.882677864283323,3.930743783712387,77.0
10,global,discrete,566,283.488,0,context_version_changed_at_publish,26.05620538815856,7.63712776824832,77.0
10,global,discrete,567,283.63,1,published_after_gate_recheck,18.63246690481901,4.617021884769201,77.0
10,global,discrete,568,284.035,0,context_version_changed_at_publish,19.28063202649355,8.01820307970047,77.0
10,global,discrete,569,284.518,1,published_after_gate_recheck,18.807194661349058,4.541059955954552,77.0
10,predicate,discrete,570,285.396,1,published_after_gate_recheck,18.740228842943907,5.962617229670286,77.0
10,predicate,continuous,571,285.642,1,published_after_gate_recheck,22.978399880230427,9.188820142298937,77.0
10,readset,discrete,572,286.087,1,published_after_gate_recheck,20.70573717355728,8.09134030714631,77.0
10,readset,continuous,573,286.898,1,published_after_gate_recheck,19.288817886263132,4.20203385874629,77.0
10,global,continuous,574,287.497,1,published_after_gate_recheck,22.449878975749016,4.9398778937757015,77.0
10,global,continuous,575,287.982,0,context_version_changed_at_publish,22.20352692529559,9.17153712362051,77.0
10,readset,discrete,576,288.33,1,published_after_gate_recheck,23.22646602988243,8.834815118461847,77.0
10,global,discrete,577,288.862,1,published_after_gate_recheck,17.039147671312094,4.817859269678593,77.0
10,readset,continuous,578,289.216,0,read_set_version_changed_at_gate,20.36841306835413,6.640829145908356,77.0
10,readset,discrete,579,289.624,1,published_after_gate_recheck,20.359136164188385,8.59115831553936,77.0
10,global,continuous,580,290.159,1,published_after_gate_recheck,18.8426710665226,4.765019752085209,77.0
10,readset,discrete,581,290.776,1,published_after_gate_recheck,17.20128208398819,5.909447092562914,77.0
10,global,continuous,582,291.329,1,published_after_gate_recheck,20.072247833013535,4.524587653577328,77.0
10,predicate,discrete,583,291.667,1,published_after_gate_recheck,21.011790726333857,5.39216585457325,77.0
10,predicate,continuous,584,292.292,1,published_after_gate_recheck,22.490684874355793,7.710446137934923,77.0
10,readset,continuous,585,292.52,0,read_set_version_changed_at_gate,23.030559066683054,8.493945002555847,77.0
10,global,discrete,586,293.084,0,context_version_changed_at_publish,18.515987787395716,7.198436185717583,77.0
10,global,continuous,587,293.637,1,published_after_gate_recheck,15.184198040515184,4.277785308659077,77.0
10,global,discrete,588,294.324,0,context_version_changed_at_publish,18.833243753761053,8.084566798061132,77.0
10,readset,continuous,589,294.722,0,read_set_version_changed_at_gate,22.928896825760603,9.41756833344698,77.0
10,readset,discrete,590,295.335,1,published_after_gate_recheck,19.37055215239525,6.044450215995312,77.0
10,global,continuous,591,295.726,1,published_after_gate_recheck,23.778912145644426,5.314370151609182,77.0
10,global,discrete,592,296.327,0,context_version_changed_at_publish,17.590390983968973,5.910549312829971,77.0
10,global,discrete,593,296.637,1,published_after_gate_recheck,15.261681750416756,4.1752830147743225,77.0
10,global,continuous,594,297.444,1,published_after_gate_recheck,15.73309674859047,3.999063279479742,77.0
10,readset,discrete,595,297.993,1,published_after_gate_recheck,21.899186074733734,9.40723018720746,77.0
10,global,discrete,596,298.185,0,context_version_changed_at_publish,19.758629612624645,7.388250902295113,77.0
10,global,discrete,597,298.923,1,published_after_gate_recheck,15.756721142679453,4.287484101951122,77.0
10,predicate,continuous,598,299.055,1,published_after_gate_recheck,19.148965831846,6.661276798695326,77.0
10,readset,discrete,599,299.749,1,published_after_gate_recheck,19.09484388306737,4.399904981255531,77.0
