version_scope,pattern,target_rate_hz,run,gateway_released,outcome,reason,e2e_latency_ms,validation_to_gate_ms,achieved_rate_hz,goodput_ips
global,unrelated,0,0,1,EXECUTE,published_after_gate_recheck,15.663126017898321,4.629645962268114,0.0,64.33512691755853
global,unrelated,0,1,1,EXECUTE,published_after_gate_recheck,15.71698673069477,4.421675112098455,0.0,64.33512691755853
global,unrelated,0,2,1,EXECUTE,published_after_gate_recheck,15.635183081030846,4.307572264224291,0.0,64.33512691755853
global,unrelated,0,3,1,EXECUTE,published_after_gate_recheck,14.850020874291658,3.8458453491330147,0.0,64.33512691755853
global,unrelated,0,4,1,EXECUTE,published_after_gate_recheck,14.367415104061365,3.910816740244627,0.0,64.33512691755853
global,unrelated,0,5,1,EXECUTE,published_after_gate_recheck,14.124538749456406,3.967774100601673,0.0,64.33512691755853
global,unrelated,0,6,1,EXECUTE,published_after_gate_recheck,15.14124684035778,4.149856045842171,0.0,64.33512691755853
global,unrelated,0,7,1,EXECUTE,published_after_gate_recheck,16.891050152480602,4.427226260304451,0.0,64.33512691755853
global,unrelated,0,8,1,EXECUTE,published_after_gate_recheck,14.232460875064135,4.398181103169918,0.0,64.33512691755853
global,unrelated,0,9,1,EXECUTE,published_after_gate_recheck,16.13514218479395,4.218092653900385,0.0,64.33512691755853
global,unrelated,0,10,1,EXECUTE,published_after_gate_recheck,14.772185124456882,4.074985161423683,0.0,64.33512691755853
global,unrelated,0,11,1,EXECUTE,published_after_gate_recheck,14.548334293067455,4.1276137344539165,0.0,64.33512691755853
global,unrelated,0,12,1,EXECUTE,published_after_gate_recheck,15.698822680860758,4.424701910465956,0.0,64.33512691755853
global,unrelated,0,13,1,EXECUTE,published_after_gate_recheck,14.675603248178959,4.602264147251844,0.0,64.33512691755853
global,unrelated,0,14,1,EXECUTE,published_after_gate_recheck,15.012504998594522,4.539365880191326,0.0,64.33512691755853
global,unrelated,0,15,1,EXECUTE,published_after_gate_recheck,14.22344520688057,3.933168947696686,0.0,64.33512691755853
global,unrelated,0,16,1,EXECUTE,published_after_gate_recheck,15.249518677592278,4.328972194343805,0.0,64.33512691755853
global,unrelated,0,17,1,EXECUTE,published_after_gate_recheck,15.572495758533478,4.3681347742676735,0.0,64.33512691755853
global,unrelated,0,18,1,EXECUTE,published_after_gate_recheck,14.112386386841536,3.918372094631195,0.0,64.33512691755853
global,unrelated,0,19,1,EXECUTE,published_after_gate_recheck,15.372960828244686,4.412238020449877,0.0,64.33512691755853
global,unrelated,0,20,1,EXECUTE,published_after_gate_recheck,15.6061090528965,4.193067084997892,0.0,64.33512691755853
global,unrelated,0,21,1,EXECUTE,published_after_gate_recheck,15.22373128682375,4.2793890461325645,0.0,64.33512691755853
global,unrelated,0,22,1,EXECUTE,published_after_gate_recheck,15.028093941509724,4.220146685838699,0.0,64.33512691755853
global,unrelated,0,23,1,EXECUTE,published_after_gate_recheck,14.739654026925564,4.058192949742079,0.0,64.33512691755853
global,unrelated,0,24,1,EXECUTE,published_after_gate_recheck,14.534407760947943,4.057371988892555,0.0,64.33512691755853
global,unrelated,0,25,1,EXECUTE,published_after_gate_recheck,15.675007831305265,4.750692751258612,0.0,64.33512691755853
global,unrelated,0,26,1,EXECUTE,published_after_gate_recheck,13.864671345800161,3.887373022735119,0.0,64.33512691755853
global,unrelated,0,27,1,EXECUTE,published_after_gate_recheck,15.320973936468363,3.9776726625859737,0.0,64.33512691755853
global,unrelated,0,28,1,EXECUTE,published_after_gate_recheck,14.399804640561342,3.6344178952276707,0.0,64.33512691755853
global,unrelated,0,29,1,EXECUTE,published_after_gate_recheck,14.212925918400288,3.8971821777522564,0.0,64.33512691755853
global,unrelated,0,30,1,EXECUTE,published_after_gate_recheck,14.386801049113274,3.6681420169770718,0.0,64.33512691755853
global,unrelated,0,31,1,EXECUTE,published_after_gate_recheck,14.367183670401573,4.009441938251257,0.0,64.33512691755853
global,unrelated,0,32,1,EXECUTE,published_after_gate_recheck,15.809249598532915,4.2006210424005985,0.0,64.33512691755853
global,unrelated,0,33,1,EXECUTE,published_after_gate_recheck,14.182336628437042,3.9770109578967094,0.0,64.33512691755853
global,unrelated,0,34,1,EXECUTE,published_after_gate_recheck,16.44826913252473,4.817308392375708,0.0,64.33512691755853
global,unrelated,0,35,1,EXECUTE,published_after_gate_recheck,15.043473336845636,4.50962083414197,0.0,64.33512691755853
global,unrelated,0,36,1,EXECUTE,published_after_gate_recheck,15.021522995084524,4.296150058507919,0.0,64.33512691755853
global,unrelated,0,37,1,EXECUTE,published_after_gate_recheck,14.080656692385674,4.241668153554201,0.0,64.33512691755853
global,unrelated,0,38,1,EXECUTE,published_after_gate_recheck,14.047123957425356,3.9604399353265762,0.0,64.33512691755853
global,unrelated,0,39,1,EXECUTE,published_after_gate_recheck,14.095964841544628,3.983923699706793,0.0,64.33512691755853
global,unrelated,0,40,1,EXECUTE,published_after_gate_recheck,14.876540284603834,3.9592282846570015,0.0,64.33512691755853
global,unrelated,0,41,1,EXECUTE,published_after_gate_recheck,14.773937407881021,4.594359081238508,0.0,64.33512691755853
global,unrelated,0,42,1,EXECUTE,published_after_gate_recheck,15.412605833262205,3.9592180401086807,0.0,64.33512691755853
global,unrelated,0,43,1,EXECUTE,published_after_gate_recheck,15.766298864036798,4.261425230652094,0.0,64.33512691755853
global,unrelated,0,44,1,EXECUTE,published_after_gate_recheck,14.893732964992523,4.215569235384464,0.0,64.33512691755853
global,unrelated,0,45,1,EXECUTE,published_after_gate_recheck,15.749827958643436,4.389615263789892,0.0,64.33512691755853
global,unrelated,0,46,1,EXECUTE,published_after_gate_recheck,15.13810083270073,4.286702256649733,0.0,64.33512691755853
global,unrelated,0,47,1,EXECUTE,published_after_gate_recheck,14.516345225274563,4.231969825923443,0.0,64.33512691755853
global,unrelated,0,48,1,EXECUTE,published_after_gate_recheck,15.627379063516855,4.136671312153339,0.0,64.33512691755853
global,unrelated,0,49,1,EXECUTE,published_after_gate_recheck,15.225755982100964,4.1505456902086735,0.0,64.33512691755853
global,unrelated,0,50,1,EXECUTE,published_after_gate_recheck,15.507363714277744,4.094412084668875,0.0,64.33512691755853
global,unrelated,0,51,1,EXECUTE,published_after_gate_recheck,15.478198882192373,4.4282181188464165,0.0,64.33512691755853
global,unrelated,0,52,1,EXECUTE,published_after_gate_recheck,14.266275335103273,4.063584376126528,0.0,64.33512691755853
global,unrelated,0,53,1,EXECUTE,published_after_gate_recheck,14.89707874134183,4.076919052749872,0.0,64.33512691755853
global,unrelated,0,54,1,EXECUTE,published_after_gate_recheck,15.006814152002335,4.462712910026312,0.0,64.33512691755853
global,unrelated,0,55,1,EXECUTE,published_after_gate_recheck,15.41584124788642,4.43979911506176,0.0,64.33512691755853
global,unrelated,0,56,1,EXECUTE,published_after_gate_recheck,15.495039988309145,4.288706928491592,0.0,64.33512691755853
global,unrelated,0,57,1,EXECUTE,published_after_gate_recheck,15.923984814435244,4.522914998233318,0.0,64.33512691755853
global,unrelated,0,58,1,EXECUTE,published_after_gate_recheck,14.728212263435125,4.203776828944683,0.0,64.33512691755853
global,unrelated,0,59,1,EXECUTE,published_after_gate_recheck,15.166003257036209,4.30678017437458,0.0,64.33512691755853
global,unrelated,0,60,1,EXECUTE,published_after_gate_recheck,14.893692918121815,4.0313429199159145,0.0,64.33512691755853
global,unrelated,0,61,1,EXECUTE,published_after_gate_recheck,14.062994159758091,4.217352718114853,0.0,64.33512691755853
global,unrelated,0,62,1,EXECUTE,published_after_gate_recheck,15.066596679389477,4.200330004096031,0.0,64.33512691755853
global,unrelated,0,63,1,EXECUTE,published_after_gate_recheck,17.102465964853764,4.761082120239735,0.0,64.33512691755853
global,unrelated,0,64,1,EXECUTE,published_after_gate_recheck,15.323539264500141,4.140748176723719,0.0,64.33512691755853
global,unrelated,0,65,1,EXECUTE,published_after_gate_recheck,14.765992760658264,4.367663990706205,0.0,64.33512691755853
global,unrelated,0,66,1,EXECUTE,published_after_gate_recheck,14.41810978576541,4.279608838260174,0.0,64.33512691755853
global,unrelated,0,67,1,EXECUTE,published_after_gate_recheck,14.803062193095684,4.065838176757097,0.0,64.33512691755853
global,unrelated,0,68,1,EXECUTE,published_after_gate_recheck,16.095878090709448,4.072580952197313,0.0,64.33512691755853
global,unrelated,0,69,1,EXECUTE,published_after_gate_recheck,15.015471260994673,4.044367931783199,0.0,64.33512691755853
global,unrelated,0,70,1,EXECUTE,published_after_gate_recheck,16.733794938772917,4.234594758599997,0.0,64.33512691755853
global,unrelated,0,71,1,EXECUTE,published_after_gate_recheck,18.283260986208916,4.256145097315311,0.0,64.33512691755853
global,unrelated,0,72,1,EXECUTE,published_after_gate_recheck,15.296367928385735,4.203727003186941,0.0,64.33512691755853
global,unrelated,0,73,1,EXECUTE,published_after_gate_recheck,16.15684200078249,4.276453051716089,0.0,64.33512691755853
global,unrelated,0,74,1,EXECUTE,published_after_gate_recheck,16.142824664711952,4.878352861851454,0.0,64.33512691755853
global,unrelated,0,75,1,EXECUTE,published_after_gate_recheck,16.084144823253155,4.370930138975382,0.0,64.33512691755853
global,unrelated,0,76,1,EXECUTE,published_after_gate_recheck,16.918281093239784,4.690128844231367,0.0,64.33512691755853
global,unrelated,0,77,1,EXECUTE,published_after_gate_recheck,15.371949877589941,4.093088675290346,0.0,64.33512691755853
global,unrelated,0,78,1,EXECUTE,published_after_gate_recheck,14.810907188802958,4.455930087715387,0.0,64.33512691755853
global,unrelated,0,79,1,EXECUTE,published_after_gate_recheck,14.21517925336957,4.178510047495365,0.0,64.33512691755853
global,unrelated,0,80,1,EXECUTE,published_after_gate_recheck,17.362814862281084,4.24597505480051,0.0,64.33512691755853
global,unrelated,0,81,1,EXECUTE,published_after_gate_recheck,16.350024845451117,5.589817184954882,0.0,64.33512691755853
global,unrelated,0,82,1,EXECUTE,published_after_gate_recheck,18.88100290670991,4.250213969498873,0.0,64.33512691755853
global,unrelated,0,83,1,EXECUTE,published_after_gate_recheck,17.19181379303336,4.966949112713337,0.0,64.33512691755853
global,unrelated,0,84,1,EXECUTE,published_after_gate_recheck,16.898132860660553,3.8181240670382977,0.0,64.33512691755853
global,unrelated,0,85,1,EXECUTE,published_after_gate_recheck,19.57191899418831,4.89371083676815,0.0,64.33512691755853
global,unrelated,0,86,1,EXECUTE,published_after_gate_recheck,17.0262330211699,4.712671972811222,0.0,64.33512691755853
global,unrelated,0,87,1,EXECUTE,published_after_gate_recheck,18.06257711723447,7.119887974113226,0.0,64.33512691755853
global,unrelated,0,88,1,EXECUTE,published_after_gate_recheck,14.970887918025255,4.54437592998147,0.0,64.33512691755853
global,unrelated,0,89,1,EXECUTE,published_after_gate_recheck,18.104386050254107,4.296210128813982,0.0,64.33512691755853
global,unrelated,0,90,1,EXECUTE,published_after_gate_recheck,15.909988898783922,4.371571354568005,0.0,64.33512691755853
global,unrelated,0,91,1,EXECUTE,published_after_gate_recheck,18.132097087800503,5.60352299362421,0.0,64.33512691755853
global,unrelated,0,92,1,EXECUTE,published_after_gate_recheck,16.007070895284414,4.40038600936532,0.0,64.33512691755853
global,unrelated,0,93,1,EXECUTE,published_after_gate_recheck,14.579773880541325,4.052693024277687,0.0,64.33512691755853
global,unrelated,0,94,1,EXECUTE,published_after_gate_recheck,15.275128185749054,4.502406809478998,0.0,64.33512691755853
global,unrelated,0,95,1,EXECUTE,published_after_gate_recheck,15.00859810039401,4.149585030972958,0.0,64.33512691755853
global,unrelated,0,96,1,EXECUTE,published_after_gate_recheck,16.975688748061657,4.213043954223394,0.0,64.33512691755853
global,unrelated,0,97,1,EXECUTE,published_after_gate_recheck,14.999090228229761,3.921808209270239,0.0,64.33512691755853
global,unrelated,0,98,1,EXECUTE,published_after_gate_recheck,17.43781566619873,4.582175984978676,0.0,64.33512691755853
global,unrelated,0,99,1,EXECUTE,published_after_gate_recheck,16.166881192475557,4.2546819895505905,0.0,64.33512691755853
readset,unrelated,0,0,1,EXECUTE,published_after_gate_recheck,17.462351359426975,4.670192021876574,0.0,62.64091222066886
readset,unrelated,0,1,1,EXECUTE,published_after_gate_recheck,16.030746046453714,4.478141199797392,0.0,62.64091222066886
readset,unrelated,0,2,1,EXECUTE,published_after_gate_recheck,18.719089217483997,4.868072923272848,0.0,62.64091222066886
readset,unrelated,0,3,1,EXECUTE,published_after_gate_recheck,17.34053296968341,4.84435772523284,0.0,62.64091222066886
readset,unrelated,0,4,1,EXECUTE,published_after_gate_recheck,17.05849403515458,3.929662983864546,0.0,62.64091222066886
readset,unrelated,0,5,1,EXECUTE,published_after_gate_recheck,16.455593053251505,5.092092789709568,0.0,62.64091222066886
readset,unrelated,0,6,1,EXECUTE,published_after_gate_recheck,16.34762017056346,4.0458501316607,0.0,62.64091222066886
readset,unrelated,0,7,1,EXECUTE,published_after_gate_recheck,18.811342772096395,5.388639867305756,0.0,62.64091222066886
readset,unrelated,0,8,1,EXECUTE,published_after_gate_recheck,17.765690106898546,5.111389327794313,0.0,62.64091222066886
readset,unrelated,0,9,1,EXECUTE,published_after_gate_recheck,15.61696920543909,4.262777976691723,0.0,62.64091222066886
readset,unrelated,0,10,1,EXECUTE,published_after_gate_recheck,18.750798888504505,4.379988182336092,0.0,62.64091222066886
readset,unrelated,0,11,1,EXECUTE,published_after_gate_recheck,16.077002976089716,4.176957067102194,0.0,62.64091222066886
readset,unrelated,0,12,1,EXECUTE,published_after_gate_recheck,15.350108966231346,4.652809351682663,0.0,62.64091222066886
readset,unrelated,0,13,1,EXECUTE,published_after_gate_recheck,15.439305920153856,4.779846873134375,0.0,62.64091222066886
readset,unrelated,0,14,1,EXECUTE,published_after_gate_recheck,15.984227880835533,4.167468287050724,0.0,62.64091222066886
readset,unrelated,0,15,1,EXECUTE,published_after_gate_recheck,22.467631846666336,4.682464990764856,0.0,62.64091222066886
readset,unrelated,0,16,1,EXECUTE,published_after_gate_recheck,16.890577971935272,5.602981895208359,0.0,62.64091222066886
readset,unrelated,0,17,1,EXECUTE,published_after_gate_recheck,18.355967942625284,4.45825420320034,0.0,62.64091222066886
readset,unrelated,0,18,1,EXECUTE,published_after_gate_recheck,15.89184533804655,5.509616807103157,0.0,62.64091222066886
readset,unrelated,0,19,1,EXECUTE,published_after_gate_recheck,19.626431167125702,4.265282303094864,0.0,62.64091222066886
readset,unrelated,0,20,1,EXECUTE,published_after_gate_recheck,15.5026251450181,4.488842096179724,0.0,62.64091222066886
readset,unrelated,0,21,1,EXECUTE,published_after_gate_recheck,15.158670023083687,4.590311553329229,0.0,62.64091222066886
readset,unrelated,0,22,1,EXECUTE,published_after_gate_recheck,15.187965240329504,4.012849181890488,0.0,62.64091222066886
readset,unrelated,0,23,1,EXECUTE,published_after_gate_recheck,16.88136113807559,4.483472090214491,0.0,62.64091222066886
readset,unrelated,0,24,1,EXECUTE,published_after_gate_recheck,14.691142365336418,3.904264885932207,0.0,62.64091222066886
readset,unrelated,0,25,1,EXECUTE,published_after_gate_recheck,15.679976902902126,4.6676769852638245,0.0,62.64091222066886
readset,unrelated,0,26,1,EXECUTE,published_after_gate_recheck,15.029496978968382,4.312960896641016,0.0,62.64091222066886
readset,unrelated,0,27,1,EXECUTE,published_after_gate_recheck,15.860757324844599,4.922155290842056,0.0,62.64091222066886
readset,unrelated,0,28,1,EXECUTE,published_after_gate_recheck,17.99812726676464,4.59499005228281,0.0,62.64091222066886
readset,unrelated,0,29,1,EXECUTE,published_after_gate_recheck,16.49865275248885,4.685499705374241,0.0,62.64091222066886
readset,unrelated,0,30,1,EXECUTE,published_after_gate_recheck,16.196326352655888,4.41725691780448,0.0,62.64091222066886
readset,unrelated,0,31,1,EXECUTE,published_after_gate_recheck,17.352023627609015,5.101420916616917,0.0,62.64091222066886
readset,unrelated,0,32,1,EXECUTE,published_after_gate_recheck,16.012581065297127,4.322851076722145,0.0,62.64091222066886
readset,unrelated,0,33,1,EXECUTE,published_after_gate_recheck,15.888277906924486,4.526952747255564,0.0,62.64091222066886
readset,unrelated,0,34,1,EXECUTE,published_after_gate_recheck,15.53152920678258,4.3929219245910645,0.0,62.64091222066886
readset,unrelated,0,35,1,EXECUTE,published_after_gate_recheck,14.80502588674426,3.890137653797865,0.0,62.64091222066886
readset,unrelated,0,36,1,EXECUTE,published_after_gate_recheck,14.784998260438442,4.426515195518732,0.0,62.64091222066886
readset,unrelated,0,37,1,EXECUTE,published_after_gate_recheck,16.48026891052723,4.762784577906132,0.0,62.64091222066886
readset,unrelated,0,38,1,EXECUTE,published_after_gate_recheck,15.702620148658752,4.174492321908474,0.0,62.64091222066886
readset,unrelated,0,39,1,EXECUTE,published_after_gate_recheck,15.221817884594202,4.018078092485666,0.0,62.64091222066886
readset,unrelated,0,40,1,EXECUTE,published_after_gate_recheck,16.856404952704906,4.501224961131811,0.0,62.64091222066886
readset,unrelated,0,41,1,EXECUTE,published_after_gate_recheck,15.01616183668375,4.214746877551079,0.0,62.64091222066886
readset,unrelated,0,42,1,EXECUTE,published_after_gate_recheck,14.461240731179714,4.180774092674255,0.0,62.64091222066886
readset,unrelated,0,43,1,EXECUTE,published_after_gate_recheck,15.351180918514729,4.260432906448841,0.0,62.64091222066886
readset,unrelated,0,44,1,EXECUTE,published_after_gate_recheck,13.898244127631187,3.9049359038472176,0.0,62.64091222066886
readset,unrelated,0,45,1,EXECUTE,published_after_gate_recheck,14.527144841849804,4.392801318317652,0.0,62.64091222066886
readset,unrelated,0,46,1,EXECUTE,published_after_gate_recheck,15.112903900444508,4.349159076809883,0.0,62.64091222066886
readset,unrelated,0,47,1,EXECUTE,published_after_gate_recheck,14.267497230321169,4.129587672650814,0.0,62.64091222066886
readset,unrelated,0,48,1,EXECUTE,published_after_gate_recheck,19.145498983561993,7.048323750495911,0.0,62.64091222066886
readset,unrelated,0,49,1,EXECUTE,published_after_gate_recheck,14.893210958689451,4.112275317311287,0.0,62.64091222066886
readset,unrelated,0,50,1,EXECUTE,published_after_gate_recheck,15.309061855077744,4.462603013962507,0.0,62.64091222066886
readset,unrelated,0,51,1,EXECUTE,published_after_gate_recheck,17.759247682988644,4.071437753736973,0.0,62.64091222066886
readset,unrelated,0,52,1,EXECUTE,published_after_gate_recheck,14.341617003083229,3.8158991374075413,0.0,62.64091222066886
readset,unrelated,0,53,1,EXECUTE,published_after_gate_recheck,14.933716971427202,3.829815424978733,0.0,62.64091222066886
readset,unrelated,0,54,1,EXECUTE,published_after_gate_recheck,14.454147778451443,4.411847796291113,0.0,62.64091222066886
readset,unrelated,0,55,1,EXECUTE,published_after_gate_recheck,14.948545023798943,4.201984032988548,0.0,62.64091222066886
readset,unrelated,0,56,1,EXECUTE,published_after_gate_recheck,15.35499794408679,4.282784648239613,0.0,62.64091222066886
readset,unrelated,0,57,1,EXECUTE,published_after_gate_recheck,16.039472073316574,4.123356193304062,0.0,62.64091222066886
readset,unrelated,0,58,1,EXECUTE,published_after_gate_recheck,14.501044992357492,4.373935982584953,0.0,62.64091222066886
readset,unrelated,0,59,1,EXECUTE,published_after_gate_recheck,15.653618145734072,4.427777137607336,0.0,62.64091222066886
readset,unrelated,0,60,1,EXECUTE,published_after_gate_recheck,15.509116929024458,3.89103963971138,0.0,62.64091222066886
readset,unrelated,0,61,1,EXECUTE,published_after_gate_recheck,15.896372962743044,4.629225004464388,0.0,62.64091222066886
readset,unrelated,0,62,1,EXECUTE,published_after_gate_recheck,15.361260157078505,4.2754109017550945,0.0,62.64091222066886
readset,unrelated,0,63,1,EXECUTE,published_after_gate_recheck,15.9786781296134,4.509390331804752,0.0,62.64091222066886
readset,unrelated,0,64,1,EXECUTE,published_after_gate_recheck,14.155126642435789,3.8593211211264133,0.0,62.64091222066886
readset,unrelated,0,65,1,EXECUTE,published_after_gate_recheck,15.110177919268608,4.403531085699797,0.0,62.64091222066886
readset,unrelated,0,66,1,EXECUTE,published_after_gate_recheck,14.57025483250618,3.9428668096661568,0.0,62.64091222066886
readset,unrelated,0,67,1,EXECUTE,published_after_gate_recheck,14.036203734576702,4.170685075223446,0.0,62.64091222066886
readset,unrelated,0,68,1,EXECUTE,published_after_gate_recheck,14.51717596501112,4.101606085896492,0.0,62.64091222066886
readset,unrelated,0,69,1,EXECUTE,published_after_gate_recheck,14.541851822286844,4.095274023711681,0.0,62.64091222066886
readset,unrelated,0,70,1,EXECUTE,published_after_gate_recheck,14.710589312016964,3.9691957645118237,0.0,62.64091222066886
readset,unrelated,0,71,1,EXECUTE,published_after_gate_recheck,14.590342994779348,4.137812647968531,0.0,62.64091222066886
readset,unrelated,0,72,1,EXECUTE,published_after_gate_recheck,15.212510246783495,4.24289982765913,0.0,62.64091222066886
readset,unrelated,0,73,1,EXECUTE,published_after_gate_recheck,15.599255915731192,4.436965100467205,0.0,62.64091222066886
readset,unrelated,0,74,1,EXECUTE,published_after_gate_recheck,15.14124684035778,4.465577658265829,0.0,62.64091222066886
readset,unrelated,0,75,1,EXECUTE,published_after_gate_recheck,15.741973649710417,4.3907370418310165,0.0,62.64091222066886
readset,unrelated,0,76,1,EXECUTE,published_after_gate_recheck,15.036779921501875,4.340102896094322,0.0,62.64091222066886
readset,unrelated,0,77,1,EXECUTE,published_after_gate_recheck,14.830683823674917,4.160244949162006,0.0,62.64091222066886
readset,unrelated,0,78,1,EXECUTE,published_after_gate_recheck,15.11863386258483,4.477431066334248,0.0,62.64091222066886
readset,unrelated,0,79,1,EXECUTE,published_after_gate_recheck,15.5356558971107,4.227440804243088,0.0,62.64091222066886
readset,unrelated,0,80,1,EXECUTE,published_after_gate_recheck,14.303714968264103,4.0464806370437145,0.0,62.64091222066886
readset,unrelated,0,81,1,EXECUTE,published_after_gate_recheck,14.37730435281992,4.218704998493195,0.0,62.64091222066886
readset,unrelated,0,82,1,EXECUTE,published_after_gate_recheck,15.314661897718906,4.442945122718811,0.0,62.64091222066886
readset,unrelated,0,83,1,EXECUTE,published_after_gate_recheck,14.252288732677698,4.311848897486925,0.0,62.64091222066886
readset,unrelated,0,84,1,EXECUTE,published_after_gate_recheck,15.286809299141169,4.495915025472641,0.0,62.64091222066886
readset,unrelated,0,85,1,EXECUTE,published_after_gate_recheck,14.566136989742517,4.081917926669121,0.0,62.64091222066886
readset,unrelated,0,86,1,EXECUTE,published_after_gate_recheck,16.07663184404373,4.5287469401955605,0.0,62.64091222066886
readset,unrelated,0,87,1,EXECUTE,published_after_gate_recheck,14.792182017117739,4.006166011095047,0.0,62.64091222066886
readset,unrelated,0,88,1,EXECUTE,published_after_gate_recheck,14.862824697047472,4.285880830138922,0.0,62.64091222066886
readset,unrelated,0,89,1,EXECUTE,published_after_gate_recheck,15.239270869642496,4.54246299341321,0.0,62.64091222066886
readset,unrelated,0,90,1,EXECUTE,published_after_gate_recheck,15.424347948282957,4.2994967661798,0.0,62.64091222066886
readset,unrelated,0,91,1,EXECUTE,published_after_gate_recheck,22.391508799046278,6.578490603715181,0.0,62.64091222066886
readset,unrelated,0,92,1,EXECUTE,published_after_gate_recheck,20.25576215237379,5.308989901095629,0.0,62.64091222066886
readset,unrelated,0,93,1,EXECUTE,published_after_gate_recheck,14.233403839170933,4.20803390443325,0.0,62.64091222066886
readset,unrelated,0,94,1,EXECUTE,published_after_gate_recheck,16.15854585543275,4.335835110396147,0.0,62.64091222066886
readset,unrelated,0,95,1,EXECUTE,published_after_gate_recheck,17.54909474402666,4.447875078767538,0.0,62.64091222066886
readset,unrelated,0,96,1,EXECUTE,published_after_gate_recheck,16.27520425245166,4.5188479125499725,0.0,62.64091222066886
readset,unrelated,0,97,1,EXECUTE,published_after_gate_recheck,14.547983650118113,4.214315675199032,0.0,62.64091222066886
readset,unrelated,0,98,1,EXECUTE,published_after_gate_recheck,16.531243920326233,4.123946186155081,0.0,62.64091222066886
readset,unrelated,0,99,1,EXECUTE,published_after_gate_recheck,15.718498732894659,3.984927199780941,0.0,62.64091222066886
global,related_same,0,0,1,EXECUTE,published_after_gate_recheck,15.319630969315767,4.215820226818323,0.0,65.74618228636845
global,related_same,0,1,1,EXECUTE,published_after_gate_recheck,15.880052000284195,4.15074685588479,0.0,65.74618228636845
global,related_same,0,2,1,EXECUTE,published_after_gate_recheck,14.90549510344863,4.280810710042715,0.0,65.74618228636845
global,related_same,0,3,1,EXECUTE,published_after_gate_recheck,14.538526069372892,3.8505042903125286,0.0,65.74618228636845
global,related_same,0,4,1,EXECUTE,published_after_gate_recheck,14.321258291602135,3.910196013748646,0.0,65.74618228636845
global,related_same,0,5,1,EXECUTE,published_after_gate_recheck,15.132960863411427,4.06868290156126,0.0,65.74618228636845
global,related_same,0,6,1,EXECUTE,published_after_gate_recheck,15.237396582961082,4.04831487685442,0.0,65.74618228636845
global,related_same,0,7,1,EXECUTE,published_after_gate_recheck,15.850257128477097,4.519668873399496,0.0,65.74618228636845
global,related_same,0,8,1,EXECUTE,published_after_gate_recheck,14.49884194880724,3.7886276841163635,0.0,65.74618228636845
global,related_same,0,9,1,EXECUTE,published_after_gate_recheck,14.605661854147911,4.313081968575716,0.0,65.74618228636845
global,related_same,0,10,1,EXECUTE,published_after_gate_recheck,14.376081060618162,3.935313317924738,0.0,65.74618228636845
global,related_same,0,11,1,EXECUTE,published_after_gate_recheck,14.296461828052998,4.288354888558388,0.0,65.74618228636845
global,related_same,0,12,1,EXECUTE,published_after_gate_recheck,15.30542504042387,3.9560021832585335,0.0,65.74618228636845
global,related_same,0,13,1,EXECUTE,published_after_gate_recheck,15.361711382865906,4.463593941181898,0.0,65.74618228636845
global,related_same,0,14,1,EXECUTE,published_after_gate_recheck,16.685995273292065,4.84834611415863,0.0,65.74618228636845
global,related_same,0,15,1,EXECUTE,published_after_gate_recheck,18.578025046736002,4.4844141229987144,0.0,65.74618228636845
global,related_same,0,16,1,EXECUTE,published_after_gate_recheck,17.64275971800089,4.693406168371439,0.0,65.74618228636845
global,related_same,0,17,1,EXECUTE,published_after_gate_recheck,19.660605117678642,4.319013096392155,0.0,65.74618228636845
global,related_same,0,18,1,EXECUTE,published_after_gate_recheck,14.616651926189661,4.376220051199198,0.0,65.74618228636845
global,related_same,0,19,1,EXECUTE,published_after_gate_recheck,16.908903140574694,4.752786830067635,0.0,65.74618228636845
global,related_same,0,20,1,EXECUTE,published_after_gate_recheck,14.804555103182793,3.7176948972046375,0.0,65.74618228636845
global,related_same,0,21,1,EXECUTE,published_after_gate_recheck,15.30556520447135,4.618444945663214,0.0,65.74618228636845
global,related_same,0,22,1,EXECUTE,published_after_gate_recheck,15.192742925137281,4.612613003700972,0.0,65.74618228636845
global,related_same,0,23,1,EXECUTE,published_after_gate_recheck,14.3897058442235,3.9464342407882214,0.0,65.74618228636845
global,related_same,0,24,1,EXECUTE,published_after_gate_recheck,14.512266963720322,3.804839216172695,0.0,65.74618228636845
global,related_same,0,25,1,EXECUTE,published_after_gate_recheck,16.904034186154604,4.4039529748260975,0.0,65.74618228636845
global,related_same,0,26,1,EXECUTE,published_after_gate_recheck,15.661623328924179,4.272245801985264,0.0,65.74618228636845
global,related_same,0,27,1,EXECUTE,published_after_gate_recheck,15.332105103880167,4.480254836380482,0.0,65.74618228636845
global,related_same,0,28,1,EXECUTE,published_after_gate_recheck,14.93705390021205,4.398501943796873,0.0,65.74618228636845
global,related_same,0,29,1,EXECUTE,published_after_gate_recheck,14.929470140486956,3.9683450013399124,0.0,65.74618228636845
global,related_same,0,30,1,EXECUTE,published_after_gate_recheck,15.399692114442587,4.143152851611376,0.0,65.74618228636845
global,related_same,0,31,1,EXECUTE,published_after_gate_recheck,16.56309375539422,4.635997116565704,0.0,65.74618228636845
global,related_same,0,32,1,EXECUTE,published_after_gate_recheck,14.181055128574371,3.6077890545129776,0.0,65.74618228636845
global,related_same,0,33,1,EXECUTE,published_after_gate_recheck,14.563080854713917,4.0598963387310505,0.0,65.74618228636845
global,related_same,0,34,1,EXECUTE,published_after_gate_recheck,14.507597777992487,4.148912616074085,0.0,65.74618228636845
global,related_same,0,35,1,EXECUTE,published_after_gate_recheck,15.758344903588295,4.520952235907316,0.0,65.74618228636845
global,related_same,0,36,1,EXECUTE,published_after_gate_recheck,15.412294771522284,4.388915374875069,0.0,65.74618228636845
global,related_same,0,37,1,EXECUTE,published_after_gate_recheck,14.725867193192244,4.624435678124428,0.0,65.74618228636845
global,related_same,0,38,1,EXECUTE,published_after_gate_recheck,15.56287705898285,4.206191282719374,0.0,65.74618228636845
global,related_same,0,39,1,EXECUTE,published_after_gate_recheck,14.998809900134802,4.068952985107899,0.0,65.74618228636845
global,related_same,0,40,1,EXECUTE,published_after_gate_recheck,16.260265838354826,4.763917997479439,0.0,65.74618228636845
global,related_same,0,41,1,EXECUTE,published_after_gate_recheck,15.834657941013575,4.7772116959095,0.0,65.74618228636845
global,related_same,0,42,1,EXECUTE,published_after_gate_recheck,14.032706618309021,4.073852673172951,0.0,65.74618228636845
global,related_same,0,43,1,EXECUTE,published_after_gate_recheck,14.865009114146233,3.9423061534762383,0.0,65.74618228636845
global,related_same,0,44,1,EXECUTE,published_after_gate_recheck,14.708835165947676,4.031974822282791,0.0,65.74618228636845
global,related_same,0,45,1,EXECUTE,published_after_gate_recheck,14.61580116301775,4.277876112610102,0.0,65.74618228636845
global,related_same,0,46,1,EXECUTE,published_after_gate_recheck,14.858115930110216,4.120229743421078,0.0,65.74618228636845
global,related_same,0,47,1,EXECUTE,published_after_gate_recheck,15.456427820026875,4.506704863160849,0.0,65.74618228636845
global,related_same,0,48,1,EXECUTE,published_after_gate_recheck,15.309112146496773,4.2501636780798435,0.0,65.74618228636845
global,related_same,0,49,1,EXECUTE,published_after_gate_recheck,15.3889711946249,4.1071646846830845,0.0,65.74618228636845
global,related_same,0,50,1,EXECUTE,published_after_gate_recheck,15.933563001453876,4.493680316954851,0.0,65.74618228636845
global,related_same,0,51,1,EXECUTE,published_after_gate_recheck,15.260159969329834,4.210468847304583,0.0,65.74618228636845
global,related_same,0,52,1,EXECUTE,published_after_gate_recheck,15.333587303757668,4.1283853352069855,0.0,65.74618228636845
global,related_same,0,53,1,EXECUTE,published_after_gate_recheck,14.712652191519737,4.470246843993664,0.0,65.74618228636845
global,related_same,0,54,1,EXECUTE,published_after_gate_recheck,14.828539919108152,3.7947092205286026,0.0,65.74618228636845
global,related_same,0,55,1,EXECUTE,published_after_gate_recheck,15.218982938677073,4.314314108341932,0.0,65.74618228636845
global,related_same,0,56,1,EXECUTE,published_after_gate_recheck,14.092118944972754,3.8788472302258015,0.0,65.74618228636845
global,related_same,0,57,1,EXECUTE,published_after_gate_recheck,14.810916967689991,4.022375680506229,0.0,65.74618228636845
global,related_same,0,58,1,EXECUTE,published_after_gate_recheck,15.839437022805214,4.463824909180403,0.0,65.74618228636845
global,related_same,0,59,1,EXECUTE,published_after_gate_recheck,14.628083910793066,3.5504107363522053,0.0,65.74618228636845
global,related_same,0,60,1,EXECUTE,published_after_gate_recheck,15.295675955712795,4.135739058256149,0.0,65.74618228636845
global,related_same,0,61,1,EXECUTE,published_after_gate_recheck,16.315228771418333,4.4879000633955,0.0,65.74618228636845
global,related_same,0,62,1,EXECUTE,published_after_gate_recheck,14.97543603181839,4.288806114345789,0.0,65.74618228636845
global,related_same,0,63,1,EXECUTE,published_after_gate_recheck,14.356223866343498,4.241738002747297,0.0,65.74618228636845
global,related_same,0,64,1,EXECUTE,published_after_gate_recheck,14.924699906259775,4.3235719203948975,0.0,65.74618228636845
global,related_same,0,65,1,EXECUTE,published_after_gate_recheck,16.750426031649113,4.876619204878807,0.0,65.74618228636845
global,related_same,0,66,1,EXECUTE,published_after_gate_recheck,14.573541935533285,3.820308018475771,0.0,65.74618228636845
global,related_same,0,67,1,EXECUTE,published_after_gate_recheck,14.475056901574135,4.279457964003086,0.0,65.74618228636845
global,related_same,0,68,1,EXECUTE,published_after_gate_recheck,15.13877185061574,4.199719056487083,0.0,65.74618228636845
global,related_same,0,69,1,EXECUTE,published_after_gate_recheck,15.367671847343445,4.113967996090651,0.0,65.74618228636845
global,related_same,0,70,1,EXECUTE,published_after_gate_recheck,15.390954911708832,4.101133905351162,0.0,65.74618228636845
global,related_same,0,71,1,EXECUTE,published_after_gate_recheck,15.699433628469706,4.224004689604044,0.0,65.74618228636845
global,related_same,0,72,1,EXECUTE,published_after_gate_recheck,14.3016311340034,4.548242781311274,0.0,65.74618228636845
global,related_same,0,73,1,EXECUTE,published_after_gate_recheck,14.822639059275389,4.554093815386295,0.0,65.74618228636845
global,related_same,0,74,1,EXECUTE,published_after_gate_recheck,13.563307002186775,4.151798784732819,0.0,65.74618228636845
global,related_same,0,75,1,EXECUTE,published_after_gate_recheck,15.114716719835997,4.83279675245285,0.0,65.74618228636845
global,related_same,0,76,1,EXECUTE,published_after_gate_recheck,14.916734769940376,4.035410936921835,0.0,65.74618228636845
global,related_same,0,77,1,EXECUTE,published_after_gate_recheck,14.385738875716925,4.200038965791464,0.0,65.74618228636845
global,related_same,0,78,1,EXECUTE,published_after_gate_recheck,14.075838029384613,3.6756149493157864,0.0,65.74618228636845
global,related_same,0,79,1,EXECUTE,published_after_gate_recheck,15.4914241284132,4.591915290802717,0.0,65.74618228636845
global,related_same,0,80,1,EXECUTE,published_after_gate_recheck,15.054232906550169,4.453445319086313,0.0,65.74618228636845
global,related_same,0,81,1,EXECUTE,published_after_gate_recheck,14.879295136779547,4.284157883375883,0.0,65.74618228636845
global,related_same,0,82,1,EXECUTE,published_after_gate_recheck,14.746466651558876,4.202494863420725,0.0,65.74618228636845
global,related_same,0,83,1,EXECUTE,published_after_gate_recheck,14.75876895710826,3.8652420043945312,0.0,65.74618228636845
global,related_same,0,84,1,EXECUTE,published_after_gate_recheck,14.742427971214056,4.338729660958052,0.0,65.74618228636845
global,related_same,0,85,1,EXECUTE,published_after_gate_recheck,15.667735133320093,4.059986677020788,0.0,65.74618228636845
global,related_same,0,86,1,EXECUTE,published_after_gate_recheck,14.619789086282253,3.9888136088848114,0.0,65.74618228636845
global,related_same,0,87,1,EXECUTE,published_after_gate_recheck,14.733211137354374,4.061008803546429,0.0,65.74618228636845
global,related_same,0,88,1,EXECUTE,published_after_gate_recheck,14.300029259175062,4.277635365724564,0.0,65.74618228636845
global,related_same,0,89,1,EXECUTE,published_after_gate_recheck,14.914821833372116,4.174571949988604,0.0,65.74618228636845
global,related_same,0,90,1,EXECUTE,published_after_gate_recheck,14.643542934209108,4.376942291855812,0.0,65.74618228636845
global,related_same,0,91,1,EXECUTE,published_after_gate_recheck,13.79166403785348,4.164191894233227,0.0,65.74618228636845
global,related_same,0,92,1,EXECUTE,published_after_gate_recheck,14.268259052187204,4.004763904958963,0.0,65.74618228636845
global,related_same,0,93,1,EXECUTE,published_after_gate_recheck,14.683607965707779,4.146309103816748,0.0,65.74618228636845
global,related_same,0,94,1,EXECUTE,published_after_gate_recheck,13.994114007800817,4.20841621235013,0.0,65.74618228636845
global,related_same,0,95,1,EXECUTE,published_after_gate_recheck,15.526209026575089,4.08155657351017,0.0,65.74618228636845
global,related_same,0,96,1,EXECUTE,published_after_gate_recheck,15.854164026677608,4.754680208861828,0.0,65.74618228636845
global,related_same,0,97,1,EXECUTE,published_after_gate_recheck,14.333901926875114,3.740027081221342,0.0,65.74618228636845
global,related_same,0,98,1,EXECUTE,published_after_gate_recheck,14.182217884808779,3.928600810468197,0.0,65.74618228636845
global,related_same,0,99,1,EXECUTE,published_after_gate_recheck,14.711210038512945,4.041512031108141,0.0,65.74618228636845
readset,related_same,0,0,1,EXECUTE,published_after_gate_recheck,15.130606945604086,4.72883228212595,0.0,66.59164748556532
readset,related_same,0,1,1,EXECUTE,published_after_gate_recheck,15.868921764194965,4.250223748385906,0.0,66.59164748556532
readset,related_same,0,2,1,EXECUTE,published_after_gate_recheck,16.456555109471083,4.417637828737497,0.0,66.59164748556532
readset,related_same,0,3,1,EXECUTE,published_after_gate_recheck,15.212130267173052,4.295569378882647,0.0,66.59164748556532
readset,related_same,0,4,1,EXECUTE,published_after_gate_recheck,15.396306291222572,4.32931212708354,0.0,66.59164748556532
readset,related_same,0,5,1,EXECUTE,published_after_gate_recheck,15.818466898053885,4.26227692514658,0.0,66.59164748556532
readset,related_same,0,6,1,EXECUTE,published_after_gate_recheck,16.731000039726496,4.315085243433714,0.0,66.59164748556532
readset,related_same,0,7,1,EXECUTE,published_after_gate_recheck,14.545328915119171,3.81716201081872,0.0,66.59164748556532
readset,related_same,0,8,1,EXECUTE,published_after_gate_recheck,14.725345652550459,3.7837792187929153,0.0,66.59164748556532
readset,related_same,0,9,1,EXECUTE,published_after_gate_recheck,14.399043750017881,4.007958807051182,0.0,66.59164748556532
readset,related_same,0,10,1,EXECUTE,published_after_gate_recheck,14.736917801201344,4.337558057159185,0.0,66.59164748556532
readset,related_same,0,11,1,EXECUTE,published_after_gate_recheck,15.45596681535244,4.746795166283846,0.0,66.59164748556532
readset,related_same,0,12,1,EXECUTE,published_after_gate_recheck,15.39587415754795,4.134025890380144,0.0,66.59164748556532
readset,related_same,0,13,1,EXECUTE,published_after_gate_recheck,14.930922072380781,4.2327712289988995,0.0,66.59164748556532
readset,related_same,0,14,1,EXECUTE,published_after_gate_recheck,14.671965967863798,4.180111922323704,0.0,66.59164748556532
readset,related_same,0,15,1,EXECUTE,published_after_gate_recheck,13.940354343503714,3.670936916023493,0.0,66.59164748556532
readset,related_same,0,16,1,EXECUTE,published_after_gate_recheck,15.044866129755974,4.193457309156656,0.0,66.59164748556532
readset,related_same,0,17,1,EXECUTE,published_after_gate_recheck,14.256285969167948,4.069135058671236,0.0,66.59164748556532
readset,related_same,0,18,1,EXECUTE,published_after_gate_recheck,16.36297907680273,4.508308134973049,0.0,66.59164748556532
readset,related_same,0,19,1,EXECUTE,published_after_gate_recheck,15.006544068455696,4.385778214782476,0.0,66.59164748556532
readset,related_same,0,20,1,EXECUTE,published_after_gate_recheck,14.89482494071126,4.290378652513027,0.0,66.59164748556532
readset,related_same,0,21,1,EXECUTE,published_after_gate_recheck,14.616812113672495,4.525188822299242,0.0,66.59164748556532
readset,related_same,0,22,1,EXECUTE,published_after_gate_recheck,14.0620619058609,3.979516215622425,0.0,66.59164748556532
readset,related_same,0,23,1,EXECUTE,published_after_gate_recheck,14.021916780620813,3.7696720100939274,0.0,66.59164748556532
readset,related_same,0,24,1,EXECUTE,published_after_gate_recheck,13.819346204400063,3.86255607008934,0.0,66.59164748556532
readset,related_same,0,25,1,EXECUTE,published_after_gate_recheck,14.358026906847954,4.649613983929157,0.0,66.59164748556532
readset,related_same,0,26,1,EXECUTE,published_after_gate_recheck,15.066897962242365,4.15425281971693,0.0,66.59164748556532
readset,related_same,0,27,1,EXECUTE,published_after_gate_recheck,15.434506814926863,4.164652898907661,0.0,66.59164748556532
readset,related_same,0,28,1,EXECUTE,published_after_gate_recheck,15.282202046364546,4.436985123902559,0.0,66.59164748556532
readset,related_same,0,29,1,EXECUTE,published_after_gate_recheck,14.931433368474245,4.2500426061451435,0.0,66.59164748556532
readset,related_same,0,30,1,EXECUTE,published_after_gate_recheck,14.921183232218027,4.489762708544731,0.0,66.59164748556532
readset,related_same,0,31,1,EXECUTE,published_after_gate_recheck,15.954222064465284,4.408481065183878,0.0,66.59164748556532
readset,related_same,0,32,1,EXECUTE,published_after_gate_recheck,14.94273403659463,4.388332832604647,0.0,66.59164748556532
readset,related_same,0,33,1,EXECUTE,published_after_gate_recheck,14.892299193888903,4.286792129278183,0.0,66.59164748556532
readset,related_same,0,34,1,EXECUTE,published_after_gate_recheck,15.680528711527586,4.328039009124041,0.0,66.59164748556532
readset,related_same,0,35,1,EXECUTE,published_after_gate_recheck,14.868866186589003,4.226118791848421,0.0,66.59164748556532
readset,related_same,0,36,1,EXECUTE,published_after_gate_recheck,14.088682364672422,4.210188984870911,0.0,66.59164748556532
readset,related_same,0,37,1,EXECUTE,published_after_gate_recheck,14.97646700590849,3.9345319382846355,0.0,66.59164748556532
readset,related_same,0,38,1,EXECUTE,published_after_gate_recheck,14.640568289905787,4.012126941233873,0.0,66.59164748556532
readset,related_same,0,39,1,EXECUTE,published_after_gate_recheck,15.127791091799736,4.04243404045701,0.0,66.59164748556532
readset,related_same,0,40,1,EXECUTE,published_after_gate_recheck,14.951510820537806,3.7994380109012127,0.0,66.59164748556532
readset,related_same,0,41,1,EXECUTE,published_after_gate_recheck,16.264173667877913,4.9507091753184795,0.0,66.59164748556532
readset,related_same,0,42,1,EXECUTE,published_after_gate_recheck,14.546662103384733,4.460197873413563,0.0,66.59164748556532
readset,related_same,0,43,1,EXECUTE,published_after_gate_recheck,14.965416863560677,4.037343896925449,0.0,66.59164748556532
readset,related_same,0,44,1,EXECUTE,published_after_gate_recheck,14.656806830316782,4.231377970427275,0.0,66.59164748556532
readset,related_same,0,45,1,EXECUTE,published_after_gate_recheck,15.437282156199217,3.973033744841814,0.0,66.59164748556532
readset,related_same,0,46,1,EXECUTE,published_after_gate_recheck,14.493220951408148,4.007609095424414,0.0,66.59164748556532
readset,related_same,0,47,1,EXECUTE,published_after_gate_recheck,14.449378941208124,4.050679970532656,0.0,66.59164748556532
readset,related_same,0,48,1,EXECUTE,published_after_gate_recheck,15.903927851468325,4.6152593567967415,0.0,66.59164748556532
readset,related_same,0,49,1,EXECUTE,published_after_gate_recheck,15.383691061288118,4.07018605619669,0.0,66.59164748556532
readset,related_same,0,50,1,EXECUTE,published_after_gate_recheck,14.825474936515093,4.180382937192917,0.0,66.59164748556532
readset,related_same,0,51,1,EXECUTE,published_after_gate_recheck,14.966750051826239,4.216751083731651,0.0,66.59164748556532
readset,related_same,0,52,1,EXECUTE,published_after_gate_recheck,16.05869783088565,4.39135916531086,0.0,66.59164748556532
readset,related_same,0,53,1,EXECUTE,published_after_gate_recheck,16.583671793341637,4.165745805948973,0.0,66.59164748556532
readset,related_same,0,54,1,EXECUTE,published_after_gate_recheck,15.768954996019602,4.172197077423334,0.0,66.59164748556532
readset,related_same,0,55,1,EXECUTE,published_after_gate_recheck,16.979495994746685,5.041998811066151,0.0,66.59164748556532
readset,related_same,0,56,1,EXECUTE,published_after_gate_recheck,15.754027292132378,4.3701790273189545,0.0,66.59164748556532
readset,related_same,0,57,1,EXECUTE,published_after_gate_recheck,16.685553826391697,4.836073145270348,0.0,66.59164748556532
readset,related_same,0,58,1,EXECUTE,published_after_gate_recheck,17.33151637017727,5.226204637438059,0.0,66.59164748556532
readset,related_same,0,59,1,EXECUTE,published_after_gate_recheck,18.14017305150628,4.361493047326803,0.0,66.59164748556532
readset,related_same,0,60,1,EXECUTE,published_after_gate_recheck,15.092425048351288,4.0616001933813095,0.0,66.59164748556532
readset,related_same,0,61,1,EXECUTE,published_after_gate_recheck,15.959382057189941,4.549424629658461,0.0,66.59164748556532
readset,related_same,0,62,1,EXECUTE,published_after_gate_recheck,14.301120769232512,4.198838025331497,0.0,66.59164748556532
readset,related_same,0,63,1,EXECUTE,published_after_gate_recheck,14.768147375434637,3.9436588995158672,0.0,66.59164748556532
readset,related_same,0,64,1,EXECUTE,published_after_gate_recheck,14.512456953525543,4.055168014019728,0.0,66.59164748556532
readset,related_same,0,65,1,EXECUTE,published_after_gate_recheck,14.026805758476257,4.267525859177113,0.0,66.59164748556532
readset,related_same,0,66,1,EXECUTE,published_after_gate_recheck,14.355571940541267,4.188468214124441,0.0,66.59164748556532
readset,related_same,0,67,1,EXECUTE,published_after_gate_recheck,14.520201366394758,3.9618927985429764,0.0,66.59164748556532
readset,related_same,0,68,1,EXECUTE,published_after_gate_recheck,14.428500086069107,4.1984571143984795,0.0,66.59164748556532
readset,related_same,0,69,1,EXECUTE,published_after_gate_recheck,14.28816607221961,3.743513021618128,0.0,66.59164748556532
readset,related_same,0,70,1,EXECUTE,published_after_gate_recheck,14.494672883301973,4.053384065628052,0.0,66.59164748556532
readset,related_same,0,71,1,EXECUTE,published_after_gate_recheck,14.339643064886332,4.290198907256126,0.0,66.59164748556532
readset,related_same,0,72,1,EXECUTE,published_after_gate_recheck,14.232771936804056,3.936115186661482,0.0,66.59164748556532
readset,related_same,0,73,1,EXECUTE,published_after_gate_recheck,14.554244931787252,4.194390028715134,0.0,66.59164748556532
readset,related_same,0,74,1,EXECUTE,published_after_gate_recheck,14.055059291422367,3.966311924159527,0.0,66.59164748556532
readset,related_same,0,75,1,EXECUTE,published_after_gate_recheck,14.78108111768961,4.021555185317993,0.0,66.59164748556532
readset,related_same,0,76,1,EXECUTE,published_after_gate_recheck,15.142709016799927,4.7286213375627995,0.0,66.59164748556532
readset,related_same,0,77,1,EXECUTE,published_after_gate_recheck,13.316864147782326,3.5760998725891113,0.0,66.59164748556532
readset,related_same,0,78,1,EXECUTE,published_after_gate_recheck,15.747563913464546,4.489542916417122,0.0,66.59164748556532
readset,related_same,0,79,1,EXECUTE,published_after_gate_recheck,14.895645901560783,4.292502999305725,0.0,66.59164748556532
readset,related_same,0,80,1,EXECUTE,published_after_gate_recheck,14.782043173909187,4.309043753892183,0.0,66.59164748556532
readset,related_same,0,81,1,EXECUTE,published_after_gate_recheck,13.401171658188105,3.9633261039853096,0.0,66.59164748556532
readset,related_same,0,82,1,EXECUTE,published_after_gate_recheck,14.977179002016783,4.067561123520136,0.0,66.59164748556532
readset,related_same,0,83,1,EXECUTE,published_after_gate_recheck,13.931407127529383,4.174361005425453,0.0,66.59164748556532
readset,related_same,0,84,1,EXECUTE,published_after_gate_recheck,13.936036266386509,4.285320173949003,0.0,66.59164748556532
readset,related_same,0,85,1,EXECUTE,published_after_gate_recheck,15.872528776526451,4.657688084989786,0.0,66.59164748556532
readset,related_same,0,86,1,EXECUTE,published_after_gate_recheck,15.080663375556469,4.349340219050646,0.0,66.59164748556532
readset,related_same,0,87,1,EXECUTE,published_after_gate_recheck,14.045000076293945,3.8959686644375324,0.0,66.59164748556532
readset,related_same,0,88,1,EXECUTE,published_after_gate_recheck,14.136983081698418,4.025130998343229,0.0,66.59164748556532
readset,related_same,0,89,1,EXECUTE,published_after_gate_recheck,14.82347073033452,4.385738167911768,0.0,66.59164748556532
readset,related_same,0,90,1,EXECUTE,published_after_gate_recheck,13.616926036775112,3.761898260563612,0.0,66.59164748556532
readset,related_same,0,91,1,EXECUTE,published_after_gate_recheck,13.952185865491629,4.043404944241047,0.0,66.59164748556532
readset,related_same,0,92,1,EXECUTE,published_after_gate_recheck,15.218561980873346,4.314575344324112,0.0,66.59164748556532
readset,related_same,0,93,1,EXECUTE,published_after_gate_recheck,14.039941132068634,4.089753143489361,0.0,66.59164748556532
readset,related_same,0,94,1,EXECUTE,published_after_gate_recheck,14.454839285463095,3.8808509707450867,0.0,66.59164748556532
readset,related_same,0,95,1,EXECUTE,published_after_gate_recheck,14.864847995340824,3.9123003371059895,0.0,66.59164748556532
readset,related_same,0,96,1,EXECUTE,published_after_gate_recheck,14.951830729842186,4.084934014827013,0.0,66.59164748556532
readset,related_same,0,97,1,EXECUTE,published_after_gate_recheck,14.844490215182304,4.27326699718833,0.0,66.59164748556532
readset,related_same,0,98,1,EXECUTE,published_after_gate_recheck,14.168481808155775,3.913742955774069,0.0,66.59164748556532
readset,related_same,0,99,1,EXECUTE,published_after_gate_recheck,13.871594332158566,3.753282129764557,0.0,66.59164748556532
global,unrelated,20,0,1,EXECUTE,published_after_gate_recheck,18.22585379704833,4.146107938140631,20.01005928118768,54.47878255072777
global,unrelated,20,1,1,EXECUTE,published_after_gate_recheck,15.866497065871954,4.512264858931303,20.01005928118768,54.47878255072777
global,unrelated,20,2,1,EXECUTE,published_after_gate_recheck,15.043512918055058,4.286542069166899,20.01005928118768,54.47878255072777
global,unrelated,20,3,1,EXECUTE,published_after_gate_recheck,19.371672999113798,4.435982089489698,20.01005928118768,54.47878255072777
global,unrelated,20,4,1,EXECUTE,published_after_gate_recheck,16.109092626720667,4.24586609005928,20.01005928118768,54.47878255072777
global,unrelated,20,5,1,EXECUTE,published_after_gate_recheck,14.533836860209703,3.9730039425194263,20.01005928118768,54.47878255072777
global,unrelated,20,6,1,EXECUTE,published_after_gate_recheck,16.78431872278452,4.032446071505547,20.01005928118768,54.47878255072777
global,unrelated,20,7,1,EXECUTE,published_after_gate_recheck,15.211618039757013,4.2228419333696365,20.01005928118768,54.47878255072777
global,unrelated,20,8,1,EXECUTE,published_after_gate_recheck,16.212647315114737,4.706749692559242,20.01005928118768,54.47878255072777
global,unrelated,20,9,1,EXECUTE,published_after_gate_recheck,18.637095112353563,4.221930168569088,20.01005928118768,54.47878255072777
global,unrelated,20,10,1,EXECUTE,published_after_gate_recheck,14.466519933193922,4.006155766546726,20.01005928118768,54.47878255072777
global,unrelated,20,11,1,EXECUTE,published_after_gate_recheck,14.351245015859604,4.035010002553463,20.01005928118768,54.47878255072777
global,unrelated,20,12,0,REVOKE,context_version_changed_at_publish,16.494776122272015,6.477643270045519,20.01005928118768,54.47878255072777
global,unrelated,20,13,1,EXECUTE,published_after_gate_recheck,13.926227111369371,3.732803277671337,20.01005928118768,54.47878255072777
global,unrelated,20,14,1,EXECUTE,published_after_gate_recheck,14.174954034388065,4.169692751020193,20.01005928118768,54.47878255072777
global,unrelated,20,15,1,EXECUTE,published_after_gate_recheck,14.54391609877348,4.186385311186314,20.01005928118768,54.47878255072777
global,unrelated,20,16,1,EXECUTE,published_after_gate_recheck,14.94353637099266,4.143574275076389,20.01005928118768,54.47878255072777
global,unrelated,20,17,1,EXECUTE,published_after_gate_recheck,14.195503201335669,4.022186156362295,20.01005928118768,54.47878255072777
global,unrelated,20,18,1,EXECUTE,published_after_gate_recheck,15.322376973927021,4.171847365796566,20.01005928118768,54.47878255072777
global,unrelated,20,19,1,EXECUTE,published_after_gate_recheck,19.215549807995558,4.347536247223616,20.01005928118768,54.47878255072777
global,unrelated,20,20,1,EXECUTE,published_after_gate_recheck,14.024802017956972,3.8950168527662754,20.01005928118768,54.47878255072777
global,unrelated,20,21,1,EXECUTE,published_after_gate_recheck,15.07287798449397,4.52940771356225,20.01005928118768,54.47878255072777
global,unrelated,20,22,1,EXECUTE,published_after_gate_recheck,18.88282736763358,3.9545902982354164,20.01005928118768,54.47878255072777
global,unrelated,20,23,1,EXECUTE,published_after_gate_recheck,14.516644179821014,3.9057880640029907,20.01005928118768,54.47878255072777
global,unrelated,20,24,1,EXECUTE,published_after_gate_recheck,14.348649885505438,3.8283620961010456,20.01005928118768,54.47878255072777
global,unrelated,20,25,1,EXECUTE,published_after_gate_recheck,20.9041777998209,4.712781868875027,20.01005928118768,54.47878255072777
global,unrelated,20,26,1,EXECUTE,published_after_gate_recheck,15.578648075461388,4.403300583362579,20.01005928118768,54.47878255072777
global,unrelated,20,27,1,EXECUTE,published_after_gate_recheck,14.319874811917543,4.053445067256689,20.01005928118768,54.47878255072777
global,unrelated,20,28,0,REVOKE,context_version_changed_at_publish,17.789114732295275,5.784081760793924,20.01005928118768,54.47878255072777
global,unrelated,20,29,1,EXECUTE,published_after_gate_recheck,14.727018773555756,4.188077058643103,20.01005928118768,54.47878255072777
global,unrelated,20,30,1,EXECUTE,published_after_gate_recheck,14.1945811919868,4.057423211634159,20.01005928118768,54.47878255072777
global,unrelated,20,31,1,EXECUTE,published_after_gate_recheck,13.891783077269793,3.997380379587412,20.01005928118768,54.47878255072777
global,unrelated,20,32,1,EXECUTE,published_after_gate_recheck,14.526603277772665,4.04298584908247,20.01005928118768,54.47878255072777
global,unrelated,20,33,1,EXECUTE,published_after_gate_recheck,14.561719726771116,3.795991651713848,20.01005928118768,54.47878255072777
global,unrelated,20,34,1,EXECUTE,published_after_gate_recheck,14.60489071905613,4.177396651357412,20.01005928118768,54.47878255072777
global,unrelated,20,35,1,EXECUTE,published_after_gate_recheck,15.621718019247055,3.8179527036845684,20.01005928118768,54.47878255072777
global,unrelated,20,36,1,EXECUTE,published_after_gate_recheck,16.212937887758017,3.766906913369894,20.01005928118768,54.47878255072777
global,unrelated,20,37,1,EXECUTE,published_after_gate_recheck,14.550087973475456,4.052212927490473,20.01005928118768,54.47878255072777
global,unrelated,20,38,1,EXECUTE,published_after_gate_recheck,17.86042796447873,4.134826827794313,20.01005928118768,54.47878255072777
global,unrelated,20,39,1,EXECUTE,published_after_gate_recheck,15.399140771478415,4.3591889552772045,20.01005928118768,54.47878255072777
global,unrelated,20,40,1,EXECUTE,published_after_gate_recheck,15.92114008963108,4.226880148053169,20.01005928118768,54.47878255072777
global,unrelated,20,41,0,REVOKE,context_version_changed_at_publish,16.79047103971243,6.1393678188323975,20.01005928118768,54.47878255072777
global,unrelated,20,42,1,EXECUTE,published_after_gate_recheck,16.228607390075922,4.797070287168026,20.01005928118768,54.47878255072777
global,unrelated,20,43,1,EXECUTE,published_after_gate_recheck,14.6850710734725,4.421905614435673,20.01005928118768,54.47878255072777
global,unrelated,20,44,0,REVOKE,context_version_changed_at_publish,18.19236110895872,7.28650065138936,20.01005928118768,54.47878255072777
global,unrelated,20,45,1,EXECUTE,published_after_gate_recheck,14.843327924609184,4.089261870831251,20.01005928118768,54.47878255072777
global,unrelated,20,46,1,EXECUTE,published_after_gate_recheck,15.250372234731913,4.173689987510443,20.01005928118768,54.47878255072777
global,unrelated,20,47,0,REVOKE,context_version_changed_at_publish,19.415225367993116,7.522513158619404,20.01005928118768,54.47878255072777
global,unrelated,20,48,1,EXECUTE,published_after_gate_recheck,14.95226239785552,3.9904569275677204,20.01005928118768,54.47878255072777
global,unrelated,20,49,1,EXECUTE,published_after_gate_recheck,15.502383932471275,4.904021043330431,20.01005928118768,54.47878255072777
global,unrelated,20,50,0,REVOKE,context_version_changed_at_publish,17.423237673938274,6.814395077526569,20.01005928118768,54.47878255072777
global,unrelated,20,51,1,EXECUTE,published_after_gate_recheck,16.055240761488676,4.251416306942701,20.01005928118768,54.47878255072777
global,unrelated,20,52,1,EXECUTE,published_after_gate_recheck,14.870519284158945,4.021425265818834,20.01005928118768,54.47878255072777
global,unrelated,20,53,1,EXECUTE,published_after_gate_recheck,17.106533981859684,5.280145909637213,20.01005928118768,54.47878255072777
global,unrelated,20,54,1,EXECUTE,published_after_gate_recheck,14.090856071561575,4.013709723949432,20.01005928118768,54.47878255072777
global,unrelated,20,55,1,EXECUTE,published_after_gate_recheck,15.72858914732933,4.531491082161665,20.01005928118768,54.47878255072777
global,unrelated,20,56,1,EXECUTE,published_after_gate_recheck,15.017123892903328,4.202524200081825,20.01005928118768,54.47878255072777
global,unrelated,20,57,1,EXECUTE,published_after_gate_recheck,15.984948724508286,4.792200867086649,20.01005928118768,54.47878255072777
global,unrelated,20,58,1,EXECUTE,published_after_gate_recheck,14.709997922182083,4.028307273983955,20.01005928118768,54.47878255072777
global,unrelated,20,59,1,EXECUTE,published_after_gate_recheck,14.635177329182625,4.044859204441309,20.01005928118768,54.47878255072777
global,unrelated,20,60,1,EXECUTE,published_after_gate_recheck,18.678734079003334,4.327960312366486,20.01005928118768,54.47878255072777
global,unrelated,20,61,1,EXECUTE,published_after_gate_recheck,14.106003567576408,3.523599822074175,20.01005928118768,54.47878255072777
global,unrelated,20,62,1,EXECUTE,published_after_gate_recheck,15.838274732232094,4.798562731593847,20.01005928118768,54.47878255072777
global,unrelated,20,63,1,EXECUTE,published_after_gate_recheck,15.756802167743444,4.04162285849452,20.01005928118768,54.47878255072777
global,unrelated,20,64,1,EXECUTE,published_after_gate_recheck,16.17064792662859,4.663258790969849,20.01005928118768,54.47878255072777
global,unrelated,20,65,1,EXECUTE,published_after_gate_recheck,15.67537896335125,4.699427168816328,20.01005928118768,54.47878255072777
global,unrelated,20,66,0,REVOKE,context_version_changed_at_publish,17.105923034250736,5.999385844916105,20.01005928118768,54.47878255072777
global,unrelated,20,67,1,EXECUTE,published_after_gate_recheck,18.792496994137764,7.6984828338027,20.01005928118768,54.47878255072777
global,unrelated,20,68,1,EXECUTE,published_after_gate_recheck,15.050025191158056,4.12318529561162,20.01005928118768,54.47878255072777
global,unrelated,20,69,1,EXECUTE,published_after_gate_recheck,18.35515582934022,4.078921861946583,20.01005928118768,54.47878255072777
global,unrelated,20,70,1,EXECUTE,published_after_gate_recheck,14.723033178597689,3.868888132274151,20.01005928118768,54.47878255072777
global,unrelated,20,71,1,EXECUTE,published_after_gate_recheck,13.894147239625454,3.6192801780998707,20.01005928118768,54.47878255072777
global,unrelated,20,72,0,REVOKE,context_version_changed_at_publish,17.277404200285673,6.299568805843592,20.01005928118768,54.47878255072777
global,unrelated,20,73,1,EXECUTE,published_after_gate_recheck,14.564535114914179,4.140307195484638,20.01005928118768,54.47878255072777
global,unrelated,20,74,1,EXECUTE,published_after_gate_recheck,15.254308935254812,4.021845292299986,20.01005928118768,54.47878255072777
global,unrelated,20,75,0,REVOKE,context_version_changed_at_publish,18.83838325738907,8.238346315920353,20.01005928118768,54.47878255072777
global,unrelated,20,76,1,EXECUTE,published_after_gate_recheck,19.603958819061518,8.111689239740372,20.01005928118768,54.47878255072777
global,unrelated,20,77,1,EXECUTE,published_after_gate_recheck,14.797310810536146,4.061250016093254,20.01005928118768,54.47878255072777
global,unrelated,20,78,0,REVOKE,context_version_changed_at_publish,18.992651719599962,6.494434084743261,20.01005928118768,54.47878255072777
global,unrelated,20,79,1,EXECUTE,published_after_gate_recheck,16.210222616791725,4.35678381472826,20.01005928118768,54.47878255072777
global,unrelated,20,80,1,EXECUTE,published_after_gate_recheck,14.618364628404379,4.503339063376188,20.01005928118768,54.47878255072777
global,unrelated,20,81,0,REVOKE,context_version_changed_at_publish,21.552714984863997,6.018311250954866,20.01005928118768,54.47878255072777
global,unrelated,20,82,1,EXECUTE,published_after_gate_recheck,14.58804914727807,4.172767978161573,20.01005928118768,54.47878255072777
global,unrelated,20,83,1,EXECUTE,published_after_gate_recheck,14.244834892451763,3.6735618487000465,20.01005928118768,54.47878255072777
global,unrelated,20,84,0,REVOKE,context_version_changed_at_publish,16.264243982732296,5.975441075861454,20.01005928118768,54.47878255072777
global,unrelated,20,85,1,EXECUTE,published_after_gate_recheck,14.821366872638464,4.210028797388077,20.01005928118768,54.47878255072777
global,unrelated,20,86,1,EXECUTE,published_after_gate_recheck,14.60638316348195,4.309164825826883,20.01005928118768,54.47878255072777
global,unrelated,20,87,0,REVOKE,context_version_changed_at_publish,18.571211025118828,8.243775926530361,20.01005928118768,54.47878255072777
global,unrelated,20,88,1,EXECUTE,published_after_gate_recheck,14.193608425557613,4.311117809265852,20.01005928118768,54.47878255072777
global,unrelated,20,89,1,EXECUTE,published_after_gate_recheck,14.84070299193263,4.04823524877429,20.01005928118768,54.47878255072777
global,unrelated,20,90,1,EXECUTE,published_after_gate_recheck,14.535210095345974,4.270131234079599,20.01005928118768,54.47878255072777
global,unrelated,20,91,1,EXECUTE,published_after_gate_recheck,14.80046659708023,4.32269973680377,20.01005928118768,54.47878255072777
global,unrelated,20,92,1,EXECUTE,published_after_gate_recheck,14.116554986685514,4.041712731122971,20.01005928118768,54.47878255072777
global,unrelated,20,93,1,EXECUTE,published_after_gate_recheck,14.22171201556921,4.0956540033221245,20.01005928118768,54.47878255072777
global,unrelated,20,94,1,EXECUTE,published_after_gate_recheck,18.690975848585367,4.208104684948921,20.01005928118768,54.47878255072777
global,unrelated,20,95,1,EXECUTE,published_after_gate_recheck,17.52697303891182,3.9527863264083862,20.01005928118768,54.47878255072777
global,unrelated,20,96,1,EXECUTE,published_after_gate_recheck,13.790091965347528,4.064915701746941,20.01005928118768,54.47878255072777
global,unrelated,20,97,1,EXECUTE,published_after_gate_recheck,18.54804763570428,3.8988450542092323,20.01005928118768,54.47878255072777
global,unrelated,20,98,1,EXECUTE,published_after_gate_recheck,14.696972910314798,4.370951093733311,20.01005928118768,54.47878255072777
global,unrelated,20,99,1,EXECUTE,published_after_gate_recheck,14.921975322067738,4.529738798737526,20.01005928118768,54.47878255072777
readset,unrelated,20,0,1,EXECUTE,published_after_gate_recheck,17.25059375166893,4.122714977711439,20.41766785109674,62.08847488499653
readset,unrelated,20,1,1,EXECUTE,published_after_gate_recheck,14.898020308464766,4.133324138820171,20.41766785109674,62.08847488499653
readset,unrelated,20,2,1,EXECUTE,published_after_gate_recheck,15.94447297975421,4.586413968354464,20.41766785109674,62.08847488499653
readset,unrelated,20,3,1,EXECUTE,published_after_gate_recheck,19.639987032860518,4.318792372941971,20.41766785109674,62.08847488499653
readset,unrelated,20,4,1,EXECUTE,published_after_gate_recheck,14.180233236402273,4.220298025757074,20.41766785109674,62.08847488499653
readset,unrelated,20,5,1,EXECUTE,published_after_gate_recheck,14.242381323128939,4.103878978639841,20.41766785109674,62.08847488499653
readset,unrelated,20,6,1,EXECUTE,published_after_gate_recheck,16.493172850459814,6.24788086861372,20.41766785109674,62.08847488499653
readset,unrelated,20,7,1,EXECUTE,published_after_gate_recheck,13.6709688231349,3.776795696467161,20.41766785109674,62.08847488499653
readset,unrelated,20,8,1,EXECUTE,published_after_gate_recheck,14.337618835270405,4.233482759445906,20.41766785109674,62.08847488499653
readset,unrelated,20,9,1,EXECUTE,published_after_gate_recheck,14.328883029520512,4.019871819764376,20.41766785109674,62.08847488499653
readset,unrelated,20,10,1,EXECUTE,published_after_gate_recheck,16.923590563237667,4.5929159969091415,20.41766785109674,62.08847488499653
readset,unrelated,20,11,1,EXECUTE,published_after_gate_recheck,19.327220041304827,7.2907679714262486,20.41766785109674,62.08847488499653
readset,unrelated,20,12,1,EXECUTE,published_after_gate_recheck,22.147261071950197,8.43184906989336,20.41766785109674,62.08847488499653
readset,unrelated,20,13,1,EXECUTE,published_after_gate_recheck,17.7564132027328,4.801126662641764,20.41766785109674,62.08847488499653
readset,unrelated,20,14,1,EXECUTE,published_after_gate_recheck,18.516619224101305,4.3961480259895325,20.41766785109674,62.08847488499653
readset,unrelated,20,15,1,EXECUTE,published_after_gate_recheck,18.724088091403246,4.254310857504606,20.41766785109674,62.08847488499653
readset,unrelated,20,16,1,EXECUTE,published_after_gate_recheck,16.154177021235228,4.81758825480938,20.41766785109674,62.08847488499653
readset,unrelated,20,17,1,EXECUTE,published_after_gate_recheck,19.3729056045413,4.7990139573812485,20.41766785109674,62.08847488499653
readset,unrelated,20,18,1,EXECUTE,published_after_gate_recheck,20.027734339237213,8.068728260695934,20.41766785109674,62.08847488499653
readset,unrelated,20,19,1,EXECUTE,published_after_gate_recheck,16.597689129412174,4.485845565795898,20.41766785109674,62.08847488499653
readset,unrelated,20,20,1,EXECUTE,published_after_gate_recheck,15.080913435667753,4.623575136065483,20.41766785109674,62.08847488499653
readset,unrelated,20,21,1,EXECUTE,published_after_gate_recheck,15.323379077017307,4.138274118304253,20.41766785109674,62.08847488499653
readset,unrelated,20,22,1,EXECUTE,published_after_gate_recheck,14.680231921374798,4.586054012179375,20.41766785109674,62.08847488499653
readset,unrelated,20,23,1,EXECUTE,published_after_gate_recheck,14.451693277806044,4.284969065338373,20.41766785109674,62.08847488499653
readset,unrelated,20,24,1,EXECUTE,published_after_gate_recheck,14.035622123628855,3.856866154819727,20.41766785109674,62.08847488499653
readset,unrelated,20,25,1,EXECUTE,published_after_gate_recheck,14.587939251214266,4.472621716558933,20.41766785109674,62.08847488499653
readset,unrelated,20,26,1,EXECUTE,published_after_gate_recheck,16.918571200221777,4.637501202523708,20.41766785109674,62.08847488499653
readset,unrelated,20,27,1,EXECUTE,published_after_gate_recheck,17.197815235704184,6.543165072798729,20.41766785109674,62.08847488499653
readset,unrelated,20,28,1,EXECUTE,published_after_gate_recheck,15.577285084873438,4.64627705514431,20.41766785109674,62.08847488499653
readset,unrelated,20,29,1,EXECUTE,published_after_gate_recheck,14.714195393025875,3.847719170153141,20.41766785109674,62.08847488499653
readset,unrelated,20,30,1,EXECUTE,published_after_gate_recheck,17.83390762284398,7.592515088617802,20.41766785109674,62.08847488499653
readset,unrelated,20,31,1,EXECUTE,published_after_gate_recheck,14.759019948542118,3.886822145432234,20.41766785109674,62.08847488499653
readset,unrelated,20,32,1,EXECUTE,published_after_gate_recheck,13.85771855711937,4.07332181930542,20.41766785109674,62.08847488499653
readset,unrelated,20,33,1,EXECUTE,published_after_gate_recheck,14.294387772679329,3.910847008228302,20.41766785109674,62.08847488499653
readset,unrelated,20,34,1,EXECUTE,published_after_gate_recheck,13.751489110291004,3.881842829287052,20.41766785109674,62.08847488499653
readset,unrelated,20,35,1,EXECUTE,published_after_gate_recheck,14.649825170636177,4.130890127271414,20.41766785109674,62.08847488499653
readset,unrelated,20,36,1,EXECUTE,published_after_gate_recheck,15.572324860841036,4.651275929063559,20.41766785109674,62.08847488499653
readset,unrelated,20,37,1,EXECUTE,published_after_gate_recheck,15.755809377878904,4.111683927476406,20.41766785109674,62.08847488499653
readset,unrelated,20,38,1,EXECUTE,published_after_gate_recheck,14.965758193284273,4.176154732704163,20.41766785109674,62.08847488499653
readset,unrelated,20,39,1,EXECUTE,published_after_gate_recheck,15.711998101323843,4.286963026970625,20.41766785109674,62.08847488499653
readset,unrelated,20,40,1,EXECUTE,published_after_gate_recheck,17.484994139522314,6.266857031732798,20.41766785109674,62.08847488499653
readset,unrelated,20,41,1,EXECUTE,published_after_gate_recheck,14.665124006569386,4.113016650080681,20.41766785109674,62.08847488499653
readset,unrelated,20,42,1,EXECUTE,published_after_gate_recheck,13.764905277639627,4.325134679675102,20.41766785109674,62.08847488499653
readset,unrelated,20,43,1,EXECUTE,published_after_gate_recheck,14.648993033915758,4.217131063342094,20.41766785109674,62.08847488499653
readset,unrelated,20,44,1,EXECUTE,published_after_gate_recheck,15.003598295152187,4.010925069451332,20.41766785109674,62.08847488499653
readset,unrelated,20,45,1,EXECUTE,published_after_gate_recheck,14.907108154147863,4.272355232387781,20.41766785109674,62.08847488499653
readset,unrelated,20,46,1,EXECUTE,published_after_gate_recheck,13.566702138632536,3.7880069576203823,20.41766785109674,62.08847488499653
readset,unrelated,20,47,1,EXECUTE,published_after_gate_recheck,15.61539713293314,4.101454745978117,20.41766785109674,62.08847488499653
readset,unrelated,20,48,1,EXECUTE,published_after_gate_recheck,15.25302603840828,4.533004947006702,20.41766785109674,62.08847488499653
readset,unrelated,20,49,1,EXECUTE,published_after_gate_recheck,17.14995503425598,4.731586668640375,20.41766785109674,62.08847488499653
readset,unrelated,20,50,1,EXECUTE,published_after_gate_recheck,16.14310685545206,4.229464568197727,20.41766785109674,62.08847488499653
readset,unrelated,20,51,1,EXECUTE,published_after_gate_recheck,14.406408183276653,4.1675991378724575,20.41766785109674,62.08847488499653
readset,unrelated,20,52,1,EXECUTE,published_after_gate_recheck,15.058531891554594,4.445099271833897,20.41766785109674,62.08847488499653
readset,unrelated,20,53,1,EXECUTE,published_after_gate_recheck,18.333625979721546,7.973689120262861,20.41766785109674,62.08847488499653
readset,unrelated,20,54,1,EXECUTE,published_after_gate_recheck,15.512443147599697,4.020533058792353,20.41766785109674,62.08847488499653
readset,unrelated,20,55,1,EXECUTE,published_after_gate_recheck,14.870849438011646,3.925505094230175,20.41766785109674,62.08847488499653
readset,unrelated,20,56,1,EXECUTE,published_after_gate_recheck,18.45316030085087,8.052066899836063,20.41766785109674,62.08847488499653
readset,unrelated,20,57,1,EXECUTE,published_after_gate_recheck,15.433505177497864,4.370839800685644,20.41766785109674,62.08847488499653
readset,unrelated,20,58,1,EXECUTE,published_after_gate_recheck,14.996054116636515,4.019870888441801,20.41766785109674,62.08847488499653
readset,unrelated,20,59,1,EXECUTE,published_after_gate_recheck,15.23552369326353,4.615329205989838,20.41766785109674,62.08847488499653
readset,unrelated,20,60,1,EXECUTE,published_after_gate_recheck,14.68583196401596,4.220919217914343,20.41766785109674,62.08847488499653
readset,unrelated,20,61,1,EXECUTE,published_after_gate_recheck,14.525771606713533,4.164292011409998,20.41766785109674,62.08847488499653
readset,unrelated,20,62,1,EXECUTE,published_after_gate_recheck,15.23456210270524,4.226949997246265,20.41766785109674,62.08847488499653
readset,unrelated,20,63,1,EXECUTE,published_after_gate_recheck,14.193579088896513,3.9749168790876865,20.41766785109674,62.08847488499653
readset,unrelated,20,64,1,EXECUTE,published_after_gate_recheck,15.5552439391613,4.651407245546579,20.41766785109674,62.08847488499653
readset,unrelated,20,65,1,EXECUTE,published_after_gate_recheck,14.328511897474527,3.743052016943693,20.41766785109674,62.08847488499653
readset,unrelated,20,66,1,EXECUTE,published_after_gate_recheck,17.919268924742937,7.383762858808041,20.41766785109674,62.08847488499653
readset,unrelated,20,67,1,EXECUTE,published_after_gate_recheck,14.98837023973465,4.086706787347794,20.41766785109674,62.08847488499653
readset,unrelated,20,68,1,EXECUTE,published_after_gate_recheck,15.55962162092328,4.218013025820255,20.41766785109674,62.08847488499653
readset,unrelated,20,69,1,EXECUTE,published_after_gate_recheck,17.67312688753009,6.4477170817554,20.41766785109674,62.08847488499653
readset,unrelated,20,70,1,EXECUTE,published_after_gate_recheck,14.170716051012278,4.083711188286543,20.41766785109674,62.08847488499653
readset,unrelated,20,71,1,EXECUTE,published_after_gate_recheck,18.364032730460167,4.673398099839687,20.41766785109674,62.08847488499653
readset,unrelated,20,72,1,EXECUTE,published_after_gate_recheck,17.082769889384508,6.805467884987593,20.41766785109674,62.08847488499653
readset,unrelated,20,73,1,EXECUTE,published_after_gate_recheck,15.676381066441536,4.497036803513765,20.41766785109674,62.08847488499653
readset,unrelated,20,74,1,EXECUTE,published_after_gate_recheck,16.031356062740088,4.035751800984144,20.41766785109674,62.08847488499653
readset,unrelated,20,75,1,EXECUTE,published_after_gate_recheck,17.49640516936779,6.431857123970985,20.41766785109674,62.08847488499653
readset,unrelated,20,76,1,EXECUTE,published_after_gate_recheck,16.340075992047787,4.536009859293699,20.41766785109674,62.08847488499653
readset,unrelated,20,77,1,EXECUTE,published_after_gate_recheck,14.334453735500574,4.051951225847006,20.41766785109674,62.08847488499653
readset,unrelated,20,78,1,EXECUTE,published_after_gate_recheck,19.439271185547113,8.404568303376436,20.41766785109674,62.08847488499653
readset,unrelated,20,79,1,EXECUTE,published_after_gate_recheck,15.136627946048975,4.64061601087451,20.41766785109674,62.08847488499653
readset,unrelated,20,80,1,EXECUTE,published_after_gate_recheck,15.039235819131136,4.324043169617653,20.41766785109674,62.08847488499653
readset,unrelated,20,81,1,EXECUTE,published_after_gate_recheck,19.439060240983963,8.656641002744436,20.41766785109674,62.08847488499653
readset,unrelated,20,82,1,EXECUTE,published_after_gate_recheck,14.388745184987783,4.3069408275187016,20.41766785109674,62.08847488499653
readset,unrelated,20,83,1,EXECUTE,published_after_gate_recheck,15.074200928211212,3.9687459357082844,20.41766785109674,62.08847488499653
readset,unrelated,20,84,1,EXECUTE,published_after_gate_recheck,16.230831388384104,5.283632781356573,20.41766785109674,62.08847488499653
readset,unrelated,20,85,1,EXECUTE,published_after_gate_recheck,16.85688504949212,4.475215915590525,20.41766785109674,62.08847488499653
readset,unrelated,20,86,1,EXECUTE,published_after_gate_recheck,16.254255082458258,4.299265798181295,20.41766785109674,62.08847488499653
readset,unrelated,20,87,1,EXECUTE,published_after_gate_recheck,20.42292570695281,8.68426263332367,20.41766785109674,62.08847488499653
readset,unrelated,20,88,1,EXECUTE,published_after_gate_recheck,15.375735703855753,4.379265941679478,20.41766785109674,62.08847488499653
readset,unrelated,20,89,1,EXECUTE,published_after_gate_recheck,16.011289786547422,4.422427155077457,20.41766785109674,62.08847488499653
readset,unrelated,20,90,1,EXECUTE,published_after_gate_recheck,19.181988202035427,9.431885089725256,20.41766785109674,62.08847488499653
readset,unrelated,20,91,1,EXECUTE,published_after_gate_recheck,14.100725296884775,3.949529957026243,20.41766785109674,62.08847488499653
readset,unrelated,20,92,1,EXECUTE,published_after_gate_recheck,15.080763027071953,4.219856578856707,20.41766785109674,62.08847488499653
readset,unrelated,20,93,1,EXECUTE,published_after_gate_recheck,14.88540694117546,4.224075004458427,20.41766785109674,62.08847488499653
readset,unrelated,20,94,1,EXECUTE,published_after_gate_recheck,14.946470968425274,4.532664082944393,20.41766785109674,62.08847488499653
readset,unrelated,20,95,1,EXECUTE,published_after_gate_recheck,16.025676857680082,4.255184438079596,20.41766785109674,62.08847488499653
readset,unrelated,20,96,1,EXECUTE,published_after_gate_recheck,15.306166373193264,3.986549098044634,20.41766785109674,62.08847488499653
readset,unrelated,20,97,1,EXECUTE,published_after_gate_recheck,19.795086700469255,4.067680798470974,20.41766785109674,62.08847488499653
readset,unrelated,20,98,1,EXECUTE,published_after_gate_recheck,18.43676995486021,4.292882978916168,20.41766785109674,62.08847488499653
readset,unrelated,20,99,1,EXECUTE,published_after_gate_recheck,18.08234490454197,7.290658075362444,20.41766785109674,62.08847488499653
global,related_same,20,0,1,EXECUTE,published_after_gate_recheck,16.582279931753874,4.4601378031075,20.28371059299874,55.930487739376225
global,related_same,20,1,1,EXECUTE,published_after_gate_recheck,14.44361824542284,3.9271079003810883,20.28371059299874,55.930487739376225
global,related_same,20,2,1,EXECUTE,published_after_gate_recheck,16.506207641214132,4.547100979834795,20.28371059299874,55.930487739376225
global,related_same,20,3,1,EXECUTE,published_after_gate_recheck,19.455451052635908,4.292602650821209,20.28371059299874,55.930487739376225
global,related_same,20,4,1,EXECUTE,published_after_gate_recheck,14.788454864174128,4.261465277522802,20.28371059299874,55.930487739376225
global,related_same,20,5,1,EXECUTE,published_after_gate_recheck,16.431257128715515,4.513998981565237,20.28371059299874,55.930487739376225
global,related_same,20,6,1,EXECUTE,published_after_gate_recheck,18.978295847773552,4.051621071994305,20.28371059299874,55.930487739376225
global,related_same,20,7,1,EXECUTE,published_after_gate_recheck,14.564425218850374,4.250484053045511,20.28371059299874,55.930487739376225
global,related_same,20,8,1,EXECUTE,published_after_gate_recheck,14.356344006955624,3.7987572140991688,20.28371059299874,55.930487739376225
global,related_same,20,9,0,REVOKE,context_version_changed_at_publish,16.738484147936106,6.007030140608549,20.28371059299874,55.930487739376225
global,related_same,20,10,1,EXECUTE,published_after_gate_recheck,14.473324175924063,4.132463131099939,20.28371059299874,55.930487739376225
global,related_same,20,11,1,EXECUTE,published_after_gate_recheck,13.480962254106998,3.8065919652581215,20.28371059299874,55.930487739376225
global,related_same,20,12,0,REVOKE,context_version_changed_at_publish,20.915380213409662,8.694912306964397,20.28371059299874,55.930487739376225
global,related_same,20,13,1,EXECUTE,published_after_gate_recheck,14.998077880591154,4.365699831396341,20.28371059299874,55.930487739376225
global,related_same,20,14,1,EXECUTE,published_after_gate_recheck,14.817520044744015,4.068953916430473,20.28371059299874,55.930487739376225
global,related_same,20,15,1,EXECUTE,published_after_gate_recheck,14.437907375395298,4.2942361906170845,20.28371059299874,55.930487739376225
global,related_same,20,16,1,EXECUTE,published_after_gate_recheck,15.491964761167765,4.352356307208538,20.28371059299874,55.930487739376225
global,related_same,20,17,1,EXECUTE,published_after_gate_recheck,14.745153952389956,4.231638740748167,20.28371059299874,55.930487739376225
global,related_same,20,18,1,EXECUTE,published_after_gate_recheck,13.71361780911684,3.567832987755537,20.28371059299874,55.930487739376225
global,related_same,20,19,1,EXECUTE,published_after_gate_recheck,15.87630482390523,3.7610861472785473,20.28371059299874,55.930487739376225
global,related_same,20,20,1,EXECUTE,published_after_gate_recheck,14.5422019995749,3.8648806512355804,20.28371059299874,55.930487739376225
global,related_same,20,21,1,EXECUTE,published_after_gate_recheck,15.56037412956357,4.030812997370958,20.28371059299874,55.930487739376225
global,related_same,20,22,0,REVOKE,context_version_changed_at_publish,16.836597118526697,6.284540984779596,20.28371059299874,55.930487739376225
global,related_same,20,23,1,EXECUTE,published_after_gate_recheck,14.82803886756301,4.364177118986845,20.28371059299874,55.930487739376225
global,related_same,20,24,1,EXECUTE,published_after_gate_recheck,14.263791032135487,4.281932953745127,20.28371059299874,55.930487739376225
global,related_same,20,25,0,REVOKE,context_version_changed_at_publish,18.451096955686808,8.14762618392706,20.28371059299874,55.930487739376225
global,related_same,20,26,1,EXECUTE,published_after_gate_recheck,14.864366967231035,4.33889077976346,20.28371059299874,55.930487739376225
global,related_same,20,27,1,EXECUTE,published_after_gate_recheck,16.703838016837835,4.096906166523695,20.28371059299874,55.930487739376225
global,related_same,20,28,0,REVOKE,context_version_changed_at_publish,19.04265582561493,8.114473894238472,20.28371059299874,55.930487739376225
global,related_same,20,29,1,EXECUTE,published_after_gate_recheck,14.505564235150814,3.755927085876465,20.28371059299874,55.930487739376225
global,related_same,20,30,1,EXECUTE,published_after_gate_recheck,14.090145006775856,3.4642289392650127,20.28371059299874,55.930487739376225
global,related_same,20,31,1,EXECUTE,published_after_gate_recheck,14.951740857213736,4.033256322145462,20.28371059299874,55.930487739376225
global,related_same,20,32,1,EXECUTE,published_after_gate_recheck,15.390774700790644,4.260231740772724,20.28371059299874,55.930487739376225
global,related_same,20,33,1,EXECUTE,published_after_gate_recheck,14.919920824468136,3.884968813508749,20.28371059299874,55.930487739376225
global,related_same,20,34,1,EXECUTE,published_after_gate_recheck,15.189687721431255,4.199197981506586,20.28371059299874,55.930487739376225
global,related_same,20,35,1,EXECUTE,published_after_gate_recheck,14.890887308865786,4.298605024814606,20.28371059299874,55.930487739376225
global,related_same,20,36,1,EXECUTE,published_after_gate_recheck,14.757166150957346,3.924874123185873,20.28371059299874,55.930487739376225
global,related_same,20,37,1,EXECUTE,published_after_gate_recheck,14.486036729067564,4.1327630169689655,20.28371059299874,55.930487739376225
global,related_same,20,38,0,REVOKE,context_version_changed_at_publish,16.17769105359912,5.743886344134808,20.28371059299874,55.930487739376225
global,related_same,20,39,1,EXECUTE,published_after_gate_recheck,15.333436895161867,4.6470589004457,20.28371059299874,55.930487739376225
global,related_same,20,40,1,EXECUTE,published_after_gate_recheck,14.840403106063604,3.987640608102083,20.28371059299874,55.930487739376225
global,related_same,20,41,1,EXECUTE,published_after_gate_recheck,14.741586986929178,4.138164222240448,20.28371059299874,55.930487739376225
global,related_same,20,42,1,EXECUTE,published_after_gate_recheck,14.884144067764282,4.380628000944853,20.28371059299874,55.930487739376225
global,related_same,20,43,1,EXECUTE,published_after_gate_recheck,14.19004239141941,4.168611019849777,20.28371059299874,55.930487739376225
global,related_same,20,44,1,EXECUTE,published_after_gate_recheck,14.671725686639547,4.150636959820986,20.28371059299874,55.930487739376225
global,related_same,20,45,1,EXECUTE,published_after_gate_recheck,17.66715571284294,4.066900350153446,20.28371059299874,55.930487739376225
global,related_same,20,46,1,EXECUTE,published_after_gate_recheck,14.629987068474293,3.93513310700655,20.28371059299874,55.930487739376225
global,related_same,20,47,1,EXECUTE,published_after_gate_recheck,16.149548813700676,4.7950660809874535,20.28371059299874,55.930487739376225
global,related_same,20,48,1,EXECUTE,published_after_gate_recheck,17.608716152608395,4.015743732452393,20.28371059299874,55.930487739376225
global,related_same,20,49,1,EXECUTE,published_after_gate_recheck,14.542343094944954,4.078411962836981,20.28371059299874,55.930487739376225
global,related_same,20,50,1,EXECUTE,published_after_gate_recheck,14.732108917087317,4.244031850248575,20.28371059299874,55.930487739376225
global,related_same,20,51,0,REVOKE,context_version_changed_at_publish,19.121063873171806,8.368720766156912,20.28371059299874,55.930487739376225
global,related_same,20,52,1,EXECUTE,published_after_gate_recheck,14.919791836291552,4.401877988129854,20.28371059299874,55.930487739376225
global,related_same,20,53,1,EXECUTE,published_after_gate_recheck,14.470548834651709,3.8842069916427135,20.28371059299874,55.930487739376225
global,related_same,20,54,0,REVOKE,context_version_changed_at_publish,17.837445251643658,6.725418381392956,20.28371059299874,55.930487739376225
global,related_same,20,55,1,EXECUTE,published_after_gate_recheck,14.339000917971134,4.227261058986187,20.28371059299874,55.930487739376225
global,related_same,20,56,1,EXECUTE,published_after_gate_recheck,16.006450168788433,4.688957240432501,20.28371059299874,55.930487739376225
global,related_same,20,57,1,EXECUTE,published_after_gate_recheck,16.787925735116005,4.729832988232374,20.28371059299874,55.930487739376225
global,related_same,20,58,1,EXECUTE,published_after_gate_recheck,14.522736892104149,3.921467810869217,20.28371059299874,55.930487739376225
global,related_same,20,59,1,EXECUTE,published_after_gate_recheck,14.517305884510279,3.6280970089137554,20.28371059299874,55.930487739376225
global,related_same,20,60,1,EXECUTE,published_after_gate_recheck,15.507955104112625,4.038507118821144,20.28371059299874,55.930487739376225
global,related_same,20,61,1,EXECUTE,published_after_gate_recheck,15.85128903388977,4.571025259792805,20.28371059299874,55.930487739376225
global,related_same,20,62,1,EXECUTE,published_after_gate_recheck,15.877446625381708,4.468713887035847,20.28371059299874,55.930487739376225
global,related_same,20,63,1,EXECUTE,published_after_gate_recheck,14.50752792879939,3.812924027442932,20.28371059299874,55.930487739376225
global,related_same,20,64,1,EXECUTE,published_after_gate_recheck,15.935045666992664,4.690279718488455,20.28371059299874,55.930487739376225
global,related_same,20,65,1,EXECUTE,published_after_gate_recheck,14.952662866562605,4.095633048564196,20.28371059299874,55.930487739376225
global,related_same,20,66,1,EXECUTE,published_after_gate_recheck,16.608609352260828,4.761312156915665,20.28371059299874,55.930487739376225
global,related_same,20,67,1,EXECUTE,published_after_gate_recheck,18.832962960004807,4.525700118392706,20.28371059299874,55.930487739376225
global,related_same,20,68,1,EXECUTE,published_after_gate_recheck,16.262279823422432,4.404954146593809,20.28371059299874,55.930487739376225
global,related_same,20,69,1,EXECUTE,published_after_gate_recheck,15.930518042296171,4.063202999532223,20.28371059299874,55.930487739376225
global,related_same,20,70,1,EXECUTE,published_after_gate_recheck,17.08532404154539,4.716518800705671,20.28371059299874,55.930487739376225
global,related_same,20,71,1,EXECUTE,published_after_gate_recheck,14.315177220851183,4.092749208211899,20.28371059299874,55.930487739376225
global,related_same,20,72,1,EXECUTE,published_after_gate_recheck,14.39775200560689,3.9128409698605537,20.28371059299874,55.930487739376225
global,related_same,20,73,1,EXECUTE,published_after_gate_recheck,20.171322859823704,4.564122762531042,20.28371059299874,55.930487739376225
global,related_same,20,74,1,EXECUTE,published_after_gate_recheck,13.461124151945114,3.8035959005355835,20.28371059299874,55.930487739376225
global,related_same,20,75,1,EXECUTE,published_after_gate_recheck,14.87262174487114,4.5473407953977585,20.28371059299874,55.930487739376225
global,related_same,20,76,0,REVOKE,context_version_changed_at_publish,17.283065244555473,6.933958735316992,20.28371059299874,55.930487739376225
global,related_same,20,77,1,EXECUTE,published_after_gate_recheck,15.919537283480167,4.187054932117462,20.28371059299874,55.930487739376225
global,related_same,20,78,1,EXECUTE,published_after_gate_recheck,14.731178060173988,3.915105015039444,20.28371059299874,55.930487739376225
global,related_same,20,79,1,EXECUTE,published_after_gate_recheck,15.172314830124378,4.597386345267296,20.28371059299874,55.930487739376225
global,related_same,20,80,1,EXECUTE,published_after_gate_recheck,15.390243846923113,4.269830882549286,20.28371059299874,55.930487739376225
global,related_same,20,81,1,EXECUTE,published_after_gate_recheck,14.914561994373798,4.615249112248421,20.28371059299874,55.930487739376225
global,related_same,20,82,1,EXECUTE,published_after_gate_recheck,14.948354568332434,4.233102314174175,20.28371059299874,55.930487739376225
global,related_same,20,83,1,EXECUTE,published_after_gate_recheck,15.235242899507284,4.060567822307348,20.28371059299874,55.930487739376225
global,related_same,20,84,1,EXECUTE,published_after_gate_recheck,15.98125183954835,4.396518226712942,20.28371059299874,55.930487739376225
global,related_same,20,85,1,EXECUTE,published_after_gate_recheck,14.874035026878119,3.8809911347925663,20.28371059299874,55.930487739376225
global,related_same,20,86,1,EXECUTE,published_after_gate_recheck,16.408134251832962,4.11706417798996,20.28371059299874,55.930487739376225
global,related_same,20,87,1,EXECUTE,published_after_gate_recheck,14.170103706419468,4.114328883588314,20.28371059299874,55.930487739376225
global,related_same,20,88,1,EXECUTE,published_after_gate_recheck,14.256186783313751,3.6887801252305508,20.28371059299874,55.930487739376225
global,related_same,20,89,0,REVOKE,context_version_changed_at_publish,16.722563188523054,5.6929499842226505,20.28371059299874,55.930487739376225
global,related_same,20,90,1,EXECUTE,published_after_gate_recheck,14.231700915843248,4.179371055215597,20.28371059299874,55.930487739376225
global,related_same,20,91,1,EXECUTE,published_after_gate_recheck,15.761049930006266,4.165975842624903,20.28371059299874,55.930487739376225
global,related_same,20,92,0,REVOKE,context_version_changed_at_publish,20.31827997416258,9.194149170070887,20.28371059299874,55.930487739376225
global,related_same,20,93,1,EXECUTE,published_after_gate_recheck,15.964542049914598,4.439399112015963,20.28371059299874,55.930487739376225
global,related_same,20,94,1,EXECUTE,published_after_gate_recheck,15.322356950491667,4.516863729804754,20.28371059299874,55.930487739376225
global,related_same,20,95,0,REVOKE,context_version_changed_at_publish,18.239079043269157,7.179990876466036,20.28371059299874,55.930487739376225
global,related_same,20,96,1,EXECUTE,published_after_gate_recheck,14.760753139853477,4.4695548713207245,20.28371059299874,55.930487739376225
global,related_same,20,97,1,EXECUTE,published_after_gate_recheck,15.604444779455662,4.522684961557388,20.28371059299874,55.930487739376225
global,related_same,20,98,1,EXECUTE,published_after_gate_recheck,14.444349333643913,4.127283114939928,20.28371059299874,55.930487739376225
global,related_same,20,99,1,EXECUTE,published_after_gate_recheck,15.08875796571374,4.236497916281223,20.28371059299874,55.930487739376225
readset,related_same,20,0,1,EXECUTE,published_after_gate_recheck,18.379701767116785,4.8652878031134605,20.251234350518555,61.52570059116002
readset,related_same,20,1,1,EXECUTE,published_after_gate_recheck,18.29295977950096,5.458931904286146,20.251234350518555,61.52570059116002
readset,related_same,20,2,1,EXECUTE,published_after_gate_recheck,16.86479104682803,4.451502114534378,20.251234350518555,61.52570059116002
readset,related_same,20,3,1,EXECUTE,published_after_gate_recheck,20.19856357946992,4.652388859540224,20.251234350518555,61.52570059116002
readset,related_same,20,4,1,EXECUTE,published_after_gate_recheck,17.92791485786438,4.599308595061302,20.251234350518555,61.52570059116002
readset,related_same,20,5,1,EXECUTE,published_after_gate_recheck,15.434276778250933,4.217823036015034,20.251234350518555,61.52570059116002
readset,related_same,20,6,1,EXECUTE,published_after_gate_recheck,14.229577034711838,3.7359087727963924,20.251234350518555,61.52570059116002
readset,related_same,20,7,1,EXECUTE,published_after_gate_recheck,16.14333689212799,4.64358227327466,20.251234350518555,61.52570059116002
readset,related_same,20,8,1,EXECUTE,published_after_gate_recheck,17.577718012034893,5.167375318706036,20.251234350518555,61.52570059116002
readset,related_same,20,9,1,EXECUTE,published_after_gate_recheck,18.441788852214813,4.664942156523466,20.251234350518555,61.52570059116002
readset,related_same,20,10,1,EXECUTE,published_after_gate_recheck,15.896885190159082,4.488620907068253,20.251234350518555,61.52570059116002
readset,related_same,20,11,1,EXECUTE,published_after_gate_recheck,18.482135143131018,4.16388176381588,20.251234350518555,61.52570059116002
readset,related_same,20,12,1,EXECUTE,published_after_gate_recheck,15.036039054393768,3.96089069545269,20.251234350518555,61.52570059116002
readset,related_same,20,13,1,EXECUTE,published_after_gate_recheck,14.688055962324142,3.7350081838667393,20.251234350518555,61.52570059116002
readset,related_same,20,14,1,EXECUTE,published_after_gate_recheck,15.462770126760006,4.458425100892782,20.251234350518555,61.52570059116002
readset,related_same,20,15,1,EXECUTE,published_after_gate_recheck,14.827137347310781,4.393312148749828,20.251234350518555,61.52570059116002
readset,related_same,20,16,1,EXECUTE,published_after_gate_recheck,15.229171141982079,4.325394984334707,20.251234350518555,61.52570059116002
readset,related_same,20,17,1,EXECUTE,published_after_gate_recheck,14.736687764525414,4.074293188750744,20.251234350518555,61.52570059116002
readset,related_same,20,18,1,EXECUTE,published_after_gate_recheck,18.73219385743141,4.28110221400857,20.251234350518555,61.52570059116002
readset,related_same,20,19,1,EXECUTE,published_after_gate_recheck,15.833416022360325,4.448315128684044,20.251234350518555,61.52570059116002
readset,related_same,20,20,1,EXECUTE,published_after_gate_recheck,15.280317980796099,4.10812720656395,20.251234350518555,61.52570059116002
readset,related_same,20,21,1,EXECUTE,published_after_gate_recheck,18.589756917208433,4.225668031722307,20.251234350518555,61.52570059116002
readset,related_same,20,22,1,EXECUTE,published_after_gate_recheck,16.415767837315798,4.838456865400076,20.251234350518555,61.52570059116002
readset,related_same,20,23,1,EXECUTE,published_after_gate_recheck,15.057470183819532,4.2718942277133465,20.251234350518555,61.52570059116002
readset,related_same,20,24,1,EXECUTE,published_after_gate_recheck,17.66202598810196,4.429509863257408,20.251234350518555,61.52570059116002
readset,related_same,20,25,1,EXECUTE,published_after_gate_recheck,15.386747196316719,4.729332868009806,20.251234350518555,61.52570059116002
readset,related_same,20,26,1,EXECUTE,published_after_gate_recheck,15.412084758281708,4.2449538595974445,20.251234350518555,61.52570059116002
readset,related_same,20,27,1,EXECUTE,published_after_gate_recheck,18.44258001074195,3.932687919586897,20.251234350518555,61.52570059116002
readset,related_same,20,28,1,EXECUTE,published_after_gate_recheck,14.570244587957859,4.3882629834115505,20.251234350518555,61.52570059116002
readset,related_same,20,29,1,EXECUTE,published_after_gate_recheck,15.776929445564747,4.415473900735378,20.251234350518555,61.52570059116002
readset,related_same,20,30,1,EXECUTE,published_after_gate_recheck,16.262550838291645,5.277199670672417,20.251234350518555,61.52570059116002
readset,related_same,20,31,1,EXECUTE,published_after_gate_recheck,14.58781911060214,3.840615041553974,20.251234350518555,61.52570059116002
readset,related_same,20,32,1,EXECUTE,published_after_gate_recheck,15.442871954292059,4.325956106185913,20.251234350518555,61.52570059116002
readset,related_same,20,33,1,EXECUTE,published_after_gate_recheck,18.848891835659742,8.40843515470624,20.251234350518555,61.52570059116002
readset,related_same,20,34,1,EXECUTE,published_after_gate_recheck,15.040948987007141,4.317509941756725,20.251234350518555,61.52570059116002
readset,related_same,20,35,1,EXECUTE,published_after_gate_recheck,14.163863379508257,3.943619318306446,20.251234350518555,61.52570059116002
readset,related_same,20,36,1,EXECUTE,published_after_gate_recheck,16.963696107268333,4.550206940621138,20.251234350518555,61.52570059116002
readset,related_same,20,37,1,EXECUTE,published_after_gate_recheck,15.146967954933643,4.0022688917815685,20.251234350518555,61.52570059116002
readset,related_same,20,38,1,EXECUTE,published_after_gate_recheck,14.214077033102512,4.114690236747265,20.251234350518555,61.52570059116002
readset,related_same,20,39,1,EXECUTE,published_after_gate_recheck,15.763002913445234,3.962503746151924,20.251234350518555,61.52570059116002
readset,related_same,20,40,1,EXECUTE,published_after_gate_recheck,13.523040805011988,3.801472019404173,20.251234350518555,61.52570059116002
readset,related_same,20,41,1,EXECUTE,published_after_gate_recheck,15.830419957637787,4.4563207775354385,20.251234350518555,61.52570059116002
readset,related_same,20,42,1,EXECUTE,published_after_gate_recheck,16.218428034335375,3.976420033723116,20.251234350518555,61.52570059116002
readset,related_same,20,43,1,EXECUTE,published_after_gate_recheck,17.768546007573605,4.313652869313955,20.251234350518555,61.52570059116002
readset,related_same,20,44,1,EXECUTE,published_after_gate_recheck,14.136292040348053,3.8810311816632748,20.251234350518555,61.52570059116002
readset,related_same,20,45,1,EXECUTE,published_after_gate_recheck,14.345213770866394,4.261034075170755,20.251234350518555,61.52570059116002
readset,related_same,20,46,1,EXECUTE,published_after_gate_recheck,19.766053184866905,8.42321291565895,20.251234350518555,61.52570059116002
readset,related_same,20,47,1,EXECUTE,published_after_gate_recheck,16.66674902662635,4.596743732690811,20.251234350518555,61.52570059116002
readset,related_same,20,48,1,EXECUTE,published_after_gate_recheck,15.757994260638952,4.30407514795661,20.251234350518555,61.52570059116002
readset,related_same,20,49,1,EXECUTE,published_after_gate_recheck,19.065227825194597,4.471147898584604,20.251234350518555,61.52570059116002
readset,related_same,20,50,1,EXECUTE,published_after_gate_recheck,15.41614206507802,4.099530633538961,20.251234350518555,61.52570059116002
readset,related_same,20,51,1,EXECUTE,published_after_gate_recheck,15.77705005183816,4.756262991577387,20.251234350518555,61.52570059116002
readset,related_same,20,52,1,EXECUTE,published_after_gate_recheck,18.40401766821742,4.385246895253658,20.251234350518555,61.52570059116002
readset,related_same,20,53,1,EXECUTE,published_after_gate_recheck,16.69808803126216,4.896936938166618,20.251234350518555,61.52570059116002
readset,related_same,20,54,1,EXECUTE,published_after_gate_recheck,15.879421029239893,4.210480023175478,20.251234350518555,61.52570059116002
readset,related_same,20,55,1,EXECUTE,published_after_gate_recheck,16.236141324043274,4.228012636303902,20.251234350518555,61.52570059116002
readset,related_same,20,56,1,EXECUTE,published_after_gate_recheck,18.895559944212437,4.68407804146409,20.251234350518555,61.52570059116002
readset,related_same,20,57,1,EXECUTE,published_after_gate_recheck,15.441871248185635,3.857336938381195,20.251234350518555,61.52570059116002
readset,related_same,20,58,1,EXECUTE,published_after_gate_recheck,14.860068913549185,3.856835886836052,20.251234350518555,61.52570059116002
readset,related_same,20,59,1,EXECUTE,published_after_gate_recheck,14.396098908036947,3.9607412181794643,20.251234350518555,61.52570059116002
readset,related_same,20,60,1,EXECUTE,published_after_gate_recheck,15.553119126707315,4.6497127041220665,20.251234350518555,61.52570059116002
readset,related_same,20,61,1,EXECUTE,published_after_gate_recheck,18.32154393196106,4.231499042361975,20.251234350518555,61.52570059116002
readset,related_same,20,62,1,EXECUTE,published_after_gate_recheck,13.114613946527243,3.7851608358323574,20.251234350518555,61.52570059116002
readset,related_same,20,63,1,EXECUTE,published_after_gate_recheck,13.801883906126022,3.9910366758704185,20.251234350518555,61.52570059116002
readset,related_same,20,64,1,EXECUTE,published_after_gate_recheck,15.134844928979874,4.70434594899416,20.251234350518555,61.52570059116002
readset,related_same,20,65,1,EXECUTE,published_after_gate_recheck,17.577147111296654,4.6926140785217285,20.251234350518555,61.52570059116002
readset,related_same,20,66,1,EXECUTE,published_after_gate_recheck,15.987144317477942,4.787281155586243,20.251234350518555,61.52570059116002
readset,related_same,20,67,1,EXECUTE,published_after_gate_recheck,16.241852194070816,4.761373158544302,20.251234350518555,61.52570059116002
readset,related_same,20,68,1,EXECUTE,published_after_gate_recheck,15.345499850809574,3.989183809608221,20.251234350518555,61.52570059116002
readset,related_same,20,69,1,EXECUTE,published_after_gate_recheck,14.643493108451366,4.21032914891839,20.251234350518555,61.52570059116002
readset,related_same,20,70,1,EXECUTE,published_after_gate_recheck,15.182664152234793,4.342736676335335,20.251234350518555,61.52570059116002
readset,related_same,20,71,1,EXECUTE,published_after_gate_recheck,15.256011858582497,4.302351735532284,20.251234350518555,61.52570059116002
readset,related_same,20,72,1,EXECUTE,published_after_gate_recheck,14.713964890688658,4.283457063138485,20.251234350518555,61.52570059116002
readset,related_same,20,73,1,EXECUTE,published_after_gate_recheck,15.101101249456406,4.504721146076918,20.251234350518555,61.52570059116002
readset,related_same,20,74,1,EXECUTE,published_after_gate_recheck,20.192313008010387,5.147146992385387,20.251234350518555,61.52570059116002
readset,related_same,20,75,1,EXECUTE,published_after_gate_recheck,16.27214765176177,4.662667866796255,20.251234350518555,61.52570059116002
readset,related_same,20,76,1,EXECUTE,published_after_gate_recheck,15.770167112350464,4.332548007369041,20.251234350518555,61.52570059116002
readset,related_same,20,77,1,EXECUTE,published_after_gate_recheck,19.348840694874525,5.226314999163151,20.251234350518555,61.52570059116002
readset,related_same,20,78,1,EXECUTE,published_after_gate_recheck,15.300014056265354,4.078853409737349,20.251234350518555,61.52570059116002
readset,related_same,20,79,1,EXECUTE,published_after_gate_recheck,15.744587872177362,4.465738777071238,20.251234350518555,61.52570059116002
readset,related_same,20,80,1,EXECUTE,published_after_gate_recheck,17.289516981691122,4.539556801319122,20.251234350518555,61.52570059116002
readset,related_same,20,81,1,EXECUTE,published_after_gate_recheck,16.142745967954397,4.834270104765892,20.251234350518555,61.52570059116002
readset,related_same,20,82,1,EXECUTE,published_after_gate_recheck,15.04246098920703,4.095312673598528,20.251234350518555,61.52570059116002
readset,related_same,20,83,1,EXECUTE,published_after_gate_recheck,20.479080732911825,4.764277953654528,20.251234350518555,61.52570059116002
readset,related_same,20,84,1,EXECUTE,published_after_gate_recheck,16.215962823480368,4.794635344296694,20.251234350518555,61.52570059116002
readset,related_same,20,85,1,EXECUTE,published_after_gate_recheck,15.812436118721962,4.420733079314232,20.251234350518555,61.52570059116002
readset,related_same,20,86,1,EXECUTE,published_after_gate_recheck,19.585413858294487,5.337313748896122,20.251234350518555,61.52570059116002
readset,related_same,20,87,1,EXECUTE,published_after_gate_recheck,16.74927305430174,4.5212930999696255,20.251234350518555,61.52570059116002
readset,related_same,20,88,1,EXECUTE,published_after_gate_recheck,15.868631191551685,4.394093994051218,20.251234350518555,61.52570059116002
readset,related_same,20,89,1,EXECUTE,published_after_gate_recheck,16.32618997246027,4.115710966289043,20.251234350518555,61.52570059116002
readset,related_same,20,90,1,EXECUTE,published_after_gate_recheck,15.719811897724867,4.2580291628837585,20.251234350518555,61.52570059116002
readset,related_same,20,91,1,EXECUTE,published_after_gate_recheck,16.31106110289693,4.534667823463678,20.251234350518555,61.52570059116002
readset,related_same,20,92,1,EXECUTE,published_after_gate_recheck,16.338182147592306,4.708704072982073,20.251234350518555,61.52570059116002
readset,related_same,20,93,1,EXECUTE,published_after_gate_recheck,14.819081872701645,4.3402318842709064,20.251234350518555,61.52570059116002
readset,related_same,20,94,1,EXECUTE,published_after_gate_recheck,14.456040691584349,4.289708100259304,20.251234350518555,61.52570059116002
readset,related_same,20,95,1,EXECUTE,published_after_gate_recheck,17.014010809361935,4.292062018066645,20.251234350518555,61.52570059116002
readset,related_same,20,96,1,EXECUTE,published_after_gate_recheck,13.91584798693657,3.623467870056629,20.251234350518555,61.52570059116002
readset,related_same,20,97,1,EXECUTE,published_after_gate_recheck,13.739165849983692,4.344030283391476,20.251234350518555,61.52570059116002
readset,related_same,20,98,1,EXECUTE,published_after_gate_recheck,16.494555864483118,7.038544863462448,20.251234350518555,61.52570059116002
readset,related_same,20,99,1,EXECUTE,published_after_gate_recheck,14.345022849738598,4.116592928767204,20.251234350518555,61.52570059116002
global,unrelated,100,0,0,REVOKE,context_version_changed_at_publish,22.39682897925377,4.520880989730358,99.97719761075003,23.457808563292105
global,unrelated,100,1,0,REVOKE,context_version_changed_at_publish,22.4564909003675,9.062913246452808,99.97719761075003,23.457808563292105
global,unrelated,100,2,0,REVOKE,context_version_changed_at_publish,17.26284809410572,5.031690001487732,99.97719761075003,23.457808563292105
global,unrelated,100,3,0,REVOKE,context_version_changed_at_publish,20.90576197952032,9.728160686790943,99.97719761075003,23.457808563292105
global,unrelated,100,4,0,REVOKE,context_version_changed_at_publish,18.212438095360994,7.918945979326963,99.97719761075003,23.457808563292105
global,unrelated,100,5,1,EXECUTE,published_after_gate_recheck,15.464241616427898,3.8372287526726723,99.97719761075003,23.457808563292105
global,unrelated,100,6,0,REVOKE,context_version_changed_at_publish,26.705332100391388,10.305154137313366,99.97719761075003,23.457808563292105
global,unrelated,100,7,0,REVOKE,context_version_changed_at_publish,18.985229078680277,7.725683972239494,99.97719761075003,23.457808563292105
global,unrelated,100,8,0,REVOKE,context_version_changed_at_publish,19.49614705517888,8.698329329490662,99.97719761075003,23.457808563292105
global,unrelated,100,9,1,EXECUTE,published_after_gate_recheck,14.697784092277288,4.0642148815095425,99.97719761075003,23.457808563292105
global,unrelated,100,10,1,EXECUTE,published_after_gate_recheck,19.85747506842017,4.650155082345009,99.97719761075003,23.457808563292105
global,unrelated,100,11,1,EXECUTE,published_after_gate_recheck,18.97750422358513,4.670541733503342,99.97719761075003,23.457808563292105
global,unrelated,100,12,1,EXECUTE,published_after_gate_recheck,19.649724941700697,4.053675103932619,99.97719761075003,23.457808563292105
global,unrelated,100,13,0,REVOKE,context_version_changed_at_publish,18.10904499143362,6.2286145985126495,99.97719761075003,23.457808563292105
global,unrelated,100,14,0,REVOKE,context_version_changed_at_publish,18.217477947473526,6.991066038608551,99.97719761075003,23.457808563292105
global,unrelated,100,15,1,EXECUTE,published_after_gate_recheck,17.189009115099907,4.281242378056049,99.97719761075003,23.457808563292105
global,unrelated,100,16,1,EXECUTE,published_after_gate_recheck,16.658172942698002,4.13989694789052,99.97719761075003,23.457808563292105
global,unrelated,100,17,0,REVOKE,context_version_changed_at_publish,18.00431776791811,6.528628058731556,99.97719761075003,23.457808563292105
global,unrelated,100,18,0,REVOKE,context_version_changed_at_publish,18.437931314110756,7.17122433707118,99.97719761075003,23.457808563292105
global,unrelated,100,19,1,EXECUTE,published_after_gate_recheck,15.065756160765886,4.263067618012428,99.97719761075003,23.457808563292105
global,unrelated,100,20,1,EXECUTE,published_after_gate_recheck,19.912729039788246,4.568220116198063,99.97719761075003,23.457808563292105
global,unrelated,100,21,0,REVOKE,context_version_changed_at_publish,22.86752313375473,6.510363891720772,99.97719761075003,23.457808563292105
global,unrelated,100,22,0,REVOKE,context_version_changed_at_publish,25.601482018828392,10.095841251313686,99.97719761075003,23.457808563292105
global,unrelated,100,23,0,REVOKE,context_version_changed_at_publish,19.967711996287107,6.42370106652379,99.97719761075003,23.457808563292105
global,unrelated,100,24,0,REVOKE,context_version_changed_at_publish,29.547083657234907,11.457996908575296,99.97719761075003,23.457808563292105
global,unrelated,100,25,0,REVOKE,context_version_changed_at_publish,18.276118207722902,6.613728124648333,99.97719761075003,23.457808563292105
global,unrelated,100,26,0,REVOKE,context_version_changed_at_publish,18.475441727787256,6.72799302265048,99.97719761075003,23.457808563292105
global,unrelated,100,27,0,REVOKE,context_version_changed_at_publish,19.3061800673604,7.814670912921429,99.97719761075003,23.457808563292105
global,unrelated,100,28,0,REVOKE,context_version_changed_at_publish,19.468415062874556,8.225430734455585,99.97719761075003,23.457808563292105
global,unrelated,100,29,0,REVOKE,context_version_changed_at_publish,21.50159887969494,9.471480268985033,99.97719761075003,23.457808563292105
global,unrelated,100,30,0,REVOKE,context_version_changed_at_publish,19.026565831154585,6.865279749035835,99.97719761075003,23.457808563292105
global,unrelated,100,31,0,REVOKE,context_version_changed_at_publish,20.004621241241693,9.739322122186422,99.97719761075003,23.457808563292105
global,unrelated,100,32,0,REVOKE,context_version_changed_at_publish,18.160040955990553,5.447530187666416,99.97719761075003,23.457808563292105
global,unrelated,100,33,1,EXECUTE,published_after_gate_recheck,16.796402167528868,4.433396738022566,99.97719761075003,23.457808563292105
global,unrelated,100,34,0,REVOKE,context_version_changed_at_publish,17.326577100902796,5.936727859079838,99.97719761075003,23.457808563292105
global,unrelated,100,35,0,REVOKE,context_version_changed_at_publish,18.622838892042637,6.584242917597294,99.97719761075003,23.457808563292105
global,unrelated,100,36,0,REVOKE,context_version_changed_at_publish,19.04434012249112,8.070561103522778,99.97719761075003,23.457808563292105
global,unrelated,100,37,0,REVOKE,context_version_changed_at_publish,19.75373039022088,8.294341154396534,99.97719761075003,23.457808563292105
global,unrelated,100,38,0,REVOKE,context_version_changed_at_publish,20.501313265413046,9.199288673698902,99.97719761075003,23.457808563292105
global,unrelated,100,39,0,REVOKE,context_version_changed_at_publish,18.638368230313063,7.784264162182808,99.97719761075003,23.457808563292105
global,unrelated,100,40,1,EXECUTE,published_after_gate_recheck,15.595127828419209,4.7654202207922935,99.97719761075003,23.457808563292105
global,unrelated,100,41,1,EXECUTE,published_after_gate_recheck,19.28707491606474,4.522183910012245,99.97719761075003,23.457808563292105
global,unrelated,100,42,0,REVOKE,context_version_changed_at_publish,25.877107866108418,9.68499993905425,99.97719761075003,23.457808563292105
global,unrelated,100,43,0,REVOKE,context_version_changed_at_publish,18.468058202415705,7.074552588164806,99.97719761075003,23.457808563292105
global,unrelated,100,44,1,EXECUTE,published_after_gate_recheck,14.785108622163534,4.287804011255503,99.97719761075003,23.457808563292105
global,unrelated,100,45,1,EXECUTE,published_after_gate_recheck,20.63110563904047,4.5164041221141815,99.97719761075003,23.457808563292105
global,unrelated,100,46,1,EXECUTE,published_after_gate_recheck,19.642130006104708,4.823870025575161,99.97719761075003,23.457808563292105
global,unrelated,100,47,1,EXECUTE,published_after_gate_recheck,17.952220048755407,4.60760435089469,99.97719761075003,23.457808563292105
global,unrelated,100,48,0,REVOKE,context_version_changed_at_publish,17.515842337161303,5.853080656379461,99.97719761075003,23.457808563292105
global,unrelated,100,49,1,EXECUTE,published_after_gate_recheck,14.484714716672897,4.717670846730471,99.97719761075003,23.457808563292105
global,unrelated,100,50,1,EXECUTE,published_after_gate_recheck,17.913418356329203,4.17238799855113,99.97719761075003,23.457808563292105
global,unrelated,100,51,0,REVOKE,context_version_changed_at_publish,18.041667994111776,5.470152944326401,99.97719761075003,23.457808563292105
global,unrelated,100,52,0,REVOKE,context_version_changed_at_publish,18.945252988487482,7.32043432071805,99.97719761075003,23.457808563292105
global,unrelated,100,53,1,EXECUTE,published_after_gate_recheck,14.718352816998959,4.3344516307115555,99.97719761075003,23.457808563292105
global,unrelated,100,54,1,EXECUTE,published_after_gate_recheck,20.519807934761047,4.776600748300552,99.97719761075003,23.457808563292105
global,unrelated,100,55,1,EXECUTE,published_after_gate_recheck,19.08216066658497,4.526491742581129,99.97719761075003,23.457808563292105
global,unrelated,100,56,1,EXECUTE,published_after_gate_recheck,17.67144398763776,4.161987919360399,99.97719761075003,23.457808563292105
global,unrelated,100,57,0,REVOKE,context_version_changed_at_publish,17.90536195039749,7.269117049872875,99.97719761075003,23.457808563292105
global,unrelated,100,58,0,REVOKE,context_version_changed_at_publish,18.564028199762106,7.600069046020508,99.97719761075003,23.457808563292105
global,unrelated,100,59,1,EXECUTE,published_after_gate_recheck,15.553499571979046,4.518187139183283,99.97719761075003,23.457808563292105
global,unrelated,100,60,1,EXECUTE,published_after_gate_recheck,20.78694896772504,4.819472320377827,99.97719761075003,23.457808563292105
global,unrelated,100,61,1,EXECUTE,published_after_gate_recheck,17.324713058769703,4.048124887049198,99.97719761075003,23.457808563292105
global,unrelated,100,62,0,REVOKE,context_version_changed_at_publish,17.819521017372608,5.724730901420116,99.97719761075003,23.457808563292105
global,unrelated,100,63,0,REVOKE,context_version_changed_at_publish,19.207374658435583,8.093503769487143,99.97719761075003,23.457808563292105
global,unrelated,100,64,1,EXECUTE,published_after_gate_recheck,14.748860150575638,4.038145765662193,99.97719761075003,23.457808563292105
global,unrelated,100,65,1,EXECUTE,published_after_gate_recheck,19.853828009217978,4.355842247605324,99.97719761075003,23.457808563292105
global,unrelated,100,66,0,REVOKE,context_version_changed_at_publish,26.208810973912477,8.275315165519714,99.97719761075003,23.457808563292105
global,unrelated,100,67,0,REVOKE,context_version_changed_at_publish,18.491521943360567,7.001855876296759,99.97719761075003,23.457808563292105
global,unrelated,100,68,1,EXECUTE,published_after_gate_recheck,16.5001368150115,5.164109170436859,99.97719761075003,23.457808563292105
global,unrelated,100,69,1,EXECUTE,published_after_gate_recheck,18.7053638510406,4.257126711308956,99.97719761075003,23.457808563292105
global,unrelated,100,70,1,EXECUTE,published_after_gate_recheck,20.38066601380706,4.2977831326425076,99.97719761075003,23.457808563292105
global,unrelated,100,71,1,EXECUTE,published_after_gate_recheck,18.84852210059762,4.207724239677191,99.97719761075003,23.457808563292105
global,unrelated,100,72,0,REVOKE,context_version_changed_at_publish,26.539471000432968,9.233182296156883,99.97719761075003,23.457808563292105
global,unrelated,100,73,1,EXECUTE,published_after_gate_recheck,14.630177989602089,4.118937999010086,99.97719761075003,23.457808563292105
global,unrelated,100,74,1,EXECUTE,published_after_gate_recheck,18.86322908103466,3.9774319157004356,99.97719761075003,23.457808563292105
global,unrelated,100,75,0,REVOKE,context_version_changed_at_publish,16.59924164414406,6.102059036493301,99.97719761075003,23.457808563292105
global,unrelated,100,76,0,REVOKE,context_version_changed_at_publish,18.18942604586482,7.428677286952734,99.97719761075003,23.457808563292105
global,unrelated,100,77,0,REVOKE,context_version_changed_at_publish,21.042929030954838,8.483286015689373,99.97719761075003,23.457808563292105
global,unrelated,100,78,0,REVOKE,context_version_changed_at_publish,19.28043318912387,7.36818416044116,99.97719761075003,23.457808563292105
global,unrelated,100,79,0,REVOKE,context_version_changed_at_publish,18.9929218031466,7.446249946951866,99.97719761075003,23.457808563292105
global,unrelated,100,80,1,EXECUTE,published_after_gate_recheck,16.778829973191023,4.755973350256681,99.97719761075003,23.457808563292105
global,unrelated,100,81,1,EXECUTE,published_after_gate_recheck,18.65265518426895,4.136731382459402,99.97719761075003,23.457808563292105
global,unrelated,100,82,0,REVOKE,context_version_changed_at_publish,16.611566301435232,5.529884714633226,99.97719761075003,23.457808563292105
global,unrelated,100,83,0,REVOKE,context_version_changed_at_publish,19.694217946380377,8.758733049035072,99.97719761075003,23.457808563292105
global,unrelated,100,84,0,REVOKE,context_version_changed_at_publish,18.173696007579565,7.607252802699804,99.97719761075003,23.457808563292105
global,unrelated,100,85,1,EXECUTE,published_after_gate_recheck,15.101101249456406,4.211151041090488,99.97719761075003,23.457808563292105
global,unrelated,100,86,1,EXECUTE,published_after_gate_recheck,20.01825673505664,4.34720516204834,99.97719761075003,23.457808563292105
global,unrelated,100,87,1,EXECUTE,published_after_gate_recheck,21.328815259039402,4.946419969201088,99.97719761075003,23.457808563292105
global,unrelated,100,88,0,REVOKE,context_version_changed_at_publish,26.59154823049903,7.564982865005732,99.97719761075003,23.457808563292105
global,unrelated,100,89,0,REVOKE,context_version_changed_at_publish,18.813807051628828,6.446583662182093,99.97719761075003,23.457808563292105
global,unrelated,100,90,1,EXECUTE,published_after_gate_recheck,23.531438317149878,4.367093089967966,99.97719761075003,23.457808563292105
global,unrelated,100,91,1,EXECUTE,published_after_gate_recheck,19.866472110152245,4.403932951390743,99.97719761075003,23.457808563292105
global,unrelated,100,92,1,EXECUTE,published_after_gate_recheck,19.890197087079287,4.7508226707577705,99.97719761075003,23.457808563292105
global,unrelated,100,93,1,EXECUTE,published_after_gate_recheck,18.12062691897154,4.272486083209515,99.97719761075003,23.457808563292105
global,unrelated,100,94,0,REVOKE,context_version_changed_at_publish,18.640812020748854,6.2188878655433655,99.97719761075003,23.457808563292105
global,unrelated,100,95,0,REVOKE,context_version_changed_at_publish,17.731546889990568,6.837588269263506,99.97719761075003,23.457808563292105
global,unrelated,100,96,0,REVOKE,context_version_changed_at_publish,18.852890003472567,6.368969101458788,99.97719761075003,23.457808563292105
global,unrelated,100,97,1,EXECUTE,published_after_gate_recheck,16.465241089463234,4.832245875149965,99.97719761075003,23.457808563292105
global,unrelated,100,98,1,EXECUTE,published_after_gate_recheck,18.517361022531986,4.017417319118977,99.97719761075003,23.457808563292105
global,unrelated,100,99,1,EXECUTE,published_after_gate_recheck,21.189885213971138,4.404082894325256,99.97719761075003,23.457808563292105
readset,unrelated,100,0,1,EXECUTE,published_after_gate_recheck,16.88559865579009,3.9679640904068947,100.03881148769139,56.083512092651944
readset,unrelated,100,1,1,EXECUTE,published_after_gate_recheck,16.79794490337372,5.749156232923269,100.03881148769139,56.083512092651944
readset,unrelated,100,2,1,EXECUTE,published_after_gate_recheck,18.81274487823248,7.653919979929924,100.03881148769139,56.083512092651944
readset,unrelated,100,3,1,EXECUTE,published_after_gate_recheck,14.732229989022017,4.511172883212566,100.03881148769139,56.083512092651944
readset,unrelated,100,4,1,EXECUTE,published_after_gate_recheck,19.600051920861006,4.541761241853237,100.03881148769139,56.083512092651944
readset,unrelated,100,5,1,EXECUTE,published_after_gate_recheck,16.834864858537912,6.516606081277132,100.03881148769139,56.083512092651944
readset,unrelated,100,6,1,EXECUTE,published_after_gate_recheck,18.73318525031209,8.253554813563824,100.03881148769139,56.083512092651944
readset,unrelated,100,7,1,EXECUTE,published_after_gate_recheck,20.875385031104088,9.464345872402191,100.03881148769139,56.083512092651944
readset,unrelated,100,8,1,EXECUTE,published_after_gate_recheck,19.296792801469564,9.618886280804873,100.03881148769139,56.083512092651944
readset,unrelated,100,9,1,EXECUTE,published_after_gate_recheck,15.420319978147745,4.592777229845524,100.03881148769139,56.083512092651944
readset,unrelated,100,10,1,EXECUTE,published_after_gate_recheck,16.443148721009493,3.76833975315094,100.03881148769139,56.083512092651944
readset,unrelated,100,11,1,EXECUTE,published_after_gate_recheck,16.852056607604027,5.694953724741936,100.03881148769139,56.083512092651944
readset,unrelated,100,12,1,EXECUTE,published_after_gate_recheck,15.516589861363173,4.382682032883167,100.03881148769139,56.083512092651944
readset,unrelated,100,13,1,EXECUTE,published_after_gate_recheck,25.302781257778406,9.00715822353959,100.03881148769139,56.083512092651944
readset,unrelated,100,14,1,EXECUTE,published_after_gate_recheck,15.125155914574862,4.135248251259327,100.03881148769139,56.083512092651944
readset,unrelated,100,15,1,EXECUTE,published_after_gate_recheck,17.324522603303194,3.917498979717493,100.03881148769139,56.083512092651944
readset,unrelated,100,16,1,EXECUTE,published_after_gate_recheck,16.385761089622974,5.9082647785544395,100.03881148769139,56.083512092651944
readset,unrelated,100,17,1,EXECUTE,published_after_gate_recheck,15.083859208971262,4.069344140589237,100.03881148769139,56.083512092651944
readset,unrelated,100,18,1,EXECUTE,published_after_gate_recheck,19.15230229496956,3.75635689124465,100.03881148769139,56.083512092651944
readset,unrelated,100,19,1,EXECUTE,published_after_gate_recheck,17.814903054386377,6.002782844007015,100.03881148769139,56.083512092651944
readset,unrelated,100,20,1,EXECUTE,published_after_gate_recheck,20.38159780204296,7.036220747977495,100.03881148769139,56.083512092651944
readset,unrelated,100,21,1,EXECUTE,published_after_gate_recheck,18.177754245698452,7.484351750463247,100.03881148769139,56.083512092651944
readset,unrelated,100,22,1,EXECUTE,published_after_gate_recheck,18.825477920472622,7.611751090735197,100.03881148769139,56.083512092651944
readset,unrelated,100,23,1,EXECUTE,published_after_gate_recheck,15.209453646093607,4.421154968440533,100.03881148769139,56.083512092651944
readset,unrelated,100,24,1,EXECUTE,published_after_gate_recheck,16.857055947184563,6.442256271839142,100.03881148769139,56.083512092651944
readset,unrelated,100,25,1,EXECUTE,published_after_gate_recheck,17.14032795280218,5.125135183334351,100.03881148769139,56.083512092651944
readset,unrelated,100,26,1,EXECUTE,published_after_gate_recheck,16.529471147805452,4.199708811938763,100.03881148769139,56.083512092651944
readset,unrelated,100,27,1,EXECUTE,published_after_gate_recheck,19.23772180452943,4.194720182567835,100.03881148769139,56.083512092651944
readset,unrelated,100,28,1,EXECUTE,published_after_gate_recheck,16.821890138089657,6.130822002887726,100.03881148769139,56.083512092651944
readset,unrelated,100,29,1,EXECUTE,published_after_gate_recheck,17.972557805478573,7.0666479878127575,100.03881148769139,56.083512092651944
readset,unrelated,100,30,1,EXECUTE,published_after_gate_recheck,15.961285680532455,4.437986295670271,100.03881148769139,56.083512092651944
readset,unrelated,100,31,1,EXECUTE,published_after_gate_recheck,23.539983667433262,8.324066642671824,100.03881148769139,56.083512092651944
readset,unrelated,100,32,1,EXECUTE,published_after_gate_recheck,16.176368575543165,4.8470329493284225,100.03881148769139,56.083512092651944
readset,unrelated,100,33,1,EXECUTE,published_after_gate_recheck,20.173497963696718,4.857023246586323,100.03881148769139,56.083512092651944
readset,unrelated,100,34,1,EXECUTE,published_after_gate_recheck,18.68213014677167,4.0113357827067375,100.03881148769139,56.083512092651944
readset,unrelated,100,35,1,EXECUTE,published_after_gate_recheck,18.650770653039217,6.753741297870874,100.03881148769139,56.083512092651944
readset,unrelated,100,36,1,EXECUTE,published_after_gate_recheck,17.50591304153204,5.907233338803053,100.03881148769139,56.083512092651944
readset,unrelated,100,37,1,EXECUTE,published_after_gate_recheck,20.184287801384926,9.647360071539879,100.03881148769139,56.083512092651944
readset,unrelated,100,38,1,EXECUTE,published_after_gate_recheck,18.99238210171461,8.355625905096531,100.03881148769139,56.083512092651944
readset,unrelated,100,39,1,EXECUTE,published_after_gate_recheck,16.050503123551607,4.8460522666573524,100.03881148769139,56.083512092651944
readset,unrelated,100,40,1,EXECUTE,published_after_gate_recheck,17.36135222017765,4.471678752452135,100.03881148769139,56.083512092651944
readset,unrelated,100,41,1,EXECUTE,published_after_gate_recheck,17.419702373445034,6.096638273447752,100.03881148769139,56.083512092651944
readset,unrelated,100,42,1,EXECUTE,published_after_gate_recheck,15.336181968450546,5.385743919759989,100.03881148769139,56.083512092651944
readset,unrelated,100,43,1,EXECUTE,published_after_gate_recheck,18.137779086828232,4.435190930962563,100.03881148769139,56.083512092651944
readset,unrelated,100,44,1,EXECUTE,published_after_gate_recheck,16.549318097531796,6.281134206801653,100.03881148769139,56.083512092651944
readset,unrelated,100,45,1,EXECUTE,published_after_gate_recheck,18.22137599810958,6.001609843224287,100.03881148769139,56.083512092651944
readset,unrelated,100,46,1,EXECUTE,published_after_gate_recheck,15.558899845927954,4.68363706022501,100.03881148769139,56.083512092651944
readset,unrelated,100,47,1,EXECUTE,published_after_gate_recheck,19.03388975188136,4.2174216359853745,100.03881148769139,56.083512092651944
readset,unrelated,100,48,1,EXECUTE,published_after_gate_recheck,19.816869404166937,4.458313807845116,100.03881148769139,56.083512092651944
readset,unrelated,100,49,1,EXECUTE,published_after_gate_recheck,16.689331270754337,6.326709873974323,100.03881148769139,56.083512092651944
readset,unrelated,100,50,1,EXECUTE,published_after_gate_recheck,19.146351143717766,7.01495073735714,100.03881148769139,56.083512092651944
readset,unrelated,100,51,1,EXECUTE,published_after_gate_recheck,18.42863392084837,7.71693792194128,100.03881148769139,56.083512092651944
readset,unrelated,100,52,1,EXECUTE,published_after_gate_recheck,20.96694614738226,9.063804987818003,100.03881148769139,56.083512092651944
readset,unrelated,100,53,1,EXECUTE,published_after_gate_recheck,19.799405708909035,8.45995219424367,100.03881148769139,56.083512092651944
readset,unrelated,100,54,1,EXECUTE,published_after_gate_recheck,14.536631759256124,4.135668743401766,100.03881148769139,56.083512092651944
readset,unrelated,100,55,1,EXECUTE,published_after_gate_recheck,17.259750980883837,6.54253363609314,100.03881148769139,56.083512092651944
readset,unrelated,100,56,1,EXECUTE,published_after_gate_recheck,17.81752798706293,7.345701102167368,100.03881148769139,56.083512092651944
readset,unrelated,100,57,1,EXECUTE,published_after_gate_recheck,15.464522875845432,4.4702161103487015,100.03881148769139,56.083512092651944
readset,unrelated,100,58,1,EXECUTE,published_after_gate_recheck,19.079154822975397,4.556057974696159,100.03881148769139,56.083512092651944
readset,unrelated,100,59,1,EXECUTE,published_after_gate_recheck,17.579060047864914,5.561745259910822,100.03881148769139,56.083512092651944
readset,unrelated,100,60,1,EXECUTE,published_after_gate_recheck,18.181220162659883,7.137821987271309,100.03881148769139,56.083512092651944
readset,unrelated,100,61,1,EXECUTE,published_after_gate_recheck,19.656628370285034,8.488144725561142,100.03881148769139,56.083512092651944
readset,unrelated,100,62,1,EXECUTE,published_after_gate_recheck,20.2536778524518,9.036131668835878,100.03881148769139,56.083512092651944
readset,unrelated,100,63,1,EXECUTE,published_after_gate_recheck,14.73960280418396,4.230906721204519,100.03881148769139,56.083512092651944
readset,unrelated,100,64,1,EXECUTE,published_after_gate_recheck,17.601191997528076,7.072228007018566,100.03881148769139,56.083512092651944
readset,unrelated,100,65,1,EXECUTE,published_after_gate_recheck,17.088830936700106,7.2478982619941235,100.03881148769139,56.083512092651944
readset,unrelated,100,66,1,EXECUTE,published_after_gate_recheck,15.194186009466648,4.3715620413422585,100.03881148769139,56.083512092651944
readset,unrelated,100,67,1,EXECUTE,published_after_gate_recheck,16.795019153505564,6.866523064672947,100.03881148769139,56.083512092651944
readset,unrelated,100,68,1,EXECUTE,published_after_gate_recheck,18.04319117218256,7.234503049403429,100.03881148769139,56.083512092651944
readset,unrelated,100,69,1,EXECUTE,published_after_gate_recheck,19.256968051195145,8.340837899595499,100.03881148769139,56.083512092651944
readset,unrelated,100,70,1,EXECUTE,published_after_gate_recheck,15.343016013503075,4.232930950820446,100.03881148769139,56.083512092651944
readset,unrelated,100,71,1,EXECUTE,published_after_gate_recheck,16.693539917469025,6.024523172527552,100.03881148769139,56.083512092651944
readset,unrelated,100,72,1,EXECUTE,published_after_gate_recheck,18.33018008619547,8.254705928266048,100.03881148769139,56.083512092651944
readset,unrelated,100,73,1,EXECUTE,published_after_gate_recheck,20.822845865041018,9.198748040944338,100.03881148769139,56.083512092651944
readset,unrelated,100,74,1,EXECUTE,published_after_gate_recheck,18.360665999352932,7.9676080495119095,100.03881148769139,56.083512092651944
readset,unrelated,100,75,1,EXECUTE,published_after_gate_recheck,15.031300019472837,4.219024907797575,100.03881148769139,56.083512092651944
readset,unrelated,100,76,1,EXECUTE,published_after_gate_recheck,17.251135781407356,6.110894028097391,100.03881148769139,56.083512092651944
readset,unrelated,100,77,1,EXECUTE,published_after_gate_recheck,17.306718975305557,7.098136935383081,100.03881148769139,56.083512092651944
readset,unrelated,100,78,1,EXECUTE,published_after_gate_recheck,14.570245053619146,4.165315069258213,100.03881148769139,56.083512092651944
readset,unrelated,100,79,1,EXECUTE,published_after_gate_recheck,16.973253805190325,6.6146403551101685,100.03881148769139,56.083512092651944
readset,unrelated,100,80,1,EXECUTE,published_after_gate_recheck,20.135336089879274,9.164123330265284,100.03881148769139,56.083512092651944
readset,unrelated,100,81,1,EXECUTE,published_after_gate_recheck,14.497017953544855,4.156577866524458,100.03881148769139,56.083512092651944
readset,unrelated,100,82,1,EXECUTE,published_after_gate_recheck,19.746527075767517,4.183828830718994,100.03881148769139,56.083512092651944
readset,unrelated,100,83,1,EXECUTE,published_after_gate_recheck,17.948202788829803,4.576806910336018,100.03881148769139,56.083512092651944
readset,unrelated,100,84,1,EXECUTE,published_after_gate_recheck,16.82478515431285,6.12176489084959,100.03881148769139,56.083512092651944
readset,unrelated,100,85,1,EXECUTE,published_after_gate_recheck,19.565836992114782,9.036923758685589,100.03881148769139,56.083512092651944
readset,unrelated,100,86,1,EXECUTE,published_after_gate_recheck,15.378561802208424,4.446872975677252,100.03881148769139,56.083512092651944
readset,unrelated,100,87,1,EXECUTE,published_after_gate_recheck,18.463049083948135,4.45395614951849,100.03881148769139,56.083512092651944
readset,unrelated,100,88,1,EXECUTE,published_after_gate_recheck,16.235249117016792,6.0066888108849525,100.03881148769139,56.083512092651944
readset,unrelated,100,89,1,EXECUTE,published_after_gate_recheck,14.612384606152773,4.440251272171736,100.03881148769139,56.083512092651944
readset,unrelated,100,90,1,EXECUTE,published_after_gate_recheck,17.40196766331792,6.620120722800493,100.03881148769139,56.083512092651944
readset,unrelated,100,91,1,EXECUTE,published_after_gate_recheck,19.28516197949648,7.5429510325193405,100.03881148769139,56.083512092651944
readset,unrelated,100,92,1,EXECUTE,published_after_gate_recheck,18.693882040679455,8.10570688918233,100.03881148769139,56.083512092651944
readset,unrelated,100,93,1,EXECUTE,published_after_gate_recheck,18.5992238111794,8.290444035083055,100.03881148769139,56.083512092651944
readset,unrelated,100,94,1,EXECUTE,published_after_gate_recheck,20.68493701517582,8.406240958720446,100.03881148769139,56.083512092651944
readset,unrelated,100,95,1,EXECUTE,published_after_gate_recheck,15.300695784389973,3.8344641216099262,100.03881148769139,56.083512092651944
readset,unrelated,100,96,1,EXECUTE,published_after_gate_recheck,23.942549247294664,8.592560887336731,100.03881148769139,56.083512092651944
readset,unrelated,100,97,1,EXECUTE,published_after_gate_recheck,14.879636000841856,3.935252781957388,100.03881148769139,56.083512092651944
readset,unrelated,100,98,1,EXECUTE,published_after_gate_recheck,18.104837276041508,6.380100268870592,100.03881148769139,56.083512092651944
readset,unrelated,100,99,1,EXECUTE,published_after_gate_recheck,17.953433096408844,6.270803976804018,100.03881148769139,56.083512092651944
global,related_same,100,0,1,EXECUTE,published_after_gate_recheck,18.28841120004654,4.69753285869956,100.00390030808047,21.304813231588195
global,related_same,100,1,1,EXECUTE,published_after_gate_recheck,20.091684069484472,4.27494989708066,100.00390030808047,21.304813231588195
global,related_same,100,2,1,EXECUTE,published_after_gate_recheck,19.71530821174383,4.551399033516645,100.00390030808047,21.304813231588195
global,related_same,100,3,1,EXECUTE,published_after_gate_recheck,19.361653830856085,4.316437989473343,100.00390030808047,21.304813231588195
global,related_same,100,4,1,EXECUTE,published_after_gate_recheck,20.088037010282278,4.526051692664623,100.00390030808047,21.304813231588195
global,related_same,100,5,1,EXECUTE,published_after_gate_recheck,20.732796750962734,5.0131152383983135,100.00390030808047,21.304813231588195
global,related_same,100,6,1,EXECUTE,published_after_gate_recheck,18.831931054592133,4.474394954741001,100.00390030808047,21.304813231588195
global,related_same,100,7,1,EXECUTE,published_after_gate_recheck,19.98078590258956,4.140066914260387,100.00390030808047,21.304813231588195
global,related_same,100,8,1,EXECUTE,published_after_gate_recheck,18.99516675621271,4.404192790389061,100.00390030808047,21.304813231588195
global,related_same,100,9,0,REVOKE,context_version_changed_at_publish,16.684532165527344,6.0439989902079105,100.00390030808047,21.304813231588195
global,related_same,100,10,0,REVOKE,context_version_changed_at_publish,18.74189218506217,8.232335094362497,100.00390030808047,21.304813231588195
global,related_same,100,11,0,REVOKE,context_version_changed_at_publish,20.876666996628046,8.574856910854578,100.00390030808047,21.304813231588195
global,related_same,100,12,0,REVOKE,context_version_changed_at_publish,19.498822279274464,8.074708748608828,100.00390030808047,21.304813231588195
global,related_same,100,13,0,REVOKE,context_version_changed_at_publish,19.292225129902363,8.02496587857604,100.00390030808047,21.304813231588195
global,related_same,100,14,0,REVOKE,context_version_changed_at_publish,20.412296056747437,8.38748598471284,100.00390030808047,21.304813231588195
global,related_same,100,15,1,EXECUTE,published_after_gate_recheck,14.358168002218008,3.801782615482807,100.00390030808047,21.304813231588195
global,related_same,100,16,0,REVOKE,context_version_changed_at_publish,17.028638161718845,6.200873758643866,100.00390030808047,21.304813231588195
global,related_same,100,17,0,REVOKE,context_version_changed_at_publish,18.700153101235628,7.775767706334591,100.00390030808047,21.304813231588195
global,related_same,100,18,1,EXECUTE,published_after_gate_recheck,16.09350321814418,4.50910022482276,100.00390030808047,21.304813231588195
global,related_same,100,19,1,EXECUTE,published_after_gate_recheck,17.659089993685484,4.281832836568356,100.00390030808047,21.304813231588195
global,related_same,100,20,0,REVOKE,context_version_changed_at_publish,17.40529527887702,6.067504175007343,100.00390030808047,21.304813231588195
global,related_same,100,21,0,REVOKE,context_version_changed_at_publish,17.844898626208305,7.109037600457668,100.00390030808047,21.304813231588195
global,related_same,100,22,1,EXECUTE,published_after_gate_recheck,15.360177960246801,4.413219168782234,100.00390030808047,21.304813231588195
global,related_same,100,23,0,REVOKE,context_version_changed_at_publish,16.419004183262587,6.452566012740135,100.00390030808047,21.304813231588195
global,related_same,100,24,0,REVOKE,context_version_changed_at_publish,18.83125025779009,6.223415024578571,100.00390030808047,21.304813231588195
global,related_same,100,25,0,REVOKE,context_version_changed_at_publish,20.193315111100674,9.038597345352173,100.00390030808047,21.304813231588195
global,related_same,100,26,1,EXECUTE,published_after_gate_recheck,14.829983003437519,4.448064602911472,100.00390030808047,21.304813231588195
global,related_same,100,27,1,EXECUTE,published_after_gate_recheck,19.571377895772457,4.4195810332894325,100.00390030808047,21.304813231588195
global,related_same,100,28,1,EXECUTE,published_after_gate_recheck,19.804636016488075,4.094562027603388,100.00390030808047,21.304813231588195
global,related_same,100,29,1,EXECUTE,published_after_gate_recheck,24.889084976166487,7.812376134097576,100.00390030808047,21.304813231588195
global,related_same,100,30,0,REVOKE,context_version_changed_at_publish,32.62767428532243,10.038462933152914,100.00390030808047,21.304813231588195
global,related_same,100,31,0,REVOKE,context_version_changed_at_publish,18.947769422084093,6.209710147231817,100.00390030808047,21.304813231588195
global,related_same,100,32,0,REVOKE,context_version_changed_at_publish,22.139346227049828,6.095225922763348,100.00390030808047,21.304813231588195
global,related_same,100,33,1,EXECUTE,published_after_gate_recheck,19.088521599769592,4.686422646045685,100.00390030808047,21.304813231588195
global,related_same,100,34,0,REVOKE,context_version_changed_at_publish,21.25611901283264,6.824132986366749,100.00390030808047,21.304813231588195
global,related_same,100,35,1,EXECUTE,published_after_gate_recheck,17.969893757253885,4.22196090221405,100.00390030808047,21.304813231588195
global,related_same,100,36,0,REVOKE,context_version_changed_at_publish,16.92622574046254,6.207296159118414,100.00390030808047,21.304813231588195
global,related_same,100,37,0,REVOKE,context_version_changed_at_publish,19.837216939777136,8.853960782289505,100.00390030808047,21.304813231588195
global,related_same,100,38,1,EXECUTE,published_after_gate_recheck,16.04759693145752,4.9071768298745155,100.00390030808047,21.304813231588195
global,related_same,100,39,0,REVOKE,context_version_changed_at_publish,23.715311661362648,9.13912570104003,100.00390030808047,21.304813231588195
global,related_same,100,40,1,EXECUTE,published_after_gate_recheck,15.242848079651594,4.56180889159441,100.00390030808047,21.304813231588195
global,related_same,100,41,0,REVOKE,context_version_changed_at_publish,17.084131948649883,6.141290999948978,100.00390030808047,21.304813231588195
global,related_same,100,42,0,REVOKE,context_version_changed_at_publish,18.72763503342867,5.749918054789305,100.00390030808047,21.304813231588195
global,related_same,100,43,0,REVOKE,context_version_changed_at_publish,19.519361201673746,7.128383032977581,100.00390030808047,21.304813231588195
global,related_same,100,44,0,REVOKE,context_version_changed_at_publish,19.244675990194082,7.780506741255522,100.00390030808047,21.304813231588195
global,related_same,100,45,0,REVOKE,context_version_changed_at_publish,21.190174855291843,9.209678042680025,100.00390030808047,21.304813231588195
global,related_same,100,46,0,REVOKE,context_version_changed_at_publish,18.142497166991234,6.100344937294722,100.00390030808047,21.304813231588195
global,related_same,100,47,0,REVOKE,context_version_changed_at_publish,21.593863144516945,8.948107715696096,100.00390030808047,21.304813231588195
global,related_same,100,48,0,REVOKE,context_version_changed_at_publish,18.16445868462324,5.879771895706654,100.00390030808047,21.304813231588195
global,related_same,100,49,1,EXECUTE,published_after_gate_recheck,17.696190159767866,5.119654815644026,100.00390030808047,21.304813231588195
global,related_same,100,50,0,REVOKE,context_version_changed_at_publish,24.387574288994074,9.74333006888628,100.00390030808047,21.304813231588195
global,related_same,100,51,0,REVOKE,context_version_changed_at_publish,19.01666773483157,7.50819593667984,100.00390030808047,21.304813231588195
global,related_same,100,52,0,REVOKE,context_version_changed_at_publish,18.229942303150892,7.586904335767031,100.00390030808047,21.304813231588195
global,related_same,100,53,1,EXECUTE,published_after_gate_recheck,15.883880201727152,4.134727641940117,100.00390030808047,21.304813231588195
global,related_same,100,54,1,EXECUTE,published_after_gate_recheck,19.62672220543027,4.564583767205477,100.00390030808047,21.304813231588195
global,related_same,100,55,0,REVOKE,context_version_changed_at_publish,15.939313918352127,5.317315924912691,100.00390030808047,21.304813231588195
global,related_same,100,56,0,REVOKE,context_version_changed_at_publish,18.860614858567715,7.9923938028514385,100.00390030808047,21.304813231588195
global,related_same,100,57,1,EXECUTE,published_after_gate_recheck,15.67683182656765,4.109018947929144,100.00390030808047,21.304813231588195
global,related_same,100,58,0,REVOKE,context_version_changed_at_publish,17.48533407226205,6.102618761360645,100.00390030808047,21.304813231588195
global,related_same,100,59,0,REVOKE,context_version_changed_at_publish,17.43239490315318,6.322090979665518,100.00390030808047,21.304813231588195
global,related_same,100,60,0,REVOKE,context_version_changed_at_publish,20.244451239705086,9.09207807853818,100.00390030808047,21.304813231588195
global,related_same,100,61,0,REVOKE,context_version_changed_at_publish,19.221993163228035,8.827210869640112,100.00390030808047,21.304813231588195
global,related_same,100,62,1,EXECUTE,published_after_gate_recheck,14.82578506693244,4.149245098233223,100.00390030808047,21.304813231588195
global,related_same,100,63,1,EXECUTE,published_after_gate_recheck,20.10606089606881,4.850148689001799,100.00390030808047,21.304813231588195
global,related_same,100,64,1,EXECUTE,published_after_gate_recheck,20.458773244172335,4.734972957521677,100.00390030808047,21.304813231588195
global,related_same,100,65,1,EXECUTE,published_after_gate_recheck,18.99747084826231,4.959604237228632,100.00390030808047,21.304813231588195
global,related_same,100,66,0,REVOKE,context_version_changed_at_publish,16.86833705753088,6.252370774745941,100.00390030808047,21.304813231588195
global,related_same,100,67,0,REVOKE,context_version_changed_at_publish,17.606172244995832,6.788275670260191,100.00390030808047,21.304813231588195
global,related_same,100,68,1,EXECUTE,published_after_gate_recheck,15.224792994558811,4.725344944745302,100.00390030808047,21.304813231588195
global,related_same,100,69,0,REVOKE,context_version_changed_at_publish,18.0439418181777,6.357608363032341,100.00390030808047,21.304813231588195
global,related_same,100,70,0,REVOKE,context_version_changed_at_publish,17.166055273264647,6.238995119929314,100.00390030808047,21.304813231588195
global,related_same,100,71,1,EXECUTE,published_after_gate_recheck,14.913439750671387,4.094893112778664,100.00390030808047,21.304813231588195
global,related_same,100,72,1,EXECUTE,published_after_gate_recheck,19.46519874036312,4.266044124960899,100.00390030808047,21.304813231588195
global,related_same,100,73,0,REVOKE,context_version_changed_at_publish,17.037734854966402,5.663424730300903,100.00390030808047,21.304813231588195
global,related_same,100,74,0,REVOKE,context_version_changed_at_publish,18.175167962908745,7.250884082168341,100.00390030808047,21.304813231588195
global,related_same,100,75,0,REVOKE,context_version_changed_at_publish,20.450478419661522,8.282769937068224,100.00390030808047,21.304813231588195
global,related_same,100,76,0,REVOKE,context_version_changed_at_publish,19.39269294962287,7.808830123394728,100.00390030808047,21.304813231588195
global,related_same,100,77,0,REVOKE,context_version_changed_at_publish,20.696157589554787,9.066499769687653,100.00390030808047,21.304813231588195
global,related_same,100,78,0,REVOKE,context_version_changed_at_publish,18.53901194408536,7.940386887639761,100.00390030808047,21.304813231588195
global,related_same,100,79,0,REVOKE,context_version_changed_at_publish,20.200188271701336,9.110954124480486,100.00390030808047,21.304813231588195
global,related_same,100,80,0,REVOKE,context_version_changed_at_publish,20.632558967918158,8.664586115628481,100.00390030808047,21.304813231588195
global,related_same,100,81,0,REVOKE,context_version_changed_at_publish,20.43349528685212,9.43946884945035,100.00390030808047,21.304813231588195
global,related_same,100,82,0,REVOKE,context_version_changed_at_publish,19.01863096281886,8.13025375828147,100.00390030808047,21.304813231588195
global,related_same,100,83,0,REVOKE,context_version_changed_at_publish,19.809134304523468,8.486101403832436,100.00390030808047,21.304813231588195
global,related_same,100,84,1,EXECUTE,published_after_gate_recheck,15.799891669303179,4.314283840358257,100.00390030808047,21.304813231588195
global,related_same,100,85,1,EXECUTE,published_after_gate_recheck,19.081709906458855,4.3724533170461655,100.00390030808047,21.304813231588195
global,related_same,100,86,0,REVOKE,context_version_changed_at_publish,16.972091980278492,5.910298321396112,100.00390030808047,21.304813231588195
global,related_same,100,87,0,REVOKE,context_version_changed_at_publish,17.701268661767244,6.175836082547903,100.00390030808047,21.304813231588195
global,related_same,100,88,1,EXECUTE,published_after_gate_recheck,15.829186886548996,4.423839971423149,100.00390030808047,21.304813231588195
global,related_same,100,89,1,EXECUTE,published_after_gate_recheck,19.022829364985228,4.780087620019913,100.00390030808047,21.304813231588195
global,related_same,100,90,0,REVOKE,context_version_changed_at_publish,16.510695684701204,6.013262085616589,100.00390030808047,21.304813231588195
global,related_same,100,91,0,REVOKE,context_version_changed_at_publish,17.508226912468672,6.54257507994771,100.00390030808047,21.304813231588195
global,related_same,100,92,1,EXECUTE,published_after_gate_recheck,16.281836666166782,4.4666798785328865,100.00390030808047,21.304813231588195
global,related_same,100,93,1,EXECUTE,published_after_gate_recheck,18.719790037721395,4.62293392047286,100.00390030808047,21.304813231588195
global,related_same,100,94,1,EXECUTE,published_after_gate_recheck,20.28420614078641,4.33780811727047,100.00390030808047,21.304813231588195
global,related_same,100,95,0,REVOKE,context_version_changed_at_publish,16.789698973298073,5.6624929420650005,100.00390030808047,21.304813231588195
global,related_same,100,96,0,REVOKE,context_version_changed_at_publish,18.021530006080866,6.982048973441124,100.00390030808047,21.304813231588195
global,related_same,100,97,0,REVOKE,context_version_changed_at_publish,20.249600987881422,8.350647054612637,100.00390030808047,21.304813231588195
global,related_same,100,98,0,REVOKE,context_version_changed_at_publish,19.462744239717722,7.857291027903557,100.00390030808047,21.304813231588195
global,related_same,100,99,1,EXECUTE,published_after_gate_recheck,15.372851397842169,4.217852838337421,100.00390030808047,21.304813231588195
readset,related_same,100,0,1,EXECUTE,published_after_gate_recheck,22.53545867279172,9.37435682862997,100.0034678436136,55.0812944384455
readset,related_same,100,1,1,EXECUTE,published_after_gate_recheck,20.5970318056643,7.288313936442137,100.0034678436136,55.0812944384455
readset,related_same,100,2,1,EXECUTE,published_after_gate_recheck,19.443547818809748,8.47327709197998,100.0034678436136,55.0812944384455
readset,related_same,100,3,1,EXECUTE,published_after_gate_recheck,13.890870846807957,3.8046068511903286,100.0034678436136,55.0812944384455
readset,related_same,100,4,1,EXECUTE,published_after_gate_recheck,20.315433852374554,4.94014797732234,100.0034678436136,55.0812944384455
readset,related_same,100,5,1,EXECUTE,published_after_gate_recheck,17.675460781902075,6.294840015470982,100.0034678436136,55.0812944384455
readset,related_same,100,6,1,EXECUTE,published_after_gate_recheck,18.547698389738798,6.060329731553793,100.0034678436136,55.0812944384455
readset,related_same,100,7,1,EXECUTE,published_after_gate_recheck,14.299989212304354,4.240695852786303,100.0034678436136,55.0812944384455
readset,related_same,100,8,1,EXECUTE,published_after_gate_recheck,24.68314813449979,9.479374624788761,100.0034678436136,55.0812944384455
readset,related_same,100,9,1,EXECUTE,published_after_gate_recheck,14.673097990453243,4.123066086322069,100.0034678436136,55.0812944384455
readset,related_same,100,10,1,EXECUTE,published_after_gate_recheck,24.89330293610692,8.206526283174753,100.0034678436136,55.0812944384455
readset,related_same,100,11,1,EXECUTE,published_after_gate_recheck,15.279876999557018,4.48423158377409,100.0034678436136,55.0812944384455
readset,related_same,100,12,1,EXECUTE,published_after_gate_recheck,23.47452100366354,8.524402044713497,100.0034678436136,55.0812944384455
readset,related_same,100,13,1,EXECUTE,published_after_gate_recheck,16.264785081148148,4.44116210564971,100.0034678436136,55.0812944384455
readset,related_same,100,14,1,EXECUTE,published_after_gate_recheck,24.554426781833172,9.62652126327157,100.0034678436136,55.0812944384455
readset,related_same,100,15,1,EXECUTE,published_after_gate_recheck,15.044115018099546,4.454858135432005,100.0034678436136,55.0812944384455
readset,related_same,100,16,1,EXECUTE,published_after_gate_recheck,23.072808049619198,7.090642116963863,100.0034678436136,55.0812944384455
readset,related_same,100,17,1,EXECUTE,published_after_gate_recheck,18.202089238911867,4.871079232543707,100.0034678436136,55.0812944384455
readset,related_same,100,18,1,EXECUTE,published_after_gate_recheck,16.795360017567873,4.174291156232357,100.0034678436136,55.0812944384455
readset,related_same,100,19,1,EXECUTE,published_after_gate_recheck,17.306749243289232,6.189332343637943,100.0034678436136,55.0812944384455
readset,related_same,100,20,1,EXECUTE,published_after_gate_recheck,14.813762158155441,4.123245365917683,100.0034678436136,55.0812944384455
readset,related_same,100,21,1,EXECUTE,published_after_gate_recheck,18.073217943310738,3.9878622628748417,100.0034678436136,55.0812944384455
readset,related_same,100,22,1,EXECUTE,published_after_gate_recheck,18.312565982341766,7.585862185806036,100.0034678436136,55.0812944384455
readset,related_same,100,23,1,EXECUTE,published_after_gate_recheck,17.590221017599106,7.144133094698191,100.0034678436136,55.0812944384455
readset,related_same,100,24,1,EXECUTE,published_after_gate_recheck,15.004349872469902,4.340393003076315,100.0034678436136,55.0812944384455
readset,related_same,100,25,1,EXECUTE,published_after_gate_recheck,16.677849926054478,5.539362784475088,100.0034678436136,55.0812944384455
readset,related_same,100,26,1,EXECUTE,published_after_gate_recheck,19.51672602444887,6.791231222450733,100.0034678436136,55.0812944384455
readset,related_same,100,27,1,EXECUTE,published_after_gate_recheck,19.6831077337265,9.381880983710289,100.0034678436136,55.0812944384455
readset,related_same,100,28,1,EXECUTE,published_after_gate_recheck,15.24793729186058,4.483290947973728,100.0034678436136,55.0812944384455
readset,related_same,100,29,1,EXECUTE,published_after_gate_recheck,26.631995104253292,9.926463011652231,100.0034678436136,55.0812944384455
readset,related_same,100,30,1,EXECUTE,published_after_gate_recheck,19.655896816402674,8.35089711472392,100.0034678436136,55.0812944384455
readset,related_same,100,31,1,EXECUTE,published_after_gate_recheck,19.06659221276641,6.499172654002905,100.0034678436136,55.0812944384455
readset,related_same,100,32,1,EXECUTE,published_after_gate_recheck,15.007015317678452,4.91920905187726,100.0034678436136,55.0812944384455
readset,related_same,100,33,1,EXECUTE,published_after_gate_recheck,18.86387076228857,4.499069880694151,100.0034678436136,55.0812944384455
readset,related_same,100,34,1,EXECUTE,published_after_gate_recheck,17.56354095414281,4.156177863478661,100.0034678436136,55.0812944384455
readset,related_same,100,35,1,EXECUTE,published_after_gate_recheck,18.75778241083026,7.767132017761469,100.0034678436136,55.0812944384455
readset,related_same,100,36,1,EXECUTE,published_after_gate_recheck,18.171501345932484,7.120668888092041,100.0034678436136,55.0812944384455
readset,related_same,100,37,1,EXECUTE,published_after_gate_recheck,16.246359795331955,4.703023005276918,100.0034678436136,55.0812944384455
readset,related_same,100,38,1,EXECUTE,published_after_gate_recheck,18.713698722422123,4.591113887727261,100.0034678436136,55.0812944384455
readset,related_same,100,39,1,EXECUTE,published_after_gate_recheck,19.949688110500574,4.36760438606143,100.0034678436136,55.0812944384455
readset,related_same,100,40,1,EXECUTE,published_after_gate_recheck,23.191871121525764,7.635515183210373,100.0034678436136,55.0812944384455
readset,related_same,100,41,1,EXECUTE,published_after_gate_recheck,15.387017745524645,3.8142059929668903,100.0034678436136,55.0812944384455
readset,related_same,100,42,1,EXECUTE,published_after_gate_recheck,17.84301595762372,5.453089717775583,100.0034678436136,55.0812944384455
readset,related_same,100,43,1,EXECUTE,published_after_gate_recheck,17.240466084331274,6.930351722985506,100.0034678436136,55.0812944384455
readset,related_same,100,44,1,EXECUTE,published_after_gate_recheck,15.698260627686977,4.26790677011013,100.0034678436136,55.0812944384455
readset,related_same,100,45,1,EXECUTE,published_after_gate_recheck,18.417153041809797,4.502838011831045,100.0034678436136,55.0812944384455
readset,related_same,100,46,1,EXECUTE,published_after_gate_recheck,17.727850005030632,6.675734184682369,100.0034678436136,55.0812944384455
readset,related_same,100,47,1,EXECUTE,published_after_gate_recheck,17.55045587196946,6.604490801692009,100.0034678436136,55.0812944384455
readset,related_same,100,48,1,EXECUTE,published_after_gate_recheck,14.927876181900501,4.3140132911503315,100.0034678436136,55.0812944384455
readset,related_same,100,49,1,EXECUTE,published_after_gate_recheck,16.7134259827435,5.929173901677132,100.0034678436136,55.0812944384455
readset,related_same,100,50,1,EXECUTE,published_after_gate_recheck,18.795542884618044,8.494466077536345,100.0034678436136,55.0812944384455
readset,related_same,100,51,1,EXECUTE,published_after_gate_recheck,15.043964143842459,4.3326690793037415,100.0034678436136,55.0812944384455
readset,related_same,100,52,1,EXECUTE,published_after_gate_recheck,18.314050044864416,4.549375269562006,100.0034678436136,55.0812944384455
readset,related_same,100,53,1,EXECUTE,published_after_gate_recheck,16.724467743188143,5.474240053445101,100.0034678436136,55.0812944384455
readset,related_same,100,54,1,EXECUTE,published_after_gate_recheck,19.52124387025833,8.309930097311735,100.0034678436136,55.0812944384455
readset,related_same,100,55,1,EXECUTE,published_after_gate_recheck,14.449809677898884,3.926385659724474,100.0034678436136,55.0812944384455
readset,related_same,100,56,1,EXECUTE,published_after_gate_recheck,16.287216916680336,5.831901915371418,100.0034678436136,55.0812944384455
readset,related_same,100,57,1,EXECUTE,published_after_gate_recheck,19.170776940882206,8.597129955887794,100.0034678436136,55.0812944384455
readset,related_same,100,58,1,EXECUTE,published_after_gate_recheck,16.11218834295869,4.561988171190023,100.0034678436136,55.0812944384455
readset,related_same,100,59,1,EXECUTE,published_after_gate_recheck,18.076092936098576,4.440762102603912,100.0034678436136,55.0812944384455
readset,related_same,100,60,1,EXECUTE,published_after_gate_recheck,14.83504194766283,4.710718058049679,100.0034678436136,55.0812944384455
readset,related_same,100,61,1,EXECUTE,published_after_gate_recheck,20.84008837118745,9.611250832676888,100.0034678436136,55.0812944384455
readset,related_same,100,62,1,EXECUTE,published_after_gate_recheck,14.853356871753931,4.065888002514839,100.0034678436136,55.0812944384455
readset,related_same,100,63,1,EXECUTE,published_after_gate_recheck,16.477252822369337,5.8577898889780045,100.0034678436136,55.0812944384455
readset,related_same,100,64,1,EXECUTE,published_after_gate_recheck,16.73266291618347,6.129409186542034,100.0034678436136,55.0812944384455
readset,related_same,100,65,1,EXECUTE,published_after_gate_recheck,17.54362415522337,4.831784870475531,100.0034678436136,55.0812944384455
readset,related_same,100,66,1,EXECUTE,published_after_gate_recheck,18.04410293698311,4.10427013412118,100.0034678436136,55.0812944384455
readset,related_same,100,67,1,EXECUTE,published_after_gate_recheck,16.274663154035807,6.292835809290409,100.0034678436136,55.0812944384455
readset,related_same,100,68,1,EXECUTE,published_after_gate_recheck,19.348931033164263,7.911693770438433,100.0034678436136,55.0812944384455
readset,related_same,100,69,1,EXECUTE,published_after_gate_recheck,15.455677174031734,4.8255231231451035,100.0034678436136,55.0812944384455
readset,related_same,100,70,1,EXECUTE,published_after_gate_recheck,25.423296727240086,9.867823217064142,100.0034678436136,55.0812944384455
readset,related_same,100,71,1,EXECUTE,published_after_gate_recheck,19.867013208568096,9.103109128773212,100.0034678436136,55.0812944384455
readset,related_same,100,72,1,EXECUTE,published_after_gate_recheck,18.17324571311474,7.976484950631857,100.0034678436136,55.0812944384455
readset,related_same,100,73,1,EXECUTE,published_after_gate_recheck,15.339740086346865,3.9616418071091175,100.0034678436136,55.0812944384455
readset,related_same,100,74,1,EXECUTE,published_after_gate_recheck,15.88049391284585,5.693793296813965,100.0034678436136,55.0812944384455
readset,related_same,100,75,1,EXECUTE,published_after_gate_recheck,19.377585034817457,7.923636119812727,100.0034678436136,55.0812944384455
readset,related_same,100,76,1,EXECUTE,published_after_gate_recheck,15.006673987954855,4.274249076843262,100.0034678436136,55.0812944384455
readset,related_same,100,77,1,EXECUTE,published_after_gate_recheck,19.45776492357254,4.626219160854816,100.0034678436136,55.0812944384455
readset,related_same,100,78,1,EXECUTE,published_after_gate_recheck,16.11705729737878,5.034925881773233,100.0034678436136,55.0812944384455
readset,related_same,100,79,1,EXECUTE,published_after_gate_recheck,19.130630884319544,8.623307570815086,100.0034678436136,55.0812944384455
readset,related_same,100,80,1,EXECUTE,published_after_gate_recheck,14.770330861210823,4.236137960106134,100.0034678436136,55.0812944384455
readset,related_same,100,81,1,EXECUTE,published_after_gate_recheck,16.93158596754074,6.445501931011677,100.0034678436136,55.0812944384455
readset,related_same,100,82,1,EXECUTE,published_after_gate_recheck,18.010009080171585,6.968774367123842,100.0034678436136,55.0812944384455
readset,related_same,100,83,1,EXECUTE,published_after_gate_recheck,15.11921500787139,4.394474904984236,100.0034678436136,55.0812944384455
readset,related_same,100,84,1,EXECUTE,published_after_gate_recheck,18.96693417802453,4.02056286111474,100.0034678436136,55.0812944384455
readset,related_same,100,85,1,EXECUTE,published_after_gate_recheck,17.52530923113227,6.460980977863073,100.0034678436136,55.0812944384455
readset,related_same,100,86,1,EXECUTE,published_after_gate_recheck,18.410359974950552,7.270158734172583,100.0034678436136,55.0812944384455
readset,related_same,100,87,1,EXECUTE,published_after_gate_recheck,22.027617320418358,9.916955139487982,100.0034678436136,55.0812944384455
readset,related_same,100,88,1,EXECUTE,published_after_gate_recheck,18.43270193785429,7.2409650310873985,100.0034678436136,55.0812944384455
readset,related_same,100,89,1,EXECUTE,published_after_gate_recheck,20.249600056558847,9.068143088370562,100.0034678436136,55.0812944384455
readset,related_same,100,90,1,EXECUTE,published_after_gate_recheck,18.66398612037301,7.3646968230605125,100.0034678436136,55.0812944384455
readset,related_same,100,91,1,EXECUTE,published_after_gate_recheck,15.37106791511178,4.2997668497264385,100.0034678436136,55.0812944384455
readset,related_same,100,92,1,EXECUTE,published_after_gate_recheck,17.115159891545773,6.571318954229355,100.0034678436136,55.0812944384455
readset,related_same,100,93,1,EXECUTE,published_after_gate_recheck,17.258789855986834,6.291863974183798,100.0034678436136,55.0812944384455
readset,related_same,100,94,1,EXECUTE,published_after_gate_recheck,16.401341184973717,4.786500241607428,100.0034678436136,55.0812944384455
readset,related_same,100,95,1,EXECUTE,published_after_gate_recheck,19.162320997565985,4.716228228062391,100.0034678436136,55.0812944384455
readset,related_same,100,96,1,EXECUTE,published_after_gate_recheck,17.52332504838705,6.2766061164438725,100.0034678436136,55.0812944384455
readset,related_same,100,97,1,EXECUTE,published_after_gate_recheck,18.192360643297434,6.351185962557793,100.0034678436136,55.0812944384455
readset,related_same,100,98,1,EXECUTE,published_after_gate_recheck,19.921325147151947,8.458478841930628,100.0034678436136,55.0812944384455
readset,related_same,100,99,1,EXECUTE,published_after_gate_recheck,22.124959155917168,8.893535006791353,100.0034678436136,55.0812944384455
global,unrelated,500,0,0,REVOKE,context_version_changed_at_publish,38.04703010246158,10.560513008385897,198.15532448537863,0.0
global,unrelated,500,1,0,REVOKE,context_version_changed_at_publish,37.310779094696045,10.976712685078382,198.15532448537863,0.0
global,unrelated,500,2,0,REVOKE,context_version_changed_at_publish,39.24682084470987,13.734666630625725,198.15532448537863,0.0
global,unrelated,500,3,0,REVOKE,context_version_changed_at_publish,25.677423924207687,10.928253177553415,198.15532448537863,0.0
global,unrelated,500,4,0,REVOKE,context_version_changed_at_publish,45.54731212556362,10.980430990457535,198.15532448537863,0.0
global,unrelated,500,5,0,REVOKE,context_version_changed_at_publish,48.592595383524895,13.549390248954296,198.15532448537863,0.0
global,unrelated,500,6,0,REVOKE,context_version_changed_at_publish,80.87698509916663,10.417654179036617,198.15532448537863,0.0
global,unrelated,500,7,0,REVOKE,context_version_changed_at_publish,130.6644519791007,10.97598159685731,198.15532448537863,0.0
global,unrelated,500,8,0,REVOKE,context_version_changed_at_publish,29.0987528860569,10.817414615303278,198.15532448537863,0.0
global,unrelated,500,9,0,REVOKE,context_version_changed_at_publish,36.51506593450904,10.511291213333607,198.15532448537863,0.0
global,unrelated,500,10,0,REVOKE,context_version_changed_at_publish,194.35958098620176,175.39220629259944,198.15532448537863,0.0
global,unrelated,500,11,0,REVOKE,context_version_changed_at_publish,54.81151212006807,35.84186313673854,198.15532448537863,0.0
global,unrelated,500,12,0,REVOKE,context_version_changed_at_publish,38.06495387107134,11.145120020955801,198.15532448537863,0.0
global,unrelated,500,13,0,REVOKE,context_version_changed_at_publish,65.70067210122943,10.598212946206331,198.15532448537863,0.0
global,unrelated,500,14,0,REVOKE,context_version_changed_at_publish,99.18602462857962,12.560714967548847,198.15532448537863,0.0
global,unrelated,500,15,0,REVOKE,context_version_changed_at_publish,35.346043296158314,10.092906188219786,198.15532448537863,0.0
global,unrelated,500,16,0,REVOKE,context_version_changed_at_publish,48.20801364257932,11.706371791660786,198.15532448537863,0.0
global,unrelated,500,17,0,REVOKE,context_version_changed_at_publish,34.64496787637472,13.257411774247885,198.15532448537863,0.0
global,unrelated,500,18,0,REVOKE,context_version_changed_at_publish,70.82628877833486,29.034833423793316,198.15532448537863,0.0
global,unrelated,500,19,0,REVOKE,context_version_changed_at_publish,30.74890887364745,13.347019907087088,198.15532448537863,0.0
global,unrelated,500,20,0,REVOKE,context_version_changed_at_publish,32.20889810472727,14.35755705460906,198.15532448537863,0.0
global,unrelated,500,21,0,REVOKE,context_version_changed_at_publish,72.65616115182638,19.1138400696218,198.15532448537863,0.0
global,unrelated,500,22,0,REVOKE,context_version_changed_at_publish,64.661611802876,46.0951286368072,198.15532448537863,0.0
global,unrelated,500,23,0,REVOKE,context_version_changed_at_publish,31.8748508580029,11.380620766431093,198.15532448537863,0.0
global,unrelated,500,24,0,REVOKE,context_version_changed_at_publish,123.68941586464643,103.52237010374665,198.15532448537863,0.0
global,unrelated,500,25,0,REVOKE,context_version_changed_at_publish,26.467787101864815,10.880403220653534,198.15532448537863,0.0
global,unrelated,500,26,0,REVOKE,context_version_changed_at_publish,94.34602363035083,52.45368927717209,198.15532448537863,0.0
global,unrelated,500,27,0,REVOKE,context_version_changed_at_publish,135.86821407079697,117.18689603731036,198.15532448537863,0.0
global,unrelated,500,28,0,REVOKE,context_version_changed_at_publish,84.29727097973228,21.367597859352827,198.15532448537863,0.0
global,unrelated,500,29,0,REVOKE,context_version_changed_at_publish,57.858739979565144,11.470720171928406,198.15532448537863,0.0
global,unrelated,500,30,0,REVOKE,context_version_changed_at_publish,61.74269691109657,32.891117967665195,198.15532448537863,0.0
global,unrelated,500,31,0,REVOKE,context_version_changed_at_publish,206.96925884112716,10.936919134110212,198.15532448537863,0.0
global,unrelated,500,32,0,REVOKE,context_version_changed_at_publish,93.40431680902839,21.54934871941805,198.15532448537863,0.0
global,unrelated,500,33,0,REVOKE,context_version_changed_at_publish,95.74612090364099,11.509582865983248,198.15532448537863,0.0
global,unrelated,500,34,0,REVOKE,context_version_changed_at_publish,37.06771321594715,10.805622208863497,198.15532448537863,0.0
global,unrelated,500,35,0,REVOKE,context_version_changed_at_publish,151.64717799052596,96.38511994853616,198.15532448537863,0.0
global,unrelated,500,36,0,REVOKE,context_version_changed_at_publish,54.46844920516014,10.058240033686161,198.15532448537863,0.0
global,unrelated,500,37,0,REVOKE,context_version_changed_at_publish,35.91109300032258,10.329058859497309,198.15532448537863,0.0
global,unrelated,500,38,0,REVOKE,context_version_changed_at_publish,66.18606299161911,11.897210031747818,198.15532448537863,0.0
global,unrelated,500,39,0,REVOKE,context_version_changed_at_publish,37.01430419459939,9.760611690580845,198.15532448537863,0.0
global,unrelated,500,40,0,REVOKE,context_version_changed_at_publish,47.97118902206421,14.445350971072912,198.15532448537863,0.0
global,unrelated,500,41,0,REVOKE,context_version_changed_at_publish,38.64453174173832,12.468933593481779,198.15532448537863,0.0
global,unrelated,500,42,0,REVOKE,context_version_changed_at_publish,75.09377505630255,9.85323591157794,198.15532448537863,0.0
global,unrelated,500,43,0,REVOKE,context_version_changed_at_publish,55.92037318274379,35.304916091263294,198.15532448537863,0.0
global,unrelated,500,44,0,REVOKE,context_version_changed_at_publish,104.34177657589316,10.754916816949844,198.15532448537863,0.0
global,unrelated,500,45,0,REVOKE,context_version_changed_at_publish,32.204680144786835,15.390795189887285,198.15532448537863,0.0
global,unrelated,500,46,0,REVOKE,context_version_changed_at_publish,55.52596319466829,35.47888295724988,198.15532448537863,0.0
global,unrelated,500,47,0,REVOKE,context_version_changed_at_publish,30.560425017029047,11.820216197520494,198.15532448537863,0.0
global,unrelated,500,48,0,REVOKE,context_version_changed_at_publish,39.723506197333336,19.50420206412673,198.15532448537863,0.0
global,unrelated,500,49,0,REVOKE,context_version_changed_at_publish,37.23696107044816,19.67780664563179,198.15532448537863,0.0
global,unrelated,500,50,0,REVOKE,context_version_changed_at_publish,40.416435804218054,21.533939987421036,198.15532448537863,0.0
global,unrelated,500,51,0,REVOKE,context_version_changed_at_publish,41.352631989866495,11.249203700572252,198.15532448537863,0.0
global,unrelated,500,52,0,REVOKE,context_version_changed_at_publish,180.5707709863782,10.149601846933365,198.15532448537863,0.0
global,unrelated,500,53,0,REVOKE,context_version_changed_at_publish,134.3644428998232,60.27798913419247,198.15532448537863,0.0
global,unrelated,500,54,0,REVOKE,context_version_changed_at_publish,31.355025712400675,11.004406027495861,198.15532448537863,0.0
global,unrelated,500,55,0,REVOKE,context_version_changed_at_publish,149.25507875159383,127.14039999991655,198.15532448537863,0.0
global,unrelated,500,56,0,REVOKE,context_version_changed_at_publish,56.04502698406577,20.391337107867002,198.15532448537863,0.0
global,unrelated,500,57,0,REVOKE,context_version_changed_at_publish,54.037821013480425,10.456508025527,198.15532448537863,0.0
global,unrelated,500,58,0,REVOKE,context_version_changed_at_publish,56.53204116970301,11.38295466080308,198.15532448537863,0.0
global,unrelated,500,59,0,REVOKE,context_version_changed_at_publish,236.2249749712646,10.592973791062832,198.15532448537863,0.0
global,unrelated,500,60,0,REVOKE,context_version_changed_at_publish,223.94462581723928,10.722645558416843,198.15532448537863,0.0
global,unrelated,500,61,0,REVOKE,context_version_changed_at_publish,86.07315318658948,20.13163873925805,198.15532448537863,0.0
global,unrelated,500,62,0,REVOKE,context_version_changed_at_publish,36.77649702876806,10.474862065166235,198.15532448537863,0.0
global,unrelated,500,63,0,REVOKE,context_version_changed_at_publish,29.747840017080307,10.684014298021793,198.15532448537863,0.0
global,unrelated,500,64,0,REVOKE,context_version_changed_at_publish,29.285272117704153,11.74873299896717,198.15532448537863,0.0
global,unrelated,500,65,0,REVOKE,context_version_changed_at_publish,104.53663300722837,11.432108003646135,198.15532448537863,0.0
global,unrelated,500,66,0,REVOKE,context_version_changed_at_publish,31.51817200705409,11.622254736721516,198.15532448537863,0.0
global,unrelated,500,67,0,REVOKE,context_version_changed_at_publish,28.39670516550541,10.192342102527618,198.15532448537863,0.0
global,unrelated,500,68,0,REVOKE,context_version_changed_at_publish,144.12905322387815,123.20864293724298,198.15532448537863,0.0
global,unrelated,500,69,0,REVOKE,context_version_changed_at_publish,25.261423084884882,10.842041112482548,198.15532448537863,0.0
global,unrelated,500,70,0,REVOKE,context_version_changed_at_publish,31.5055581741035,11.40687009319663,198.15532448537863,0.0
global,unrelated,500,71,0,REVOKE,context_version_changed_at_publish,31.10079886391759,9.98736685141921,198.15532448537863,0.0
global,unrelated,500,72,0,REVOKE,context_version_changed_at_publish,35.379224922508,16.137425787746906,198.15532448537863,0.0
global,unrelated,500,73,0,REVOKE,context_version_changed_at_publish,29.61390884593129,10.565801989287138,198.15532448537863,0.0
global,unrelated,500,74,0,REVOKE,context_version_changed_at_publish,37.55337372422218,11.177720967680216,198.15532448537863,0.0
global,unrelated,500,75,0,REVOKE,context_version_changed_at_publish,130.73665695264935,12.421444058418274,198.15532448537863,0.0
global,unrelated,500,76,0,REVOKE,context_version_changed_at_publish,39.895548950880766,20.860185846686363,198.15532448537863,0.0
global,unrelated,500,77,0,REVOKE,context_version_changed_at_publish,28.403788805007935,11.181287001818419,198.15532448537863,0.0
global,unrelated,500,78,0,REVOKE,context_version_changed_at_publish,51.847842056304216,12.03731307759881,198.15532448537863,0.0
global,unrelated,500,79,0,REVOKE,context_version_changed_at_publish,29.471171088516712,10.18516905605793,198.15532448537863,0.0
global,unrelated,500,80,0,REVOKE,context_version_changed_at_publish,50.04185391589999,10.533651802688837,198.15532448537863,0.0
global,unrelated,500,81,0,REVOKE,context_version_changed_at_publish,33.4244379773736,10.968146845698357,198.15532448537863,0.0
global,unrelated,500,82,0,REVOKE,context_version_changed_at_publish,76.40615710988641,11.719106696546078,198.15532448537863,0.0
global,unrelated,500,83,0,REVOKE,context_version_changed_at_publish,38.43108098953962,22.00554497539997,198.15532448537863,0.0
global,unrelated,500,84,0,REVOKE,context_version_changed_at_publish,28.075624257326126,9.865398053079844,198.15532448537863,0.0
global,unrelated,500,85,0,REVOKE,context_version_changed_at_publish,109.77206518873572,13.502823188900948,198.15532448537863,0.0
global,unrelated,500,86,0,REVOKE,context_version_changed_at_publish,37.35719667747617,16.841806937009096,198.15532448537863,0.0
global,unrelated,500,87,0,REVOKE,context_version_changed_at_publish,23.845445830374956,12.798781972378492,198.15532448537863,0.0
global,unrelated,500,88,0,REVOKE,context_version_changed_at_publish,49.6157449670136,28.56763591989875,198.15532448537863,0.0
global,unrelated,500,89,0,REVOKE,context_version_changed_at_publish,104.26173685118556,86.56761096790433,198.15532448537863,0.0
global,unrelated,500,90,0,REVOKE,context_version_changed_at_publish,94.42811785265803,73.66332085803151,198.15532448537863,0.0
global,unrelated,500,91,0,REVOKE,context_version_changed_at_publish,44.02011726051569,19.50716832652688,198.15532448537863,0.0
global,unrelated,500,92,0,REVOKE,context_version_changed_at_publish,30.133184045553207,10.594986844807863,198.15532448537863,0.0
global,unrelated,500,93,0,REVOKE,context_version_changed_at_publish,35.9295979142189,16.302415169775486,198.15532448537863,0.0
global,unrelated,500,94,0,REVOKE,context_version_changed_at_publish,47.26787004619837,16.103902831673622,198.15532448537863,0.0
global,unrelated,500,95,0,REVOKE,context_version_changed_at_publish,266.7261390015483,12.079683132469654,198.15532448537863,0.0
global,unrelated,500,96,0,REVOKE,context_version_changed_at_publish,35.888100042939186,10.660449974238873,198.15532448537863,0.0
global,unrelated,500,97,0,REVOKE,context_version_changed_at_publish,178.99033706635237,30.150416307151318,198.15532448537863,0.0
global,unrelated,500,98,0,REVOKE,context_version_changed_at_publish,69.48766577988863,46.85963410884142,198.15532448537863,0.0
global,unrelated,500,99,0,REVOKE,context_version_changed_at_publish,38.03650103509426,11.090426705777645,198.15532448537863,0.0
readset,unrelated,500,0,1,EXECUTE,published_after_gate_recheck,42.92405117303133,11.989213060587645,198.175567626046,13.302991055520499
readset,unrelated,500,1,1,EXECUTE,published_after_gate_recheck,47.041164711117744,13.52699939161539,198.175567626046,13.302991055520499
readset,unrelated,500,2,1,EXECUTE,published_after_gate_recheck,44.40415697172284,25.51981806755066,198.175567626046,13.302991055520499
readset,unrelated,500,3,1,EXECUTE,published_after_gate_recheck,35.71890201419592,10.284766089171171,198.175567626046,13.302991055520499
readset,unrelated,500,4,1,EXECUTE,published_after_gate_recheck,46.46426206454635,23.969458881765604,198.175567626046,13.302991055520499
readset,unrelated,500,5,1,EXECUTE,published_after_gate_recheck,36.05029499158263,18.382176756858826,198.175567626046,13.302991055520499
readset,unrelated,500,6,1,EXECUTE,published_after_gate_recheck,28.939523734152317,10.031179059296846,198.175567626046,13.302991055520499
readset,unrelated,500,7,1,EXECUTE,published_after_gate_recheck,24.10846995189786,10.125397238880396,198.175567626046,13.302991055520499
readset,unrelated,500,8,1,EXECUTE,published_after_gate_recheck,111.75782978534698,59.98444790020585,198.175567626046,13.302991055520499
readset,unrelated,500,9,1,EXECUTE,published_after_gate_recheck,81.21767407283187,14.14271304383874,198.175567626046,13.302991055520499
readset,unrelated,500,10,1,EXECUTE,published_after_gate_recheck,40.50119500607252,11.045493185520172,198.175567626046,13.302991055520499
readset,unrelated,500,11,1,EXECUTE,published_after_gate_recheck,33.486573956906796,10.518002789467573,198.175567626046,13.302991055520499
readset,unrelated,500,12,1,EXECUTE,published_after_gate_recheck,319.9880146421492,13.581460807472467,198.175567626046,13.302991055520499
readset,unrelated,500,13,1,EXECUTE,published_after_gate_recheck,64.52836282551289,44.582380913197994,198.175567626046,13.302991055520499
readset,unrelated,500,14,1,EXECUTE,published_after_gate_recheck,30.471297912299633,11.66491536423564,198.175567626046,13.302991055520499
readset,unrelated,500,15,1,EXECUTE,published_after_gate_recheck,28.69382221251726,10.555462911725044,198.175567626046,13.302991055520499
readset,unrelated,500,16,1,EXECUTE,published_after_gate_recheck,103.18444622680545,15.437352005392313,198.175567626046,13.302991055520499
readset,unrelated,500,17,1,EXECUTE,published_after_gate_recheck,31.769574154168367,11.256868951022625,198.175567626046,13.302991055520499
readset,unrelated,500,18,1,EXECUTE,published_after_gate_recheck,32.920101657509804,11.82443369179964,198.175567626046,13.302991055520499
readset,unrelated,500,19,1,EXECUTE,published_after_gate_recheck,27.44351699948311,10.569017846137285,198.175567626046,13.302991055520499
readset,unrelated,500,20,1,EXECUTE,published_after_gate_recheck,31.97515895590186,12.38069823011756,198.175567626046,13.302991055520499
readset,unrelated,500,21,1,EXECUTE,published_after_gate_recheck,28.31428963690996,10.907663963735104,198.175567626046,13.302991055520499
readset,unrelated,500,22,1,EXECUTE,published_after_gate_recheck,170.6214458681643,10.293201077729464,198.175567626046,13.302991055520499
readset,unrelated,500,23,1,EXECUTE,published_after_gate_recheck,104.04664278030396,11.319737881422043,198.175567626046,13.302991055520499
readset,unrelated,500,24,1,EXECUTE,published_after_gate_recheck,194.2691309377551,14.405697118490934,198.175567626046,13.302991055520499
readset,unrelated,500,25,1,EXECUTE,published_after_gate_recheck,259.5760449767113,144.7176868095994,198.175567626046,13.302991055520499
readset,unrelated,500,26,1,EXECUTE,published_after_gate_recheck,139.306103810668,10.775316040962934,198.175567626046,13.302991055520499
readset,unrelated,500,27,1,EXECUTE,published_after_gate_recheck,69.4082579575479,12.537612114101648,198.175567626046,13.302991055520499
readset,unrelated,500,28,1,EXECUTE,published_after_gate_recheck,26.950391940772533,10.18809387460351,198.175567626046,13.302991055520499
readset,unrelated,500,29,1,EXECUTE,published_after_gate_recheck,37.96253213658929,11.40407519415021,198.175567626046,13.302991055520499
readset,unrelated,500,30,1,EXECUTE,published_after_gate_recheck,30.263457912951708,10.759726166725159,198.175567626046,13.302991055520499
readset,unrelated,500,31,1,EXECUTE,published_after_gate_recheck,48.89184655621648,10.874001309275627,198.175567626046,13.302991055520499
readset,unrelated,500,32,1,EXECUTE,published_after_gate_recheck,234.85023574903607,11.769881937652826,198.175567626046,13.302991055520499
readset,unrelated,500,33,1,EXECUTE,published_after_gate_recheck,364.3216290511191,292.14084008708596,198.175567626046,13.302991055520499
readset,unrelated,500,34,1,EXECUTE,published_after_gate_recheck,66.02512113749981,37.357176188379526,198.175567626046,13.302991055520499
readset,unrelated,500,35,1,EXECUTE,published_after_gate_recheck,40.15645803883672,12.622782029211521,198.175567626046,13.302991055520499
readset,unrelated,500,36,1,EXECUTE,published_after_gate_recheck,38.46218902617693,16.959828790277243,198.175567626046,13.302991055520499
readset,unrelated,500,37,1,EXECUTE,published_after_gate_recheck,31.403155997395515,12.131800409406424,198.175567626046,13.302991055520499
readset,unrelated,500,38,1,EXECUTE,published_after_gate_recheck,102.06158924847841,11.506738141179085,198.175567626046,13.302991055520499
readset,unrelated,500,39,1,EXECUTE,published_after_gate_recheck,62.521417159587145,11.431175749748945,198.175567626046,13.302991055520499
readset,unrelated,500,40,1,EXECUTE,published_after_gate_recheck,27.401809114962816,11.20389997959137,198.175567626046,13.302991055520499
readset,unrelated,500,41,1,EXECUTE,published_after_gate_recheck,35.8004248701036,16.871983651071787,198.175567626046,13.302991055520499
readset,unrelated,500,42,1,EXECUTE,published_after_gate_recheck,40.80043639987707,10.76844334602356,198.175567626046,13.302991055520499
readset,unrelated,500,43,1,EXECUTE,published_after_gate_recheck,359.24618784338236,335.273842792958,198.175567626046,13.302991055520499
readset,unrelated,500,44,1,EXECUTE,published_after_gate_recheck,59.1560541652143,22.82508322969079,198.175567626046,13.302991055520499
readset,unrelated,500,45,1,EXECUTE,published_after_gate_recheck,93.79365807399154,14.835413079708815,198.175567626046,13.302991055520499
readset,unrelated,500,46,1,EXECUTE,published_after_gate_recheck,37.87985676899552,19.45396838709712,198.175567626046,13.302991055520499
readset,unrelated,500,47,1,EXECUTE,published_after_gate_recheck,37.57242998108268,17.097516916692257,198.175567626046,13.302991055520499
readset,unrelated,500,48,1,EXECUTE,published_after_gate_recheck,29.961961787194014,10.121269151568413,198.175567626046,13.302991055520499
readset,unrelated,500,49,1,EXECUTE,published_after_gate_recheck,30.89192695915699,11.754563078284264,198.175567626046,13.302991055520499
readset,unrelated,500,50,1,EXECUTE,published_after_gate_recheck,193.62066499888897,10.378230828791857,198.175567626046,13.302991055520499
readset,unrelated,500,51,1,EXECUTE,published_after_gate_recheck,31.015988904982805,11.590934824198484,198.175567626046,13.302991055520499
readset,unrelated,500,52,1,EXECUTE,published_after_gate_recheck,49.50511688366532,10.110918898135424,198.175567626046,13.302991055520499
readset,unrelated,500,53,1,EXECUTE,published_after_gate_recheck,41.845547035336494,11.128096841275692,198.175567626046,13.302991055520499
readset,unrelated,500,54,1,EXECUTE,published_after_gate_recheck,159.93278194218874,127.43502296507359,198.175567626046,13.302991055520499
readset,unrelated,500,55,1,EXECUTE,published_after_gate_recheck,66.99909688904881,10.887907352298498,198.175567626046,13.302991055520499
readset,unrelated,500,56,1,EXECUTE,published_after_gate_recheck,93.88509904965758,10.597200598567724,198.175567626046,13.302991055520499
readset,unrelated,500,57,1,EXECUTE,published_after_gate_recheck,70.17888408154249,11.627644766122103,198.175567626046,13.302991055520499
readset,unrelated,500,58,1,EXECUTE,published_after_gate_recheck,173.9018401131034,13.491571880877018,198.175567626046,13.302991055520499
readset,unrelated,500,59,1,EXECUTE,published_after_gate_recheck,124.61184617131948,19.237763248384,198.175567626046,13.302991055520499
readset,unrelated,500,60,1,EXECUTE,published_after_gate_recheck,39.616765920072794,19.985344726592302,198.175567626046,13.302991055520499
readset,unrelated,500,61,1,EXECUTE,published_after_gate_recheck,23.602610919624567,11.587259359657764,198.175567626046,13.302991055520499
readset,unrelated,500,62,1,EXECUTE,published_after_gate_recheck,28.65500980988145,10.226887185126543,198.175567626046,13.302991055520499
readset,unrelated,500,63,1,EXECUTE,published_after_gate_recheck,28.44326291233301,12.000955175608397,198.175567626046,13.302991055520499
readset,unrelated,500,64,1,EXECUTE,published_after_gate_recheck,110.61313329264522,85.87180590257049,198.175567626046,13.302991055520499
readset,unrelated,500,65,1,EXECUTE,published_after_gate_recheck,28.93763966858387,11.7014329880476,198.175567626046,13.302991055520499
readset,unrelated,500,66,1,EXECUTE,published_after_gate_recheck,37.928517907857895,16.835324931889772,198.175567626046,13.302991055520499
readset,unrelated,500,67,1,EXECUTE,published_after_gate_recheck,28.9445030502975,9.175033308565617,198.175567626046,13.302991055520499
readset,unrelated,500,68,1,EXECUTE,published_after_gate_recheck,37.19133511185646,21.00947592407465,198.175567626046,13.302991055520499
readset,unrelated,500,69,1,EXECUTE,published_after_gate_recheck,86.94605994969606,22.50598417595029,198.175567626046,13.302991055520499
readset,unrelated,500,70,1,EXECUTE,published_after_gate_recheck,37.390528712421656,20.30750922858715,198.175567626046,13.302991055520499
readset,unrelated,500,71,1,EXECUTE,published_after_gate_recheck,30.167818069458008,10.10873494669795,198.175567626046,13.302991055520499
readset,unrelated,500,72,1,EXECUTE,published_after_gate_recheck,27.838428039103746,11.084876023232937,198.175567626046,13.302991055520499
readset,unrelated,500,73,1,EXECUTE,published_after_gate_recheck,30.220306012779474,10.549401864409447,198.175567626046,13.302991055520499
readset,unrelated,500,74,1,EXECUTE,published_after_gate_recheck,26.018172968178988,10.96209604293108,198.175567626046,13.302991055520499
readset,unrelated,500,75,1,EXECUTE,published_after_gate_recheck,99.43928988650441,20.595458801835775,198.175567626046,13.302991055520499
readset,unrelated,500,76,1,EXECUTE,published_after_gate_recheck,96.6002126224339,49.7695030644536,198.175567626046,13.302991055520499
readset,unrelated,500,77,1,EXECUTE,published_after_gate_recheck,55.489355232566595,34.758200868964195,198.175567626046,13.302991055520499
readset,unrelated,500,78,1,EXECUTE,published_after_gate_recheck,54.92808111011982,18.281667958945036,198.175567626046,13.302991055520499
readset,unrelated,500,79,1,EXECUTE,published_after_gate_recheck,109.84780685976148,19.17083701118827,198.175567626046,13.302991055520499
readset,unrelated,500,80,1,EXECUTE,published_after_gate_recheck,53.99552220478654,34.86783569678664,198.175567626046,13.302991055520499
readset,unrelated,500,81,1,EXECUTE,published_after_gate_recheck,47.04134492203593,13.367900159209967,198.175567626046,13.302991055520499
readset,unrelated,500,82,1,EXECUTE,published_after_gate_recheck,172.40923969075084,140.57000586763024,198.175567626046,13.302991055520499
readset,unrelated,500,83,1,EXECUTE,published_after_gate_recheck,34.23733310773969,12.315735686570406,198.175567626046,13.302991055520499
readset,unrelated,500,84,1,EXECUTE,published_after_gate_recheck,41.33258480578661,20.38842113688588,198.175567626046,13.302991055520499
readset,unrelated,500,85,1,EXECUTE,published_after_gate_recheck,21.608049049973488,10.654959827661514,198.175567626046,13.302991055520499
readset,unrelated,500,86,1,EXECUTE,published_after_gate_recheck,20.76327381655574,9.725866839289665,198.175567626046,13.302991055520499
readset,unrelated,500,87,1,EXECUTE,published_after_gate_recheck,29.05180398374796,11.761085130274296,198.175567626046,13.302991055520499
readset,unrelated,500,88,1,EXECUTE,published_after_gate_recheck,28.261191211640835,10.374764911830425,198.175567626046,13.302991055520499
readset,unrelated,500,89,1,EXECUTE,published_after_gate_recheck,30.51116317510605,10.59373514726758,198.175567626046,13.302991055520499
readset,unrelated,500,90,1,EXECUTE,published_after_gate_recheck,46.81587219238281,17.49830925837159,198.175567626046,13.302991055520499
readset,unrelated,500,91,1,EXECUTE,published_after_gate_recheck,171.02565383538604,20.605227909982204,198.175567626046,13.302991055520499
readset,unrelated,500,92,1,EXECUTE,published_after_gate_recheck,29.25667865201831,10.609966237097979,198.175567626046,13.302991055520499
readset,unrelated,500,93,1,EXECUTE,published_after_gate_recheck,210.41297912597656,10.816712863743305,198.175567626046,13.302991055520499
readset,unrelated,500,94,1,EXECUTE,published_after_gate_recheck,161.52922669425607,12.766691856086254,198.175567626046,13.302991055520499
readset,unrelated,500,95,1,EXECUTE,published_after_gate_recheck,27.752155903726816,10.442381259053946,198.175567626046,13.302991055520499
readset,unrelated,500,96,1,EXECUTE,published_after_gate_recheck,203.40452110394835,182.17917904257774,198.175567626046,13.302991055520499
readset,unrelated,500,97,1,EXECUTE,published_after_gate_recheck,39.30058190599084,11.518290266394615,198.175567626046,13.302991055520499
readset,unrelated,500,98,1,EXECUTE,published_after_gate_recheck,37.8870009444654,20.10569116100669,198.175567626046,13.302991055520499
readset,unrelated,500,99,1,EXECUTE,published_after_gate_recheck,31.152626033872366,11.002322193235159,198.175567626046,13.302991055520499
global,related_same,500,0,0,REVOKE,context_version_changed_at_publish,26.755095925182104,10.364825837314129,197.6210440363695,0.1377130009513393
global,related_same,500,1,0,REVOKE,context_version_changed_at_publish,133.4074568003416,28.992203064262867,197.6210440363695,0.1377130009513393
global,related_same,500,2,0,REVOKE,context_version_changed_at_publish,140.55201224982738,60.21310715004802,197.6210440363695,0.1377130009513393
global,related_same,500,3,0,REVOKE,context_version_changed_at_publish,30.626548919826746,11.654725763946772,197.6210440363695,0.1377130009513393
global,related_same,500,4,0,REVOKE,context_version_changed_at_publish,30.5216321721673,10.84297290071845,197.6210440363695,0.1377130009513393
global,related_same,500,5,0,REVOKE,context_version_changed_at_publish,281.8470969796181,14.683417975902557,197.6210440363695,0.1377130009513393
global,related_same,500,6,0,REVOKE,context_version_changed_at_publish,197.74421071633697,177.19521885737777,197.6210440363695,0.1377130009513393
global,related_same,500,7,0,REVOKE,context_version_changed_at_publish,28.998965863138437,11.157632805407047,197.6210440363695,0.1377130009513393
global,related_same,500,8,0,REVOKE,context_version_changed_at_publish,42.94752515852451,12.014952022582293,197.6210440363695,0.1377130009513393
global,related_same,500,9,0,REVOKE,context_version_changed_at_publish,79.7517029568553,13.9373280107975,197.6210440363695,0.1377130009513393
global,related_same,500,10,0,REVOKE,context_version_changed_at_publish,159.28093902766705,12.488038744777441,197.6210440363695,0.1377130009513393
global,related_same,500,11,0,REVOKE,context_version_changed_at_publish,33.056968823075294,11.77331805229187,197.6210440363695,0.1377130009513393
global,related_same,500,12,0,REVOKE,context_version_changed_at_publish,34.41013814881444,12.099259998649359,197.6210440363695,0.1377130009513393
global,related_same,500,13,0,REVOKE,context_version_changed_at_publish,63.90199810266495,25.714823976159096,197.6210440363695,0.1377130009513393
global,related_same,500,14,0,REVOKE,context_version_changed_at_publish,38.26284594833851,12.1431821025908,197.6210440363695,0.1377130009513393
global,related_same,500,15,0,REVOKE,context_version_changed_at_publish,276.42074692994356,256.49661803618073,197.6210440363695,0.1377130009513393
global,related_same,500,16,0,REVOKE,context_version_changed_at_publish,269.1298583522439,9.755441918969154,197.6210440363695,0.1377130009513393
global,related_same,500,17,0,REVOKE,context_version_changed_at_publish,75.07919706404209,10.534442961215973,197.6210440363695,0.1377130009513393
global,related_same,500,18,0,REVOKE,context_version_changed_at_publish,104.75624492391944,11.01109804585576,197.6210440363695,0.1377130009513393
global,related_same,500,19,0,REVOKE,context_version_changed_at_publish,88.19878101348877,17.26079313084483,197.6210440363695,0.1377130009513393
global,related_same,500,20,0,REVOKE,context_version_changed_at_publish,30.175182037055492,10.985860601067543,197.6210440363695,0.1377130009513393
global,related_same,500,21,0,REVOKE,context_version_changed_at_publish,27.475427370518446,10.706817265599966,197.6210440363695,0.1377130009513393
global,related_same,500,22,0,REVOKE,context_version_changed_at_publish,45.555016957223415,20.953010302037,197.6210440363695,0.1377130009513393
global,related_same,500,23,0,REVOKE,context_version_changed_at_publish,29.110794886946678,10.739238001406193,197.6210440363695,0.1377130009513393
global,related_same,500,24,0,REVOKE,context_version_changed_at_publish,27.405044995248318,10.691468138247728,197.6210440363695,0.1377130009513393
global,related_same,500,25,0,REVOKE,context_version_changed_at_publish,31.062235590070486,10.191219858825207,197.6210440363695,0.1377130009513393
global,related_same,500,26,0,REVOKE,context_version_changed_at_publish,48.23328135535121,12.793492060154676,197.6210440363695,0.1377130009513393
global,related_same,500,27,1,EXECUTE,published_after_gate_recheck,15.785494819283485,4.938335157930851,197.6210440363695,0.1377130009513393
global,related_same,500,28,0,REVOKE,context_version_changed_at_publish,30.956136994063854,11.313564609736204,197.6210440363695,0.1377130009513393
global,related_same,500,29,0,REVOKE,context_version_changed_at_publish,33.091853838413954,10.144242085516453,197.6210440363695,0.1377130009513393
global,related_same,500,30,0,REVOKE,context_version_changed_at_publish,85.15119412913918,19.894894678145647,197.6210440363695,0.1377130009513393
global,related_same,500,31,0,REVOKE,context_version_changed_at_publish,91.60904865711927,10.883457958698273,197.6210440363695,0.1377130009513393
global,related_same,500,32,0,REVOKE,context_version_changed_at_publish,37.30211313813925,10.22188737988472,197.6210440363695,0.1377130009513393
global,related_same,500,33,0,REVOKE,context_version_changed_at_publish,299.46806700900197,11.472213082015514,197.6210440363695,0.1377130009513393
global,related_same,500,34,0,REVOKE,context_version_changed_at_publish,33.87321997433901,10.982965119183064,197.6210440363695,0.1377130009513393
global,related_same,500,35,0,REVOKE,context_version_changed_at_publish,43.56707725673914,11.44288806244731,197.6210440363695,0.1377130009513393
global,related_same,500,36,0,REVOKE,context_version_changed_at_publish,40.73471296578646,21.616565063595772,197.6210440363695,0.1377130009513393
global,related_same,500,37,0,REVOKE,context_version_changed_at_publish,28.03792292252183,10.899278800934553,197.6210440363695,0.1377130009513393
global,related_same,500,38,0,REVOKE,context_version_changed_at_publish,37.36355807632208,11.593089904636145,197.6210440363695,0.1377130009513393
global,related_same,500,39,0,REVOKE,context_version_changed_at_publish,174.53347519040108,11.383877135813236,197.6210440363695,0.1377130009513393
global,related_same,500,40,0,REVOKE,context_version_changed_at_publish,128.08316899463534,67.26400507614017,197.6210440363695,0.1377130009513393
global,related_same,500,41,0,REVOKE,context_version_changed_at_publish,173.24290378019214,86.02455165237188,197.6210440363695,0.1377130009513393
global,related_same,500,42,0,REVOKE,context_version_changed_at_publish,35.63139867037535,10.671630967408419,197.6210440363695,0.1377130009513393
global,related_same,500,43,0,REVOKE,context_version_changed_at_publish,76.68484887108207,11.69586181640625,197.6210440363695,0.1377130009513393
global,related_same,500,44,0,REVOKE,context_version_changed_at_publish,73.78215296193957,11.054418981075287,197.6210440363695,0.1377130009513393
global,related_same,500,45,0,REVOKE,context_version_changed_at_publish,199.45310708135366,28.711305931210518,197.6210440363695,0.1377130009513393
global,related_same,500,46,0,REVOKE,context_version_changed_at_publish,38.92823401838541,14.131040778011084,197.6210440363695,0.1377130009513393
global,related_same,500,47,0,REVOKE,context_version_changed_at_publish,27.71644899621606,11.205673217773438,197.6210440363695,0.1377130009513393
global,related_same,500,48,0,REVOKE,context_version_changed_at_publish,41.007915046066046,10.765617247670889,197.6210440363695,0.1377130009513393
global,related_same,500,49,0,REVOKE,context_version_changed_at_publish,25.217220652848482,9.725475683808327,197.6210440363695,0.1377130009513393
global,related_same,500,50,0,REVOKE,context_version_changed_at_publish,46.43910517916083,20.713069941848516,197.6210440363695,0.1377130009513393
global,related_same,500,51,0,REVOKE,context_version_changed_at_publish,30.618452932685614,10.480673052370548,197.6210440363695,0.1377130009513393
global,related_same,500,52,0,REVOKE,context_version_changed_at_publish,30.792369972914457,10.393289383500814,197.6210440363695,0.1377130009513393
global,related_same,500,53,0,REVOKE,context_version_changed_at_publish,47.99986397847533,11.139458976686,197.6210440363695,0.1377130009513393
global,related_same,500,54,0,REVOKE,context_version_changed_at_publish,92.78905298560858,14.076869934797287,197.6210440363695,0.1377130009513393
global,related_same,500,55,0,REVOKE,context_version_changed_at_publish,49.92946330457926,22.492618765681982,197.6210440363695,0.1377130009513393
global,related_same,500,56,0,REVOKE,context_version_changed_at_publish,43.18030085414648,10.485562030225992,197.6210440363695,0.1377130009513393
global,related_same,500,57,0,REVOKE,context_version_changed_at_publish,39.374731946736574,11.129470076411963,197.6210440363695,0.1377130009513393
global,related_same,500,58,0,REVOKE,context_version_changed_at_publish,28.45715917646885,8.732473943382502,197.6210440363695,0.1377130009513393
global,related_same,500,59,0,REVOKE,context_version_changed_at_publish,29.25054682418704,10.64953999593854,197.6210440363695,0.1377130009513393
global,related_same,500,60,0,REVOKE,context_version_changed_at_publish,28.206978924572468,10.736743919551373,197.6210440363695,0.1377130009513393
global,related_same,500,61,0,REVOKE,context_version_changed_at_publish,30.505892354995012,10.610566008836031,197.6210440363695,0.1377130009513393
global,related_same,500,62,0,REVOKE,context_version_changed_at_publish,101.83420265093446,20.106772892177105,197.6210440363695,0.1377130009513393
global,related_same,500,63,0,REVOKE,context_version_changed_at_publish,345.7488352432847,12.92541017755866,197.6210440363695,0.1377130009513393
global,related_same,500,64,0,REVOKE,context_version_changed_at_publish,68.5090608894825,12.792810797691345,197.6210440363695,0.1377130009513393
global,related_same,500,65,0,REVOKE,context_version_changed_at_publish,47.78216499835253,27.65829022973776,197.6210440363695,0.1377130009513393
global,related_same,500,66,0,REVOKE,context_version_changed_at_publish,194.87702194601297,12.439548037946224,197.6210440363695,0.1377130009513393
global,related_same,500,67,0,REVOKE,context_version_changed_at_publish,68.89264984056354,11.275865137577057,197.6210440363695,0.1377130009513393
global,related_same,500,68,0,REVOKE,context_version_changed_at_publish,58.492128271609545,11.63112185895443,197.6210440363695,0.1377130009513393
global,related_same,500,69,0,REVOKE,context_version_changed_at_publish,32.973762601614,12.162817642092705,197.6210440363695,0.1377130009513393
global,related_same,500,70,0,REVOKE,context_version_changed_at_publish,86.42542408779263,13.40217376127839,197.6210440363695,0.1377130009513393
global,related_same,500,71,0,REVOKE,context_version_changed_at_publish,140.48263104632497,120.90767687186599,197.6210440363695,0.1377130009513393
global,related_same,500,72,0,REVOKE,context_version_changed_at_publish,64.70052618533373,10.940996930003166,197.6210440363695,0.1377130009513393
global,related_same,500,73,0,REVOKE,context_version_changed_at_publish,29.383756686002016,10.56742575019598,197.6210440363695,0.1377130009513393
global,related_same,500,74,0,REVOKE,context_version_changed_at_publish,37.58254926651716,11.637764051556587,197.6210440363695,0.1377130009513393
global,related_same,500,75,0,REVOKE,context_version_changed_at_publish,34.114322159439325,12.848224956542253,197.6210440363695,0.1377130009513393
global,related_same,500,76,0,REVOKE,context_version_changed_at_publish,28.883409220725298,10.855495929718018,197.6210440363695,0.1377130009513393
global,related_same,500,77,0,REVOKE,context_version_changed_at_publish,56.91596074029803,20.43929696083069,197.6210440363695,0.1377130009513393
global,related_same,500,78,0,REVOKE,context_version_changed_at_publish,29.063615947961807,11.735387146472931,197.6210440363695,0.1377130009513393
global,related_same,500,79,0,REVOKE,context_version_changed_at_publish,27.727589942514896,8.809788152575493,197.6210440363695,0.1377130009513393
global,related_same,500,80,0,REVOKE,context_version_changed_at_publish,45.811227057129145,17.557700630277395,197.6210440363695,0.1377130009513393
global,related_same,500,81,0,REVOKE,context_version_changed_at_publish,78.59810907393694,11.556410696357489,197.6210440363695,0.1377130009513393
global,related_same,500,82,0,REVOKE,context_version_changed_at_publish,95.50889581441879,10.350708849728107,197.6210440363695,0.1377130009513393
global,related_same,500,83,0,REVOKE,context_version_changed_at_publish,46.62521416321397,11.760333087295294,197.6210440363695,0.1377130009513393
global,related_same,500,84,0,REVOKE,context_version_changed_at_publish,37.59787790477276,11.699969880282879,197.6210440363695,0.1377130009513393
global,related_same,500,85,0,REVOKE,context_version_changed_at_publish,100.71482276543975,11.265205219388008,197.6210440363695,0.1377130009513393
global,related_same,500,86,0,REVOKE,context_version_changed_at_publish,53.3339511603117,28.839155100286007,197.6210440363695,0.1377130009513393
global,related_same,500,87,0,REVOKE,context_version_changed_at_publish,31.96143312379718,11.524842120707035,197.6210440363695,0.1377130009513393
global,related_same,500,88,0,REVOKE,context_version_changed_at_publish,67.4987961538136,11.139960028231144,197.6210440363695,0.1377130009513393
global,related_same,500,89,0,REVOKE,context_version_changed_at_publish,30.50372889265418,11.019754223525524,197.6210440363695,0.1377130009513393
global,related_same,500,90,0,REVOKE,context_version_changed_at_publish,21.64556924253702,10.97483979538083,197.6210440363695,0.1377130009513393
global,related_same,500,91,0,REVOKE,context_version_changed_at_publish,30.346534214913845,10.63944073393941,197.6210440363695,0.1377130009513393
global,related_same,500,92,0,REVOKE,context_version_changed_at_publish,27.956230100244284,10.296468157321215,197.6210440363695,0.1377130009513393
global,related_same,500,93,0,REVOKE,context_version_changed_at_publish,88.77216698601842,62.09907494485378,197.6210440363695,0.1377130009513393
global,related_same,500,94,0,REVOKE,context_version_changed_at_publish,31.19058720767498,11.06181275099516,197.6210440363695,0.1377130009513393
global,related_same,500,95,0,REVOKE,context_version_changed_at_publish,60.366724617779255,12.925318907946348,197.6210440363695,0.1377130009513393
global,related_same,500,96,0,REVOKE,context_version_changed_at_publish,30.07475333288312,11.98183884844184,197.6210440363695,0.1377130009513393
global,related_same,500,97,0,REVOKE,context_version_changed_at_publish,86.56335296109319,66.98640389367938,197.6210440363695,0.1377130009513393
global,related_same,500,98,0,REVOKE,context_version_changed_at_publish,65.43501419946551,11.02512376382947,197.6210440363695,0.1377130009513393
global,related_same,500,99,0,REVOKE,context_version_changed_at_publish,122.44588229805231,63.63949505612254,197.6210440363695,0.1377130009513393
readset,related_same,500,0,1,EXECUTE,published_after_gate_recheck,76.38171128928661,10.987233836203814,198.50031848770277,11.913836383021225
readset,related_same,500,1,1,EXECUTE,published_after_gate_recheck,31.757902354002,11.094645131379366,198.50031848770277,11.913836383021225
readset,related_same,500,2,1,EXECUTE,published_after_gate_recheck,29.12988979369402,11.532926931977272,198.50031848770277,11.913836383021225
readset,related_same,500,3,1,EXECUTE,published_after_gate_recheck,228.00337988883257,190.59079978615046,198.50031848770277,11.913836383021225
readset,related_same,500,4,1,EXECUTE,published_after_gate_recheck,159.75565975531936,11.771664954721928,198.50031848770277,11.913836383021225
readset,related_same,500,5,1,EXECUTE,published_after_gate_recheck,28.21929333731532,11.532246135175228,198.50031848770277,11.913836383021225
readset,related_same,500,6,1,EXECUTE,published_after_gate_recheck,141.92568883299828,13.317074161022902,198.50031848770277,11.913836383021225
readset,related_same,500,7,1,EXECUTE,published_after_gate_recheck,76.274158898741,11.08412491157651,198.50031848770277,11.913836383021225
readset,related_same,500,8,1,EXECUTE,published_after_gate_recheck,29.568764846771955,10.660790838301182,198.50031848770277,11.913836383021225
readset,related_same,500,9,1,EXECUTE,published_after_gate_recheck,29.803344048559666,10.528502985835075,198.50031848770277,11.913836383021225
readset,related_same,500,10,1,EXECUTE,published_after_gate_recheck,27.26819831877947,10.278163012117147,198.50031848770277,11.913836383021225
readset,related_same,500,11,1,EXECUTE,published_after_gate_recheck,47.17598715797067,11.19642611593008,198.50031848770277,11.913836383021225
readset,related_same,500,12,1,EXECUTE,published_after_gate_recheck,96.84586385264993,49.89023879170418,198.50031848770277,11.913836383021225
readset,related_same,500,13,1,EXECUTE,published_after_gate_recheck,58.60166298225522,11.28598302602768,198.50031848770277,11.913836383021225
readset,related_same,500,14,1,EXECUTE,published_after_gate_recheck,580.2633808925748,383.9321509003639,198.50031848770277,11.913836383021225
readset,related_same,500,15,1,EXECUTE,published_after_gate_recheck,213.9342250302434,9.017148055136204,198.50031848770277,11.913836383021225
readset,related_same,500,16,1,EXECUTE,published_after_gate_recheck,38.80943078547716,20.895711611956358,198.50031848770277,11.913836383021225
readset,related_same,500,17,1,EXECUTE,published_after_gate_recheck,33.183346036821604,12.872761115431786,198.50031848770277,11.913836383021225
readset,related_same,500,18,1,EXECUTE,published_after_gate_recheck,47.50717896968126,11.226041242480278,198.50031848770277,11.913836383021225
readset,related_same,500,19,1,EXECUTE,published_after_gate_recheck,30.555494595319033,9.526773355901241,198.50031848770277,11.913836383021225
readset,related_same,500,20,1,EXECUTE,published_after_gate_recheck,29.181167017668486,11.110414750874043,198.50031848770277,11.913836383021225
readset,related_same,500,21,1,EXECUTE,published_after_gate_recheck,598.5699160955846,572.341158054769,198.50031848770277,11.913836383021225
readset,related_same,500,22,1,EXECUTE,published_after_gate_recheck,194.62734321132302,104.23405515030026,198.50031848770277,11.913836383021225
readset,related_same,500,23,1,EXECUTE,published_after_gate_recheck,72.42450676858425,10.265840217471123,198.50031848770277,11.913836383021225
readset,related_same,500,24,1,EXECUTE,published_after_gate_recheck,37.70679188892245,11.558474972844124,198.50031848770277,11.913836383021225
readset,related_same,500,25,1,EXECUTE,published_after_gate_recheck,37.596684880554676,10.593855753540993,198.50031848770277,11.913836383021225
readset,related_same,500,26,1,EXECUTE,published_after_gate_recheck,36.45608574151993,11.352557688951492,198.50031848770277,11.913836383021225
readset,related_same,500,27,1,EXECUTE,published_after_gate_recheck,90.4265302233398,19.974153954535723,198.50031848770277,11.913836383021225
readset,related_same,500,28,1,EXECUTE,published_after_gate_recheck,27.900835033506155,11.219178792089224,198.50031848770277,11.913836383021225
readset,related_same,500,29,1,EXECUTE,published_after_gate_recheck,29.10984307527542,11.09068701043725,198.50031848770277,11.913836383021225
readset,related_same,500,30,1,EXECUTE,published_after_gate_recheck,280.48688592389226,20.609155762940645,198.50031848770277,11.913836383021225
readset,related_same,500,31,1,EXECUTE,published_after_gate_recheck,86.69663313776255,11.644646991044283,198.50031848770277,11.913836383021225
readset,related_same,500,32,1,EXECUTE,published_after_gate_recheck,32.141732051968575,11.82163879275322,198.50031848770277,11.913836383021225
readset,related_same,500,33,1,EXECUTE,published_after_gate_recheck,30.33761726692319,11.36804698035121,198.50031848770277,11.913836383021225
readset,related_same,500,34,1,EXECUTE,published_after_gate_recheck,37.233143113553524,11.221272870898247,198.50031848770277,11.913836383021225
readset,related_same,500,35,1,EXECUTE,published_after_gate_recheck,294.8880740441382,21.41985623165965,198.50031848770277,11.913836383021225
readset,related_same,500,36,1,EXECUTE,published_after_gate_recheck,72.95881910249591,53.57828922569752,198.50031848770277,11.913836383021225
readset,related_same,500,37,1,EXECUTE,published_after_gate_recheck,31.258154194802046,16.745787113904953,198.50031848770277,11.913836383021225
readset,related_same,500,38,1,EXECUTE,published_after_gate_recheck,82.45992427691817,26.395251043140888,198.50031848770277,11.913836383021225
readset,related_same,500,39,1,EXECUTE,published_after_gate_recheck,27.91342930868268,11.515012942254543,198.50031848770277,11.913836383021225
readset,related_same,500,40,1,EXECUTE,published_after_gate_recheck,38.62822102382779,18.120064865797758,198.50031848770277,11.913836383021225
readset,related_same,500,41,1,EXECUTE,published_after_gate_recheck,137.62872805818915,84.3298020772636,198.50031848770277,11.913836383021225
readset,related_same,500,42,1,EXECUTE,published_after_gate_recheck,41.04386270046234,20.774997305124998,198.50031848770277,11.913836383021225
readset,related_same,500,43,1,EXECUTE,published_after_gate_recheck,70.70559216663241,46.84783238917589,198.50031848770277,11.913836383021225
readset,related_same,500,44,1,EXECUTE,published_after_gate_recheck,27.05551916733384,8.124403189867735,198.50031848770277,11.913836383021225
readset,related_same,500,45,1,EXECUTE,published_after_gate_recheck,28.591621201485395,10.917834006249905,198.50031848770277,11.913836383021225
readset,related_same,500,46,1,EXECUTE,published_after_gate_recheck,26.898134034126997,11.834281962364912,198.50031848770277,11.913836383021225
readset,related_same,500,47,1,EXECUTE,published_after_gate_recheck,45.98521301522851,10.29566628858447,198.50031848770277,11.913836383021225
readset,related_same,500,48,1,EXECUTE,published_after_gate_recheck,82.66252418980002,57.4252363294363,198.50031848770277,11.913836383021225
readset,related_same,500,49,1,EXECUTE,published_after_gate_recheck,44.765225145965815,21.31369709968567,198.50031848770277,11.913836383021225
readset,related_same,500,50,1,EXECUTE,published_after_gate_recheck,45.29901593923569,11.266396846622229,198.50031848770277,11.913836383021225
readset,related_same,500,51,1,EXECUTE,published_after_gate_recheck,21.626173052936792,10.688291862607002,198.50031848770277,11.913836383021225
readset,related_same,500,52,1,EXECUTE,published_after_gate_recheck,40.53930705413222,15.37783071398735,198.50031848770277,11.913836383021225
readset,related_same,500,53,1,EXECUTE,published_after_gate_recheck,29.69101397320628,12.66435906291008,198.50031848770277,11.913836383021225
readset,related_same,500,54,1,EXECUTE,published_after_gate_recheck,25.86090797558427,10.918153915554285,198.50031848770277,11.913836383021225
readset,related_same,500,55,1,EXECUTE,published_after_gate_recheck,52.61997086927295,21.821118891239166,198.50031848770277,11.913836383021225
readset,related_same,500,56,1,EXECUTE,published_after_gate_recheck,30.315235257148743,10.214793961495161,198.50031848770277,11.913836383021225
readset,related_same,500,57,1,EXECUTE,published_after_gate_recheck,85.97364695742726,11.125242337584496,198.50031848770277,11.913836383021225
readset,related_same,500,58,1,EXECUTE,published_after_gate_recheck,116.43679859116673,11.948867700994015,198.50031848770277,11.913836383021225
readset,related_same,500,59,1,EXECUTE,published_after_gate_recheck,148.0955141596496,77.85287080332637,198.50031848770277,11.913836383021225
readset,related_same,500,60,1,EXECUTE,published_after_gate_recheck,36.60761984065175,10.421873070299625,198.50031848770277,11.913836383021225
readset,related_same,500,61,1,EXECUTE,published_after_gate_recheck,189.36127377673984,10.895501356571913,198.50031848770277,11.913836383021225
readset,related_same,500,62,1,EXECUTE,published_after_gate_recheck,180.29150692746043,20.245852880179882,198.50031848770277,11.913836383021225
readset,related_same,500,63,1,EXECUTE,published_after_gate_recheck,53.652768954634666,10.663806926459074,198.50031848770277,11.913836383021225
readset,related_same,500,64,1,EXECUTE,published_after_gate_recheck,210.89013386517763,146.5694922953844,198.50031848770277,11.913836383021225
readset,related_same,500,65,1,EXECUTE,published_after_gate_recheck,220.3485989011824,10.969671420753002,198.50031848770277,11.913836383021225
readset,related_same,500,66,1,EXECUTE,published_after_gate_recheck,60.9279265627265,11.467785108834505,198.50031848770277,11.913836383021225
readset,related_same,500,67,1,EXECUTE,published_after_gate_recheck,59.72972000017762,10.535765904933214,198.50031848770277,11.913836383021225
readset,related_same,500,68,1,EXECUTE,published_after_gate_recheck,114.51692739501595,58.204228058457375,198.50031848770277,11.913836383021225
readset,related_same,500,69,1,EXECUTE,published_after_gate_recheck,110.33560195937753,19.725176971405745,198.50031848770277,11.913836383021225
readset,related_same,500,70,1,EXECUTE,published_after_gate_recheck,36.368261091411114,17.595781944692135,198.50031848770277,11.913836383021225
readset,related_same,500,71,1,EXECUTE,published_after_gate_recheck,65.12924982234836,11.045822873711586,198.50031848770277,11.913836383021225
readset,related_same,500,72,1,EXECUTE,published_after_gate_recheck,27.32087718322873,11.19566522538662,198.50031848770277,11.913836383021225
readset,related_same,500,73,1,EXECUTE,published_after_gate_recheck,28.155271895229816,10.930356103926897,198.50031848770277,11.913836383021225
readset,related_same,500,74,1,EXECUTE,published_after_gate_recheck,31.14912984892726,10.482066310942173,198.50031848770277,11.913836383021225
readset,related_same,500,75,1,EXECUTE,published_after_gate_recheck,28.199645690619946,11.414796113967896,198.50031848770277,11.913836383021225
readset,related_same,500,76,1,EXECUTE,published_after_gate_recheck,47.355875838547945,12.36813422292471,198.50031848770277,11.913836383021225
readset,related_same,500,77,1,EXECUTE,published_after_gate_recheck,56.04598904028535,11.37945894151926,198.50031848770277,11.913836383021225
readset,related_same,500,78,1,EXECUTE,published_after_gate_recheck,168.8445322215557,10.803046636283398,198.50031848770277,11.913836383021225
readset,related_same,500,79,1,EXECUTE,published_after_gate_recheck,159.59255397319794,20.506723318248987,198.50031848770277,11.913836383021225
readset,related_same,500,80,1,EXECUTE,published_after_gate_recheck,132.46838562190533,47.66442393884063,198.50031848770277,11.913836383021225
readset,related_same,500,81,1,EXECUTE,published_after_gate_recheck,181.10353080555797,20.0870456174016,198.50031848770277,11.913836383021225
readset,related_same,500,82,1,EXECUTE,published_after_gate_recheck,181.5844140946865,12.060606852173805,198.50031848770277,11.913836383021225
readset,related_same,500,83,1,EXECUTE,published_after_gate_recheck,47.27588500827551,20.23100620135665,198.50031848770277,11.913836383021225
readset,related_same,500,84,1,EXECUTE,published_after_gate_recheck,29.731971211731434,9.406477678567171,198.50031848770277,11.913836383021225
readset,related_same,500,85,1,EXECUTE,published_after_gate_recheck,63.83447116240859,10.418226011097431,198.50031848770277,11.913836383021225
readset,related_same,500,86,1,EXECUTE,published_after_gate_recheck,34.56379612907767,10.092093609273434,198.50031848770277,11.913836383021225
readset,related_same,500,87,1,EXECUTE,published_after_gate_recheck,57.09465593099594,32.958544325083494,198.50031848770277,11.913836383021225
readset,related_same,500,88,1,EXECUTE,published_after_gate_recheck,31.430476810783148,11.624818667769432,198.50031848770277,11.913836383021225
readset,related_same,500,89,1,EXECUTE,published_after_gate_recheck,46.679947059601545,29.871412087231874,198.50031848770277,11.913836383021225
readset,related_same,500,90,1,EXECUTE,published_after_gate_recheck,49.94314908981323,34.70755601301789,198.50031848770277,11.913836383021225
readset,related_same,500,91,1,EXECUTE,published_after_gate_recheck,44.27391290664673,11.314888019114733,198.50031848770277,11.913836383021225
readset,related_same,500,92,1,EXECUTE,published_after_gate_recheck,49.1426270455122,10.72701532393694,198.50031848770277,11.913836383021225
readset,related_same,500,93,1,EXECUTE,published_after_gate_recheck,30.15795024111867,11.709399055689573,198.50031848770277,11.913836383021225
readset,related_same,500,94,1,EXECUTE,published_after_gate_recheck,34.206635784357786,14.631119091063738,198.50031848770277,11.913836383021225
readset,related_same,500,95,1,EXECUTE,published_after_gate_recheck,72.44407292455435,27.376621961593628,198.50031848770277,11.913836383021225
readset,related_same,500,96,1,EXECUTE,published_after_gate_recheck,35.559112671762705,13.10056820511818,198.50031848770277,11.913836383021225
readset,related_same,500,97,1,EXECUTE,published_after_gate_recheck,30.854365788400173,10.438444092869759,198.50031848770277,11.913836383021225
readset,related_same,500,98,1,EXECUTE,published_after_gate_recheck,31.72461921349168,10.814588982611895,198.50031848770277,11.913836383021225
readset,related_same,500,99,1,EXECUTE,published_after_gate_recheck,37.949958350509405,16.555259004235268,198.50031848770277,11.913836383021225
